[0.153s] DEBUG:colcon:Command line arguments: ['/usr/bin/colcon', 'build']
[0.154s] DEBUG:colcon:Parsed command line arguments: Namespace(log_base=None, log_level=None, verb_name='build', build_base='build', install_base='install', merge_install=False, symlink_install=False, test_result_base=None, continue_on_error=False, executor='parallel', parallel_workers=4, event_handlers=None, ignore_user_meta=False, metas=['./colcon.meta'], base_paths=['.'], packages_ignore=None, packages_ignore_regex=None, paths=None, packages_up_to=None, packages_up_to_regex=None, packages_above=None, packages_above_and_dependencies=None, packages_above_depth=None, packages_select_by_dep=None, packages_skip_by_dep=None, packages_skip_up_to=None, packages_select_build_failed=False, packages_skip_build_finished=False, packages_select_test_failures=False, packages_skip_test_passed=False, packages_select=None, packages_skip=None, packages_select_regex=None, packages_skip_regex=None, packages_start=None, packages_end=None, allow_overriding=[], cmake_args=None, cmake_target=None, cmake_target_skip_unavailable=False, cmake_clean_cache=False, cmake_clean_first=False, cmake_force_configure=False, ament_cmake_args=None, catkin_cmake_args=None, catkin_skip_building_tests=False, mixin_files=None, mixin=None, verb_parser=<colcon_mixin.mixin.mixin_argument.MixinArgumentDecorator object at 0xffffb9829a00>, verb_extension=<colcon_core.verb.build.BuildVerb object at 0xffffb99d1fd0>, main=<bound method BuildVerb.main of <colcon_core.verb.build.BuildVerb object at 0xffffb99d1fd0>>, mixin_verb=('build',))
[0.211s] Level 1:colcon.colcon_core.package_discovery:discover_packages(colcon_meta) check parameters
[0.212s] Level 1:colcon.colcon_core.package_discovery:discover_packages(recursive) check parameters
[0.212s] Level 1:colcon.colcon_core.package_discovery:discover_packages(ignore) check parameters
[0.212s] Level 1:colcon.colcon_core.package_discovery:discover_packages(path) check parameters
[0.212s] Level 1:colcon.colcon_core.package_discovery:discover_packages(colcon_meta) discover
[0.212s] Level 1:colcon.colcon_core.package_discovery:discover_packages(recursive) discover
[0.212s] INFO:colcon.colcon_core.package_discovery:Crawling recursively for packages in '/home/strain-drone/Documents/drone_position_hold/ros2_ws'
[0.212s] Level 1:colcon.colcon_core.package_identification:_identify(.) by extensions ['ignore', 'ignore_ament_install']
[0.212s] Level 1:colcon.colcon_core.package_identification:_identify(.) by extension 'ignore'
[0.212s] Level 1:colcon.colcon_core.package_identification:_identify(.) by extension 'ignore_ament_install'
[0.212s] Level 1:colcon.colcon_core.package_identification:_identify(.) by extensions ['colcon_pkg']
[0.212s] Level 1:colcon.colcon_core.package_identification:_identify(.) by extension 'colcon_pkg'
[0.212s] Level 1:colcon.colcon_core.package_identification:_identify(.) by extensions ['colcon_meta']
[0.212s] Level 1:colcon.colcon_core.package_identification:_identify(.) by extension 'colcon_meta'
[0.212s] Level 1:colcon.colcon_core.package_identification:_identify(.) by extensions ['ros']
[0.212s] Level 1:colcon.colcon_core.package_identification:_identify(.) by extension 'ros'
[0.252s] Level 1:colcon.colcon_core.package_identification:_identify(.) by extensions ['cmake', 'python']
[0.252s] Level 1:colcon.colcon_core.package_identification:_identify(.) by extension 'cmake'
[0.252s] Level 1:colcon.colcon_core.package_identification:_identify(.) by extension 'python'
[0.252s] Level 1:colcon.colcon_core.package_identification:_identify(.) by extensions ['python_setup_py']
[0.252s] Level 1:colcon.colcon_core.package_identification:_identify(.) by extension 'python_setup_py'
[0.252s] Level 1:colcon.colcon_core.package_identification:_identify(build) by extensions ['ignore', 'ignore_ament_install']
[0.252s] Level 1:colcon.colcon_core.package_identification:_identify(build) by extension 'ignore'
[0.253s] Level 1:colcon.colcon_core.package_identification:_identify(build) ignored
[0.253s] Level 1:colcon.colcon_core.package_identification:_identify(install) by extensions ['ignore', 'ignore_ament_install']
[0.253s] Level 1:colcon.colcon_core.package_identification:_identify(install) by extension 'ignore'
[0.253s] Level 1:colcon.colcon_core.package_identification:_identify(install) ignored
[0.253s] Level 1:colcon.colcon_core.package_identification:_identify(log) by extensions ['ignore', 'ignore_ament_install']
[0.253s] Level 1:colcon.colcon_core.package_identification:_identify(log) by extension 'ignore'
[0.253s] Level 1:colcon.colcon_core.package_identification:_identify(log) ignored
[0.253s] Level 1:colcon.colcon_core.package_identification:_identify(src) by extensions ['ignore', 'ignore_ament_install']
[0.253s] Level 1:colcon.colcon_core.package_identification:_identify(src) by extension 'ignore'
[0.253s] Level 1:colcon.colcon_core.package_identification:_identify(src) by extension 'ignore_ament_install'
[0.253s] Level 1:colcon.colcon_core.package_identification:_identify(src) by extensions ['colcon_pkg']
[0.254s] Level 1:colcon.colcon_core.package_identification:_identify(src) by extension 'colcon_pkg'
[0.254s] Level 1:colcon.colcon_core.package_identification:_identify(src) by extensions ['colcon_meta']
[0.254s] Level 1:colcon.colcon_core.package_identification:_identify(src) by extension 'colcon_meta'
[0.254s] Level 1:colcon.colcon_core.package_identification:_identify(src) by extensions ['ros']
[0.254s] Level 1:colcon.colcon_core.package_identification:_identify(src) by extension 'ros'
[0.254s] Level 1:colcon.colcon_core.package_identification:_identify(src) by extensions ['cmake', 'python']
[0.254s] Level 1:colcon.colcon_core.package_identification:_identify(src) by extension 'cmake'
[0.254s] Level 1:colcon.colcon_core.package_identification:_identify(src) by extension 'python'
[0.254s] Level 1:colcon.colcon_core.package_identification:_identify(src) by extensions ['python_setup_py']
[0.254s] Level 1:colcon.colcon_core.package_identification:_identify(src) by extension 'python_setup_py'
[0.254s] Level 1:colcon.colcon_core.package_identification:_identify(src/build) by extensions ['ignore', 'ignore_ament_install']
[0.254s] Level 1:colcon.colcon_core.package_identification:_identify(src/build) by extension 'ignore'
[0.254s] Level 1:colcon.colcon_core.package_identification:_identify(src/build) ignored
[0.254s] Level 1:colcon.colcon_core.package_identification:_identify(src/install) by extensions ['ignore', 'ignore_ament_install']
[0.254s] Level 1:colcon.colcon_core.package_identification:_identify(src/install) by extension 'ignore'
[0.254s] Level 1:colcon.colcon_core.package_identification:_identify(src/install) ignored
[0.255s] Level 1:colcon.colcon_core.package_identification:_identify(src/log) by extensions ['ignore', 'ignore_ament_install']
[0.255s] Level 1:colcon.colcon_core.package_identification:_identify(src/log) by extension 'ignore'
[0.255s] Level 1:colcon.colcon_core.package_identification:_identify(src/log) ignored
[0.255s] Level 1:colcon.colcon_core.package_identification:_identify(src/mavros_config) by extensions ['ignore', 'ignore_ament_install']
[0.255s] Level 1:colcon.colcon_core.package_identification:_identify(src/mavros_config) by extension 'ignore'
[0.255s] Level 1:colcon.colcon_core.package_identification:_identify(src/mavros_config) by extension 'ignore_ament_install'
[0.255s] Level 1:colcon.colcon_core.package_identification:_identify(src/mavros_config) by extensions ['colcon_pkg']
[0.255s] Level 1:colcon.colcon_core.package_identification:_identify(src/mavros_config) by extension 'colcon_pkg'
[0.255s] Level 1:colcon.colcon_core.package_identification:_identify(src/mavros_config) by extensions ['colcon_meta']
[0.255s] Level 1:colcon.colcon_core.package_identification:_identify(src/mavros_config) by extension 'colcon_meta'
[0.255s] Level 1:colcon.colcon_core.package_identification:_identify(src/mavros_config) by extensions ['ros']
[0.255s] Level 1:colcon.colcon_core.package_identification:_identify(src/mavros_config) by extension 'ros'
[0.259s] DEBUG:colcon.colcon_core.package_identification:Package 'src/mavros_config' with type 'ros.ament_python' and name 'mavros_config'
[0.259s] Level 1:colcon.colcon_core.package_identification:_identify(src/mocap4r2) by extensions ['ignore', 'ignore_ament_install']
[0.259s] Level 1:colcon.colcon_core.package_identification:_identify(src/mocap4r2) by extension 'ignore'
[0.259s] Level 1:colcon.colcon_core.package_identification:_identify(src/mocap4r2) by extension 'ignore_ament_install'
[0.259s] Level 1:colcon.colcon_core.package_identification:_identify(src/mocap4r2) by extensions ['colcon_pkg']
[0.259s] Level 1:colcon.colcon_core.package_identification:_identify(src/mocap4r2) by extension 'colcon_pkg'
[0.259s] Level 1:colcon.colcon_core.package_identification:_identify(src/mocap4r2) by extensions ['colcon_meta']
[0.259s] Level 1:colcon.colcon_core.package_identification:_identify(src/mocap4r2) by extension 'colcon_meta'
[0.259s] Level 1:colcon.colcon_core.package_identification:_identify(src/mocap4r2) by extensions ['ros']
[0.259s] Level 1:colcon.colcon_core.package_identification:_identify(src/mocap4r2) by extension 'ros'
[0.259s] Level 1:colcon.colcon_core.package_identification:_identify(src/mocap4r2) by extensions ['cmake', 'python']
[0.259s] Level 1:colcon.colcon_core.package_identification:_identify(src/mocap4r2) by extension 'cmake'
[0.259s] Level 1:colcon.colcon_core.package_identification:_identify(src/mocap4r2) by extension 'python'
[0.260s] Level 1:colcon.colcon_core.package_identification:_identify(src/mocap4r2) by extensions ['python_setup_py']
[0.260s] Level 1:colcon.colcon_core.package_identification:_identify(src/mocap4r2) by extension 'python_setup_py'
[0.260s] Level 1:colcon.colcon_core.package_identification:_identify(src/mocap4r2/mocap4r2_control) by extensions ['ignore', 'ignore_ament_install']
[0.260s] Level 1:colcon.colcon_core.package_identification:_identify(src/mocap4r2/mocap4r2_control) by extension 'ignore'
[0.260s] Level 1:colcon.colcon_core.package_identification:_identify(src/mocap4r2/mocap4r2_control) by extension 'ignore_ament_install'
[0.260s] Level 1:colcon.colcon_core.package_identification:_identify(src/mocap4r2/mocap4r2_control) by extensions ['colcon_pkg']
[0.260s] Level 1:colcon.colcon_core.package_identification:_identify(src/mocap4r2/mocap4r2_control) by extension 'colcon_pkg'
[0.260s] Level 1:colcon.colcon_core.package_identification:_identify(src/mocap4r2/mocap4r2_control) by extensions ['colcon_meta']
[0.260s] Level 1:colcon.colcon_core.package_identification:_identify(src/mocap4r2/mocap4r2_control) by extension 'colcon_meta'
[0.260s] Level 1:colcon.colcon_core.package_identification:_identify(src/mocap4r2/mocap4r2_control) by extensions ['ros']
[0.260s] Level 1:colcon.colcon_core.package_identification:_identify(src/mocap4r2/mocap4r2_control) by extension 'ros'
[0.260s] Level 1:colcon.colcon_core.package_identification:_identify(src/mocap4r2/mocap4r2_control) by extensions ['cmake', 'python']
[0.260s] Level 1:colcon.colcon_core.package_identification:_identify(src/mocap4r2/mocap4r2_control) by extension 'cmake'
[0.260s] Level 1:colcon.colcon_core.package_identification:_identify(src/mocap4r2/mocap4r2_control) by extension 'python'
[0.260s] Level 1:colcon.colcon_core.package_identification:_identify(src/mocap4r2/mocap4r2_control) by extensions ['python_setup_py']
[0.260s] Level 1:colcon.colcon_core.package_identification:_identify(src/mocap4r2/mocap4r2_control) by extension 'python_setup_py'
[0.260s] Level 1:colcon.colcon_core.package_identification:_identify(src/mocap4r2/mocap4r2_control/mocap4r2_control) by extensions ['ignore', 'ignore_ament_install']
[0.261s] Level 1:colcon.colcon_core.package_identification:_identify(src/mocap4r2/mocap4r2_control/mocap4r2_control) by extension 'ignore'
[0.261s] Level 1:colcon.colcon_core.package_identification:_identify(src/mocap4r2/mocap4r2_control/mocap4r2_control) by extension 'ignore_ament_install'
[0.261s] Level 1:colcon.colcon_core.package_identification:_identify(src/mocap4r2/mocap4r2_control/mocap4r2_control) by extensions ['colcon_pkg']
[0.261s] Level 1:colcon.colcon_core.package_identification:_identify(src/mocap4r2/mocap4r2_control/mocap4r2_control) by extension 'colcon_pkg'
[0.261s] Level 1:colcon.colcon_core.package_identification:_identify(src/mocap4r2/mocap4r2_control/mocap4r2_control) by extensions ['colcon_meta']
[0.261s] Level 1:colcon.colcon_core.package_identification:_identify(src/mocap4r2/mocap4r2_control/mocap4r2_control) by extension 'colcon_meta'
[0.261s] Level 1:colcon.colcon_core.package_identification:_identify(src/mocap4r2/mocap4r2_control/mocap4r2_control) by extensions ['ros']
[0.261s] Level 1:colcon.colcon_core.package_identification:_identify(src/mocap4r2/mocap4r2_control/mocap4r2_control) by extension 'ros'
[0.262s] DEBUG:colcon.colcon_core.package_identification:Package 'src/mocap4r2/mocap4r2_control/mocap4r2_control' with type 'ros.ament_cmake' and name 'mocap4r2_control'
[0.262s] Level 1:colcon.colcon_core.package_identification:_identify(src/mocap4r2/mocap4r2_control/mocap4r2_control_msgs) by extensions ['ignore', 'ignore_ament_install']
[0.262s] Level 1:colcon.colcon_core.package_identification:_identify(src/mocap4r2/mocap4r2_control/mocap4r2_control_msgs) by extension 'ignore'
[0.262s] Level 1:colcon.colcon_core.package_identification:_identify(src/mocap4r2/mocap4r2_control/mocap4r2_control_msgs) by extension 'ignore_ament_install'
[0.262s] Level 1:colcon.colcon_core.package_identification:_identify(src/mocap4r2/mocap4r2_control/mocap4r2_control_msgs) by extensions ['colcon_pkg']
[0.262s] Level 1:colcon.colcon_core.package_identification:_identify(src/mocap4r2/mocap4r2_control/mocap4r2_control_msgs) by extension 'colcon_pkg'
[0.262s] Level 1:colcon.colcon_core.package_identification:_identify(src/mocap4r2/mocap4r2_control/mocap4r2_control_msgs) by extensions ['colcon_meta']
[0.262s] Level 1:colcon.colcon_core.package_identification:_identify(src/mocap4r2/mocap4r2_control/mocap4r2_control_msgs) by extension 'colcon_meta'
[0.262s] Level 1:colcon.colcon_core.package_identification:_identify(src/mocap4r2/mocap4r2_control/mocap4r2_control_msgs) by extensions ['ros']
[0.262s] Level 1:colcon.colcon_core.package_identification:_identify(src/mocap4r2/mocap4r2_control/mocap4r2_control_msgs) by extension 'ros'
[0.263s] DEBUG:colcon.colcon_core.package_identification:Package 'src/mocap4r2/mocap4r2_control/mocap4r2_control_msgs' with type 'ros.ament_cmake' and name 'mocap4r2_control_msgs'
[0.263s] Level 1:colcon.colcon_core.package_identification:_identify(src/mocap4r2/mocap4r2_control/rqt_mocap4r2_control) by extensions ['ignore', 'ignore_ament_install']
[0.263s] Level 1:colcon.colcon_core.package_identification:_identify(src/mocap4r2/mocap4r2_control/rqt_mocap4r2_control) by extension 'ignore'
[0.264s] Level 1:colcon.colcon_core.package_identification:_identify(src/mocap4r2/mocap4r2_control/rqt_mocap4r2_control) by extension 'ignore_ament_install'
[0.264s] Level 1:colcon.colcon_core.package_identification:_identify(src/mocap4r2/mocap4r2_control/rqt_mocap4r2_control) by extensions ['colcon_pkg']
[0.264s] Level 1:colcon.colcon_core.package_identification:_identify(src/mocap4r2/mocap4r2_control/rqt_mocap4r2_control) by extension 'colcon_pkg'
[0.264s] Level 1:colcon.colcon_core.package_identification:_identify(src/mocap4r2/mocap4r2_control/rqt_mocap4r2_control) by extensions ['colcon_meta']
[0.264s] Level 1:colcon.colcon_core.package_identification:_identify(src/mocap4r2/mocap4r2_control/rqt_mocap4r2_control) by extension 'colcon_meta'
[0.264s] Level 1:colcon.colcon_core.package_identification:_identify(src/mocap4r2/mocap4r2_control/rqt_mocap4r2_control) by extensions ['ros']
[0.264s] Level 1:colcon.colcon_core.package_identification:_identify(src/mocap4r2/mocap4r2_control/rqt_mocap4r2_control) by extension 'ros'
[0.265s] DEBUG:colcon.colcon_core.package_identification:Package 'src/mocap4r2/mocap4r2_control/rqt_mocap4r2_control' with type 'ros.ament_cmake' and name 'rqt_mocap4r2_control'
[0.265s] Level 1:colcon.colcon_core.package_identification:_identify(src/mocap4r2/mocap4r2_dummy_driver) by extensions ['ignore', 'ignore_ament_install']
[0.265s] Level 1:colcon.colcon_core.package_identification:_identify(src/mocap4r2/mocap4r2_dummy_driver) by extension 'ignore'
[0.265s] Level 1:colcon.colcon_core.package_identification:_identify(src/mocap4r2/mocap4r2_dummy_driver) by extension 'ignore_ament_install'
[0.265s] Level 1:colcon.colcon_core.package_identification:_identify(src/mocap4r2/mocap4r2_dummy_driver) by extensions ['colcon_pkg']
[0.265s] Level 1:colcon.colcon_core.package_identification:_identify(src/mocap4r2/mocap4r2_dummy_driver) by extension 'colcon_pkg'
[0.265s] Level 1:colcon.colcon_core.package_identification:_identify(src/mocap4r2/mocap4r2_dummy_driver) by extensions ['colcon_meta']
[0.265s] Level 1:colcon.colcon_core.package_identification:_identify(src/mocap4r2/mocap4r2_dummy_driver) by extension 'colcon_meta'
[0.265s] Level 1:colcon.colcon_core.package_identification:_identify(src/mocap4r2/mocap4r2_dummy_driver) by extensions ['ros']
[0.266s] Level 1:colcon.colcon_core.package_identification:_identify(src/mocap4r2/mocap4r2_dummy_driver) by extension 'ros'
[0.266s] DEBUG:colcon.colcon_core.package_identification:Package 'src/mocap4r2/mocap4r2_dummy_driver' with type 'ros.ament_cmake' and name 'mocap4r2_dummy_driver'
[0.266s] Level 1:colcon.colcon_core.package_identification:_identify(src/mocap4r2/mocap4r2_marker_viz) by extensions ['ignore', 'ignore_ament_install']
[0.266s] Level 1:colcon.colcon_core.package_identification:_identify(src/mocap4r2/mocap4r2_marker_viz) by extension 'ignore'
[0.267s] Level 1:colcon.colcon_core.package_identification:_identify(src/mocap4r2/mocap4r2_marker_viz) by extension 'ignore_ament_install'
[0.267s] Level 1:colcon.colcon_core.package_identification:_identify(src/mocap4r2/mocap4r2_marker_viz) by extensions ['colcon_pkg']
[0.267s] Level 1:colcon.colcon_core.package_identification:_identify(src/mocap4r2/mocap4r2_marker_viz) by extension 'colcon_pkg'
[0.267s] Level 1:colcon.colcon_core.package_identification:_identify(src/mocap4r2/mocap4r2_marker_viz) by extensions ['colcon_meta']
[0.267s] Level 1:colcon.colcon_core.package_identification:_identify(src/mocap4r2/mocap4r2_marker_viz) by extension 'colcon_meta'
[0.267s] Level 1:colcon.colcon_core.package_identification:_identify(src/mocap4r2/mocap4r2_marker_viz) by extensions ['ros']
[0.267s] Level 1:colcon.colcon_core.package_identification:_identify(src/mocap4r2/mocap4r2_marker_viz) by extension 'ros'
[0.267s] Level 1:colcon.colcon_core.package_identification:_identify(src/mocap4r2/mocap4r2_marker_viz) by extensions ['cmake', 'python']
[0.267s] Level 1:colcon.colcon_core.package_identification:_identify(src/mocap4r2/mocap4r2_marker_viz) by extension 'cmake'
[0.267s] Level 1:colcon.colcon_core.package_identification:_identify(src/mocap4r2/mocap4r2_marker_viz) by extension 'python'
[0.267s] Level 1:colcon.colcon_core.package_identification:_identify(src/mocap4r2/mocap4r2_marker_viz) by extensions ['python_setup_py']
[0.267s] Level 1:colcon.colcon_core.package_identification:_identify(src/mocap4r2/mocap4r2_marker_viz) by extension 'python_setup_py'
[0.267s] Level 1:colcon.colcon_core.package_identification:_identify(src/mocap4r2/mocap4r2_marker_viz/mocap4r2_marker_publisher) by extensions ['ignore', 'ignore_ament_install']
[0.267s] Level 1:colcon.colcon_core.package_identification:_identify(src/mocap4r2/mocap4r2_marker_viz/mocap4r2_marker_publisher) by extension 'ignore'
[0.267s] Level 1:colcon.colcon_core.package_identification:_identify(src/mocap4r2/mocap4r2_marker_viz/mocap4r2_marker_publisher) by extension 'ignore_ament_install'
[0.267s] Level 1:colcon.colcon_core.package_identification:_identify(src/mocap4r2/mocap4r2_marker_viz/mocap4r2_marker_publisher) by extensions ['colcon_pkg']
[0.267s] Level 1:colcon.colcon_core.package_identification:_identify(src/mocap4r2/mocap4r2_marker_viz/mocap4r2_marker_publisher) by extension 'colcon_pkg'
[0.267s] Level 1:colcon.colcon_core.package_identification:_identify(src/mocap4r2/mocap4r2_marker_viz/mocap4r2_marker_publisher) by extensions ['colcon_meta']
[0.267s] Level 1:colcon.colcon_core.package_identification:_identify(src/mocap4r2/mocap4r2_marker_viz/mocap4r2_marker_publisher) by extension 'colcon_meta'
[0.268s] Level 1:colcon.colcon_core.package_identification:_identify(src/mocap4r2/mocap4r2_marker_viz/mocap4r2_marker_publisher) by extensions ['ros']
[0.268s] Level 1:colcon.colcon_core.package_identification:_identify(src/mocap4r2/mocap4r2_marker_viz/mocap4r2_marker_publisher) by extension 'ros'
[0.268s] DEBUG:colcon.colcon_core.package_identification:Package 'src/mocap4r2/mocap4r2_marker_viz/mocap4r2_marker_publisher' with type 'ros.ament_cmake' and name 'mocap4r2_marker_publisher'
[0.268s] Level 1:colcon.colcon_core.package_identification:_identify(src/mocap4r2/mocap4r2_marker_viz/mocap4r2_marker_viz) by extensions ['ignore', 'ignore_ament_install']
[0.268s] Level 1:colcon.colcon_core.package_identification:_identify(src/mocap4r2/mocap4r2_marker_viz/mocap4r2_marker_viz) by extension 'ignore'
[0.268s] Level 1:colcon.colcon_core.package_identification:_identify(src/mocap4r2/mocap4r2_marker_viz/mocap4r2_marker_viz) by extension 'ignore_ament_install'
[0.269s] Level 1:colcon.colcon_core.package_identification:_identify(src/mocap4r2/mocap4r2_marker_viz/mocap4r2_marker_viz) by extensions ['colcon_pkg']
[0.269s] Level 1:colcon.colcon_core.package_identification:_identify(src/mocap4r2/mocap4r2_marker_viz/mocap4r2_marker_viz) by extension 'colcon_pkg'
[0.269s] Level 1:colcon.colcon_core.package_identification:_identify(src/mocap4r2/mocap4r2_marker_viz/mocap4r2_marker_viz) by extensions ['colcon_meta']
[0.269s] Level 1:colcon.colcon_core.package_identification:_identify(src/mocap4r2/mocap4r2_marker_viz/mocap4r2_marker_viz) by extension 'colcon_meta'
[0.269s] Level 1:colcon.colcon_core.package_identification:_identify(src/mocap4r2/mocap4r2_marker_viz/mocap4r2_marker_viz) by extensions ['ros']
[0.269s] Level 1:colcon.colcon_core.package_identification:_identify(src/mocap4r2/mocap4r2_marker_viz/mocap4r2_marker_viz) by extension 'ros'
[0.269s] DEBUG:colcon.colcon_core.package_identification:Package 'src/mocap4r2/mocap4r2_marker_viz/mocap4r2_marker_viz' with type 'ros.ament_cmake' and name 'mocap4r2_marker_viz'
[0.270s] Level 1:colcon.colcon_core.package_identification:_identify(src/mocap4r2/mocap4r2_marker_viz/mocap4r2_marker_viz_srvs) by extensions ['ignore', 'ignore_ament_install']
[0.270s] Level 1:colcon.colcon_core.package_identification:_identify(src/mocap4r2/mocap4r2_marker_viz/mocap4r2_marker_viz_srvs) by extension 'ignore'
[0.270s] Level 1:colcon.colcon_core.package_identification:_identify(src/mocap4r2/mocap4r2_marker_viz/mocap4r2_marker_viz_srvs) by extension 'ignore_ament_install'
[0.270s] Level 1:colcon.colcon_core.package_identification:_identify(src/mocap4r2/mocap4r2_marker_viz/mocap4r2_marker_viz_srvs) by extensions ['colcon_pkg']
[0.270s] Level 1:colcon.colcon_core.package_identification:_identify(src/mocap4r2/mocap4r2_marker_viz/mocap4r2_marker_viz_srvs) by extension 'colcon_pkg'
[0.270s] Level 1:colcon.colcon_core.package_identification:_identify(src/mocap4r2/mocap4r2_marker_viz/mocap4r2_marker_viz_srvs) by extensions ['colcon_meta']
[0.270s] Level 1:colcon.colcon_core.package_identification:_identify(src/mocap4r2/mocap4r2_marker_viz/mocap4r2_marker_viz_srvs) by extension 'colcon_meta'
[0.270s] Level 1:colcon.colcon_core.package_identification:_identify(src/mocap4r2/mocap4r2_marker_viz/mocap4r2_marker_viz_srvs) by extensions ['ros']
[0.270s] Level 1:colcon.colcon_core.package_identification:_identify(src/mocap4r2/mocap4r2_marker_viz/mocap4r2_marker_viz_srvs) by extension 'ros'
[0.270s] DEBUG:colcon.colcon_core.package_identification:Package 'src/mocap4r2/mocap4r2_marker_viz/mocap4r2_marker_viz_srvs' with type 'ros.ament_cmake' and name 'mocap4r2_marker_viz_srvs'
[0.271s] Level 1:colcon.colcon_core.package_identification:_identify(src/mocap4r2/mocap4r2_robot_gt) by extensions ['ignore', 'ignore_ament_install']
[0.271s] Level 1:colcon.colcon_core.package_identification:_identify(src/mocap4r2/mocap4r2_robot_gt) by extension 'ignore'
[0.271s] Level 1:colcon.colcon_core.package_identification:_identify(src/mocap4r2/mocap4r2_robot_gt) by extension 'ignore_ament_install'
[0.271s] Level 1:colcon.colcon_core.package_identification:_identify(src/mocap4r2/mocap4r2_robot_gt) by extensions ['colcon_pkg']
[0.271s] Level 1:colcon.colcon_core.package_identification:_identify(src/mocap4r2/mocap4r2_robot_gt) by extension 'colcon_pkg'
[0.271s] Level 1:colcon.colcon_core.package_identification:_identify(src/mocap4r2/mocap4r2_robot_gt) by extensions ['colcon_meta']
[0.271s] Level 1:colcon.colcon_core.package_identification:_identify(src/mocap4r2/mocap4r2_robot_gt) by extension 'colcon_meta'
[0.271s] Level 1:colcon.colcon_core.package_identification:_identify(src/mocap4r2/mocap4r2_robot_gt) by extensions ['ros']
[0.271s] Level 1:colcon.colcon_core.package_identification:_identify(src/mocap4r2/mocap4r2_robot_gt) by extension 'ros'
[0.271s] Level 1:colcon.colcon_core.package_identification:_identify(src/mocap4r2/mocap4r2_robot_gt) by extensions ['cmake', 'python']
[0.271s] Level 1:colcon.colcon_core.package_identification:_identify(src/mocap4r2/mocap4r2_robot_gt) by extension 'cmake'
[0.271s] Level 1:colcon.colcon_core.package_identification:_identify(src/mocap4r2/mocap4r2_robot_gt) by extension 'python'
[0.271s] Level 1:colcon.colcon_core.package_identification:_identify(src/mocap4r2/mocap4r2_robot_gt) by extensions ['python_setup_py']
[0.271s] Level 1:colcon.colcon_core.package_identification:_identify(src/mocap4r2/mocap4r2_robot_gt) by extension 'python_setup_py'
[0.271s] Level 1:colcon.colcon_core.package_identification:_identify(src/mocap4r2/mocap4r2_robot_gt/mocap4r2_robot_gt) by extensions ['ignore', 'ignore_ament_install']
[0.271s] Level 1:colcon.colcon_core.package_identification:_identify(src/mocap4r2/mocap4r2_robot_gt/mocap4r2_robot_gt) by extension 'ignore'
[0.272s] Level 1:colcon.colcon_core.package_identification:_identify(src/mocap4r2/mocap4r2_robot_gt/mocap4r2_robot_gt) by extension 'ignore_ament_install'
[0.272s] Level 1:colcon.colcon_core.package_identification:_identify(src/mocap4r2/mocap4r2_robot_gt/mocap4r2_robot_gt) by extensions ['colcon_pkg']
[0.272s] Level 1:colcon.colcon_core.package_identification:_identify(src/mocap4r2/mocap4r2_robot_gt/mocap4r2_robot_gt) by extension 'colcon_pkg'
[0.272s] Level 1:colcon.colcon_core.package_identification:_identify(src/mocap4r2/mocap4r2_robot_gt/mocap4r2_robot_gt) by extensions ['colcon_meta']
[0.272s] Level 1:colcon.colcon_core.package_identification:_identify(src/mocap4r2/mocap4r2_robot_gt/mocap4r2_robot_gt) by extension 'colcon_meta'
[0.272s] Level 1:colcon.colcon_core.package_identification:_identify(src/mocap4r2/mocap4r2_robot_gt/mocap4r2_robot_gt) by extensions ['ros']
[0.272s] Level 1:colcon.colcon_core.package_identification:_identify(src/mocap4r2/mocap4r2_robot_gt/mocap4r2_robot_gt) by extension 'ros'
[0.273s] DEBUG:colcon.colcon_core.package_identification:Package 'src/mocap4r2/mocap4r2_robot_gt/mocap4r2_robot_gt' with type 'ros.ament_cmake' and name 'mocap4r2_robot_gt'
[0.273s] Level 1:colcon.colcon_core.package_identification:_identify(src/mocap4r2/mocap4r2_robot_gt/mocap4r2_robot_gt_msgs) by extensions ['ignore', 'ignore_ament_install']
[0.273s] Level 1:colcon.colcon_core.package_identification:_identify(src/mocap4r2/mocap4r2_robot_gt/mocap4r2_robot_gt_msgs) by extension 'ignore'
[0.273s] Level 1:colcon.colcon_core.package_identification:_identify(src/mocap4r2/mocap4r2_robot_gt/mocap4r2_robot_gt_msgs) by extension 'ignore_ament_install'
[0.273s] Level 1:colcon.colcon_core.package_identification:_identify(src/mocap4r2/mocap4r2_robot_gt/mocap4r2_robot_gt_msgs) by extensions ['colcon_pkg']
[0.273s] Level 1:colcon.colcon_core.package_identification:_identify(src/mocap4r2/mocap4r2_robot_gt/mocap4r2_robot_gt_msgs) by extension 'colcon_pkg'
[0.273s] Level 1:colcon.colcon_core.package_identification:_identify(src/mocap4r2/mocap4r2_robot_gt/mocap4r2_robot_gt_msgs) by extensions ['colcon_meta']
[0.273s] Level 1:colcon.colcon_core.package_identification:_identify(src/mocap4r2/mocap4r2_robot_gt/mocap4r2_robot_gt_msgs) by extension 'colcon_meta'
[0.273s] Level 1:colcon.colcon_core.package_identification:_identify(src/mocap4r2/mocap4r2_robot_gt/mocap4r2_robot_gt_msgs) by extensions ['ros']
[0.273s] Level 1:colcon.colcon_core.package_identification:_identify(src/mocap4r2/mocap4r2_robot_gt/mocap4r2_robot_gt_msgs) by extension 'ros'
[0.274s] DEBUG:colcon.colcon_core.package_identification:Package 'src/mocap4r2/mocap4r2_robot_gt/mocap4r2_robot_gt_msgs' with type 'ros.ament_cmake' and name 'mocap4r2_robot_gt_msgs'
[0.274s] Level 1:colcon.colcon_core.package_identification:_identify(src/mocap4r2/mocap4r2cli) by extensions ['ignore', 'ignore_ament_install']
[0.274s] Level 1:colcon.colcon_core.package_identification:_identify(src/mocap4r2/mocap4r2cli) by extension 'ignore'
[0.274s] Level 1:colcon.colcon_core.package_identification:_identify(src/mocap4r2/mocap4r2cli) by extension 'ignore_ament_install'
[0.275s] Level 1:colcon.colcon_core.package_identification:_identify(src/mocap4r2/mocap4r2cli) by extensions ['colcon_pkg']
[0.275s] Level 1:colcon.colcon_core.package_identification:_identify(src/mocap4r2/mocap4r2cli) by extension 'colcon_pkg'
[0.275s] Level 1:colcon.colcon_core.package_identification:_identify(src/mocap4r2/mocap4r2cli) by extensions ['colcon_meta']
[0.275s] Level 1:colcon.colcon_core.package_identification:_identify(src/mocap4r2/mocap4r2cli) by extension 'colcon_meta'
[0.275s] Level 1:colcon.colcon_core.package_identification:_identify(src/mocap4r2/mocap4r2cli) by extensions ['ros']
[0.275s] Level 1:colcon.colcon_core.package_identification:_identify(src/mocap4r2/mocap4r2cli) by extension 'ros'
[0.275s] DEBUG:colcon.colcon_core.package_identification:Package 'src/mocap4r2/mocap4r2cli' with type 'ros.ament_python' and name 'mocap4r2cli'
[0.275s] Level 1:colcon.colcon_core.package_identification:_identify(src/mocap4r2_msgs) by extensions ['ignore', 'ignore_ament_install']
[0.275s] Level 1:colcon.colcon_core.package_identification:_identify(src/mocap4r2_msgs) by extension 'ignore'
[0.275s] Level 1:colcon.colcon_core.package_identification:_identify(src/mocap4r2_msgs) by extension 'ignore_ament_install'
[0.276s] Level 1:colcon.colcon_core.package_identification:_identify(src/mocap4r2_msgs) by extensions ['colcon_pkg']
[0.276s] Level 1:colcon.colcon_core.package_identification:_identify(src/mocap4r2_msgs) by extension 'colcon_pkg'
[0.276s] Level 1:colcon.colcon_core.package_identification:_identify(src/mocap4r2_msgs) by extensions ['colcon_meta']
[0.276s] Level 1:colcon.colcon_core.package_identification:_identify(src/mocap4r2_msgs) by extension 'colcon_meta'
[0.276s] Level 1:colcon.colcon_core.package_identification:_identify(src/mocap4r2_msgs) by extensions ['ros']
[0.276s] Level 1:colcon.colcon_core.package_identification:_identify(src/mocap4r2_msgs) by extension 'ros'
[0.277s] DEBUG:colcon.colcon_core.package_identification:Package 'src/mocap4r2_msgs' with type 'ros.ament_cmake' and name 'mocap4r2_msgs'
[0.277s] Level 1:colcon.colcon_core.package_identification:_identify(src/mocap4ros2_vicon) by extensions ['ignore', 'ignore_ament_install']
[0.277s] Level 1:colcon.colcon_core.package_identification:_identify(src/mocap4ros2_vicon) by extension 'ignore'
[0.277s] Level 1:colcon.colcon_core.package_identification:_identify(src/mocap4ros2_vicon) by extension 'ignore_ament_install'
[0.277s] Level 1:colcon.colcon_core.package_identification:_identify(src/mocap4ros2_vicon) by extensions ['colcon_pkg']
[0.277s] Level 1:colcon.colcon_core.package_identification:_identify(src/mocap4ros2_vicon) by extension 'colcon_pkg'
[0.277s] Level 1:colcon.colcon_core.package_identification:_identify(src/mocap4ros2_vicon) by extensions ['colcon_meta']
[0.277s] Level 1:colcon.colcon_core.package_identification:_identify(src/mocap4ros2_vicon) by extension 'colcon_meta'
[0.277s] Level 1:colcon.colcon_core.package_identification:_identify(src/mocap4ros2_vicon) by extensions ['ros']
[0.277s] Level 1:colcon.colcon_core.package_identification:_identify(src/mocap4ros2_vicon) by extension 'ros'
[0.277s] Level 1:colcon.colcon_core.package_identification:_identify(src/mocap4ros2_vicon) by extensions ['cmake', 'python']
[0.277s] Level 1:colcon.colcon_core.package_identification:_identify(src/mocap4ros2_vicon) by extension 'cmake'
[0.277s] Level 1:colcon.colcon_core.package_identification:_identify(src/mocap4ros2_vicon) by extension 'python'
[0.277s] Level 1:colcon.colcon_core.package_identification:_identify(src/mocap4ros2_vicon) by extensions ['python_setup_py']
[0.277s] Level 1:colcon.colcon_core.package_identification:_identify(src/mocap4ros2_vicon) by extension 'python_setup_py'
[0.277s] Level 1:colcon.colcon_core.package_identification:_identify(src/mocap4ros2_vicon/mocap4r2_vicon_driver) by extensions ['ignore', 'ignore_ament_install']
[0.278s] Level 1:colcon.colcon_core.package_identification:_identify(src/mocap4ros2_vicon/mocap4r2_vicon_driver) by extension 'ignore'
[0.278s] Level 1:colcon.colcon_core.package_identification:_identify(src/mocap4ros2_vicon/mocap4r2_vicon_driver) by extension 'ignore_ament_install'
[0.278s] Level 1:colcon.colcon_core.package_identification:_identify(src/mocap4ros2_vicon/mocap4r2_vicon_driver) by extensions ['colcon_pkg']
[0.278s] Level 1:colcon.colcon_core.package_identification:_identify(src/mocap4ros2_vicon/mocap4r2_vicon_driver) by extension 'colcon_pkg'
[0.278s] Level 1:colcon.colcon_core.package_identification:_identify(src/mocap4ros2_vicon/mocap4r2_vicon_driver) by extensions ['colcon_meta']
[0.278s] Level 1:colcon.colcon_core.package_identification:_identify(src/mocap4ros2_vicon/mocap4r2_vicon_driver) by extension 'colcon_meta'
[0.278s] Level 1:colcon.colcon_core.package_identification:_identify(src/mocap4ros2_vicon/mocap4r2_vicon_driver) by extensions ['ros']
[0.278s] Level 1:colcon.colcon_core.package_identification:_identify(src/mocap4ros2_vicon/mocap4r2_vicon_driver) by extension 'ros'
[0.279s] DEBUG:colcon.colcon_core.package_identification:Package 'src/mocap4ros2_vicon/mocap4r2_vicon_driver' with type 'ros.ament_cmake' and name 'mocap4r2_vicon_driver'
[0.279s] Level 1:colcon.colcon_core.package_identification:_identify(src/natnet_ros2) by extensions ['ignore', 'ignore_ament_install']
[0.279s] Level 1:colcon.colcon_core.package_identification:_identify(src/natnet_ros2) by extension 'ignore'
[0.279s] Level 1:colcon.colcon_core.package_identification:_identify(src/natnet_ros2) by extension 'ignore_ament_install'
[0.279s] Level 1:colcon.colcon_core.package_identification:_identify(src/natnet_ros2) by extensions ['colcon_pkg']
[0.280s] Level 1:colcon.colcon_core.package_identification:_identify(src/natnet_ros2) by extension 'colcon_pkg'
[0.280s] Level 1:colcon.colcon_core.package_identification:_identify(src/natnet_ros2) by extensions ['colcon_meta']
[0.280s] Level 1:colcon.colcon_core.package_identification:_identify(src/natnet_ros2) by extension 'colcon_meta'
[0.280s] Level 1:colcon.colcon_core.package_identification:_identify(src/natnet_ros2) by extensions ['ros']
[0.280s] Level 1:colcon.colcon_core.package_identification:_identify(src/natnet_ros2) by extension 'ros'
[0.281s] DEBUG:colcon.colcon_core.package_identification:Package 'src/natnet_ros2' with type 'ros.ament_cmake' and name 'natnet_ros2'
[0.281s] Level 1:colcon.colcon_core.package_identification:_identify(src/position_publisher) by extensions ['ignore', 'ignore_ament_install']
[0.281s] Level 1:colcon.colcon_core.package_identification:_identify(src/position_publisher) by extension 'ignore'
[0.281s] Level 1:colcon.colcon_core.package_identification:_identify(src/position_publisher) by extension 'ignore_ament_install'
[0.281s] Level 1:colcon.colcon_core.package_identification:_identify(src/position_publisher) by extensions ['colcon_pkg']
[0.281s] Level 1:colcon.colcon_core.package_identification:_identify(src/position_publisher) by extension 'colcon_pkg'
[0.281s] Level 1:colcon.colcon_core.package_identification:_identify(src/position_publisher) by extensions ['colcon_meta']
[0.281s] Level 1:colcon.colcon_core.package_identification:_identify(src/position_publisher) by extension 'colcon_meta'
[0.281s] Level 1:colcon.colcon_core.package_identification:_identify(src/position_publisher) by extensions ['ros']
[0.281s] Level 1:colcon.colcon_core.package_identification:_identify(src/position_publisher) by extension 'ros'
[0.282s] DEBUG:colcon.colcon_core.package_identification:Package 'src/position_publisher' with type 'ros.ament_python' and name 'position_publisher'
[0.282s] Level 1:colcon.colcon_core.package_identification:_identify(src/visualizer) by extensions ['ignore', 'ignore_ament_install']
[0.282s] Level 1:colcon.colcon_core.package_identification:_identify(src/visualizer) by extension 'ignore'
[0.282s] Level 1:colcon.colcon_core.package_identification:_identify(src/visualizer) by extension 'ignore_ament_install'
[0.282s] Level 1:colcon.colcon_core.package_identification:_identify(src/visualizer) by extensions ['colcon_pkg']
[0.282s] Level 1:colcon.colcon_core.package_identification:_identify(src/visualizer) by extension 'colcon_pkg'
[0.282s] Level 1:colcon.colcon_core.package_identification:_identify(src/visualizer) by extensions ['colcon_meta']
[0.282s] Level 1:colcon.colcon_core.package_identification:_identify(src/visualizer) by extension 'colcon_meta'
[0.282s] Level 1:colcon.colcon_core.package_identification:_identify(src/visualizer) by extensions ['ros']
[0.282s] Level 1:colcon.colcon_core.package_identification:_identify(src/visualizer) by extension 'ros'
[0.283s] DEBUG:colcon.colcon_core.package_identification:Package 'src/visualizer' with type 'ros.ament_python' and name 'visualizer'
[0.283s] Level 1:colcon.colcon_core.package_identification:_identify(test) by extensions ['ignore', 'ignore_ament_install']
[0.283s] Level 1:colcon.colcon_core.package_identification:_identify(test) by extension 'ignore'
[0.283s] Level 1:colcon.colcon_core.package_identification:_identify(test) by extension 'ignore_ament_install'
[0.283s] Level 1:colcon.colcon_core.package_identification:_identify(test) by extensions ['colcon_pkg']
[0.283s] Level 1:colcon.colcon_core.package_identification:_identify(test) by extension 'colcon_pkg'
[0.283s] Level 1:colcon.colcon_core.package_identification:_identify(test) by extensions ['colcon_meta']
[0.283s] Level 1:colcon.colcon_core.package_identification:_identify(test) by extension 'colcon_meta'
[0.283s] Level 1:colcon.colcon_core.package_identification:_identify(test) by extensions ['ros']
[0.283s] Level 1:colcon.colcon_core.package_identification:_identify(test) by extension 'ros'
[0.283s] Level 1:colcon.colcon_core.package_identification:_identify(test) by extensions ['cmake', 'python']
[0.283s] Level 1:colcon.colcon_core.package_identification:_identify(test) by extension 'cmake'
[0.283s] Level 1:colcon.colcon_core.package_identification:_identify(test) by extension 'python'
[0.283s] Level 1:colcon.colcon_core.package_identification:_identify(test) by extensions ['python_setup_py']
[0.283s] Level 1:colcon.colcon_core.package_identification:_identify(test) by extension 'python_setup_py'
[0.284s] Level 1:colcon.colcon_core.package_identification:_identify(test/logs) by extensions ['ignore', 'ignore_ament_install']
[0.284s] Level 1:colcon.colcon_core.package_identification:_identify(test/logs) by extension 'ignore'
[0.284s] Level 1:colcon.colcon_core.package_identification:_identify(test/logs) by extension 'ignore_ament_install'
[0.284s] Level 1:colcon.colcon_core.package_identification:_identify(test/logs) by extensions ['colcon_pkg']
[0.284s] Level 1:colcon.colcon_core.package_identification:_identify(test/logs) by extension 'colcon_pkg'
[0.284s] Level 1:colcon.colcon_core.package_identification:_identify(test/logs) by extensions ['colcon_meta']
[0.284s] Level 1:colcon.colcon_core.package_identification:_identify(test/logs) by extension 'colcon_meta'
[0.284s] Level 1:colcon.colcon_core.package_identification:_identify(test/logs) by extensions ['ros']
[0.284s] Level 1:colcon.colcon_core.package_identification:_identify(test/logs) by extension 'ros'
[0.284s] Level 1:colcon.colcon_core.package_identification:_identify(test/logs) by extensions ['cmake', 'python']
[0.284s] Level 1:colcon.colcon_core.package_identification:_identify(test/logs) by extension 'cmake'
[0.284s] Level 1:colcon.colcon_core.package_identification:_identify(test/logs) by extension 'python'
[0.284s] Level 1:colcon.colcon_core.package_identification:_identify(test/logs) by extensions ['python_setup_py']
[0.284s] Level 1:colcon.colcon_core.package_identification:_identify(test/logs) by extension 'python_setup_py'
[0.284s] Level 1:colcon.colcon_core.package_identification:_identify(test/logs/2025-08-04) by extensions ['ignore', 'ignore_ament_install']
[0.284s] Level 1:colcon.colcon_core.package_identification:_identify(test/logs/2025-08-04) by extension 'ignore'
[0.284s] Level 1:colcon.colcon_core.package_identification:_identify(test/logs/2025-08-04) by extension 'ignore_ament_install'
[0.285s] Level 1:colcon.colcon_core.package_identification:_identify(test/logs/2025-08-04) by extensions ['colcon_pkg']
[0.285s] Level 1:colcon.colcon_core.package_identification:_identify(test/logs/2025-08-04) by extension 'colcon_pkg'
[0.285s] Level 1:colcon.colcon_core.package_identification:_identify(test/logs/2025-08-04) by extensions ['colcon_meta']
[0.285s] Level 1:colcon.colcon_core.package_identification:_identify(test/logs/2025-08-04) by extension 'colcon_meta'
[0.285s] Level 1:colcon.colcon_core.package_identification:_identify(test/logs/2025-08-04) by extensions ['ros']
[0.285s] Level 1:colcon.colcon_core.package_identification:_identify(test/logs/2025-08-04) by extension 'ros'
[0.285s] Level 1:colcon.colcon_core.package_identification:_identify(test/logs/2025-08-04) by extensions ['cmake', 'python']
[0.285s] Level 1:colcon.colcon_core.package_identification:_identify(test/logs/2025-08-04) by extension 'cmake'
[0.285s] Level 1:colcon.colcon_core.package_identification:_identify(test/logs/2025-08-04) by extension 'python'
[0.285s] Level 1:colcon.colcon_core.package_identification:_identify(test/logs/2025-08-04) by extensions ['python_setup_py']
[0.285s] Level 1:colcon.colcon_core.package_identification:_identify(test/logs/2025-08-04) by extension 'python_setup_py'
[0.285s] Level 1:colcon.colcon_core.package_identification:_identify(test/logs/2025-08-04/flight1) by extensions ['ignore', 'ignore_ament_install']
[0.285s] Level 1:colcon.colcon_core.package_identification:_identify(test/logs/2025-08-04/flight1) by extension 'ignore'
[0.285s] Level 1:colcon.colcon_core.package_identification:_identify(test/logs/2025-08-04/flight1) by extension 'ignore_ament_install'
[0.285s] Level 1:colcon.colcon_core.package_identification:_identify(test/logs/2025-08-04/flight1) by extensions ['colcon_pkg']
[0.285s] Level 1:colcon.colcon_core.package_identification:_identify(test/logs/2025-08-04/flight1) by extension 'colcon_pkg'
[0.285s] Level 1:colcon.colcon_core.package_identification:_identify(test/logs/2025-08-04/flight1) by extensions ['colcon_meta']
[0.285s] Level 1:colcon.colcon_core.package_identification:_identify(test/logs/2025-08-04/flight1) by extension 'colcon_meta'
[0.285s] Level 1:colcon.colcon_core.package_identification:_identify(test/logs/2025-08-04/flight1) by extensions ['ros']
[0.286s] Level 1:colcon.colcon_core.package_identification:_identify(test/logs/2025-08-04/flight1) by extension 'ros'
[0.286s] Level 1:colcon.colcon_core.package_identification:_identify(test/logs/2025-08-04/flight1) by extensions ['cmake', 'python']
[0.286s] Level 1:colcon.colcon_core.package_identification:_identify(test/logs/2025-08-04/flight1) by extension 'cmake'
[0.286s] Level 1:colcon.colcon_core.package_identification:_identify(test/logs/2025-08-04/flight1) by extension 'python'
[0.286s] Level 1:colcon.colcon_core.package_identification:_identify(test/logs/2025-08-04/flight1) by extensions ['python_setup_py']
[0.286s] Level 1:colcon.colcon_core.package_identification:_identify(test/logs/2025-08-04/flight1) by extension 'python_setup_py'
[0.286s] Level 1:colcon.colcon_core.package_identification:_identify(test/logs/2026-02-11) by extensions ['ignore', 'ignore_ament_install']
[0.286s] Level 1:colcon.colcon_core.package_identification:_identify(test/logs/2026-02-11) by extension 'ignore'
[0.286s] Level 1:colcon.colcon_core.package_identification:_identify(test/logs/2026-02-11) by extension 'ignore_ament_install'
[0.286s] Level 1:colcon.colcon_core.package_identification:_identify(test/logs/2026-02-11) by extensions ['colcon_pkg']
[0.286s] Level 1:colcon.colcon_core.package_identification:_identify(test/logs/2026-02-11) by extension 'colcon_pkg'
[0.286s] Level 1:colcon.colcon_core.package_identification:_identify(test/logs/2026-02-11) by extensions ['colcon_meta']
[0.286s] Level 1:colcon.colcon_core.package_identification:_identify(test/logs/2026-02-11) by extension 'colcon_meta'
[0.286s] Level 1:colcon.colcon_core.package_identification:_identify(test/logs/2026-02-11) by extensions ['ros']
[0.286s] Level 1:colcon.colcon_core.package_identification:_identify(test/logs/2026-02-11) by extension 'ros'
[0.286s] Level 1:colcon.colcon_core.package_identification:_identify(test/logs/2026-02-11) by extensions ['cmake', 'python']
[0.286s] Level 1:colcon.colcon_core.package_identification:_identify(test/logs/2026-02-11) by extension 'cmake'
[0.286s] Level 1:colcon.colcon_core.package_identification:_identify(test/logs/2026-02-11) by extension 'python'
[0.287s] Level 1:colcon.colcon_core.package_identification:_identify(test/logs/2026-02-11) by extensions ['python_setup_py']
[0.287s] Level 1:colcon.colcon_core.package_identification:_identify(test/logs/2026-02-11) by extension 'python_setup_py'
[0.287s] Level 1:colcon.colcon_core.package_identification:_identify(test/logs/2026-02-11/flight1) by extensions ['ignore', 'ignore_ament_install']
[0.287s] Level 1:colcon.colcon_core.package_identification:_identify(test/logs/2026-02-11/flight1) by extension 'ignore'
[0.287s] Level 1:colcon.colcon_core.package_identification:_identify(test/logs/2026-02-11/flight1) by extension 'ignore_ament_install'
[0.287s] Level 1:colcon.colcon_core.package_identification:_identify(test/logs/2026-02-11/flight1) by extensions ['colcon_pkg']
[0.287s] Level 1:colcon.colcon_core.package_identification:_identify(test/logs/2026-02-11/flight1) by extension 'colcon_pkg'
[0.287s] Level 1:colcon.colcon_core.package_identification:_identify(test/logs/2026-02-11/flight1) by extensions ['colcon_meta']
[0.287s] Level 1:colcon.colcon_core.package_identification:_identify(test/logs/2026-02-11/flight1) by extension 'colcon_meta'
[0.287s] Level 1:colcon.colcon_core.package_identification:_identify(test/logs/2026-02-11/flight1) by extensions ['ros']
[0.287s] Level 1:colcon.colcon_core.package_identification:_identify(test/logs/2026-02-11/flight1) by extension 'ros'
[0.287s] Level 1:colcon.colcon_core.package_identification:_identify(test/logs/2026-02-11/flight1) by extensions ['cmake', 'python']
[0.287s] Level 1:colcon.colcon_core.package_identification:_identify(test/logs/2026-02-11/flight1) by extension 'cmake'
[0.287s] Level 1:colcon.colcon_core.package_identification:_identify(test/logs/2026-02-11/flight1) by extension 'python'
[0.287s] Level 1:colcon.colcon_core.package_identification:_identify(test/logs/2026-02-11/flight1) by extensions ['python_setup_py']
[0.287s] Level 1:colcon.colcon_core.package_identification:_identify(test/logs/2026-02-11/flight1) by extension 'python_setup_py'
[0.287s] Level 1:colcon.colcon_core.package_identification:_identify(test/logs/2026-02-11/flight2) by extensions ['ignore', 'ignore_ament_install']
[0.287s] Level 1:colcon.colcon_core.package_identification:_identify(test/logs/2026-02-11/flight2) by extension 'ignore'
[0.288s] Level 1:colcon.colcon_core.package_identification:_identify(test/logs/2026-02-11/flight2) by extension 'ignore_ament_install'
[0.288s] Level 1:colcon.colcon_core.package_identification:_identify(test/logs/2026-02-11/flight2) by extensions ['colcon_pkg']
[0.288s] Level 1:colcon.colcon_core.package_identification:_identify(test/logs/2026-02-11/flight2) by extension 'colcon_pkg'
[0.288s] Level 1:colcon.colcon_core.package_identification:_identify(test/logs/2026-02-11/flight2) by extensions ['colcon_meta']
[0.288s] Level 1:colcon.colcon_core.package_identification:_identify(test/logs/2026-02-11/flight2) by extension 'colcon_meta'
[0.288s] Level 1:colcon.colcon_core.package_identification:_identify(test/logs/2026-02-11/flight2) by extensions ['ros']
[0.288s] Level 1:colcon.colcon_core.package_identification:_identify(test/logs/2026-02-11/flight2) by extension 'ros'
[0.288s] Level 1:colcon.colcon_core.package_identification:_identify(test/logs/2026-02-11/flight2) by extensions ['cmake', 'python']
[0.288s] Level 1:colcon.colcon_core.package_identification:_identify(test/logs/2026-02-11/flight2) by extension 'cmake'
[0.288s] Level 1:colcon.colcon_core.package_identification:_identify(test/logs/2026-02-11/flight2) by extension 'python'
[0.288s] Level 1:colcon.colcon_core.package_identification:_identify(test/logs/2026-02-11/flight2) by extensions ['python_setup_py']
[0.288s] Level 1:colcon.colcon_core.package_identification:_identify(test/logs/2026-02-11/flight2) by extension 'python_setup_py'
[0.288s] Level 1:colcon.colcon_core.package_identification:_identify(test/logs/2026-02-16) by extensions ['ignore', 'ignore_ament_install']
[0.288s] Level 1:colcon.colcon_core.package_identification:_identify(test/logs/2026-02-16) by extension 'ignore'
[0.288s] Level 1:colcon.colcon_core.package_identification:_identify(test/logs/2026-02-16) by extension 'ignore_ament_install'
[0.288s] Level 1:colcon.colcon_core.package_identification:_identify(test/logs/2026-02-16) by extensions ['colcon_pkg']
[0.288s] Level 1:colcon.colcon_core.package_identification:_identify(test/logs/2026-02-16) by extension 'colcon_pkg'
[0.288s] Level 1:colcon.colcon_core.package_identification:_identify(test/logs/2026-02-16) by extensions ['colcon_meta']
[0.288s] Level 1:colcon.colcon_core.package_identification:_identify(test/logs/2026-02-16) by extension 'colcon_meta'
[0.289s] Level 1:colcon.colcon_core.package_identification:_identify(test/logs/2026-02-16) by extensions ['ros']
[0.289s] Level 1:colcon.colcon_core.package_identification:_identify(test/logs/2026-02-16) by extension 'ros'
[0.289s] Level 1:colcon.colcon_core.package_identification:_identify(test/logs/2026-02-16) by extensions ['cmake', 'python']
[0.289s] Level 1:colcon.colcon_core.package_identification:_identify(test/logs/2026-02-16) by extension 'cmake'
[0.289s] Level 1:colcon.colcon_core.package_identification:_identify(test/logs/2026-02-16) by extension 'python'
[0.289s] Level 1:colcon.colcon_core.package_identification:_identify(test/logs/2026-02-16) by extensions ['python_setup_py']
[0.289s] Level 1:colcon.colcon_core.package_identification:_identify(test/logs/2026-02-16) by extension 'python_setup_py'
[0.289s] Level 1:colcon.colcon_core.package_identification:_identify(test/logs/2026-02-16/flight1) by extensions ['ignore', 'ignore_ament_install']
[0.289s] Level 1:colcon.colcon_core.package_identification:_identify(test/logs/2026-02-16/flight1) by extension 'ignore'
[0.289s] Level 1:colcon.colcon_core.package_identification:_identify(test/logs/2026-02-16/flight1) by extension 'ignore_ament_install'
[0.289s] Level 1:colcon.colcon_core.package_identification:_identify(test/logs/2026-02-16/flight1) by extensions ['colcon_pkg']
[0.289s] Level 1:colcon.colcon_core.package_identification:_identify(test/logs/2026-02-16/flight1) by extension 'colcon_pkg'
[0.289s] Level 1:colcon.colcon_core.package_identification:_identify(test/logs/2026-02-16/flight1) by extensions ['colcon_meta']
[0.289s] Level 1:colcon.colcon_core.package_identification:_identify(test/logs/2026-02-16/flight1) by extension 'colcon_meta'
[0.289s] Level 1:colcon.colcon_core.package_identification:_identify(test/logs/2026-02-16/flight1) by extensions ['ros']
[0.289s] Level 1:colcon.colcon_core.package_identification:_identify(test/logs/2026-02-16/flight1) by extension 'ros'
[0.289s] Level 1:colcon.colcon_core.package_identification:_identify(test/logs/2026-02-16/flight1) by extensions ['cmake', 'python']
[0.289s] Level 1:colcon.colcon_core.package_identification:_identify(test/logs/2026-02-16/flight1) by extension 'cmake'
[0.289s] Level 1:colcon.colcon_core.package_identification:_identify(test/logs/2026-02-16/flight1) by extension 'python'
[0.290s] Level 1:colcon.colcon_core.package_identification:_identify(test/logs/2026-02-16/flight1) by extensions ['python_setup_py']
[0.290s] Level 1:colcon.colcon_core.package_identification:_identify(test/logs/2026-02-16/flight1) by extension 'python_setup_py'
[0.290s] Level 1:colcon.colcon_core.package_discovery:discover_packages(recursive) using defaults
[0.290s] Level 1:colcon.colcon_core.package_discovery:discover_packages(ignore) discover
[0.290s] Level 1:colcon.colcon_core.package_discovery:discover_packages(ignore) using defaults
[0.290s] Level 1:colcon.colcon_core.package_discovery:discover_packages(path) discover
[0.290s] Level 1:colcon.colcon_core.package_discovery:discover_packages(path) using defaults
[0.320s] Level 1:colcon.colcon_core.package_discovery:discover_packages(prefix_path) check parameters
[0.320s] Level 1:colcon.colcon_core.package_discovery:discover_packages(prefix_path) discover
[0.324s] DEBUG:colcon.colcon_installed_package_information.package_discovery:Found 16 installed packages in /home/strain-drone/Documents/drone_position_hold/ros2_ws/install
[0.326s] DEBUG:colcon.colcon_installed_package_information.package_discovery:Found 295 installed packages in /opt/ros/jazzy
[0.327s] Level 1:colcon.colcon_core.package_discovery:discover_packages(prefix_path) using defaults
[0.390s] Level 5:colcon.colcon_core.verb:set package 'mavros_config' build argument 'cmake_args' from command line to 'None'
[0.390s] Level 5:colcon.colcon_core.verb:set package 'mavros_config' build argument 'cmake_target' from command line to 'None'
[0.390s] Level 5:colcon.colcon_core.verb:set package 'mavros_config' build argument 'cmake_target_skip_unavailable' from command line to 'False'
[0.390s] Level 5:colcon.colcon_core.verb:set package 'mavros_config' build argument 'cmake_clean_cache' from command line to 'False'
[0.390s] Level 5:colcon.colcon_core.verb:set package 'mavros_config' build argument 'cmake_clean_first' from command line to 'False'
[0.390s] Level 5:colcon.colcon_core.verb:set package 'mavros_config' build argument 'cmake_force_configure' from command line to 'False'
[0.390s] Level 5:colcon.colcon_core.verb:set package 'mavros_config' build argument 'ament_cmake_args' from command line to 'None'
[0.390s] Level 5:colcon.colcon_core.verb:set package 'mavros_config' build argument 'catkin_cmake_args' from command line to 'None'
[0.390s] Level 5:colcon.colcon_core.verb:set package 'mavros_config' build argument 'catkin_skip_building_tests' from command line to 'False'
[0.390s] DEBUG:colcon.colcon_core.verb:Building package 'mavros_config' with the following arguments: {'ament_cmake_args': None, 'build_base': '/home/strain-drone/Documents/drone_position_hold/ros2_ws/build/mavros_config', 'catkin_cmake_args': None, 'catkin_skip_building_tests': False, 'cmake_args': None, 'cmake_clean_cache': False, 'cmake_clean_first': False, 'cmake_force_configure': False, 'cmake_target': None, 'cmake_target_skip_unavailable': False, 'install_base': '/home/strain-drone/Documents/drone_position_hold/ros2_ws/install/mavros_config', 'merge_install': False, 'path': '/home/strain-drone/Documents/drone_position_hold/ros2_ws/src/mavros_config', 'symlink_install': False, 'test_result_base': None}
[0.390s] Level 5:colcon.colcon_core.verb:set package 'mocap4r2_control_msgs' build argument 'cmake_args' from command line to 'None'
[0.390s] Level 5:colcon.colcon_core.verb:set package 'mocap4r2_control_msgs' build argument 'cmake_target' from command line to 'None'
[0.390s] Level 5:colcon.colcon_core.verb:set package 'mocap4r2_control_msgs' build argument 'cmake_target_skip_unavailable' from command line to 'False'
[0.390s] Level 5:colcon.colcon_core.verb:set package 'mocap4r2_control_msgs' build argument 'cmake_clean_cache' from command line to 'False'
[0.390s] Level 5:colcon.colcon_core.verb:set package 'mocap4r2_control_msgs' build argument 'cmake_clean_first' from command line to 'False'
[0.390s] Level 5:colcon.colcon_core.verb:set package 'mocap4r2_control_msgs' build argument 'cmake_force_configure' from command line to 'False'
[0.390s] Level 5:colcon.colcon_core.verb:set package 'mocap4r2_control_msgs' build argument 'ament_cmake_args' from command line to 'None'
[0.391s] Level 5:colcon.colcon_core.verb:set package 'mocap4r2_control_msgs' build argument 'catkin_cmake_args' from command line to 'None'
[0.391s] Level 5:colcon.colcon_core.verb:set package 'mocap4r2_control_msgs' build argument 'catkin_skip_building_tests' from command line to 'False'
[0.391s] DEBUG:colcon.colcon_core.verb:Building package 'mocap4r2_control_msgs' with the following arguments: {'ament_cmake_args': None, 'build_base': '/home/strain-drone/Documents/drone_position_hold/ros2_ws/build/mocap4r2_control_msgs', 'catkin_cmake_args': None, 'catkin_skip_building_tests': False, 'cmake_args': None, 'cmake_clean_cache': False, 'cmake_clean_first': False, 'cmake_force_configure': False, 'cmake_target': None, 'cmake_target_skip_unavailable': False, 'install_base': '/home/strain-drone/Documents/drone_position_hold/ros2_ws/install/mocap4r2_control_msgs', 'merge_install': False, 'path': '/home/strain-drone/Documents/drone_position_hold/ros2_ws/src/mocap4r2/mocap4r2_control/mocap4r2_control_msgs', 'symlink_install': False, 'test_result_base': None}
[0.391s] Level 5:colcon.colcon_core.verb:set package 'mocap4r2_marker_viz_srvs' build argument 'cmake_args' from command line to 'None'
[0.391s] Level 5:colcon.colcon_core.verb:set package 'mocap4r2_marker_viz_srvs' build argument 'cmake_target' from command line to 'None'
[0.391s] Level 5:colcon.colcon_core.verb:set package 'mocap4r2_marker_viz_srvs' build argument 'cmake_target_skip_unavailable' from command line to 'False'
[0.391s] Level 5:colcon.colcon_core.verb:set package 'mocap4r2_marker_viz_srvs' build argument 'cmake_clean_cache' from command line to 'False'
[0.391s] Level 5:colcon.colcon_core.verb:set package 'mocap4r2_marker_viz_srvs' build argument 'cmake_clean_first' from command line to 'False'
[0.391s] Level 5:colcon.colcon_core.verb:set package 'mocap4r2_marker_viz_srvs' build argument 'cmake_force_configure' from command line to 'False'
[0.391s] Level 5:colcon.colcon_core.verb:set package 'mocap4r2_marker_viz_srvs' build argument 'ament_cmake_args' from command line to 'None'
[0.391s] Level 5:colcon.colcon_core.verb:set package 'mocap4r2_marker_viz_srvs' build argument 'catkin_cmake_args' from command line to 'None'
[0.391s] Level 5:colcon.colcon_core.verb:set package 'mocap4r2_marker_viz_srvs' build argument 'catkin_skip_building_tests' from command line to 'False'
[0.391s] DEBUG:colcon.colcon_core.verb:Building package 'mocap4r2_marker_viz_srvs' with the following arguments: {'ament_cmake_args': None, 'build_base': '/home/strain-drone/Documents/drone_position_hold/ros2_ws/build/mocap4r2_marker_viz_srvs', 'catkin_cmake_args': None, 'catkin_skip_building_tests': False, 'cmake_args': None, 'cmake_clean_cache': False, 'cmake_clean_first': False, 'cmake_force_configure': False, 'cmake_target': None, 'cmake_target_skip_unavailable': False, 'install_base': '/home/strain-drone/Documents/drone_position_hold/ros2_ws/install/mocap4r2_marker_viz_srvs', 'merge_install': False, 'path': '/home/strain-drone/Documents/drone_position_hold/ros2_ws/src/mocap4r2/mocap4r2_marker_viz/mocap4r2_marker_viz_srvs', 'symlink_install': False, 'test_result_base': None}
[0.391s] Level 5:colcon.colcon_core.verb:set package 'mocap4r2_msgs' build argument 'cmake_args' from command line to 'None'
[0.391s] Level 5:colcon.colcon_core.verb:set package 'mocap4r2_msgs' build argument 'cmake_target' from command line to 'None'
[0.392s] Level 5:colcon.colcon_core.verb:set package 'mocap4r2_msgs' build argument 'cmake_target_skip_unavailable' from command line to 'False'
[0.392s] Level 5:colcon.colcon_core.verb:set package 'mocap4r2_msgs' build argument 'cmake_clean_cache' from command line to 'False'
[0.392s] Level 5:colcon.colcon_core.verb:set package 'mocap4r2_msgs' build argument 'cmake_clean_first' from command line to 'False'
[0.392s] Level 5:colcon.colcon_core.verb:set package 'mocap4r2_msgs' build argument 'cmake_force_configure' from command line to 'False'
[0.392s] Level 5:colcon.colcon_core.verb:set package 'mocap4r2_msgs' build argument 'ament_cmake_args' from command line to 'None'
[0.392s] Level 5:colcon.colcon_core.verb:set package 'mocap4r2_msgs' build argument 'catkin_cmake_args' from command line to 'None'
[0.392s] Level 5:colcon.colcon_core.verb:set package 'mocap4r2_msgs' build argument 'catkin_skip_building_tests' from command line to 'False'
[0.392s] DEBUG:colcon.colcon_core.verb:Building package 'mocap4r2_msgs' with the following arguments: {'ament_cmake_args': None, 'build_base': '/home/strain-drone/Documents/drone_position_hold/ros2_ws/build/mocap4r2_msgs', 'catkin_cmake_args': None, 'catkin_skip_building_tests': False, 'cmake_args': None, 'cmake_clean_cache': False, 'cmake_clean_first': False, 'cmake_force_configure': False, 'cmake_target': None, 'cmake_target_skip_unavailable': False, 'install_base': '/home/strain-drone/Documents/drone_position_hold/ros2_ws/install/mocap4r2_msgs', 'merge_install': False, 'path': '/home/strain-drone/Documents/drone_position_hold/ros2_ws/src/mocap4r2_msgs', 'symlink_install': False, 'test_result_base': None}
[0.392s] Level 5:colcon.colcon_core.verb:set package 'mocap4r2_robot_gt_msgs' build argument 'cmake_args' from command line to 'None'
[0.392s] Level 5:colcon.colcon_core.verb:set package 'mocap4r2_robot_gt_msgs' build argument 'cmake_target' from command line to 'None'
[0.392s] Level 5:colcon.colcon_core.verb:set package 'mocap4r2_robot_gt_msgs' build argument 'cmake_target_skip_unavailable' from command line to 'False'
[0.392s] Level 5:colcon.colcon_core.verb:set package 'mocap4r2_robot_gt_msgs' build argument 'cmake_clean_cache' from command line to 'False'
[0.392s] Level 5:colcon.colcon_core.verb:set package 'mocap4r2_robot_gt_msgs' build argument 'cmake_clean_first' from command line to 'False'
[0.392s] Level 5:colcon.colcon_core.verb:set package 'mocap4r2_robot_gt_msgs' build argument 'cmake_force_configure' from command line to 'False'
[0.392s] Level 5:colcon.colcon_core.verb:set package 'mocap4r2_robot_gt_msgs' build argument 'ament_cmake_args' from command line to 'None'
[0.392s] Level 5:colcon.colcon_core.verb:set package 'mocap4r2_robot_gt_msgs' build argument 'catkin_cmake_args' from command line to 'None'
[0.392s] Level 5:colcon.colcon_core.verb:set package 'mocap4r2_robot_gt_msgs' build argument 'catkin_skip_building_tests' from command line to 'False'
[0.392s] DEBUG:colcon.colcon_core.verb:Building package 'mocap4r2_robot_gt_msgs' with the following arguments: {'ament_cmake_args': None, 'build_base': '/home/strain-drone/Documents/drone_position_hold/ros2_ws/build/mocap4r2_robot_gt_msgs', 'catkin_cmake_args': None, 'catkin_skip_building_tests': False, 'cmake_args': None, 'cmake_clean_cache': False, 'cmake_clean_first': False, 'cmake_force_configure': False, 'cmake_target': None, 'cmake_target_skip_unavailable': False, 'install_base': '/home/strain-drone/Documents/drone_position_hold/ros2_ws/install/mocap4r2_robot_gt_msgs', 'merge_install': False, 'path': '/home/strain-drone/Documents/drone_position_hold/ros2_ws/src/mocap4r2/mocap4r2_robot_gt/mocap4r2_robot_gt_msgs', 'symlink_install': False, 'test_result_base': None}
[0.393s] Level 5:colcon.colcon_core.verb:set package 'natnet_ros2' build argument 'cmake_args' from command line to 'None'
[0.393s] Level 5:colcon.colcon_core.verb:set package 'natnet_ros2' build argument 'cmake_target' from command line to 'None'
[0.393s] Level 5:colcon.colcon_core.verb:set package 'natnet_ros2' build argument 'cmake_target_skip_unavailable' from command line to 'False'
[0.393s] Level 5:colcon.colcon_core.verb:set package 'natnet_ros2' build argument 'cmake_clean_cache' from command line to 'False'
[0.393s] Level 5:colcon.colcon_core.verb:set package 'natnet_ros2' build argument 'cmake_clean_first' from command line to 'False'
[0.393s] Level 5:colcon.colcon_core.verb:set package 'natnet_ros2' build argument 'cmake_force_configure' from command line to 'False'
[0.393s] Level 5:colcon.colcon_core.verb:set package 'natnet_ros2' build argument 'ament_cmake_args' from command line to 'None'
[0.393s] Level 5:colcon.colcon_core.verb:set package 'natnet_ros2' build argument 'catkin_cmake_args' from command line to 'None'
[0.393s] Level 5:colcon.colcon_core.verb:set package 'natnet_ros2' build argument 'catkin_skip_building_tests' from command line to 'False'
[0.393s] DEBUG:colcon.colcon_core.verb:Building package 'natnet_ros2' with the following arguments: {'ament_cmake_args': None, 'build_base': '/home/strain-drone/Documents/drone_position_hold/ros2_ws/build/natnet_ros2', 'catkin_cmake_args': None, 'catkin_skip_building_tests': False, 'cmake_args': None, 'cmake_clean_cache': False, 'cmake_clean_first': False, 'cmake_force_configure': False, 'cmake_target': None, 'cmake_target_skip_unavailable': False, 'install_base': '/home/strain-drone/Documents/drone_position_hold/ros2_ws/install/natnet_ros2', 'merge_install': False, 'path': '/home/strain-drone/Documents/drone_position_hold/ros2_ws/src/natnet_ros2', 'symlink_install': False, 'test_result_base': None}
[0.393s] Level 5:colcon.colcon_core.verb:set package 'position_publisher' build argument 'cmake_args' from command line to 'None'
[0.393s] Level 5:colcon.colcon_core.verb:set package 'position_publisher' build argument 'cmake_target' from command line to 'None'
[0.393s] Level 5:colcon.colcon_core.verb:set package 'position_publisher' build argument 'cmake_target_skip_unavailable' from command line to 'False'
[0.393s] Level 5:colcon.colcon_core.verb:set package 'position_publisher' build argument 'cmake_clean_cache' from command line to 'False'
[0.393s] Level 5:colcon.colcon_core.verb:set package 'position_publisher' build argument 'cmake_clean_first' from command line to 'False'
[0.393s] Level 5:colcon.colcon_core.verb:set package 'position_publisher' build argument 'cmake_force_configure' from command line to 'False'
[0.393s] Level 5:colcon.colcon_core.verb:set package 'position_publisher' build argument 'ament_cmake_args' from command line to 'None'
[0.393s] Level 5:colcon.colcon_core.verb:set package 'position_publisher' build argument 'catkin_cmake_args' from command line to 'None'
[0.393s] Level 5:colcon.colcon_core.verb:set package 'position_publisher' build argument 'catkin_skip_building_tests' from command line to 'False'
[0.394s] DEBUG:colcon.colcon_core.verb:Building package 'position_publisher' with the following arguments: {'ament_cmake_args': None, 'build_base': '/home/strain-drone/Documents/drone_position_hold/ros2_ws/build/position_publisher', 'catkin_cmake_args': None, 'catkin_skip_building_tests': False, 'cmake_args': None, 'cmake_clean_cache': False, 'cmake_clean_first': False, 'cmake_force_configure': False, 'cmake_target': None, 'cmake_target_skip_unavailable': False, 'install_base': '/home/strain-drone/Documents/drone_position_hold/ros2_ws/install/position_publisher', 'merge_install': False, 'path': '/home/strain-drone/Documents/drone_position_hold/ros2_ws/src/position_publisher', 'symlink_install': False, 'test_result_base': None}
[0.394s] Level 5:colcon.colcon_core.verb:set package 'visualizer' build argument 'cmake_args' from command line to 'None'
[0.394s] Level 5:colcon.colcon_core.verb:set package 'visualizer' build argument 'cmake_target' from command line to 'None'
[0.394s] Level 5:colcon.colcon_core.verb:set package 'visualizer' build argument 'cmake_target_skip_unavailable' from command line to 'False'
[0.394s] Level 5:colcon.colcon_core.verb:set package 'visualizer' build argument 'cmake_clean_cache' from command line to 'False'
[0.394s] Level 5:colcon.colcon_core.verb:set package 'visualizer' build argument 'cmake_clean_first' from command line to 'False'
[0.394s] Level 5:colcon.colcon_core.verb:set package 'visualizer' build argument 'cmake_force_configure' from command line to 'False'
[0.394s] Level 5:colcon.colcon_core.verb:set package 'visualizer' build argument 'ament_cmake_args' from command line to 'None'
[0.394s] Level 5:colcon.colcon_core.verb:set package 'visualizer' build argument 'catkin_cmake_args' from command line to 'None'
[0.394s] Level 5:colcon.colcon_core.verb:set package 'visualizer' build argument 'catkin_skip_building_tests' from command line to 'False'
[0.394s] DEBUG:colcon.colcon_core.verb:Building package 'visualizer' with the following arguments: {'ament_cmake_args': None, 'build_base': '/home/strain-drone/Documents/drone_position_hold/ros2_ws/build/visualizer', 'catkin_cmake_args': None, 'catkin_skip_building_tests': False, 'cmake_args': None, 'cmake_clean_cache': False, 'cmake_clean_first': False, 'cmake_force_configure': False, 'cmake_target': None, 'cmake_target_skip_unavailable': False, 'install_base': '/home/strain-drone/Documents/drone_position_hold/ros2_ws/install/visualizer', 'merge_install': False, 'path': '/home/strain-drone/Documents/drone_position_hold/ros2_ws/src/visualizer', 'symlink_install': False, 'test_result_base': None}
[0.394s] Level 5:colcon.colcon_core.verb:set package 'mocap4r2_control' build argument 'cmake_args' from command line to 'None'
[0.394s] Level 5:colcon.colcon_core.verb:set package 'mocap4r2_control' build argument 'cmake_target' from command line to 'None'
[0.394s] Level 5:colcon.colcon_core.verb:set package 'mocap4r2_control' build argument 'cmake_target_skip_unavailable' from command line to 'False'
[0.394s] Level 5:colcon.colcon_core.verb:set package 'mocap4r2_control' build argument 'cmake_clean_cache' from command line to 'False'
[0.394s] Level 5:colcon.colcon_core.verb:set package 'mocap4r2_control' build argument 'cmake_clean_first' from command line to 'False'
[0.394s] Level 5:colcon.colcon_core.verb:set package 'mocap4r2_control' build argument 'cmake_force_configure' from command line to 'False'
[0.394s] Level 5:colcon.colcon_core.verb:set package 'mocap4r2_control' build argument 'ament_cmake_args' from command line to 'None'
[0.395s] Level 5:colcon.colcon_core.verb:set package 'mocap4r2_control' build argument 'catkin_cmake_args' from command line to 'None'
[0.395s] Level 5:colcon.colcon_core.verb:set package 'mocap4r2_control' build argument 'catkin_skip_building_tests' from command line to 'False'
[0.395s] DEBUG:colcon.colcon_core.verb:Building package 'mocap4r2_control' with the following arguments: {'ament_cmake_args': None, 'build_base': '/home/strain-drone/Documents/drone_position_hold/ros2_ws/build/mocap4r2_control', 'catkin_cmake_args': None, 'catkin_skip_building_tests': False, 'cmake_args': None, 'cmake_clean_cache': False, 'cmake_clean_first': False, 'cmake_force_configure': False, 'cmake_target': None, 'cmake_target_skip_unavailable': False, 'install_base': '/home/strain-drone/Documents/drone_position_hold/ros2_ws/install/mocap4r2_control', 'merge_install': False, 'path': '/home/strain-drone/Documents/drone_position_hold/ros2_ws/src/mocap4r2/mocap4r2_control/mocap4r2_control', 'symlink_install': False, 'test_result_base': None}
[0.395s] Level 5:colcon.colcon_core.verb:set package 'mocap4r2_marker_publisher' build argument 'cmake_args' from command line to 'None'
[0.395s] Level 5:colcon.colcon_core.verb:set package 'mocap4r2_marker_publisher' build argument 'cmake_target' from command line to 'None'
[0.395s] Level 5:colcon.colcon_core.verb:set package 'mocap4r2_marker_publisher' build argument 'cmake_target_skip_unavailable' from command line to 'False'
[0.395s] Level 5:colcon.colcon_core.verb:set package 'mocap4r2_marker_publisher' build argument 'cmake_clean_cache' from command line to 'False'
[0.395s] Level 5:colcon.colcon_core.verb:set package 'mocap4r2_marker_publisher' build argument 'cmake_clean_first' from command line to 'False'
[0.395s] Level 5:colcon.colcon_core.verb:set package 'mocap4r2_marker_publisher' build argument 'cmake_force_configure' from command line to 'False'
[0.395s] Level 5:colcon.colcon_core.verb:set package 'mocap4r2_marker_publisher' build argument 'ament_cmake_args' from command line to 'None'
[0.395s] Level 5:colcon.colcon_core.verb:set package 'mocap4r2_marker_publisher' build argument 'catkin_cmake_args' from command line to 'None'
[0.395s] Level 5:colcon.colcon_core.verb:set package 'mocap4r2_marker_publisher' build argument 'catkin_skip_building_tests' from command line to 'False'
[0.395s] DEBUG:colcon.colcon_core.verb:Building package 'mocap4r2_marker_publisher' with the following arguments: {'ament_cmake_args': None, 'build_base': '/home/strain-drone/Documents/drone_position_hold/ros2_ws/build/mocap4r2_marker_publisher', 'catkin_cmake_args': None, 'catkin_skip_building_tests': False, 'cmake_args': None, 'cmake_clean_cache': False, 'cmake_clean_first': False, 'cmake_force_configure': False, 'cmake_target': None, 'cmake_target_skip_unavailable': False, 'install_base': '/home/strain-drone/Documents/drone_position_hold/ros2_ws/install/mocap4r2_marker_publisher', 'merge_install': False, 'path': '/home/strain-drone/Documents/drone_position_hold/ros2_ws/src/mocap4r2/mocap4r2_marker_viz/mocap4r2_marker_publisher', 'symlink_install': False, 'test_result_base': None}
[0.395s] Level 5:colcon.colcon_core.verb:set package 'mocap4r2_marker_viz' build argument 'cmake_args' from command line to 'None'
[0.395s] Level 5:colcon.colcon_core.verb:set package 'mocap4r2_marker_viz' build argument 'cmake_target' from command line to 'None'
[0.395s] Level 5:colcon.colcon_core.verb:set package 'mocap4r2_marker_viz' build argument 'cmake_target_skip_unavailable' from command line to 'False'
[0.395s] Level 5:colcon.colcon_core.verb:set package 'mocap4r2_marker_viz' build argument 'cmake_clean_cache' from command line to 'False'
[0.396s] Level 5:colcon.colcon_core.verb:set package 'mocap4r2_marker_viz' build argument 'cmake_clean_first' from command line to 'False'
[0.396s] Level 5:colcon.colcon_core.verb:set package 'mocap4r2_marker_viz' build argument 'cmake_force_configure' from command line to 'False'
[0.396s] Level 5:colcon.colcon_core.verb:set package 'mocap4r2_marker_viz' build argument 'ament_cmake_args' from command line to 'None'
[0.396s] Level 5:colcon.colcon_core.verb:set package 'mocap4r2_marker_viz' build argument 'catkin_cmake_args' from command line to 'None'
[0.396s] Level 5:colcon.colcon_core.verb:set package 'mocap4r2_marker_viz' build argument 'catkin_skip_building_tests' from command line to 'False'
[0.396s] DEBUG:colcon.colcon_core.verb:Building package 'mocap4r2_marker_viz' with the following arguments: {'ament_cmake_args': None, 'build_base': '/home/strain-drone/Documents/drone_position_hold/ros2_ws/build/mocap4r2_marker_viz', 'catkin_cmake_args': None, 'catkin_skip_building_tests': False, 'cmake_args': None, 'cmake_clean_cache': False, 'cmake_clean_first': False, 'cmake_force_configure': False, 'cmake_target': None, 'cmake_target_skip_unavailable': False, 'install_base': '/home/strain-drone/Documents/drone_position_hold/ros2_ws/install/mocap4r2_marker_viz', 'merge_install': False, 'path': '/home/strain-drone/Documents/drone_position_hold/ros2_ws/src/mocap4r2/mocap4r2_marker_viz/mocap4r2_marker_viz', 'symlink_install': False, 'test_result_base': None}
[0.396s] Level 5:colcon.colcon_core.verb:set package 'mocap4r2_robot_gt' build argument 'cmake_args' from command line to 'None'
[0.396s] Level 5:colcon.colcon_core.verb:set package 'mocap4r2_robot_gt' build argument 'cmake_target' from command line to 'None'
[0.396s] Level 5:colcon.colcon_core.verb:set package 'mocap4r2_robot_gt' build argument 'cmake_target_skip_unavailable' from command line to 'False'
[0.396s] Level 5:colcon.colcon_core.verb:set package 'mocap4r2_robot_gt' build argument 'cmake_clean_cache' from command line to 'False'
[0.396s] Level 5:colcon.colcon_core.verb:set package 'mocap4r2_robot_gt' build argument 'cmake_clean_first' from command line to 'False'
[0.396s] Level 5:colcon.colcon_core.verb:set package 'mocap4r2_robot_gt' build argument 'cmake_force_configure' from command line to 'False'
[0.396s] Level 5:colcon.colcon_core.verb:set package 'mocap4r2_robot_gt' build argument 'ament_cmake_args' from command line to 'None'
[0.396s] Level 5:colcon.colcon_core.verb:set package 'mocap4r2_robot_gt' build argument 'catkin_cmake_args' from command line to 'None'
[0.396s] Level 5:colcon.colcon_core.verb:set package 'mocap4r2_robot_gt' build argument 'catkin_skip_building_tests' from command line to 'False'
[0.396s] DEBUG:colcon.colcon_core.verb:Building package 'mocap4r2_robot_gt' with the following arguments: {'ament_cmake_args': None, 'build_base': '/home/strain-drone/Documents/drone_position_hold/ros2_ws/build/mocap4r2_robot_gt', 'catkin_cmake_args': None, 'catkin_skip_building_tests': False, 'cmake_args': None, 'cmake_clean_cache': False, 'cmake_clean_first': False, 'cmake_force_configure': False, 'cmake_target': None, 'cmake_target_skip_unavailable': False, 'install_base': '/home/strain-drone/Documents/drone_position_hold/ros2_ws/install/mocap4r2_robot_gt', 'merge_install': False, 'path': '/home/strain-drone/Documents/drone_position_hold/ros2_ws/src/mocap4r2/mocap4r2_robot_gt/mocap4r2_robot_gt', 'symlink_install': False, 'test_result_base': None}
[0.396s] Level 5:colcon.colcon_core.verb:set package 'mocap4r2cli' build argument 'cmake_args' from command line to 'None'
[0.396s] Level 5:colcon.colcon_core.verb:set package 'mocap4r2cli' build argument 'cmake_target' from command line to 'None'
[0.397s] Level 5:colcon.colcon_core.verb:set package 'mocap4r2cli' build argument 'cmake_target_skip_unavailable' from command line to 'False'
[0.397s] Level 5:colcon.colcon_core.verb:set package 'mocap4r2cli' build argument 'cmake_clean_cache' from command line to 'False'
[0.397s] Level 5:colcon.colcon_core.verb:set package 'mocap4r2cli' build argument 'cmake_clean_first' from command line to 'False'
[0.397s] Level 5:colcon.colcon_core.verb:set package 'mocap4r2cli' build argument 'cmake_force_configure' from command line to 'False'
[0.397s] Level 5:colcon.colcon_core.verb:set package 'mocap4r2cli' build argument 'ament_cmake_args' from command line to 'None'
[0.397s] Level 5:colcon.colcon_core.verb:set package 'mocap4r2cli' build argument 'catkin_cmake_args' from command line to 'None'
[0.397s] Level 5:colcon.colcon_core.verb:set package 'mocap4r2cli' build argument 'catkin_skip_building_tests' from command line to 'False'
[0.397s] DEBUG:colcon.colcon_core.verb:Building package 'mocap4r2cli' with the following arguments: {'ament_cmake_args': None, 'build_base': '/home/strain-drone/Documents/drone_position_hold/ros2_ws/build/mocap4r2cli', 'catkin_cmake_args': None, 'catkin_skip_building_tests': False, 'cmake_args': None, 'cmake_clean_cache': False, 'cmake_clean_first': False, 'cmake_force_configure': False, 'cmake_target': None, 'cmake_target_skip_unavailable': False, 'install_base': '/home/strain-drone/Documents/drone_position_hold/ros2_ws/install/mocap4r2cli', 'merge_install': False, 'path': '/home/strain-drone/Documents/drone_position_hold/ros2_ws/src/mocap4r2/mocap4r2cli', 'symlink_install': False, 'test_result_base': None}
[0.397s] Level 5:colcon.colcon_core.verb:set package 'mocap4r2_dummy_driver' build argument 'cmake_args' from command line to 'None'
[0.397s] Level 5:colcon.colcon_core.verb:set package 'mocap4r2_dummy_driver' build argument 'cmake_target' from command line to 'None'
[0.397s] Level 5:colcon.colcon_core.verb:set package 'mocap4r2_dummy_driver' build argument 'cmake_target_skip_unavailable' from command line to 'False'
[0.397s] Level 5:colcon.colcon_core.verb:set package 'mocap4r2_dummy_driver' build argument 'cmake_clean_cache' from command line to 'False'
[0.397s] Level 5:colcon.colcon_core.verb:set package 'mocap4r2_dummy_driver' build argument 'cmake_clean_first' from command line to 'False'
[0.397s] Level 5:colcon.colcon_core.verb:set package 'mocap4r2_dummy_driver' build argument 'cmake_force_configure' from command line to 'False'
[0.397s] Level 5:colcon.colcon_core.verb:set package 'mocap4r2_dummy_driver' build argument 'ament_cmake_args' from command line to 'None'
[0.397s] Level 5:colcon.colcon_core.verb:set package 'mocap4r2_dummy_driver' build argument 'catkin_cmake_args' from command line to 'None'
[0.397s] Level 5:colcon.colcon_core.verb:set package 'mocap4r2_dummy_driver' build argument 'catkin_skip_building_tests' from command line to 'False'
[0.397s] DEBUG:colcon.colcon_core.verb:Building package 'mocap4r2_dummy_driver' with the following arguments: {'ament_cmake_args': None, 'build_base': '/home/strain-drone/Documents/drone_position_hold/ros2_ws/build/mocap4r2_dummy_driver', 'catkin_cmake_args': None, 'catkin_skip_building_tests': False, 'cmake_args': None, 'cmake_clean_cache': False, 'cmake_clean_first': False, 'cmake_force_configure': False, 'cmake_target': None, 'cmake_target_skip_unavailable': False, 'install_base': '/home/strain-drone/Documents/drone_position_hold/ros2_ws/install/mocap4r2_dummy_driver', 'merge_install': False, 'path': '/home/strain-drone/Documents/drone_position_hold/ros2_ws/src/mocap4r2/mocap4r2_dummy_driver', 'symlink_install': False, 'test_result_base': None}
[0.398s] Level 5:colcon.colcon_core.verb:set package 'mocap4r2_vicon_driver' build argument 'cmake_args' from command line to 'None'
[0.398s] Level 5:colcon.colcon_core.verb:set package 'mocap4r2_vicon_driver' build argument 'cmake_target' from command line to 'None'
[0.398s] Level 5:colcon.colcon_core.verb:set package 'mocap4r2_vicon_driver' build argument 'cmake_target_skip_unavailable' from command line to 'False'
[0.398s] Level 5:colcon.colcon_core.verb:set package 'mocap4r2_vicon_driver' build argument 'cmake_clean_cache' from command line to 'False'
[0.398s] Level 5:colcon.colcon_core.verb:set package 'mocap4r2_vicon_driver' build argument 'cmake_clean_first' from command line to 'False'
[0.398s] Level 5:colcon.colcon_core.verb:set package 'mocap4r2_vicon_driver' build argument 'cmake_force_configure' from command line to 'False'
[0.398s] Level 5:colcon.colcon_core.verb:set package 'mocap4r2_vicon_driver' build argument 'ament_cmake_args' from command line to 'None'
[0.398s] Level 5:colcon.colcon_core.verb:set package 'mocap4r2_vicon_driver' build argument 'catkin_cmake_args' from command line to 'None'
[0.398s] Level 5:colcon.colcon_core.verb:set package 'mocap4r2_vicon_driver' build argument 'catkin_skip_building_tests' from command line to 'False'
[0.398s] DEBUG:colcon.colcon_core.verb:Building package 'mocap4r2_vicon_driver' with the following arguments: {'ament_cmake_args': None, 'build_base': '/home/strain-drone/Documents/drone_position_hold/ros2_ws/build/mocap4r2_vicon_driver', 'catkin_cmake_args': None, 'catkin_skip_building_tests': False, 'cmake_args': None, 'cmake_clean_cache': False, 'cmake_clean_first': False, 'cmake_force_configure': False, 'cmake_target': None, 'cmake_target_skip_unavailable': False, 'install_base': '/home/strain-drone/Documents/drone_position_hold/ros2_ws/install/mocap4r2_vicon_driver', 'merge_install': False, 'path': '/home/strain-drone/Documents/drone_position_hold/ros2_ws/src/mocap4ros2_vicon/mocap4r2_vicon_driver', 'symlink_install': False, 'test_result_base': None}
[0.398s] Level 5:colcon.colcon_core.verb:set package 'rqt_mocap4r2_control' build argument 'cmake_args' from command line to 'None'
[0.398s] Level 5:colcon.colcon_core.verb:set package 'rqt_mocap4r2_control' build argument 'cmake_target' from command line to 'None'
[0.398s] Level 5:colcon.colcon_core.verb:set package 'rqt_mocap4r2_control' build argument 'cmake_target_skip_unavailable' from command line to 'False'
[0.398s] Level 5:colcon.colcon_core.verb:set package 'rqt_mocap4r2_control' build argument 'cmake_clean_cache' from command line to 'False'
[0.398s] Level 5:colcon.colcon_core.verb:set package 'rqt_mocap4r2_control' build argument 'cmake_clean_first' from command line to 'False'
[0.398s] Level 5:colcon.colcon_core.verb:set package 'rqt_mocap4r2_control' build argument 'cmake_force_configure' from command line to 'False'
[0.398s] Level 5:colcon.colcon_core.verb:set package 'rqt_mocap4r2_control' build argument 'ament_cmake_args' from command line to 'None'
[0.398s] Level 5:colcon.colcon_core.verb:set package 'rqt_mocap4r2_control' build argument 'catkin_cmake_args' from command line to 'None'
[0.398s] Level 5:colcon.colcon_core.verb:set package 'rqt_mocap4r2_control' build argument 'catkin_skip_building_tests' from command line to 'False'
[0.398s] DEBUG:colcon.colcon_core.verb:Building package 'rqt_mocap4r2_control' with the following arguments: {'ament_cmake_args': None, 'build_base': '/home/strain-drone/Documents/drone_position_hold/ros2_ws/build/rqt_mocap4r2_control', 'catkin_cmake_args': None, 'catkin_skip_building_tests': False, 'cmake_args': None, 'cmake_clean_cache': False, 'cmake_clean_first': False, 'cmake_force_configure': False, 'cmake_target': None, 'cmake_target_skip_unavailable': False, 'install_base': '/home/strain-drone/Documents/drone_position_hold/ros2_ws/install/rqt_mocap4r2_control', 'merge_install': False, 'path': '/home/strain-drone/Documents/drone_position_hold/ros2_ws/src/mocap4r2/mocap4r2_control/rqt_mocap4r2_control', 'symlink_install': False, 'test_result_base': None}
[0.398s] INFO:colcon.colcon_core.executor:Executing jobs using 'parallel' executor
[0.400s] DEBUG:colcon.colcon_parallel_executor.executor.parallel:run_until_complete
[0.400s] INFO:colcon.colcon_ros.task.ament_cmake.build:Building ROS package in '/home/strain-drone/Documents/drone_position_hold/ros2_ws/src/mocap4r2/mocap4r2_control/mocap4r2_control_msgs' with build type 'ament_cmake'
[0.400s] INFO:colcon.colcon_cmake.task.cmake.build:Building CMake package in '/home/strain-drone/Documents/drone_position_hold/ros2_ws/src/mocap4r2/mocap4r2_control/mocap4r2_control_msgs'
[0.403s] INFO:colcon.colcon_core.plugin_system:Skipping extension 'colcon_core.shell.bat': Not used on non-Windows systems
[0.404s] INFO:colcon.colcon_core.shell:Skip shell extension 'powershell' for command environment: Not usable outside of PowerShell
[0.404s] DEBUG:colcon.colcon_core.shell:Skip shell extension 'dsv' for command environment
[0.410s] INFO:colcon.colcon_ros.task.ament_cmake.build:Building ROS package in '/home/strain-drone/Documents/drone_position_hold/ros2_ws/src/mocap4r2_msgs' with build type 'ament_cmake'
[0.411s] INFO:colcon.colcon_cmake.task.cmake.build:Building CMake package in '/home/strain-drone/Documents/drone_position_hold/ros2_ws/src/mocap4r2_msgs'
[0.411s] INFO:colcon.colcon_core.shell:Skip shell extension 'powershell' for command environment: Not usable outside of PowerShell
[0.411s] DEBUG:colcon.colcon_core.shell:Skip shell extension 'dsv' for command environment
[0.418s] INFO:colcon.colcon_ros.task.ament_cmake.build:Building ROS package in '/home/strain-drone/Documents/drone_position_hold/ros2_ws/src/mocap4r2/mocap4r2_marker_viz/mocap4r2_marker_viz_srvs' with build type 'ament_cmake'
[0.419s] INFO:colcon.colcon_cmake.task.cmake.build:Building CMake package in '/home/strain-drone/Documents/drone_position_hold/ros2_ws/src/mocap4r2/mocap4r2_marker_viz/mocap4r2_marker_viz_srvs'
[0.419s] INFO:colcon.colcon_core.shell:Skip shell extension 'powershell' for command environment: Not usable outside of PowerShell
[0.419s] DEBUG:colcon.colcon_core.shell:Skip shell extension 'dsv' for command environment
[0.425s] INFO:colcon.colcon_ros.task.ament_cmake.build:Building ROS package in '/home/strain-drone/Documents/drone_position_hold/ros2_ws/src/mocap4r2/mocap4r2_robot_gt/mocap4r2_robot_gt_msgs' with build type 'ament_cmake'
[0.425s] INFO:colcon.colcon_cmake.task.cmake.build:Building CMake package in '/home/strain-drone/Documents/drone_position_hold/ros2_ws/src/mocap4r2/mocap4r2_robot_gt/mocap4r2_robot_gt_msgs'
[0.425s] INFO:colcon.colcon_core.shell:Skip shell extension 'powershell' for command environment: Not usable outside of PowerShell
[0.426s] DEBUG:colcon.colcon_core.shell:Skip shell extension 'dsv' for command environment
[0.439s] DEBUG:colcon.colcon_core.event_handler.log_command:Invoking command in '/home/strain-drone/Documents/drone_position_hold/ros2_ws/build/mocap4r2_control_msgs': CMAKE_PREFIX_PATH=${CMAKE_PREFIX_PATH}:/home/strain-drone/Documents/drone_position_hold/ros2_ws/install/visualizer:/home/strain-drone/Documents/drone_position_hold/ros2_ws/install/position_publisher:/home/strain-drone/Documents/drone_position_hold/ros2_ws/install/mocap4r2cli:/home/strain-drone/Documents/drone_position_hold/ros2_ws/install/mavros_config:/opt/ros/jazzy DEBUGINFOD_URLS=https://debuginfod.ubuntu.com PS1=\[\e]0;\u@\h: \w\a\]${debian_chroot:+($debian_chroot)}\[\033[01;32m\]\u@\h\[\033[00m\]:\[\033[01;34m\]\w\[\033[00m\]\$ /usr/bin/cmake --build /home/strain-drone/Documents/drone_position_hold/ros2_ws/build/mocap4r2_control_msgs -- -j4 -l4
[0.443s] DEBUG:colcon.colcon_core.event_handler.log_command:Invoking command in '/home/strain-drone/Documents/drone_position_hold/ros2_ws/build/mocap4r2_msgs': CMAKE_PREFIX_PATH=${CMAKE_PREFIX_PATH}:/home/strain-drone/Documents/drone_position_hold/ros2_ws/install/visualizer:/home/strain-drone/Documents/drone_position_hold/ros2_ws/install/position_publisher:/home/strain-drone/Documents/drone_position_hold/ros2_ws/install/mocap4r2cli:/home/strain-drone/Documents/drone_position_hold/ros2_ws/install/mavros_config:/opt/ros/jazzy DEBUGINFOD_URLS=https://debuginfod.ubuntu.com PS1=\[\e]0;\u@\h: \w\a\]${debian_chroot:+($debian_chroot)}\[\033[01;32m\]\u@\h\[\033[00m\]:\[\033[01;34m\]\w\[\033[00m\]\$ /usr/bin/cmake --build /home/strain-drone/Documents/drone_position_hold/ros2_ws/build/mocap4r2_msgs -- -j4 -l4
[0.449s] DEBUG:colcon.colcon_core.event_handler.log_command:Invoking command in '/home/strain-drone/Documents/drone_position_hold/ros2_ws/build/mocap4r2_marker_viz_srvs': CMAKE_PREFIX_PATH=${CMAKE_PREFIX_PATH}:/home/strain-drone/Documents/drone_position_hold/ros2_ws/install/visualizer:/home/strain-drone/Documents/drone_position_hold/ros2_ws/install/position_publisher:/home/strain-drone/Documents/drone_position_hold/ros2_ws/install/mocap4r2cli:/home/strain-drone/Documents/drone_position_hold/ros2_ws/install/mavros_config:/opt/ros/jazzy DEBUGINFOD_URLS=https://debuginfod.ubuntu.com PS1=\[\e]0;\u@\h: \w\a\]${debian_chroot:+($debian_chroot)}\[\033[01;32m\]\u@\h\[\033[00m\]:\[\033[01;34m\]\w\[\033[00m\]\$ /usr/bin/cmake --build /home/strain-drone/Documents/drone_position_hold/ros2_ws/build/mocap4r2_marker_viz_srvs -- -j4 -l4
[0.468s] DEBUG:colcon.colcon_core.event_handler.log_command:Invoking command in '/home/strain-drone/Documents/drone_position_hold/ros2_ws/build/mocap4r2_robot_gt_msgs': CMAKE_PREFIX_PATH=${CMAKE_PREFIX_PATH}:/home/strain-drone/Documents/drone_position_hold/ros2_ws/install/visualizer:/home/strain-drone/Documents/drone_position_hold/ros2_ws/install/position_publisher:/home/strain-drone/Documents/drone_position_hold/ros2_ws/install/mocap4r2cli:/home/strain-drone/Documents/drone_position_hold/ros2_ws/install/mavros_config:/opt/ros/jazzy DEBUGINFOD_URLS=https://debuginfod.ubuntu.com PS1=\[\e]0;\u@\h: \w\a\]${debian_chroot:+($debian_chroot)}\[\033[01;32m\]\u@\h\[\033[00m\]:\[\033[01;34m\]\w\[\033[00m\]\$ /usr/bin/cmake --build /home/strain-drone/Documents/drone_position_hold/ros2_ws/build/mocap4r2_robot_gt_msgs -- -j4 -l4
[2.269s] DEBUG:colcon.colcon_core.event_handler.log_command:Invoked command in '/home/strain-drone/Documents/drone_position_hold/ros2_ws/build/mocap4r2_robot_gt_msgs' returned '0': CMAKE_PREFIX_PATH=${CMAKE_PREFIX_PATH}:/home/strain-drone/Documents/drone_position_hold/ros2_ws/install/visualizer:/home/strain-drone/Documents/drone_position_hold/ros2_ws/install/position_publisher:/home/strain-drone/Documents/drone_position_hold/ros2_ws/install/mocap4r2cli:/home/strain-drone/Documents/drone_position_hold/ros2_ws/install/mavros_config:/opt/ros/jazzy DEBUGINFOD_URLS=https://debuginfod.ubuntu.com PS1=\[\e]0;\u@\h: \w\a\]${debian_chroot:+($debian_chroot)}\[\033[01;32m\]\u@\h\[\033[00m\]:\[\033[01;34m\]\w\[\033[00m\]\$ /usr/bin/cmake --build /home/strain-drone/Documents/drone_position_hold/ros2_ws/build/mocap4r2_robot_gt_msgs -- -j4 -l4
[2.306s] DEBUG:colcon.colcon_core.event_handler.log_command:Invoking command in '/home/strain-drone/Documents/drone_position_hold/ros2_ws/build/mocap4r2_robot_gt_msgs': CMAKE_PREFIX_PATH=${CMAKE_PREFIX_PATH}:/home/strain-drone/Documents/drone_position_hold/ros2_ws/install/visualizer:/home/strain-drone/Documents/drone_position_hold/ros2_ws/install/position_publisher:/home/strain-drone/Documents/drone_position_hold/ros2_ws/install/mocap4r2cli:/home/strain-drone/Documents/drone_position_hold/ros2_ws/install/mavros_config:/opt/ros/jazzy DEBUGINFOD_URLS=https://debuginfod.ubuntu.com PS1=\[\e]0;\u@\h: \w\a\]${debian_chroot:+($debian_chroot)}\[\033[01;32m\]\u@\h\[\033[00m\]:\[\033[01;34m\]\w\[\033[00m\]\$ /usr/bin/cmake --install /home/strain-drone/Documents/drone_position_hold/ros2_ws/build/mocap4r2_robot_gt_msgs
[2.328s] DEBUG:colcon.colcon_core.event_handler.log_command:Invoked command in '/home/strain-drone/Documents/drone_position_hold/ros2_ws/build/mocap4r2_marker_viz_srvs' returned '0': CMAKE_PREFIX_PATH=${CMAKE_PREFIX_PATH}:/home/strain-drone/Documents/drone_position_hold/ros2_ws/install/visualizer:/home/strain-drone/Documents/drone_position_hold/ros2_ws/install/position_publisher:/home/strain-drone/Documents/drone_position_hold/ros2_ws/install/mocap4r2cli:/home/strain-drone/Documents/drone_position_hold/ros2_ws/install/mavros_config:/opt/ros/jazzy DEBUGINFOD_URLS=https://debuginfod.ubuntu.com PS1=\[\e]0;\u@\h: \w\a\]${debian_chroot:+($debian_chroot)}\[\033[01;32m\]\u@\h\[\033[00m\]:\[\033[01;34m\]\w\[\033[00m\]\$ /usr/bin/cmake --build /home/strain-drone/Documents/drone_position_hold/ros2_ws/build/mocap4r2_marker_viz_srvs -- -j4 -l4
[2.337s] DEBUG:colcon.colcon_core.event_handler.log_command:Invoking command in '/home/strain-drone/Documents/drone_position_hold/ros2_ws/build/mocap4r2_marker_viz_srvs': CMAKE_PREFIX_PATH=${CMAKE_PREFIX_PATH}:/home/strain-drone/Documents/drone_position_hold/ros2_ws/install/visualizer:/home/strain-drone/Documents/drone_position_hold/ros2_ws/install/position_publisher:/home/strain-drone/Documents/drone_position_hold/ros2_ws/install/mocap4r2cli:/home/strain-drone/Documents/drone_position_hold/ros2_ws/install/mavros_config:/opt/ros/jazzy DEBUGINFOD_URLS=https://debuginfod.ubuntu.com PS1=\[\e]0;\u@\h: \w\a\]${debian_chroot:+($debian_chroot)}\[\033[01;32m\]\u@\h\[\033[00m\]:\[\033[01;34m\]\w\[\033[00m\]\$ /usr/bin/cmake --install /home/strain-drone/Documents/drone_position_hold/ros2_ws/build/mocap4r2_marker_viz_srvs
[2.366s] DEBUG:colcon.colcon_core.event_handler.log_command:Invoked command in '/home/strain-drone/Documents/drone_position_hold/ros2_ws/build/mocap4r2_msgs' returned '0': CMAKE_PREFIX_PATH=${CMAKE_PREFIX_PATH}:/home/strain-drone/Documents/drone_position_hold/ros2_ws/install/visualizer:/home/strain-drone/Documents/drone_position_hold/ros2_ws/install/position_publisher:/home/strain-drone/Documents/drone_position_hold/ros2_ws/install/mocap4r2cli:/home/strain-drone/Documents/drone_position_hold/ros2_ws/install/mavros_config:/opt/ros/jazzy DEBUGINFOD_URLS=https://debuginfod.ubuntu.com PS1=\[\e]0;\u@\h: \w\a\]${debian_chroot:+($debian_chroot)}\[\033[01;32m\]\u@\h\[\033[00m\]:\[\033[01;34m\]\w\[\033[00m\]\$ /usr/bin/cmake --build /home/strain-drone/Documents/drone_position_hold/ros2_ws/build/mocap4r2_msgs -- -j4 -l4
[2.371s] DEBUG:colcon.colcon_core.event_handler.log_command:Invoking command in '/home/strain-drone/Documents/drone_position_hold/ros2_ws/build/mocap4r2_msgs': CMAKE_PREFIX_PATH=${CMAKE_PREFIX_PATH}:/home/strain-drone/Documents/drone_position_hold/ros2_ws/install/visualizer:/home/strain-drone/Documents/drone_position_hold/ros2_ws/install/position_publisher:/home/strain-drone/Documents/drone_position_hold/ros2_ws/install/mocap4r2cli:/home/strain-drone/Documents/drone_position_hold/ros2_ws/install/mavros_config:/opt/ros/jazzy DEBUGINFOD_URLS=https://debuginfod.ubuntu.com PS1=\[\e]0;\u@\h: \w\a\]${debian_chroot:+($debian_chroot)}\[\033[01;32m\]\u@\h\[\033[00m\]:\[\033[01;34m\]\w\[\033[00m\]\$ /usr/bin/cmake --install /home/strain-drone/Documents/drone_position_hold/ros2_ws/build/mocap4r2_msgs
[2.396s] DEBUG:colcon.colcon_core.event_handler.log_command:Invoked command in '/home/strain-drone/Documents/drone_position_hold/ros2_ws/build/mocap4r2_control_msgs' returned '0': CMAKE_PREFIX_PATH=${CMAKE_PREFIX_PATH}:/home/strain-drone/Documents/drone_position_hold/ros2_ws/install/visualizer:/home/strain-drone/Documents/drone_position_hold/ros2_ws/install/position_publisher:/home/strain-drone/Documents/drone_position_hold/ros2_ws/install/mocap4r2cli:/home/strain-drone/Documents/drone_position_hold/ros2_ws/install/mavros_config:/opt/ros/jazzy DEBUGINFOD_URLS=https://debuginfod.ubuntu.com PS1=\[\e]0;\u@\h: \w\a\]${debian_chroot:+($debian_chroot)}\[\033[01;32m\]\u@\h\[\033[00m\]:\[\033[01;34m\]\w\[\033[00m\]\$ /usr/bin/cmake --build /home/strain-drone/Documents/drone_position_hold/ros2_ws/build/mocap4r2_control_msgs -- -j4 -l4
[2.397s] DEBUG:colcon.colcon_core.event_handler.log_command:Invoking command in '/home/strain-drone/Documents/drone_position_hold/ros2_ws/build/mocap4r2_control_msgs': CMAKE_PREFIX_PATH=${CMAKE_PREFIX_PATH}:/home/strain-drone/Documents/drone_position_hold/ros2_ws/install/visualizer:/home/strain-drone/Documents/drone_position_hold/ros2_ws/install/position_publisher:/home/strain-drone/Documents/drone_position_hold/ros2_ws/install/mocap4r2cli:/home/strain-drone/Documents/drone_position_hold/ros2_ws/install/mavros_config:/opt/ros/jazzy DEBUGINFOD_URLS=https://debuginfod.ubuntu.com PS1=\[\e]0;\u@\h: \w\a\]${debian_chroot:+($debian_chroot)}\[\033[01;32m\]\u@\h\[\033[00m\]:\[\033[01;34m\]\w\[\033[00m\]\$ /usr/bin/cmake --install /home/strain-drone/Documents/drone_position_hold/ros2_ws/build/mocap4r2_control_msgs
[2.477s] Level 1:colcon.colcon_core.environment:create_environment_scripts_only(mocap4r2_marker_viz_srvs)
[2.490s] Level 1:colcon.colcon_core.environment:checking '/home/strain-drone/Documents/drone_position_hold/ros2_ws/install/mocap4r2_marker_viz_srvs' for CMake module files
[2.502s] Level 1:colcon.colcon_core.environment:checking '/home/strain-drone/Documents/drone_position_hold/ros2_ws/install/mocap4r2_marker_viz_srvs' for CMake config files
[2.503s] Level 1:colcon.colcon_core.shell:create_environment_hook('mocap4r2_marker_viz_srvs', 'cmake_prefix_path')
[2.503s] INFO:colcon.colcon_core.shell:Creating environment hook '/home/strain-drone/Documents/drone_position_hold/ros2_ws/install/mocap4r2_marker_viz_srvs/share/mocap4r2_marker_viz_srvs/hook/cmake_prefix_path.ps1'
[2.509s] INFO:colcon.colcon_core.shell:Creating environment descriptor '/home/strain-drone/Documents/drone_position_hold/ros2_ws/install/mocap4r2_marker_viz_srvs/share/mocap4r2_marker_viz_srvs/hook/cmake_prefix_path.dsv'
[2.515s] DEBUG:colcon.colcon_core.event_handler.log_command:Invoked command in '/home/strain-drone/Documents/drone_position_hold/ros2_ws/build/mocap4r2_marker_viz_srvs' returned '0': CMAKE_PREFIX_PATH=${CMAKE_PREFIX_PATH}:/home/strain-drone/Documents/drone_position_hold/ros2_ws/install/visualizer:/home/strain-drone/Documents/drone_position_hold/ros2_ws/install/position_publisher:/home/strain-drone/Documents/drone_position_hold/ros2_ws/install/mocap4r2cli:/home/strain-drone/Documents/drone_position_hold/ros2_ws/install/mavros_config:/opt/ros/jazzy DEBUGINFOD_URLS=https://debuginfod.ubuntu.com PS1=\[\e]0;\u@\h: \w\a\]${debian_chroot:+($debian_chroot)}\[\033[01;32m\]\u@\h\[\033[00m\]:\[\033[01;34m\]\w\[\033[00m\]\$ /usr/bin/cmake --install /home/strain-drone/Documents/drone_position_hold/ros2_ws/build/mocap4r2_marker_viz_srvs
[2.518s] INFO:colcon.colcon_core.shell:Creating environment hook '/home/strain-drone/Documents/drone_position_hold/ros2_ws/install/mocap4r2_marker_viz_srvs/share/mocap4r2_marker_viz_srvs/hook/cmake_prefix_path.sh'
[2.521s] Level 1:colcon.colcon_core.environment:checking '/home/strain-drone/Documents/drone_position_hold/ros2_ws/install/mocap4r2_marker_viz_srvs/lib'
[2.521s] Level 1:colcon.colcon_core.shell:create_environment_hook('mocap4r2_marker_viz_srvs', 'ld_library_path_lib')
[2.522s] INFO:colcon.colcon_core.shell:Creating environment hook '/home/strain-drone/Documents/drone_position_hold/ros2_ws/install/mocap4r2_marker_viz_srvs/share/mocap4r2_marker_viz_srvs/hook/ld_library_path_lib.ps1'
[2.523s] INFO:colcon.colcon_core.shell:Creating environment descriptor '/home/strain-drone/Documents/drone_position_hold/ros2_ws/install/mocap4r2_marker_viz_srvs/share/mocap4r2_marker_viz_srvs/hook/ld_library_path_lib.dsv'
[2.524s] INFO:colcon.colcon_core.shell:Creating environment hook '/home/strain-drone/Documents/drone_position_hold/ros2_ws/install/mocap4r2_marker_viz_srvs/share/mocap4r2_marker_viz_srvs/hook/ld_library_path_lib.sh'
[2.529s] Level 1:colcon.colcon_core.environment:checking '/home/strain-drone/Documents/drone_position_hold/ros2_ws/install/mocap4r2_marker_viz_srvs/bin'
[2.529s] Level 1:colcon.colcon_core.environment:checking '/home/strain-drone/Documents/drone_position_hold/ros2_ws/install/mocap4r2_marker_viz_srvs/lib/pkgconfig/mocap4r2_marker_viz_srvs.pc'
[2.530s] Level 1:colcon.colcon_core.environment:checking '/home/strain-drone/Documents/drone_position_hold/ros2_ws/install/mocap4r2_marker_viz_srvs/lib/python3.12/site-packages'
[2.530s] Level 1:colcon.colcon_core.shell:create_environment_hook('mocap4r2_marker_viz_srvs', 'pythonpath')
[2.531s] INFO:colcon.colcon_core.shell:Creating environment hook '/home/strain-drone/Documents/drone_position_hold/ros2_ws/install/mocap4r2_marker_viz_srvs/share/mocap4r2_marker_viz_srvs/hook/pythonpath.ps1'
[2.532s] INFO:colcon.colcon_core.shell:Creating environment descriptor '/home/strain-drone/Documents/drone_position_hold/ros2_ws/install/mocap4r2_marker_viz_srvs/share/mocap4r2_marker_viz_srvs/hook/pythonpath.dsv'
[2.535s] INFO:colcon.colcon_core.shell:Creating environment hook '/home/strain-drone/Documents/drone_position_hold/ros2_ws/install/mocap4r2_marker_viz_srvs/share/mocap4r2_marker_viz_srvs/hook/pythonpath.sh'
[2.539s] Level 1:colcon.colcon_core.environment:checking '/home/strain-drone/Documents/drone_position_hold/ros2_ws/install/mocap4r2_marker_viz_srvs/bin'
[2.542s] INFO:colcon.colcon_core.shell:Creating package script '/home/strain-drone/Documents/drone_position_hold/ros2_ws/install/mocap4r2_marker_viz_srvs/share/mocap4r2_marker_viz_srvs/package.ps1'
[2.552s] INFO:colcon.colcon_core.shell:Creating package descriptor '/home/strain-drone/Documents/drone_position_hold/ros2_ws/install/mocap4r2_marker_viz_srvs/share/mocap4r2_marker_viz_srvs/package.dsv'
[2.556s] INFO:colcon.colcon_core.shell:Creating package script '/home/strain-drone/Documents/drone_position_hold/ros2_ws/install/mocap4r2_marker_viz_srvs/share/mocap4r2_marker_viz_srvs/package.sh'
[2.560s] INFO:colcon.colcon_core.shell:Creating package script '/home/strain-drone/Documents/drone_position_hold/ros2_ws/install/mocap4r2_marker_viz_srvs/share/mocap4r2_marker_viz_srvs/package.bash'
[2.562s] INFO:colcon.colcon_core.shell:Creating package script '/home/strain-drone/Documents/drone_position_hold/ros2_ws/install/mocap4r2_marker_viz_srvs/share/mocap4r2_marker_viz_srvs/package.zsh'
[2.563s] Level 1:colcon.colcon_core.environment:create_file_with_runtime_dependencies(/home/strain-drone/Documents/drone_position_hold/ros2_ws/install/mocap4r2_marker_viz_srvs/share/colcon-core/packages/mocap4r2_marker_viz_srvs)
[2.570s] Level 1:colcon.colcon_core.environment:create_environment_scripts_only(mocap4r2_marker_viz_srvs)
[2.570s] Level 1:colcon.colcon_core.environment:checking '/home/strain-drone/Documents/drone_position_hold/ros2_ws/install/mocap4r2_marker_viz_srvs' for CMake module files
[2.573s] Level 1:colcon.colcon_core.environment:checking '/home/strain-drone/Documents/drone_position_hold/ros2_ws/install/mocap4r2_marker_viz_srvs' for CMake config files
[2.576s] Level 1:colcon.colcon_core.shell:create_environment_hook('mocap4r2_marker_viz_srvs', 'cmake_prefix_path')
[2.577s] INFO:colcon.colcon_core.shell:Creating environment hook '/home/strain-drone/Documents/drone_position_hold/ros2_ws/install/mocap4r2_marker_viz_srvs/share/mocap4r2_marker_viz_srvs/hook/cmake_prefix_path.ps1'
[2.577s] INFO:colcon.colcon_core.shell:Creating environment descriptor '/home/strain-drone/Documents/drone_position_hold/ros2_ws/install/mocap4r2_marker_viz_srvs/share/mocap4r2_marker_viz_srvs/hook/cmake_prefix_path.dsv'
[2.578s] INFO:colcon.colcon_core.shell:Creating environment hook '/home/strain-drone/Documents/drone_position_hold/ros2_ws/install/mocap4r2_marker_viz_srvs/share/mocap4r2_marker_viz_srvs/hook/cmake_prefix_path.sh'
[2.579s] Level 1:colcon.colcon_core.environment:checking '/home/strain-drone/Documents/drone_position_hold/ros2_ws/install/mocap4r2_marker_viz_srvs/lib'
[2.579s] Level 1:colcon.colcon_core.shell:create_environment_hook('mocap4r2_marker_viz_srvs', 'ld_library_path_lib')
[2.580s] INFO:colcon.colcon_core.shell:Creating environment hook '/home/strain-drone/Documents/drone_position_hold/ros2_ws/install/mocap4r2_marker_viz_srvs/share/mocap4r2_marker_viz_srvs/hook/ld_library_path_lib.ps1'
[2.580s] INFO:colcon.colcon_core.shell:Creating environment descriptor '/home/strain-drone/Documents/drone_position_hold/ros2_ws/install/mocap4r2_marker_viz_srvs/share/mocap4r2_marker_viz_srvs/hook/ld_library_path_lib.dsv'
[2.581s] INFO:colcon.colcon_core.shell:Creating environment hook '/home/strain-drone/Documents/drone_position_hold/ros2_ws/install/mocap4r2_marker_viz_srvs/share/mocap4r2_marker_viz_srvs/hook/ld_library_path_lib.sh'
[2.582s] Level 1:colcon.colcon_core.environment:checking '/home/strain-drone/Documents/drone_position_hold/ros2_ws/install/mocap4r2_marker_viz_srvs/bin'
[2.583s] Level 1:colcon.colcon_core.environment:checking '/home/strain-drone/Documents/drone_position_hold/ros2_ws/install/mocap4r2_marker_viz_srvs/lib/pkgconfig/mocap4r2_marker_viz_srvs.pc'
[2.583s] Level 1:colcon.colcon_core.environment:checking '/home/strain-drone/Documents/drone_position_hold/ros2_ws/install/mocap4r2_marker_viz_srvs/lib/python3.12/site-packages'
[2.583s] Level 1:colcon.colcon_core.shell:create_environment_hook('mocap4r2_marker_viz_srvs', 'pythonpath')
[2.583s] INFO:colcon.colcon_core.shell:Creating environment hook '/home/strain-drone/Documents/drone_position_hold/ros2_ws/install/mocap4r2_marker_viz_srvs/share/mocap4r2_marker_viz_srvs/hook/pythonpath.ps1'
[2.584s] INFO:colcon.colcon_core.shell:Creating environment descriptor '/home/strain-drone/Documents/drone_position_hold/ros2_ws/install/mocap4r2_marker_viz_srvs/share/mocap4r2_marker_viz_srvs/hook/pythonpath.dsv'
[2.585s] INFO:colcon.colcon_core.shell:Creating environment hook '/home/strain-drone/Documents/drone_position_hold/ros2_ws/install/mocap4r2_marker_viz_srvs/share/mocap4r2_marker_viz_srvs/hook/pythonpath.sh'
[2.586s] Level 1:colcon.colcon_core.environment:checking '/home/strain-drone/Documents/drone_position_hold/ros2_ws/install/mocap4r2_marker_viz_srvs/bin'
[2.587s] INFO:colcon.colcon_core.shell:Creating package script '/home/strain-drone/Documents/drone_position_hold/ros2_ws/install/mocap4r2_marker_viz_srvs/share/mocap4r2_marker_viz_srvs/package.ps1'
[2.588s] INFO:colcon.colcon_core.shell:Creating package descriptor '/home/strain-drone/Documents/drone_position_hold/ros2_ws/install/mocap4r2_marker_viz_srvs/share/mocap4r2_marker_viz_srvs/package.dsv'
[2.589s] INFO:colcon.colcon_core.shell:Creating package script '/home/strain-drone/Documents/drone_position_hold/ros2_ws/install/mocap4r2_marker_viz_srvs/share/mocap4r2_marker_viz_srvs/package.sh'
[2.590s] INFO:colcon.colcon_core.shell:Creating package script '/home/strain-drone/Documents/drone_position_hold/ros2_ws/install/mocap4r2_marker_viz_srvs/share/mocap4r2_marker_viz_srvs/package.bash'
[2.592s] INFO:colcon.colcon_core.shell:Creating package script '/home/strain-drone/Documents/drone_position_hold/ros2_ws/install/mocap4r2_marker_viz_srvs/share/mocap4r2_marker_viz_srvs/package.zsh'
[2.593s] Level 1:colcon.colcon_core.environment:create_file_with_runtime_dependencies(/home/strain-drone/Documents/drone_position_hold/ros2_ws/install/mocap4r2_marker_viz_srvs/share/colcon-core/packages/mocap4r2_marker_viz_srvs)
[2.596s] INFO:colcon.colcon_ros.task.ament_python.build:Building ROS package in '/home/strain-drone/Documents/drone_position_hold/ros2_ws/src/mavros_config' with build type 'ament_python'
[2.596s] Level 1:colcon.colcon_core.shell:create_environment_hook('mavros_config', 'ament_prefix_path')
[2.596s] INFO:colcon.colcon_core.shell:Creating environment hook '/home/strain-drone/Documents/drone_position_hold/ros2_ws/install/mavros_config/share/mavros_config/hook/ament_prefix_path.ps1'
[2.598s] INFO:colcon.colcon_core.shell:Creating environment descriptor '/home/strain-drone/Documents/drone_position_hold/ros2_ws/install/mavros_config/share/mavros_config/hook/ament_prefix_path.dsv'
[2.600s] INFO:colcon.colcon_core.shell:Creating environment hook '/home/strain-drone/Documents/drone_position_hold/ros2_ws/install/mavros_config/share/mavros_config/hook/ament_prefix_path.sh'
[2.604s] INFO:colcon.colcon_core.shell:Skip shell extension 'powershell' for command environment: Not usable outside of PowerShell
[2.604s] DEBUG:colcon.colcon_core.shell:Skip shell extension 'dsv' for command environment
[2.610s] Level 1:colcon.colcon_core.environment:create_environment_scripts_only(mocap4r2_msgs)
[2.611s] Level 1:colcon.colcon_core.environment:checking '/home/strain-drone/Documents/drone_position_hold/ros2_ws/install/mocap4r2_msgs' for CMake module files
[2.611s] DEBUG:colcon.colcon_core.event_handler.log_command:Invoked command in '/home/strain-drone/Documents/drone_position_hold/ros2_ws/build/mocap4r2_msgs' returned '0': CMAKE_PREFIX_PATH=${CMAKE_PREFIX_PATH}:/home/strain-drone/Documents/drone_position_hold/ros2_ws/install/visualizer:/home/strain-drone/Documents/drone_position_hold/ros2_ws/install/position_publisher:/home/strain-drone/Documents/drone_position_hold/ros2_ws/install/mocap4r2cli:/home/strain-drone/Documents/drone_position_hold/ros2_ws/install/mavros_config:/opt/ros/jazzy DEBUGINFOD_URLS=https://debuginfod.ubuntu.com PS1=\[\e]0;\u@\h: \w\a\]${debian_chroot:+($debian_chroot)}\[\033[01;32m\]\u@\h\[\033[00m\]:\[\033[01;34m\]\w\[\033[00m\]\$ /usr/bin/cmake --install /home/strain-drone/Documents/drone_position_hold/ros2_ws/build/mocap4r2_msgs
[2.612s] Level 1:colcon.colcon_core.environment:checking '/home/strain-drone/Documents/drone_position_hold/ros2_ws/install/mocap4r2_msgs' for CMake config files
[2.613s] Level 1:colcon.colcon_core.shell:create_environment_hook('mocap4r2_msgs', 'cmake_prefix_path')
[2.613s] INFO:colcon.colcon_core.shell:Creating environment hook '/home/strain-drone/Documents/drone_position_hold/ros2_ws/install/mocap4r2_msgs/share/mocap4r2_msgs/hook/cmake_prefix_path.ps1'
[2.614s] INFO:colcon.colcon_core.shell:Creating environment descriptor '/home/strain-drone/Documents/drone_position_hold/ros2_ws/install/mocap4r2_msgs/share/mocap4r2_msgs/hook/cmake_prefix_path.dsv'
[2.614s] INFO:colcon.colcon_core.shell:Creating environment hook '/home/strain-drone/Documents/drone_position_hold/ros2_ws/install/mocap4r2_msgs/share/mocap4r2_msgs/hook/cmake_prefix_path.sh'
[2.615s] Level 1:colcon.colcon_core.environment:checking '/home/strain-drone/Documents/drone_position_hold/ros2_ws/install/mocap4r2_msgs/lib'
[2.616s] Level 1:colcon.colcon_core.shell:create_environment_hook('mocap4r2_msgs', 'ld_library_path_lib')
[2.616s] INFO:colcon.colcon_core.shell:Creating environment hook '/home/strain-drone/Documents/drone_position_hold/ros2_ws/install/mocap4r2_msgs/share/mocap4r2_msgs/hook/ld_library_path_lib.ps1'
[2.616s] INFO:colcon.colcon_core.shell:Creating environment descriptor '/home/strain-drone/Documents/drone_position_hold/ros2_ws/install/mocap4r2_msgs/share/mocap4r2_msgs/hook/ld_library_path_lib.dsv'
[2.617s] INFO:colcon.colcon_core.shell:Creating environment hook '/home/strain-drone/Documents/drone_position_hold/ros2_ws/install/mocap4r2_msgs/share/mocap4r2_msgs/hook/ld_library_path_lib.sh'
[2.618s] Level 1:colcon.colcon_core.environment:checking '/home/strain-drone/Documents/drone_position_hold/ros2_ws/install/mocap4r2_msgs/bin'
[2.618s] Level 1:colcon.colcon_core.environment:checking '/home/strain-drone/Documents/drone_position_hold/ros2_ws/install/mocap4r2_msgs/lib/pkgconfig/mocap4r2_msgs.pc'
[2.618s] Level 1:colcon.colcon_core.environment:checking '/home/strain-drone/Documents/drone_position_hold/ros2_ws/install/mocap4r2_msgs/lib/python3.12/site-packages'
[2.618s] Level 1:colcon.colcon_core.shell:create_environment_hook('mocap4r2_msgs', 'pythonpath')
[2.619s] INFO:colcon.colcon_core.shell:Creating environment hook '/home/strain-drone/Documents/drone_position_hold/ros2_ws/install/mocap4r2_msgs/share/mocap4r2_msgs/hook/pythonpath.ps1'
[2.619s] INFO:colcon.colcon_core.shell:Creating environment descriptor '/home/strain-drone/Documents/drone_position_hold/ros2_ws/install/mocap4r2_msgs/share/mocap4r2_msgs/hook/pythonpath.dsv'
[2.620s] INFO:colcon.colcon_core.shell:Creating environment hook '/home/strain-drone/Documents/drone_position_hold/ros2_ws/install/mocap4r2_msgs/share/mocap4r2_msgs/hook/pythonpath.sh'
[2.622s] Level 1:colcon.colcon_core.environment:checking '/home/strain-drone/Documents/drone_position_hold/ros2_ws/install/mocap4r2_msgs/bin'
[2.622s] INFO:colcon.colcon_core.shell:Creating package script '/home/strain-drone/Documents/drone_position_hold/ros2_ws/install/mocap4r2_msgs/share/mocap4r2_msgs/package.ps1'
[2.623s] INFO:colcon.colcon_core.shell:Creating package descriptor '/home/strain-drone/Documents/drone_position_hold/ros2_ws/install/mocap4r2_msgs/share/mocap4r2_msgs/package.dsv'
[2.624s] INFO:colcon.colcon_core.shell:Creating package script '/home/strain-drone/Documents/drone_position_hold/ros2_ws/install/mocap4r2_msgs/share/mocap4r2_msgs/package.sh'
[2.625s] INFO:colcon.colcon_core.shell:Creating package script '/home/strain-drone/Documents/drone_position_hold/ros2_ws/install/mocap4r2_msgs/share/mocap4r2_msgs/package.bash'
[2.627s] INFO:colcon.colcon_core.shell:Creating package script '/home/strain-drone/Documents/drone_position_hold/ros2_ws/install/mocap4r2_msgs/share/mocap4r2_msgs/package.zsh'
[2.628s] Level 1:colcon.colcon_core.environment:create_file_with_runtime_dependencies(/home/strain-drone/Documents/drone_position_hold/ros2_ws/install/mocap4r2_msgs/share/colcon-core/packages/mocap4r2_msgs)
[2.630s] Level 1:colcon.colcon_core.environment:create_environment_scripts_only(mocap4r2_msgs)
[2.630s] Level 1:colcon.colcon_core.environment:checking '/home/strain-drone/Documents/drone_position_hold/ros2_ws/install/mocap4r2_msgs' for CMake module files
[2.631s] Level 1:colcon.colcon_core.environment:checking '/home/strain-drone/Documents/drone_position_hold/ros2_ws/install/mocap4r2_msgs' for CMake config files
[2.632s] Level 1:colcon.colcon_core.shell:create_environment_hook('mocap4r2_msgs', 'cmake_prefix_path')
[2.632s] INFO:colcon.colcon_core.shell:Creating environment hook '/home/strain-drone/Documents/drone_position_hold/ros2_ws/install/mocap4r2_msgs/share/mocap4r2_msgs/hook/cmake_prefix_path.ps1'
[2.632s] INFO:colcon.colcon_core.shell:Creating environment descriptor '/home/strain-drone/Documents/drone_position_hold/ros2_ws/install/mocap4r2_msgs/share/mocap4r2_msgs/hook/cmake_prefix_path.dsv'
[2.634s] INFO:colcon.colcon_core.shell:Creating environment hook '/home/strain-drone/Documents/drone_position_hold/ros2_ws/install/mocap4r2_msgs/share/mocap4r2_msgs/hook/cmake_prefix_path.sh'
[2.636s] Level 1:colcon.colcon_core.environment:checking '/home/strain-drone/Documents/drone_position_hold/ros2_ws/install/mocap4r2_msgs/lib'
[2.636s] Level 1:colcon.colcon_core.shell:create_environment_hook('mocap4r2_msgs', 'ld_library_path_lib')
[2.636s] INFO:colcon.colcon_core.shell:Creating environment hook '/home/strain-drone/Documents/drone_position_hold/ros2_ws/install/mocap4r2_msgs/share/mocap4r2_msgs/hook/ld_library_path_lib.ps1'
[2.637s] INFO:colcon.colcon_core.shell:Creating environment descriptor '/home/strain-drone/Documents/drone_position_hold/ros2_ws/install/mocap4r2_msgs/share/mocap4r2_msgs/hook/ld_library_path_lib.dsv'
[2.639s] INFO:colcon.colcon_core.shell:Creating environment hook '/home/strain-drone/Documents/drone_position_hold/ros2_ws/install/mocap4r2_msgs/share/mocap4r2_msgs/hook/ld_library_path_lib.sh'
[2.640s] Level 1:colcon.colcon_core.environment:checking '/home/strain-drone/Documents/drone_position_hold/ros2_ws/install/mocap4r2_msgs/bin'
[2.640s] Level 1:colcon.colcon_core.environment:checking '/home/strain-drone/Documents/drone_position_hold/ros2_ws/install/mocap4r2_msgs/lib/pkgconfig/mocap4r2_msgs.pc'
[2.641s] Level 1:colcon.colcon_core.environment:checking '/home/strain-drone/Documents/drone_position_hold/ros2_ws/install/mocap4r2_msgs/lib/python3.12/site-packages'
[2.641s] Level 1:colcon.colcon_core.shell:create_environment_hook('mocap4r2_msgs', 'pythonpath')
[2.641s] INFO:colcon.colcon_core.shell:Creating environment hook '/home/strain-drone/Documents/drone_position_hold/ros2_ws/install/mocap4r2_msgs/share/mocap4r2_msgs/hook/pythonpath.ps1'
[2.642s] INFO:colcon.colcon_core.shell:Creating environment descriptor '/home/strain-drone/Documents/drone_position_hold/ros2_ws/install/mocap4r2_msgs/share/mocap4r2_msgs/hook/pythonpath.dsv'
[2.646s] INFO:colcon.colcon_core.shell:Creating environment hook '/home/strain-drone/Documents/drone_position_hold/ros2_ws/install/mocap4r2_msgs/share/mocap4r2_msgs/hook/pythonpath.sh'
[2.647s] Level 1:colcon.colcon_core.environment:checking '/home/strain-drone/Documents/drone_position_hold/ros2_ws/install/mocap4r2_msgs/bin'
[2.647s] INFO:colcon.colcon_core.shell:Creating package script '/home/strain-drone/Documents/drone_position_hold/ros2_ws/install/mocap4r2_msgs/share/mocap4r2_msgs/package.ps1'
[2.648s] INFO:colcon.colcon_core.shell:Creating package descriptor '/home/strain-drone/Documents/drone_position_hold/ros2_ws/install/mocap4r2_msgs/share/mocap4r2_msgs/package.dsv'
[2.648s] INFO:colcon.colcon_core.shell:Creating package script '/home/strain-drone/Documents/drone_position_hold/ros2_ws/install/mocap4r2_msgs/share/mocap4r2_msgs/package.sh'
[2.649s] INFO:colcon.colcon_core.shell:Creating package script '/home/strain-drone/Documents/drone_position_hold/ros2_ws/install/mocap4r2_msgs/share/mocap4r2_msgs/package.bash'
[2.650s] INFO:colcon.colcon_core.shell:Creating package script '/home/strain-drone/Documents/drone_position_hold/ros2_ws/install/mocap4r2_msgs/share/mocap4r2_msgs/package.zsh'
[2.651s] Level 1:colcon.colcon_core.environment:create_file_with_runtime_dependencies(/home/strain-drone/Documents/drone_position_hold/ros2_ws/install/mocap4r2_msgs/share/colcon-core/packages/mocap4r2_msgs)
[2.652s] Level 1:colcon.colcon_core.environment:create_environment_scripts_only(mocap4r2_robot_gt_msgs)
[2.652s] Level 1:colcon.colcon_core.environment:checking '/home/strain-drone/Documents/drone_position_hold/ros2_ws/install/mocap4r2_robot_gt_msgs' for CMake module files
[2.654s] DEBUG:colcon.colcon_core.event_handler.log_command:Invoked command in '/home/strain-drone/Documents/drone_position_hold/ros2_ws/build/mocap4r2_robot_gt_msgs' returned '0': CMAKE_PREFIX_PATH=${CMAKE_PREFIX_PATH}:/home/strain-drone/Documents/drone_position_hold/ros2_ws/install/visualizer:/home/strain-drone/Documents/drone_position_hold/ros2_ws/install/position_publisher:/home/strain-drone/Documents/drone_position_hold/ros2_ws/install/mocap4r2cli:/home/strain-drone/Documents/drone_position_hold/ros2_ws/install/mavros_config:/opt/ros/jazzy DEBUGINFOD_URLS=https://debuginfod.ubuntu.com PS1=\[\e]0;\u@\h: \w\a\]${debian_chroot:+($debian_chroot)}\[\033[01;32m\]\u@\h\[\033[00m\]:\[\033[01;34m\]\w\[\033[00m\]\$ /usr/bin/cmake --install /home/strain-drone/Documents/drone_position_hold/ros2_ws/build/mocap4r2_robot_gt_msgs
[2.654s] Level 1:colcon.colcon_core.environment:checking '/home/strain-drone/Documents/drone_position_hold/ros2_ws/install/mocap4r2_robot_gt_msgs' for CMake config files
[2.655s] Level 1:colcon.colcon_core.shell:create_environment_hook('mocap4r2_robot_gt_msgs', 'cmake_prefix_path')
[2.655s] INFO:colcon.colcon_core.shell:Creating environment hook '/home/strain-drone/Documents/drone_position_hold/ros2_ws/install/mocap4r2_robot_gt_msgs/share/mocap4r2_robot_gt_msgs/hook/cmake_prefix_path.ps1'
[2.655s] INFO:colcon.colcon_core.shell:Creating environment descriptor '/home/strain-drone/Documents/drone_position_hold/ros2_ws/install/mocap4r2_robot_gt_msgs/share/mocap4r2_robot_gt_msgs/hook/cmake_prefix_path.dsv'
[2.657s] INFO:colcon.colcon_core.shell:Creating environment hook '/home/strain-drone/Documents/drone_position_hold/ros2_ws/install/mocap4r2_robot_gt_msgs/share/mocap4r2_robot_gt_msgs/hook/cmake_prefix_path.sh'
[2.658s] Level 1:colcon.colcon_core.environment:checking '/home/strain-drone/Documents/drone_position_hold/ros2_ws/install/mocap4r2_robot_gt_msgs/lib'
[2.658s] Level 1:colcon.colcon_core.shell:create_environment_hook('mocap4r2_robot_gt_msgs', 'ld_library_path_lib')
[2.658s] INFO:colcon.colcon_core.shell:Creating environment hook '/home/strain-drone/Documents/drone_position_hold/ros2_ws/install/mocap4r2_robot_gt_msgs/share/mocap4r2_robot_gt_msgs/hook/ld_library_path_lib.ps1'
[2.659s] INFO:colcon.colcon_core.shell:Creating environment descriptor '/home/strain-drone/Documents/drone_position_hold/ros2_ws/install/mocap4r2_robot_gt_msgs/share/mocap4r2_robot_gt_msgs/hook/ld_library_path_lib.dsv'
[2.660s] INFO:colcon.colcon_core.shell:Creating environment hook '/home/strain-drone/Documents/drone_position_hold/ros2_ws/install/mocap4r2_robot_gt_msgs/share/mocap4r2_robot_gt_msgs/hook/ld_library_path_lib.sh'
[2.662s] Level 1:colcon.colcon_core.environment:checking '/home/strain-drone/Documents/drone_position_hold/ros2_ws/install/mocap4r2_robot_gt_msgs/bin'
[2.662s] Level 1:colcon.colcon_core.environment:checking '/home/strain-drone/Documents/drone_position_hold/ros2_ws/install/mocap4r2_robot_gt_msgs/lib/pkgconfig/mocap4r2_robot_gt_msgs.pc'
[2.662s] Level 1:colcon.colcon_core.environment:checking '/home/strain-drone/Documents/drone_position_hold/ros2_ws/install/mocap4r2_robot_gt_msgs/lib/python3.12/site-packages'
[2.662s] Level 1:colcon.colcon_core.shell:create_environment_hook('mocap4r2_robot_gt_msgs', 'pythonpath')
[2.663s] INFO:colcon.colcon_core.shell:Creating environment hook '/home/strain-drone/Documents/drone_position_hold/ros2_ws/install/mocap4r2_robot_gt_msgs/share/mocap4r2_robot_gt_msgs/hook/pythonpath.ps1'
[2.663s] INFO:colcon.colcon_core.shell:Creating environment descriptor '/home/strain-drone/Documents/drone_position_hold/ros2_ws/install/mocap4r2_robot_gt_msgs/share/mocap4r2_robot_gt_msgs/hook/pythonpath.dsv'
[2.664s] INFO:colcon.colcon_core.shell:Creating environment hook '/home/strain-drone/Documents/drone_position_hold/ros2_ws/install/mocap4r2_robot_gt_msgs/share/mocap4r2_robot_gt_msgs/hook/pythonpath.sh'
[2.666s] Level 1:colcon.colcon_core.environment:checking '/home/strain-drone/Documents/drone_position_hold/ros2_ws/install/mocap4r2_robot_gt_msgs/bin'
[2.667s] INFO:colcon.colcon_core.shell:Creating package script '/home/strain-drone/Documents/drone_position_hold/ros2_ws/install/mocap4r2_robot_gt_msgs/share/mocap4r2_robot_gt_msgs/package.ps1'
[2.667s] INFO:colcon.colcon_core.shell:Creating package descriptor '/home/strain-drone/Documents/drone_position_hold/ros2_ws/install/mocap4r2_robot_gt_msgs/share/mocap4r2_robot_gt_msgs/package.dsv'
[2.669s] INFO:colcon.colcon_core.shell:Creating package script '/home/strain-drone/Documents/drone_position_hold/ros2_ws/install/mocap4r2_robot_gt_msgs/share/mocap4r2_robot_gt_msgs/package.sh'
[2.671s] INFO:colcon.colcon_core.shell:Creating package script '/home/strain-drone/Documents/drone_position_hold/ros2_ws/install/mocap4r2_robot_gt_msgs/share/mocap4r2_robot_gt_msgs/package.bash'
[2.672s] INFO:colcon.colcon_core.shell:Creating package script '/home/strain-drone/Documents/drone_position_hold/ros2_ws/install/mocap4r2_robot_gt_msgs/share/mocap4r2_robot_gt_msgs/package.zsh'
[2.674s] Level 1:colcon.colcon_core.environment:create_file_with_runtime_dependencies(/home/strain-drone/Documents/drone_position_hold/ros2_ws/install/mocap4r2_robot_gt_msgs/share/colcon-core/packages/mocap4r2_robot_gt_msgs)
[2.676s] Level 1:colcon.colcon_core.environment:create_environment_scripts_only(mocap4r2_robot_gt_msgs)
[2.676s] Level 1:colcon.colcon_core.environment:checking '/home/strain-drone/Documents/drone_position_hold/ros2_ws/install/mocap4r2_robot_gt_msgs' for CMake module files
[2.677s] Level 1:colcon.colcon_core.environment:checking '/home/strain-drone/Documents/drone_position_hold/ros2_ws/install/mocap4r2_robot_gt_msgs' for CMake config files
[2.678s] Level 1:colcon.colcon_core.shell:create_environment_hook('mocap4r2_robot_gt_msgs', 'cmake_prefix_path')
[2.678s] INFO:colcon.colcon_core.shell:Creating environment hook '/home/strain-drone/Documents/drone_position_hold/ros2_ws/install/mocap4r2_robot_gt_msgs/share/mocap4r2_robot_gt_msgs/hook/cmake_prefix_path.ps1'
[2.679s] INFO:colcon.colcon_core.shell:Creating environment descriptor '/home/strain-drone/Documents/drone_position_hold/ros2_ws/install/mocap4r2_robot_gt_msgs/share/mocap4r2_robot_gt_msgs/hook/cmake_prefix_path.dsv'
[2.680s] INFO:colcon.colcon_core.shell:Creating environment hook '/home/strain-drone/Documents/drone_position_hold/ros2_ws/install/mocap4r2_robot_gt_msgs/share/mocap4r2_robot_gt_msgs/hook/cmake_prefix_path.sh'
[2.681s] Level 1:colcon.colcon_core.environment:checking '/home/strain-drone/Documents/drone_position_hold/ros2_ws/install/mocap4r2_robot_gt_msgs/lib'
[2.681s] Level 1:colcon.colcon_core.shell:create_environment_hook('mocap4r2_robot_gt_msgs', 'ld_library_path_lib')
[2.681s] INFO:colcon.colcon_core.shell:Creating environment hook '/home/strain-drone/Documents/drone_position_hold/ros2_ws/install/mocap4r2_robot_gt_msgs/share/mocap4r2_robot_gt_msgs/hook/ld_library_path_lib.ps1'
[2.682s] INFO:colcon.colcon_core.shell:Creating environment descriptor '/home/strain-drone/Documents/drone_position_hold/ros2_ws/install/mocap4r2_robot_gt_msgs/share/mocap4r2_robot_gt_msgs/hook/ld_library_path_lib.dsv'
[2.683s] INFO:colcon.colcon_core.shell:Creating environment hook '/home/strain-drone/Documents/drone_position_hold/ros2_ws/install/mocap4r2_robot_gt_msgs/share/mocap4r2_robot_gt_msgs/hook/ld_library_path_lib.sh'
[2.683s] Level 1:colcon.colcon_core.environment:checking '/home/strain-drone/Documents/drone_position_hold/ros2_ws/install/mocap4r2_robot_gt_msgs/bin'
[2.684s] Level 1:colcon.colcon_core.environment:checking '/home/strain-drone/Documents/drone_position_hold/ros2_ws/install/mocap4r2_robot_gt_msgs/lib/pkgconfig/mocap4r2_robot_gt_msgs.pc'
[2.684s] Level 1:colcon.colcon_core.environment:checking '/home/strain-drone/Documents/drone_position_hold/ros2_ws/install/mocap4r2_robot_gt_msgs/lib/python3.12/site-packages'
[2.684s] Level 1:colcon.colcon_core.shell:create_environment_hook('mocap4r2_robot_gt_msgs', 'pythonpath')
[2.685s] INFO:colcon.colcon_core.shell:Creating environment hook '/home/strain-drone/Documents/drone_position_hold/ros2_ws/install/mocap4r2_robot_gt_msgs/share/mocap4r2_robot_gt_msgs/hook/pythonpath.ps1'
[2.685s] INFO:colcon.colcon_core.shell:Creating environment descriptor '/home/strain-drone/Documents/drone_position_hold/ros2_ws/install/mocap4r2_robot_gt_msgs/share/mocap4r2_robot_gt_msgs/hook/pythonpath.dsv'
[2.686s] INFO:colcon.colcon_core.shell:Creating environment hook '/home/strain-drone/Documents/drone_position_hold/ros2_ws/install/mocap4r2_robot_gt_msgs/share/mocap4r2_robot_gt_msgs/hook/pythonpath.sh'
[2.687s] Level 1:colcon.colcon_core.environment:checking '/home/strain-drone/Documents/drone_position_hold/ros2_ws/install/mocap4r2_robot_gt_msgs/bin'
[2.688s] INFO:colcon.colcon_core.shell:Creating package script '/home/strain-drone/Documents/drone_position_hold/ros2_ws/install/mocap4r2_robot_gt_msgs/share/mocap4r2_robot_gt_msgs/package.ps1'
[2.688s] INFO:colcon.colcon_core.shell:Creating package descriptor '/home/strain-drone/Documents/drone_position_hold/ros2_ws/install/mocap4r2_robot_gt_msgs/share/mocap4r2_robot_gt_msgs/package.dsv'
[2.690s] INFO:colcon.colcon_core.shell:Creating package script '/home/strain-drone/Documents/drone_position_hold/ros2_ws/install/mocap4r2_robot_gt_msgs/share/mocap4r2_robot_gt_msgs/package.sh'
[2.691s] INFO:colcon.colcon_core.shell:Creating package script '/home/strain-drone/Documents/drone_position_hold/ros2_ws/install/mocap4r2_robot_gt_msgs/share/mocap4r2_robot_gt_msgs/package.bash'
[2.692s] INFO:colcon.colcon_core.shell:Creating package script '/home/strain-drone/Documents/drone_position_hold/ros2_ws/install/mocap4r2_robot_gt_msgs/share/mocap4r2_robot_gt_msgs/package.zsh'
[2.693s] Level 1:colcon.colcon_core.environment:create_file_with_runtime_dependencies(/home/strain-drone/Documents/drone_position_hold/ros2_ws/install/mocap4r2_robot_gt_msgs/share/colcon-core/packages/mocap4r2_robot_gt_msgs)
[2.695s] Level 1:colcon.colcon_core.environment:create_environment_scripts_only(mocap4r2_control_msgs)
[2.695s] Level 1:colcon.colcon_core.environment:checking '/home/strain-drone/Documents/drone_position_hold/ros2_ws/install/mocap4r2_control_msgs' for CMake module files
[2.697s] DEBUG:colcon.colcon_core.event_handler.log_command:Invoked command in '/home/strain-drone/Documents/drone_position_hold/ros2_ws/build/mocap4r2_control_msgs' returned '0': CMAKE_PREFIX_PATH=${CMAKE_PREFIX_PATH}:/home/strain-drone/Documents/drone_position_hold/ros2_ws/install/visualizer:/home/strain-drone/Documents/drone_position_hold/ros2_ws/install/position_publisher:/home/strain-drone/Documents/drone_position_hold/ros2_ws/install/mocap4r2cli:/home/strain-drone/Documents/drone_position_hold/ros2_ws/install/mavros_config:/opt/ros/jazzy DEBUGINFOD_URLS=https://debuginfod.ubuntu.com PS1=\[\e]0;\u@\h: \w\a\]${debian_chroot:+($debian_chroot)}\[\033[01;32m\]\u@\h\[\033[00m\]:\[\033[01;34m\]\w\[\033[00m\]\$ /usr/bin/cmake --install /home/strain-drone/Documents/drone_position_hold/ros2_ws/build/mocap4r2_control_msgs
[2.697s] Level 1:colcon.colcon_core.environment:checking '/home/strain-drone/Documents/drone_position_hold/ros2_ws/install/mocap4r2_control_msgs' for CMake config files
[2.698s] Level 1:colcon.colcon_core.shell:create_environment_hook('mocap4r2_control_msgs', 'cmake_prefix_path')
[2.698s] INFO:colcon.colcon_core.shell:Creating environment hook '/home/strain-drone/Documents/drone_position_hold/ros2_ws/install/mocap4r2_control_msgs/share/mocap4r2_control_msgs/hook/cmake_prefix_path.ps1'
[2.699s] INFO:colcon.colcon_core.shell:Creating environment descriptor '/home/strain-drone/Documents/drone_position_hold/ros2_ws/install/mocap4r2_control_msgs/share/mocap4r2_control_msgs/hook/cmake_prefix_path.dsv'
[2.700s] INFO:colcon.colcon_core.shell:Creating environment hook '/home/strain-drone/Documents/drone_position_hold/ros2_ws/install/mocap4r2_control_msgs/share/mocap4r2_control_msgs/hook/cmake_prefix_path.sh'
[2.702s] Level 1:colcon.colcon_core.environment:checking '/home/strain-drone/Documents/drone_position_hold/ros2_ws/install/mocap4r2_control_msgs/lib'
[2.702s] Level 1:colcon.colcon_core.shell:create_environment_hook('mocap4r2_control_msgs', 'ld_library_path_lib')
[2.702s] INFO:colcon.colcon_core.shell:Creating environment hook '/home/strain-drone/Documents/drone_position_hold/ros2_ws/install/mocap4r2_control_msgs/share/mocap4r2_control_msgs/hook/ld_library_path_lib.ps1'
[2.703s] INFO:colcon.colcon_core.shell:Creating environment descriptor '/home/strain-drone/Documents/drone_position_hold/ros2_ws/install/mocap4r2_control_msgs/share/mocap4r2_control_msgs/hook/ld_library_path_lib.dsv'
[2.705s] INFO:colcon.colcon_core.shell:Creating environment hook '/home/strain-drone/Documents/drone_position_hold/ros2_ws/install/mocap4r2_control_msgs/share/mocap4r2_control_msgs/hook/ld_library_path_lib.sh'
[2.706s] Level 1:colcon.colcon_core.environment:checking '/home/strain-drone/Documents/drone_position_hold/ros2_ws/install/mocap4r2_control_msgs/bin'
[2.707s] Level 1:colcon.colcon_core.environment:checking '/home/strain-drone/Documents/drone_position_hold/ros2_ws/install/mocap4r2_control_msgs/lib/pkgconfig/mocap4r2_control_msgs.pc'
[2.707s] Level 1:colcon.colcon_core.environment:checking '/home/strain-drone/Documents/drone_position_hold/ros2_ws/install/mocap4r2_control_msgs/lib/python3.12/site-packages'
[2.707s] Level 1:colcon.colcon_core.shell:create_environment_hook('mocap4r2_control_msgs', 'pythonpath')
[2.707s] INFO:colcon.colcon_core.shell:Creating environment hook '/home/strain-drone/Documents/drone_position_hold/ros2_ws/install/mocap4r2_control_msgs/share/mocap4r2_control_msgs/hook/pythonpath.ps1'
[2.708s] INFO:colcon.colcon_core.shell:Creating environment descriptor '/home/strain-drone/Documents/drone_position_hold/ros2_ws/install/mocap4r2_control_msgs/share/mocap4r2_control_msgs/hook/pythonpath.dsv'
[2.710s] INFO:colcon.colcon_core.shell:Creating environment hook '/home/strain-drone/Documents/drone_position_hold/ros2_ws/install/mocap4r2_control_msgs/share/mocap4r2_control_msgs/hook/pythonpath.sh'
[2.714s] Level 1:colcon.colcon_core.environment:checking '/home/strain-drone/Documents/drone_position_hold/ros2_ws/install/mocap4r2_control_msgs/bin'
[2.714s] INFO:colcon.colcon_core.shell:Creating package script '/home/strain-drone/Documents/drone_position_hold/ros2_ws/install/mocap4r2_control_msgs/share/mocap4r2_control_msgs/package.ps1'
[2.715s] INFO:colcon.colcon_core.shell:Creating package descriptor '/home/strain-drone/Documents/drone_position_hold/ros2_ws/install/mocap4r2_control_msgs/share/mocap4r2_control_msgs/package.dsv'
[2.716s] INFO:colcon.colcon_core.shell:Creating package script '/home/strain-drone/Documents/drone_position_hold/ros2_ws/install/mocap4r2_control_msgs/share/mocap4r2_control_msgs/package.sh'
[2.717s] INFO:colcon.colcon_core.shell:Creating package script '/home/strain-drone/Documents/drone_position_hold/ros2_ws/install/mocap4r2_control_msgs/share/mocap4r2_control_msgs/package.bash'
[2.717s] INFO:colcon.colcon_core.shell:Creating package script '/home/strain-drone/Documents/drone_position_hold/ros2_ws/install/mocap4r2_control_msgs/share/mocap4r2_control_msgs/package.zsh'
[2.718s] Level 1:colcon.colcon_core.environment:create_file_with_runtime_dependencies(/home/strain-drone/Documents/drone_position_hold/ros2_ws/install/mocap4r2_control_msgs/share/colcon-core/packages/mocap4r2_control_msgs)
[2.719s] Level 1:colcon.colcon_core.environment:create_environment_scripts_only(mocap4r2_control_msgs)
[2.720s] Level 1:colcon.colcon_core.environment:checking '/home/strain-drone/Documents/drone_position_hold/ros2_ws/install/mocap4r2_control_msgs' for CMake module files
[2.721s] Level 1:colcon.colcon_core.environment:checking '/home/strain-drone/Documents/drone_position_hold/ros2_ws/install/mocap4r2_control_msgs' for CMake config files
[2.722s] Level 1:colcon.colcon_core.shell:create_environment_hook('mocap4r2_control_msgs', 'cmake_prefix_path')
[2.722s] INFO:colcon.colcon_core.shell:Creating environment hook '/home/strain-drone/Documents/drone_position_hold/ros2_ws/install/mocap4r2_control_msgs/share/mocap4r2_control_msgs/hook/cmake_prefix_path.ps1'
[2.723s] INFO:colcon.colcon_core.shell:Creating environment descriptor '/home/strain-drone/Documents/drone_position_hold/ros2_ws/install/mocap4r2_control_msgs/share/mocap4r2_control_msgs/hook/cmake_prefix_path.dsv'
[2.723s] INFO:colcon.colcon_core.shell:Creating environment hook '/home/strain-drone/Documents/drone_position_hold/ros2_ws/install/mocap4r2_control_msgs/share/mocap4r2_control_msgs/hook/cmake_prefix_path.sh'
[2.725s] Level 1:colcon.colcon_core.environment:checking '/home/strain-drone/Documents/drone_position_hold/ros2_ws/install/mocap4r2_control_msgs/lib'
[2.725s] Level 1:colcon.colcon_core.shell:create_environment_hook('mocap4r2_control_msgs', 'ld_library_path_lib')
[2.725s] INFO:colcon.colcon_core.shell:Creating environment hook '/home/strain-drone/Documents/drone_position_hold/ros2_ws/install/mocap4r2_control_msgs/share/mocap4r2_control_msgs/hook/ld_library_path_lib.ps1'
[2.726s] INFO:colcon.colcon_core.shell:Creating environment descriptor '/home/strain-drone/Documents/drone_position_hold/ros2_ws/install/mocap4r2_control_msgs/share/mocap4r2_control_msgs/hook/ld_library_path_lib.dsv'
[2.727s] INFO:colcon.colcon_core.shell:Creating environment hook '/home/strain-drone/Documents/drone_position_hold/ros2_ws/install/mocap4r2_control_msgs/share/mocap4r2_control_msgs/hook/ld_library_path_lib.sh'
[2.728s] Level 1:colcon.colcon_core.environment:checking '/home/strain-drone/Documents/drone_position_hold/ros2_ws/install/mocap4r2_control_msgs/bin'
[2.728s] Level 1:colcon.colcon_core.environment:checking '/home/strain-drone/Documents/drone_position_hold/ros2_ws/install/mocap4r2_control_msgs/lib/pkgconfig/mocap4r2_control_msgs.pc'
[2.729s] Level 1:colcon.colcon_core.environment:checking '/home/strain-drone/Documents/drone_position_hold/ros2_ws/install/mocap4r2_control_msgs/lib/python3.12/site-packages'
[2.729s] Level 1:colcon.colcon_core.shell:create_environment_hook('mocap4r2_control_msgs', 'pythonpath')
[2.729s] INFO:colcon.colcon_core.shell:Creating environment hook '/home/strain-drone/Documents/drone_position_hold/ros2_ws/install/mocap4r2_control_msgs/share/mocap4r2_control_msgs/hook/pythonpath.ps1'
[2.730s] INFO:colcon.colcon_core.shell:Creating environment descriptor '/home/strain-drone/Documents/drone_position_hold/ros2_ws/install/mocap4r2_control_msgs/share/mocap4r2_control_msgs/hook/pythonpath.dsv'
[2.731s] INFO:colcon.colcon_core.shell:Creating environment hook '/home/strain-drone/Documents/drone_position_hold/ros2_ws/install/mocap4r2_control_msgs/share/mocap4r2_control_msgs/hook/pythonpath.sh'
[2.732s] Level 1:colcon.colcon_core.environment:checking '/home/strain-drone/Documents/drone_position_hold/ros2_ws/install/mocap4r2_control_msgs/bin'
[2.733s] INFO:colcon.colcon_core.shell:Creating package script '/home/strain-drone/Documents/drone_position_hold/ros2_ws/install/mocap4r2_control_msgs/share/mocap4r2_control_msgs/package.ps1'
[2.733s] INFO:colcon.colcon_core.shell:Creating package descriptor '/home/strain-drone/Documents/drone_position_hold/ros2_ws/install/mocap4r2_control_msgs/share/mocap4r2_control_msgs/package.dsv'
[2.735s] INFO:colcon.colcon_core.shell:Creating package script '/home/strain-drone/Documents/drone_position_hold/ros2_ws/install/mocap4r2_control_msgs/share/mocap4r2_control_msgs/package.sh'
[2.736s] INFO:colcon.colcon_core.shell:Creating package script '/home/strain-drone/Documents/drone_position_hold/ros2_ws/install/mocap4r2_control_msgs/share/mocap4r2_control_msgs/package.bash'
[2.738s] INFO:colcon.colcon_core.shell:Creating package script '/home/strain-drone/Documents/drone_position_hold/ros2_ws/install/mocap4r2_control_msgs/share/mocap4r2_control_msgs/package.zsh'
[2.739s] Level 1:colcon.colcon_core.environment:create_file_with_runtime_dependencies(/home/strain-drone/Documents/drone_position_hold/ros2_ws/install/mocap4r2_control_msgs/share/colcon-core/packages/mocap4r2_control_msgs)
[2.742s] INFO:colcon.colcon_ros.task.ament_cmake.build:Building ROS package in '/home/strain-drone/Documents/drone_position_hold/ros2_ws/src/mocap4r2/mocap4r2_control/mocap4r2_control' with build type 'ament_cmake'
[2.743s] INFO:colcon.colcon_cmake.task.cmake.build:Building CMake package in '/home/strain-drone/Documents/drone_position_hold/ros2_ws/src/mocap4r2/mocap4r2_control/mocap4r2_control'
[2.743s] INFO:colcon.colcon_core.shell:Skip shell extension 'powershell' for command environment: Not usable outside of PowerShell
[2.743s] DEBUG:colcon.colcon_core.shell:Skip shell extension 'dsv' for command environment
[2.750s] INFO:colcon.colcon_ros.task.ament_cmake.build:Building ROS package in '/home/strain-drone/Documents/drone_position_hold/ros2_ws/src/natnet_ros2' with build type 'ament_cmake'
[2.750s] INFO:colcon.colcon_cmake.task.cmake.build:Building CMake package in '/home/strain-drone/Documents/drone_position_hold/ros2_ws/src/natnet_ros2'
[2.751s] INFO:colcon.colcon_core.shell:Skip shell extension 'powershell' for command environment: Not usable outside of PowerShell
[2.751s] DEBUG:colcon.colcon_core.shell:Skip shell extension 'dsv' for command environment
[2.759s] INFO:colcon.colcon_ros.task.ament_python.build:Building ROS package in '/home/strain-drone/Documents/drone_position_hold/ros2_ws/src/position_publisher' with build type 'ament_python'
[2.759s] Level 1:colcon.colcon_core.shell:create_environment_hook('position_publisher', 'ament_prefix_path')
[2.760s] INFO:colcon.colcon_core.shell:Creating environment hook '/home/strain-drone/Documents/drone_position_hold/ros2_ws/install/position_publisher/share/position_publisher/hook/ament_prefix_path.ps1'
[2.761s] INFO:colcon.colcon_core.shell:Creating environment descriptor '/home/strain-drone/Documents/drone_position_hold/ros2_ws/install/position_publisher/share/position_publisher/hook/ament_prefix_path.dsv'
[2.762s] INFO:colcon.colcon_core.shell:Creating environment hook '/home/strain-drone/Documents/drone_position_hold/ros2_ws/install/position_publisher/share/position_publisher/hook/ament_prefix_path.sh'
[2.763s] INFO:colcon.colcon_core.shell:Skip shell extension 'powershell' for command environment: Not usable outside of PowerShell
[2.763s] DEBUG:colcon.colcon_core.shell:Skip shell extension 'dsv' for command environment
[3.107s] INFO:colcon.colcon_core.task.python.build:Building Python package in '/home/strain-drone/Documents/drone_position_hold/ros2_ws/src/mavros_config'
[3.108s] INFO:colcon.colcon_core.shell:Skip shell extension 'powershell' for command environment: Not usable outside of PowerShell
[3.108s] DEBUG:colcon.colcon_core.shell:Skip shell extension 'dsv' for command environment
[3.119s] DEBUG:colcon.colcon_core.event_handler.log_command:Invoking command in '/home/strain-drone/Documents/drone_position_hold/ros2_ws/build/mocap4r2_control': CMAKE_PREFIX_PATH=/home/strain-drone/Documents/drone_position_hold/ros2_ws/install/mocap4r2_control_msgs:/home/strain-drone/Documents/drone_position_hold/ros2_ws/install/rqt_mocap4r2_control:/home/strain-drone/Documents/drone_position_hold/ros2_ws/install/natnet_ros2:/home/strain-drone/Documents/drone_position_hold/ros2_ws/install/mocap4r2_vicon_driver:/home/strain-drone/Documents/drone_position_hold/ros2_ws/install/mocap4r2_robot_gt:/home/strain-drone/Documents/drone_position_hold/ros2_ws/install/mocap4r2_robot_gt_msgs:/home/strain-drone/Documents/drone_position_hold/ros2_ws/install/mocap4r2_marker_viz:/home/strain-drone/Documents/drone_position_hold/ros2_ws/install/mocap4r2_marker_publisher:/home/strain-drone/Documents/drone_position_hold/ros2_ws/install/mocap4r2_dummy_driver:/home/strain-drone/Documents/drone_position_hold/ros2_ws/install/mocap4r2_msgs:/home/strain-drone/Documents/drone_position_hold/ros2_ws/install/mocap4r2_marker_viz_srvs:/home/strain-drone/Documents/drone_position_hold/ros2_ws/install/mocap4r2_control:/opt/ros/jazzy/opt/gz_math_vendor:/opt/ros/jazzy/opt/gz_utils_vendor:/opt/ros/jazzy/opt/gz_cmake_vendor:/home/strain-drone/Documents/drone_position_hold/ros2_ws/install/visualizer:/home/strain-drone/Documents/drone_position_hold/ros2_ws/install/position_publisher:/home/strain-drone/Documents/drone_position_hold/ros2_ws/install/mocap4r2cli:/home/strain-drone/Documents/drone_position_hold/ros2_ws/install/mavros_config:/opt/ros/jazzy DEBUGINFOD_URLS=https://debuginfod.ubuntu.com LD_LIBRARY_PATH=/home/strain-drone/Documents/drone_position_hold/ros2_ws/install/mocap4r2_control_msgs/lib:/home/strain-drone/Documents/drone_position_hold/ros2_ws/install/rqt_mocap4r2_control/lib:/home/strain-drone/Documents/drone_position_hold/ros2_ws/install/natnet_ros2/lib:/home/strain-drone/Documents/drone_position_hold/ros2_ws/install/mocap4r2_vicon_driver/lib:/home/strain-drone/Documents/drone_position_hold/ros2_ws/install/mocap4r2_robot_gt/lib:/home/strain-drone/Documents/drone_position_hold/ros2_ws/install/mocap4r2_robot_gt_msgs/lib:/home/strain-drone/Documents/drone_position_hold/ros2_ws/install/mocap4r2_msgs/lib:/home/strain-drone/Documents/drone_position_hold/ros2_ws/install/mocap4r2_marker_viz_srvs/lib:/home/strain-drone/Documents/drone_position_hold/ros2_ws/install/mocap4r2_control/lib:/opt/ros/jazzy/opt/rviz_ogre_vendor/lib:/opt/ros/jazzy/lib/aarch64-linux-gnu:/opt/ros/jazzy/opt/gz_math_vendor/lib:/opt/ros/jazzy/opt/gz_utils_vendor/lib:/opt/ros/jazzy/opt/gz_cmake_vendor/lib:/opt/ros/jazzy/lib:/home/strain-drone/Documents/drone_position_hold/ros2_ws/src/natnet_ros2/deps/NatNetSDK/lib PS1=\[\e]0;\u@\h: \w\a\]${debian_chroot:+($debian_chroot)}\[\033[01;32m\]\u@\h\[\033[00m\]:\[\033[01;34m\]\w\[\033[00m\]\$ PYTHONPATH=/home/strain-drone/Documents/drone_position_hold/ros2_ws/install/mocap4r2_control_msgs/lib/python3.12/site-packages:/home/strain-drone/Documents/drone_position_hold/ros2_ws/install/visualizer/lib/python3.12/site-packages:/home/strain-drone/Documents/drone_position_hold/ros2_ws/install/position_publisher/lib/python3.12/site-packages:/home/strain-drone/Documents/drone_position_hold/ros2_ws/install/natnet_ros2/lib/python3.12/site-packages:/home/strain-drone/Documents/drone_position_hold/ros2_ws/install/mocap4r2cli/lib/python3.12/site-packages:/home/strain-drone/Documents/drone_position_hold/ros2_ws/install/mocap4r2_robot_gt_msgs/lib/python3.12/site-packages:/home/strain-drone/Documents/drone_position_hold/ros2_ws/install/mocap4r2_msgs/lib/python3.12/site-packages:/home/strain-drone/Documents/drone_position_hold/ros2_ws/install/mocap4r2_marker_viz_srvs/lib/python3.12/site-packages:/home/strain-drone/Documents/drone_position_hold/ros2_ws/install/mavros_config/lib/python3.12/site-packages:/opt/ros/jazzy/lib/python3.12/site-packages /usr/bin/cmake --build /home/strain-drone/Documents/drone_position_hold/ros2_ws/build/mocap4r2_control -- -j4 -l4
[3.123s] DEBUG:colcon.colcon_core.event_handler.log_command:Invoking command in '/home/strain-drone/Documents/drone_position_hold/ros2_ws/build/natnet_ros2': CMAKE_PREFIX_PATH=${CMAKE_PREFIX_PATH}:/home/strain-drone/Documents/drone_position_hold/ros2_ws/install/visualizer:/home/strain-drone/Documents/drone_position_hold/ros2_ws/install/position_publisher:/home/strain-drone/Documents/drone_position_hold/ros2_ws/install/mocap4r2cli:/home/strain-drone/Documents/drone_position_hold/ros2_ws/install/mavros_config:/opt/ros/jazzy DEBUGINFOD_URLS=https://debuginfod.ubuntu.com PS1=\[\e]0;\u@\h: \w\a\]${debian_chroot:+($debian_chroot)}\[\033[01;32m\]\u@\h\[\033[00m\]:\[\033[01;34m\]\w\[\033[00m\]\$ /usr/bin/cmake --build /home/strain-drone/Documents/drone_position_hold/ros2_ws/build/natnet_ros2 -- -j4 -l4
[3.799s] INFO:colcon.colcon_core.task.python.build:Building Python package in '/home/strain-drone/Documents/drone_position_hold/ros2_ws/src/position_publisher'
[3.800s] INFO:colcon.colcon_core.shell:Skip shell extension 'powershell' for command environment: Not usable outside of PowerShell
[3.800s] DEBUG:colcon.colcon_core.shell:Skip shell extension 'dsv' for command environment
[3.820s] DEBUG:colcon.colcon_core.event_handler.log_command:Invoked command in '/home/strain-drone/Documents/drone_position_hold/ros2_ws/build/mocap4r2_control' returned '0': CMAKE_PREFIX_PATH=/home/strain-drone/Documents/drone_position_hold/ros2_ws/install/mocap4r2_control_msgs:/home/strain-drone/Documents/drone_position_hold/ros2_ws/install/rqt_mocap4r2_control:/home/strain-drone/Documents/drone_position_hold/ros2_ws/install/natnet_ros2:/home/strain-drone/Documents/drone_position_hold/ros2_ws/install/mocap4r2_vicon_driver:/home/strain-drone/Documents/drone_position_hold/ros2_ws/install/mocap4r2_robot_gt:/home/strain-drone/Documents/drone_position_hold/ros2_ws/install/mocap4r2_robot_gt_msgs:/home/strain-drone/Documents/drone_position_hold/ros2_ws/install/mocap4r2_marker_viz:/home/strain-drone/Documents/drone_position_hold/ros2_ws/install/mocap4r2_marker_publisher:/home/strain-drone/Documents/drone_position_hold/ros2_ws/install/mocap4r2_dummy_driver:/home/strain-drone/Documents/drone_position_hold/ros2_ws/install/mocap4r2_msgs:/home/strain-drone/Documents/drone_position_hold/ros2_ws/install/mocap4r2_marker_viz_srvs:/home/strain-drone/Documents/drone_position_hold/ros2_ws/install/mocap4r2_control:/opt/ros/jazzy/opt/gz_math_vendor:/opt/ros/jazzy/opt/gz_utils_vendor:/opt/ros/jazzy/opt/gz_cmake_vendor:/home/strain-drone/Documents/drone_position_hold/ros2_ws/install/visualizer:/home/strain-drone/Documents/drone_position_hold/ros2_ws/install/position_publisher:/home/strain-drone/Documents/drone_position_hold/ros2_ws/install/mocap4r2cli:/home/strain-drone/Documents/drone_position_hold/ros2_ws/install/mavros_config:/opt/ros/jazzy DEBUGINFOD_URLS=https://debuginfod.ubuntu.com LD_LIBRARY_PATH=/home/strain-drone/Documents/drone_position_hold/ros2_ws/install/mocap4r2_control_msgs/lib:/home/strain-drone/Documents/drone_position_hold/ros2_ws/install/rqt_mocap4r2_control/lib:/home/strain-drone/Documents/drone_position_hold/ros2_ws/install/natnet_ros2/lib:/home/strain-drone/Documents/drone_position_hold/ros2_ws/install/mocap4r2_vicon_driver/lib:/home/strain-drone/Documents/drone_position_hold/ros2_ws/install/mocap4r2_robot_gt/lib:/home/strain-drone/Documents/drone_position_hold/ros2_ws/install/mocap4r2_robot_gt_msgs/lib:/home/strain-drone/Documents/drone_position_hold/ros2_ws/install/mocap4r2_msgs/lib:/home/strain-drone/Documents/drone_position_hold/ros2_ws/install/mocap4r2_marker_viz_srvs/lib:/home/strain-drone/Documents/drone_position_hold/ros2_ws/install/mocap4r2_control/lib:/opt/ros/jazzy/opt/rviz_ogre_vendor/lib:/opt/ros/jazzy/lib/aarch64-linux-gnu:/opt/ros/jazzy/opt/gz_math_vendor/lib:/opt/ros/jazzy/opt/gz_utils_vendor/lib:/opt/ros/jazzy/opt/gz_cmake_vendor/lib:/opt/ros/jazzy/lib:/home/strain-drone/Documents/drone_position_hold/ros2_ws/src/natnet_ros2/deps/NatNetSDK/lib PS1=\[\e]0;\u@\h: \w\a\]${debian_chroot:+($debian_chroot)}\[\033[01;32m\]\u@\h\[\033[00m\]:\[\033[01;34m\]\w\[\033[00m\]\$ PYTHONPATH=/home/strain-drone/Documents/drone_position_hold/ros2_ws/install/mocap4r2_control_msgs/lib/python3.12/site-packages:/home/strain-drone/Documents/drone_position_hold/ros2_ws/install/visualizer/lib/python3.12/site-packages:/home/strain-drone/Documents/drone_position_hold/ros2_ws/install/position_publisher/lib/python3.12/site-packages:/home/strain-drone/Documents/drone_position_hold/ros2_ws/install/natnet_ros2/lib/python3.12/site-packages:/home/strain-drone/Documents/drone_position_hold/ros2_ws/install/mocap4r2cli/lib/python3.12/site-packages:/home/strain-drone/Documents/drone_position_hold/ros2_ws/install/mocap4r2_robot_gt_msgs/lib/python3.12/site-packages:/home/strain-drone/Documents/drone_position_hold/ros2_ws/install/mocap4r2_msgs/lib/python3.12/site-packages:/home/strain-drone/Documents/drone_position_hold/ros2_ws/install/mocap4r2_marker_viz_srvs/lib/python3.12/site-packages:/home/strain-drone/Documents/drone_position_hold/ros2_ws/install/mavros_config/lib/python3.12/site-packages:/opt/ros/jazzy/lib/python3.12/site-packages /usr/bin/cmake --build /home/strain-drone/Documents/drone_position_hold/ros2_ws/build/mocap4r2_control -- -j4 -l4
[3.822s] DEBUG:colcon.colcon_core.event_handler.log_command:Invoking command in '/home/strain-drone/Documents/drone_position_hold/ros2_ws/build/mocap4r2_control': CMAKE_PREFIX_PATH=/home/strain-drone/Documents/drone_position_hold/ros2_ws/install/mocap4r2_control_msgs:/home/strain-drone/Documents/drone_position_hold/ros2_ws/install/rqt_mocap4r2_control:/home/strain-drone/Documents/drone_position_hold/ros2_ws/install/natnet_ros2:/home/strain-drone/Documents/drone_position_hold/ros2_ws/install/mocap4r2_vicon_driver:/home/strain-drone/Documents/drone_position_hold/ros2_ws/install/mocap4r2_robot_gt:/home/strain-drone/Documents/drone_position_hold/ros2_ws/install/mocap4r2_robot_gt_msgs:/home/strain-drone/Documents/drone_position_hold/ros2_ws/install/mocap4r2_marker_viz:/home/strain-drone/Documents/drone_position_hold/ros2_ws/install/mocap4r2_marker_publisher:/home/strain-drone/Documents/drone_position_hold/ros2_ws/install/mocap4r2_dummy_driver:/home/strain-drone/Documents/drone_position_hold/ros2_ws/install/mocap4r2_msgs:/home/strain-drone/Documents/drone_position_hold/ros2_ws/install/mocap4r2_marker_viz_srvs:/home/strain-drone/Documents/drone_position_hold/ros2_ws/install/mocap4r2_control:/opt/ros/jazzy/opt/gz_math_vendor:/opt/ros/jazzy/opt/gz_utils_vendor:/opt/ros/jazzy/opt/gz_cmake_vendor:/home/strain-drone/Documents/drone_position_hold/ros2_ws/install/visualizer:/home/strain-drone/Documents/drone_position_hold/ros2_ws/install/position_publisher:/home/strain-drone/Documents/drone_position_hold/ros2_ws/install/mocap4r2cli:/home/strain-drone/Documents/drone_position_hold/ros2_ws/install/mavros_config:/opt/ros/jazzy DEBUGINFOD_URLS=https://debuginfod.ubuntu.com LD_LIBRARY_PATH=/home/strain-drone/Documents/drone_position_hold/ros2_ws/install/mocap4r2_control_msgs/lib:/home/strain-drone/Documents/drone_position_hold/ros2_ws/install/rqt_mocap4r2_control/lib:/home/strain-drone/Documents/drone_position_hold/ros2_ws/install/natnet_ros2/lib:/home/strain-drone/Documents/drone_position_hold/ros2_ws/install/mocap4r2_vicon_driver/lib:/home/strain-drone/Documents/drone_position_hold/ros2_ws/install/mocap4r2_robot_gt/lib:/home/strain-drone/Documents/drone_position_hold/ros2_ws/install/mocap4r2_robot_gt_msgs/lib:/home/strain-drone/Documents/drone_position_hold/ros2_ws/install/mocap4r2_msgs/lib:/home/strain-drone/Documents/drone_position_hold/ros2_ws/install/mocap4r2_marker_viz_srvs/lib:/home/strain-drone/Documents/drone_position_hold/ros2_ws/install/mocap4r2_control/lib:/opt/ros/jazzy/opt/rviz_ogre_vendor/lib:/opt/ros/jazzy/lib/aarch64-linux-gnu:/opt/ros/jazzy/opt/gz_math_vendor/lib:/opt/ros/jazzy/opt/gz_utils_vendor/lib:/opt/ros/jazzy/opt/gz_cmake_vendor/lib:/opt/ros/jazzy/lib:/home/strain-drone/Documents/drone_position_hold/ros2_ws/src/natnet_ros2/deps/NatNetSDK/lib PS1=\[\e]0;\u@\h: \w\a\]${debian_chroot:+($debian_chroot)}\[\033[01;32m\]\u@\h\[\033[00m\]:\[\033[01;34m\]\w\[\033[00m\]\$ PYTHONPATH=/home/strain-drone/Documents/drone_position_hold/ros2_ws/install/mocap4r2_control_msgs/lib/python3.12/site-packages:/home/strain-drone/Documents/drone_position_hold/ros2_ws/install/visualizer/lib/python3.12/site-packages:/home/strain-drone/Documents/drone_position_hold/ros2_ws/install/position_publisher/lib/python3.12/site-packages:/home/strain-drone/Documents/drone_position_hold/ros2_ws/install/natnet_ros2/lib/python3.12/site-packages:/home/strain-drone/Documents/drone_position_hold/ros2_ws/install/mocap4r2cli/lib/python3.12/site-packages:/home/strain-drone/Documents/drone_position_hold/ros2_ws/install/mocap4r2_robot_gt_msgs/lib/python3.12/site-packages:/home/strain-drone/Documents/drone_position_hold/ros2_ws/install/mocap4r2_msgs/lib/python3.12/site-packages:/home/strain-drone/Documents/drone_position_hold/ros2_ws/install/mocap4r2_marker_viz_srvs/lib/python3.12/site-packages:/home/strain-drone/Documents/drone_position_hold/ros2_ws/install/mavros_config/lib/python3.12/site-packages:/opt/ros/jazzy/lib/python3.12/site-packages /usr/bin/cmake --install /home/strain-drone/Documents/drone_position_hold/ros2_ws/build/mocap4r2_control
[3.879s] Level 1:colcon.colcon_core.environment:create_environment_scripts_only(mocap4r2_control)
[3.889s] Level 1:colcon.colcon_core.environment:checking '/home/strain-drone/Documents/drone_position_hold/ros2_ws/install/mocap4r2_control' for CMake module files
[3.890s] Level 1:colcon.colcon_core.environment:checking '/home/strain-drone/Documents/drone_position_hold/ros2_ws/install/mocap4r2_control' for CMake config files
[3.895s] Level 1:colcon.colcon_core.shell:create_environment_hook('mocap4r2_control', 'cmake_prefix_path')
[3.901s] INFO:colcon.colcon_core.shell:Creating environment hook '/home/strain-drone/Documents/drone_position_hold/ros2_ws/install/mocap4r2_control/share/mocap4r2_control/hook/cmake_prefix_path.ps1'
[3.903s] INFO:colcon.colcon_core.shell:Creating environment descriptor '/home/strain-drone/Documents/drone_position_hold/ros2_ws/install/mocap4r2_control/share/mocap4r2_control/hook/cmake_prefix_path.dsv'
[3.909s] INFO:colcon.colcon_core.shell:Creating environment hook '/home/strain-drone/Documents/drone_position_hold/ros2_ws/install/mocap4r2_control/share/mocap4r2_control/hook/cmake_prefix_path.sh'
[3.913s] Level 1:colcon.colcon_core.environment:checking '/home/strain-drone/Documents/drone_position_hold/ros2_ws/install/mocap4r2_control/lib'
[3.915s] Level 1:colcon.colcon_core.shell:create_environment_hook('mocap4r2_control', 'ld_library_path_lib')
[3.916s] INFO:colcon.colcon_core.shell:Creating environment hook '/home/strain-drone/Documents/drone_position_hold/ros2_ws/install/mocap4r2_control/share/mocap4r2_control/hook/ld_library_path_lib.ps1'
[3.920s] INFO:colcon.colcon_core.shell:Creating environment descriptor '/home/strain-drone/Documents/drone_position_hold/ros2_ws/install/mocap4r2_control/share/mocap4r2_control/hook/ld_library_path_lib.dsv'
[3.917s] DEBUG:colcon.colcon_core.event_handler.log_command:Invoked command in '/home/strain-drone/Documents/drone_position_hold/ros2_ws/build/mocap4r2_control' returned '0': CMAKE_PREFIX_PATH=/home/strain-drone/Documents/drone_position_hold/ros2_ws/install/mocap4r2_control_msgs:/home/strain-drone/Documents/drone_position_hold/ros2_ws/install/rqt_mocap4r2_control:/home/strain-drone/Documents/drone_position_hold/ros2_ws/install/natnet_ros2:/home/strain-drone/Documents/drone_position_hold/ros2_ws/install/mocap4r2_vicon_driver:/home/strain-drone/Documents/drone_position_hold/ros2_ws/install/mocap4r2_robot_gt:/home/strain-drone/Documents/drone_position_hold/ros2_ws/install/mocap4r2_robot_gt_msgs:/home/strain-drone/Documents/drone_position_hold/ros2_ws/install/mocap4r2_marker_viz:/home/strain-drone/Documents/drone_position_hold/ros2_ws/install/mocap4r2_marker_publisher:/home/strain-drone/Documents/drone_position_hold/ros2_ws/install/mocap4r2_dummy_driver:/home/strain-drone/Documents/drone_position_hold/ros2_ws/install/mocap4r2_msgs:/home/strain-drone/Documents/drone_position_hold/ros2_ws/install/mocap4r2_marker_viz_srvs:/home/strain-drone/Documents/drone_position_hold/ros2_ws/install/mocap4r2_control:/opt/ros/jazzy/opt/gz_math_vendor:/opt/ros/jazzy/opt/gz_utils_vendor:/opt/ros/jazzy/opt/gz_cmake_vendor:/home/strain-drone/Documents/drone_position_hold/ros2_ws/install/visualizer:/home/strain-drone/Documents/drone_position_hold/ros2_ws/install/position_publisher:/home/strain-drone/Documents/drone_position_hold/ros2_ws/install/mocap4r2cli:/home/strain-drone/Documents/drone_position_hold/ros2_ws/install/mavros_config:/opt/ros/jazzy DEBUGINFOD_URLS=https://debuginfod.ubuntu.com LD_LIBRARY_PATH=/home/strain-drone/Documents/drone_position_hold/ros2_ws/install/mocap4r2_control_msgs/lib:/home/strain-drone/Documents/drone_position_hold/ros2_ws/install/rqt_mocap4r2_control/lib:/home/strain-drone/Documents/drone_position_hold/ros2_ws/install/natnet_ros2/lib:/home/strain-drone/Documents/drone_position_hold/ros2_ws/install/mocap4r2_vicon_driver/lib:/home/strain-drone/Documents/drone_position_hold/ros2_ws/install/mocap4r2_robot_gt/lib:/home/strain-drone/Documents/drone_position_hold/ros2_ws/install/mocap4r2_robot_gt_msgs/lib:/home/strain-drone/Documents/drone_position_hold/ros2_ws/install/mocap4r2_msgs/lib:/home/strain-drone/Documents/drone_position_hold/ros2_ws/install/mocap4r2_marker_viz_srvs/lib:/home/strain-drone/Documents/drone_position_hold/ros2_ws/install/mocap4r2_control/lib:/opt/ros/jazzy/opt/rviz_ogre_vendor/lib:/opt/ros/jazzy/lib/aarch64-linux-gnu:/opt/ros/jazzy/opt/gz_math_vendor/lib:/opt/ros/jazzy/opt/gz_utils_vendor/lib:/opt/ros/jazzy/opt/gz_cmake_vendor/lib:/opt/ros/jazzy/lib:/home/strain-drone/Documents/drone_position_hold/ros2_ws/src/natnet_ros2/deps/NatNetSDK/lib PS1=\[\e]0;\u@\h: \w\a\]${debian_chroot:+($debian_chroot)}\[\033[01;32m\]\u@\h\[\033[00m\]:\[\033[01;34m\]\w\[\033[00m\]\$ PYTHONPATH=/home/strain-drone/Documents/drone_position_hold/ros2_ws/install/mocap4r2_control_msgs/lib/python3.12/site-packages:/home/strain-drone/Documents/drone_position_hold/ros2_ws/install/visualizer/lib/python3.12/site-packages:/home/strain-drone/Documents/drone_position_hold/ros2_ws/install/position_publisher/lib/python3.12/site-packages:/home/strain-drone/Documents/drone_position_hold/ros2_ws/install/natnet_ros2/lib/python3.12/site-packages:/home/strain-drone/Documents/drone_position_hold/ros2_ws/install/mocap4r2cli/lib/python3.12/site-packages:/home/strain-drone/Documents/drone_position_hold/ros2_ws/install/mocap4r2_robot_gt_msgs/lib/python3.12/site-packages:/home/strain-drone/Documents/drone_position_hold/ros2_ws/install/mocap4r2_msgs/lib/python3.12/site-packages:/home/strain-drone/Documents/drone_position_hold/ros2_ws/install/mocap4r2_marker_viz_srvs/lib/python3.12/site-packages:/home/strain-drone/Documents/drone_position_hold/ros2_ws/install/mavros_config/lib/python3.12/site-packages:/opt/ros/jazzy/lib/python3.12/site-packages /usr/bin/cmake --install /home/strain-drone/Documents/drone_position_hold/ros2_ws/build/mocap4r2_control
[3.923s] INFO:colcon.colcon_core.shell:Creating environment hook '/home/strain-drone/Documents/drone_position_hold/ros2_ws/install/mocap4r2_control/share/mocap4r2_control/hook/ld_library_path_lib.sh'
[3.927s] Level 1:colcon.colcon_core.environment:checking '/home/strain-drone/Documents/drone_position_hold/ros2_ws/install/mocap4r2_control/bin'
[3.927s] Level 1:colcon.colcon_core.environment:checking '/home/strain-drone/Documents/drone_position_hold/ros2_ws/install/mocap4r2_control/lib/pkgconfig/mocap4r2_control.pc'
[3.927s] Level 1:colcon.colcon_core.environment:checking '/home/strain-drone/Documents/drone_position_hold/ros2_ws/install/mocap4r2_control/lib/python3.12/site-packages'
[3.929s] Level 1:colcon.colcon_core.environment:checking '/home/strain-drone/Documents/drone_position_hold/ros2_ws/install/mocap4r2_control/bin'
[3.930s] INFO:colcon.colcon_core.shell:Creating package script '/home/strain-drone/Documents/drone_position_hold/ros2_ws/install/mocap4r2_control/share/mocap4r2_control/package.ps1'
[3.936s] INFO:colcon.colcon_core.shell:Creating package descriptor '/home/strain-drone/Documents/drone_position_hold/ros2_ws/install/mocap4r2_control/share/mocap4r2_control/package.dsv'
[3.939s] INFO:colcon.colcon_core.shell:Creating package script '/home/strain-drone/Documents/drone_position_hold/ros2_ws/install/mocap4r2_control/share/mocap4r2_control/package.sh'
[3.943s] INFO:colcon.colcon_core.shell:Creating package script '/home/strain-drone/Documents/drone_position_hold/ros2_ws/install/mocap4r2_control/share/mocap4r2_control/package.bash'
[3.950s] INFO:colcon.colcon_core.shell:Creating package script '/home/strain-drone/Documents/drone_position_hold/ros2_ws/install/mocap4r2_control/share/mocap4r2_control/package.zsh'
[3.954s] Level 1:colcon.colcon_core.environment:create_file_with_runtime_dependencies(/home/strain-drone/Documents/drone_position_hold/ros2_ws/install/mocap4r2_control/share/colcon-core/packages/mocap4r2_control)
[3.956s] Level 1:colcon.colcon_core.environment:create_environment_scripts_only(mocap4r2_control)
[3.957s] Level 1:colcon.colcon_core.environment:checking '/home/strain-drone/Documents/drone_position_hold/ros2_ws/install/mocap4r2_control' for CMake module files
[3.957s] Level 1:colcon.colcon_core.environment:checking '/home/strain-drone/Documents/drone_position_hold/ros2_ws/install/mocap4r2_control' for CMake config files
[3.958s] Level 1:colcon.colcon_core.shell:create_environment_hook('mocap4r2_control', 'cmake_prefix_path')
[3.960s] INFO:colcon.colcon_core.shell:Creating environment hook '/home/strain-drone/Documents/drone_position_hold/ros2_ws/install/mocap4r2_control/share/mocap4r2_control/hook/cmake_prefix_path.ps1'
[3.961s] INFO:colcon.colcon_core.shell:Creating environment descriptor '/home/strain-drone/Documents/drone_position_hold/ros2_ws/install/mocap4r2_control/share/mocap4r2_control/hook/cmake_prefix_path.dsv'
[3.970s] INFO:colcon.colcon_core.shell:Creating environment hook '/home/strain-drone/Documents/drone_position_hold/ros2_ws/install/mocap4r2_control/share/mocap4r2_control/hook/cmake_prefix_path.sh'
[3.972s] Level 1:colcon.colcon_core.environment:checking '/home/strain-drone/Documents/drone_position_hold/ros2_ws/install/mocap4r2_control/lib'
[3.972s] Level 1:colcon.colcon_core.shell:create_environment_hook('mocap4r2_control', 'ld_library_path_lib')
[3.972s] INFO:colcon.colcon_core.shell:Creating environment hook '/home/strain-drone/Documents/drone_position_hold/ros2_ws/install/mocap4r2_control/share/mocap4r2_control/hook/ld_library_path_lib.ps1'
[3.973s] INFO:colcon.colcon_core.shell:Creating environment descriptor '/home/strain-drone/Documents/drone_position_hold/ros2_ws/install/mocap4r2_control/share/mocap4r2_control/hook/ld_library_path_lib.dsv'
[3.976s] INFO:colcon.colcon_core.shell:Creating environment hook '/home/strain-drone/Documents/drone_position_hold/ros2_ws/install/mocap4r2_control/share/mocap4r2_control/hook/ld_library_path_lib.sh'
[3.979s] Level 1:colcon.colcon_core.environment:checking '/home/strain-drone/Documents/drone_position_hold/ros2_ws/install/mocap4r2_control/bin'
[3.979s] Level 1:colcon.colcon_core.environment:checking '/home/strain-drone/Documents/drone_position_hold/ros2_ws/install/mocap4r2_control/lib/pkgconfig/mocap4r2_control.pc'
[3.979s] Level 1:colcon.colcon_core.environment:checking '/home/strain-drone/Documents/drone_position_hold/ros2_ws/install/mocap4r2_control/lib/python3.12/site-packages'
[3.980s] Level 1:colcon.colcon_core.environment:checking '/home/strain-drone/Documents/drone_position_hold/ros2_ws/install/mocap4r2_control/bin'
[3.980s] INFO:colcon.colcon_core.shell:Creating package script '/home/strain-drone/Documents/drone_position_hold/ros2_ws/install/mocap4r2_control/share/mocap4r2_control/package.ps1'
[3.984s] INFO:colcon.colcon_core.shell:Creating package descriptor '/home/strain-drone/Documents/drone_position_hold/ros2_ws/install/mocap4r2_control/share/mocap4r2_control/package.dsv'
[3.988s] INFO:colcon.colcon_core.shell:Creating package script '/home/strain-drone/Documents/drone_position_hold/ros2_ws/install/mocap4r2_control/share/mocap4r2_control/package.sh'
[3.990s] INFO:colcon.colcon_core.shell:Creating package script '/home/strain-drone/Documents/drone_position_hold/ros2_ws/install/mocap4r2_control/share/mocap4r2_control/package.bash'
[3.995s] INFO:colcon.colcon_core.shell:Creating package script '/home/strain-drone/Documents/drone_position_hold/ros2_ws/install/mocap4r2_control/share/mocap4r2_control/package.zsh'
[3.999s] Level 1:colcon.colcon_core.environment:create_file_with_runtime_dependencies(/home/strain-drone/Documents/drone_position_hold/ros2_ws/install/mocap4r2_control/share/colcon-core/packages/mocap4r2_control)
[4.000s] INFO:colcon.colcon_ros.task.ament_python.build:Building ROS package in '/home/strain-drone/Documents/drone_position_hold/ros2_ws/src/visualizer' with build type 'ament_python'
[4.002s] Level 1:colcon.colcon_core.shell:create_environment_hook('visualizer', 'ament_prefix_path')
[4.003s] INFO:colcon.colcon_core.shell:Creating environment hook '/home/strain-drone/Documents/drone_position_hold/ros2_ws/install/visualizer/share/visualizer/hook/ament_prefix_path.ps1'
[4.007s] INFO:colcon.colcon_core.shell:Creating environment descriptor '/home/strain-drone/Documents/drone_position_hold/ros2_ws/install/visualizer/share/visualizer/hook/ament_prefix_path.dsv'
[4.008s] INFO:colcon.colcon_core.shell:Creating environment hook '/home/strain-drone/Documents/drone_position_hold/ros2_ws/install/visualizer/share/visualizer/hook/ament_prefix_path.sh'
[4.013s] INFO:colcon.colcon_core.shell:Skip shell extension 'powershell' for command environment: Not usable outside of PowerShell
[4.013s] DEBUG:colcon.colcon_core.shell:Skip shell extension 'dsv' for command environment
[4.637s] INFO:colcon.colcon_core.task.python.build:Building Python package in '/home/strain-drone/Documents/drone_position_hold/ros2_ws/src/visualizer'
[4.637s] INFO:colcon.colcon_core.shell:Skip shell extension 'powershell' for command environment: Not usable outside of PowerShell
[4.637s] DEBUG:colcon.colcon_core.shell:Skip shell extension 'dsv' for command environment
[4.646s] DEBUG:colcon.colcon_core.event_handler.log_command:Invoked command in '/home/strain-drone/Documents/drone_position_hold/ros2_ws/build/natnet_ros2' returned '0': CMAKE_PREFIX_PATH=${CMAKE_PREFIX_PATH}:/home/strain-drone/Documents/drone_position_hold/ros2_ws/install/visualizer:/home/strain-drone/Documents/drone_position_hold/ros2_ws/install/position_publisher:/home/strain-drone/Documents/drone_position_hold/ros2_ws/install/mocap4r2cli:/home/strain-drone/Documents/drone_position_hold/ros2_ws/install/mavros_config:/opt/ros/jazzy DEBUGINFOD_URLS=https://debuginfod.ubuntu.com PS1=\[\e]0;\u@\h: \w\a\]${debian_chroot:+($debian_chroot)}\[\033[01;32m\]\u@\h\[\033[00m\]:\[\033[01;34m\]\w\[\033[00m\]\$ /usr/bin/cmake --build /home/strain-drone/Documents/drone_position_hold/ros2_ws/build/natnet_ros2 -- -j4 -l4
[4.649s] DEBUG:colcon.colcon_core.event_handler.log_command:Invoking command in '/home/strain-drone/Documents/drone_position_hold/ros2_ws/build/natnet_ros2': CMAKE_PREFIX_PATH=${CMAKE_PREFIX_PATH}:/home/strain-drone/Documents/drone_position_hold/ros2_ws/install/visualizer:/home/strain-drone/Documents/drone_position_hold/ros2_ws/install/position_publisher:/home/strain-drone/Documents/drone_position_hold/ros2_ws/install/mocap4r2cli:/home/strain-drone/Documents/drone_position_hold/ros2_ws/install/mavros_config:/opt/ros/jazzy DEBUGINFOD_URLS=https://debuginfod.ubuntu.com PS1=\[\e]0;\u@\h: \w\a\]${debian_chroot:+($debian_chroot)}\[\033[01;32m\]\u@\h\[\033[00m\]:\[\033[01;34m\]\w\[\033[00m\]\$ /usr/bin/cmake --install /home/strain-drone/Documents/drone_position_hold/ros2_ws/build/natnet_ros2
[4.887s] Level 1:colcon.colcon_core.environment:create_environment_scripts_only(natnet_ros2)
[4.888s] Level 1:colcon.colcon_core.environment:checking '/home/strain-drone/Documents/drone_position_hold/ros2_ws/install/natnet_ros2' for CMake module files
[4.889s] Level 1:colcon.colcon_core.environment:checking '/home/strain-drone/Documents/drone_position_hold/ros2_ws/install/natnet_ros2' for CMake config files
[4.891s] DEBUG:colcon.colcon_core.event_handler.log_command:Invoked command in '/home/strain-drone/Documents/drone_position_hold/ros2_ws/build/natnet_ros2' returned '0': CMAKE_PREFIX_PATH=${CMAKE_PREFIX_PATH}:/home/strain-drone/Documents/drone_position_hold/ros2_ws/install/visualizer:/home/strain-drone/Documents/drone_position_hold/ros2_ws/install/position_publisher:/home/strain-drone/Documents/drone_position_hold/ros2_ws/install/mocap4r2cli:/home/strain-drone/Documents/drone_position_hold/ros2_ws/install/mavros_config:/opt/ros/jazzy DEBUGINFOD_URLS=https://debuginfod.ubuntu.com PS1=\[\e]0;\u@\h: \w\a\]${debian_chroot:+($debian_chroot)}\[\033[01;32m\]\u@\h\[\033[00m\]:\[\033[01;34m\]\w\[\033[00m\]\$ /usr/bin/cmake --install /home/strain-drone/Documents/drone_position_hold/ros2_ws/build/natnet_ros2
[4.893s] Level 1:colcon.colcon_core.shell:create_environment_hook('natnet_ros2', 'cmake_prefix_path')
[4.893s] INFO:colcon.colcon_core.shell:Creating environment hook '/home/strain-drone/Documents/drone_position_hold/ros2_ws/install/natnet_ros2/share/natnet_ros2/hook/cmake_prefix_path.ps1'
[4.895s] INFO:colcon.colcon_core.shell:Creating environment descriptor '/home/strain-drone/Documents/drone_position_hold/ros2_ws/install/natnet_ros2/share/natnet_ros2/hook/cmake_prefix_path.dsv'
[4.896s] INFO:colcon.colcon_core.shell:Creating environment hook '/home/strain-drone/Documents/drone_position_hold/ros2_ws/install/natnet_ros2/share/natnet_ros2/hook/cmake_prefix_path.sh'
[4.898s] Level 1:colcon.colcon_core.environment:checking '/home/strain-drone/Documents/drone_position_hold/ros2_ws/install/natnet_ros2/lib'
[4.898s] Level 1:colcon.colcon_core.shell:create_environment_hook('natnet_ros2', 'ld_library_path_lib')
[4.899s] INFO:colcon.colcon_core.shell:Creating environment hook '/home/strain-drone/Documents/drone_position_hold/ros2_ws/install/natnet_ros2/share/natnet_ros2/hook/ld_library_path_lib.ps1'
[4.900s] INFO:colcon.colcon_core.shell:Creating environment descriptor '/home/strain-drone/Documents/drone_position_hold/ros2_ws/install/natnet_ros2/share/natnet_ros2/hook/ld_library_path_lib.dsv'
[4.901s] INFO:colcon.colcon_core.shell:Creating environment hook '/home/strain-drone/Documents/drone_position_hold/ros2_ws/install/natnet_ros2/share/natnet_ros2/hook/ld_library_path_lib.sh'
[4.903s] Level 1:colcon.colcon_core.environment:checking '/home/strain-drone/Documents/drone_position_hold/ros2_ws/install/natnet_ros2/bin'
[4.903s] Level 1:colcon.colcon_core.shell:create_environment_hook('natnet_ros2', 'path')
[4.903s] INFO:colcon.colcon_core.shell:Creating environment hook '/home/strain-drone/Documents/drone_position_hold/ros2_ws/install/natnet_ros2/share/natnet_ros2/hook/path.ps1'
[4.904s] INFO:colcon.colcon_core.shell:Creating environment descriptor '/home/strain-drone/Documents/drone_position_hold/ros2_ws/install/natnet_ros2/share/natnet_ros2/hook/path.dsv'
[4.906s] INFO:colcon.colcon_core.shell:Creating environment hook '/home/strain-drone/Documents/drone_position_hold/ros2_ws/install/natnet_ros2/share/natnet_ros2/hook/path.sh'
[4.907s] Level 1:colcon.colcon_core.environment:checking '/home/strain-drone/Documents/drone_position_hold/ros2_ws/install/natnet_ros2/lib/pkgconfig/natnet_ros2.pc'
[4.907s] Level 1:colcon.colcon_core.environment:checking '/home/strain-drone/Documents/drone_position_hold/ros2_ws/install/natnet_ros2/lib/python3.12/site-packages'
[4.908s] Level 1:colcon.colcon_core.shell:create_environment_hook('natnet_ros2', 'pythonpath')
[4.908s] INFO:colcon.colcon_core.shell:Creating environment hook '/home/strain-drone/Documents/drone_position_hold/ros2_ws/install/natnet_ros2/share/natnet_ros2/hook/pythonpath.ps1'
[4.909s] INFO:colcon.colcon_core.shell:Creating environment descriptor '/home/strain-drone/Documents/drone_position_hold/ros2_ws/install/natnet_ros2/share/natnet_ros2/hook/pythonpath.dsv'
[4.911s] INFO:colcon.colcon_core.shell:Creating environment hook '/home/strain-drone/Documents/drone_position_hold/ros2_ws/install/natnet_ros2/share/natnet_ros2/hook/pythonpath.sh'
[4.912s] Level 1:colcon.colcon_core.environment:checking '/home/strain-drone/Documents/drone_position_hold/ros2_ws/install/natnet_ros2/bin'
[4.913s] Level 1:colcon.colcon_core.shell:create_environment_hook('natnet_ros2', 'pythonscriptspath')
[4.913s] INFO:colcon.colcon_core.shell:Creating environment hook '/home/strain-drone/Documents/drone_position_hold/ros2_ws/install/natnet_ros2/share/natnet_ros2/hook/pythonscriptspath.ps1'
[4.914s] INFO:colcon.colcon_core.shell:Creating environment descriptor '/home/strain-drone/Documents/drone_position_hold/ros2_ws/install/natnet_ros2/share/natnet_ros2/hook/pythonscriptspath.dsv'
[4.916s] INFO:colcon.colcon_core.shell:Creating environment hook '/home/strain-drone/Documents/drone_position_hold/ros2_ws/install/natnet_ros2/share/natnet_ros2/hook/pythonscriptspath.sh'
[4.918s] INFO:colcon.colcon_core.shell:Creating package script '/home/strain-drone/Documents/drone_position_hold/ros2_ws/install/natnet_ros2/share/natnet_ros2/package.ps1'
[4.919s] INFO:colcon.colcon_core.shell:Creating package descriptor '/home/strain-drone/Documents/drone_position_hold/ros2_ws/install/natnet_ros2/share/natnet_ros2/package.dsv'
[4.921s] INFO:colcon.colcon_core.shell:Creating package script '/home/strain-drone/Documents/drone_position_hold/ros2_ws/install/natnet_ros2/share/natnet_ros2/package.sh'
[4.922s] INFO:colcon.colcon_core.shell:Creating package script '/home/strain-drone/Documents/drone_position_hold/ros2_ws/install/natnet_ros2/share/natnet_ros2/package.bash'
[4.924s] INFO:colcon.colcon_core.shell:Creating package script '/home/strain-drone/Documents/drone_position_hold/ros2_ws/install/natnet_ros2/share/natnet_ros2/package.zsh'
[4.926s] Level 1:colcon.colcon_core.environment:create_file_with_runtime_dependencies(/home/strain-drone/Documents/drone_position_hold/ros2_ws/install/natnet_ros2/share/colcon-core/packages/natnet_ros2)
[4.930s] Level 1:colcon.colcon_core.environment:create_environment_scripts_only(natnet_ros2)
[4.931s] Level 1:colcon.colcon_core.environment:checking '/home/strain-drone/Documents/drone_position_hold/ros2_ws/install/natnet_ros2' for CMake module files
[4.932s] Level 1:colcon.colcon_core.environment:checking '/home/strain-drone/Documents/drone_position_hold/ros2_ws/install/natnet_ros2' for CMake config files
[4.933s] Level 1:colcon.colcon_core.shell:create_environment_hook('natnet_ros2', 'cmake_prefix_path')
[4.933s] INFO:colcon.colcon_core.shell:Creating environment hook '/home/strain-drone/Documents/drone_position_hold/ros2_ws/install/natnet_ros2/share/natnet_ros2/hook/cmake_prefix_path.ps1'
[4.983s] INFO:colcon.colcon_core.shell:Creating environment descriptor '/home/strain-drone/Documents/drone_position_hold/ros2_ws/install/natnet_ros2/share/natnet_ros2/hook/cmake_prefix_path.dsv'
[4.984s] INFO:colcon.colcon_core.shell:Creating environment hook '/home/strain-drone/Documents/drone_position_hold/ros2_ws/install/natnet_ros2/share/natnet_ros2/hook/cmake_prefix_path.sh'
[4.986s] Level 1:colcon.colcon_core.environment:checking '/home/strain-drone/Documents/drone_position_hold/ros2_ws/install/natnet_ros2/lib'
[4.986s] Level 1:colcon.colcon_core.shell:create_environment_hook('natnet_ros2', 'ld_library_path_lib')
[4.987s] INFO:colcon.colcon_core.shell:Creating environment hook '/home/strain-drone/Documents/drone_position_hold/ros2_ws/install/natnet_ros2/share/natnet_ros2/hook/ld_library_path_lib.ps1'
[4.989s] INFO:colcon.colcon_core.shell:Creating environment descriptor '/home/strain-drone/Documents/drone_position_hold/ros2_ws/install/natnet_ros2/share/natnet_ros2/hook/ld_library_path_lib.dsv'
[4.990s] INFO:colcon.colcon_core.shell:Creating environment hook '/home/strain-drone/Documents/drone_position_hold/ros2_ws/install/natnet_ros2/share/natnet_ros2/hook/ld_library_path_lib.sh'
[4.991s] Level 1:colcon.colcon_core.environment:checking '/home/strain-drone/Documents/drone_position_hold/ros2_ws/install/natnet_ros2/bin'
[4.992s] Level 1:colcon.colcon_core.shell:create_environment_hook('natnet_ros2', 'path')
[4.992s] INFO:colcon.colcon_core.shell:Creating environment hook '/home/strain-drone/Documents/drone_position_hold/ros2_ws/install/natnet_ros2/share/natnet_ros2/hook/path.ps1'
[4.994s] INFO:colcon.colcon_core.shell:Creating environment descriptor '/home/strain-drone/Documents/drone_position_hold/ros2_ws/install/natnet_ros2/share/natnet_ros2/hook/path.dsv'
[4.995s] INFO:colcon.colcon_core.shell:Creating environment hook '/home/strain-drone/Documents/drone_position_hold/ros2_ws/install/natnet_ros2/share/natnet_ros2/hook/path.sh'
[4.997s] Level 1:colcon.colcon_core.environment:checking '/home/strain-drone/Documents/drone_position_hold/ros2_ws/install/natnet_ros2/lib/pkgconfig/natnet_ros2.pc'
[4.997s] Level 1:colcon.colcon_core.environment:checking '/home/strain-drone/Documents/drone_position_hold/ros2_ws/install/natnet_ros2/lib/python3.12/site-packages'
[4.998s] Level 1:colcon.colcon_core.shell:create_environment_hook('natnet_ros2', 'pythonpath')
[4.998s] INFO:colcon.colcon_core.shell:Creating environment hook '/home/strain-drone/Documents/drone_position_hold/ros2_ws/install/natnet_ros2/share/natnet_ros2/hook/pythonpath.ps1'
[4.999s] INFO:colcon.colcon_core.shell:Creating environment descriptor '/home/strain-drone/Documents/drone_position_hold/ros2_ws/install/natnet_ros2/share/natnet_ros2/hook/pythonpath.dsv'
[5.001s] INFO:colcon.colcon_core.shell:Creating environment hook '/home/strain-drone/Documents/drone_position_hold/ros2_ws/install/natnet_ros2/share/natnet_ros2/hook/pythonpath.sh'
[5.002s] Level 1:colcon.colcon_core.environment:checking '/home/strain-drone/Documents/drone_position_hold/ros2_ws/install/natnet_ros2/bin'
[5.003s] Level 1:colcon.colcon_core.shell:create_environment_hook('natnet_ros2', 'pythonscriptspath')
[5.003s] INFO:colcon.colcon_core.shell:Creating environment hook '/home/strain-drone/Documents/drone_position_hold/ros2_ws/install/natnet_ros2/share/natnet_ros2/hook/pythonscriptspath.ps1'
[5.005s] INFO:colcon.colcon_core.shell:Creating environment descriptor '/home/strain-drone/Documents/drone_position_hold/ros2_ws/install/natnet_ros2/share/natnet_ros2/hook/pythonscriptspath.dsv'
[5.006s] INFO:colcon.colcon_core.shell:Creating environment hook '/home/strain-drone/Documents/drone_position_hold/ros2_ws/install/natnet_ros2/share/natnet_ros2/hook/pythonscriptspath.sh'
[5.007s] INFO:colcon.colcon_core.shell:Creating package script '/home/strain-drone/Documents/drone_position_hold/ros2_ws/install/natnet_ros2/share/natnet_ros2/package.ps1'
[5.009s] INFO:colcon.colcon_core.shell:Creating package descriptor '/home/strain-drone/Documents/drone_position_hold/ros2_ws/install/natnet_ros2/share/natnet_ros2/package.dsv'
[5.010s] INFO:colcon.colcon_core.shell:Creating package script '/home/strain-drone/Documents/drone_position_hold/ros2_ws/install/natnet_ros2/share/natnet_ros2/package.sh'
[5.012s] INFO:colcon.colcon_core.shell:Creating package script '/home/strain-drone/Documents/drone_position_hold/ros2_ws/install/natnet_ros2/share/natnet_ros2/package.bash'
[5.014s] INFO:colcon.colcon_core.shell:Creating package script '/home/strain-drone/Documents/drone_position_hold/ros2_ws/install/natnet_ros2/share/natnet_ros2/package.zsh'
[5.015s] Level 1:colcon.colcon_core.environment:create_file_with_runtime_dependencies(/home/strain-drone/Documents/drone_position_hold/ros2_ws/install/natnet_ros2/share/colcon-core/packages/natnet_ros2)
[5.017s] INFO:colcon.colcon_ros.task.ament_cmake.build:Building ROS package in '/home/strain-drone/Documents/drone_position_hold/ros2_ws/src/mocap4r2/mocap4r2_marker_viz/mocap4r2_marker_publisher' with build type 'ament_cmake'
[5.018s] INFO:colcon.colcon_cmake.task.cmake.build:Building CMake package in '/home/strain-drone/Documents/drone_position_hold/ros2_ws/src/mocap4r2/mocap4r2_marker_viz/mocap4r2_marker_publisher'
[5.019s] INFO:colcon.colcon_core.shell:Skip shell extension 'powershell' for command environment: Not usable outside of PowerShell
[5.019s] DEBUG:colcon.colcon_core.shell:Skip shell extension 'dsv' for command environment
[5.047s] DEBUG:colcon.colcon_core.event_handler.log_command:Invoking command in '/home/strain-drone/Documents/drone_position_hold/ros2_ws/build/mocap4r2_marker_publisher': CMAKE_PREFIX_PATH=/home/strain-drone/Documents/drone_position_hold/ros2_ws/install/mocap4r2_msgs:/home/strain-drone/Documents/drone_position_hold/ros2_ws/install/rqt_mocap4r2_control:/home/strain-drone/Documents/drone_position_hold/ros2_ws/install/natnet_ros2:/home/strain-drone/Documents/drone_position_hold/ros2_ws/install/mocap4r2_vicon_driver:/home/strain-drone/Documents/drone_position_hold/ros2_ws/install/mocap4r2_robot_gt:/home/strain-drone/Documents/drone_position_hold/ros2_ws/install/mocap4r2_robot_gt_msgs:/home/strain-drone/Documents/drone_position_hold/ros2_ws/install/mocap4r2_marker_viz:/home/strain-drone/Documents/drone_position_hold/ros2_ws/install/mocap4r2_marker_publisher:/home/strain-drone/Documents/drone_position_hold/ros2_ws/install/mocap4r2_dummy_driver:/home/strain-drone/Documents/drone_position_hold/ros2_ws/install/mocap4r2_marker_viz_srvs:/home/strain-drone/Documents/drone_position_hold/ros2_ws/install/mocap4r2_control:/home/strain-drone/Documents/drone_position_hold/ros2_ws/install/mocap4r2_control_msgs:/opt/ros/jazzy/opt/gz_math_vendor:/opt/ros/jazzy/opt/gz_utils_vendor:/opt/ros/jazzy/opt/gz_cmake_vendor:/home/strain-drone/Documents/drone_position_hold/ros2_ws/install/visualizer:/home/strain-drone/Documents/drone_position_hold/ros2_ws/install/position_publisher:/home/strain-drone/Documents/drone_position_hold/ros2_ws/install/mocap4r2cli:/home/strain-drone/Documents/drone_position_hold/ros2_ws/install/mavros_config:/opt/ros/jazzy DEBUGINFOD_URLS=https://debuginfod.ubuntu.com LD_LIBRARY_PATH=/home/strain-drone/Documents/drone_position_hold/ros2_ws/install/mocap4r2_msgs/lib:/home/strain-drone/Documents/drone_position_hold/ros2_ws/install/rqt_mocap4r2_control/lib:/home/strain-drone/Documents/drone_position_hold/ros2_ws/install/natnet_ros2/lib:/home/strain-drone/Documents/drone_position_hold/ros2_ws/install/mocap4r2_vicon_driver/lib:/home/strain-drone/Documents/drone_position_hold/ros2_ws/install/mocap4r2_robot_gt/lib:/home/strain-drone/Documents/drone_position_hold/ros2_ws/install/mocap4r2_robot_gt_msgs/lib:/home/strain-drone/Documents/drone_position_hold/ros2_ws/install/mocap4r2_marker_viz_srvs/lib:/home/strain-drone/Documents/drone_position_hold/ros2_ws/install/mocap4r2_control/lib:/home/strain-drone/Documents/drone_position_hold/ros2_ws/install/mocap4r2_control_msgs/lib:/opt/ros/jazzy/opt/rviz_ogre_vendor/lib:/opt/ros/jazzy/lib/aarch64-linux-gnu:/opt/ros/jazzy/opt/gz_math_vendor/lib:/opt/ros/jazzy/opt/gz_utils_vendor/lib:/opt/ros/jazzy/opt/gz_cmake_vendor/lib:/opt/ros/jazzy/lib:/home/strain-drone/Documents/drone_position_hold/ros2_ws/src/natnet_ros2/deps/NatNetSDK/lib PS1=\[\e]0;\u@\h: \w\a\]${debian_chroot:+($debian_chroot)}\[\033[01;32m\]\u@\h\[\033[00m\]:\[\033[01;34m\]\w\[\033[00m\]\$ PYTHONPATH=/home/strain-drone/Documents/drone_position_hold/ros2_ws/install/mocap4r2_msgs/lib/python3.12/site-packages:/home/strain-drone/Documents/drone_position_hold/ros2_ws/install/visualizer/lib/python3.12/site-packages:/home/strain-drone/Documents/drone_position_hold/ros2_ws/install/position_publisher/lib/python3.12/site-packages:/home/strain-drone/Documents/drone_position_hold/ros2_ws/install/natnet_ros2/lib/python3.12/site-packages:/home/strain-drone/Documents/drone_position_hold/ros2_ws/install/mocap4r2cli/lib/python3.12/site-packages:/home/strain-drone/Documents/drone_position_hold/ros2_ws/install/mocap4r2_robot_gt_msgs/lib/python3.12/site-packages:/home/strain-drone/Documents/drone_position_hold/ros2_ws/install/mocap4r2_marker_viz_srvs/lib/python3.12/site-packages:/home/strain-drone/Documents/drone_position_hold/ros2_ws/install/mocap4r2_control_msgs/lib/python3.12/site-packages:/home/strain-drone/Documents/drone_position_hold/ros2_ws/install/mavros_config/lib/python3.12/site-packages:/opt/ros/jazzy/lib/python3.12/site-packages /usr/bin/cmake --build /home/strain-drone/Documents/drone_position_hold/ros2_ws/build/mocap4r2_marker_publisher -- -j4 -l4
[5.199s] DEBUG:colcon.colcon_core.event_handler.log_command:Invoking command in '/home/strain-drone/Documents/drone_position_hold/ros2_ws/src/mavros_config': DEBUGINFOD_URLS=https://debuginfod.ubuntu.com PS1=\[\e]0;\u@\h: \w\a\]${debian_chroot:+($debian_chroot)}\[\033[01;32m\]\u@\h\[\033[00m\]:\[\033[01;34m\]\w\[\033[00m\]\$ PYTHONPATH=/home/strain-drone/Documents/drone_position_hold/ros2_ws/build/mavros_config/prefix_override:/usr/lib/python3/dist-packages/colcon_core/task/python/colcon_distutils_commands:/home/strain-drone/Documents/drone_position_hold/ros2_ws/install/mavros_config/lib/python3.12/site-packages:${PYTHONPATH} /usr/bin/python3 -W ignore:setup.py install is deprecated -W ignore:easy_install command is deprecated setup.py egg_info --egg-base ../../build/mavros_config build --build-base /home/strain-drone/Documents/drone_position_hold/ros2_ws/build/mavros_config/build install --record /home/strain-drone/Documents/drone_position_hold/ros2_ws/build/mavros_config/install.log --single-version-externally-managed install_data
[5.241s] DEBUG:colcon.colcon_core.event_handler.log_command:Invoked command in '/home/strain-drone/Documents/drone_position_hold/ros2_ws/build/mocap4r2_marker_publisher' returned '0': CMAKE_PREFIX_PATH=/home/strain-drone/Documents/drone_position_hold/ros2_ws/install/mocap4r2_msgs:/home/strain-drone/Documents/drone_position_hold/ros2_ws/install/rqt_mocap4r2_control:/home/strain-drone/Documents/drone_position_hold/ros2_ws/install/natnet_ros2:/home/strain-drone/Documents/drone_position_hold/ros2_ws/install/mocap4r2_vicon_driver:/home/strain-drone/Documents/drone_position_hold/ros2_ws/install/mocap4r2_robot_gt:/home/strain-drone/Documents/drone_position_hold/ros2_ws/install/mocap4r2_robot_gt_msgs:/home/strain-drone/Documents/drone_position_hold/ros2_ws/install/mocap4r2_marker_viz:/home/strain-drone/Documents/drone_position_hold/ros2_ws/install/mocap4r2_marker_publisher:/home/strain-drone/Documents/drone_position_hold/ros2_ws/install/mocap4r2_dummy_driver:/home/strain-drone/Documents/drone_position_hold/ros2_ws/install/mocap4r2_marker_viz_srvs:/home/strain-drone/Documents/drone_position_hold/ros2_ws/install/mocap4r2_control:/home/strain-drone/Documents/drone_position_hold/ros2_ws/install/mocap4r2_control_msgs:/opt/ros/jazzy/opt/gz_math_vendor:/opt/ros/jazzy/opt/gz_utils_vendor:/opt/ros/jazzy/opt/gz_cmake_vendor:/home/strain-drone/Documents/drone_position_hold/ros2_ws/install/visualizer:/home/strain-drone/Documents/drone_position_hold/ros2_ws/install/position_publisher:/home/strain-drone/Documents/drone_position_hold/ros2_ws/install/mocap4r2cli:/home/strain-drone/Documents/drone_position_hold/ros2_ws/install/mavros_config:/opt/ros/jazzy DEBUGINFOD_URLS=https://debuginfod.ubuntu.com LD_LIBRARY_PATH=/home/strain-drone/Documents/drone_position_hold/ros2_ws/install/mocap4r2_msgs/lib:/home/strain-drone/Documents/drone_position_hold/ros2_ws/install/rqt_mocap4r2_control/lib:/home/strain-drone/Documents/drone_position_hold/ros2_ws/install/natnet_ros2/lib:/home/strain-drone/Documents/drone_position_hold/ros2_ws/install/mocap4r2_vicon_driver/lib:/home/strain-drone/Documents/drone_position_hold/ros2_ws/install/mocap4r2_robot_gt/lib:/home/strain-drone/Documents/drone_position_hold/ros2_ws/install/mocap4r2_robot_gt_msgs/lib:/home/strain-drone/Documents/drone_position_hold/ros2_ws/install/mocap4r2_marker_viz_srvs/lib:/home/strain-drone/Documents/drone_position_hold/ros2_ws/install/mocap4r2_control/lib:/home/strain-drone/Documents/drone_position_hold/ros2_ws/install/mocap4r2_control_msgs/lib:/opt/ros/jazzy/opt/rviz_ogre_vendor/lib:/opt/ros/jazzy/lib/aarch64-linux-gnu:/opt/ros/jazzy/opt/gz_math_vendor/lib:/opt/ros/jazzy/opt/gz_utils_vendor/lib:/opt/ros/jazzy/opt/gz_cmake_vendor/lib:/opt/ros/jazzy/lib:/home/strain-drone/Documents/drone_position_hold/ros2_ws/src/natnet_ros2/deps/NatNetSDK/lib PS1=\[\e]0;\u@\h: \w\a\]${debian_chroot:+($debian_chroot)}\[\033[01;32m\]\u@\h\[\033[00m\]:\[\033[01;34m\]\w\[\033[00m\]\$ PYTHONPATH=/home/strain-drone/Documents/drone_position_hold/ros2_ws/install/mocap4r2_msgs/lib/python3.12/site-packages:/home/strain-drone/Documents/drone_position_hold/ros2_ws/install/visualizer/lib/python3.12/site-packages:/home/strain-drone/Documents/drone_position_hold/ros2_ws/install/position_publisher/lib/python3.12/site-packages:/home/strain-drone/Documents/drone_position_hold/ros2_ws/install/natnet_ros2/lib/python3.12/site-packages:/home/strain-drone/Documents/drone_position_hold/ros2_ws/install/mocap4r2cli/lib/python3.12/site-packages:/home/strain-drone/Documents/drone_position_hold/ros2_ws/install/mocap4r2_robot_gt_msgs/lib/python3.12/site-packages:/home/strain-drone/Documents/drone_position_hold/ros2_ws/install/mocap4r2_marker_viz_srvs/lib/python3.12/site-packages:/home/strain-drone/Documents/drone_position_hold/ros2_ws/install/mocap4r2_control_msgs/lib/python3.12/site-packages:/home/strain-drone/Documents/drone_position_hold/ros2_ws/install/mavros_config/lib/python3.12/site-packages:/opt/ros/jazzy/lib/python3.12/site-packages /usr/bin/cmake --build /home/strain-drone/Documents/drone_position_hold/ros2_ws/build/mocap4r2_marker_publisher -- -j4 -l4
[5.246s] DEBUG:colcon.colcon_core.event_handler.log_command:Invoking command in '/home/strain-drone/Documents/drone_position_hold/ros2_ws/build/mocap4r2_marker_publisher': CMAKE_PREFIX_PATH=/home/strain-drone/Documents/drone_position_hold/ros2_ws/install/mocap4r2_msgs:/home/strain-drone/Documents/drone_position_hold/ros2_ws/install/rqt_mocap4r2_control:/home/strain-drone/Documents/drone_position_hold/ros2_ws/install/natnet_ros2:/home/strain-drone/Documents/drone_position_hold/ros2_ws/install/mocap4r2_vicon_driver:/home/strain-drone/Documents/drone_position_hold/ros2_ws/install/mocap4r2_robot_gt:/home/strain-drone/Documents/drone_position_hold/ros2_ws/install/mocap4r2_robot_gt_msgs:/home/strain-drone/Documents/drone_position_hold/ros2_ws/install/mocap4r2_marker_viz:/home/strain-drone/Documents/drone_position_hold/ros2_ws/install/mocap4r2_marker_publisher:/home/strain-drone/Documents/drone_position_hold/ros2_ws/install/mocap4r2_dummy_driver:/home/strain-drone/Documents/drone_position_hold/ros2_ws/install/mocap4r2_marker_viz_srvs:/home/strain-drone/Documents/drone_position_hold/ros2_ws/install/mocap4r2_control:/home/strain-drone/Documents/drone_position_hold/ros2_ws/install/mocap4r2_control_msgs:/opt/ros/jazzy/opt/gz_math_vendor:/opt/ros/jazzy/opt/gz_utils_vendor:/opt/ros/jazzy/opt/gz_cmake_vendor:/home/strain-drone/Documents/drone_position_hold/ros2_ws/install/visualizer:/home/strain-drone/Documents/drone_position_hold/ros2_ws/install/position_publisher:/home/strain-drone/Documents/drone_position_hold/ros2_ws/install/mocap4r2cli:/home/strain-drone/Documents/drone_position_hold/ros2_ws/install/mavros_config:/opt/ros/jazzy DEBUGINFOD_URLS=https://debuginfod.ubuntu.com LD_LIBRARY_PATH=/home/strain-drone/Documents/drone_position_hold/ros2_ws/install/mocap4r2_msgs/lib:/home/strain-drone/Documents/drone_position_hold/ros2_ws/install/rqt_mocap4r2_control/lib:/home/strain-drone/Documents/drone_position_hold/ros2_ws/install/natnet_ros2/lib:/home/strain-drone/Documents/drone_position_hold/ros2_ws/install/mocap4r2_vicon_driver/lib:/home/strain-drone/Documents/drone_position_hold/ros2_ws/install/mocap4r2_robot_gt/lib:/home/strain-drone/Documents/drone_position_hold/ros2_ws/install/mocap4r2_robot_gt_msgs/lib:/home/strain-drone/Documents/drone_position_hold/ros2_ws/install/mocap4r2_marker_viz_srvs/lib:/home/strain-drone/Documents/drone_position_hold/ros2_ws/install/mocap4r2_control/lib:/home/strain-drone/Documents/drone_position_hold/ros2_ws/install/mocap4r2_control_msgs/lib:/opt/ros/jazzy/opt/rviz_ogre_vendor/lib:/opt/ros/jazzy/lib/aarch64-linux-gnu:/opt/ros/jazzy/opt/gz_math_vendor/lib:/opt/ros/jazzy/opt/gz_utils_vendor/lib:/opt/ros/jazzy/opt/gz_cmake_vendor/lib:/opt/ros/jazzy/lib:/home/strain-drone/Documents/drone_position_hold/ros2_ws/src/natnet_ros2/deps/NatNetSDK/lib PS1=\[\e]0;\u@\h: \w\a\]${debian_chroot:+($debian_chroot)}\[\033[01;32m\]\u@\h\[\033[00m\]:\[\033[01;34m\]\w\[\033[00m\]\$ PYTHONPATH=/home/strain-drone/Documents/drone_position_hold/ros2_ws/install/mocap4r2_msgs/lib/python3.12/site-packages:/home/strain-drone/Documents/drone_position_hold/ros2_ws/install/visualizer/lib/python3.12/site-packages:/home/strain-drone/Documents/drone_position_hold/ros2_ws/install/position_publisher/lib/python3.12/site-packages:/home/strain-drone/Documents/drone_position_hold/ros2_ws/install/natnet_ros2/lib/python3.12/site-packages:/home/strain-drone/Documents/drone_position_hold/ros2_ws/install/mocap4r2cli/lib/python3.12/site-packages:/home/strain-drone/Documents/drone_position_hold/ros2_ws/install/mocap4r2_robot_gt_msgs/lib/python3.12/site-packages:/home/strain-drone/Documents/drone_position_hold/ros2_ws/install/mocap4r2_marker_viz_srvs/lib/python3.12/site-packages:/home/strain-drone/Documents/drone_position_hold/ros2_ws/install/mocap4r2_control_msgs/lib/python3.12/site-packages:/home/strain-drone/Documents/drone_position_hold/ros2_ws/install/mavros_config/lib/python3.12/site-packages:/opt/ros/jazzy/lib/python3.12/site-packages /usr/bin/cmake --install /home/strain-drone/Documents/drone_position_hold/ros2_ws/build/mocap4r2_marker_publisher
[5.291s] Level 1:colcon.colcon_core.environment:create_environment_scripts_only(mocap4r2_marker_publisher)
[5.292s] Level 1:colcon.colcon_core.environment:checking '/home/strain-drone/Documents/drone_position_hold/ros2_ws/install/mocap4r2_marker_publisher' for CMake module files
[5.294s] Level 1:colcon.colcon_core.environment:checking '/home/strain-drone/Documents/drone_position_hold/ros2_ws/install/mocap4r2_marker_publisher' for CMake config files
[5.296s] Level 1:colcon.colcon_core.shell:create_environment_hook('mocap4r2_marker_publisher', 'cmake_prefix_path')
[5.297s] INFO:colcon.colcon_core.shell:Creating environment hook '/home/strain-drone/Documents/drone_position_hold/ros2_ws/install/mocap4r2_marker_publisher/share/mocap4r2_marker_publisher/hook/cmake_prefix_path.ps1'
[5.296s] DEBUG:colcon.colcon_core.event_handler.log_command:Invoked command in '/home/strain-drone/Documents/drone_position_hold/ros2_ws/build/mocap4r2_marker_publisher' returned '0': CMAKE_PREFIX_PATH=/home/strain-drone/Documents/drone_position_hold/ros2_ws/install/mocap4r2_msgs:/home/strain-drone/Documents/drone_position_hold/ros2_ws/install/rqt_mocap4r2_control:/home/strain-drone/Documents/drone_position_hold/ros2_ws/install/natnet_ros2:/home/strain-drone/Documents/drone_position_hold/ros2_ws/install/mocap4r2_vicon_driver:/home/strain-drone/Documents/drone_position_hold/ros2_ws/install/mocap4r2_robot_gt:/home/strain-drone/Documents/drone_position_hold/ros2_ws/install/mocap4r2_robot_gt_msgs:/home/strain-drone/Documents/drone_position_hold/ros2_ws/install/mocap4r2_marker_viz:/home/strain-drone/Documents/drone_position_hold/ros2_ws/install/mocap4r2_marker_publisher:/home/strain-drone/Documents/drone_position_hold/ros2_ws/install/mocap4r2_dummy_driver:/home/strain-drone/Documents/drone_position_hold/ros2_ws/install/mocap4r2_marker_viz_srvs:/home/strain-drone/Documents/drone_position_hold/ros2_ws/install/mocap4r2_control:/home/strain-drone/Documents/drone_position_hold/ros2_ws/install/mocap4r2_control_msgs:/opt/ros/jazzy/opt/gz_math_vendor:/opt/ros/jazzy/opt/gz_utils_vendor:/opt/ros/jazzy/opt/gz_cmake_vendor:/home/strain-drone/Documents/drone_position_hold/ros2_ws/install/visualizer:/home/strain-drone/Documents/drone_position_hold/ros2_ws/install/position_publisher:/home/strain-drone/Documents/drone_position_hold/ros2_ws/install/mocap4r2cli:/home/strain-drone/Documents/drone_position_hold/ros2_ws/install/mavros_config:/opt/ros/jazzy DEBUGINFOD_URLS=https://debuginfod.ubuntu.com LD_LIBRARY_PATH=/home/strain-drone/Documents/drone_position_hold/ros2_ws/install/mocap4r2_msgs/lib:/home/strain-drone/Documents/drone_position_hold/ros2_ws/install/rqt_mocap4r2_control/lib:/home/strain-drone/Documents/drone_position_hold/ros2_ws/install/natnet_ros2/lib:/home/strain-drone/Documents/drone_position_hold/ros2_ws/install/mocap4r2_vicon_driver/lib:/home/strain-drone/Documents/drone_position_hold/ros2_ws/install/mocap4r2_robot_gt/lib:/home/strain-drone/Documents/drone_position_hold/ros2_ws/install/mocap4r2_robot_gt_msgs/lib:/home/strain-drone/Documents/drone_position_hold/ros2_ws/install/mocap4r2_marker_viz_srvs/lib:/home/strain-drone/Documents/drone_position_hold/ros2_ws/install/mocap4r2_control/lib:/home/strain-drone/Documents/drone_position_hold/ros2_ws/install/mocap4r2_control_msgs/lib:/opt/ros/jazzy/opt/rviz_ogre_vendor/lib:/opt/ros/jazzy/lib/aarch64-linux-gnu:/opt/ros/jazzy/opt/gz_math_vendor/lib:/opt/ros/jazzy/opt/gz_utils_vendor/lib:/opt/ros/jazzy/opt/gz_cmake_vendor/lib:/opt/ros/jazzy/lib:/home/strain-drone/Documents/drone_position_hold/ros2_ws/src/natnet_ros2/deps/NatNetSDK/lib PS1=\[\e]0;\u@\h: \w\a\]${debian_chroot:+($debian_chroot)}\[\033[01;32m\]\u@\h\[\033[00m\]:\[\033[01;34m\]\w\[\033[00m\]\$ PYTHONPATH=/home/strain-drone/Documents/drone_position_hold/ros2_ws/install/mocap4r2_msgs/lib/python3.12/site-packages:/home/strain-drone/Documents/drone_position_hold/ros2_ws/install/visualizer/lib/python3.12/site-packages:/home/strain-drone/Documents/drone_position_hold/ros2_ws/install/position_publisher/lib/python3.12/site-packages:/home/strain-drone/Documents/drone_position_hold/ros2_ws/install/natnet_ros2/lib/python3.12/site-packages:/home/strain-drone/Documents/drone_position_hold/ros2_ws/install/mocap4r2cli/lib/python3.12/site-packages:/home/strain-drone/Documents/drone_position_hold/ros2_ws/install/mocap4r2_robot_gt_msgs/lib/python3.12/site-packages:/home/strain-drone/Documents/drone_position_hold/ros2_ws/install/mocap4r2_marker_viz_srvs/lib/python3.12/site-packages:/home/strain-drone/Documents/drone_position_hold/ros2_ws/install/mocap4r2_control_msgs/lib/python3.12/site-packages:/home/strain-drone/Documents/drone_position_hold/ros2_ws/install/mavros_config/lib/python3.12/site-packages:/opt/ros/jazzy/lib/python3.12/site-packages /usr/bin/cmake --install /home/strain-drone/Documents/drone_position_hold/ros2_ws/build/mocap4r2_marker_publisher
[5.299s] INFO:colcon.colcon_core.shell:Creating environment descriptor '/home/strain-drone/Documents/drone_position_hold/ros2_ws/install/mocap4r2_marker_publisher/share/mocap4r2_marker_publisher/hook/cmake_prefix_path.dsv'
[5.302s] INFO:colcon.colcon_core.shell:Creating environment hook '/home/strain-drone/Documents/drone_position_hold/ros2_ws/install/mocap4r2_marker_publisher/share/mocap4r2_marker_publisher/hook/cmake_prefix_path.sh'
[5.304s] Level 1:colcon.colcon_core.environment:checking '/home/strain-drone/Documents/drone_position_hold/ros2_ws/install/mocap4r2_marker_publisher/lib'
[5.304s] Level 1:colcon.colcon_core.environment:checking '/home/strain-drone/Documents/drone_position_hold/ros2_ws/install/mocap4r2_marker_publisher/bin'
[5.305s] Level 1:colcon.colcon_core.environment:checking '/home/strain-drone/Documents/drone_position_hold/ros2_ws/install/mocap4r2_marker_publisher/lib/pkgconfig/mocap4r2_marker_publisher.pc'
[5.305s] Level 1:colcon.colcon_core.environment:checking '/home/strain-drone/Documents/drone_position_hold/ros2_ws/install/mocap4r2_marker_publisher/lib/python3.12/site-packages'
[5.306s] Level 1:colcon.colcon_core.environment:checking '/home/strain-drone/Documents/drone_position_hold/ros2_ws/install/mocap4r2_marker_publisher/bin'
[5.307s] INFO:colcon.colcon_core.shell:Creating package script '/home/strain-drone/Documents/drone_position_hold/ros2_ws/install/mocap4r2_marker_publisher/share/mocap4r2_marker_publisher/package.ps1'
[5.308s] INFO:colcon.colcon_core.shell:Creating package descriptor '/home/strain-drone/Documents/drone_position_hold/ros2_ws/install/mocap4r2_marker_publisher/share/mocap4r2_marker_publisher/package.dsv'
[5.310s] INFO:colcon.colcon_core.shell:Creating package script '/home/strain-drone/Documents/drone_position_hold/ros2_ws/install/mocap4r2_marker_publisher/share/mocap4r2_marker_publisher/package.sh'
[5.312s] INFO:colcon.colcon_core.shell:Creating package script '/home/strain-drone/Documents/drone_position_hold/ros2_ws/install/mocap4r2_marker_publisher/share/mocap4r2_marker_publisher/package.bash'
[5.314s] INFO:colcon.colcon_core.shell:Creating package script '/home/strain-drone/Documents/drone_position_hold/ros2_ws/install/mocap4r2_marker_publisher/share/mocap4r2_marker_publisher/package.zsh'
[5.315s] Level 1:colcon.colcon_core.environment:create_file_with_runtime_dependencies(/home/strain-drone/Documents/drone_position_hold/ros2_ws/install/mocap4r2_marker_publisher/share/colcon-core/packages/mocap4r2_marker_publisher)
[5.317s] Level 1:colcon.colcon_core.environment:create_environment_scripts_only(mocap4r2_marker_publisher)
[5.318s] Level 1:colcon.colcon_core.environment:checking '/home/strain-drone/Documents/drone_position_hold/ros2_ws/install/mocap4r2_marker_publisher' for CMake module files
[5.319s] Level 1:colcon.colcon_core.environment:checking '/home/strain-drone/Documents/drone_position_hold/ros2_ws/install/mocap4r2_marker_publisher' for CMake config files
[5.320s] Level 1:colcon.colcon_core.shell:create_environment_hook('mocap4r2_marker_publisher', 'cmake_prefix_path')
[5.321s] INFO:colcon.colcon_core.shell:Creating environment hook '/home/strain-drone/Documents/drone_position_hold/ros2_ws/install/mocap4r2_marker_publisher/share/mocap4r2_marker_publisher/hook/cmake_prefix_path.ps1'
[5.323s] INFO:colcon.colcon_core.shell:Creating environment descriptor '/home/strain-drone/Documents/drone_position_hold/ros2_ws/install/mocap4r2_marker_publisher/share/mocap4r2_marker_publisher/hook/cmake_prefix_path.dsv'
[5.324s] INFO:colcon.colcon_core.shell:Creating environment hook '/home/strain-drone/Documents/drone_position_hold/ros2_ws/install/mocap4r2_marker_publisher/share/mocap4r2_marker_publisher/hook/cmake_prefix_path.sh'
[5.327s] Level 1:colcon.colcon_core.environment:checking '/home/strain-drone/Documents/drone_position_hold/ros2_ws/install/mocap4r2_marker_publisher/lib'
[5.327s] Level 1:colcon.colcon_core.environment:checking '/home/strain-drone/Documents/drone_position_hold/ros2_ws/install/mocap4r2_marker_publisher/bin'
[5.327s] Level 1:colcon.colcon_core.environment:checking '/home/strain-drone/Documents/drone_position_hold/ros2_ws/install/mocap4r2_marker_publisher/lib/pkgconfig/mocap4r2_marker_publisher.pc'
[5.328s] Level 1:colcon.colcon_core.environment:checking '/home/strain-drone/Documents/drone_position_hold/ros2_ws/install/mocap4r2_marker_publisher/lib/python3.12/site-packages'
[5.328s] Level 1:colcon.colcon_core.environment:checking '/home/strain-drone/Documents/drone_position_hold/ros2_ws/install/mocap4r2_marker_publisher/bin'
[5.329s] INFO:colcon.colcon_core.shell:Creating package script '/home/strain-drone/Documents/drone_position_hold/ros2_ws/install/mocap4r2_marker_publisher/share/mocap4r2_marker_publisher/package.ps1'
[5.330s] INFO:colcon.colcon_core.shell:Creating package descriptor '/home/strain-drone/Documents/drone_position_hold/ros2_ws/install/mocap4r2_marker_publisher/share/mocap4r2_marker_publisher/package.dsv'
[5.332s] INFO:colcon.colcon_core.shell:Creating package script '/home/strain-drone/Documents/drone_position_hold/ros2_ws/install/mocap4r2_marker_publisher/share/mocap4r2_marker_publisher/package.sh'
[5.333s] INFO:colcon.colcon_core.shell:Creating package script '/home/strain-drone/Documents/drone_position_hold/ros2_ws/install/mocap4r2_marker_publisher/share/mocap4r2_marker_publisher/package.bash'
[5.335s] INFO:colcon.colcon_core.shell:Creating package script '/home/strain-drone/Documents/drone_position_hold/ros2_ws/install/mocap4r2_marker_publisher/share/mocap4r2_marker_publisher/package.zsh'
[5.337s] Level 1:colcon.colcon_core.environment:create_file_with_runtime_dependencies(/home/strain-drone/Documents/drone_position_hold/ros2_ws/install/mocap4r2_marker_publisher/share/colcon-core/packages/mocap4r2_marker_publisher)
[5.339s] INFO:colcon.colcon_ros.task.ament_cmake.build:Building ROS package in '/home/strain-drone/Documents/drone_position_hold/ros2_ws/src/mocap4r2/mocap4r2_marker_viz/mocap4r2_marker_viz' with build type 'ament_cmake'
[5.339s] INFO:colcon.colcon_cmake.task.cmake.build:Building CMake package in '/home/strain-drone/Documents/drone_position_hold/ros2_ws/src/mocap4r2/mocap4r2_marker_viz/mocap4r2_marker_viz'
[5.339s] INFO:colcon.colcon_core.shell:Skip shell extension 'powershell' for command environment: Not usable outside of PowerShell
[5.339s] DEBUG:colcon.colcon_core.shell:Skip shell extension 'dsv' for command environment
[5.354s] DEBUG:colcon.colcon_core.event_handler.log_command:Invoking command in '/home/strain-drone/Documents/drone_position_hold/ros2_ws/src/position_publisher': DEBUGINFOD_URLS=https://debuginfod.ubuntu.com PS1=\[\e]0;\u@\h: \w\a\]${debian_chroot:+($debian_chroot)}\[\033[01;32m\]\u@\h\[\033[00m\]:\[\033[01;34m\]\w\[\033[00m\]\$ PYTHONPATH=/home/strain-drone/Documents/drone_position_hold/ros2_ws/build/position_publisher/prefix_override:/usr/lib/python3/dist-packages/colcon_core/task/python/colcon_distutils_commands:/home/strain-drone/Documents/drone_position_hold/ros2_ws/install/position_publisher/lib/python3.12/site-packages:${PYTHONPATH} /usr/bin/python3 -W ignore:setup.py install is deprecated -W ignore:easy_install command is deprecated setup.py egg_info --egg-base ../../build/position_publisher build --build-base /home/strain-drone/Documents/drone_position_hold/ros2_ws/build/position_publisher/build install --record /home/strain-drone/Documents/drone_position_hold/ros2_ws/build/position_publisher/install.log --single-version-externally-managed install_data
[5.372s] DEBUG:colcon.colcon_core.event_handler.log_command:Invoking command in '/home/strain-drone/Documents/drone_position_hold/ros2_ws/build/mocap4r2_marker_viz': CMAKE_PREFIX_PATH=/home/strain-drone/Documents/drone_position_hold/ros2_ws/install/mocap4r2_msgs:/home/strain-drone/Documents/drone_position_hold/ros2_ws/install/mocap4r2_marker_viz_srvs:/home/strain-drone/Documents/drone_position_hold/ros2_ws/install/rqt_mocap4r2_control:/home/strain-drone/Documents/drone_position_hold/ros2_ws/install/natnet_ros2:/home/strain-drone/Documents/drone_position_hold/ros2_ws/install/mocap4r2_vicon_driver:/home/strain-drone/Documents/drone_position_hold/ros2_ws/install/mocap4r2_robot_gt:/home/strain-drone/Documents/drone_position_hold/ros2_ws/install/mocap4r2_robot_gt_msgs:/home/strain-drone/Documents/drone_position_hold/ros2_ws/install/mocap4r2_marker_viz:/home/strain-drone/Documents/drone_position_hold/ros2_ws/install/mocap4r2_marker_publisher:/home/strain-drone/Documents/drone_position_hold/ros2_ws/install/mocap4r2_dummy_driver:/home/strain-drone/Documents/drone_position_hold/ros2_ws/install/mocap4r2_control:/home/strain-drone/Documents/drone_position_hold/ros2_ws/install/mocap4r2_control_msgs:/opt/ros/jazzy/opt/gz_math_vendor:/opt/ros/jazzy/opt/gz_utils_vendor:/opt/ros/jazzy/opt/gz_cmake_vendor:/home/strain-drone/Documents/drone_position_hold/ros2_ws/install/visualizer:/home/strain-drone/Documents/drone_position_hold/ros2_ws/install/position_publisher:/home/strain-drone/Documents/drone_position_hold/ros2_ws/install/mocap4r2cli:/home/strain-drone/Documents/drone_position_hold/ros2_ws/install/mavros_config:/opt/ros/jazzy DEBUGINFOD_URLS=https://debuginfod.ubuntu.com LD_LIBRARY_PATH=/home/strain-drone/Documents/drone_position_hold/ros2_ws/install/mocap4r2_msgs/lib:/home/strain-drone/Documents/drone_position_hold/ros2_ws/install/mocap4r2_marker_viz_srvs/lib:/home/strain-drone/Documents/drone_position_hold/ros2_ws/install/rqt_mocap4r2_control/lib:/home/strain-drone/Documents/drone_position_hold/ros2_ws/install/natnet_ros2/lib:/home/strain-drone/Documents/drone_position_hold/ros2_ws/install/mocap4r2_vicon_driver/lib:/home/strain-drone/Documents/drone_position_hold/ros2_ws/install/mocap4r2_robot_gt/lib:/home/strain-drone/Documents/drone_position_hold/ros2_ws/install/mocap4r2_robot_gt_msgs/lib:/home/strain-drone/Documents/drone_position_hold/ros2_ws/install/mocap4r2_control/lib:/home/strain-drone/Documents/drone_position_hold/ros2_ws/install/mocap4r2_control_msgs/lib:/opt/ros/jazzy/opt/rviz_ogre_vendor/lib:/opt/ros/jazzy/lib/aarch64-linux-gnu:/opt/ros/jazzy/opt/gz_math_vendor/lib:/opt/ros/jazzy/opt/gz_utils_vendor/lib:/opt/ros/jazzy/opt/gz_cmake_vendor/lib:/opt/ros/jazzy/lib:/home/strain-drone/Documents/drone_position_hold/ros2_ws/src/natnet_ros2/deps/NatNetSDK/lib PS1=\[\e]0;\u@\h: \w\a\]${debian_chroot:+($debian_chroot)}\[\033[01;32m\]\u@\h\[\033[00m\]:\[\033[01;34m\]\w\[\033[00m\]\$ PYTHONPATH=/home/strain-drone/Documents/drone_position_hold/ros2_ws/install/mocap4r2_msgs/lib/python3.12/site-packages:/home/strain-drone/Documents/drone_position_hold/ros2_ws/install/mocap4r2_marker_viz_srvs/lib/python3.12/site-packages:/home/strain-drone/Documents/drone_position_hold/ros2_ws/install/visualizer/lib/python3.12/site-packages:/home/strain-drone/Documents/drone_position_hold/ros2_ws/install/position_publisher/lib/python3.12/site-packages:/home/strain-drone/Documents/drone_position_hold/ros2_ws/install/natnet_ros2/lib/python3.12/site-packages:/home/strain-drone/Documents/drone_position_hold/ros2_ws/install/mocap4r2cli/lib/python3.12/site-packages:/home/strain-drone/Documents/drone_position_hold/ros2_ws/install/mocap4r2_robot_gt_msgs/lib/python3.12/site-packages:/home/strain-drone/Documents/drone_position_hold/ros2_ws/install/mocap4r2_control_msgs/lib/python3.12/site-packages:/home/strain-drone/Documents/drone_position_hold/ros2_ws/install/mavros_config/lib/python3.12/site-packages:/opt/ros/jazzy/lib/python3.12/site-packages /usr/bin/cmake --build /home/strain-drone/Documents/drone_position_hold/ros2_ws/build/mocap4r2_marker_viz -- -j4 -l4
[5.607s] DEBUG:colcon.colcon_core.event_handler.log_command:Invoked command in '/home/strain-drone/Documents/drone_position_hold/ros2_ws/build/mocap4r2_marker_viz' returned '0': CMAKE_PREFIX_PATH=/home/strain-drone/Documents/drone_position_hold/ros2_ws/install/mocap4r2_msgs:/home/strain-drone/Documents/drone_position_hold/ros2_ws/install/mocap4r2_marker_viz_srvs:/home/strain-drone/Documents/drone_position_hold/ros2_ws/install/rqt_mocap4r2_control:/home/strain-drone/Documents/drone_position_hold/ros2_ws/install/natnet_ros2:/home/strain-drone/Documents/drone_position_hold/ros2_ws/install/mocap4r2_vicon_driver:/home/strain-drone/Documents/drone_position_hold/ros2_ws/install/mocap4r2_robot_gt:/home/strain-drone/Documents/drone_position_hold/ros2_ws/install/mocap4r2_robot_gt_msgs:/home/strain-drone/Documents/drone_position_hold/ros2_ws/install/mocap4r2_marker_viz:/home/strain-drone/Documents/drone_position_hold/ros2_ws/install/mocap4r2_marker_publisher:/home/strain-drone/Documents/drone_position_hold/ros2_ws/install/mocap4r2_dummy_driver:/home/strain-drone/Documents/drone_position_hold/ros2_ws/install/mocap4r2_control:/home/strain-drone/Documents/drone_position_hold/ros2_ws/install/mocap4r2_control_msgs:/opt/ros/jazzy/opt/gz_math_vendor:/opt/ros/jazzy/opt/gz_utils_vendor:/opt/ros/jazzy/opt/gz_cmake_vendor:/home/strain-drone/Documents/drone_position_hold/ros2_ws/install/visualizer:/home/strain-drone/Documents/drone_position_hold/ros2_ws/install/position_publisher:/home/strain-drone/Documents/drone_position_hold/ros2_ws/install/mocap4r2cli:/home/strain-drone/Documents/drone_position_hold/ros2_ws/install/mavros_config:/opt/ros/jazzy DEBUGINFOD_URLS=https://debuginfod.ubuntu.com LD_LIBRARY_PATH=/home/strain-drone/Documents/drone_position_hold/ros2_ws/install/mocap4r2_msgs/lib:/home/strain-drone/Documents/drone_position_hold/ros2_ws/install/mocap4r2_marker_viz_srvs/lib:/home/strain-drone/Documents/drone_position_hold/ros2_ws/install/rqt_mocap4r2_control/lib:/home/strain-drone/Documents/drone_position_hold/ros2_ws/install/natnet_ros2/lib:/home/strain-drone/Documents/drone_position_hold/ros2_ws/install/mocap4r2_vicon_driver/lib:/home/strain-drone/Documents/drone_position_hold/ros2_ws/install/mocap4r2_robot_gt/lib:/home/strain-drone/Documents/drone_position_hold/ros2_ws/install/mocap4r2_robot_gt_msgs/lib:/home/strain-drone/Documents/drone_position_hold/ros2_ws/install/mocap4r2_control/lib:/home/strain-drone/Documents/drone_position_hold/ros2_ws/install/mocap4r2_control_msgs/lib:/opt/ros/jazzy/opt/rviz_ogre_vendor/lib:/opt/ros/jazzy/lib/aarch64-linux-gnu:/opt/ros/jazzy/opt/gz_math_vendor/lib:/opt/ros/jazzy/opt/gz_utils_vendor/lib:/opt/ros/jazzy/opt/gz_cmake_vendor/lib:/opt/ros/jazzy/lib:/home/strain-drone/Documents/drone_position_hold/ros2_ws/src/natnet_ros2/deps/NatNetSDK/lib PS1=\[\e]0;\u@\h: \w\a\]${debian_chroot:+($debian_chroot)}\[\033[01;32m\]\u@\h\[\033[00m\]:\[\033[01;34m\]\w\[\033[00m\]\$ PYTHONPATH=/home/strain-drone/Documents/drone_position_hold/ros2_ws/install/mocap4r2_msgs/lib/python3.12/site-packages:/home/strain-drone/Documents/drone_position_hold/ros2_ws/install/mocap4r2_marker_viz_srvs/lib/python3.12/site-packages:/home/strain-drone/Documents/drone_position_hold/ros2_ws/install/visualizer/lib/python3.12/site-packages:/home/strain-drone/Documents/drone_position_hold/ros2_ws/install/position_publisher/lib/python3.12/site-packages:/home/strain-drone/Documents/drone_position_hold/ros2_ws/install/natnet_ros2/lib/python3.12/site-packages:/home/strain-drone/Documents/drone_position_hold/ros2_ws/install/mocap4r2cli/lib/python3.12/site-packages:/home/strain-drone/Documents/drone_position_hold/ros2_ws/install/mocap4r2_robot_gt_msgs/lib/python3.12/site-packages:/home/strain-drone/Documents/drone_position_hold/ros2_ws/install/mocap4r2_control_msgs/lib/python3.12/site-packages:/home/strain-drone/Documents/drone_position_hold/ros2_ws/install/mavros_config/lib/python3.12/site-packages:/opt/ros/jazzy/lib/python3.12/site-packages /usr/bin/cmake --build /home/strain-drone/Documents/drone_position_hold/ros2_ws/build/mocap4r2_marker_viz -- -j4 -l4
[5.609s] DEBUG:colcon.colcon_core.event_handler.log_command:Invoking command in '/home/strain-drone/Documents/drone_position_hold/ros2_ws/build/mocap4r2_marker_viz': CMAKE_PREFIX_PATH=/home/strain-drone/Documents/drone_position_hold/ros2_ws/install/mocap4r2_msgs:/home/strain-drone/Documents/drone_position_hold/ros2_ws/install/mocap4r2_marker_viz_srvs:/home/strain-drone/Documents/drone_position_hold/ros2_ws/install/rqt_mocap4r2_control:/home/strain-drone/Documents/drone_position_hold/ros2_ws/install/natnet_ros2:/home/strain-drone/Documents/drone_position_hold/ros2_ws/install/mocap4r2_vicon_driver:/home/strain-drone/Documents/drone_position_hold/ros2_ws/install/mocap4r2_robot_gt:/home/strain-drone/Documents/drone_position_hold/ros2_ws/install/mocap4r2_robot_gt_msgs:/home/strain-drone/Documents/drone_position_hold/ros2_ws/install/mocap4r2_marker_viz:/home/strain-drone/Documents/drone_position_hold/ros2_ws/install/mocap4r2_marker_publisher:/home/strain-drone/Documents/drone_position_hold/ros2_ws/install/mocap4r2_dummy_driver:/home/strain-drone/Documents/drone_position_hold/ros2_ws/install/mocap4r2_control:/home/strain-drone/Documents/drone_position_hold/ros2_ws/install/mocap4r2_control_msgs:/opt/ros/jazzy/opt/gz_math_vendor:/opt/ros/jazzy/opt/gz_utils_vendor:/opt/ros/jazzy/opt/gz_cmake_vendor:/home/strain-drone/Documents/drone_position_hold/ros2_ws/install/visualizer:/home/strain-drone/Documents/drone_position_hold/ros2_ws/install/position_publisher:/home/strain-drone/Documents/drone_position_hold/ros2_ws/install/mocap4r2cli:/home/strain-drone/Documents/drone_position_hold/ros2_ws/install/mavros_config:/opt/ros/jazzy DEBUGINFOD_URLS=https://debuginfod.ubuntu.com LD_LIBRARY_PATH=/home/strain-drone/Documents/drone_position_hold/ros2_ws/install/mocap4r2_msgs/lib:/home/strain-drone/Documents/drone_position_hold/ros2_ws/install/mocap4r2_marker_viz_srvs/lib:/home/strain-drone/Documents/drone_position_hold/ros2_ws/install/rqt_mocap4r2_control/lib:/home/strain-drone/Documents/drone_position_hold/ros2_ws/install/natnet_ros2/lib:/home/strain-drone/Documents/drone_position_hold/ros2_ws/install/mocap4r2_vicon_driver/lib:/home/strain-drone/Documents/drone_position_hold/ros2_ws/install/mocap4r2_robot_gt/lib:/home/strain-drone/Documents/drone_position_hold/ros2_ws/install/mocap4r2_robot_gt_msgs/lib:/home/strain-drone/Documents/drone_position_hold/ros2_ws/install/mocap4r2_control/lib:/home/strain-drone/Documents/drone_position_hold/ros2_ws/install/mocap4r2_control_msgs/lib:/opt/ros/jazzy/opt/rviz_ogre_vendor/lib:/opt/ros/jazzy/lib/aarch64-linux-gnu:/opt/ros/jazzy/opt/gz_math_vendor/lib:/opt/ros/jazzy/opt/gz_utils_vendor/lib:/opt/ros/jazzy/opt/gz_cmake_vendor/lib:/opt/ros/jazzy/lib:/home/strain-drone/Documents/drone_position_hold/ros2_ws/src/natnet_ros2/deps/NatNetSDK/lib PS1=\[\e]0;\u@\h: \w\a\]${debian_chroot:+($debian_chroot)}\[\033[01;32m\]\u@\h\[\033[00m\]:\[\033[01;34m\]\w\[\033[00m\]\$ PYTHONPATH=/home/strain-drone/Documents/drone_position_hold/ros2_ws/install/mocap4r2_msgs/lib/python3.12/site-packages:/home/strain-drone/Documents/drone_position_hold/ros2_ws/install/mocap4r2_marker_viz_srvs/lib/python3.12/site-packages:/home/strain-drone/Documents/drone_position_hold/ros2_ws/install/visualizer/lib/python3.12/site-packages:/home/strain-drone/Documents/drone_position_hold/ros2_ws/install/position_publisher/lib/python3.12/site-packages:/home/strain-drone/Documents/drone_position_hold/ros2_ws/install/natnet_ros2/lib/python3.12/site-packages:/home/strain-drone/Documents/drone_position_hold/ros2_ws/install/mocap4r2cli/lib/python3.12/site-packages:/home/strain-drone/Documents/drone_position_hold/ros2_ws/install/mocap4r2_robot_gt_msgs/lib/python3.12/site-packages:/home/strain-drone/Documents/drone_position_hold/ros2_ws/install/mocap4r2_control_msgs/lib/python3.12/site-packages:/home/strain-drone/Documents/drone_position_hold/ros2_ws/install/mavros_config/lib/python3.12/site-packages:/opt/ros/jazzy/lib/python3.12/site-packages /usr/bin/cmake --install /home/strain-drone/Documents/drone_position_hold/ros2_ws/build/mocap4r2_marker_viz
[5.649s] Level 1:colcon.colcon_core.environment:create_environment_scripts_only(mocap4r2_marker_viz)
[5.650s] DEBUG:colcon.colcon_core.event_handler.log_command:Invoked command in '/home/strain-drone/Documents/drone_position_hold/ros2_ws/build/mocap4r2_marker_viz' returned '0': CMAKE_PREFIX_PATH=/home/strain-drone/Documents/drone_position_hold/ros2_ws/install/mocap4r2_msgs:/home/strain-drone/Documents/drone_position_hold/ros2_ws/install/mocap4r2_marker_viz_srvs:/home/strain-drone/Documents/drone_position_hold/ros2_ws/install/rqt_mocap4r2_control:/home/strain-drone/Documents/drone_position_hold/ros2_ws/install/natnet_ros2:/home/strain-drone/Documents/drone_position_hold/ros2_ws/install/mocap4r2_vicon_driver:/home/strain-drone/Documents/drone_position_hold/ros2_ws/install/mocap4r2_robot_gt:/home/strain-drone/Documents/drone_position_hold/ros2_ws/install/mocap4r2_robot_gt_msgs:/home/strain-drone/Documents/drone_position_hold/ros2_ws/install/mocap4r2_marker_viz:/home/strain-drone/Documents/drone_position_hold/ros2_ws/install/mocap4r2_marker_publisher:/home/strain-drone/Documents/drone_position_hold/ros2_ws/install/mocap4r2_dummy_driver:/home/strain-drone/Documents/drone_position_hold/ros2_ws/install/mocap4r2_control:/home/strain-drone/Documents/drone_position_hold/ros2_ws/install/mocap4r2_control_msgs:/opt/ros/jazzy/opt/gz_math_vendor:/opt/ros/jazzy/opt/gz_utils_vendor:/opt/ros/jazzy/opt/gz_cmake_vendor:/home/strain-drone/Documents/drone_position_hold/ros2_ws/install/visualizer:/home/strain-drone/Documents/drone_position_hold/ros2_ws/install/position_publisher:/home/strain-drone/Documents/drone_position_hold/ros2_ws/install/mocap4r2cli:/home/strain-drone/Documents/drone_position_hold/ros2_ws/install/mavros_config:/opt/ros/jazzy DEBUGINFOD_URLS=https://debuginfod.ubuntu.com LD_LIBRARY_PATH=/home/strain-drone/Documents/drone_position_hold/ros2_ws/install/mocap4r2_msgs/lib:/home/strain-drone/Documents/drone_position_hold/ros2_ws/install/mocap4r2_marker_viz_srvs/lib:/home/strain-drone/Documents/drone_position_hold/ros2_ws/install/rqt_mocap4r2_control/lib:/home/strain-drone/Documents/drone_position_hold/ros2_ws/install/natnet_ros2/lib:/home/strain-drone/Documents/drone_position_hold/ros2_ws/install/mocap4r2_vicon_driver/lib:/home/strain-drone/Documents/drone_position_hold/ros2_ws/install/mocap4r2_robot_gt/lib:/home/strain-drone/Documents/drone_position_hold/ros2_ws/install/mocap4r2_robot_gt_msgs/lib:/home/strain-drone/Documents/drone_position_hold/ros2_ws/install/mocap4r2_control/lib:/home/strain-drone/Documents/drone_position_hold/ros2_ws/install/mocap4r2_control_msgs/lib:/opt/ros/jazzy/opt/rviz_ogre_vendor/lib:/opt/ros/jazzy/lib/aarch64-linux-gnu:/opt/ros/jazzy/opt/gz_math_vendor/lib:/opt/ros/jazzy/opt/gz_utils_vendor/lib:/opt/ros/jazzy/opt/gz_cmake_vendor/lib:/opt/ros/jazzy/lib:/home/strain-drone/Documents/drone_position_hold/ros2_ws/src/natnet_ros2/deps/NatNetSDK/lib PS1=\[\e]0;\u@\h: \w\a\]${debian_chroot:+($debian_chroot)}\[\033[01;32m\]\u@\h\[\033[00m\]:\[\033[01;34m\]\w\[\033[00m\]\$ PYTHONPATH=/home/strain-drone/Documents/drone_position_hold/ros2_ws/install/mocap4r2_msgs/lib/python3.12/site-packages:/home/strain-drone/Documents/drone_position_hold/ros2_ws/install/mocap4r2_marker_viz_srvs/lib/python3.12/site-packages:/home/strain-drone/Documents/drone_position_hold/ros2_ws/install/visualizer/lib/python3.12/site-packages:/home/strain-drone/Documents/drone_position_hold/ros2_ws/install/position_publisher/lib/python3.12/site-packages:/home/strain-drone/Documents/drone_position_hold/ros2_ws/install/natnet_ros2/lib/python3.12/site-packages:/home/strain-drone/Documents/drone_position_hold/ros2_ws/install/mocap4r2cli/lib/python3.12/site-packages:/home/strain-drone/Documents/drone_position_hold/ros2_ws/install/mocap4r2_robot_gt_msgs/lib/python3.12/site-packages:/home/strain-drone/Documents/drone_position_hold/ros2_ws/install/mocap4r2_control_msgs/lib/python3.12/site-packages:/home/strain-drone/Documents/drone_position_hold/ros2_ws/install/mavros_config/lib/python3.12/site-packages:/opt/ros/jazzy/lib/python3.12/site-packages /usr/bin/cmake --install /home/strain-drone/Documents/drone_position_hold/ros2_ws/build/mocap4r2_marker_viz
[5.650s] Level 1:colcon.colcon_core.environment:checking '/home/strain-drone/Documents/drone_position_hold/ros2_ws/install/mocap4r2_marker_viz' for CMake module files
[5.651s] Level 1:colcon.colcon_core.environment:checking '/home/strain-drone/Documents/drone_position_hold/ros2_ws/install/mocap4r2_marker_viz' for CMake config files
[5.652s] Level 1:colcon.colcon_core.shell:create_environment_hook('mocap4r2_marker_viz', 'cmake_prefix_path')
[5.652s] INFO:colcon.colcon_core.shell:Creating environment hook '/home/strain-drone/Documents/drone_position_hold/ros2_ws/install/mocap4r2_marker_viz/share/mocap4r2_marker_viz/hook/cmake_prefix_path.ps1'
[5.653s] INFO:colcon.colcon_core.shell:Creating environment descriptor '/home/strain-drone/Documents/drone_position_hold/ros2_ws/install/mocap4r2_marker_viz/share/mocap4r2_marker_viz/hook/cmake_prefix_path.dsv'
[5.654s] INFO:colcon.colcon_core.shell:Creating environment hook '/home/strain-drone/Documents/drone_position_hold/ros2_ws/install/mocap4r2_marker_viz/share/mocap4r2_marker_viz/hook/cmake_prefix_path.sh'
[5.656s] Level 1:colcon.colcon_core.environment:checking '/home/strain-drone/Documents/drone_position_hold/ros2_ws/install/mocap4r2_marker_viz/lib'
[5.656s] Level 1:colcon.colcon_core.environment:checking '/home/strain-drone/Documents/drone_position_hold/ros2_ws/install/mocap4r2_marker_viz/bin'
[5.656s] Level 1:colcon.colcon_core.environment:checking '/home/strain-drone/Documents/drone_position_hold/ros2_ws/install/mocap4r2_marker_viz/lib/pkgconfig/mocap4r2_marker_viz.pc'
[5.657s] Level 1:colcon.colcon_core.environment:checking '/home/strain-drone/Documents/drone_position_hold/ros2_ws/install/mocap4r2_marker_viz/lib/python3.12/site-packages'
[5.657s] Level 1:colcon.colcon_core.environment:checking '/home/strain-drone/Documents/drone_position_hold/ros2_ws/install/mocap4r2_marker_viz/bin'
[5.658s] INFO:colcon.colcon_core.shell:Creating package script '/home/strain-drone/Documents/drone_position_hold/ros2_ws/install/mocap4r2_marker_viz/share/mocap4r2_marker_viz/package.ps1'
[5.659s] INFO:colcon.colcon_core.shell:Creating package descriptor '/home/strain-drone/Documents/drone_position_hold/ros2_ws/install/mocap4r2_marker_viz/share/mocap4r2_marker_viz/package.dsv'
[5.660s] INFO:colcon.colcon_core.shell:Creating package script '/home/strain-drone/Documents/drone_position_hold/ros2_ws/install/mocap4r2_marker_viz/share/mocap4r2_marker_viz/package.sh'
[5.662s] INFO:colcon.colcon_core.shell:Creating package script '/home/strain-drone/Documents/drone_position_hold/ros2_ws/install/mocap4r2_marker_viz/share/mocap4r2_marker_viz/package.bash'
[5.663s] INFO:colcon.colcon_core.shell:Creating package script '/home/strain-drone/Documents/drone_position_hold/ros2_ws/install/mocap4r2_marker_viz/share/mocap4r2_marker_viz/package.zsh'
[5.664s] Level 1:colcon.colcon_core.environment:create_file_with_runtime_dependencies(/home/strain-drone/Documents/drone_position_hold/ros2_ws/install/mocap4r2_marker_viz/share/colcon-core/packages/mocap4r2_marker_viz)
[5.666s] Level 1:colcon.colcon_core.environment:create_environment_scripts_only(mocap4r2_marker_viz)
[5.666s] Level 1:colcon.colcon_core.environment:checking '/home/strain-drone/Documents/drone_position_hold/ros2_ws/install/mocap4r2_marker_viz' for CMake module files
[5.667s] Level 1:colcon.colcon_core.environment:checking '/home/strain-drone/Documents/drone_position_hold/ros2_ws/install/mocap4r2_marker_viz' for CMake config files
[5.668s] Level 1:colcon.colcon_core.shell:create_environment_hook('mocap4r2_marker_viz', 'cmake_prefix_path')
[5.668s] INFO:colcon.colcon_core.shell:Creating environment hook '/home/strain-drone/Documents/drone_position_hold/ros2_ws/install/mocap4r2_marker_viz/share/mocap4r2_marker_viz/hook/cmake_prefix_path.ps1'
[5.669s] INFO:colcon.colcon_core.shell:Creating environment descriptor '/home/strain-drone/Documents/drone_position_hold/ros2_ws/install/mocap4r2_marker_viz/share/mocap4r2_marker_viz/hook/cmake_prefix_path.dsv'
[5.671s] INFO:colcon.colcon_core.shell:Creating environment hook '/home/strain-drone/Documents/drone_position_hold/ros2_ws/install/mocap4r2_marker_viz/share/mocap4r2_marker_viz/hook/cmake_prefix_path.sh'
[5.672s] Level 1:colcon.colcon_core.environment:checking '/home/strain-drone/Documents/drone_position_hold/ros2_ws/install/mocap4r2_marker_viz/lib'
[5.672s] Level 1:colcon.colcon_core.environment:checking '/home/strain-drone/Documents/drone_position_hold/ros2_ws/install/mocap4r2_marker_viz/bin'
[5.673s] Level 1:colcon.colcon_core.environment:checking '/home/strain-drone/Documents/drone_position_hold/ros2_ws/install/mocap4r2_marker_viz/lib/pkgconfig/mocap4r2_marker_viz.pc'
[5.673s] Level 1:colcon.colcon_core.environment:checking '/home/strain-drone/Documents/drone_position_hold/ros2_ws/install/mocap4r2_marker_viz/lib/python3.12/site-packages'
[5.673s] Level 1:colcon.colcon_core.environment:checking '/home/strain-drone/Documents/drone_position_hold/ros2_ws/install/mocap4r2_marker_viz/bin'
[5.674s] INFO:colcon.colcon_core.shell:Creating package script '/home/strain-drone/Documents/drone_position_hold/ros2_ws/install/mocap4r2_marker_viz/share/mocap4r2_marker_viz/package.ps1'
[5.675s] INFO:colcon.colcon_core.shell:Creating package descriptor '/home/strain-drone/Documents/drone_position_hold/ros2_ws/install/mocap4r2_marker_viz/share/mocap4r2_marker_viz/package.dsv'
[5.676s] INFO:colcon.colcon_core.shell:Creating package script '/home/strain-drone/Documents/drone_position_hold/ros2_ws/install/mocap4r2_marker_viz/share/mocap4r2_marker_viz/package.sh'
[5.678s] INFO:colcon.colcon_core.shell:Creating package script '/home/strain-drone/Documents/drone_position_hold/ros2_ws/install/mocap4r2_marker_viz/share/mocap4r2_marker_viz/package.bash'
[5.679s] INFO:colcon.colcon_core.shell:Creating package script '/home/strain-drone/Documents/drone_position_hold/ros2_ws/install/mocap4r2_marker_viz/share/mocap4r2_marker_viz/package.zsh'
[5.681s] Level 1:colcon.colcon_core.environment:create_file_with_runtime_dependencies(/home/strain-drone/Documents/drone_position_hold/ros2_ws/install/mocap4r2_marker_viz/share/colcon-core/packages/mocap4r2_marker_viz)
[5.683s] INFO:colcon.colcon_ros.task.ament_cmake.build:Building ROS package in '/home/strain-drone/Documents/drone_position_hold/ros2_ws/src/mocap4r2/mocap4r2_robot_gt/mocap4r2_robot_gt' with build type 'ament_cmake'
[5.684s] INFO:colcon.colcon_cmake.task.cmake.build:Building CMake package in '/home/strain-drone/Documents/drone_position_hold/ros2_ws/src/mocap4r2/mocap4r2_robot_gt/mocap4r2_robot_gt'
[5.685s] INFO:colcon.colcon_core.shell:Skip shell extension 'powershell' for command environment: Not usable outside of PowerShell
[5.686s] DEBUG:colcon.colcon_core.shell:Skip shell extension 'dsv' for command environment
[5.721s] DEBUG:colcon.colcon_core.event_handler.log_command:Invoking command in '/home/strain-drone/Documents/drone_position_hold/ros2_ws/build/mocap4r2_robot_gt': CMAKE_PREFIX_PATH=/home/strain-drone/Documents/drone_position_hold/ros2_ws/install/mocap4r2_robot_gt_msgs:/home/strain-drone/Documents/drone_position_hold/ros2_ws/install/mocap4r2_msgs:/home/strain-drone/Documents/drone_position_hold/ros2_ws/install/rqt_mocap4r2_control:/home/strain-drone/Documents/drone_position_hold/ros2_ws/install/natnet_ros2:/home/strain-drone/Documents/drone_position_hold/ros2_ws/install/mocap4r2_vicon_driver:/home/strain-drone/Documents/drone_position_hold/ros2_ws/install/mocap4r2_robot_gt:/home/strain-drone/Documents/drone_position_hold/ros2_ws/install/mocap4r2_marker_viz:/home/strain-drone/Documents/drone_position_hold/ros2_ws/install/mocap4r2_marker_publisher:/home/strain-drone/Documents/drone_position_hold/ros2_ws/install/mocap4r2_dummy_driver:/home/strain-drone/Documents/drone_position_hold/ros2_ws/install/mocap4r2_marker_viz_srvs:/home/strain-drone/Documents/drone_position_hold/ros2_ws/install/mocap4r2_control:/home/strain-drone/Documents/drone_position_hold/ros2_ws/install/mocap4r2_control_msgs:/opt/ros/jazzy/opt/gz_math_vendor:/opt/ros/jazzy/opt/gz_utils_vendor:/opt/ros/jazzy/opt/gz_cmake_vendor:/home/strain-drone/Documents/drone_position_hold/ros2_ws/install/visualizer:/home/strain-drone/Documents/drone_position_hold/ros2_ws/install/position_publisher:/home/strain-drone/Documents/drone_position_hold/ros2_ws/install/mocap4r2cli:/home/strain-drone/Documents/drone_position_hold/ros2_ws/install/mavros_config:/opt/ros/jazzy DEBUGINFOD_URLS=https://debuginfod.ubuntu.com LD_LIBRARY_PATH=/home/strain-drone/Documents/drone_position_hold/ros2_ws/install/mocap4r2_robot_gt_msgs/lib:/home/strain-drone/Documents/drone_position_hold/ros2_ws/install/mocap4r2_msgs/lib:/home/strain-drone/Documents/drone_position_hold/ros2_ws/install/rqt_mocap4r2_control/lib:/home/strain-drone/Documents/drone_position_hold/ros2_ws/install/natnet_ros2/lib:/home/strain-drone/Documents/drone_position_hold/ros2_ws/install/mocap4r2_vicon_driver/lib:/home/strain-drone/Documents/drone_position_hold/ros2_ws/install/mocap4r2_robot_gt/lib:/home/strain-drone/Documents/drone_position_hold/ros2_ws/install/mocap4r2_marker_viz_srvs/lib:/home/strain-drone/Documents/drone_position_hold/ros2_ws/install/mocap4r2_control/lib:/home/strain-drone/Documents/drone_position_hold/ros2_ws/install/mocap4r2_control_msgs/lib:/opt/ros/jazzy/opt/rviz_ogre_vendor/lib:/opt/ros/jazzy/lib/aarch64-linux-gnu:/opt/ros/jazzy/opt/gz_math_vendor/lib:/opt/ros/jazzy/opt/gz_utils_vendor/lib:/opt/ros/jazzy/opt/gz_cmake_vendor/lib:/opt/ros/jazzy/lib:/home/strain-drone/Documents/drone_position_hold/ros2_ws/src/natnet_ros2/deps/NatNetSDK/lib PS1=\[\e]0;\u@\h: \w\a\]${debian_chroot:+($debian_chroot)}\[\033[01;32m\]\u@\h\[\033[00m\]:\[\033[01;34m\]\w\[\033[00m\]\$ PYTHONPATH=/home/strain-drone/Documents/drone_position_hold/ros2_ws/install/mocap4r2_robot_gt_msgs/lib/python3.12/site-packages:/home/strain-drone/Documents/drone_position_hold/ros2_ws/install/mocap4r2_msgs/lib/python3.12/site-packages:/home/strain-drone/Documents/drone_position_hold/ros2_ws/install/visualizer/lib/python3.12/site-packages:/home/strain-drone/Documents/drone_position_hold/ros2_ws/install/position_publisher/lib/python3.12/site-packages:/home/strain-drone/Documents/drone_position_hold/ros2_ws/install/natnet_ros2/lib/python3.12/site-packages:/home/strain-drone/Documents/drone_position_hold/ros2_ws/install/mocap4r2cli/lib/python3.12/site-packages:/home/strain-drone/Documents/drone_position_hold/ros2_ws/install/mocap4r2_marker_viz_srvs/lib/python3.12/site-packages:/home/strain-drone/Documents/drone_position_hold/ros2_ws/install/mocap4r2_control_msgs/lib/python3.12/site-packages:/home/strain-drone/Documents/drone_position_hold/ros2_ws/install/mavros_config/lib/python3.12/site-packages:/opt/ros/jazzy/lib/python3.12/site-packages /usr/bin/cmake --build /home/strain-drone/Documents/drone_position_hold/ros2_ws/build/mocap4r2_robot_gt -- -j4 -l4
[5.947s] DEBUG:colcon.colcon_core.event_handler.log_command:Invoking command in '/home/strain-drone/Documents/drone_position_hold/ros2_ws/src/visualizer': DEBUGINFOD_URLS=https://debuginfod.ubuntu.com PS1=\[\e]0;\u@\h: \w\a\]${debian_chroot:+($debian_chroot)}\[\033[01;32m\]\u@\h\[\033[00m\]:\[\033[01;34m\]\w\[\033[00m\]\$ PYTHONPATH=/home/strain-drone/Documents/drone_position_hold/ros2_ws/build/visualizer/prefix_override:/usr/lib/python3/dist-packages/colcon_core/task/python/colcon_distutils_commands:/home/strain-drone/Documents/drone_position_hold/ros2_ws/install/visualizer/lib/python3.12/site-packages:${PYTHONPATH} /usr/bin/python3 -W ignore:setup.py install is deprecated -W ignore:easy_install command is deprecated setup.py egg_info --egg-base ../../build/visualizer build --build-base /home/strain-drone/Documents/drone_position_hold/ros2_ws/build/visualizer/build install --record /home/strain-drone/Documents/drone_position_hold/ros2_ws/build/visualizer/install.log --single-version-externally-managed install_data
[6.061s] DEBUG:colcon.colcon_core.event_handler.log_command:Invoked command in '/home/strain-drone/Documents/drone_position_hold/ros2_ws/build/mocap4r2_robot_gt' returned '0': CMAKE_PREFIX_PATH=/home/strain-drone/Documents/drone_position_hold/ros2_ws/install/mocap4r2_robot_gt_msgs:/home/strain-drone/Documents/drone_position_hold/ros2_ws/install/mocap4r2_msgs:/home/strain-drone/Documents/drone_position_hold/ros2_ws/install/rqt_mocap4r2_control:/home/strain-drone/Documents/drone_position_hold/ros2_ws/install/natnet_ros2:/home/strain-drone/Documents/drone_position_hold/ros2_ws/install/mocap4r2_vicon_driver:/home/strain-drone/Documents/drone_position_hold/ros2_ws/install/mocap4r2_robot_gt:/home/strain-drone/Documents/drone_position_hold/ros2_ws/install/mocap4r2_marker_viz:/home/strain-drone/Documents/drone_position_hold/ros2_ws/install/mocap4r2_marker_publisher:/home/strain-drone/Documents/drone_position_hold/ros2_ws/install/mocap4r2_dummy_driver:/home/strain-drone/Documents/drone_position_hold/ros2_ws/install/mocap4r2_marker_viz_srvs:/home/strain-drone/Documents/drone_position_hold/ros2_ws/install/mocap4r2_control:/home/strain-drone/Documents/drone_position_hold/ros2_ws/install/mocap4r2_control_msgs:/opt/ros/jazzy/opt/gz_math_vendor:/opt/ros/jazzy/opt/gz_utils_vendor:/opt/ros/jazzy/opt/gz_cmake_vendor:/home/strain-drone/Documents/drone_position_hold/ros2_ws/install/visualizer:/home/strain-drone/Documents/drone_position_hold/ros2_ws/install/position_publisher:/home/strain-drone/Documents/drone_position_hold/ros2_ws/install/mocap4r2cli:/home/strain-drone/Documents/drone_position_hold/ros2_ws/install/mavros_config:/opt/ros/jazzy DEBUGINFOD_URLS=https://debuginfod.ubuntu.com LD_LIBRARY_PATH=/home/strain-drone/Documents/drone_position_hold/ros2_ws/install/mocap4r2_robot_gt_msgs/lib:/home/strain-drone/Documents/drone_position_hold/ros2_ws/install/mocap4r2_msgs/lib:/home/strain-drone/Documents/drone_position_hold/ros2_ws/install/rqt_mocap4r2_control/lib:/home/strain-drone/Documents/drone_position_hold/ros2_ws/install/natnet_ros2/lib:/home/strain-drone/Documents/drone_position_hold/ros2_ws/install/mocap4r2_vicon_driver/lib:/home/strain-drone/Documents/drone_position_hold/ros2_ws/install/mocap4r2_robot_gt/lib:/home/strain-drone/Documents/drone_position_hold/ros2_ws/install/mocap4r2_marker_viz_srvs/lib:/home/strain-drone/Documents/drone_position_hold/ros2_ws/install/mocap4r2_control/lib:/home/strain-drone/Documents/drone_position_hold/ros2_ws/install/mocap4r2_control_msgs/lib:/opt/ros/jazzy/opt/rviz_ogre_vendor/lib:/opt/ros/jazzy/lib/aarch64-linux-gnu:/opt/ros/jazzy/opt/gz_math_vendor/lib:/opt/ros/jazzy/opt/gz_utils_vendor/lib:/opt/ros/jazzy/opt/gz_cmake_vendor/lib:/opt/ros/jazzy/lib:/home/strain-drone/Documents/drone_position_hold/ros2_ws/src/natnet_ros2/deps/NatNetSDK/lib PS1=\[\e]0;\u@\h: \w\a\]${debian_chroot:+($debian_chroot)}\[\033[01;32m\]\u@\h\[\033[00m\]:\[\033[01;34m\]\w\[\033[00m\]\$ PYTHONPATH=/home/strain-drone/Documents/drone_position_hold/ros2_ws/install/mocap4r2_robot_gt_msgs/lib/python3.12/site-packages:/home/strain-drone/Documents/drone_position_hold/ros2_ws/install/mocap4r2_msgs/lib/python3.12/site-packages:/home/strain-drone/Documents/drone_position_hold/ros2_ws/install/visualizer/lib/python3.12/site-packages:/home/strain-drone/Documents/drone_position_hold/ros2_ws/install/position_publisher/lib/python3.12/site-packages:/home/strain-drone/Documents/drone_position_hold/ros2_ws/install/natnet_ros2/lib/python3.12/site-packages:/home/strain-drone/Documents/drone_position_hold/ros2_ws/install/mocap4r2cli/lib/python3.12/site-packages:/home/strain-drone/Documents/drone_position_hold/ros2_ws/install/mocap4r2_marker_viz_srvs/lib/python3.12/site-packages:/home/strain-drone/Documents/drone_position_hold/ros2_ws/install/mocap4r2_control_msgs/lib/python3.12/site-packages:/home/strain-drone/Documents/drone_position_hold/ros2_ws/install/mavros_config/lib/python3.12/site-packages:/opt/ros/jazzy/lib/python3.12/site-packages /usr/bin/cmake --build /home/strain-drone/Documents/drone_position_hold/ros2_ws/build/mocap4r2_robot_gt -- -j4 -l4
[6.062s] DEBUG:colcon.colcon_core.event_handler.log_command:Invoking command in '/home/strain-drone/Documents/drone_position_hold/ros2_ws/build/mocap4r2_robot_gt': CMAKE_PREFIX_PATH=/home/strain-drone/Documents/drone_position_hold/ros2_ws/install/mocap4r2_robot_gt_msgs:/home/strain-drone/Documents/drone_position_hold/ros2_ws/install/mocap4r2_msgs:/home/strain-drone/Documents/drone_position_hold/ros2_ws/install/rqt_mocap4r2_control:/home/strain-drone/Documents/drone_position_hold/ros2_ws/install/natnet_ros2:/home/strain-drone/Documents/drone_position_hold/ros2_ws/install/mocap4r2_vicon_driver:/home/strain-drone/Documents/drone_position_hold/ros2_ws/install/mocap4r2_robot_gt:/home/strain-drone/Documents/drone_position_hold/ros2_ws/install/mocap4r2_marker_viz:/home/strain-drone/Documents/drone_position_hold/ros2_ws/install/mocap4r2_marker_publisher:/home/strain-drone/Documents/drone_position_hold/ros2_ws/install/mocap4r2_dummy_driver:/home/strain-drone/Documents/drone_position_hold/ros2_ws/install/mocap4r2_marker_viz_srvs:/home/strain-drone/Documents/drone_position_hold/ros2_ws/install/mocap4r2_control:/home/strain-drone/Documents/drone_position_hold/ros2_ws/install/mocap4r2_control_msgs:/opt/ros/jazzy/opt/gz_math_vendor:/opt/ros/jazzy/opt/gz_utils_vendor:/opt/ros/jazzy/opt/gz_cmake_vendor:/home/strain-drone/Documents/drone_position_hold/ros2_ws/install/visualizer:/home/strain-drone/Documents/drone_position_hold/ros2_ws/install/position_publisher:/home/strain-drone/Documents/drone_position_hold/ros2_ws/install/mocap4r2cli:/home/strain-drone/Documents/drone_position_hold/ros2_ws/install/mavros_config:/opt/ros/jazzy DEBUGINFOD_URLS=https://debuginfod.ubuntu.com LD_LIBRARY_PATH=/home/strain-drone/Documents/drone_position_hold/ros2_ws/install/mocap4r2_robot_gt_msgs/lib:/home/strain-drone/Documents/drone_position_hold/ros2_ws/install/mocap4r2_msgs/lib:/home/strain-drone/Documents/drone_position_hold/ros2_ws/install/rqt_mocap4r2_control/lib:/home/strain-drone/Documents/drone_position_hold/ros2_ws/install/natnet_ros2/lib:/home/strain-drone/Documents/drone_position_hold/ros2_ws/install/mocap4r2_vicon_driver/lib:/home/strain-drone/Documents/drone_position_hold/ros2_ws/install/mocap4r2_robot_gt/lib:/home/strain-drone/Documents/drone_position_hold/ros2_ws/install/mocap4r2_marker_viz_srvs/lib:/home/strain-drone/Documents/drone_position_hold/ros2_ws/install/mocap4r2_control/lib:/home/strain-drone/Documents/drone_position_hold/ros2_ws/install/mocap4r2_control_msgs/lib:/opt/ros/jazzy/opt/rviz_ogre_vendor/lib:/opt/ros/jazzy/lib/aarch64-linux-gnu:/opt/ros/jazzy/opt/gz_math_vendor/lib:/opt/ros/jazzy/opt/gz_utils_vendor/lib:/opt/ros/jazzy/opt/gz_cmake_vendor/lib:/opt/ros/jazzy/lib:/home/strain-drone/Documents/drone_position_hold/ros2_ws/src/natnet_ros2/deps/NatNetSDK/lib PS1=\[\e]0;\u@\h: \w\a\]${debian_chroot:+($debian_chroot)}\[\033[01;32m\]\u@\h\[\033[00m\]:\[\033[01;34m\]\w\[\033[00m\]\$ PYTHONPATH=/home/strain-drone/Documents/drone_position_hold/ros2_ws/install/mocap4r2_robot_gt_msgs/lib/python3.12/site-packages:/home/strain-drone/Documents/drone_position_hold/ros2_ws/install/mocap4r2_msgs/lib/python3.12/site-packages:/home/strain-drone/Documents/drone_position_hold/ros2_ws/install/visualizer/lib/python3.12/site-packages:/home/strain-drone/Documents/drone_position_hold/ros2_ws/install/position_publisher/lib/python3.12/site-packages:/home/strain-drone/Documents/drone_position_hold/ros2_ws/install/natnet_ros2/lib/python3.12/site-packages:/home/strain-drone/Documents/drone_position_hold/ros2_ws/install/mocap4r2cli/lib/python3.12/site-packages:/home/strain-drone/Documents/drone_position_hold/ros2_ws/install/mocap4r2_marker_viz_srvs/lib/python3.12/site-packages:/home/strain-drone/Documents/drone_position_hold/ros2_ws/install/mocap4r2_control_msgs/lib/python3.12/site-packages:/home/strain-drone/Documents/drone_position_hold/ros2_ws/install/mavros_config/lib/python3.12/site-packages:/opt/ros/jazzy/lib/python3.12/site-packages /usr/bin/cmake --install /home/strain-drone/Documents/drone_position_hold/ros2_ws/build/mocap4r2_robot_gt
[6.109s] Level 1:colcon.colcon_core.environment:create_environment_scripts_only(mocap4r2_robot_gt)
[6.111s] Level 1:colcon.colcon_core.environment:checking '/home/strain-drone/Documents/drone_position_hold/ros2_ws/install/mocap4r2_robot_gt' for CMake module files
[6.111s] Level 1:colcon.colcon_core.environment:checking '/home/strain-drone/Documents/drone_position_hold/ros2_ws/install/mocap4r2_robot_gt' for CMake config files
[6.110s] DEBUG:colcon.colcon_core.event_handler.log_command:Invoked command in '/home/strain-drone/Documents/drone_position_hold/ros2_ws/build/mocap4r2_robot_gt' returned '0': CMAKE_PREFIX_PATH=/home/strain-drone/Documents/drone_position_hold/ros2_ws/install/mocap4r2_robot_gt_msgs:/home/strain-drone/Documents/drone_position_hold/ros2_ws/install/mocap4r2_msgs:/home/strain-drone/Documents/drone_position_hold/ros2_ws/install/rqt_mocap4r2_control:/home/strain-drone/Documents/drone_position_hold/ros2_ws/install/natnet_ros2:/home/strain-drone/Documents/drone_position_hold/ros2_ws/install/mocap4r2_vicon_driver:/home/strain-drone/Documents/drone_position_hold/ros2_ws/install/mocap4r2_robot_gt:/home/strain-drone/Documents/drone_position_hold/ros2_ws/install/mocap4r2_marker_viz:/home/strain-drone/Documents/drone_position_hold/ros2_ws/install/mocap4r2_marker_publisher:/home/strain-drone/Documents/drone_position_hold/ros2_ws/install/mocap4r2_dummy_driver:/home/strain-drone/Documents/drone_position_hold/ros2_ws/install/mocap4r2_marker_viz_srvs:/home/strain-drone/Documents/drone_position_hold/ros2_ws/install/mocap4r2_control:/home/strain-drone/Documents/drone_position_hold/ros2_ws/install/mocap4r2_control_msgs:/opt/ros/jazzy/opt/gz_math_vendor:/opt/ros/jazzy/opt/gz_utils_vendor:/opt/ros/jazzy/opt/gz_cmake_vendor:/home/strain-drone/Documents/drone_position_hold/ros2_ws/install/visualizer:/home/strain-drone/Documents/drone_position_hold/ros2_ws/install/position_publisher:/home/strain-drone/Documents/drone_position_hold/ros2_ws/install/mocap4r2cli:/home/strain-drone/Documents/drone_position_hold/ros2_ws/install/mavros_config:/opt/ros/jazzy DEBUGINFOD_URLS=https://debuginfod.ubuntu.com LD_LIBRARY_PATH=/home/strain-drone/Documents/drone_position_hold/ros2_ws/install/mocap4r2_robot_gt_msgs/lib:/home/strain-drone/Documents/drone_position_hold/ros2_ws/install/mocap4r2_msgs/lib:/home/strain-drone/Documents/drone_position_hold/ros2_ws/install/rqt_mocap4r2_control/lib:/home/strain-drone/Documents/drone_position_hold/ros2_ws/install/natnet_ros2/lib:/home/strain-drone/Documents/drone_position_hold/ros2_ws/install/mocap4r2_vicon_driver/lib:/home/strain-drone/Documents/drone_position_hold/ros2_ws/install/mocap4r2_robot_gt/lib:/home/strain-drone/Documents/drone_position_hold/ros2_ws/install/mocap4r2_marker_viz_srvs/lib:/home/strain-drone/Documents/drone_position_hold/ros2_ws/install/mocap4r2_control/lib:/home/strain-drone/Documents/drone_position_hold/ros2_ws/install/mocap4r2_control_msgs/lib:/opt/ros/jazzy/opt/rviz_ogre_vendor/lib:/opt/ros/jazzy/lib/aarch64-linux-gnu:/opt/ros/jazzy/opt/gz_math_vendor/lib:/opt/ros/jazzy/opt/gz_utils_vendor/lib:/opt/ros/jazzy/opt/gz_cmake_vendor/lib:/opt/ros/jazzy/lib:/home/strain-drone/Documents/drone_position_hold/ros2_ws/src/natnet_ros2/deps/NatNetSDK/lib PS1=\[\e]0;\u@\h: \w\a\]${debian_chroot:+($debian_chroot)}\[\033[01;32m\]\u@\h\[\033[00m\]:\[\033[01;34m\]\w\[\033[00m\]\$ PYTHONPATH=/home/strain-drone/Documents/drone_position_hold/ros2_ws/install/mocap4r2_robot_gt_msgs/lib/python3.12/site-packages:/home/strain-drone/Documents/drone_position_hold/ros2_ws/install/mocap4r2_msgs/lib/python3.12/site-packages:/home/strain-drone/Documents/drone_position_hold/ros2_ws/install/visualizer/lib/python3.12/site-packages:/home/strain-drone/Documents/drone_position_hold/ros2_ws/install/position_publisher/lib/python3.12/site-packages:/home/strain-drone/Documents/drone_position_hold/ros2_ws/install/natnet_ros2/lib/python3.12/site-packages:/home/strain-drone/Documents/drone_position_hold/ros2_ws/install/mocap4r2cli/lib/python3.12/site-packages:/home/strain-drone/Documents/drone_position_hold/ros2_ws/install/mocap4r2_marker_viz_srvs/lib/python3.12/site-packages:/home/strain-drone/Documents/drone_position_hold/ros2_ws/install/mocap4r2_control_msgs/lib/python3.12/site-packages:/home/strain-drone/Documents/drone_position_hold/ros2_ws/install/mavros_config/lib/python3.12/site-packages:/opt/ros/jazzy/lib/python3.12/site-packages /usr/bin/cmake --install /home/strain-drone/Documents/drone_position_hold/ros2_ws/build/mocap4r2_robot_gt
[6.112s] Level 1:colcon.colcon_core.shell:create_environment_hook('mocap4r2_robot_gt', 'cmake_prefix_path')
[6.113s] INFO:colcon.colcon_core.shell:Creating environment hook '/home/strain-drone/Documents/drone_position_hold/ros2_ws/install/mocap4r2_robot_gt/share/mocap4r2_robot_gt/hook/cmake_prefix_path.ps1'
[6.115s] INFO:colcon.colcon_core.shell:Creating environment descriptor '/home/strain-drone/Documents/drone_position_hold/ros2_ws/install/mocap4r2_robot_gt/share/mocap4r2_robot_gt/hook/cmake_prefix_path.dsv'
[6.116s] INFO:colcon.colcon_core.shell:Creating environment hook '/home/strain-drone/Documents/drone_position_hold/ros2_ws/install/mocap4r2_robot_gt/share/mocap4r2_robot_gt/hook/cmake_prefix_path.sh'
[6.118s] Level 1:colcon.colcon_core.environment:checking '/home/strain-drone/Documents/drone_position_hold/ros2_ws/install/mocap4r2_robot_gt/lib'
[6.119s] Level 1:colcon.colcon_core.shell:create_environment_hook('mocap4r2_robot_gt', 'ld_library_path_lib')
[6.120s] INFO:colcon.colcon_core.shell:Creating environment hook '/home/strain-drone/Documents/drone_position_hold/ros2_ws/install/mocap4r2_robot_gt/share/mocap4r2_robot_gt/hook/ld_library_path_lib.ps1'
[6.121s] INFO:colcon.colcon_core.shell:Creating environment descriptor '/home/strain-drone/Documents/drone_position_hold/ros2_ws/install/mocap4r2_robot_gt/share/mocap4r2_robot_gt/hook/ld_library_path_lib.dsv'
[6.123s] INFO:colcon.colcon_core.shell:Creating environment hook '/home/strain-drone/Documents/drone_position_hold/ros2_ws/install/mocap4r2_robot_gt/share/mocap4r2_robot_gt/hook/ld_library_path_lib.sh'
[6.124s] Level 1:colcon.colcon_core.environment:checking '/home/strain-drone/Documents/drone_position_hold/ros2_ws/install/mocap4r2_robot_gt/bin'
[6.124s] Level 1:colcon.colcon_core.environment:checking '/home/strain-drone/Documents/drone_position_hold/ros2_ws/install/mocap4r2_robot_gt/lib/pkgconfig/mocap4r2_robot_gt.pc'
[6.125s] Level 1:colcon.colcon_core.environment:checking '/home/strain-drone/Documents/drone_position_hold/ros2_ws/install/mocap4r2_robot_gt/lib/python3.12/site-packages'
[6.125s] Level 1:colcon.colcon_core.environment:checking '/home/strain-drone/Documents/drone_position_hold/ros2_ws/install/mocap4r2_robot_gt/bin'
[6.125s] INFO:colcon.colcon_core.shell:Creating package script '/home/strain-drone/Documents/drone_position_hold/ros2_ws/install/mocap4r2_robot_gt/share/mocap4r2_robot_gt/package.ps1'
[6.162s] INFO:colcon.colcon_core.shell:Creating package descriptor '/home/strain-drone/Documents/drone_position_hold/ros2_ws/install/mocap4r2_robot_gt/share/mocap4r2_robot_gt/package.dsv'
[6.163s] INFO:colcon.colcon_core.shell:Creating package script '/home/strain-drone/Documents/drone_position_hold/ros2_ws/install/mocap4r2_robot_gt/share/mocap4r2_robot_gt/package.sh'
[6.165s] INFO:colcon.colcon_core.shell:Creating package script '/home/strain-drone/Documents/drone_position_hold/ros2_ws/install/mocap4r2_robot_gt/share/mocap4r2_robot_gt/package.bash'
[6.166s] INFO:colcon.colcon_core.shell:Creating package script '/home/strain-drone/Documents/drone_position_hold/ros2_ws/install/mocap4r2_robot_gt/share/mocap4r2_robot_gt/package.zsh'
[6.168s] Level 1:colcon.colcon_core.environment:create_file_with_runtime_dependencies(/home/strain-drone/Documents/drone_position_hold/ros2_ws/install/mocap4r2_robot_gt/share/colcon-core/packages/mocap4r2_robot_gt)
[6.170s] Level 1:colcon.colcon_core.environment:create_environment_scripts_only(mocap4r2_robot_gt)
[6.171s] Level 1:colcon.colcon_core.environment:checking '/home/strain-drone/Documents/drone_position_hold/ros2_ws/install/mocap4r2_robot_gt' for CMake module files
[6.172s] Level 1:colcon.colcon_core.environment:checking '/home/strain-drone/Documents/drone_position_hold/ros2_ws/install/mocap4r2_robot_gt' for CMake config files
[6.173s] Level 1:colcon.colcon_core.shell:create_environment_hook('mocap4r2_robot_gt', 'cmake_prefix_path')
[6.173s] INFO:colcon.colcon_core.shell:Creating environment hook '/home/strain-drone/Documents/drone_position_hold/ros2_ws/install/mocap4r2_robot_gt/share/mocap4r2_robot_gt/hook/cmake_prefix_path.ps1'
[6.175s] INFO:colcon.colcon_core.shell:Creating environment descriptor '/home/strain-drone/Documents/drone_position_hold/ros2_ws/install/mocap4r2_robot_gt/share/mocap4r2_robot_gt/hook/cmake_prefix_path.dsv'
[6.176s] INFO:colcon.colcon_core.shell:Creating environment hook '/home/strain-drone/Documents/drone_position_hold/ros2_ws/install/mocap4r2_robot_gt/share/mocap4r2_robot_gt/hook/cmake_prefix_path.sh'
[6.178s] Level 1:colcon.colcon_core.environment:checking '/home/strain-drone/Documents/drone_position_hold/ros2_ws/install/mocap4r2_robot_gt/lib'
[6.179s] Level 1:colcon.colcon_core.shell:create_environment_hook('mocap4r2_robot_gt', 'ld_library_path_lib')
[6.179s] INFO:colcon.colcon_core.shell:Creating environment hook '/home/strain-drone/Documents/drone_position_hold/ros2_ws/install/mocap4r2_robot_gt/share/mocap4r2_robot_gt/hook/ld_library_path_lib.ps1'
[6.183s] INFO:colcon.colcon_core.shell:Creating environment descriptor '/home/strain-drone/Documents/drone_position_hold/ros2_ws/install/mocap4r2_robot_gt/share/mocap4r2_robot_gt/hook/ld_library_path_lib.dsv'
[6.187s] INFO:colcon.colcon_core.shell:Creating environment hook '/home/strain-drone/Documents/drone_position_hold/ros2_ws/install/mocap4r2_robot_gt/share/mocap4r2_robot_gt/hook/ld_library_path_lib.sh'
[6.188s] Level 1:colcon.colcon_core.environment:checking '/home/strain-drone/Documents/drone_position_hold/ros2_ws/install/mocap4r2_robot_gt/bin'
[6.188s] Level 1:colcon.colcon_core.environment:checking '/home/strain-drone/Documents/drone_position_hold/ros2_ws/install/mocap4r2_robot_gt/lib/pkgconfig/mocap4r2_robot_gt.pc'
[6.189s] Level 1:colcon.colcon_core.environment:checking '/home/strain-drone/Documents/drone_position_hold/ros2_ws/install/mocap4r2_robot_gt/lib/python3.12/site-packages'
[6.189s] Level 1:colcon.colcon_core.environment:checking '/home/strain-drone/Documents/drone_position_hold/ros2_ws/install/mocap4r2_robot_gt/bin'
[6.190s] INFO:colcon.colcon_core.shell:Creating package script '/home/strain-drone/Documents/drone_position_hold/ros2_ws/install/mocap4r2_robot_gt/share/mocap4r2_robot_gt/package.ps1'
[6.192s] INFO:colcon.colcon_core.shell:Creating package descriptor '/home/strain-drone/Documents/drone_position_hold/ros2_ws/install/mocap4r2_robot_gt/share/mocap4r2_robot_gt/package.dsv'
[6.193s] INFO:colcon.colcon_core.shell:Creating package script '/home/strain-drone/Documents/drone_position_hold/ros2_ws/install/mocap4r2_robot_gt/share/mocap4r2_robot_gt/package.sh'
[6.195s] INFO:colcon.colcon_core.shell:Creating package script '/home/strain-drone/Documents/drone_position_hold/ros2_ws/install/mocap4r2_robot_gt/share/mocap4r2_robot_gt/package.bash'
[6.196s] INFO:colcon.colcon_core.shell:Creating package script '/home/strain-drone/Documents/drone_position_hold/ros2_ws/install/mocap4r2_robot_gt/share/mocap4r2_robot_gt/package.zsh'
[6.198s] Level 1:colcon.colcon_core.environment:create_file_with_runtime_dependencies(/home/strain-drone/Documents/drone_position_hold/ros2_ws/install/mocap4r2_robot_gt/share/colcon-core/packages/mocap4r2_robot_gt)
[6.200s] INFO:colcon.colcon_ros.task.ament_python.build:Building ROS package in '/home/strain-drone/Documents/drone_position_hold/ros2_ws/src/mocap4r2/mocap4r2cli' with build type 'ament_python'
[6.201s] Level 1:colcon.colcon_core.shell:create_environment_hook('mocap4r2cli', 'ament_prefix_path')
[6.202s] INFO:colcon.colcon_core.shell:Creating environment hook '/home/strain-drone/Documents/drone_position_hold/ros2_ws/install/mocap4r2cli/share/mocap4r2cli/hook/ament_prefix_path.ps1'
[6.205s] INFO:colcon.colcon_core.shell:Creating environment descriptor '/home/strain-drone/Documents/drone_position_hold/ros2_ws/install/mocap4r2cli/share/mocap4r2cli/hook/ament_prefix_path.dsv'
[6.206s] INFO:colcon.colcon_core.shell:Creating environment hook '/home/strain-drone/Documents/drone_position_hold/ros2_ws/install/mocap4r2cli/share/mocap4r2cli/hook/ament_prefix_path.sh'
[6.208s] INFO:colcon.colcon_core.shell:Skip shell extension 'powershell' for command environment: Not usable outside of PowerShell
[6.208s] DEBUG:colcon.colcon_core.shell:Skip shell extension 'dsv' for command environment
[6.625s] INFO:colcon.colcon_core.task.python.build:Building Python package in '/home/strain-drone/Documents/drone_position_hold/ros2_ws/src/mocap4r2/mocap4r2cli'
[6.625s] INFO:colcon.colcon_core.shell:Skip shell extension 'powershell' for command environment: Not usable outside of PowerShell
[6.625s] DEBUG:colcon.colcon_core.shell:Skip shell extension 'dsv' for command environment
[6.632s] Level 1:colcon.colcon_core.environment:checking '/home/strain-drone/Documents/drone_position_hold/ros2_ws/install/position_publisher' for CMake module files
[6.633s] Level 1:colcon.colcon_core.environment:checking '/home/strain-drone/Documents/drone_position_hold/ros2_ws/install/position_publisher' for CMake config files
[6.634s] Level 1:colcon.colcon_core.environment:checking '/home/strain-drone/Documents/drone_position_hold/ros2_ws/install/position_publisher/lib'
[6.634s] Level 1:colcon.colcon_core.environment:checking '/home/strain-drone/Documents/drone_position_hold/ros2_ws/install/position_publisher/bin'
[6.635s] Level 1:colcon.colcon_core.environment:checking '/home/strain-drone/Documents/drone_position_hold/ros2_ws/install/position_publisher/lib/pkgconfig/position_publisher.pc'
[6.635s] Level 1:colcon.colcon_core.environment:checking '/home/strain-drone/Documents/drone_position_hold/ros2_ws/install/position_publisher/lib/python3.12/site-packages'
[6.635s] Level 1:colcon.colcon_core.shell:create_environment_hook('position_publisher', 'pythonpath')
[6.636s] INFO:colcon.colcon_core.shell:Creating environment hook '/home/strain-drone/Documents/drone_position_hold/ros2_ws/install/position_publisher/share/position_publisher/hook/pythonpath.ps1'
[6.636s] INFO:colcon.colcon_core.shell:Creating environment descriptor '/home/strain-drone/Documents/drone_position_hold/ros2_ws/install/position_publisher/share/position_publisher/hook/pythonpath.dsv'
[6.637s] DEBUG:colcon.colcon_core.event_handler.log_command:Invoked command in '/home/strain-drone/Documents/drone_position_hold/ros2_ws/src/position_publisher' returned '0': DEBUGINFOD_URLS=https://debuginfod.ubuntu.com PS1=\[\e]0;\u@\h: \w\a\]${debian_chroot:+($debian_chroot)}\[\033[01;32m\]\u@\h\[\033[00m\]:\[\033[01;34m\]\w\[\033[00m\]\$ PYTHONPATH=/home/strain-drone/Documents/drone_position_hold/ros2_ws/build/position_publisher/prefix_override:/usr/lib/python3/dist-packages/colcon_core/task/python/colcon_distutils_commands:/home/strain-drone/Documents/drone_position_hold/ros2_ws/install/position_publisher/lib/python3.12/site-packages:${PYTHONPATH} /usr/bin/python3 -W ignore:setup.py install is deprecated -W ignore:easy_install command is deprecated setup.py egg_info --egg-base ../../build/position_publisher build --build-base /home/strain-drone/Documents/drone_position_hold/ros2_ws/build/position_publisher/build install --record /home/strain-drone/Documents/drone_position_hold/ros2_ws/build/position_publisher/install.log --single-version-externally-managed install_data
[6.638s] INFO:colcon.colcon_core.shell:Creating environment hook '/home/strain-drone/Documents/drone_position_hold/ros2_ws/install/position_publisher/share/position_publisher/hook/pythonpath.sh'
[6.640s] Level 1:colcon.colcon_core.environment:checking '/home/strain-drone/Documents/drone_position_hold/ros2_ws/install/position_publisher/bin'
[6.640s] Level 1:colcon.colcon_core.environment:create_environment_scripts_only(position_publisher)
[6.640s] INFO:colcon.colcon_core.shell:Creating package script '/home/strain-drone/Documents/drone_position_hold/ros2_ws/install/position_publisher/share/position_publisher/package.ps1'
[6.641s] INFO:colcon.colcon_core.shell:Creating package descriptor '/home/strain-drone/Documents/drone_position_hold/ros2_ws/install/position_publisher/share/position_publisher/package.dsv'
[6.643s] INFO:colcon.colcon_core.shell:Creating package script '/home/strain-drone/Documents/drone_position_hold/ros2_ws/install/position_publisher/share/position_publisher/package.sh'
[6.644s] INFO:colcon.colcon_core.shell:Creating package script '/home/strain-drone/Documents/drone_position_hold/ros2_ws/install/position_publisher/share/position_publisher/package.bash'
[6.646s] INFO:colcon.colcon_core.shell:Creating package script '/home/strain-drone/Documents/drone_position_hold/ros2_ws/install/position_publisher/share/position_publisher/package.zsh'
[6.650s] Level 1:colcon.colcon_core.environment:create_file_with_runtime_dependencies(/home/strain-drone/Documents/drone_position_hold/ros2_ws/install/position_publisher/share/colcon-core/packages/position_publisher)
[6.651s] INFO:colcon.colcon_ros.task.ament_cmake.build:Building ROS package in '/home/strain-drone/Documents/drone_position_hold/ros2_ws/src/mocap4r2/mocap4r2_dummy_driver' with build type 'ament_cmake'
[6.652s] INFO:colcon.colcon_cmake.task.cmake.build:Building CMake package in '/home/strain-drone/Documents/drone_position_hold/ros2_ws/src/mocap4r2/mocap4r2_dummy_driver'
[6.652s] INFO:colcon.colcon_core.shell:Skip shell extension 'powershell' for command environment: Not usable outside of PowerShell
[6.652s] DEBUG:colcon.colcon_core.shell:Skip shell extension 'dsv' for command environment
[6.660s] Level 1:colcon.colcon_core.environment:checking '/home/strain-drone/Documents/drone_position_hold/ros2_ws/install/mavros_config' for CMake module files
[6.661s] Level 1:colcon.colcon_core.environment:checking '/home/strain-drone/Documents/drone_position_hold/ros2_ws/install/mavros_config' for CMake config files
[6.662s] Level 1:colcon.colcon_core.environment:checking '/home/strain-drone/Documents/drone_position_hold/ros2_ws/install/mavros_config/lib'
[6.662s] Level 1:colcon.colcon_core.environment:checking '/home/strain-drone/Documents/drone_position_hold/ros2_ws/install/mavros_config/bin'
[6.662s] Level 1:colcon.colcon_core.environment:checking '/home/strain-drone/Documents/drone_position_hold/ros2_ws/install/mavros_config/lib/pkgconfig/mavros_config.pc'
[6.663s] Level 1:colcon.colcon_core.environment:checking '/home/strain-drone/Documents/drone_position_hold/ros2_ws/install/mavros_config/lib/python3.12/site-packages'
[6.663s] Level 1:colcon.colcon_core.shell:create_environment_hook('mavros_config', 'pythonpath')
[6.663s] INFO:colcon.colcon_core.shell:Creating environment hook '/home/strain-drone/Documents/drone_position_hold/ros2_ws/install/mavros_config/share/mavros_config/hook/pythonpath.ps1'
[6.663s] DEBUG:colcon.colcon_core.event_handler.log_command:Invoked command in '/home/strain-drone/Documents/drone_position_hold/ros2_ws/src/mavros_config' returned '0': DEBUGINFOD_URLS=https://debuginfod.ubuntu.com PS1=\[\e]0;\u@\h: \w\a\]${debian_chroot:+($debian_chroot)}\[\033[01;32m\]\u@\h\[\033[00m\]:\[\033[01;34m\]\w\[\033[00m\]\$ PYTHONPATH=/home/strain-drone/Documents/drone_position_hold/ros2_ws/build/mavros_config/prefix_override:/usr/lib/python3/dist-packages/colcon_core/task/python/colcon_distutils_commands:/home/strain-drone/Documents/drone_position_hold/ros2_ws/install/mavros_config/lib/python3.12/site-packages:${PYTHONPATH} /usr/bin/python3 -W ignore:setup.py install is deprecated -W ignore:easy_install command is deprecated setup.py egg_info --egg-base ../../build/mavros_config build --build-base /home/strain-drone/Documents/drone_position_hold/ros2_ws/build/mavros_config/build install --record /home/strain-drone/Documents/drone_position_hold/ros2_ws/build/mavros_config/install.log --single-version-externally-managed install_data
[6.664s] INFO:colcon.colcon_core.shell:Creating environment descriptor '/home/strain-drone/Documents/drone_position_hold/ros2_ws/install/mavros_config/share/mavros_config/hook/pythonpath.dsv'
[6.665s] INFO:colcon.colcon_core.shell:Creating environment hook '/home/strain-drone/Documents/drone_position_hold/ros2_ws/install/mavros_config/share/mavros_config/hook/pythonpath.sh'
[6.666s] Level 1:colcon.colcon_core.environment:checking '/home/strain-drone/Documents/drone_position_hold/ros2_ws/install/mavros_config/bin'
[6.666s] Level 1:colcon.colcon_core.environment:create_environment_scripts_only(mavros_config)
[6.667s] INFO:colcon.colcon_core.shell:Creating package script '/home/strain-drone/Documents/drone_position_hold/ros2_ws/install/mavros_config/share/mavros_config/package.ps1'
[6.668s] INFO:colcon.colcon_core.shell:Creating package descriptor '/home/strain-drone/Documents/drone_position_hold/ros2_ws/install/mavros_config/share/mavros_config/package.dsv'
[6.668s] INFO:colcon.colcon_core.shell:Creating package script '/home/strain-drone/Documents/drone_position_hold/ros2_ws/install/mavros_config/share/mavros_config/package.sh'
[6.670s] INFO:colcon.colcon_core.shell:Creating package script '/home/strain-drone/Documents/drone_position_hold/ros2_ws/install/mavros_config/share/mavros_config/package.bash'
[6.671s] INFO:colcon.colcon_core.shell:Creating package script '/home/strain-drone/Documents/drone_position_hold/ros2_ws/install/mavros_config/share/mavros_config/package.zsh'
[6.672s] Level 1:colcon.colcon_core.environment:create_file_with_runtime_dependencies(/home/strain-drone/Documents/drone_position_hold/ros2_ws/install/mavros_config/share/colcon-core/packages/mavros_config)
[6.674s] INFO:colcon.colcon_ros.task.ament_cmake.build:Building ROS package in '/home/strain-drone/Documents/drone_position_hold/ros2_ws/src/mocap4ros2_vicon/mocap4r2_vicon_driver' with build type 'ament_cmake'
[6.675s] INFO:colcon.colcon_cmake.task.cmake.build:Building CMake package in '/home/strain-drone/Documents/drone_position_hold/ros2_ws/src/mocap4ros2_vicon/mocap4r2_vicon_driver'
[6.676s] INFO:colcon.colcon_core.shell:Skip shell extension 'powershell' for command environment: Not usable outside of PowerShell
[6.676s] DEBUG:colcon.colcon_core.shell:Skip shell extension 'dsv' for command environment
[6.695s] DEBUG:colcon.colcon_core.event_handler.log_command:Invoking command in '/home/strain-drone/Documents/drone_position_hold/ros2_ws/build/mocap4r2_dummy_driver': CMAKE_PREFIX_PATH=/home/strain-drone/Documents/drone_position_hold/ros2_ws/install/mocap4r2_control:/home/strain-drone/Documents/drone_position_hold/ros2_ws/install/mocap4r2_msgs:/home/strain-drone/Documents/drone_position_hold/ros2_ws/install/mocap4r2_control_msgs:/home/strain-drone/Documents/drone_position_hold/ros2_ws/install/rqt_mocap4r2_control:/home/strain-drone/Documents/drone_position_hold/ros2_ws/install/natnet_ros2:/home/strain-drone/Documents/drone_position_hold/ros2_ws/install/mocap4r2_vicon_driver:/home/strain-drone/Documents/drone_position_hold/ros2_ws/install/mocap4r2_robot_gt:/home/strain-drone/Documents/drone_position_hold/ros2_ws/install/mocap4r2_robot_gt_msgs:/home/strain-drone/Documents/drone_position_hold/ros2_ws/install/mocap4r2_marker_viz:/home/strain-drone/Documents/drone_position_hold/ros2_ws/install/mocap4r2_marker_publisher:/home/strain-drone/Documents/drone_position_hold/ros2_ws/install/mocap4r2_dummy_driver:/home/strain-drone/Documents/drone_position_hold/ros2_ws/install/mocap4r2_marker_viz_srvs:/opt/ros/jazzy/opt/gz_math_vendor:/opt/ros/jazzy/opt/gz_utils_vendor:/opt/ros/jazzy/opt/gz_cmake_vendor:/home/strain-drone/Documents/drone_position_hold/ros2_ws/install/visualizer:/home/strain-drone/Documents/drone_position_hold/ros2_ws/install/position_publisher:/home/strain-drone/Documents/drone_position_hold/ros2_ws/install/mocap4r2cli:/home/strain-drone/Documents/drone_position_hold/ros2_ws/install/mavros_config:/opt/ros/jazzy DEBUGINFOD_URLS=https://debuginfod.ubuntu.com LD_LIBRARY_PATH=/home/strain-drone/Documents/drone_position_hold/ros2_ws/install/mocap4r2_control/lib:/home/strain-drone/Documents/drone_position_hold/ros2_ws/install/mocap4r2_msgs/lib:/home/strain-drone/Documents/drone_position_hold/ros2_ws/install/mocap4r2_control_msgs/lib:/home/strain-drone/Documents/drone_position_hold/ros2_ws/install/rqt_mocap4r2_control/lib:/home/strain-drone/Documents/drone_position_hold/ros2_ws/install/natnet_ros2/lib:/home/strain-drone/Documents/drone_position_hold/ros2_ws/install/mocap4r2_vicon_driver/lib:/home/strain-drone/Documents/drone_position_hold/ros2_ws/install/mocap4r2_robot_gt/lib:/home/strain-drone/Documents/drone_position_hold/ros2_ws/install/mocap4r2_robot_gt_msgs/lib:/home/strain-drone/Documents/drone_position_hold/ros2_ws/install/mocap4r2_marker_viz_srvs/lib:/opt/ros/jazzy/opt/rviz_ogre_vendor/lib:/opt/ros/jazzy/lib/aarch64-linux-gnu:/opt/ros/jazzy/opt/gz_math_vendor/lib:/opt/ros/jazzy/opt/gz_utils_vendor/lib:/opt/ros/jazzy/opt/gz_cmake_vendor/lib:/opt/ros/jazzy/lib:/home/strain-drone/Documents/drone_position_hold/ros2_ws/src/natnet_ros2/deps/NatNetSDK/lib PS1=\[\e]0;\u@\h: \w\a\]${debian_chroot:+($debian_chroot)}\[\033[01;32m\]\u@\h\[\033[00m\]:\[\033[01;34m\]\w\[\033[00m\]\$ PYTHONPATH=/home/strain-drone/Documents/drone_position_hold/ros2_ws/install/mocap4r2_msgs/lib/python3.12/site-packages:/home/strain-drone/Documents/drone_position_hold/ros2_ws/install/mocap4r2_control_msgs/lib/python3.12/site-packages:/home/strain-drone/Documents/drone_position_hold/ros2_ws/install/visualizer/lib/python3.12/site-packages:/home/strain-drone/Documents/drone_position_hold/ros2_ws/install/position_publisher/lib/python3.12/site-packages:/home/strain-drone/Documents/drone_position_hold/ros2_ws/install/natnet_ros2/lib/python3.12/site-packages:/home/strain-drone/Documents/drone_position_hold/ros2_ws/install/mocap4r2cli/lib/python3.12/site-packages:/home/strain-drone/Documents/drone_position_hold/ros2_ws/install/mocap4r2_robot_gt_msgs/lib/python3.12/site-packages:/home/strain-drone/Documents/drone_position_hold/ros2_ws/install/mocap4r2_marker_viz_srvs/lib/python3.12/site-packages:/home/strain-drone/Documents/drone_position_hold/ros2_ws/install/mavros_config/lib/python3.12/site-packages:/opt/ros/jazzy/lib/python3.12/site-packages /usr/bin/cmake --build /home/strain-drone/Documents/drone_position_hold/ros2_ws/build/mocap4r2_dummy_driver -- -j4 -l4
[6.706s] DEBUG:colcon.colcon_core.event_handler.log_command:Invoking command in '/home/strain-drone/Documents/drone_position_hold/ros2_ws/build/mocap4r2_vicon_driver': CMAKE_PREFIX_PATH=/home/strain-drone/Documents/drone_position_hold/ros2_ws/install/mocap4r2_control:/home/strain-drone/Documents/drone_position_hold/ros2_ws/install/mocap4r2_msgs:/home/strain-drone/Documents/drone_position_hold/ros2_ws/install/mocap4r2_control_msgs:/home/strain-drone/Documents/drone_position_hold/ros2_ws/install/rqt_mocap4r2_control:/home/strain-drone/Documents/drone_position_hold/ros2_ws/install/natnet_ros2:/home/strain-drone/Documents/drone_position_hold/ros2_ws/install/mocap4r2_vicon_driver:/home/strain-drone/Documents/drone_position_hold/ros2_ws/install/mocap4r2_robot_gt:/home/strain-drone/Documents/drone_position_hold/ros2_ws/install/mocap4r2_robot_gt_msgs:/home/strain-drone/Documents/drone_position_hold/ros2_ws/install/mocap4r2_marker_viz:/home/strain-drone/Documents/drone_position_hold/ros2_ws/install/mocap4r2_marker_publisher:/home/strain-drone/Documents/drone_position_hold/ros2_ws/install/mocap4r2_dummy_driver:/home/strain-drone/Documents/drone_position_hold/ros2_ws/install/mocap4r2_marker_viz_srvs:/opt/ros/jazzy/opt/gz_math_vendor:/opt/ros/jazzy/opt/gz_utils_vendor:/opt/ros/jazzy/opt/gz_cmake_vendor:/home/strain-drone/Documents/drone_position_hold/ros2_ws/install/visualizer:/home/strain-drone/Documents/drone_position_hold/ros2_ws/install/position_publisher:/home/strain-drone/Documents/drone_position_hold/ros2_ws/install/mocap4r2cli:/home/strain-drone/Documents/drone_position_hold/ros2_ws/install/mavros_config:/opt/ros/jazzy DEBUGINFOD_URLS=https://debuginfod.ubuntu.com LD_LIBRARY_PATH=/home/strain-drone/Documents/drone_position_hold/ros2_ws/install/mocap4r2_control/lib:/home/strain-drone/Documents/drone_position_hold/ros2_ws/install/mocap4r2_msgs/lib:/home/strain-drone/Documents/drone_position_hold/ros2_ws/install/mocap4r2_control_msgs/lib:/home/strain-drone/Documents/drone_position_hold/ros2_ws/install/rqt_mocap4r2_control/lib:/home/strain-drone/Documents/drone_position_hold/ros2_ws/install/natnet_ros2/lib:/home/strain-drone/Documents/drone_position_hold/ros2_ws/install/mocap4r2_vicon_driver/lib:/home/strain-drone/Documents/drone_position_hold/ros2_ws/install/mocap4r2_robot_gt/lib:/home/strain-drone/Documents/drone_position_hold/ros2_ws/install/mocap4r2_robot_gt_msgs/lib:/home/strain-drone/Documents/drone_position_hold/ros2_ws/install/mocap4r2_marker_viz_srvs/lib:/opt/ros/jazzy/opt/rviz_ogre_vendor/lib:/opt/ros/jazzy/lib/aarch64-linux-gnu:/opt/ros/jazzy/opt/gz_math_vendor/lib:/opt/ros/jazzy/opt/gz_utils_vendor/lib:/opt/ros/jazzy/opt/gz_cmake_vendor/lib:/opt/ros/jazzy/lib:/home/strain-drone/Documents/drone_position_hold/ros2_ws/src/natnet_ros2/deps/NatNetSDK/lib PS1=\[\e]0;\u@\h: \w\a\]${debian_chroot:+($debian_chroot)}\[\033[01;32m\]\u@\h\[\033[00m\]:\[\033[01;34m\]\w\[\033[00m\]\$ PYTHONPATH=/home/strain-drone/Documents/drone_position_hold/ros2_ws/install/mocap4r2_msgs/lib/python3.12/site-packages:/home/strain-drone/Documents/drone_position_hold/ros2_ws/install/mocap4r2_control_msgs/lib/python3.12/site-packages:/home/strain-drone/Documents/drone_position_hold/ros2_ws/install/visualizer/lib/python3.12/site-packages:/home/strain-drone/Documents/drone_position_hold/ros2_ws/install/position_publisher/lib/python3.12/site-packages:/home/strain-drone/Documents/drone_position_hold/ros2_ws/install/natnet_ros2/lib/python3.12/site-packages:/home/strain-drone/Documents/drone_position_hold/ros2_ws/install/mocap4r2cli/lib/python3.12/site-packages:/home/strain-drone/Documents/drone_position_hold/ros2_ws/install/mocap4r2_robot_gt_msgs/lib/python3.12/site-packages:/home/strain-drone/Documents/drone_position_hold/ros2_ws/install/mocap4r2_marker_viz_srvs/lib/python3.12/site-packages:/home/strain-drone/Documents/drone_position_hold/ros2_ws/install/mavros_config/lib/python3.12/site-packages:/opt/ros/jazzy/lib/python3.12/site-packages /usr/bin/cmake --build /home/strain-drone/Documents/drone_position_hold/ros2_ws/build/mocap4r2_vicon_driver -- -j4 -l4
[7.102s] DEBUG:colcon.colcon_core.event_handler.log_command:Invoked command in '/home/strain-drone/Documents/drone_position_hold/ros2_ws/build/mocap4r2_dummy_driver' returned '0': CMAKE_PREFIX_PATH=/home/strain-drone/Documents/drone_position_hold/ros2_ws/install/mocap4r2_control:/home/strain-drone/Documents/drone_position_hold/ros2_ws/install/mocap4r2_msgs:/home/strain-drone/Documents/drone_position_hold/ros2_ws/install/mocap4r2_control_msgs:/home/strain-drone/Documents/drone_position_hold/ros2_ws/install/rqt_mocap4r2_control:/home/strain-drone/Documents/drone_position_hold/ros2_ws/install/natnet_ros2:/home/strain-drone/Documents/drone_position_hold/ros2_ws/install/mocap4r2_vicon_driver:/home/strain-drone/Documents/drone_position_hold/ros2_ws/install/mocap4r2_robot_gt:/home/strain-drone/Documents/drone_position_hold/ros2_ws/install/mocap4r2_robot_gt_msgs:/home/strain-drone/Documents/drone_position_hold/ros2_ws/install/mocap4r2_marker_viz:/home/strain-drone/Documents/drone_position_hold/ros2_ws/install/mocap4r2_marker_publisher:/home/strain-drone/Documents/drone_position_hold/ros2_ws/install/mocap4r2_dummy_driver:/home/strain-drone/Documents/drone_position_hold/ros2_ws/install/mocap4r2_marker_viz_srvs:/opt/ros/jazzy/opt/gz_math_vendor:/opt/ros/jazzy/opt/gz_utils_vendor:/opt/ros/jazzy/opt/gz_cmake_vendor:/home/strain-drone/Documents/drone_position_hold/ros2_ws/install/visualizer:/home/strain-drone/Documents/drone_position_hold/ros2_ws/install/position_publisher:/home/strain-drone/Documents/drone_position_hold/ros2_ws/install/mocap4r2cli:/home/strain-drone/Documents/drone_position_hold/ros2_ws/install/mavros_config:/opt/ros/jazzy DEBUGINFOD_URLS=https://debuginfod.ubuntu.com LD_LIBRARY_PATH=/home/strain-drone/Documents/drone_position_hold/ros2_ws/install/mocap4r2_control/lib:/home/strain-drone/Documents/drone_position_hold/ros2_ws/install/mocap4r2_msgs/lib:/home/strain-drone/Documents/drone_position_hold/ros2_ws/install/mocap4r2_control_msgs/lib:/home/strain-drone/Documents/drone_position_hold/ros2_ws/install/rqt_mocap4r2_control/lib:/home/strain-drone/Documents/drone_position_hold/ros2_ws/install/natnet_ros2/lib:/home/strain-drone/Documents/drone_position_hold/ros2_ws/install/mocap4r2_vicon_driver/lib:/home/strain-drone/Documents/drone_position_hold/ros2_ws/install/mocap4r2_robot_gt/lib:/home/strain-drone/Documents/drone_position_hold/ros2_ws/install/mocap4r2_robot_gt_msgs/lib:/home/strain-drone/Documents/drone_position_hold/ros2_ws/install/mocap4r2_marker_viz_srvs/lib:/opt/ros/jazzy/opt/rviz_ogre_vendor/lib:/opt/ros/jazzy/lib/aarch64-linux-gnu:/opt/ros/jazzy/opt/gz_math_vendor/lib:/opt/ros/jazzy/opt/gz_utils_vendor/lib:/opt/ros/jazzy/opt/gz_cmake_vendor/lib:/opt/ros/jazzy/lib:/home/strain-drone/Documents/drone_position_hold/ros2_ws/src/natnet_ros2/deps/NatNetSDK/lib PS1=\[\e]0;\u@\h: \w\a\]${debian_chroot:+($debian_chroot)}\[\033[01;32m\]\u@\h\[\033[00m\]:\[\033[01;34m\]\w\[\033[00m\]\$ PYTHONPATH=/home/strain-drone/Documents/drone_position_hold/ros2_ws/install/mocap4r2_msgs/lib/python3.12/site-packages:/home/strain-drone/Documents/drone_position_hold/ros2_ws/install/mocap4r2_control_msgs/lib/python3.12/site-packages:/home/strain-drone/Documents/drone_position_hold/ros2_ws/install/visualizer/lib/python3.12/site-packages:/home/strain-drone/Documents/drone_position_hold/ros2_ws/install/position_publisher/lib/python3.12/site-packages:/home/strain-drone/Documents/drone_position_hold/ros2_ws/install/natnet_ros2/lib/python3.12/site-packages:/home/strain-drone/Documents/drone_position_hold/ros2_ws/install/mocap4r2cli/lib/python3.12/site-packages:/home/strain-drone/Documents/drone_position_hold/ros2_ws/install/mocap4r2_robot_gt_msgs/lib/python3.12/site-packages:/home/strain-drone/Documents/drone_position_hold/ros2_ws/install/mocap4r2_marker_viz_srvs/lib/python3.12/site-packages:/home/strain-drone/Documents/drone_position_hold/ros2_ws/install/mavros_config/lib/python3.12/site-packages:/opt/ros/jazzy/lib/python3.12/site-packages /usr/bin/cmake --build /home/strain-drone/Documents/drone_position_hold/ros2_ws/build/mocap4r2_dummy_driver -- -j4 -l4
[7.106s] DEBUG:colcon.colcon_core.event_handler.log_command:Invoking command in '/home/strain-drone/Documents/drone_position_hold/ros2_ws/build/mocap4r2_dummy_driver': CMAKE_PREFIX_PATH=/home/strain-drone/Documents/drone_position_hold/ros2_ws/install/mocap4r2_control:/home/strain-drone/Documents/drone_position_hold/ros2_ws/install/mocap4r2_msgs:/home/strain-drone/Documents/drone_position_hold/ros2_ws/install/mocap4r2_control_msgs:/home/strain-drone/Documents/drone_position_hold/ros2_ws/install/rqt_mocap4r2_control:/home/strain-drone/Documents/drone_position_hold/ros2_ws/install/natnet_ros2:/home/strain-drone/Documents/drone_position_hold/ros2_ws/install/mocap4r2_vicon_driver:/home/strain-drone/Documents/drone_position_hold/ros2_ws/install/mocap4r2_robot_gt:/home/strain-drone/Documents/drone_position_hold/ros2_ws/install/mocap4r2_robot_gt_msgs:/home/strain-drone/Documents/drone_position_hold/ros2_ws/install/mocap4r2_marker_viz:/home/strain-drone/Documents/drone_position_hold/ros2_ws/install/mocap4r2_marker_publisher:/home/strain-drone/Documents/drone_position_hold/ros2_ws/install/mocap4r2_dummy_driver:/home/strain-drone/Documents/drone_position_hold/ros2_ws/install/mocap4r2_marker_viz_srvs:/opt/ros/jazzy/opt/gz_math_vendor:/opt/ros/jazzy/opt/gz_utils_vendor:/opt/ros/jazzy/opt/gz_cmake_vendor:/home/strain-drone/Documents/drone_position_hold/ros2_ws/install/visualizer:/home/strain-drone/Documents/drone_position_hold/ros2_ws/install/position_publisher:/home/strain-drone/Documents/drone_position_hold/ros2_ws/install/mocap4r2cli:/home/strain-drone/Documents/drone_position_hold/ros2_ws/install/mavros_config:/opt/ros/jazzy DEBUGINFOD_URLS=https://debuginfod.ubuntu.com LD_LIBRARY_PATH=/home/strain-drone/Documents/drone_position_hold/ros2_ws/install/mocap4r2_control/lib:/home/strain-drone/Documents/drone_position_hold/ros2_ws/install/mocap4r2_msgs/lib:/home/strain-drone/Documents/drone_position_hold/ros2_ws/install/mocap4r2_control_msgs/lib:/home/strain-drone/Documents/drone_position_hold/ros2_ws/install/rqt_mocap4r2_control/lib:/home/strain-drone/Documents/drone_position_hold/ros2_ws/install/natnet_ros2/lib:/home/strain-drone/Documents/drone_position_hold/ros2_ws/install/mocap4r2_vicon_driver/lib:/home/strain-drone/Documents/drone_position_hold/ros2_ws/install/mocap4r2_robot_gt/lib:/home/strain-drone/Documents/drone_position_hold/ros2_ws/install/mocap4r2_robot_gt_msgs/lib:/home/strain-drone/Documents/drone_position_hold/ros2_ws/install/mocap4r2_marker_viz_srvs/lib:/opt/ros/jazzy/opt/rviz_ogre_vendor/lib:/opt/ros/jazzy/lib/aarch64-linux-gnu:/opt/ros/jazzy/opt/gz_math_vendor/lib:/opt/ros/jazzy/opt/gz_utils_vendor/lib:/opt/ros/jazzy/opt/gz_cmake_vendor/lib:/opt/ros/jazzy/lib:/home/strain-drone/Documents/drone_position_hold/ros2_ws/src/natnet_ros2/deps/NatNetSDK/lib PS1=\[\e]0;\u@\h: \w\a\]${debian_chroot:+($debian_chroot)}\[\033[01;32m\]\u@\h\[\033[00m\]:\[\033[01;34m\]\w\[\033[00m\]\$ PYTHONPATH=/home/strain-drone/Documents/drone_position_hold/ros2_ws/install/mocap4r2_msgs/lib/python3.12/site-packages:/home/strain-drone/Documents/drone_position_hold/ros2_ws/install/mocap4r2_control_msgs/lib/python3.12/site-packages:/home/strain-drone/Documents/drone_position_hold/ros2_ws/install/visualizer/lib/python3.12/site-packages:/home/strain-drone/Documents/drone_position_hold/ros2_ws/install/position_publisher/lib/python3.12/site-packages:/home/strain-drone/Documents/drone_position_hold/ros2_ws/install/natnet_ros2/lib/python3.12/site-packages:/home/strain-drone/Documents/drone_position_hold/ros2_ws/install/mocap4r2cli/lib/python3.12/site-packages:/home/strain-drone/Documents/drone_position_hold/ros2_ws/install/mocap4r2_robot_gt_msgs/lib/python3.12/site-packages:/home/strain-drone/Documents/drone_position_hold/ros2_ws/install/mocap4r2_marker_viz_srvs/lib/python3.12/site-packages:/home/strain-drone/Documents/drone_position_hold/ros2_ws/install/mavros_config/lib/python3.12/site-packages:/opt/ros/jazzy/lib/python3.12/site-packages /usr/bin/cmake --install /home/strain-drone/Documents/drone_position_hold/ros2_ws/build/mocap4r2_dummy_driver
[7.115s] DEBUG:colcon.colcon_core.event_handler.log_command:Invoked command in '/home/strain-drone/Documents/drone_position_hold/ros2_ws/build/mocap4r2_vicon_driver' returned '0': CMAKE_PREFIX_PATH=/home/strain-drone/Documents/drone_position_hold/ros2_ws/install/mocap4r2_control:/home/strain-drone/Documents/drone_position_hold/ros2_ws/install/mocap4r2_msgs:/home/strain-drone/Documents/drone_position_hold/ros2_ws/install/mocap4r2_control_msgs:/home/strain-drone/Documents/drone_position_hold/ros2_ws/install/rqt_mocap4r2_control:/home/strain-drone/Documents/drone_position_hold/ros2_ws/install/natnet_ros2:/home/strain-drone/Documents/drone_position_hold/ros2_ws/install/mocap4r2_vicon_driver:/home/strain-drone/Documents/drone_position_hold/ros2_ws/install/mocap4r2_robot_gt:/home/strain-drone/Documents/drone_position_hold/ros2_ws/install/mocap4r2_robot_gt_msgs:/home/strain-drone/Documents/drone_position_hold/ros2_ws/install/mocap4r2_marker_viz:/home/strain-drone/Documents/drone_position_hold/ros2_ws/install/mocap4r2_marker_publisher:/home/strain-drone/Documents/drone_position_hold/ros2_ws/install/mocap4r2_dummy_driver:/home/strain-drone/Documents/drone_position_hold/ros2_ws/install/mocap4r2_marker_viz_srvs:/opt/ros/jazzy/opt/gz_math_vendor:/opt/ros/jazzy/opt/gz_utils_vendor:/opt/ros/jazzy/opt/gz_cmake_vendor:/home/strain-drone/Documents/drone_position_hold/ros2_ws/install/visualizer:/home/strain-drone/Documents/drone_position_hold/ros2_ws/install/position_publisher:/home/strain-drone/Documents/drone_position_hold/ros2_ws/install/mocap4r2cli:/home/strain-drone/Documents/drone_position_hold/ros2_ws/install/mavros_config:/opt/ros/jazzy DEBUGINFOD_URLS=https://debuginfod.ubuntu.com LD_LIBRARY_PATH=/home/strain-drone/Documents/drone_position_hold/ros2_ws/install/mocap4r2_control/lib:/home/strain-drone/Documents/drone_position_hold/ros2_ws/install/mocap4r2_msgs/lib:/home/strain-drone/Documents/drone_position_hold/ros2_ws/install/mocap4r2_control_msgs/lib:/home/strain-drone/Documents/drone_position_hold/ros2_ws/install/rqt_mocap4r2_control/lib:/home/strain-drone/Documents/drone_position_hold/ros2_ws/install/natnet_ros2/lib:/home/strain-drone/Documents/drone_position_hold/ros2_ws/install/mocap4r2_vicon_driver/lib:/home/strain-drone/Documents/drone_position_hold/ros2_ws/install/mocap4r2_robot_gt/lib:/home/strain-drone/Documents/drone_position_hold/ros2_ws/install/mocap4r2_robot_gt_msgs/lib:/home/strain-drone/Documents/drone_position_hold/ros2_ws/install/mocap4r2_marker_viz_srvs/lib:/opt/ros/jazzy/opt/rviz_ogre_vendor/lib:/opt/ros/jazzy/lib/aarch64-linux-gnu:/opt/ros/jazzy/opt/gz_math_vendor/lib:/opt/ros/jazzy/opt/gz_utils_vendor/lib:/opt/ros/jazzy/opt/gz_cmake_vendor/lib:/opt/ros/jazzy/lib:/home/strain-drone/Documents/drone_position_hold/ros2_ws/src/natnet_ros2/deps/NatNetSDK/lib PS1=\[\e]0;\u@\h: \w\a\]${debian_chroot:+($debian_chroot)}\[\033[01;32m\]\u@\h\[\033[00m\]:\[\033[01;34m\]\w\[\033[00m\]\$ PYTHONPATH=/home/strain-drone/Documents/drone_position_hold/ros2_ws/install/mocap4r2_msgs/lib/python3.12/site-packages:/home/strain-drone/Documents/drone_position_hold/ros2_ws/install/mocap4r2_control_msgs/lib/python3.12/site-packages:/home/strain-drone/Documents/drone_position_hold/ros2_ws/install/visualizer/lib/python3.12/site-packages:/home/strain-drone/Documents/drone_position_hold/ros2_ws/install/position_publisher/lib/python3.12/site-packages:/home/strain-drone/Documents/drone_position_hold/ros2_ws/install/natnet_ros2/lib/python3.12/site-packages:/home/strain-drone/Documents/drone_position_hold/ros2_ws/install/mocap4r2cli/lib/python3.12/site-packages:/home/strain-drone/Documents/drone_position_hold/ros2_ws/install/mocap4r2_robot_gt_msgs/lib/python3.12/site-packages:/home/strain-drone/Documents/drone_position_hold/ros2_ws/install/mocap4r2_marker_viz_srvs/lib/python3.12/site-packages:/home/strain-drone/Documents/drone_position_hold/ros2_ws/install/mavros_config/lib/python3.12/site-packages:/opt/ros/jazzy/lib/python3.12/site-packages /usr/bin/cmake --build /home/strain-drone/Documents/drone_position_hold/ros2_ws/build/mocap4r2_vicon_driver -- -j4 -l4
[7.119s] DEBUG:colcon.colcon_core.event_handler.log_command:Invoking command in '/home/strain-drone/Documents/drone_position_hold/ros2_ws/build/mocap4r2_vicon_driver': CMAKE_PREFIX_PATH=/home/strain-drone/Documents/drone_position_hold/ros2_ws/install/mocap4r2_control:/home/strain-drone/Documents/drone_position_hold/ros2_ws/install/mocap4r2_msgs:/home/strain-drone/Documents/drone_position_hold/ros2_ws/install/mocap4r2_control_msgs:/home/strain-drone/Documents/drone_position_hold/ros2_ws/install/rqt_mocap4r2_control:/home/strain-drone/Documents/drone_position_hold/ros2_ws/install/natnet_ros2:/home/strain-drone/Documents/drone_position_hold/ros2_ws/install/mocap4r2_vicon_driver:/home/strain-drone/Documents/drone_position_hold/ros2_ws/install/mocap4r2_robot_gt:/home/strain-drone/Documents/drone_position_hold/ros2_ws/install/mocap4r2_robot_gt_msgs:/home/strain-drone/Documents/drone_position_hold/ros2_ws/install/mocap4r2_marker_viz:/home/strain-drone/Documents/drone_position_hold/ros2_ws/install/mocap4r2_marker_publisher:/home/strain-drone/Documents/drone_position_hold/ros2_ws/install/mocap4r2_dummy_driver:/home/strain-drone/Documents/drone_position_hold/ros2_ws/install/mocap4r2_marker_viz_srvs:/opt/ros/jazzy/opt/gz_math_vendor:/opt/ros/jazzy/opt/gz_utils_vendor:/opt/ros/jazzy/opt/gz_cmake_vendor:/home/strain-drone/Documents/drone_position_hold/ros2_ws/install/visualizer:/home/strain-drone/Documents/drone_position_hold/ros2_ws/install/position_publisher:/home/strain-drone/Documents/drone_position_hold/ros2_ws/install/mocap4r2cli:/home/strain-drone/Documents/drone_position_hold/ros2_ws/install/mavros_config:/opt/ros/jazzy DEBUGINFOD_URLS=https://debuginfod.ubuntu.com LD_LIBRARY_PATH=/home/strain-drone/Documents/drone_position_hold/ros2_ws/install/mocap4r2_control/lib:/home/strain-drone/Documents/drone_position_hold/ros2_ws/install/mocap4r2_msgs/lib:/home/strain-drone/Documents/drone_position_hold/ros2_ws/install/mocap4r2_control_msgs/lib:/home/strain-drone/Documents/drone_position_hold/ros2_ws/install/rqt_mocap4r2_control/lib:/home/strain-drone/Documents/drone_position_hold/ros2_ws/install/natnet_ros2/lib:/home/strain-drone/Documents/drone_position_hold/ros2_ws/install/mocap4r2_vicon_driver/lib:/home/strain-drone/Documents/drone_position_hold/ros2_ws/install/mocap4r2_robot_gt/lib:/home/strain-drone/Documents/drone_position_hold/ros2_ws/install/mocap4r2_robot_gt_msgs/lib:/home/strain-drone/Documents/drone_position_hold/ros2_ws/install/mocap4r2_marker_viz_srvs/lib:/opt/ros/jazzy/opt/rviz_ogre_vendor/lib:/opt/ros/jazzy/lib/aarch64-linux-gnu:/opt/ros/jazzy/opt/gz_math_vendor/lib:/opt/ros/jazzy/opt/gz_utils_vendor/lib:/opt/ros/jazzy/opt/gz_cmake_vendor/lib:/opt/ros/jazzy/lib:/home/strain-drone/Documents/drone_position_hold/ros2_ws/src/natnet_ros2/deps/NatNetSDK/lib PS1=\[\e]0;\u@\h: \w\a\]${debian_chroot:+($debian_chroot)}\[\033[01;32m\]\u@\h\[\033[00m\]:\[\033[01;34m\]\w\[\033[00m\]\$ PYTHONPATH=/home/strain-drone/Documents/drone_position_hold/ros2_ws/install/mocap4r2_msgs/lib/python3.12/site-packages:/home/strain-drone/Documents/drone_position_hold/ros2_ws/install/mocap4r2_control_msgs/lib/python3.12/site-packages:/home/strain-drone/Documents/drone_position_hold/ros2_ws/install/visualizer/lib/python3.12/site-packages:/home/strain-drone/Documents/drone_position_hold/ros2_ws/install/position_publisher/lib/python3.12/site-packages:/home/strain-drone/Documents/drone_position_hold/ros2_ws/install/natnet_ros2/lib/python3.12/site-packages:/home/strain-drone/Documents/drone_position_hold/ros2_ws/install/mocap4r2cli/lib/python3.12/site-packages:/home/strain-drone/Documents/drone_position_hold/ros2_ws/install/mocap4r2_robot_gt_msgs/lib/python3.12/site-packages:/home/strain-drone/Documents/drone_position_hold/ros2_ws/install/mocap4r2_marker_viz_srvs/lib/python3.12/site-packages:/home/strain-drone/Documents/drone_position_hold/ros2_ws/install/mavros_config/lib/python3.12/site-packages:/opt/ros/jazzy/lib/python3.12/site-packages /usr/bin/cmake --install /home/strain-drone/Documents/drone_position_hold/ros2_ws/build/mocap4r2_vicon_driver
[7.122s] Level 1:colcon.colcon_core.environment:checking '/home/strain-drone/Documents/drone_position_hold/ros2_ws/install/visualizer' for CMake module files
[7.123s] DEBUG:colcon.colcon_core.event_handler.log_command:Invoked command in '/home/strain-drone/Documents/drone_position_hold/ros2_ws/src/visualizer' returned '0': DEBUGINFOD_URLS=https://debuginfod.ubuntu.com PS1=\[\e]0;\u@\h: \w\a\]${debian_chroot:+($debian_chroot)}\[\033[01;32m\]\u@\h\[\033[00m\]:\[\033[01;34m\]\w\[\033[00m\]\$ PYTHONPATH=/home/strain-drone/Documents/drone_position_hold/ros2_ws/build/visualizer/prefix_override:/usr/lib/python3/dist-packages/colcon_core/task/python/colcon_distutils_commands:/home/strain-drone/Documents/drone_position_hold/ros2_ws/install/visualizer/lib/python3.12/site-packages:${PYTHONPATH} /usr/bin/python3 -W ignore:setup.py install is deprecated -W ignore:easy_install command is deprecated setup.py egg_info --egg-base ../../build/visualizer build --build-base /home/strain-drone/Documents/drone_position_hold/ros2_ws/build/visualizer/build install --record /home/strain-drone/Documents/drone_position_hold/ros2_ws/build/visualizer/install.log --single-version-externally-managed install_data
[7.128s] Level 1:colcon.colcon_core.environment:checking '/home/strain-drone/Documents/drone_position_hold/ros2_ws/install/visualizer' for CMake config files
[7.130s] Level 1:colcon.colcon_core.environment:checking '/home/strain-drone/Documents/drone_position_hold/ros2_ws/install/visualizer/lib'
[7.130s] Level 1:colcon.colcon_core.environment:checking '/home/strain-drone/Documents/drone_position_hold/ros2_ws/install/visualizer/bin'
[7.130s] Level 1:colcon.colcon_core.environment:checking '/home/strain-drone/Documents/drone_position_hold/ros2_ws/install/visualizer/lib/pkgconfig/visualizer.pc'
[7.131s] Level 1:colcon.colcon_core.environment:checking '/home/strain-drone/Documents/drone_position_hold/ros2_ws/install/visualizer/lib/python3.12/site-packages'
[7.131s] Level 1:colcon.colcon_core.shell:create_environment_hook('visualizer', 'pythonpath')
[7.131s] INFO:colcon.colcon_core.shell:Creating environment hook '/home/strain-drone/Documents/drone_position_hold/ros2_ws/install/visualizer/share/visualizer/hook/pythonpath.ps1'
[7.132s] INFO:colcon.colcon_core.shell:Creating environment descriptor '/home/strain-drone/Documents/drone_position_hold/ros2_ws/install/visualizer/share/visualizer/hook/pythonpath.dsv'
[7.132s] INFO:colcon.colcon_core.shell:Creating environment hook '/home/strain-drone/Documents/drone_position_hold/ros2_ws/install/visualizer/share/visualizer/hook/pythonpath.sh'
[7.136s] Level 1:colcon.colcon_core.environment:checking '/home/strain-drone/Documents/drone_position_hold/ros2_ws/install/visualizer/bin'
[7.136s] Level 1:colcon.colcon_core.environment:create_environment_scripts_only(visualizer)
[7.137s] INFO:colcon.colcon_core.shell:Creating package script '/home/strain-drone/Documents/drone_position_hold/ros2_ws/install/visualizer/share/visualizer/package.ps1'
[7.137s] INFO:colcon.colcon_core.shell:Creating package descriptor '/home/strain-drone/Documents/drone_position_hold/ros2_ws/install/visualizer/share/visualizer/package.dsv'
[7.138s] INFO:colcon.colcon_core.shell:Creating package script '/home/strain-drone/Documents/drone_position_hold/ros2_ws/install/visualizer/share/visualizer/package.sh'
[7.139s] INFO:colcon.colcon_core.shell:Creating package script '/home/strain-drone/Documents/drone_position_hold/ros2_ws/install/visualizer/share/visualizer/package.bash'
[7.140s] INFO:colcon.colcon_core.shell:Creating package script '/home/strain-drone/Documents/drone_position_hold/ros2_ws/install/visualizer/share/visualizer/package.zsh'
[7.141s] Level 1:colcon.colcon_core.environment:create_file_with_runtime_dependencies(/home/strain-drone/Documents/drone_position_hold/ros2_ws/install/visualizer/share/colcon-core/packages/visualizer)
[7.142s] INFO:colcon.colcon_ros.task.ament_cmake.build:Building ROS package in '/home/strain-drone/Documents/drone_position_hold/ros2_ws/src/mocap4r2/mocap4r2_control/rqt_mocap4r2_control' with build type 'ament_cmake'
[7.143s] INFO:colcon.colcon_cmake.task.cmake.build:Building CMake package in '/home/strain-drone/Documents/drone_position_hold/ros2_ws/src/mocap4r2/mocap4r2_control/rqt_mocap4r2_control'
[7.144s] INFO:colcon.colcon_core.shell:Skip shell extension 'powershell' for command environment: Not usable outside of PowerShell
[7.144s] DEBUG:colcon.colcon_core.shell:Skip shell extension 'dsv' for command environment
[7.158s] Level 1:colcon.colcon_core.environment:create_environment_scripts_only(mocap4r2_dummy_driver)
[7.159s] Level 1:colcon.colcon_core.environment:checking '/home/strain-drone/Documents/drone_position_hold/ros2_ws/install/mocap4r2_dummy_driver' for CMake module files
[7.160s] DEBUG:colcon.colcon_core.event_handler.log_command:Invoked command in '/home/strain-drone/Documents/drone_position_hold/ros2_ws/build/mocap4r2_dummy_driver' returned '0': CMAKE_PREFIX_PATH=/home/strain-drone/Documents/drone_position_hold/ros2_ws/install/mocap4r2_control:/home/strain-drone/Documents/drone_position_hold/ros2_ws/install/mocap4r2_msgs:/home/strain-drone/Documents/drone_position_hold/ros2_ws/install/mocap4r2_control_msgs:/home/strain-drone/Documents/drone_position_hold/ros2_ws/install/rqt_mocap4r2_control:/home/strain-drone/Documents/drone_position_hold/ros2_ws/install/natnet_ros2:/home/strain-drone/Documents/drone_position_hold/ros2_ws/install/mocap4r2_vicon_driver:/home/strain-drone/Documents/drone_position_hold/ros2_ws/install/mocap4r2_robot_gt:/home/strain-drone/Documents/drone_position_hold/ros2_ws/install/mocap4r2_robot_gt_msgs:/home/strain-drone/Documents/drone_position_hold/ros2_ws/install/mocap4r2_marker_viz:/home/strain-drone/Documents/drone_position_hold/ros2_ws/install/mocap4r2_marker_publisher:/home/strain-drone/Documents/drone_position_hold/ros2_ws/install/mocap4r2_dummy_driver:/home/strain-drone/Documents/drone_position_hold/ros2_ws/install/mocap4r2_marker_viz_srvs:/opt/ros/jazzy/opt/gz_math_vendor:/opt/ros/jazzy/opt/gz_utils_vendor:/opt/ros/jazzy/opt/gz_cmake_vendor:/home/strain-drone/Documents/drone_position_hold/ros2_ws/install/visualizer:/home/strain-drone/Documents/drone_position_hold/ros2_ws/install/position_publisher:/home/strain-drone/Documents/drone_position_hold/ros2_ws/install/mocap4r2cli:/home/strain-drone/Documents/drone_position_hold/ros2_ws/install/mavros_config:/opt/ros/jazzy DEBUGINFOD_URLS=https://debuginfod.ubuntu.com LD_LIBRARY_PATH=/home/strain-drone/Documents/drone_position_hold/ros2_ws/install/mocap4r2_control/lib:/home/strain-drone/Documents/drone_position_hold/ros2_ws/install/mocap4r2_msgs/lib:/home/strain-drone/Documents/drone_position_hold/ros2_ws/install/mocap4r2_control_msgs/lib:/home/strain-drone/Documents/drone_position_hold/ros2_ws/install/rqt_mocap4r2_control/lib:/home/strain-drone/Documents/drone_position_hold/ros2_ws/install/natnet_ros2/lib:/home/strain-drone/Documents/drone_position_hold/ros2_ws/install/mocap4r2_vicon_driver/lib:/home/strain-drone/Documents/drone_position_hold/ros2_ws/install/mocap4r2_robot_gt/lib:/home/strain-drone/Documents/drone_position_hold/ros2_ws/install/mocap4r2_robot_gt_msgs/lib:/home/strain-drone/Documents/drone_position_hold/ros2_ws/install/mocap4r2_marker_viz_srvs/lib:/opt/ros/jazzy/opt/rviz_ogre_vendor/lib:/opt/ros/jazzy/lib/aarch64-linux-gnu:/opt/ros/jazzy/opt/gz_math_vendor/lib:/opt/ros/jazzy/opt/gz_utils_vendor/lib:/opt/ros/jazzy/opt/gz_cmake_vendor/lib:/opt/ros/jazzy/lib:/home/strain-drone/Documents/drone_position_hold/ros2_ws/src/natnet_ros2/deps/NatNetSDK/lib PS1=\[\e]0;\u@\h: \w\a\]${debian_chroot:+($debian_chroot)}\[\033[01;32m\]\u@\h\[\033[00m\]:\[\033[01;34m\]\w\[\033[00m\]\$ PYTHONPATH=/home/strain-drone/Documents/drone_position_hold/ros2_ws/install/mocap4r2_msgs/lib/python3.12/site-packages:/home/strain-drone/Documents/drone_position_hold/ros2_ws/install/mocap4r2_control_msgs/lib/python3.12/site-packages:/home/strain-drone/Documents/drone_position_hold/ros2_ws/install/visualizer/lib/python3.12/site-packages:/home/strain-drone/Documents/drone_position_hold/ros2_ws/install/position_publisher/lib/python3.12/site-packages:/home/strain-drone/Documents/drone_position_hold/ros2_ws/install/natnet_ros2/lib/python3.12/site-packages:/home/strain-drone/Documents/drone_position_hold/ros2_ws/install/mocap4r2cli/lib/python3.12/site-packages:/home/strain-drone/Documents/drone_position_hold/ros2_ws/install/mocap4r2_robot_gt_msgs/lib/python3.12/site-packages:/home/strain-drone/Documents/drone_position_hold/ros2_ws/install/mocap4r2_marker_viz_srvs/lib/python3.12/site-packages:/home/strain-drone/Documents/drone_position_hold/ros2_ws/install/mavros_config/lib/python3.12/site-packages:/opt/ros/jazzy/lib/python3.12/site-packages /usr/bin/cmake --install /home/strain-drone/Documents/drone_position_hold/ros2_ws/build/mocap4r2_dummy_driver
[7.160s] Level 1:colcon.colcon_core.environment:checking '/home/strain-drone/Documents/drone_position_hold/ros2_ws/install/mocap4r2_dummy_driver' for CMake config files
[7.161s] Level 1:colcon.colcon_core.shell:create_environment_hook('mocap4r2_dummy_driver', 'cmake_prefix_path')
[7.161s] INFO:colcon.colcon_core.shell:Creating environment hook '/home/strain-drone/Documents/drone_position_hold/ros2_ws/install/mocap4r2_dummy_driver/share/mocap4r2_dummy_driver/hook/cmake_prefix_path.ps1'
[7.162s] INFO:colcon.colcon_core.shell:Creating environment descriptor '/home/strain-drone/Documents/drone_position_hold/ros2_ws/install/mocap4r2_dummy_driver/share/mocap4r2_dummy_driver/hook/cmake_prefix_path.dsv'
[7.163s] INFO:colcon.colcon_core.shell:Creating environment hook '/home/strain-drone/Documents/drone_position_hold/ros2_ws/install/mocap4r2_dummy_driver/share/mocap4r2_dummy_driver/hook/cmake_prefix_path.sh'
[7.164s] Level 1:colcon.colcon_core.environment:checking '/home/strain-drone/Documents/drone_position_hold/ros2_ws/install/mocap4r2_dummy_driver/lib'
[7.164s] Level 1:colcon.colcon_core.environment:checking '/home/strain-drone/Documents/drone_position_hold/ros2_ws/install/mocap4r2_dummy_driver/bin'
[7.164s] Level 1:colcon.colcon_core.environment:checking '/home/strain-drone/Documents/drone_position_hold/ros2_ws/install/mocap4r2_dummy_driver/lib/pkgconfig/mocap4r2_dummy_driver.pc'
[7.165s] Level 1:colcon.colcon_core.environment:checking '/home/strain-drone/Documents/drone_position_hold/ros2_ws/install/mocap4r2_dummy_driver/lib/python3.12/site-packages'
[7.165s] Level 1:colcon.colcon_core.environment:checking '/home/strain-drone/Documents/drone_position_hold/ros2_ws/install/mocap4r2_dummy_driver/bin'
[7.166s] INFO:colcon.colcon_core.shell:Creating package script '/home/strain-drone/Documents/drone_position_hold/ros2_ws/install/mocap4r2_dummy_driver/share/mocap4r2_dummy_driver/package.ps1'
[7.167s] INFO:colcon.colcon_core.shell:Creating package descriptor '/home/strain-drone/Documents/drone_position_hold/ros2_ws/install/mocap4r2_dummy_driver/share/mocap4r2_dummy_driver/package.dsv'
[7.167s] INFO:colcon.colcon_core.shell:Creating package script '/home/strain-drone/Documents/drone_position_hold/ros2_ws/install/mocap4r2_dummy_driver/share/mocap4r2_dummy_driver/package.sh'
[7.168s] INFO:colcon.colcon_core.shell:Creating package script '/home/strain-drone/Documents/drone_position_hold/ros2_ws/install/mocap4r2_dummy_driver/share/mocap4r2_dummy_driver/package.bash'
[7.169s] INFO:colcon.colcon_core.shell:Creating package script '/home/strain-drone/Documents/drone_position_hold/ros2_ws/install/mocap4r2_dummy_driver/share/mocap4r2_dummy_driver/package.zsh'
[7.169s] Level 1:colcon.colcon_core.environment:create_file_with_runtime_dependencies(/home/strain-drone/Documents/drone_position_hold/ros2_ws/install/mocap4r2_dummy_driver/share/colcon-core/packages/mocap4r2_dummy_driver)
[7.170s] Level 1:colcon.colcon_core.environment:create_environment_scripts_only(mocap4r2_dummy_driver)
[7.170s] Level 1:colcon.colcon_core.environment:checking '/home/strain-drone/Documents/drone_position_hold/ros2_ws/install/mocap4r2_dummy_driver' for CMake module files
[7.171s] Level 1:colcon.colcon_core.environment:checking '/home/strain-drone/Documents/drone_position_hold/ros2_ws/install/mocap4r2_dummy_driver' for CMake config files
[7.172s] Level 1:colcon.colcon_core.shell:create_environment_hook('mocap4r2_dummy_driver', 'cmake_prefix_path')
[7.172s] INFO:colcon.colcon_core.shell:Creating environment hook '/home/strain-drone/Documents/drone_position_hold/ros2_ws/install/mocap4r2_dummy_driver/share/mocap4r2_dummy_driver/hook/cmake_prefix_path.ps1'
[7.172s] INFO:colcon.colcon_core.shell:Creating environment descriptor '/home/strain-drone/Documents/drone_position_hold/ros2_ws/install/mocap4r2_dummy_driver/share/mocap4r2_dummy_driver/hook/cmake_prefix_path.dsv'
[7.173s] INFO:colcon.colcon_core.shell:Creating environment hook '/home/strain-drone/Documents/drone_position_hold/ros2_ws/install/mocap4r2_dummy_driver/share/mocap4r2_dummy_driver/hook/cmake_prefix_path.sh'
[7.174s] Level 1:colcon.colcon_core.environment:checking '/home/strain-drone/Documents/drone_position_hold/ros2_ws/install/mocap4r2_dummy_driver/lib'
[7.174s] Level 1:colcon.colcon_core.environment:checking '/home/strain-drone/Documents/drone_position_hold/ros2_ws/install/mocap4r2_dummy_driver/bin'
[7.174s] Level 1:colcon.colcon_core.environment:checking '/home/strain-drone/Documents/drone_position_hold/ros2_ws/install/mocap4r2_dummy_driver/lib/pkgconfig/mocap4r2_dummy_driver.pc'
[7.174s] Level 1:colcon.colcon_core.environment:checking '/home/strain-drone/Documents/drone_position_hold/ros2_ws/install/mocap4r2_dummy_driver/lib/python3.12/site-packages'
[7.174s] Level 1:colcon.colcon_core.environment:checking '/home/strain-drone/Documents/drone_position_hold/ros2_ws/install/mocap4r2_dummy_driver/bin'
[7.175s] INFO:colcon.colcon_core.shell:Creating package script '/home/strain-drone/Documents/drone_position_hold/ros2_ws/install/mocap4r2_dummy_driver/share/mocap4r2_dummy_driver/package.ps1'
[7.180s] INFO:colcon.colcon_core.shell:Creating package descriptor '/home/strain-drone/Documents/drone_position_hold/ros2_ws/install/mocap4r2_dummy_driver/share/mocap4r2_dummy_driver/package.dsv'
[7.181s] INFO:colcon.colcon_core.shell:Creating package script '/home/strain-drone/Documents/drone_position_hold/ros2_ws/install/mocap4r2_dummy_driver/share/mocap4r2_dummy_driver/package.sh'
[7.182s] INFO:colcon.colcon_core.shell:Creating package script '/home/strain-drone/Documents/drone_position_hold/ros2_ws/install/mocap4r2_dummy_driver/share/mocap4r2_dummy_driver/package.bash'
[7.183s] INFO:colcon.colcon_core.shell:Creating package script '/home/strain-drone/Documents/drone_position_hold/ros2_ws/install/mocap4r2_dummy_driver/share/mocap4r2_dummy_driver/package.zsh'
[7.183s] Level 1:colcon.colcon_core.environment:create_file_with_runtime_dependencies(/home/strain-drone/Documents/drone_position_hold/ros2_ws/install/mocap4r2_dummy_driver/share/colcon-core/packages/mocap4r2_dummy_driver)
[7.184s] Level 1:colcon.colcon_core.environment:create_environment_scripts_only(mocap4r2_vicon_driver)
[7.184s] Level 1:colcon.colcon_core.environment:checking '/home/strain-drone/Documents/drone_position_hold/ros2_ws/install/mocap4r2_vicon_driver' for CMake module files
[7.185s] DEBUG:colcon.colcon_core.event_handler.log_command:Invoked command in '/home/strain-drone/Documents/drone_position_hold/ros2_ws/build/mocap4r2_vicon_driver' returned '0': CMAKE_PREFIX_PATH=/home/strain-drone/Documents/drone_position_hold/ros2_ws/install/mocap4r2_control:/home/strain-drone/Documents/drone_position_hold/ros2_ws/install/mocap4r2_msgs:/home/strain-drone/Documents/drone_position_hold/ros2_ws/install/mocap4r2_control_msgs:/home/strain-drone/Documents/drone_position_hold/ros2_ws/install/rqt_mocap4r2_control:/home/strain-drone/Documents/drone_position_hold/ros2_ws/install/natnet_ros2:/home/strain-drone/Documents/drone_position_hold/ros2_ws/install/mocap4r2_vicon_driver:/home/strain-drone/Documents/drone_position_hold/ros2_ws/install/mocap4r2_robot_gt:/home/strain-drone/Documents/drone_position_hold/ros2_ws/install/mocap4r2_robot_gt_msgs:/home/strain-drone/Documents/drone_position_hold/ros2_ws/install/mocap4r2_marker_viz:/home/strain-drone/Documents/drone_position_hold/ros2_ws/install/mocap4r2_marker_publisher:/home/strain-drone/Documents/drone_position_hold/ros2_ws/install/mocap4r2_dummy_driver:/home/strain-drone/Documents/drone_position_hold/ros2_ws/install/mocap4r2_marker_viz_srvs:/opt/ros/jazzy/opt/gz_math_vendor:/opt/ros/jazzy/opt/gz_utils_vendor:/opt/ros/jazzy/opt/gz_cmake_vendor:/home/strain-drone/Documents/drone_position_hold/ros2_ws/install/visualizer:/home/strain-drone/Documents/drone_position_hold/ros2_ws/install/position_publisher:/home/strain-drone/Documents/drone_position_hold/ros2_ws/install/mocap4r2cli:/home/strain-drone/Documents/drone_position_hold/ros2_ws/install/mavros_config:/opt/ros/jazzy DEBUGINFOD_URLS=https://debuginfod.ubuntu.com LD_LIBRARY_PATH=/home/strain-drone/Documents/drone_position_hold/ros2_ws/install/mocap4r2_control/lib:/home/strain-drone/Documents/drone_position_hold/ros2_ws/install/mocap4r2_msgs/lib:/home/strain-drone/Documents/drone_position_hold/ros2_ws/install/mocap4r2_control_msgs/lib:/home/strain-drone/Documents/drone_position_hold/ros2_ws/install/rqt_mocap4r2_control/lib:/home/strain-drone/Documents/drone_position_hold/ros2_ws/install/natnet_ros2/lib:/home/strain-drone/Documents/drone_position_hold/ros2_ws/install/mocap4r2_vicon_driver/lib:/home/strain-drone/Documents/drone_position_hold/ros2_ws/install/mocap4r2_robot_gt/lib:/home/strain-drone/Documents/drone_position_hold/ros2_ws/install/mocap4r2_robot_gt_msgs/lib:/home/strain-drone/Documents/drone_position_hold/ros2_ws/install/mocap4r2_marker_viz_srvs/lib:/opt/ros/jazzy/opt/rviz_ogre_vendor/lib:/opt/ros/jazzy/lib/aarch64-linux-gnu:/opt/ros/jazzy/opt/gz_math_vendor/lib:/opt/ros/jazzy/opt/gz_utils_vendor/lib:/opt/ros/jazzy/opt/gz_cmake_vendor/lib:/opt/ros/jazzy/lib:/home/strain-drone/Documents/drone_position_hold/ros2_ws/src/natnet_ros2/deps/NatNetSDK/lib PS1=\[\e]0;\u@\h: \w\a\]${debian_chroot:+($debian_chroot)}\[\033[01;32m\]\u@\h\[\033[00m\]:\[\033[01;34m\]\w\[\033[00m\]\$ PYTHONPATH=/home/strain-drone/Documents/drone_position_hold/ros2_ws/install/mocap4r2_msgs/lib/python3.12/site-packages:/home/strain-drone/Documents/drone_position_hold/ros2_ws/install/mocap4r2_control_msgs/lib/python3.12/site-packages:/home/strain-drone/Documents/drone_position_hold/ros2_ws/install/visualizer/lib/python3.12/site-packages:/home/strain-drone/Documents/drone_position_hold/ros2_ws/install/position_publisher/lib/python3.12/site-packages:/home/strain-drone/Documents/drone_position_hold/ros2_ws/install/natnet_ros2/lib/python3.12/site-packages:/home/strain-drone/Documents/drone_position_hold/ros2_ws/install/mocap4r2cli/lib/python3.12/site-packages:/home/strain-drone/Documents/drone_position_hold/ros2_ws/install/mocap4r2_robot_gt_msgs/lib/python3.12/site-packages:/home/strain-drone/Documents/drone_position_hold/ros2_ws/install/mocap4r2_marker_viz_srvs/lib/python3.12/site-packages:/home/strain-drone/Documents/drone_position_hold/ros2_ws/install/mavros_config/lib/python3.12/site-packages:/opt/ros/jazzy/lib/python3.12/site-packages /usr/bin/cmake --install /home/strain-drone/Documents/drone_position_hold/ros2_ws/build/mocap4r2_vicon_driver
[7.186s] Level 1:colcon.colcon_core.environment:checking '/home/strain-drone/Documents/drone_position_hold/ros2_ws/install/mocap4r2_vicon_driver' for CMake config files
[7.186s] Level 1:colcon.colcon_core.shell:create_environment_hook('mocap4r2_vicon_driver', 'cmake_prefix_path')
[7.187s] INFO:colcon.colcon_core.shell:Creating environment hook '/home/strain-drone/Documents/drone_position_hold/ros2_ws/install/mocap4r2_vicon_driver/share/mocap4r2_vicon_driver/hook/cmake_prefix_path.ps1'
[7.187s] INFO:colcon.colcon_core.shell:Creating environment descriptor '/home/strain-drone/Documents/drone_position_hold/ros2_ws/install/mocap4r2_vicon_driver/share/mocap4r2_vicon_driver/hook/cmake_prefix_path.dsv'
[7.188s] INFO:colcon.colcon_core.shell:Creating environment hook '/home/strain-drone/Documents/drone_position_hold/ros2_ws/install/mocap4r2_vicon_driver/share/mocap4r2_vicon_driver/hook/cmake_prefix_path.sh'
[7.189s] Level 1:colcon.colcon_core.environment:checking '/home/strain-drone/Documents/drone_position_hold/ros2_ws/install/mocap4r2_vicon_driver/lib'
[7.189s] Level 1:colcon.colcon_core.shell:create_environment_hook('mocap4r2_vicon_driver', 'ld_library_path_lib')
[7.189s] INFO:colcon.colcon_core.shell:Creating environment hook '/home/strain-drone/Documents/drone_position_hold/ros2_ws/install/mocap4r2_vicon_driver/share/mocap4r2_vicon_driver/hook/ld_library_path_lib.ps1'
[7.190s] INFO:colcon.colcon_core.shell:Creating environment descriptor '/home/strain-drone/Documents/drone_position_hold/ros2_ws/install/mocap4r2_vicon_driver/share/mocap4r2_vicon_driver/hook/ld_library_path_lib.dsv'
[7.190s] INFO:colcon.colcon_core.shell:Creating environment hook '/home/strain-drone/Documents/drone_position_hold/ros2_ws/install/mocap4r2_vicon_driver/share/mocap4r2_vicon_driver/hook/ld_library_path_lib.sh'
[7.191s] Level 1:colcon.colcon_core.environment:checking '/home/strain-drone/Documents/drone_position_hold/ros2_ws/install/mocap4r2_vicon_driver/bin'
[7.191s] Level 1:colcon.colcon_core.environment:checking '/home/strain-drone/Documents/drone_position_hold/ros2_ws/install/mocap4r2_vicon_driver/lib/pkgconfig/mocap4r2_vicon_driver.pc'
[7.191s] Level 1:colcon.colcon_core.environment:checking '/home/strain-drone/Documents/drone_position_hold/ros2_ws/install/mocap4r2_vicon_driver/lib/python3.12/site-packages'
[7.191s] Level 1:colcon.colcon_core.environment:checking '/home/strain-drone/Documents/drone_position_hold/ros2_ws/install/mocap4r2_vicon_driver/bin'
[7.192s] INFO:colcon.colcon_core.shell:Creating package script '/home/strain-drone/Documents/drone_position_hold/ros2_ws/install/mocap4r2_vicon_driver/share/mocap4r2_vicon_driver/package.ps1'
[7.193s] INFO:colcon.colcon_core.shell:Creating package descriptor '/home/strain-drone/Documents/drone_position_hold/ros2_ws/install/mocap4r2_vicon_driver/share/mocap4r2_vicon_driver/package.dsv'
[7.194s] INFO:colcon.colcon_core.shell:Creating package script '/home/strain-drone/Documents/drone_position_hold/ros2_ws/install/mocap4r2_vicon_driver/share/mocap4r2_vicon_driver/package.sh'
[7.194s] INFO:colcon.colcon_core.shell:Creating package script '/home/strain-drone/Documents/drone_position_hold/ros2_ws/install/mocap4r2_vicon_driver/share/mocap4r2_vicon_driver/package.bash'
[7.195s] INFO:colcon.colcon_core.shell:Creating package script '/home/strain-drone/Documents/drone_position_hold/ros2_ws/install/mocap4r2_vicon_driver/share/mocap4r2_vicon_driver/package.zsh'
[7.195s] Level 1:colcon.colcon_core.environment:create_file_with_runtime_dependencies(/home/strain-drone/Documents/drone_position_hold/ros2_ws/install/mocap4r2_vicon_driver/share/colcon-core/packages/mocap4r2_vicon_driver)
[7.196s] Level 1:colcon.colcon_core.environment:create_environment_scripts_only(mocap4r2_vicon_driver)
[7.196s] Level 1:colcon.colcon_core.environment:checking '/home/strain-drone/Documents/drone_position_hold/ros2_ws/install/mocap4r2_vicon_driver' for CMake module files
[7.197s] Level 1:colcon.colcon_core.environment:checking '/home/strain-drone/Documents/drone_position_hold/ros2_ws/install/mocap4r2_vicon_driver' for CMake config files
[7.198s] Level 1:colcon.colcon_core.shell:create_environment_hook('mocap4r2_vicon_driver', 'cmake_prefix_path')
[7.198s] INFO:colcon.colcon_core.shell:Creating environment hook '/home/strain-drone/Documents/drone_position_hold/ros2_ws/install/mocap4r2_vicon_driver/share/mocap4r2_vicon_driver/hook/cmake_prefix_path.ps1'
[7.198s] INFO:colcon.colcon_core.shell:Creating environment descriptor '/home/strain-drone/Documents/drone_position_hold/ros2_ws/install/mocap4r2_vicon_driver/share/mocap4r2_vicon_driver/hook/cmake_prefix_path.dsv'
[7.199s] INFO:colcon.colcon_core.shell:Creating environment hook '/home/strain-drone/Documents/drone_position_hold/ros2_ws/install/mocap4r2_vicon_driver/share/mocap4r2_vicon_driver/hook/cmake_prefix_path.sh'
[7.200s] Level 1:colcon.colcon_core.environment:checking '/home/strain-drone/Documents/drone_position_hold/ros2_ws/install/mocap4r2_vicon_driver/lib'
[7.200s] Level 1:colcon.colcon_core.shell:create_environment_hook('mocap4r2_vicon_driver', 'ld_library_path_lib')
[7.200s] INFO:colcon.colcon_core.shell:Creating environment hook '/home/strain-drone/Documents/drone_position_hold/ros2_ws/install/mocap4r2_vicon_driver/share/mocap4r2_vicon_driver/hook/ld_library_path_lib.ps1'
[7.201s] INFO:colcon.colcon_core.shell:Creating environment descriptor '/home/strain-drone/Documents/drone_position_hold/ros2_ws/install/mocap4r2_vicon_driver/share/mocap4r2_vicon_driver/hook/ld_library_path_lib.dsv'
[7.201s] INFO:colcon.colcon_core.shell:Creating environment hook '/home/strain-drone/Documents/drone_position_hold/ros2_ws/install/mocap4r2_vicon_driver/share/mocap4r2_vicon_driver/hook/ld_library_path_lib.sh'
[7.202s] Level 1:colcon.colcon_core.environment:checking '/home/strain-drone/Documents/drone_position_hold/ros2_ws/install/mocap4r2_vicon_driver/bin'
[7.202s] Level 1:colcon.colcon_core.environment:checking '/home/strain-drone/Documents/drone_position_hold/ros2_ws/install/mocap4r2_vicon_driver/lib/pkgconfig/mocap4r2_vicon_driver.pc'
[7.202s] Level 1:colcon.colcon_core.environment:checking '/home/strain-drone/Documents/drone_position_hold/ros2_ws/install/mocap4r2_vicon_driver/lib/python3.12/site-packages'
[7.202s] Level 1:colcon.colcon_core.environment:checking '/home/strain-drone/Documents/drone_position_hold/ros2_ws/install/mocap4r2_vicon_driver/bin'
[7.203s] INFO:colcon.colcon_core.shell:Creating package script '/home/strain-drone/Documents/drone_position_hold/ros2_ws/install/mocap4r2_vicon_driver/share/mocap4r2_vicon_driver/package.ps1'
[7.204s] INFO:colcon.colcon_core.shell:Creating package descriptor '/home/strain-drone/Documents/drone_position_hold/ros2_ws/install/mocap4r2_vicon_driver/share/mocap4r2_vicon_driver/package.dsv'
[7.204s] INFO:colcon.colcon_core.shell:Creating package script '/home/strain-drone/Documents/drone_position_hold/ros2_ws/install/mocap4r2_vicon_driver/share/mocap4r2_vicon_driver/package.sh'
[7.205s] INFO:colcon.colcon_core.shell:Creating package script '/home/strain-drone/Documents/drone_position_hold/ros2_ws/install/mocap4r2_vicon_driver/share/mocap4r2_vicon_driver/package.bash'
[7.206s] INFO:colcon.colcon_core.shell:Creating package script '/home/strain-drone/Documents/drone_position_hold/ros2_ws/install/mocap4r2_vicon_driver/share/mocap4r2_vicon_driver/package.zsh'
[7.206s] Level 1:colcon.colcon_core.environment:create_file_with_runtime_dependencies(/home/strain-drone/Documents/drone_position_hold/ros2_ws/install/mocap4r2_vicon_driver/share/colcon-core/packages/mocap4r2_vicon_driver)
[7.212s] DEBUG:colcon.colcon_core.event_handler.log_command:Invoking command in '/home/strain-drone/Documents/drone_position_hold/ros2_ws/build/rqt_mocap4r2_control': CMAKE_PREFIX_PATH=/home/strain-drone/Documents/drone_position_hold/ros2_ws/install/mocap4r2_control:/home/strain-drone/Documents/drone_position_hold/ros2_ws/install/mocap4r2_control_msgs:/home/strain-drone/Documents/drone_position_hold/ros2_ws/install/rqt_mocap4r2_control:/home/strain-drone/Documents/drone_position_hold/ros2_ws/install/natnet_ros2:/home/strain-drone/Documents/drone_position_hold/ros2_ws/install/mocap4r2_vicon_driver:/home/strain-drone/Documents/drone_position_hold/ros2_ws/install/mocap4r2_robot_gt:/home/strain-drone/Documents/drone_position_hold/ros2_ws/install/mocap4r2_robot_gt_msgs:/home/strain-drone/Documents/drone_position_hold/ros2_ws/install/mocap4r2_marker_viz:/home/strain-drone/Documents/drone_position_hold/ros2_ws/install/mocap4r2_marker_publisher:/home/strain-drone/Documents/drone_position_hold/ros2_ws/install/mocap4r2_dummy_driver:/home/strain-drone/Documents/drone_position_hold/ros2_ws/install/mocap4r2_msgs:/home/strain-drone/Documents/drone_position_hold/ros2_ws/install/mocap4r2_marker_viz_srvs:/opt/ros/jazzy/opt/gz_math_vendor:/opt/ros/jazzy/opt/gz_utils_vendor:/opt/ros/jazzy/opt/gz_cmake_vendor:/home/strain-drone/Documents/drone_position_hold/ros2_ws/install/visualizer:/home/strain-drone/Documents/drone_position_hold/ros2_ws/install/position_publisher:/home/strain-drone/Documents/drone_position_hold/ros2_ws/install/mocap4r2cli:/home/strain-drone/Documents/drone_position_hold/ros2_ws/install/mavros_config:/opt/ros/jazzy DEBUGINFOD_URLS=https://debuginfod.ubuntu.com LD_LIBRARY_PATH=/home/strain-drone/Documents/drone_position_hold/ros2_ws/install/mocap4r2_control/lib:/home/strain-drone/Documents/drone_position_hold/ros2_ws/install/mocap4r2_control_msgs/lib:/home/strain-drone/Documents/drone_position_hold/ros2_ws/install/rqt_mocap4r2_control/lib:/home/strain-drone/Documents/drone_position_hold/ros2_ws/install/natnet_ros2/lib:/home/strain-drone/Documents/drone_position_hold/ros2_ws/install/mocap4r2_vicon_driver/lib:/home/strain-drone/Documents/drone_position_hold/ros2_ws/install/mocap4r2_robot_gt/lib:/home/strain-drone/Documents/drone_position_hold/ros2_ws/install/mocap4r2_robot_gt_msgs/lib:/home/strain-drone/Documents/drone_position_hold/ros2_ws/install/mocap4r2_msgs/lib:/home/strain-drone/Documents/drone_position_hold/ros2_ws/install/mocap4r2_marker_viz_srvs/lib:/opt/ros/jazzy/opt/rviz_ogre_vendor/lib:/opt/ros/jazzy/lib/aarch64-linux-gnu:/opt/ros/jazzy/opt/gz_math_vendor/lib:/opt/ros/jazzy/opt/gz_utils_vendor/lib:/opt/ros/jazzy/opt/gz_cmake_vendor/lib:/opt/ros/jazzy/lib:/home/strain-drone/Documents/drone_position_hold/ros2_ws/src/natnet_ros2/deps/NatNetSDK/lib PS1=\[\e]0;\u@\h: \w\a\]${debian_chroot:+($debian_chroot)}\[\033[01;32m\]\u@\h\[\033[00m\]:\[\033[01;34m\]\w\[\033[00m\]\$ PYTHONPATH=/home/strain-drone/Documents/drone_position_hold/ros2_ws/install/mocap4r2_control_msgs/lib/python3.12/site-packages:/home/strain-drone/Documents/drone_position_hold/ros2_ws/install/visualizer/lib/python3.12/site-packages:/home/strain-drone/Documents/drone_position_hold/ros2_ws/install/position_publisher/lib/python3.12/site-packages:/home/strain-drone/Documents/drone_position_hold/ros2_ws/install/natnet_ros2/lib/python3.12/site-packages:/home/strain-drone/Documents/drone_position_hold/ros2_ws/install/mocap4r2cli/lib/python3.12/site-packages:/home/strain-drone/Documents/drone_position_hold/ros2_ws/install/mocap4r2_robot_gt_msgs/lib/python3.12/site-packages:/home/strain-drone/Documents/drone_position_hold/ros2_ws/install/mocap4r2_msgs/lib/python3.12/site-packages:/home/strain-drone/Documents/drone_position_hold/ros2_ws/install/mocap4r2_marker_viz_srvs/lib/python3.12/site-packages:/home/strain-drone/Documents/drone_position_hold/ros2_ws/install/mavros_config/lib/python3.12/site-packages:/opt/ros/jazzy/lib/python3.12/site-packages /usr/bin/cmake --build /home/strain-drone/Documents/drone_position_hold/ros2_ws/build/rqt_mocap4r2_control -- -j4 -l4
[7.351s] DEBUG:colcon.colcon_core.event_handler.log_command:Invoked command in '/home/strain-drone/Documents/drone_position_hold/ros2_ws/build/rqt_mocap4r2_control' returned '0': CMAKE_PREFIX_PATH=/home/strain-drone/Documents/drone_position_hold/ros2_ws/install/mocap4r2_control:/home/strain-drone/Documents/drone_position_hold/ros2_ws/install/mocap4r2_control_msgs:/home/strain-drone/Documents/drone_position_hold/ros2_ws/install/rqt_mocap4r2_control:/home/strain-drone/Documents/drone_position_hold/ros2_ws/install/natnet_ros2:/home/strain-drone/Documents/drone_position_hold/ros2_ws/install/mocap4r2_vicon_driver:/home/strain-drone/Documents/drone_position_hold/ros2_ws/install/mocap4r2_robot_gt:/home/strain-drone/Documents/drone_position_hold/ros2_ws/install/mocap4r2_robot_gt_msgs:/home/strain-drone/Documents/drone_position_hold/ros2_ws/install/mocap4r2_marker_viz:/home/strain-drone/Documents/drone_position_hold/ros2_ws/install/mocap4r2_marker_publisher:/home/strain-drone/Documents/drone_position_hold/ros2_ws/install/mocap4r2_dummy_driver:/home/strain-drone/Documents/drone_position_hold/ros2_ws/install/mocap4r2_msgs:/home/strain-drone/Documents/drone_position_hold/ros2_ws/install/mocap4r2_marker_viz_srvs:/opt/ros/jazzy/opt/gz_math_vendor:/opt/ros/jazzy/opt/gz_utils_vendor:/opt/ros/jazzy/opt/gz_cmake_vendor:/home/strain-drone/Documents/drone_position_hold/ros2_ws/install/visualizer:/home/strain-drone/Documents/drone_position_hold/ros2_ws/install/position_publisher:/home/strain-drone/Documents/drone_position_hold/ros2_ws/install/mocap4r2cli:/home/strain-drone/Documents/drone_position_hold/ros2_ws/install/mavros_config:/opt/ros/jazzy DEBUGINFOD_URLS=https://debuginfod.ubuntu.com LD_LIBRARY_PATH=/home/strain-drone/Documents/drone_position_hold/ros2_ws/install/mocap4r2_control/lib:/home/strain-drone/Documents/drone_position_hold/ros2_ws/install/mocap4r2_control_msgs/lib:/home/strain-drone/Documents/drone_position_hold/ros2_ws/install/rqt_mocap4r2_control/lib:/home/strain-drone/Documents/drone_position_hold/ros2_ws/install/natnet_ros2/lib:/home/strain-drone/Documents/drone_position_hold/ros2_ws/install/mocap4r2_vicon_driver/lib:/home/strain-drone/Documents/drone_position_hold/ros2_ws/install/mocap4r2_robot_gt/lib:/home/strain-drone/Documents/drone_position_hold/ros2_ws/install/mocap4r2_robot_gt_msgs/lib:/home/strain-drone/Documents/drone_position_hold/ros2_ws/install/mocap4r2_msgs/lib:/home/strain-drone/Documents/drone_position_hold/ros2_ws/install/mocap4r2_marker_viz_srvs/lib:/opt/ros/jazzy/opt/rviz_ogre_vendor/lib:/opt/ros/jazzy/lib/aarch64-linux-gnu:/opt/ros/jazzy/opt/gz_math_vendor/lib:/opt/ros/jazzy/opt/gz_utils_vendor/lib:/opt/ros/jazzy/opt/gz_cmake_vendor/lib:/opt/ros/jazzy/lib:/home/strain-drone/Documents/drone_position_hold/ros2_ws/src/natnet_ros2/deps/NatNetSDK/lib PS1=\[\e]0;\u@\h: \w\a\]${debian_chroot:+($debian_chroot)}\[\033[01;32m\]\u@\h\[\033[00m\]:\[\033[01;34m\]\w\[\033[00m\]\$ PYTHONPATH=/home/strain-drone/Documents/drone_position_hold/ros2_ws/install/mocap4r2_control_msgs/lib/python3.12/site-packages:/home/strain-drone/Documents/drone_position_hold/ros2_ws/install/visualizer/lib/python3.12/site-packages:/home/strain-drone/Documents/drone_position_hold/ros2_ws/install/position_publisher/lib/python3.12/site-packages:/home/strain-drone/Documents/drone_position_hold/ros2_ws/install/natnet_ros2/lib/python3.12/site-packages:/home/strain-drone/Documents/drone_position_hold/ros2_ws/install/mocap4r2cli/lib/python3.12/site-packages:/home/strain-drone/Documents/drone_position_hold/ros2_ws/install/mocap4r2_robot_gt_msgs/lib/python3.12/site-packages:/home/strain-drone/Documents/drone_position_hold/ros2_ws/install/mocap4r2_msgs/lib/python3.12/site-packages:/home/strain-drone/Documents/drone_position_hold/ros2_ws/install/mocap4r2_marker_viz_srvs/lib/python3.12/site-packages:/home/strain-drone/Documents/drone_position_hold/ros2_ws/install/mavros_config/lib/python3.12/site-packages:/opt/ros/jazzy/lib/python3.12/site-packages /usr/bin/cmake --build /home/strain-drone/Documents/drone_position_hold/ros2_ws/build/rqt_mocap4r2_control -- -j4 -l4
[7.354s] DEBUG:colcon.colcon_core.event_handler.log_command:Invoking command in '/home/strain-drone/Documents/drone_position_hold/ros2_ws/build/rqt_mocap4r2_control': CMAKE_PREFIX_PATH=/home/strain-drone/Documents/drone_position_hold/ros2_ws/install/mocap4r2_control:/home/strain-drone/Documents/drone_position_hold/ros2_ws/install/mocap4r2_control_msgs:/home/strain-drone/Documents/drone_position_hold/ros2_ws/install/rqt_mocap4r2_control:/home/strain-drone/Documents/drone_position_hold/ros2_ws/install/natnet_ros2:/home/strain-drone/Documents/drone_position_hold/ros2_ws/install/mocap4r2_vicon_driver:/home/strain-drone/Documents/drone_position_hold/ros2_ws/install/mocap4r2_robot_gt:/home/strain-drone/Documents/drone_position_hold/ros2_ws/install/mocap4r2_robot_gt_msgs:/home/strain-drone/Documents/drone_position_hold/ros2_ws/install/mocap4r2_marker_viz:/home/strain-drone/Documents/drone_position_hold/ros2_ws/install/mocap4r2_marker_publisher:/home/strain-drone/Documents/drone_position_hold/ros2_ws/install/mocap4r2_dummy_driver:/home/strain-drone/Documents/drone_position_hold/ros2_ws/install/mocap4r2_msgs:/home/strain-drone/Documents/drone_position_hold/ros2_ws/install/mocap4r2_marker_viz_srvs:/opt/ros/jazzy/opt/gz_math_vendor:/opt/ros/jazzy/opt/gz_utils_vendor:/opt/ros/jazzy/opt/gz_cmake_vendor:/home/strain-drone/Documents/drone_position_hold/ros2_ws/install/visualizer:/home/strain-drone/Documents/drone_position_hold/ros2_ws/install/position_publisher:/home/strain-drone/Documents/drone_position_hold/ros2_ws/install/mocap4r2cli:/home/strain-drone/Documents/drone_position_hold/ros2_ws/install/mavros_config:/opt/ros/jazzy DEBUGINFOD_URLS=https://debuginfod.ubuntu.com LD_LIBRARY_PATH=/home/strain-drone/Documents/drone_position_hold/ros2_ws/install/mocap4r2_control/lib:/home/strain-drone/Documents/drone_position_hold/ros2_ws/install/mocap4r2_control_msgs/lib:/home/strain-drone/Documents/drone_position_hold/ros2_ws/install/rqt_mocap4r2_control/lib:/home/strain-drone/Documents/drone_position_hold/ros2_ws/install/natnet_ros2/lib:/home/strain-drone/Documents/drone_position_hold/ros2_ws/install/mocap4r2_vicon_driver/lib:/home/strain-drone/Documents/drone_position_hold/ros2_ws/install/mocap4r2_robot_gt/lib:/home/strain-drone/Documents/drone_position_hold/ros2_ws/install/mocap4r2_robot_gt_msgs/lib:/home/strain-drone/Documents/drone_position_hold/ros2_ws/install/mocap4r2_msgs/lib:/home/strain-drone/Documents/drone_position_hold/ros2_ws/install/mocap4r2_marker_viz_srvs/lib:/opt/ros/jazzy/opt/rviz_ogre_vendor/lib:/opt/ros/jazzy/lib/aarch64-linux-gnu:/opt/ros/jazzy/opt/gz_math_vendor/lib:/opt/ros/jazzy/opt/gz_utils_vendor/lib:/opt/ros/jazzy/opt/gz_cmake_vendor/lib:/opt/ros/jazzy/lib:/home/strain-drone/Documents/drone_position_hold/ros2_ws/src/natnet_ros2/deps/NatNetSDK/lib PS1=\[\e]0;\u@\h: \w\a\]${debian_chroot:+($debian_chroot)}\[\033[01;32m\]\u@\h\[\033[00m\]:\[\033[01;34m\]\w\[\033[00m\]\$ PYTHONPATH=/home/strain-drone/Documents/drone_position_hold/ros2_ws/install/mocap4r2_control_msgs/lib/python3.12/site-packages:/home/strain-drone/Documents/drone_position_hold/ros2_ws/install/visualizer/lib/python3.12/site-packages:/home/strain-drone/Documents/drone_position_hold/ros2_ws/install/position_publisher/lib/python3.12/site-packages:/home/strain-drone/Documents/drone_position_hold/ros2_ws/install/natnet_ros2/lib/python3.12/site-packages:/home/strain-drone/Documents/drone_position_hold/ros2_ws/install/mocap4r2cli/lib/python3.12/site-packages:/home/strain-drone/Documents/drone_position_hold/ros2_ws/install/mocap4r2_robot_gt_msgs/lib/python3.12/site-packages:/home/strain-drone/Documents/drone_position_hold/ros2_ws/install/mocap4r2_msgs/lib/python3.12/site-packages:/home/strain-drone/Documents/drone_position_hold/ros2_ws/install/mocap4r2_marker_viz_srvs/lib/python3.12/site-packages:/home/strain-drone/Documents/drone_position_hold/ros2_ws/install/mavros_config/lib/python3.12/site-packages:/opt/ros/jazzy/lib/python3.12/site-packages /usr/bin/cmake --install /home/strain-drone/Documents/drone_position_hold/ros2_ws/build/rqt_mocap4r2_control
[7.378s] Level 1:colcon.colcon_core.environment:create_environment_scripts_only(rqt_mocap4r2_control)
[7.381s] DEBUG:colcon.colcon_core.event_handler.log_command:Invoked command in '/home/strain-drone/Documents/drone_position_hold/ros2_ws/build/rqt_mocap4r2_control' returned '0': CMAKE_PREFIX_PATH=/home/strain-drone/Documents/drone_position_hold/ros2_ws/install/mocap4r2_control:/home/strain-drone/Documents/drone_position_hold/ros2_ws/install/mocap4r2_control_msgs:/home/strain-drone/Documents/drone_position_hold/ros2_ws/install/rqt_mocap4r2_control:/home/strain-drone/Documents/drone_position_hold/ros2_ws/install/natnet_ros2:/home/strain-drone/Documents/drone_position_hold/ros2_ws/install/mocap4r2_vicon_driver:/home/strain-drone/Documents/drone_position_hold/ros2_ws/install/mocap4r2_robot_gt:/home/strain-drone/Documents/drone_position_hold/ros2_ws/install/mocap4r2_robot_gt_msgs:/home/strain-drone/Documents/drone_position_hold/ros2_ws/install/mocap4r2_marker_viz:/home/strain-drone/Documents/drone_position_hold/ros2_ws/install/mocap4r2_marker_publisher:/home/strain-drone/Documents/drone_position_hold/ros2_ws/install/mocap4r2_dummy_driver:/home/strain-drone/Documents/drone_position_hold/ros2_ws/install/mocap4r2_msgs:/home/strain-drone/Documents/drone_position_hold/ros2_ws/install/mocap4r2_marker_viz_srvs:/opt/ros/jazzy/opt/gz_math_vendor:/opt/ros/jazzy/opt/gz_utils_vendor:/opt/ros/jazzy/opt/gz_cmake_vendor:/home/strain-drone/Documents/drone_position_hold/ros2_ws/install/visualizer:/home/strain-drone/Documents/drone_position_hold/ros2_ws/install/position_publisher:/home/strain-drone/Documents/drone_position_hold/ros2_ws/install/mocap4r2cli:/home/strain-drone/Documents/drone_position_hold/ros2_ws/install/mavros_config:/opt/ros/jazzy DEBUGINFOD_URLS=https://debuginfod.ubuntu.com LD_LIBRARY_PATH=/home/strain-drone/Documents/drone_position_hold/ros2_ws/install/mocap4r2_control/lib:/home/strain-drone/Documents/drone_position_hold/ros2_ws/install/mocap4r2_control_msgs/lib:/home/strain-drone/Documents/drone_position_hold/ros2_ws/install/rqt_mocap4r2_control/lib:/home/strain-drone/Documents/drone_position_hold/ros2_ws/install/natnet_ros2/lib:/home/strain-drone/Documents/drone_position_hold/ros2_ws/install/mocap4r2_vicon_driver/lib:/home/strain-drone/Documents/drone_position_hold/ros2_ws/install/mocap4r2_robot_gt/lib:/home/strain-drone/Documents/drone_position_hold/ros2_ws/install/mocap4r2_robot_gt_msgs/lib:/home/strain-drone/Documents/drone_position_hold/ros2_ws/install/mocap4r2_msgs/lib:/home/strain-drone/Documents/drone_position_hold/ros2_ws/install/mocap4r2_marker_viz_srvs/lib:/opt/ros/jazzy/opt/rviz_ogre_vendor/lib:/opt/ros/jazzy/lib/aarch64-linux-gnu:/opt/ros/jazzy/opt/gz_math_vendor/lib:/opt/ros/jazzy/opt/gz_utils_vendor/lib:/opt/ros/jazzy/opt/gz_cmake_vendor/lib:/opt/ros/jazzy/lib:/home/strain-drone/Documents/drone_position_hold/ros2_ws/src/natnet_ros2/deps/NatNetSDK/lib PS1=\[\e]0;\u@\h: \w\a\]${debian_chroot:+($debian_chroot)}\[\033[01;32m\]\u@\h\[\033[00m\]:\[\033[01;34m\]\w\[\033[00m\]\$ PYTHONPATH=/home/strain-drone/Documents/drone_position_hold/ros2_ws/install/mocap4r2_control_msgs/lib/python3.12/site-packages:/home/strain-drone/Documents/drone_position_hold/ros2_ws/install/visualizer/lib/python3.12/site-packages:/home/strain-drone/Documents/drone_position_hold/ros2_ws/install/position_publisher/lib/python3.12/site-packages:/home/strain-drone/Documents/drone_position_hold/ros2_ws/install/natnet_ros2/lib/python3.12/site-packages:/home/strain-drone/Documents/drone_position_hold/ros2_ws/install/mocap4r2cli/lib/python3.12/site-packages:/home/strain-drone/Documents/drone_position_hold/ros2_ws/install/mocap4r2_robot_gt_msgs/lib/python3.12/site-packages:/home/strain-drone/Documents/drone_position_hold/ros2_ws/install/mocap4r2_msgs/lib/python3.12/site-packages:/home/strain-drone/Documents/drone_position_hold/ros2_ws/install/mocap4r2_marker_viz_srvs/lib/python3.12/site-packages:/home/strain-drone/Documents/drone_position_hold/ros2_ws/install/mavros_config/lib/python3.12/site-packages:/opt/ros/jazzy/lib/python3.12/site-packages /usr/bin/cmake --install /home/strain-drone/Documents/drone_position_hold/ros2_ws/build/rqt_mocap4r2_control
[7.381s] Level 1:colcon.colcon_core.environment:checking '/home/strain-drone/Documents/drone_position_hold/ros2_ws/install/rqt_mocap4r2_control' for CMake module files
[7.382s] Level 1:colcon.colcon_core.environment:checking '/home/strain-drone/Documents/drone_position_hold/ros2_ws/install/rqt_mocap4r2_control' for CMake config files
[7.382s] Level 1:colcon.colcon_core.shell:create_environment_hook('rqt_mocap4r2_control', 'cmake_prefix_path')
[7.382s] INFO:colcon.colcon_core.shell:Creating environment hook '/home/strain-drone/Documents/drone_position_hold/ros2_ws/install/rqt_mocap4r2_control/share/rqt_mocap4r2_control/hook/cmake_prefix_path.ps1'
[7.383s] INFO:colcon.colcon_core.shell:Creating environment descriptor '/home/strain-drone/Documents/drone_position_hold/ros2_ws/install/rqt_mocap4r2_control/share/rqt_mocap4r2_control/hook/cmake_prefix_path.dsv'
[7.384s] INFO:colcon.colcon_core.shell:Creating environment hook '/home/strain-drone/Documents/drone_position_hold/ros2_ws/install/rqt_mocap4r2_control/share/rqt_mocap4r2_control/hook/cmake_prefix_path.sh'
[7.384s] Level 1:colcon.colcon_core.environment:checking '/home/strain-drone/Documents/drone_position_hold/ros2_ws/install/rqt_mocap4r2_control/lib'
[7.385s] Level 1:colcon.colcon_core.environment:checking '/home/strain-drone/Documents/drone_position_hold/ros2_ws/install/rqt_mocap4r2_control/bin'
[7.385s] Level 1:colcon.colcon_core.environment:checking '/home/strain-drone/Documents/drone_position_hold/ros2_ws/install/rqt_mocap4r2_control/lib/pkgconfig/rqt_mocap4r2_control.pc'
[7.385s] Level 1:colcon.colcon_core.environment:checking '/home/strain-drone/Documents/drone_position_hold/ros2_ws/install/rqt_mocap4r2_control/lib/python3.12/site-packages'
[7.385s] Level 1:colcon.colcon_core.environment:checking '/home/strain-drone/Documents/drone_position_hold/ros2_ws/install/rqt_mocap4r2_control/bin'
[7.386s] INFO:colcon.colcon_core.shell:Creating package script '/home/strain-drone/Documents/drone_position_hold/ros2_ws/install/rqt_mocap4r2_control/share/rqt_mocap4r2_control/package.ps1'
[7.386s] INFO:colcon.colcon_core.shell:Creating package descriptor '/home/strain-drone/Documents/drone_position_hold/ros2_ws/install/rqt_mocap4r2_control/share/rqt_mocap4r2_control/package.dsv'
[7.387s] INFO:colcon.colcon_core.shell:Creating package script '/home/strain-drone/Documents/drone_position_hold/ros2_ws/install/rqt_mocap4r2_control/share/rqt_mocap4r2_control/package.sh'
[7.387s] INFO:colcon.colcon_core.shell:Creating package script '/home/strain-drone/Documents/drone_position_hold/ros2_ws/install/rqt_mocap4r2_control/share/rqt_mocap4r2_control/package.bash'
[7.388s] INFO:colcon.colcon_core.shell:Creating package script '/home/strain-drone/Documents/drone_position_hold/ros2_ws/install/rqt_mocap4r2_control/share/rqt_mocap4r2_control/package.zsh'
[7.388s] Level 1:colcon.colcon_core.environment:create_file_with_runtime_dependencies(/home/strain-drone/Documents/drone_position_hold/ros2_ws/install/rqt_mocap4r2_control/share/colcon-core/packages/rqt_mocap4r2_control)
[7.389s] Level 1:colcon.colcon_core.environment:create_environment_scripts_only(rqt_mocap4r2_control)
[7.389s] Level 1:colcon.colcon_core.environment:checking '/home/strain-drone/Documents/drone_position_hold/ros2_ws/install/rqt_mocap4r2_control' for CMake module files
[7.390s] Level 1:colcon.colcon_core.environment:checking '/home/strain-drone/Documents/drone_position_hold/ros2_ws/install/rqt_mocap4r2_control' for CMake config files
[7.390s] Level 1:colcon.colcon_core.shell:create_environment_hook('rqt_mocap4r2_control', 'cmake_prefix_path')
[7.390s] INFO:colcon.colcon_core.shell:Creating environment hook '/home/strain-drone/Documents/drone_position_hold/ros2_ws/install/rqt_mocap4r2_control/share/rqt_mocap4r2_control/hook/cmake_prefix_path.ps1'
[7.391s] INFO:colcon.colcon_core.shell:Creating environment descriptor '/home/strain-drone/Documents/drone_position_hold/ros2_ws/install/rqt_mocap4r2_control/share/rqt_mocap4r2_control/hook/cmake_prefix_path.dsv'
[7.392s] INFO:colcon.colcon_core.shell:Creating environment hook '/home/strain-drone/Documents/drone_position_hold/ros2_ws/install/rqt_mocap4r2_control/share/rqt_mocap4r2_control/hook/cmake_prefix_path.sh'
[7.393s] Level 1:colcon.colcon_core.environment:checking '/home/strain-drone/Documents/drone_position_hold/ros2_ws/install/rqt_mocap4r2_control/lib'
[7.393s] Level 1:colcon.colcon_core.environment:checking '/home/strain-drone/Documents/drone_position_hold/ros2_ws/install/rqt_mocap4r2_control/bin'
[7.393s] Level 1:colcon.colcon_core.environment:checking '/home/strain-drone/Documents/drone_position_hold/ros2_ws/install/rqt_mocap4r2_control/lib/pkgconfig/rqt_mocap4r2_control.pc'
[7.393s] Level 1:colcon.colcon_core.environment:checking '/home/strain-drone/Documents/drone_position_hold/ros2_ws/install/rqt_mocap4r2_control/lib/python3.12/site-packages'
[7.394s] Level 1:colcon.colcon_core.environment:checking '/home/strain-drone/Documents/drone_position_hold/ros2_ws/install/rqt_mocap4r2_control/bin'
[7.394s] INFO:colcon.colcon_core.shell:Creating package script '/home/strain-drone/Documents/drone_position_hold/ros2_ws/install/rqt_mocap4r2_control/share/rqt_mocap4r2_control/package.ps1'
[7.395s] INFO:colcon.colcon_core.shell:Creating package descriptor '/home/strain-drone/Documents/drone_position_hold/ros2_ws/install/rqt_mocap4r2_control/share/rqt_mocap4r2_control/package.dsv'
[7.395s] INFO:colcon.colcon_core.shell:Creating package script '/home/strain-drone/Documents/drone_position_hold/ros2_ws/install/rqt_mocap4r2_control/share/rqt_mocap4r2_control/package.sh'
[7.396s] INFO:colcon.colcon_core.shell:Creating package script '/home/strain-drone/Documents/drone_position_hold/ros2_ws/install/rqt_mocap4r2_control/share/rqt_mocap4r2_control/package.bash'
[7.397s] INFO:colcon.colcon_core.shell:Creating package script '/home/strain-drone/Documents/drone_position_hold/ros2_ws/install/rqt_mocap4r2_control/share/rqt_mocap4r2_control/package.zsh'
[7.397s] Level 1:colcon.colcon_core.environment:create_file_with_runtime_dependencies(/home/strain-drone/Documents/drone_position_hold/ros2_ws/install/rqt_mocap4r2_control/share/colcon-core/packages/rqt_mocap4r2_control)
[7.760s] DEBUG:colcon.colcon_core.event_handler.log_command:Invoking command in '/home/strain-drone/Documents/drone_position_hold/ros2_ws/src/mocap4r2/mocap4r2cli': CMAKE_PREFIX_PATH=/home/strain-drone/Documents/drone_position_hold/ros2_ws/install/mocap4r2_control_msgs:/home/strain-drone/Documents/drone_position_hold/ros2_ws/install/rqt_mocap4r2_control:/home/strain-drone/Documents/drone_position_hold/ros2_ws/install/natnet_ros2:/home/strain-drone/Documents/drone_position_hold/ros2_ws/install/mocap4r2_vicon_driver:/home/strain-drone/Documents/drone_position_hold/ros2_ws/install/mocap4r2_robot_gt:/home/strain-drone/Documents/drone_position_hold/ros2_ws/install/mocap4r2_robot_gt_msgs:/home/strain-drone/Documents/drone_position_hold/ros2_ws/install/mocap4r2_marker_viz:/home/strain-drone/Documents/drone_position_hold/ros2_ws/install/mocap4r2_marker_publisher:/home/strain-drone/Documents/drone_position_hold/ros2_ws/install/mocap4r2_dummy_driver:/home/strain-drone/Documents/drone_position_hold/ros2_ws/install/mocap4r2_msgs:/home/strain-drone/Documents/drone_position_hold/ros2_ws/install/mocap4r2_marker_viz_srvs:/home/strain-drone/Documents/drone_position_hold/ros2_ws/install/mocap4r2_control:/opt/ros/jazzy/opt/gz_math_vendor:/opt/ros/jazzy/opt/gz_utils_vendor:/opt/ros/jazzy/opt/gz_cmake_vendor DEBUGINFOD_URLS=https://debuginfod.ubuntu.com LD_LIBRARY_PATH=/home/strain-drone/Documents/drone_position_hold/ros2_ws/install/mocap4r2_control_msgs/lib:/home/strain-drone/Documents/drone_position_hold/ros2_ws/install/rqt_mocap4r2_control/lib:/home/strain-drone/Documents/drone_position_hold/ros2_ws/install/natnet_ros2/lib:/home/strain-drone/Documents/drone_position_hold/ros2_ws/install/mocap4r2_vicon_driver/lib:/home/strain-drone/Documents/drone_position_hold/ros2_ws/install/mocap4r2_robot_gt/lib:/home/strain-drone/Documents/drone_position_hold/ros2_ws/install/mocap4r2_robot_gt_msgs/lib:/home/strain-drone/Documents/drone_position_hold/ros2_ws/install/mocap4r2_msgs/lib:/home/strain-drone/Documents/drone_position_hold/ros2_ws/install/mocap4r2_marker_viz_srvs/lib:/home/strain-drone/Documents/drone_position_hold/ros2_ws/install/mocap4r2_control/lib:/opt/ros/jazzy/opt/rviz_ogre_vendor/lib:/opt/ros/jazzy/lib/aarch64-linux-gnu:/opt/ros/jazzy/opt/gz_math_vendor/lib:/opt/ros/jazzy/opt/gz_utils_vendor/lib:/opt/ros/jazzy/opt/gz_cmake_vendor/lib:/opt/ros/jazzy/lib:/home/strain-drone/Documents/drone_position_hold/ros2_ws/src/natnet_ros2/deps/NatNetSDK/lib PS1=\[\e]0;\u@\h: \w\a\]${debian_chroot:+($debian_chroot)}\[\033[01;32m\]\u@\h\[\033[00m\]:\[\033[01;34m\]\w\[\033[00m\]\$ PYTHONPATH=/home/strain-drone/Documents/drone_position_hold/ros2_ws/build/mocap4r2cli/prefix_override:/usr/lib/python3/dist-packages/colcon_core/task/python/colcon_distutils_commands:/home/strain-drone/Documents/drone_position_hold/ros2_ws/install/mocap4r2cli/lib/python3.12/site-packages:/home/strain-drone/Documents/drone_position_hold/ros2_ws/install/mocap4r2_control_msgs/lib/python3.12/site-packages:/home/strain-drone/Documents/drone_position_hold/ros2_ws/install/visualizer/lib/python3.12/site-packages:/home/strain-drone/Documents/drone_position_hold/ros2_ws/install/position_publisher/lib/python3.12/site-packages:/home/strain-drone/Documents/drone_position_hold/ros2_ws/install/natnet_ros2/lib/python3.12/site-packages:/home/strain-drone/Documents/drone_position_hold/ros2_ws/install/mocap4r2cli/lib/python3.12/site-packages:/home/strain-drone/Documents/drone_position_hold/ros2_ws/install/mocap4r2_robot_gt_msgs/lib/python3.12/site-packages:/home/strain-drone/Documents/drone_position_hold/ros2_ws/install/mocap4r2_msgs/lib/python3.12/site-packages:/home/strain-drone/Documents/drone_position_hold/ros2_ws/install/mocap4r2_marker_viz_srvs/lib/python3.12/site-packages:/home/strain-drone/Documents/drone_position_hold/ros2_ws/install/mavros_config/lib/python3.12/site-packages:/opt/ros/jazzy/lib/python3.12/site-packages /usr/bin/python3 -W ignore:setup.py install is deprecated -W ignore:easy_install command is deprecated setup.py egg_info --egg-base ../../../build/mocap4r2cli build --build-base /home/strain-drone/Documents/drone_position_hold/ros2_ws/build/mocap4r2cli/build install --record /home/strain-drone/Documents/drone_position_hold/ros2_ws/build/mocap4r2cli/install.log --single-version-externally-managed install_data
[8.556s] Level 1:colcon.colcon_core.environment:checking '/home/strain-drone/Documents/drone_position_hold/ros2_ws/install/mocap4r2cli' for CMake module files
[8.556s] DEBUG:colcon.colcon_core.event_handler.log_command:Invoked command in '/home/strain-drone/Documents/drone_position_hold/ros2_ws/src/mocap4r2/mocap4r2cli' returned '0': CMAKE_PREFIX_PATH=/home/strain-drone/Documents/drone_position_hold/ros2_ws/install/mocap4r2_control_msgs:/home/strain-drone/Documents/drone_position_hold/ros2_ws/install/rqt_mocap4r2_control:/home/strain-drone/Documents/drone_position_hold/ros2_ws/install/natnet_ros2:/home/strain-drone/Documents/drone_position_hold/ros2_ws/install/mocap4r2_vicon_driver:/home/strain-drone/Documents/drone_position_hold/ros2_ws/install/mocap4r2_robot_gt:/home/strain-drone/Documents/drone_position_hold/ros2_ws/install/mocap4r2_robot_gt_msgs:/home/strain-drone/Documents/drone_position_hold/ros2_ws/install/mocap4r2_marker_viz:/home/strain-drone/Documents/drone_position_hold/ros2_ws/install/mocap4r2_marker_publisher:/home/strain-drone/Documents/drone_position_hold/ros2_ws/install/mocap4r2_dummy_driver:/home/strain-drone/Documents/drone_position_hold/ros2_ws/install/mocap4r2_msgs:/home/strain-drone/Documents/drone_position_hold/ros2_ws/install/mocap4r2_marker_viz_srvs:/home/strain-drone/Documents/drone_position_hold/ros2_ws/install/mocap4r2_control:/opt/ros/jazzy/opt/gz_math_vendor:/opt/ros/jazzy/opt/gz_utils_vendor:/opt/ros/jazzy/opt/gz_cmake_vendor DEBUGINFOD_URLS=https://debuginfod.ubuntu.com LD_LIBRARY_PATH=/home/strain-drone/Documents/drone_position_hold/ros2_ws/install/mocap4r2_control_msgs/lib:/home/strain-drone/Documents/drone_position_hold/ros2_ws/install/rqt_mocap4r2_control/lib:/home/strain-drone/Documents/drone_position_hold/ros2_ws/install/natnet_ros2/lib:/home/strain-drone/Documents/drone_position_hold/ros2_ws/install/mocap4r2_vicon_driver/lib:/home/strain-drone/Documents/drone_position_hold/ros2_ws/install/mocap4r2_robot_gt/lib:/home/strain-drone/Documents/drone_position_hold/ros2_ws/install/mocap4r2_robot_gt_msgs/lib:/home/strain-drone/Documents/drone_position_hold/ros2_ws/install/mocap4r2_msgs/lib:/home/strain-drone/Documents/drone_position_hold/ros2_ws/install/mocap4r2_marker_viz_srvs/lib:/home/strain-drone/Documents/drone_position_hold/ros2_ws/install/mocap4r2_control/lib:/opt/ros/jazzy/opt/rviz_ogre_vendor/lib:/opt/ros/jazzy/lib/aarch64-linux-gnu:/opt/ros/jazzy/opt/gz_math_vendor/lib:/opt/ros/jazzy/opt/gz_utils_vendor/lib:/opt/ros/jazzy/opt/gz_cmake_vendor/lib:/opt/ros/jazzy/lib:/home/strain-drone/Documents/drone_position_hold/ros2_ws/src/natnet_ros2/deps/NatNetSDK/lib PS1=\[\e]0;\u@\h: \w\a\]${debian_chroot:+($debian_chroot)}\[\033[01;32m\]\u@\h\[\033[00m\]:\[\033[01;34m\]\w\[\033[00m\]\$ PYTHONPATH=/home/strain-drone/Documents/drone_position_hold/ros2_ws/build/mocap4r2cli/prefix_override:/usr/lib/python3/dist-packages/colcon_core/task/python/colcon_distutils_commands:/home/strain-drone/Documents/drone_position_hold/ros2_ws/install/mocap4r2cli/lib/python3.12/site-packages:/home/strain-drone/Documents/drone_position_hold/ros2_ws/install/mocap4r2_control_msgs/lib/python3.12/site-packages:/home/strain-drone/Documents/drone_position_hold/ros2_ws/install/visualizer/lib/python3.12/site-packages:/home/strain-drone/Documents/drone_position_hold/ros2_ws/install/position_publisher/lib/python3.12/site-packages:/home/strain-drone/Documents/drone_position_hold/ros2_ws/install/natnet_ros2/lib/python3.12/site-packages:/home/strain-drone/Documents/drone_position_hold/ros2_ws/install/mocap4r2cli/lib/python3.12/site-packages:/home/strain-drone/Documents/drone_position_hold/ros2_ws/install/mocap4r2_robot_gt_msgs/lib/python3.12/site-packages:/home/strain-drone/Documents/drone_position_hold/ros2_ws/install/mocap4r2_msgs/lib/python3.12/site-packages:/home/strain-drone/Documents/drone_position_hold/ros2_ws/install/mocap4r2_marker_viz_srvs/lib/python3.12/site-packages:/home/strain-drone/Documents/drone_position_hold/ros2_ws/install/mavros_config/lib/python3.12/site-packages:/opt/ros/jazzy/lib/python3.12/site-packages /usr/bin/python3 -W ignore:setup.py install is deprecated -W ignore:easy_install command is deprecated setup.py egg_info --egg-base ../../../build/mocap4r2cli build --build-base /home/strain-drone/Documents/drone_position_hold/ros2_ws/build/mocap4r2cli/build install --record /home/strain-drone/Documents/drone_position_hold/ros2_ws/build/mocap4r2cli/install.log --single-version-externally-managed install_data
[8.557s] Level 1:colcon.colcon_core.environment:checking '/home/strain-drone/Documents/drone_position_hold/ros2_ws/install/mocap4r2cli' for CMake config files
[8.558s] Level 1:colcon.colcon_core.environment:checking '/home/strain-drone/Documents/drone_position_hold/ros2_ws/install/mocap4r2cli/lib'
[8.558s] Level 1:colcon.colcon_core.environment:checking '/home/strain-drone/Documents/drone_position_hold/ros2_ws/install/mocap4r2cli/bin'
[8.558s] Level 1:colcon.colcon_core.environment:checking '/home/strain-drone/Documents/drone_position_hold/ros2_ws/install/mocap4r2cli/lib/pkgconfig/mocap4r2cli.pc'
[8.558s] Level 1:colcon.colcon_core.environment:checking '/home/strain-drone/Documents/drone_position_hold/ros2_ws/install/mocap4r2cli/lib/python3.12/site-packages'
[8.558s] Level 1:colcon.colcon_core.shell:create_environment_hook('mocap4r2cli', 'pythonpath')
[8.559s] INFO:colcon.colcon_core.shell:Creating environment hook '/home/strain-drone/Documents/drone_position_hold/ros2_ws/install/mocap4r2cli/share/mocap4r2cli/hook/pythonpath.ps1'
[8.559s] INFO:colcon.colcon_core.shell:Creating environment descriptor '/home/strain-drone/Documents/drone_position_hold/ros2_ws/install/mocap4r2cli/share/mocap4r2cli/hook/pythonpath.dsv'
[8.560s] INFO:colcon.colcon_core.shell:Creating environment hook '/home/strain-drone/Documents/drone_position_hold/ros2_ws/install/mocap4r2cli/share/mocap4r2cli/hook/pythonpath.sh'
[8.562s] Level 1:colcon.colcon_core.environment:checking '/home/strain-drone/Documents/drone_position_hold/ros2_ws/install/mocap4r2cli/bin'
[8.562s] Level 1:colcon.colcon_core.environment:create_environment_scripts_only(mocap4r2cli)
[8.562s] INFO:colcon.colcon_core.shell:Creating package script '/home/strain-drone/Documents/drone_position_hold/ros2_ws/install/mocap4r2cli/share/mocap4r2cli/package.ps1'
[8.563s] INFO:colcon.colcon_core.shell:Creating package descriptor '/home/strain-drone/Documents/drone_position_hold/ros2_ws/install/mocap4r2cli/share/mocap4r2cli/package.dsv'
[8.564s] INFO:colcon.colcon_core.shell:Creating package script '/home/strain-drone/Documents/drone_position_hold/ros2_ws/install/mocap4r2cli/share/mocap4r2cli/package.sh'
[8.565s] INFO:colcon.colcon_core.shell:Creating package script '/home/strain-drone/Documents/drone_position_hold/ros2_ws/install/mocap4r2cli/share/mocap4r2cli/package.bash'
[8.566s] INFO:colcon.colcon_core.shell:Creating package script '/home/strain-drone/Documents/drone_position_hold/ros2_ws/install/mocap4r2cli/share/mocap4r2cli/package.zsh'
[8.568s] Level 1:colcon.colcon_core.environment:create_file_with_runtime_dependencies(/home/strain-drone/Documents/drone_position_hold/ros2_ws/install/mocap4r2cli/share/colcon-core/packages/mocap4r2cli)
[8.569s] DEBUG:colcon.colcon_parallel_executor.executor.parallel:closing loop
[8.569s] DEBUG:colcon.colcon_parallel_executor.executor.parallel:loop closed
[8.570s] DEBUG:colcon.colcon_parallel_executor.executor.parallel:run_until_complete finished with '0'
[8.570s] DEBUG:colcon.colcon_core.event_reactor:joining thread
[8.580s] INFO:colcon.colcon_core.plugin_system:Skipping extension 'colcon_notification.desktop_notification.terminal_notifier': Not used on non-Darwin systems
[8.580s] INFO:colcon.colcon_core.plugin_system:Skipping extension 'colcon_notification.desktop_notification.win32': Not used on non-Windows systems
[8.580s] INFO:colcon.colcon_notification.desktop_notification:Sending desktop notification using 'notify2'
[8.599s] DEBUG:colcon.colcon_core.event_reactor:joined thread
[8.600s] INFO:colcon.colcon_core.shell:Creating prefix script '/home/strain-drone/Documents/drone_position_hold/ros2_ws/install/local_setup.ps1'
[8.601s] INFO:colcon.colcon_core.shell:Creating prefix util module '/home/strain-drone/Documents/drone_position_hold/ros2_ws/install/_local_setup_util_ps1.py'
[8.603s] INFO:colcon.colcon_core.shell:Creating prefix chain script '/home/strain-drone/Documents/drone_position_hold/ros2_ws/install/setup.ps1'
[8.605s] INFO:colcon.colcon_core.shell:Creating prefix script '/home/strain-drone/Documents/drone_position_hold/ros2_ws/install/local_setup.sh'
[8.607s] INFO:colcon.colcon_core.shell:Creating prefix util module '/home/strain-drone/Documents/drone_position_hold/ros2_ws/install/_local_setup_util_sh.py'
[8.611s] INFO:colcon.colcon_core.shell:Creating prefix chain script '/home/strain-drone/Documents/drone_position_hold/ros2_ws/install/setup.sh'
[8.613s] INFO:colcon.colcon_core.shell:Creating prefix script '/home/strain-drone/Documents/drone_position_hold/ros2_ws/install/local_setup.bash'
[8.614s] INFO:colcon.colcon_core.shell:Creating prefix chain script '/home/strain-drone/Documents/drone_position_hold/ros2_ws/install/setup.bash'
[8.616s] INFO:colcon.colcon_core.shell:Creating prefix script '/home/strain-drone/Documents/drone_position_hold/ros2_ws/install/local_setup.zsh'
[8.617s] INFO:colcon.colcon_core.shell:Creating prefix chain script '/home/strain-drone/Documents/drone_position_hold/ros2_ws/install/setup.zsh'
