[0.153s] DEBUG:colcon:Command line arguments: ['/usr/bin/colcon', 'build']
[0.154s] DEBUG:colcon:Parsed command line arguments: Namespace(log_base=None, log_level=None, verb_name='build', build_base='build', install_base='install', merge_install=False, symlink_install=False, test_result_base=None, continue_on_error=False, executor='parallel', parallel_workers=4, event_handlers=None, ignore_user_meta=False, metas=['./colcon.meta'], base_paths=['.'], packages_ignore=None, packages_ignore_regex=None, paths=None, packages_up_to=None, packages_up_to_regex=None, packages_above=None, packages_above_and_dependencies=None, packages_above_depth=None, packages_select_by_dep=None, packages_skip_by_dep=None, packages_skip_up_to=None, packages_select_build_failed=False, packages_skip_build_finished=False, packages_select_test_failures=False, packages_skip_test_passed=False, packages_select=None, packages_skip=None, packages_select_regex=None, packages_skip_regex=None, packages_start=None, packages_end=None, allow_overriding=[], cmake_args=None, cmake_target=None, cmake_target_skip_unavailable=False, cmake_clean_cache=False, cmake_clean_first=False, cmake_force_configure=False, ament_cmake_args=None, catkin_cmake_args=None, catkin_skip_building_tests=False, mixin_files=None, mixin=None, verb_parser=<colcon_mixin.mixin.mixin_argument.MixinArgumentDecorator object at 0xffff92245a30>, verb_extension=<colcon_core.verb.build.BuildVerb object at 0xffff923edfd0>, main=<bound method BuildVerb.main of <colcon_core.verb.build.BuildVerb object at 0xffff923edfd0>>, mixin_verb=('build',))
[0.211s] Level 1:colcon.colcon_core.package_discovery:discover_packages(colcon_meta) check parameters
[0.211s] Level 1:colcon.colcon_core.package_discovery:discover_packages(recursive) check parameters
[0.211s] Level 1:colcon.colcon_core.package_discovery:discover_packages(ignore) check parameters
[0.211s] Level 1:colcon.colcon_core.package_discovery:discover_packages(path) check parameters
[0.211s] Level 1:colcon.colcon_core.package_discovery:discover_packages(colcon_meta) discover
[0.211s] Level 1:colcon.colcon_core.package_discovery:discover_packages(recursive) discover
[0.211s] INFO:colcon.colcon_core.package_discovery:Crawling recursively for packages in '/home/strain-drone/Documents/drone_position_hold/ros2_ws'
[0.211s] Level 1:colcon.colcon_core.package_identification:_identify(.) by extensions ['ignore', 'ignore_ament_install']
[0.211s] Level 1:colcon.colcon_core.package_identification:_identify(.) by extension 'ignore'
[0.212s] Level 1:colcon.colcon_core.package_identification:_identify(.) by extension 'ignore_ament_install'
[0.212s] Level 1:colcon.colcon_core.package_identification:_identify(.) by extensions ['colcon_pkg']
[0.212s] Level 1:colcon.colcon_core.package_identification:_identify(.) by extension 'colcon_pkg'
[0.212s] Level 1:colcon.colcon_core.package_identification:_identify(.) by extensions ['colcon_meta']
[0.212s] Level 1:colcon.colcon_core.package_identification:_identify(.) by extension 'colcon_meta'
[0.212s] Level 1:colcon.colcon_core.package_identification:_identify(.) by extensions ['ros']
[0.212s] Level 1:colcon.colcon_core.package_identification:_identify(.) by extension 'ros'
[0.251s] Level 1:colcon.colcon_core.package_identification:_identify(.) by extensions ['cmake', 'python']
[0.251s] Level 1:colcon.colcon_core.package_identification:_identify(.) by extension 'cmake'
[0.251s] Level 1:colcon.colcon_core.package_identification:_identify(.) by extension 'python'
[0.251s] Level 1:colcon.colcon_core.package_identification:_identify(.) by extensions ['python_setup_py']
[0.251s] Level 1:colcon.colcon_core.package_identification:_identify(.) by extension 'python_setup_py'
[0.251s] Level 1:colcon.colcon_core.package_identification:_identify(build) by extensions ['ignore', 'ignore_ament_install']
[0.251s] Level 1:colcon.colcon_core.package_identification:_identify(build) by extension 'ignore'
[0.251s] Level 1:colcon.colcon_core.package_identification:_identify(build) ignored
[0.251s] Level 1:colcon.colcon_core.package_identification:_identify(install) by extensions ['ignore', 'ignore_ament_install']
[0.252s] Level 1:colcon.colcon_core.package_identification:_identify(install) by extension 'ignore'
[0.252s] Level 1:colcon.colcon_core.package_identification:_identify(install) ignored
[0.252s] Level 1:colcon.colcon_core.package_identification:_identify(log) by extensions ['ignore', 'ignore_ament_install']
[0.252s] Level 1:colcon.colcon_core.package_identification:_identify(log) by extension 'ignore'
[0.252s] Level 1:colcon.colcon_core.package_identification:_identify(log) ignored
[0.252s] Level 1:colcon.colcon_core.package_identification:_identify(src) by extensions ['ignore', 'ignore_ament_install']
[0.252s] Level 1:colcon.colcon_core.package_identification:_identify(src) by extension 'ignore'
[0.252s] Level 1:colcon.colcon_core.package_identification:_identify(src) by extension 'ignore_ament_install'
[0.252s] Level 1:colcon.colcon_core.package_identification:_identify(src) by extensions ['colcon_pkg']
[0.252s] Level 1:colcon.colcon_core.package_identification:_identify(src) by extension 'colcon_pkg'
[0.252s] Level 1:colcon.colcon_core.package_identification:_identify(src) by extensions ['colcon_meta']
[0.252s] Level 1:colcon.colcon_core.package_identification:_identify(src) by extension 'colcon_meta'
[0.252s] Level 1:colcon.colcon_core.package_identification:_identify(src) by extensions ['ros']
[0.252s] Level 1:colcon.colcon_core.package_identification:_identify(src) by extension 'ros'
[0.252s] Level 1:colcon.colcon_core.package_identification:_identify(src) by extensions ['cmake', 'python']
[0.252s] Level 1:colcon.colcon_core.package_identification:_identify(src) by extension 'cmake'
[0.252s] Level 1:colcon.colcon_core.package_identification:_identify(src) by extension 'python'
[0.252s] Level 1:colcon.colcon_core.package_identification:_identify(src) by extensions ['python_setup_py']
[0.253s] Level 1:colcon.colcon_core.package_identification:_identify(src) by extension 'python_setup_py'
[0.253s] Level 1:colcon.colcon_core.package_identification:_identify(src/build) by extensions ['ignore', 'ignore_ament_install']
[0.253s] Level 1:colcon.colcon_core.package_identification:_identify(src/build) by extension 'ignore'
[0.253s] Level 1:colcon.colcon_core.package_identification:_identify(src/build) ignored
[0.253s] Level 1:colcon.colcon_core.package_identification:_identify(src/install) by extensions ['ignore', 'ignore_ament_install']
[0.253s] Level 1:colcon.colcon_core.package_identification:_identify(src/install) by extension 'ignore'
[0.253s] Level 1:colcon.colcon_core.package_identification:_identify(src/install) ignored
[0.253s] Level 1:colcon.colcon_core.package_identification:_identify(src/log) by extensions ['ignore', 'ignore_ament_install']
[0.253s] Level 1:colcon.colcon_core.package_identification:_identify(src/log) by extension 'ignore'
[0.253s] Level 1:colcon.colcon_core.package_identification:_identify(src/log) ignored
[0.253s] Level 1:colcon.colcon_core.package_identification:_identify(src/mavros_config) by extensions ['ignore', 'ignore_ament_install']
[0.253s] Level 1:colcon.colcon_core.package_identification:_identify(src/mavros_config) by extension 'ignore'
[0.253s] Level 1:colcon.colcon_core.package_identification:_identify(src/mavros_config) by extension 'ignore_ament_install'
[0.254s] Level 1:colcon.colcon_core.package_identification:_identify(src/mavros_config) by extensions ['colcon_pkg']
[0.254s] Level 1:colcon.colcon_core.package_identification:_identify(src/mavros_config) by extension 'colcon_pkg'
[0.254s] Level 1:colcon.colcon_core.package_identification:_identify(src/mavros_config) by extensions ['colcon_meta']
[0.254s] Level 1:colcon.colcon_core.package_identification:_identify(src/mavros_config) by extension 'colcon_meta'
[0.254s] Level 1:colcon.colcon_core.package_identification:_identify(src/mavros_config) by extensions ['ros']
[0.254s] Level 1:colcon.colcon_core.package_identification:_identify(src/mavros_config) by extension 'ros'
[0.257s] DEBUG:colcon.colcon_core.package_identification:Package 'src/mavros_config' with type 'ros.ament_python' and name 'mavros_config'
[0.257s] Level 1:colcon.colcon_core.package_identification:_identify(src/mocap4r2) by extensions ['ignore', 'ignore_ament_install']
[0.257s] Level 1:colcon.colcon_core.package_identification:_identify(src/mocap4r2) by extension 'ignore'
[0.257s] Level 1:colcon.colcon_core.package_identification:_identify(src/mocap4r2) by extension 'ignore_ament_install'
[0.257s] Level 1:colcon.colcon_core.package_identification:_identify(src/mocap4r2) by extensions ['colcon_pkg']
[0.257s] Level 1:colcon.colcon_core.package_identification:_identify(src/mocap4r2) by extension 'colcon_pkg'
[0.257s] Level 1:colcon.colcon_core.package_identification:_identify(src/mocap4r2) by extensions ['colcon_meta']
[0.257s] Level 1:colcon.colcon_core.package_identification:_identify(src/mocap4r2) by extension 'colcon_meta'
[0.257s] Level 1:colcon.colcon_core.package_identification:_identify(src/mocap4r2) by extensions ['ros']
[0.257s] Level 1:colcon.colcon_core.package_identification:_identify(src/mocap4r2) by extension 'ros'
[0.258s] Level 1:colcon.colcon_core.package_identification:_identify(src/mocap4r2) by extensions ['cmake', 'python']
[0.258s] Level 1:colcon.colcon_core.package_identification:_identify(src/mocap4r2) by extension 'cmake'
[0.258s] Level 1:colcon.colcon_core.package_identification:_identify(src/mocap4r2) by extension 'python'
[0.258s] Level 1:colcon.colcon_core.package_identification:_identify(src/mocap4r2) by extensions ['python_setup_py']
[0.258s] Level 1:colcon.colcon_core.package_identification:_identify(src/mocap4r2) by extension 'python_setup_py'
[0.258s] Level 1:colcon.colcon_core.package_identification:_identify(src/mocap4r2/mocap4r2_control) by extensions ['ignore', 'ignore_ament_install']
[0.258s] Level 1:colcon.colcon_core.package_identification:_identify(src/mocap4r2/mocap4r2_control) by extension 'ignore'
[0.258s] Level 1:colcon.colcon_core.package_identification:_identify(src/mocap4r2/mocap4r2_control) by extension 'ignore_ament_install'
[0.258s] Level 1:colcon.colcon_core.package_identification:_identify(src/mocap4r2/mocap4r2_control) by extensions ['colcon_pkg']
[0.258s] Level 1:colcon.colcon_core.package_identification:_identify(src/mocap4r2/mocap4r2_control) by extension 'colcon_pkg'
[0.258s] Level 1:colcon.colcon_core.package_identification:_identify(src/mocap4r2/mocap4r2_control) by extensions ['colcon_meta']
[0.258s] Level 1:colcon.colcon_core.package_identification:_identify(src/mocap4r2/mocap4r2_control) by extension 'colcon_meta'
[0.258s] Level 1:colcon.colcon_core.package_identification:_identify(src/mocap4r2/mocap4r2_control) by extensions ['ros']
[0.258s] Level 1:colcon.colcon_core.package_identification:_identify(src/mocap4r2/mocap4r2_control) by extension 'ros'
[0.258s] Level 1:colcon.colcon_core.package_identification:_identify(src/mocap4r2/mocap4r2_control) by extensions ['cmake', 'python']
[0.258s] Level 1:colcon.colcon_core.package_identification:_identify(src/mocap4r2/mocap4r2_control) by extension 'cmake'
[0.258s] Level 1:colcon.colcon_core.package_identification:_identify(src/mocap4r2/mocap4r2_control) by extension 'python'
[0.258s] Level 1:colcon.colcon_core.package_identification:_identify(src/mocap4r2/mocap4r2_control) by extensions ['python_setup_py']
[0.258s] Level 1:colcon.colcon_core.package_identification:_identify(src/mocap4r2/mocap4r2_control) by extension 'python_setup_py'
[0.258s] Level 1:colcon.colcon_core.package_identification:_identify(src/mocap4r2/mocap4r2_control/mocap4r2_control) by extensions ['ignore', 'ignore_ament_install']
[0.259s] Level 1:colcon.colcon_core.package_identification:_identify(src/mocap4r2/mocap4r2_control/mocap4r2_control) by extension 'ignore'
[0.259s] Level 1:colcon.colcon_core.package_identification:_identify(src/mocap4r2/mocap4r2_control/mocap4r2_control) by extension 'ignore_ament_install'
[0.259s] Level 1:colcon.colcon_core.package_identification:_identify(src/mocap4r2/mocap4r2_control/mocap4r2_control) by extensions ['colcon_pkg']
[0.259s] Level 1:colcon.colcon_core.package_identification:_identify(src/mocap4r2/mocap4r2_control/mocap4r2_control) by extension 'colcon_pkg'
[0.259s] Level 1:colcon.colcon_core.package_identification:_identify(src/mocap4r2/mocap4r2_control/mocap4r2_control) by extensions ['colcon_meta']
[0.259s] Level 1:colcon.colcon_core.package_identification:_identify(src/mocap4r2/mocap4r2_control/mocap4r2_control) by extension 'colcon_meta'
[0.259s] Level 1:colcon.colcon_core.package_identification:_identify(src/mocap4r2/mocap4r2_control/mocap4r2_control) by extensions ['ros']
[0.259s] Level 1:colcon.colcon_core.package_identification:_identify(src/mocap4r2/mocap4r2_control/mocap4r2_control) by extension 'ros'
[0.260s] DEBUG:colcon.colcon_core.package_identification:Package 'src/mocap4r2/mocap4r2_control/mocap4r2_control' with type 'ros.ament_cmake' and name 'mocap4r2_control'
[0.260s] Level 1:colcon.colcon_core.package_identification:_identify(src/mocap4r2/mocap4r2_control/mocap4r2_control_msgs) by extensions ['ignore', 'ignore_ament_install']
[0.260s] Level 1:colcon.colcon_core.package_identification:_identify(src/mocap4r2/mocap4r2_control/mocap4r2_control_msgs) by extension 'ignore'
[0.260s] Level 1:colcon.colcon_core.package_identification:_identify(src/mocap4r2/mocap4r2_control/mocap4r2_control_msgs) by extension 'ignore_ament_install'
[0.260s] Level 1:colcon.colcon_core.package_identification:_identify(src/mocap4r2/mocap4r2_control/mocap4r2_control_msgs) by extensions ['colcon_pkg']
[0.260s] Level 1:colcon.colcon_core.package_identification:_identify(src/mocap4r2/mocap4r2_control/mocap4r2_control_msgs) by extension 'colcon_pkg'
[0.260s] Level 1:colcon.colcon_core.package_identification:_identify(src/mocap4r2/mocap4r2_control/mocap4r2_control_msgs) by extensions ['colcon_meta']
[0.260s] Level 1:colcon.colcon_core.package_identification:_identify(src/mocap4r2/mocap4r2_control/mocap4r2_control_msgs) by extension 'colcon_meta'
[0.260s] Level 1:colcon.colcon_core.package_identification:_identify(src/mocap4r2/mocap4r2_control/mocap4r2_control_msgs) by extensions ['ros']
[0.260s] Level 1:colcon.colcon_core.package_identification:_identify(src/mocap4r2/mocap4r2_control/mocap4r2_control_msgs) by extension 'ros'
[0.261s] DEBUG:colcon.colcon_core.package_identification:Package 'src/mocap4r2/mocap4r2_control/mocap4r2_control_msgs' with type 'ros.ament_cmake' and name 'mocap4r2_control_msgs'
[0.261s] Level 1:colcon.colcon_core.package_identification:_identify(src/mocap4r2/mocap4r2_control/rqt_mocap4r2_control) by extensions ['ignore', 'ignore_ament_install']
[0.261s] Level 1:colcon.colcon_core.package_identification:_identify(src/mocap4r2/mocap4r2_control/rqt_mocap4r2_control) by extension 'ignore'
[0.261s] Level 1:colcon.colcon_core.package_identification:_identify(src/mocap4r2/mocap4r2_control/rqt_mocap4r2_control) by extension 'ignore_ament_install'
[0.261s] Level 1:colcon.colcon_core.package_identification:_identify(src/mocap4r2/mocap4r2_control/rqt_mocap4r2_control) by extensions ['colcon_pkg']
[0.261s] Level 1:colcon.colcon_core.package_identification:_identify(src/mocap4r2/mocap4r2_control/rqt_mocap4r2_control) by extension 'colcon_pkg'
[0.261s] Level 1:colcon.colcon_core.package_identification:_identify(src/mocap4r2/mocap4r2_control/rqt_mocap4r2_control) by extensions ['colcon_meta']
[0.261s] Level 1:colcon.colcon_core.package_identification:_identify(src/mocap4r2/mocap4r2_control/rqt_mocap4r2_control) by extension 'colcon_meta'
[0.261s] Level 1:colcon.colcon_core.package_identification:_identify(src/mocap4r2/mocap4r2_control/rqt_mocap4r2_control) by extensions ['ros']
[0.262s] Level 1:colcon.colcon_core.package_identification:_identify(src/mocap4r2/mocap4r2_control/rqt_mocap4r2_control) by extension 'ros'
[0.263s] DEBUG:colcon.colcon_core.package_identification:Package 'src/mocap4r2/mocap4r2_control/rqt_mocap4r2_control' with type 'ros.ament_cmake' and name 'rqt_mocap4r2_control'
[0.263s] Level 1:colcon.colcon_core.package_identification:_identify(src/mocap4r2/mocap4r2_dummy_driver) by extensions ['ignore', 'ignore_ament_install']
[0.263s] Level 1:colcon.colcon_core.package_identification:_identify(src/mocap4r2/mocap4r2_dummy_driver) by extension 'ignore'
[0.263s] Level 1:colcon.colcon_core.package_identification:_identify(src/mocap4r2/mocap4r2_dummy_driver) by extension 'ignore_ament_install'
[0.263s] Level 1:colcon.colcon_core.package_identification:_identify(src/mocap4r2/mocap4r2_dummy_driver) by extensions ['colcon_pkg']
[0.263s] Level 1:colcon.colcon_core.package_identification:_identify(src/mocap4r2/mocap4r2_dummy_driver) by extension 'colcon_pkg'
[0.263s] Level 1:colcon.colcon_core.package_identification:_identify(src/mocap4r2/mocap4r2_dummy_driver) by extensions ['colcon_meta']
[0.263s] Level 1:colcon.colcon_core.package_identification:_identify(src/mocap4r2/mocap4r2_dummy_driver) by extension 'colcon_meta'
[0.263s] Level 1:colcon.colcon_core.package_identification:_identify(src/mocap4r2/mocap4r2_dummy_driver) by extensions ['ros']
[0.263s] Level 1:colcon.colcon_core.package_identification:_identify(src/mocap4r2/mocap4r2_dummy_driver) by extension 'ros'
[0.264s] DEBUG:colcon.colcon_core.package_identification:Package 'src/mocap4r2/mocap4r2_dummy_driver' with type 'ros.ament_cmake' and name 'mocap4r2_dummy_driver'
[0.264s] Level 1:colcon.colcon_core.package_identification:_identify(src/mocap4r2/mocap4r2_marker_viz) by extensions ['ignore', 'ignore_ament_install']
[0.264s] Level 1:colcon.colcon_core.package_identification:_identify(src/mocap4r2/mocap4r2_marker_viz) by extension 'ignore'
[0.264s] Level 1:colcon.colcon_core.package_identification:_identify(src/mocap4r2/mocap4r2_marker_viz) by extension 'ignore_ament_install'
[0.264s] Level 1:colcon.colcon_core.package_identification:_identify(src/mocap4r2/mocap4r2_marker_viz) by extensions ['colcon_pkg']
[0.264s] Level 1:colcon.colcon_core.package_identification:_identify(src/mocap4r2/mocap4r2_marker_viz) by extension 'colcon_pkg'
[0.264s] Level 1:colcon.colcon_core.package_identification:_identify(src/mocap4r2/mocap4r2_marker_viz) by extensions ['colcon_meta']
[0.264s] Level 1:colcon.colcon_core.package_identification:_identify(src/mocap4r2/mocap4r2_marker_viz) by extension 'colcon_meta'
[0.264s] Level 1:colcon.colcon_core.package_identification:_identify(src/mocap4r2/mocap4r2_marker_viz) by extensions ['ros']
[0.264s] Level 1:colcon.colcon_core.package_identification:_identify(src/mocap4r2/mocap4r2_marker_viz) by extension 'ros'
[0.265s] Level 1:colcon.colcon_core.package_identification:_identify(src/mocap4r2/mocap4r2_marker_viz) by extensions ['cmake', 'python']
[0.265s] Level 1:colcon.colcon_core.package_identification:_identify(src/mocap4r2/mocap4r2_marker_viz) by extension 'cmake'
[0.265s] Level 1:colcon.colcon_core.package_identification:_identify(src/mocap4r2/mocap4r2_marker_viz) by extension 'python'
[0.265s] Level 1:colcon.colcon_core.package_identification:_identify(src/mocap4r2/mocap4r2_marker_viz) by extensions ['python_setup_py']
[0.265s] Level 1:colcon.colcon_core.package_identification:_identify(src/mocap4r2/mocap4r2_marker_viz) by extension 'python_setup_py'
[0.265s] Level 1:colcon.colcon_core.package_identification:_identify(src/mocap4r2/mocap4r2_marker_viz/mocap4r2_marker_publisher) by extensions ['ignore', 'ignore_ament_install']
[0.265s] Level 1:colcon.colcon_core.package_identification:_identify(src/mocap4r2/mocap4r2_marker_viz/mocap4r2_marker_publisher) by extension 'ignore'
[0.265s] Level 1:colcon.colcon_core.package_identification:_identify(src/mocap4r2/mocap4r2_marker_viz/mocap4r2_marker_publisher) by extension 'ignore_ament_install'
[0.265s] Level 1:colcon.colcon_core.package_identification:_identify(src/mocap4r2/mocap4r2_marker_viz/mocap4r2_marker_publisher) by extensions ['colcon_pkg']
[0.265s] Level 1:colcon.colcon_core.package_identification:_identify(src/mocap4r2/mocap4r2_marker_viz/mocap4r2_marker_publisher) by extension 'colcon_pkg'
[0.265s] Level 1:colcon.colcon_core.package_identification:_identify(src/mocap4r2/mocap4r2_marker_viz/mocap4r2_marker_publisher) by extensions ['colcon_meta']
[0.265s] Level 1:colcon.colcon_core.package_identification:_identify(src/mocap4r2/mocap4r2_marker_viz/mocap4r2_marker_publisher) by extension 'colcon_meta'
[0.265s] Level 1:colcon.colcon_core.package_identification:_identify(src/mocap4r2/mocap4r2_marker_viz/mocap4r2_marker_publisher) by extensions ['ros']
[0.265s] Level 1:colcon.colcon_core.package_identification:_identify(src/mocap4r2/mocap4r2_marker_viz/mocap4r2_marker_publisher) by extension 'ros'
[0.266s] DEBUG:colcon.colcon_core.package_identification:Package 'src/mocap4r2/mocap4r2_marker_viz/mocap4r2_marker_publisher' with type 'ros.ament_cmake' and name 'mocap4r2_marker_publisher'
[0.266s] Level 1:colcon.colcon_core.package_identification:_identify(src/mocap4r2/mocap4r2_marker_viz/mocap4r2_marker_viz) by extensions ['ignore', 'ignore_ament_install']
[0.266s] Level 1:colcon.colcon_core.package_identification:_identify(src/mocap4r2/mocap4r2_marker_viz/mocap4r2_marker_viz) by extension 'ignore'
[0.266s] Level 1:colcon.colcon_core.package_identification:_identify(src/mocap4r2/mocap4r2_marker_viz/mocap4r2_marker_viz) by extension 'ignore_ament_install'
[0.266s] Level 1:colcon.colcon_core.package_identification:_identify(src/mocap4r2/mocap4r2_marker_viz/mocap4r2_marker_viz) by extensions ['colcon_pkg']
[0.266s] Level 1:colcon.colcon_core.package_identification:_identify(src/mocap4r2/mocap4r2_marker_viz/mocap4r2_marker_viz) by extension 'colcon_pkg'
[0.266s] Level 1:colcon.colcon_core.package_identification:_identify(src/mocap4r2/mocap4r2_marker_viz/mocap4r2_marker_viz) by extensions ['colcon_meta']
[0.266s] Level 1:colcon.colcon_core.package_identification:_identify(src/mocap4r2/mocap4r2_marker_viz/mocap4r2_marker_viz) by extension 'colcon_meta'
[0.266s] Level 1:colcon.colcon_core.package_identification:_identify(src/mocap4r2/mocap4r2_marker_viz/mocap4r2_marker_viz) by extensions ['ros']
[0.266s] Level 1:colcon.colcon_core.package_identification:_identify(src/mocap4r2/mocap4r2_marker_viz/mocap4r2_marker_viz) by extension 'ros'
[0.267s] DEBUG:colcon.colcon_core.package_identification:Package 'src/mocap4r2/mocap4r2_marker_viz/mocap4r2_marker_viz' with type 'ros.ament_cmake' and name 'mocap4r2_marker_viz'
[0.267s] Level 1:colcon.colcon_core.package_identification:_identify(src/mocap4r2/mocap4r2_marker_viz/mocap4r2_marker_viz_srvs) by extensions ['ignore', 'ignore_ament_install']
[0.267s] Level 1:colcon.colcon_core.package_identification:_identify(src/mocap4r2/mocap4r2_marker_viz/mocap4r2_marker_viz_srvs) by extension 'ignore'
[0.267s] Level 1:colcon.colcon_core.package_identification:_identify(src/mocap4r2/mocap4r2_marker_viz/mocap4r2_marker_viz_srvs) by extension 'ignore_ament_install'
[0.267s] Level 1:colcon.colcon_core.package_identification:_identify(src/mocap4r2/mocap4r2_marker_viz/mocap4r2_marker_viz_srvs) by extensions ['colcon_pkg']
[0.267s] Level 1:colcon.colcon_core.package_identification:_identify(src/mocap4r2/mocap4r2_marker_viz/mocap4r2_marker_viz_srvs) by extension 'colcon_pkg'
[0.267s] Level 1:colcon.colcon_core.package_identification:_identify(src/mocap4r2/mocap4r2_marker_viz/mocap4r2_marker_viz_srvs) by extensions ['colcon_meta']
[0.267s] Level 1:colcon.colcon_core.package_identification:_identify(src/mocap4r2/mocap4r2_marker_viz/mocap4r2_marker_viz_srvs) by extension 'colcon_meta'
[0.267s] Level 1:colcon.colcon_core.package_identification:_identify(src/mocap4r2/mocap4r2_marker_viz/mocap4r2_marker_viz_srvs) by extensions ['ros']
[0.268s] Level 1:colcon.colcon_core.package_identification:_identify(src/mocap4r2/mocap4r2_marker_viz/mocap4r2_marker_viz_srvs) by extension 'ros'
[0.268s] DEBUG:colcon.colcon_core.package_identification:Package 'src/mocap4r2/mocap4r2_marker_viz/mocap4r2_marker_viz_srvs' with type 'ros.ament_cmake' and name 'mocap4r2_marker_viz_srvs'
[0.268s] Level 1:colcon.colcon_core.package_identification:_identify(src/mocap4r2/mocap4r2_robot_gt) by extensions ['ignore', 'ignore_ament_install']
[0.268s] Level 1:colcon.colcon_core.package_identification:_identify(src/mocap4r2/mocap4r2_robot_gt) by extension 'ignore'
[0.268s] Level 1:colcon.colcon_core.package_identification:_identify(src/mocap4r2/mocap4r2_robot_gt) by extension 'ignore_ament_install'
[0.268s] Level 1:colcon.colcon_core.package_identification:_identify(src/mocap4r2/mocap4r2_robot_gt) by extensions ['colcon_pkg']
[0.268s] Level 1:colcon.colcon_core.package_identification:_identify(src/mocap4r2/mocap4r2_robot_gt) by extension 'colcon_pkg'
[0.268s] Level 1:colcon.colcon_core.package_identification:_identify(src/mocap4r2/mocap4r2_robot_gt) by extensions ['colcon_meta']
[0.268s] Level 1:colcon.colcon_core.package_identification:_identify(src/mocap4r2/mocap4r2_robot_gt) by extension 'colcon_meta'
[0.269s] Level 1:colcon.colcon_core.package_identification:_identify(src/mocap4r2/mocap4r2_robot_gt) by extensions ['ros']
[0.269s] Level 1:colcon.colcon_core.package_identification:_identify(src/mocap4r2/mocap4r2_robot_gt) by extension 'ros'
[0.269s] Level 1:colcon.colcon_core.package_identification:_identify(src/mocap4r2/mocap4r2_robot_gt) by extensions ['cmake', 'python']
[0.269s] Level 1:colcon.colcon_core.package_identification:_identify(src/mocap4r2/mocap4r2_robot_gt) by extension 'cmake'
[0.269s] Level 1:colcon.colcon_core.package_identification:_identify(src/mocap4r2/mocap4r2_robot_gt) by extension 'python'
[0.269s] Level 1:colcon.colcon_core.package_identification:_identify(src/mocap4r2/mocap4r2_robot_gt) by extensions ['python_setup_py']
[0.269s] Level 1:colcon.colcon_core.package_identification:_identify(src/mocap4r2/mocap4r2_robot_gt) by extension 'python_setup_py'
[0.269s] Level 1:colcon.colcon_core.package_identification:_identify(src/mocap4r2/mocap4r2_robot_gt/mocap4r2_robot_gt) by extensions ['ignore', 'ignore_ament_install']
[0.269s] Level 1:colcon.colcon_core.package_identification:_identify(src/mocap4r2/mocap4r2_robot_gt/mocap4r2_robot_gt) by extension 'ignore'
[0.269s] Level 1:colcon.colcon_core.package_identification:_identify(src/mocap4r2/mocap4r2_robot_gt/mocap4r2_robot_gt) by extension 'ignore_ament_install'
[0.269s] Level 1:colcon.colcon_core.package_identification:_identify(src/mocap4r2/mocap4r2_robot_gt/mocap4r2_robot_gt) by extensions ['colcon_pkg']
[0.269s] Level 1:colcon.colcon_core.package_identification:_identify(src/mocap4r2/mocap4r2_robot_gt/mocap4r2_robot_gt) by extension 'colcon_pkg'
[0.269s] Level 1:colcon.colcon_core.package_identification:_identify(src/mocap4r2/mocap4r2_robot_gt/mocap4r2_robot_gt) by extensions ['colcon_meta']
[0.269s] Level 1:colcon.colcon_core.package_identification:_identify(src/mocap4r2/mocap4r2_robot_gt/mocap4r2_robot_gt) by extension 'colcon_meta'
[0.269s] Level 1:colcon.colcon_core.package_identification:_identify(src/mocap4r2/mocap4r2_robot_gt/mocap4r2_robot_gt) by extensions ['ros']
[0.269s] Level 1:colcon.colcon_core.package_identification:_identify(src/mocap4r2/mocap4r2_robot_gt/mocap4r2_robot_gt) by extension 'ros'
[0.270s] DEBUG:colcon.colcon_core.package_identification:Package 'src/mocap4r2/mocap4r2_robot_gt/mocap4r2_robot_gt' with type 'ros.ament_cmake' and name 'mocap4r2_robot_gt'
[0.270s] Level 1:colcon.colcon_core.package_identification:_identify(src/mocap4r2/mocap4r2_robot_gt/mocap4r2_robot_gt_msgs) by extensions ['ignore', 'ignore_ament_install']
[0.270s] Level 1:colcon.colcon_core.package_identification:_identify(src/mocap4r2/mocap4r2_robot_gt/mocap4r2_robot_gt_msgs) by extension 'ignore'
[0.271s] Level 1:colcon.colcon_core.package_identification:_identify(src/mocap4r2/mocap4r2_robot_gt/mocap4r2_robot_gt_msgs) by extension 'ignore_ament_install'
[0.271s] Level 1:colcon.colcon_core.package_identification:_identify(src/mocap4r2/mocap4r2_robot_gt/mocap4r2_robot_gt_msgs) by extensions ['colcon_pkg']
[0.271s] Level 1:colcon.colcon_core.package_identification:_identify(src/mocap4r2/mocap4r2_robot_gt/mocap4r2_robot_gt_msgs) by extension 'colcon_pkg'
[0.271s] Level 1:colcon.colcon_core.package_identification:_identify(src/mocap4r2/mocap4r2_robot_gt/mocap4r2_robot_gt_msgs) by extensions ['colcon_meta']
[0.271s] Level 1:colcon.colcon_core.package_identification:_identify(src/mocap4r2/mocap4r2_robot_gt/mocap4r2_robot_gt_msgs) by extension 'colcon_meta'
[0.271s] Level 1:colcon.colcon_core.package_identification:_identify(src/mocap4r2/mocap4r2_robot_gt/mocap4r2_robot_gt_msgs) by extensions ['ros']
[0.271s] Level 1:colcon.colcon_core.package_identification:_identify(src/mocap4r2/mocap4r2_robot_gt/mocap4r2_robot_gt_msgs) by extension 'ros'
[0.272s] DEBUG:colcon.colcon_core.package_identification:Package 'src/mocap4r2/mocap4r2_robot_gt/mocap4r2_robot_gt_msgs' with type 'ros.ament_cmake' and name 'mocap4r2_robot_gt_msgs'
[0.272s] Level 1:colcon.colcon_core.package_identification:_identify(src/mocap4r2/mocap4r2cli) by extensions ['ignore', 'ignore_ament_install']
[0.272s] Level 1:colcon.colcon_core.package_identification:_identify(src/mocap4r2/mocap4r2cli) by extension 'ignore'
[0.272s] Level 1:colcon.colcon_core.package_identification:_identify(src/mocap4r2/mocap4r2cli) by extension 'ignore_ament_install'
[0.272s] Level 1:colcon.colcon_core.package_identification:_identify(src/mocap4r2/mocap4r2cli) by extensions ['colcon_pkg']
[0.272s] Level 1:colcon.colcon_core.package_identification:_identify(src/mocap4r2/mocap4r2cli) by extension 'colcon_pkg'
[0.272s] Level 1:colcon.colcon_core.package_identification:_identify(src/mocap4r2/mocap4r2cli) by extensions ['colcon_meta']
[0.272s] Level 1:colcon.colcon_core.package_identification:_identify(src/mocap4r2/mocap4r2cli) by extension 'colcon_meta'
[0.272s] Level 1:colcon.colcon_core.package_identification:_identify(src/mocap4r2/mocap4r2cli) by extensions ['ros']
[0.272s] Level 1:colcon.colcon_core.package_identification:_identify(src/mocap4r2/mocap4r2cli) by extension 'ros'
[0.273s] DEBUG:colcon.colcon_core.package_identification:Package 'src/mocap4r2/mocap4r2cli' with type 'ros.ament_python' and name 'mocap4r2cli'
[0.273s] Level 1:colcon.colcon_core.package_identification:_identify(src/mocap4r2_msgs) by extensions ['ignore', 'ignore_ament_install']
[0.273s] Level 1:colcon.colcon_core.package_identification:_identify(src/mocap4r2_msgs) by extension 'ignore'
[0.273s] Level 1:colcon.colcon_core.package_identification:_identify(src/mocap4r2_msgs) by extension 'ignore_ament_install'
[0.273s] Level 1:colcon.colcon_core.package_identification:_identify(src/mocap4r2_msgs) by extensions ['colcon_pkg']
[0.273s] Level 1:colcon.colcon_core.package_identification:_identify(src/mocap4r2_msgs) by extension 'colcon_pkg'
[0.273s] Level 1:colcon.colcon_core.package_identification:_identify(src/mocap4r2_msgs) by extensions ['colcon_meta']
[0.273s] Level 1:colcon.colcon_core.package_identification:_identify(src/mocap4r2_msgs) by extension 'colcon_meta'
[0.273s] Level 1:colcon.colcon_core.package_identification:_identify(src/mocap4r2_msgs) by extensions ['ros']
[0.273s] Level 1:colcon.colcon_core.package_identification:_identify(src/mocap4r2_msgs) by extension 'ros'
[0.274s] DEBUG:colcon.colcon_core.package_identification:Package 'src/mocap4r2_msgs' with type 'ros.ament_cmake' and name 'mocap4r2_msgs'
[0.274s] Level 1:colcon.colcon_core.package_identification:_identify(src/mocap4ros2_vicon) by extensions ['ignore', 'ignore_ament_install']
[0.274s] Level 1:colcon.colcon_core.package_identification:_identify(src/mocap4ros2_vicon) by extension 'ignore'
[0.274s] Level 1:colcon.colcon_core.package_identification:_identify(src/mocap4ros2_vicon) by extension 'ignore_ament_install'
[0.274s] Level 1:colcon.colcon_core.package_identification:_identify(src/mocap4ros2_vicon) by extensions ['colcon_pkg']
[0.274s] Level 1:colcon.colcon_core.package_identification:_identify(src/mocap4ros2_vicon) by extension 'colcon_pkg'
[0.274s] Level 1:colcon.colcon_core.package_identification:_identify(src/mocap4ros2_vicon) by extensions ['colcon_meta']
[0.274s] Level 1:colcon.colcon_core.package_identification:_identify(src/mocap4ros2_vicon) by extension 'colcon_meta'
[0.274s] Level 1:colcon.colcon_core.package_identification:_identify(src/mocap4ros2_vicon) by extensions ['ros']
[0.274s] Level 1:colcon.colcon_core.package_identification:_identify(src/mocap4ros2_vicon) by extension 'ros'
[0.274s] Level 1:colcon.colcon_core.package_identification:_identify(src/mocap4ros2_vicon) by extensions ['cmake', 'python']
[0.274s] Level 1:colcon.colcon_core.package_identification:_identify(src/mocap4ros2_vicon) by extension 'cmake'
[0.274s] Level 1:colcon.colcon_core.package_identification:_identify(src/mocap4ros2_vicon) by extension 'python'
[0.275s] Level 1:colcon.colcon_core.package_identification:_identify(src/mocap4ros2_vicon) by extensions ['python_setup_py']
[0.275s] Level 1:colcon.colcon_core.package_identification:_identify(src/mocap4ros2_vicon) by extension 'python_setup_py'
[0.275s] Level 1:colcon.colcon_core.package_identification:_identify(src/mocap4ros2_vicon/mocap4r2_vicon_driver) by extensions ['ignore', 'ignore_ament_install']
[0.275s] Level 1:colcon.colcon_core.package_identification:_identify(src/mocap4ros2_vicon/mocap4r2_vicon_driver) by extension 'ignore'
[0.275s] Level 1:colcon.colcon_core.package_identification:_identify(src/mocap4ros2_vicon/mocap4r2_vicon_driver) by extension 'ignore_ament_install'
[0.275s] Level 1:colcon.colcon_core.package_identification:_identify(src/mocap4ros2_vicon/mocap4r2_vicon_driver) by extensions ['colcon_pkg']
[0.275s] Level 1:colcon.colcon_core.package_identification:_identify(src/mocap4ros2_vicon/mocap4r2_vicon_driver) by extension 'colcon_pkg'
[0.275s] Level 1:colcon.colcon_core.package_identification:_identify(src/mocap4ros2_vicon/mocap4r2_vicon_driver) by extensions ['colcon_meta']
[0.275s] Level 1:colcon.colcon_core.package_identification:_identify(src/mocap4ros2_vicon/mocap4r2_vicon_driver) by extension 'colcon_meta'
[0.275s] Level 1:colcon.colcon_core.package_identification:_identify(src/mocap4ros2_vicon/mocap4r2_vicon_driver) by extensions ['ros']
[0.275s] Level 1:colcon.colcon_core.package_identification:_identify(src/mocap4ros2_vicon/mocap4r2_vicon_driver) by extension 'ros'
[0.276s] DEBUG:colcon.colcon_core.package_identification:Package 'src/mocap4ros2_vicon/mocap4r2_vicon_driver' with type 'ros.ament_cmake' and name 'mocap4r2_vicon_driver'
[0.276s] Level 1:colcon.colcon_core.package_identification:_identify(src/natnet_ros2) by extensions ['ignore', 'ignore_ament_install']
[0.276s] Level 1:colcon.colcon_core.package_identification:_identify(src/natnet_ros2) by extension 'ignore'
[0.276s] Level 1:colcon.colcon_core.package_identification:_identify(src/natnet_ros2) by extension 'ignore_ament_install'
[0.276s] Level 1:colcon.colcon_core.package_identification:_identify(src/natnet_ros2) by extensions ['colcon_pkg']
[0.277s] Level 1:colcon.colcon_core.package_identification:_identify(src/natnet_ros2) by extension 'colcon_pkg'
[0.277s] Level 1:colcon.colcon_core.package_identification:_identify(src/natnet_ros2) by extensions ['colcon_meta']
[0.277s] Level 1:colcon.colcon_core.package_identification:_identify(src/natnet_ros2) by extension 'colcon_meta'
[0.277s] Level 1:colcon.colcon_core.package_identification:_identify(src/natnet_ros2) by extensions ['ros']
[0.277s] Level 1:colcon.colcon_core.package_identification:_identify(src/natnet_ros2) by extension 'ros'
[0.277s] DEBUG:colcon.colcon_core.package_identification:Package 'src/natnet_ros2' with type 'ros.ament_cmake' and name 'natnet_ros2'
[0.278s] Level 1:colcon.colcon_core.package_identification:_identify(src/position_publisher) by extensions ['ignore', 'ignore_ament_install']
[0.278s] Level 1:colcon.colcon_core.package_identification:_identify(src/position_publisher) by extension 'ignore'
[0.278s] Level 1:colcon.colcon_core.package_identification:_identify(src/position_publisher) by extension 'ignore_ament_install'
[0.278s] Level 1:colcon.colcon_core.package_identification:_identify(src/position_publisher) by extensions ['colcon_pkg']
[0.278s] Level 1:colcon.colcon_core.package_identification:_identify(src/position_publisher) by extension 'colcon_pkg'
[0.278s] Level 1:colcon.colcon_core.package_identification:_identify(src/position_publisher) by extensions ['colcon_meta']
[0.278s] Level 1:colcon.colcon_core.package_identification:_identify(src/position_publisher) by extension 'colcon_meta'
[0.278s] Level 1:colcon.colcon_core.package_identification:_identify(src/position_publisher) by extensions ['ros']
[0.278s] Level 1:colcon.colcon_core.package_identification:_identify(src/position_publisher) by extension 'ros'
[0.279s] DEBUG:colcon.colcon_core.package_identification:Package 'src/position_publisher' with type 'ros.ament_python' and name 'position_publisher'
[0.279s] Level 1:colcon.colcon_core.package_identification:_identify(src/visualizer) by extensions ['ignore', 'ignore_ament_install']
[0.279s] Level 1:colcon.colcon_core.package_identification:_identify(src/visualizer) by extension 'ignore'
[0.279s] Level 1:colcon.colcon_core.package_identification:_identify(src/visualizer) by extension 'ignore_ament_install'
[0.279s] Level 1:colcon.colcon_core.package_identification:_identify(src/visualizer) by extensions ['colcon_pkg']
[0.279s] Level 1:colcon.colcon_core.package_identification:_identify(src/visualizer) by extension 'colcon_pkg'
[0.279s] Level 1:colcon.colcon_core.package_identification:_identify(src/visualizer) by extensions ['colcon_meta']
[0.279s] Level 1:colcon.colcon_core.package_identification:_identify(src/visualizer) by extension 'colcon_meta'
[0.279s] Level 1:colcon.colcon_core.package_identification:_identify(src/visualizer) by extensions ['ros']
[0.279s] Level 1:colcon.colcon_core.package_identification:_identify(src/visualizer) by extension 'ros'
[0.279s] DEBUG:colcon.colcon_core.package_identification:Package 'src/visualizer' with type 'ros.ament_python' and name 'visualizer'
[0.280s] Level 1:colcon.colcon_core.package_identification:_identify(test) by extensions ['ignore', 'ignore_ament_install']
[0.280s] Level 1:colcon.colcon_core.package_identification:_identify(test) by extension 'ignore'
[0.280s] Level 1:colcon.colcon_core.package_identification:_identify(test) by extension 'ignore_ament_install'
[0.280s] Level 1:colcon.colcon_core.package_identification:_identify(test) by extensions ['colcon_pkg']
[0.280s] Level 1:colcon.colcon_core.package_identification:_identify(test) by extension 'colcon_pkg'
[0.280s] Level 1:colcon.colcon_core.package_identification:_identify(test) by extensions ['colcon_meta']
[0.280s] Level 1:colcon.colcon_core.package_identification:_identify(test) by extension 'colcon_meta'
[0.280s] Level 1:colcon.colcon_core.package_identification:_identify(test) by extensions ['ros']
[0.280s] Level 1:colcon.colcon_core.package_identification:_identify(test) by extension 'ros'
[0.280s] Level 1:colcon.colcon_core.package_identification:_identify(test) by extensions ['cmake', 'python']
[0.280s] Level 1:colcon.colcon_core.package_identification:_identify(test) by extension 'cmake'
[0.280s] Level 1:colcon.colcon_core.package_identification:_identify(test) by extension 'python'
[0.280s] Level 1:colcon.colcon_core.package_identification:_identify(test) by extensions ['python_setup_py']
[0.280s] Level 1:colcon.colcon_core.package_identification:_identify(test) by extension 'python_setup_py'
[0.280s] Level 1:colcon.colcon_core.package_identification:_identify(test/logs) by extensions ['ignore', 'ignore_ament_install']
[0.280s] Level 1:colcon.colcon_core.package_identification:_identify(test/logs) by extension 'ignore'
[0.280s] Level 1:colcon.colcon_core.package_identification:_identify(test/logs) by extension 'ignore_ament_install'
[0.280s] Level 1:colcon.colcon_core.package_identification:_identify(test/logs) by extensions ['colcon_pkg']
[0.280s] Level 1:colcon.colcon_core.package_identification:_identify(test/logs) by extension 'colcon_pkg'
[0.280s] Level 1:colcon.colcon_core.package_identification:_identify(test/logs) by extensions ['colcon_meta']
[0.281s] Level 1:colcon.colcon_core.package_identification:_identify(test/logs) by extension 'colcon_meta'
[0.281s] Level 1:colcon.colcon_core.package_identification:_identify(test/logs) by extensions ['ros']
[0.281s] Level 1:colcon.colcon_core.package_identification:_identify(test/logs) by extension 'ros'
[0.281s] Level 1:colcon.colcon_core.package_identification:_identify(test/logs) by extensions ['cmake', 'python']
[0.281s] Level 1:colcon.colcon_core.package_identification:_identify(test/logs) by extension 'cmake'
[0.281s] Level 1:colcon.colcon_core.package_identification:_identify(test/logs) by extension 'python'
[0.281s] Level 1:colcon.colcon_core.package_identification:_identify(test/logs) by extensions ['python_setup_py']
[0.281s] Level 1:colcon.colcon_core.package_identification:_identify(test/logs) by extension 'python_setup_py'
[0.281s] Level 1:colcon.colcon_core.package_identification:_identify(test/logs/2025-08-04) by extensions ['ignore', 'ignore_ament_install']
[0.281s] Level 1:colcon.colcon_core.package_identification:_identify(test/logs/2025-08-04) by extension 'ignore'
[0.281s] Level 1:colcon.colcon_core.package_identification:_identify(test/logs/2025-08-04) by extension 'ignore_ament_install'
[0.281s] Level 1:colcon.colcon_core.package_identification:_identify(test/logs/2025-08-04) by extensions ['colcon_pkg']
[0.281s] Level 1:colcon.colcon_core.package_identification:_identify(test/logs/2025-08-04) by extension 'colcon_pkg'
[0.281s] Level 1:colcon.colcon_core.package_identification:_identify(test/logs/2025-08-04) by extensions ['colcon_meta']
[0.281s] Level 1:colcon.colcon_core.package_identification:_identify(test/logs/2025-08-04) by extension 'colcon_meta'
[0.281s] Level 1:colcon.colcon_core.package_identification:_identify(test/logs/2025-08-04) by extensions ['ros']
[0.281s] Level 1:colcon.colcon_core.package_identification:_identify(test/logs/2025-08-04) by extension 'ros'
[0.281s] Level 1:colcon.colcon_core.package_identification:_identify(test/logs/2025-08-04) by extensions ['cmake', 'python']
[0.281s] Level 1:colcon.colcon_core.package_identification:_identify(test/logs/2025-08-04) by extension 'cmake'
[0.281s] Level 1:colcon.colcon_core.package_identification:_identify(test/logs/2025-08-04) by extension 'python'
[0.281s] Level 1:colcon.colcon_core.package_identification:_identify(test/logs/2025-08-04) by extensions ['python_setup_py']
[0.281s] Level 1:colcon.colcon_core.package_identification:_identify(test/logs/2025-08-04) by extension 'python_setup_py'
[0.282s] Level 1:colcon.colcon_core.package_identification:_identify(test/logs/2025-08-04/flight1) by extensions ['ignore', 'ignore_ament_install']
[0.282s] Level 1:colcon.colcon_core.package_identification:_identify(test/logs/2025-08-04/flight1) by extension 'ignore'
[0.282s] Level 1:colcon.colcon_core.package_identification:_identify(test/logs/2025-08-04/flight1) by extension 'ignore_ament_install'
[0.282s] Level 1:colcon.colcon_core.package_identification:_identify(test/logs/2025-08-04/flight1) by extensions ['colcon_pkg']
[0.282s] Level 1:colcon.colcon_core.package_identification:_identify(test/logs/2025-08-04/flight1) by extension 'colcon_pkg'
[0.282s] Level 1:colcon.colcon_core.package_identification:_identify(test/logs/2025-08-04/flight1) by extensions ['colcon_meta']
[0.282s] Level 1:colcon.colcon_core.package_identification:_identify(test/logs/2025-08-04/flight1) by extension 'colcon_meta'
[0.282s] Level 1:colcon.colcon_core.package_identification:_identify(test/logs/2025-08-04/flight1) by extensions ['ros']
[0.282s] Level 1:colcon.colcon_core.package_identification:_identify(test/logs/2025-08-04/flight1) by extension 'ros'
[0.282s] Level 1:colcon.colcon_core.package_identification:_identify(test/logs/2025-08-04/flight1) by extensions ['cmake', 'python']
[0.282s] Level 1:colcon.colcon_core.package_identification:_identify(test/logs/2025-08-04/flight1) by extension 'cmake'
[0.282s] Level 1:colcon.colcon_core.package_identification:_identify(test/logs/2025-08-04/flight1) by extension 'python'
[0.282s] Level 1:colcon.colcon_core.package_identification:_identify(test/logs/2025-08-04/flight1) by extensions ['python_setup_py']
[0.282s] Level 1:colcon.colcon_core.package_identification:_identify(test/logs/2025-08-04/flight1) by extension 'python_setup_py'
[0.282s] Level 1:colcon.colcon_core.package_identification:_identify(test/logs/2026-02-11) by extensions ['ignore', 'ignore_ament_install']
[0.282s] Level 1:colcon.colcon_core.package_identification:_identify(test/logs/2026-02-11) by extension 'ignore'
[0.282s] Level 1:colcon.colcon_core.package_identification:_identify(test/logs/2026-02-11) by extension 'ignore_ament_install'
[0.282s] Level 1:colcon.colcon_core.package_identification:_identify(test/logs/2026-02-11) by extensions ['colcon_pkg']
[0.283s] Level 1:colcon.colcon_core.package_identification:_identify(test/logs/2026-02-11) by extension 'colcon_pkg'
[0.283s] Level 1:colcon.colcon_core.package_identification:_identify(test/logs/2026-02-11) by extensions ['colcon_meta']
[0.283s] Level 1:colcon.colcon_core.package_identification:_identify(test/logs/2026-02-11) by extension 'colcon_meta'
[0.283s] Level 1:colcon.colcon_core.package_identification:_identify(test/logs/2026-02-11) by extensions ['ros']
[0.283s] Level 1:colcon.colcon_core.package_identification:_identify(test/logs/2026-02-11) by extension 'ros'
[0.283s] Level 1:colcon.colcon_core.package_identification:_identify(test/logs/2026-02-11) by extensions ['cmake', 'python']
[0.283s] Level 1:colcon.colcon_core.package_identification:_identify(test/logs/2026-02-11) by extension 'cmake'
[0.283s] Level 1:colcon.colcon_core.package_identification:_identify(test/logs/2026-02-11) by extension 'python'
[0.283s] Level 1:colcon.colcon_core.package_identification:_identify(test/logs/2026-02-11) by extensions ['python_setup_py']
[0.283s] Level 1:colcon.colcon_core.package_identification:_identify(test/logs/2026-02-11) by extension 'python_setup_py'
[0.283s] Level 1:colcon.colcon_core.package_identification:_identify(test/logs/2026-02-11/flight1) by extensions ['ignore', 'ignore_ament_install']
[0.283s] Level 1:colcon.colcon_core.package_identification:_identify(test/logs/2026-02-11/flight1) by extension 'ignore'
[0.283s] Level 1:colcon.colcon_core.package_identification:_identify(test/logs/2026-02-11/flight1) by extension 'ignore_ament_install'
[0.283s] Level 1:colcon.colcon_core.package_identification:_identify(test/logs/2026-02-11/flight1) by extensions ['colcon_pkg']
[0.283s] Level 1:colcon.colcon_core.package_identification:_identify(test/logs/2026-02-11/flight1) by extension 'colcon_pkg'
[0.283s] Level 1:colcon.colcon_core.package_identification:_identify(test/logs/2026-02-11/flight1) by extensions ['colcon_meta']
[0.283s] Level 1:colcon.colcon_core.package_identification:_identify(test/logs/2026-02-11/flight1) by extension 'colcon_meta'
[0.283s] Level 1:colcon.colcon_core.package_identification:_identify(test/logs/2026-02-11/flight1) by extensions ['ros']
[0.283s] Level 1:colcon.colcon_core.package_identification:_identify(test/logs/2026-02-11/flight1) by extension 'ros'
[0.283s] Level 1:colcon.colcon_core.package_identification:_identify(test/logs/2026-02-11/flight1) by extensions ['cmake', 'python']
[0.283s] Level 1:colcon.colcon_core.package_identification:_identify(test/logs/2026-02-11/flight1) by extension 'cmake'
[0.283s] Level 1:colcon.colcon_core.package_identification:_identify(test/logs/2026-02-11/flight1) by extension 'python'
[0.284s] Level 1:colcon.colcon_core.package_identification:_identify(test/logs/2026-02-11/flight1) by extensions ['python_setup_py']
[0.284s] Level 1:colcon.colcon_core.package_identification:_identify(test/logs/2026-02-11/flight1) by extension 'python_setup_py'
[0.284s] Level 1:colcon.colcon_core.package_identification:_identify(test/logs/2026-02-11/flight2) by extensions ['ignore', 'ignore_ament_install']
[0.284s] Level 1:colcon.colcon_core.package_identification:_identify(test/logs/2026-02-11/flight2) by extension 'ignore'
[0.284s] Level 1:colcon.colcon_core.package_identification:_identify(test/logs/2026-02-11/flight2) by extension 'ignore_ament_install'
[0.284s] Level 1:colcon.colcon_core.package_identification:_identify(test/logs/2026-02-11/flight2) by extensions ['colcon_pkg']
[0.284s] Level 1:colcon.colcon_core.package_identification:_identify(test/logs/2026-02-11/flight2) by extension 'colcon_pkg'
[0.284s] Level 1:colcon.colcon_core.package_identification:_identify(test/logs/2026-02-11/flight2) by extensions ['colcon_meta']
[0.284s] Level 1:colcon.colcon_core.package_identification:_identify(test/logs/2026-02-11/flight2) by extension 'colcon_meta'
[0.284s] Level 1:colcon.colcon_core.package_identification:_identify(test/logs/2026-02-11/flight2) by extensions ['ros']
[0.284s] Level 1:colcon.colcon_core.package_identification:_identify(test/logs/2026-02-11/flight2) by extension 'ros'
[0.284s] Level 1:colcon.colcon_core.package_identification:_identify(test/logs/2026-02-11/flight2) by extensions ['cmake', 'python']
[0.284s] Level 1:colcon.colcon_core.package_identification:_identify(test/logs/2026-02-11/flight2) by extension 'cmake'
[0.284s] Level 1:colcon.colcon_core.package_identification:_identify(test/logs/2026-02-11/flight2) by extension 'python'
[0.284s] Level 1:colcon.colcon_core.package_identification:_identify(test/logs/2026-02-11/flight2) by extensions ['python_setup_py']
[0.284s] Level 1:colcon.colcon_core.package_identification:_identify(test/logs/2026-02-11/flight2) by extension 'python_setup_py'
[0.284s] Level 1:colcon.colcon_core.package_identification:_identify(test/logs/2026-02-16) by extensions ['ignore', 'ignore_ament_install']
[0.284s] Level 1:colcon.colcon_core.package_identification:_identify(test/logs/2026-02-16) by extension 'ignore'
[0.284s] Level 1:colcon.colcon_core.package_identification:_identify(test/logs/2026-02-16) by extension 'ignore_ament_install'
[0.285s] Level 1:colcon.colcon_core.package_identification:_identify(test/logs/2026-02-16) by extensions ['colcon_pkg']
[0.285s] Level 1:colcon.colcon_core.package_identification:_identify(test/logs/2026-02-16) by extension 'colcon_pkg'
[0.285s] Level 1:colcon.colcon_core.package_identification:_identify(test/logs/2026-02-16) by extensions ['colcon_meta']
[0.285s] Level 1:colcon.colcon_core.package_identification:_identify(test/logs/2026-02-16) by extension 'colcon_meta'
[0.285s] Level 1:colcon.colcon_core.package_identification:_identify(test/logs/2026-02-16) by extensions ['ros']
[0.285s] Level 1:colcon.colcon_core.package_identification:_identify(test/logs/2026-02-16) by extension 'ros'
[0.285s] Level 1:colcon.colcon_core.package_identification:_identify(test/logs/2026-02-16) by extensions ['cmake', 'python']
[0.285s] Level 1:colcon.colcon_core.package_identification:_identify(test/logs/2026-02-16) by extension 'cmake'
[0.285s] Level 1:colcon.colcon_core.package_identification:_identify(test/logs/2026-02-16) by extension 'python'
[0.285s] Level 1:colcon.colcon_core.package_identification:_identify(test/logs/2026-02-16) by extensions ['python_setup_py']
[0.285s] Level 1:colcon.colcon_core.package_identification:_identify(test/logs/2026-02-16) by extension 'python_setup_py'
[0.285s] Level 1:colcon.colcon_core.package_identification:_identify(test/logs/2026-02-16/flight1) by extensions ['ignore', 'ignore_ament_install']
[0.285s] Level 1:colcon.colcon_core.package_identification:_identify(test/logs/2026-02-16/flight1) by extension 'ignore'
[0.285s] Level 1:colcon.colcon_core.package_identification:_identify(test/logs/2026-02-16/flight1) by extension 'ignore_ament_install'
[0.285s] Level 1:colcon.colcon_core.package_identification:_identify(test/logs/2026-02-16/flight1) by extensions ['colcon_pkg']
[0.285s] Level 1:colcon.colcon_core.package_identification:_identify(test/logs/2026-02-16/flight1) by extension 'colcon_pkg'
[0.285s] Level 1:colcon.colcon_core.package_identification:_identify(test/logs/2026-02-16/flight1) by extensions ['colcon_meta']
[0.285s] Level 1:colcon.colcon_core.package_identification:_identify(test/logs/2026-02-16/flight1) by extension 'colcon_meta'
[0.285s] Level 1:colcon.colcon_core.package_identification:_identify(test/logs/2026-02-16/flight1) by extensions ['ros']
[0.285s] Level 1:colcon.colcon_core.package_identification:_identify(test/logs/2026-02-16/flight1) by extension 'ros'
[0.285s] Level 1:colcon.colcon_core.package_identification:_identify(test/logs/2026-02-16/flight1) by extensions ['cmake', 'python']
[0.285s] Level 1:colcon.colcon_core.package_identification:_identify(test/logs/2026-02-16/flight1) by extension 'cmake'
[0.286s] Level 1:colcon.colcon_core.package_identification:_identify(test/logs/2026-02-16/flight1) by extension 'python'
[0.286s] Level 1:colcon.colcon_core.package_identification:_identify(test/logs/2026-02-16/flight1) by extensions ['python_setup_py']
[0.286s] Level 1:colcon.colcon_core.package_identification:_identify(test/logs/2026-02-16/flight1) by extension 'python_setup_py'
[0.286s] Level 1:colcon.colcon_core.package_discovery:discover_packages(recursive) using defaults
[0.286s] Level 1:colcon.colcon_core.package_discovery:discover_packages(ignore) discover
[0.286s] Level 1:colcon.colcon_core.package_discovery:discover_packages(ignore) using defaults
[0.286s] Level 1:colcon.colcon_core.package_discovery:discover_packages(path) discover
[0.286s] Level 1:colcon.colcon_core.package_discovery:discover_packages(path) using defaults
[0.316s] Level 1:colcon.colcon_core.package_discovery:discover_packages(prefix_path) check parameters
[0.316s] Level 1:colcon.colcon_core.package_discovery:discover_packages(prefix_path) discover
[0.320s] DEBUG:colcon.colcon_installed_package_information.package_discovery:Found 16 installed packages in /home/strain-drone/Documents/drone_position_hold/ros2_ws/install
[0.322s] DEBUG:colcon.colcon_installed_package_information.package_discovery:Found 295 installed packages in /opt/ros/jazzy
[0.323s] Level 1:colcon.colcon_core.package_discovery:discover_packages(prefix_path) using defaults
[0.386s] Level 5:colcon.colcon_core.verb:set package 'mavros_config' build argument 'cmake_args' from command line to 'None'
[0.386s] Level 5:colcon.colcon_core.verb:set package 'mavros_config' build argument 'cmake_target' from command line to 'None'
[0.386s] Level 5:colcon.colcon_core.verb:set package 'mavros_config' build argument 'cmake_target_skip_unavailable' from command line to 'False'
[0.386s] Level 5:colcon.colcon_core.verb:set package 'mavros_config' build argument 'cmake_clean_cache' from command line to 'False'
[0.386s] Level 5:colcon.colcon_core.verb:set package 'mavros_config' build argument 'cmake_clean_first' from command line to 'False'
[0.386s] Level 5:colcon.colcon_core.verb:set package 'mavros_config' build argument 'cmake_force_configure' from command line to 'False'
[0.386s] Level 5:colcon.colcon_core.verb:set package 'mavros_config' build argument 'ament_cmake_args' from command line to 'None'
[0.386s] Level 5:colcon.colcon_core.verb:set package 'mavros_config' build argument 'catkin_cmake_args' from command line to 'None'
[0.386s] Level 5:colcon.colcon_core.verb:set package 'mavros_config' build argument 'catkin_skip_building_tests' from command line to 'False'
[0.386s] DEBUG:colcon.colcon_core.verb:Building package 'mavros_config' with the following arguments: {'ament_cmake_args': None, 'build_base': '/home/strain-drone/Documents/drone_position_hold/ros2_ws/build/mavros_config', 'catkin_cmake_args': None, 'catkin_skip_building_tests': False, 'cmake_args': None, 'cmake_clean_cache': False, 'cmake_clean_first': False, 'cmake_force_configure': False, 'cmake_target': None, 'cmake_target_skip_unavailable': False, 'install_base': '/home/strain-drone/Documents/drone_position_hold/ros2_ws/install/mavros_config', 'merge_install': False, 'path': '/home/strain-drone/Documents/drone_position_hold/ros2_ws/src/mavros_config', 'symlink_install': False, 'test_result_base': None}
[0.386s] Level 5:colcon.colcon_core.verb:set package 'mocap4r2_control_msgs' build argument 'cmake_args' from command line to 'None'
[0.386s] Level 5:colcon.colcon_core.verb:set package 'mocap4r2_control_msgs' build argument 'cmake_target' from command line to 'None'
[0.386s] Level 5:colcon.colcon_core.verb:set package 'mocap4r2_control_msgs' build argument 'cmake_target_skip_unavailable' from command line to 'False'
[0.386s] Level 5:colcon.colcon_core.verb:set package 'mocap4r2_control_msgs' build argument 'cmake_clean_cache' from command line to 'False'
[0.387s] Level 5:colcon.colcon_core.verb:set package 'mocap4r2_control_msgs' build argument 'cmake_clean_first' from command line to 'False'
[0.387s] Level 5:colcon.colcon_core.verb:set package 'mocap4r2_control_msgs' build argument 'cmake_force_configure' from command line to 'False'
[0.387s] Level 5:colcon.colcon_core.verb:set package 'mocap4r2_control_msgs' build argument 'ament_cmake_args' from command line to 'None'
[0.387s] Level 5:colcon.colcon_core.verb:set package 'mocap4r2_control_msgs' build argument 'catkin_cmake_args' from command line to 'None'
[0.387s] Level 5:colcon.colcon_core.verb:set package 'mocap4r2_control_msgs' build argument 'catkin_skip_building_tests' from command line to 'False'
[0.387s] DEBUG:colcon.colcon_core.verb:Building package 'mocap4r2_control_msgs' with the following arguments: {'ament_cmake_args': None, 'build_base': '/home/strain-drone/Documents/drone_position_hold/ros2_ws/build/mocap4r2_control_msgs', 'catkin_cmake_args': None, 'catkin_skip_building_tests': False, 'cmake_args': None, 'cmake_clean_cache': False, 'cmake_clean_first': False, 'cmake_force_configure': False, 'cmake_target': None, 'cmake_target_skip_unavailable': False, 'install_base': '/home/strain-drone/Documents/drone_position_hold/ros2_ws/install/mocap4r2_control_msgs', 'merge_install': False, 'path': '/home/strain-drone/Documents/drone_position_hold/ros2_ws/src/mocap4r2/mocap4r2_control/mocap4r2_control_msgs', 'symlink_install': False, 'test_result_base': None}
[0.387s] Level 5:colcon.colcon_core.verb:set package 'mocap4r2_marker_viz_srvs' build argument 'cmake_args' from command line to 'None'
[0.387s] Level 5:colcon.colcon_core.verb:set package 'mocap4r2_marker_viz_srvs' build argument 'cmake_target' from command line to 'None'
[0.387s] Level 5:colcon.colcon_core.verb:set package 'mocap4r2_marker_viz_srvs' build argument 'cmake_target_skip_unavailable' from command line to 'False'
[0.387s] Level 5:colcon.colcon_core.verb:set package 'mocap4r2_marker_viz_srvs' build argument 'cmake_clean_cache' from command line to 'False'
[0.387s] Level 5:colcon.colcon_core.verb:set package 'mocap4r2_marker_viz_srvs' build argument 'cmake_clean_first' from command line to 'False'
[0.387s] Level 5:colcon.colcon_core.verb:set package 'mocap4r2_marker_viz_srvs' build argument 'cmake_force_configure' from command line to 'False'
[0.387s] Level 5:colcon.colcon_core.verb:set package 'mocap4r2_marker_viz_srvs' build argument 'ament_cmake_args' from command line to 'None'
[0.387s] Level 5:colcon.colcon_core.verb:set package 'mocap4r2_marker_viz_srvs' build argument 'catkin_cmake_args' from command line to 'None'
[0.387s] Level 5:colcon.colcon_core.verb:set package 'mocap4r2_marker_viz_srvs' build argument 'catkin_skip_building_tests' from command line to 'False'
[0.387s] DEBUG:colcon.colcon_core.verb:Building package 'mocap4r2_marker_viz_srvs' with the following arguments: {'ament_cmake_args': None, 'build_base': '/home/strain-drone/Documents/drone_position_hold/ros2_ws/build/mocap4r2_marker_viz_srvs', 'catkin_cmake_args': None, 'catkin_skip_building_tests': False, 'cmake_args': None, 'cmake_clean_cache': False, 'cmake_clean_first': False, 'cmake_force_configure': False, 'cmake_target': None, 'cmake_target_skip_unavailable': False, 'install_base': '/home/strain-drone/Documents/drone_position_hold/ros2_ws/install/mocap4r2_marker_viz_srvs', 'merge_install': False, 'path': '/home/strain-drone/Documents/drone_position_hold/ros2_ws/src/mocap4r2/mocap4r2_marker_viz/mocap4r2_marker_viz_srvs', 'symlink_install': False, 'test_result_base': None}
[0.387s] Level 5:colcon.colcon_core.verb:set package 'mocap4r2_msgs' build argument 'cmake_args' from command line to 'None'
[0.388s] Level 5:colcon.colcon_core.verb:set package 'mocap4r2_msgs' build argument 'cmake_target' from command line to 'None'
[0.388s] Level 5:colcon.colcon_core.verb:set package 'mocap4r2_msgs' build argument 'cmake_target_skip_unavailable' from command line to 'False'
[0.388s] Level 5:colcon.colcon_core.verb:set package 'mocap4r2_msgs' build argument 'cmake_clean_cache' from command line to 'False'
[0.388s] Level 5:colcon.colcon_core.verb:set package 'mocap4r2_msgs' build argument 'cmake_clean_first' from command line to 'False'
[0.388s] Level 5:colcon.colcon_core.verb:set package 'mocap4r2_msgs' build argument 'cmake_force_configure' from command line to 'False'
[0.388s] Level 5:colcon.colcon_core.verb:set package 'mocap4r2_msgs' build argument 'ament_cmake_args' from command line to 'None'
[0.388s] Level 5:colcon.colcon_core.verb:set package 'mocap4r2_msgs' build argument 'catkin_cmake_args' from command line to 'None'
[0.388s] Level 5:colcon.colcon_core.verb:set package 'mocap4r2_msgs' build argument 'catkin_skip_building_tests' from command line to 'False'
[0.388s] DEBUG:colcon.colcon_core.verb:Building package 'mocap4r2_msgs' with the following arguments: {'ament_cmake_args': None, 'build_base': '/home/strain-drone/Documents/drone_position_hold/ros2_ws/build/mocap4r2_msgs', 'catkin_cmake_args': None, 'catkin_skip_building_tests': False, 'cmake_args': None, 'cmake_clean_cache': False, 'cmake_clean_first': False, 'cmake_force_configure': False, 'cmake_target': None, 'cmake_target_skip_unavailable': False, 'install_base': '/home/strain-drone/Documents/drone_position_hold/ros2_ws/install/mocap4r2_msgs', 'merge_install': False, 'path': '/home/strain-drone/Documents/drone_position_hold/ros2_ws/src/mocap4r2_msgs', 'symlink_install': False, 'test_result_base': None}
[0.388s] Level 5:colcon.colcon_core.verb:set package 'mocap4r2_robot_gt_msgs' build argument 'cmake_args' from command line to 'None'
[0.388s] Level 5:colcon.colcon_core.verb:set package 'mocap4r2_robot_gt_msgs' build argument 'cmake_target' from command line to 'None'
[0.388s] Level 5:colcon.colcon_core.verb:set package 'mocap4r2_robot_gt_msgs' build argument 'cmake_target_skip_unavailable' from command line to 'False'
[0.388s] Level 5:colcon.colcon_core.verb:set package 'mocap4r2_robot_gt_msgs' build argument 'cmake_clean_cache' from command line to 'False'
[0.388s] Level 5:colcon.colcon_core.verb:set package 'mocap4r2_robot_gt_msgs' build argument 'cmake_clean_first' from command line to 'False'
[0.388s] Level 5:colcon.colcon_core.verb:set package 'mocap4r2_robot_gt_msgs' build argument 'cmake_force_configure' from command line to 'False'
[0.388s] Level 5:colcon.colcon_core.verb:set package 'mocap4r2_robot_gt_msgs' build argument 'ament_cmake_args' from command line to 'None'
[0.388s] Level 5:colcon.colcon_core.verb:set package 'mocap4r2_robot_gt_msgs' build argument 'catkin_cmake_args' from command line to 'None'
[0.388s] Level 5:colcon.colcon_core.verb:set package 'mocap4r2_robot_gt_msgs' build argument 'catkin_skip_building_tests' from command line to 'False'
[0.388s] DEBUG:colcon.colcon_core.verb:Building package 'mocap4r2_robot_gt_msgs' with the following arguments: {'ament_cmake_args': None, 'build_base': '/home/strain-drone/Documents/drone_position_hold/ros2_ws/build/mocap4r2_robot_gt_msgs', 'catkin_cmake_args': None, 'catkin_skip_building_tests': False, 'cmake_args': None, 'cmake_clean_cache': False, 'cmake_clean_first': False, 'cmake_force_configure': False, 'cmake_target': None, 'cmake_target_skip_unavailable': False, 'install_base': '/home/strain-drone/Documents/drone_position_hold/ros2_ws/install/mocap4r2_robot_gt_msgs', 'merge_install': False, 'path': '/home/strain-drone/Documents/drone_position_hold/ros2_ws/src/mocap4r2/mocap4r2_robot_gt/mocap4r2_robot_gt_msgs', 'symlink_install': False, 'test_result_base': None}
[0.389s] Level 5:colcon.colcon_core.verb:set package 'natnet_ros2' build argument 'cmake_args' from command line to 'None'
[0.389s] Level 5:colcon.colcon_core.verb:set package 'natnet_ros2' build argument 'cmake_target' from command line to 'None'
[0.389s] Level 5:colcon.colcon_core.verb:set package 'natnet_ros2' build argument 'cmake_target_skip_unavailable' from command line to 'False'
[0.389s] Level 5:colcon.colcon_core.verb:set package 'natnet_ros2' build argument 'cmake_clean_cache' from command line to 'False'
[0.389s] Level 5:colcon.colcon_core.verb:set package 'natnet_ros2' build argument 'cmake_clean_first' from command line to 'False'
[0.389s] Level 5:colcon.colcon_core.verb:set package 'natnet_ros2' build argument 'cmake_force_configure' from command line to 'False'
[0.389s] Level 5:colcon.colcon_core.verb:set package 'natnet_ros2' build argument 'ament_cmake_args' from command line to 'None'
[0.389s] Level 5:colcon.colcon_core.verb:set package 'natnet_ros2' build argument 'catkin_cmake_args' from command line to 'None'
[0.389s] Level 5:colcon.colcon_core.verb:set package 'natnet_ros2' build argument 'catkin_skip_building_tests' from command line to 'False'
[0.389s] DEBUG:colcon.colcon_core.verb:Building package 'natnet_ros2' with the following arguments: {'ament_cmake_args': None, 'build_base': '/home/strain-drone/Documents/drone_position_hold/ros2_ws/build/natnet_ros2', 'catkin_cmake_args': None, 'catkin_skip_building_tests': False, 'cmake_args': None, 'cmake_clean_cache': False, 'cmake_clean_first': False, 'cmake_force_configure': False, 'cmake_target': None, 'cmake_target_skip_unavailable': False, 'install_base': '/home/strain-drone/Documents/drone_position_hold/ros2_ws/install/natnet_ros2', 'merge_install': False, 'path': '/home/strain-drone/Documents/drone_position_hold/ros2_ws/src/natnet_ros2', 'symlink_install': False, 'test_result_base': None}
[0.389s] Level 5:colcon.colcon_core.verb:set package 'position_publisher' build argument 'cmake_args' from command line to 'None'
[0.389s] Level 5:colcon.colcon_core.verb:set package 'position_publisher' build argument 'cmake_target' from command line to 'None'
[0.389s] Level 5:colcon.colcon_core.verb:set package 'position_publisher' build argument 'cmake_target_skip_unavailable' from command line to 'False'
[0.389s] Level 5:colcon.colcon_core.verb:set package 'position_publisher' build argument 'cmake_clean_cache' from command line to 'False'
[0.389s] Level 5:colcon.colcon_core.verb:set package 'position_publisher' build argument 'cmake_clean_first' from command line to 'False'
[0.389s] Level 5:colcon.colcon_core.verb:set package 'position_publisher' build argument 'cmake_force_configure' from command line to 'False'
[0.389s] Level 5:colcon.colcon_core.verb:set package 'position_publisher' build argument 'ament_cmake_args' from command line to 'None'
[0.389s] Level 5:colcon.colcon_core.verb:set package 'position_publisher' build argument 'catkin_cmake_args' from command line to 'None'
[0.389s] Level 5:colcon.colcon_core.verb:set package 'position_publisher' build argument 'catkin_skip_building_tests' from command line to 'False'
[0.389s] DEBUG:colcon.colcon_core.verb:Building package 'position_publisher' with the following arguments: {'ament_cmake_args': None, 'build_base': '/home/strain-drone/Documents/drone_position_hold/ros2_ws/build/position_publisher', 'catkin_cmake_args': None, 'catkin_skip_building_tests': False, 'cmake_args': None, 'cmake_clean_cache': False, 'cmake_clean_first': False, 'cmake_force_configure': False, 'cmake_target': None, 'cmake_target_skip_unavailable': False, 'install_base': '/home/strain-drone/Documents/drone_position_hold/ros2_ws/install/position_publisher', 'merge_install': False, 'path': '/home/strain-drone/Documents/drone_position_hold/ros2_ws/src/position_publisher', 'symlink_install': False, 'test_result_base': None}
[0.390s] Level 5:colcon.colcon_core.verb:set package 'visualizer' build argument 'cmake_args' from command line to 'None'
[0.390s] Level 5:colcon.colcon_core.verb:set package 'visualizer' build argument 'cmake_target' from command line to 'None'
[0.390s] Level 5:colcon.colcon_core.verb:set package 'visualizer' build argument 'cmake_target_skip_unavailable' from command line to 'False'
[0.390s] Level 5:colcon.colcon_core.verb:set package 'visualizer' build argument 'cmake_clean_cache' from command line to 'False'
[0.390s] Level 5:colcon.colcon_core.verb:set package 'visualizer' build argument 'cmake_clean_first' from command line to 'False'
[0.390s] Level 5:colcon.colcon_core.verb:set package 'visualizer' build argument 'cmake_force_configure' from command line to 'False'
[0.390s] Level 5:colcon.colcon_core.verb:set package 'visualizer' build argument 'ament_cmake_args' from command line to 'None'
[0.390s] Level 5:colcon.colcon_core.verb:set package 'visualizer' build argument 'catkin_cmake_args' from command line to 'None'
[0.390s] Level 5:colcon.colcon_core.verb:set package 'visualizer' build argument 'catkin_skip_building_tests' from command line to 'False'
[0.390s] DEBUG:colcon.colcon_core.verb:Building package 'visualizer' with the following arguments: {'ament_cmake_args': None, 'build_base': '/home/strain-drone/Documents/drone_position_hold/ros2_ws/build/visualizer', 'catkin_cmake_args': None, 'catkin_skip_building_tests': False, 'cmake_args': None, 'cmake_clean_cache': False, 'cmake_clean_first': False, 'cmake_force_configure': False, 'cmake_target': None, 'cmake_target_skip_unavailable': False, 'install_base': '/home/strain-drone/Documents/drone_position_hold/ros2_ws/install/visualizer', 'merge_install': False, 'path': '/home/strain-drone/Documents/drone_position_hold/ros2_ws/src/visualizer', 'symlink_install': False, 'test_result_base': None}
[0.390s] Level 5:colcon.colcon_core.verb:set package 'mocap4r2_control' build argument 'cmake_args' from command line to 'None'
[0.390s] Level 5:colcon.colcon_core.verb:set package 'mocap4r2_control' build argument 'cmake_target' from command line to 'None'
[0.390s] Level 5:colcon.colcon_core.verb:set package 'mocap4r2_control' build argument 'cmake_target_skip_unavailable' from command line to 'False'
[0.390s] Level 5:colcon.colcon_core.verb:set package 'mocap4r2_control' build argument 'cmake_clean_cache' from command line to 'False'
[0.390s] Level 5:colcon.colcon_core.verb:set package 'mocap4r2_control' build argument 'cmake_clean_first' from command line to 'False'
[0.390s] Level 5:colcon.colcon_core.verb:set package 'mocap4r2_control' build argument 'cmake_force_configure' from command line to 'False'
[0.390s] Level 5:colcon.colcon_core.verb:set package 'mocap4r2_control' build argument 'ament_cmake_args' from command line to 'None'
[0.390s] Level 5:colcon.colcon_core.verb:set package 'mocap4r2_control' build argument 'catkin_cmake_args' from command line to 'None'
[0.390s] Level 5:colcon.colcon_core.verb:set package 'mocap4r2_control' build argument 'catkin_skip_building_tests' from command line to 'False'
[0.390s] DEBUG:colcon.colcon_core.verb:Building package 'mocap4r2_control' with the following arguments: {'ament_cmake_args': None, 'build_base': '/home/strain-drone/Documents/drone_position_hold/ros2_ws/build/mocap4r2_control', 'catkin_cmake_args': None, 'catkin_skip_building_tests': False, 'cmake_args': None, 'cmake_clean_cache': False, 'cmake_clean_first': False, 'cmake_force_configure': False, 'cmake_target': None, 'cmake_target_skip_unavailable': False, 'install_base': '/home/strain-drone/Documents/drone_position_hold/ros2_ws/install/mocap4r2_control', 'merge_install': False, 'path': '/home/strain-drone/Documents/drone_position_hold/ros2_ws/src/mocap4r2/mocap4r2_control/mocap4r2_control', 'symlink_install': False, 'test_result_base': None}
[0.391s] Level 5:colcon.colcon_core.verb:set package 'mocap4r2_marker_publisher' build argument 'cmake_args' from command line to 'None'
[0.391s] Level 5:colcon.colcon_core.verb:set package 'mocap4r2_marker_publisher' build argument 'cmake_target' from command line to 'None'
[0.391s] Level 5:colcon.colcon_core.verb:set package 'mocap4r2_marker_publisher' build argument 'cmake_target_skip_unavailable' from command line to 'False'
[0.391s] Level 5:colcon.colcon_core.verb:set package 'mocap4r2_marker_publisher' build argument 'cmake_clean_cache' from command line to 'False'
[0.391s] Level 5:colcon.colcon_core.verb:set package 'mocap4r2_marker_publisher' build argument 'cmake_clean_first' from command line to 'False'
[0.391s] Level 5:colcon.colcon_core.verb:set package 'mocap4r2_marker_publisher' build argument 'cmake_force_configure' from command line to 'False'
[0.391s] Level 5:colcon.colcon_core.verb:set package 'mocap4r2_marker_publisher' build argument 'ament_cmake_args' from command line to 'None'
[0.391s] Level 5:colcon.colcon_core.verb:set package 'mocap4r2_marker_publisher' build argument 'catkin_cmake_args' from command line to 'None'
[0.391s] Level 5:colcon.colcon_core.verb:set package 'mocap4r2_marker_publisher' build argument 'catkin_skip_building_tests' from command line to 'False'
[0.391s] DEBUG:colcon.colcon_core.verb:Building package 'mocap4r2_marker_publisher' with the following arguments: {'ament_cmake_args': None, 'build_base': '/home/strain-drone/Documents/drone_position_hold/ros2_ws/build/mocap4r2_marker_publisher', 'catkin_cmake_args': None, 'catkin_skip_building_tests': False, 'cmake_args': None, 'cmake_clean_cache': False, 'cmake_clean_first': False, 'cmake_force_configure': False, 'cmake_target': None, 'cmake_target_skip_unavailable': False, 'install_base': '/home/strain-drone/Documents/drone_position_hold/ros2_ws/install/mocap4r2_marker_publisher', 'merge_install': False, 'path': '/home/strain-drone/Documents/drone_position_hold/ros2_ws/src/mocap4r2/mocap4r2_marker_viz/mocap4r2_marker_publisher', 'symlink_install': False, 'test_result_base': None}
[0.391s] Level 5:colcon.colcon_core.verb:set package 'mocap4r2_marker_viz' build argument 'cmake_args' from command line to 'None'
[0.391s] Level 5:colcon.colcon_core.verb:set package 'mocap4r2_marker_viz' build argument 'cmake_target' from command line to 'None'
[0.391s] Level 5:colcon.colcon_core.verb:set package 'mocap4r2_marker_viz' build argument 'cmake_target_skip_unavailable' from command line to 'False'
[0.391s] Level 5:colcon.colcon_core.verb:set package 'mocap4r2_marker_viz' build argument 'cmake_clean_cache' from command line to 'False'
[0.391s] Level 5:colcon.colcon_core.verb:set package 'mocap4r2_marker_viz' build argument 'cmake_clean_first' from command line to 'False'
[0.391s] Level 5:colcon.colcon_core.verb:set package 'mocap4r2_marker_viz' build argument 'cmake_force_configure' from command line to 'False'
[0.391s] Level 5:colcon.colcon_core.verb:set package 'mocap4r2_marker_viz' build argument 'ament_cmake_args' from command line to 'None'
[0.391s] Level 5:colcon.colcon_core.verb:set package 'mocap4r2_marker_viz' build argument 'catkin_cmake_args' from command line to 'None'
[0.391s] Level 5:colcon.colcon_core.verb:set package 'mocap4r2_marker_viz' build argument 'catkin_skip_building_tests' from command line to 'False'
[0.391s] DEBUG:colcon.colcon_core.verb:Building package 'mocap4r2_marker_viz' with the following arguments: {'ament_cmake_args': None, 'build_base': '/home/strain-drone/Documents/drone_position_hold/ros2_ws/build/mocap4r2_marker_viz', 'catkin_cmake_args': None, 'catkin_skip_building_tests': False, 'cmake_args': None, 'cmake_clean_cache': False, 'cmake_clean_first': False, 'cmake_force_configure': False, 'cmake_target': None, 'cmake_target_skip_unavailable': False, 'install_base': '/home/strain-drone/Documents/drone_position_hold/ros2_ws/install/mocap4r2_marker_viz', 'merge_install': False, 'path': '/home/strain-drone/Documents/drone_position_hold/ros2_ws/src/mocap4r2/mocap4r2_marker_viz/mocap4r2_marker_viz', 'symlink_install': False, 'test_result_base': None}
[0.392s] Level 5:colcon.colcon_core.verb:set package 'mocap4r2_robot_gt' build argument 'cmake_args' from command line to 'None'
[0.392s] Level 5:colcon.colcon_core.verb:set package 'mocap4r2_robot_gt' build argument 'cmake_target' from command line to 'None'
[0.392s] Level 5:colcon.colcon_core.verb:set package 'mocap4r2_robot_gt' build argument 'cmake_target_skip_unavailable' from command line to 'False'
[0.392s] Level 5:colcon.colcon_core.verb:set package 'mocap4r2_robot_gt' build argument 'cmake_clean_cache' from command line to 'False'
[0.392s] Level 5:colcon.colcon_core.verb:set package 'mocap4r2_robot_gt' build argument 'cmake_clean_first' from command line to 'False'
[0.392s] Level 5:colcon.colcon_core.verb:set package 'mocap4r2_robot_gt' build argument 'cmake_force_configure' from command line to 'False'
[0.392s] Level 5:colcon.colcon_core.verb:set package 'mocap4r2_robot_gt' build argument 'ament_cmake_args' from command line to 'None'
[0.392s] Level 5:colcon.colcon_core.verb:set package 'mocap4r2_robot_gt' build argument 'catkin_cmake_args' from command line to 'None'
[0.392s] Level 5:colcon.colcon_core.verb:set package 'mocap4r2_robot_gt' build argument 'catkin_skip_building_tests' from command line to 'False'
[0.392s] DEBUG:colcon.colcon_core.verb:Building package 'mocap4r2_robot_gt' with the following arguments: {'ament_cmake_args': None, 'build_base': '/home/strain-drone/Documents/drone_position_hold/ros2_ws/build/mocap4r2_robot_gt', 'catkin_cmake_args': None, 'catkin_skip_building_tests': False, 'cmake_args': None, 'cmake_clean_cache': False, 'cmake_clean_first': False, 'cmake_force_configure': False, 'cmake_target': None, 'cmake_target_skip_unavailable': False, 'install_base': '/home/strain-drone/Documents/drone_position_hold/ros2_ws/install/mocap4r2_robot_gt', 'merge_install': False, 'path': '/home/strain-drone/Documents/drone_position_hold/ros2_ws/src/mocap4r2/mocap4r2_robot_gt/mocap4r2_robot_gt', 'symlink_install': False, 'test_result_base': None}
[0.392s] Level 5:colcon.colcon_core.verb:set package 'mocap4r2cli' build argument 'cmake_args' from command line to 'None'
[0.392s] Level 5:colcon.colcon_core.verb:set package 'mocap4r2cli' build argument 'cmake_target' from command line to 'None'
[0.392s] Level 5:colcon.colcon_core.verb:set package 'mocap4r2cli' build argument 'cmake_target_skip_unavailable' from command line to 'False'
[0.392s] Level 5:colcon.colcon_core.verb:set package 'mocap4r2cli' build argument 'cmake_clean_cache' from command line to 'False'
[0.392s] Level 5:colcon.colcon_core.verb:set package 'mocap4r2cli' build argument 'cmake_clean_first' from command line to 'False'
[0.392s] Level 5:colcon.colcon_core.verb:set package 'mocap4r2cli' build argument 'cmake_force_configure' from command line to 'False'
[0.392s] Level 5:colcon.colcon_core.verb:set package 'mocap4r2cli' build argument 'ament_cmake_args' from command line to 'None'
[0.392s] Level 5:colcon.colcon_core.verb:set package 'mocap4r2cli' build argument 'catkin_cmake_args' from command line to 'None'
[0.392s] Level 5:colcon.colcon_core.verb:set package 'mocap4r2cli' build argument 'catkin_skip_building_tests' from command line to 'False'
[0.392s] DEBUG:colcon.colcon_core.verb:Building package 'mocap4r2cli' with the following arguments: {'ament_cmake_args': None, 'build_base': '/home/strain-drone/Documents/drone_position_hold/ros2_ws/build/mocap4r2cli', 'catkin_cmake_args': None, 'catkin_skip_building_tests': False, 'cmake_args': None, 'cmake_clean_cache': False, 'cmake_clean_first': False, 'cmake_force_configure': False, 'cmake_target': None, 'cmake_target_skip_unavailable': False, 'install_base': '/home/strain-drone/Documents/drone_position_hold/ros2_ws/install/mocap4r2cli', 'merge_install': False, 'path': '/home/strain-drone/Documents/drone_position_hold/ros2_ws/src/mocap4r2/mocap4r2cli', 'symlink_install': False, 'test_result_base': None}
[0.393s] Level 5:colcon.colcon_core.verb:set package 'mocap4r2_dummy_driver' build argument 'cmake_args' from command line to 'None'
[0.393s] Level 5:colcon.colcon_core.verb:set package 'mocap4r2_dummy_driver' build argument 'cmake_target' from command line to 'None'
[0.393s] Level 5:colcon.colcon_core.verb:set package 'mocap4r2_dummy_driver' build argument 'cmake_target_skip_unavailable' from command line to 'False'
[0.393s] Level 5:colcon.colcon_core.verb:set package 'mocap4r2_dummy_driver' build argument 'cmake_clean_cache' from command line to 'False'
[0.393s] Level 5:colcon.colcon_core.verb:set package 'mocap4r2_dummy_driver' build argument 'cmake_clean_first' from command line to 'False'
[0.393s] Level 5:colcon.colcon_core.verb:set package 'mocap4r2_dummy_driver' build argument 'cmake_force_configure' from command line to 'False'
[0.393s] Level 5:colcon.colcon_core.verb:set package 'mocap4r2_dummy_driver' build argument 'ament_cmake_args' from command line to 'None'
[0.393s] Level 5:colcon.colcon_core.verb:set package 'mocap4r2_dummy_driver' build argument 'catkin_cmake_args' from command line to 'None'
[0.393s] Level 5:colcon.colcon_core.verb:set package 'mocap4r2_dummy_driver' build argument 'catkin_skip_building_tests' from command line to 'False'
[0.393s] DEBUG:colcon.colcon_core.verb:Building package 'mocap4r2_dummy_driver' with the following arguments: {'ament_cmake_args': None, 'build_base': '/home/strain-drone/Documents/drone_position_hold/ros2_ws/build/mocap4r2_dummy_driver', 'catkin_cmake_args': None, 'catkin_skip_building_tests': False, 'cmake_args': None, 'cmake_clean_cache': False, 'cmake_clean_first': False, 'cmake_force_configure': False, 'cmake_target': None, 'cmake_target_skip_unavailable': False, 'install_base': '/home/strain-drone/Documents/drone_position_hold/ros2_ws/install/mocap4r2_dummy_driver', 'merge_install': False, 'path': '/home/strain-drone/Documents/drone_position_hold/ros2_ws/src/mocap4r2/mocap4r2_dummy_driver', 'symlink_install': False, 'test_result_base': None}
[0.393s] Level 5:colcon.colcon_core.verb:set package 'mocap4r2_vicon_driver' build argument 'cmake_args' from command line to 'None'
[0.393s] Level 5:colcon.colcon_core.verb:set package 'mocap4r2_vicon_driver' build argument 'cmake_target' from command line to 'None'
[0.393s] Level 5:colcon.colcon_core.verb:set package 'mocap4r2_vicon_driver' build argument 'cmake_target_skip_unavailable' from command line to 'False'
[0.393s] Level 5:colcon.colcon_core.verb:set package 'mocap4r2_vicon_driver' build argument 'cmake_clean_cache' from command line to 'False'
[0.393s] Level 5:colcon.colcon_core.verb:set package 'mocap4r2_vicon_driver' build argument 'cmake_clean_first' from command line to 'False'
[0.393s] Level 5:colcon.colcon_core.verb:set package 'mocap4r2_vicon_driver' build argument 'cmake_force_configure' from command line to 'False'
[0.393s] Level 5:colcon.colcon_core.verb:set package 'mocap4r2_vicon_driver' build argument 'ament_cmake_args' from command line to 'None'
[0.393s] Level 5:colcon.colcon_core.verb:set package 'mocap4r2_vicon_driver' build argument 'catkin_cmake_args' from command line to 'None'
[0.393s] Level 5:colcon.colcon_core.verb:set package 'mocap4r2_vicon_driver' build argument 'catkin_skip_building_tests' from command line to 'False'
[0.393s] DEBUG:colcon.colcon_core.verb:Building package 'mocap4r2_vicon_driver' with the following arguments: {'ament_cmake_args': None, 'build_base': '/home/strain-drone/Documents/drone_position_hold/ros2_ws/build/mocap4r2_vicon_driver', 'catkin_cmake_args': None, 'catkin_skip_building_tests': False, 'cmake_args': None, 'cmake_clean_cache': False, 'cmake_clean_first': False, 'cmake_force_configure': False, 'cmake_target': None, 'cmake_target_skip_unavailable': False, 'install_base': '/home/strain-drone/Documents/drone_position_hold/ros2_ws/install/mocap4r2_vicon_driver', 'merge_install': False, 'path': '/home/strain-drone/Documents/drone_position_hold/ros2_ws/src/mocap4ros2_vicon/mocap4r2_vicon_driver', 'symlink_install': False, 'test_result_base': None}
[0.394s] Level 5:colcon.colcon_core.verb:set package 'rqt_mocap4r2_control' build argument 'cmake_args' from command line to 'None'
[0.394s] Level 5:colcon.colcon_core.verb:set package 'rqt_mocap4r2_control' build argument 'cmake_target' from command line to 'None'
[0.394s] Level 5:colcon.colcon_core.verb:set package 'rqt_mocap4r2_control' build argument 'cmake_target_skip_unavailable' from command line to 'False'
[0.394s] Level 5:colcon.colcon_core.verb:set package 'rqt_mocap4r2_control' build argument 'cmake_clean_cache' from command line to 'False'
[0.394s] Level 5:colcon.colcon_core.verb:set package 'rqt_mocap4r2_control' build argument 'cmake_clean_first' from command line to 'False'
[0.394s] Level 5:colcon.colcon_core.verb:set package 'rqt_mocap4r2_control' build argument 'cmake_force_configure' from command line to 'False'
[0.394s] Level 5:colcon.colcon_core.verb:set package 'rqt_mocap4r2_control' build argument 'ament_cmake_args' from command line to 'None'
[0.394s] Level 5:colcon.colcon_core.verb:set package 'rqt_mocap4r2_control' build argument 'catkin_cmake_args' from command line to 'None'
[0.394s] Level 5:colcon.colcon_core.verb:set package 'rqt_mocap4r2_control' build argument 'catkin_skip_building_tests' from command line to 'False'
[0.394s] DEBUG:colcon.colcon_core.verb:Building package 'rqt_mocap4r2_control' with the following arguments: {'ament_cmake_args': None, 'build_base': '/home/strain-drone/Documents/drone_position_hold/ros2_ws/build/rqt_mocap4r2_control', 'catkin_cmake_args': None, 'catkin_skip_building_tests': False, 'cmake_args': None, 'cmake_clean_cache': False, 'cmake_clean_first': False, 'cmake_force_configure': False, 'cmake_target': None, 'cmake_target_skip_unavailable': False, 'install_base': '/home/strain-drone/Documents/drone_position_hold/ros2_ws/install/rqt_mocap4r2_control', 'merge_install': False, 'path': '/home/strain-drone/Documents/drone_position_hold/ros2_ws/src/mocap4r2/mocap4r2_control/rqt_mocap4r2_control', 'symlink_install': False, 'test_result_base': None}
[0.394s] INFO:colcon.colcon_core.executor:Executing jobs using 'parallel' executor
[0.395s] DEBUG:colcon.colcon_parallel_executor.executor.parallel:run_until_complete
[0.396s] INFO:colcon.colcon_ros.task.ament_cmake.build:Building ROS package in '/home/strain-drone/Documents/drone_position_hold/ros2_ws/src/mocap4r2/mocap4r2_control/mocap4r2_control_msgs' with build type 'ament_cmake'
[0.396s] INFO:colcon.colcon_cmake.task.cmake.build:Building CMake package in '/home/strain-drone/Documents/drone_position_hold/ros2_ws/src/mocap4r2/mocap4r2_control/mocap4r2_control_msgs'
[0.399s] INFO:colcon.colcon_core.plugin_system:Skipping extension 'colcon_core.shell.bat': Not used on non-Windows systems
[0.399s] INFO:colcon.colcon_core.shell:Skip shell extension 'powershell' for command environment: Not usable outside of PowerShell
[0.399s] DEBUG:colcon.colcon_core.shell:Skip shell extension 'dsv' for command environment
[0.406s] INFO:colcon.colcon_ros.task.ament_cmake.build:Building ROS package in '/home/strain-drone/Documents/drone_position_hold/ros2_ws/src/mocap4r2_msgs' with build type 'ament_cmake'
[0.406s] INFO:colcon.colcon_cmake.task.cmake.build:Building CMake package in '/home/strain-drone/Documents/drone_position_hold/ros2_ws/src/mocap4r2_msgs'
[0.406s] INFO:colcon.colcon_core.shell:Skip shell extension 'powershell' for command environment: Not usable outside of PowerShell
[0.406s] DEBUG:colcon.colcon_core.shell:Skip shell extension 'dsv' for command environment
[0.413s] INFO:colcon.colcon_ros.task.ament_cmake.build:Building ROS package in '/home/strain-drone/Documents/drone_position_hold/ros2_ws/src/mocap4r2/mocap4r2_marker_viz/mocap4r2_marker_viz_srvs' with build type 'ament_cmake'
[0.413s] INFO:colcon.colcon_cmake.task.cmake.build:Building CMake package in '/home/strain-drone/Documents/drone_position_hold/ros2_ws/src/mocap4r2/mocap4r2_marker_viz/mocap4r2_marker_viz_srvs'
[0.413s] INFO:colcon.colcon_core.shell:Skip shell extension 'powershell' for command environment: Not usable outside of PowerShell
[0.413s] DEBUG:colcon.colcon_core.shell:Skip shell extension 'dsv' for command environment
[0.419s] INFO:colcon.colcon_ros.task.ament_cmake.build:Building ROS package in '/home/strain-drone/Documents/drone_position_hold/ros2_ws/src/mocap4r2/mocap4r2_robot_gt/mocap4r2_robot_gt_msgs' with build type 'ament_cmake'
[0.419s] INFO:colcon.colcon_cmake.task.cmake.build:Building CMake package in '/home/strain-drone/Documents/drone_position_hold/ros2_ws/src/mocap4r2/mocap4r2_robot_gt/mocap4r2_robot_gt_msgs'
[0.420s] INFO:colcon.colcon_core.shell:Skip shell extension 'powershell' for command environment: Not usable outside of PowerShell
[0.420s] DEBUG:colcon.colcon_core.shell:Skip shell extension 'dsv' for command environment
[0.431s] DEBUG:colcon.colcon_core.event_handler.log_command:Invoking command in '/home/strain-drone/Documents/drone_position_hold/ros2_ws/build/mocap4r2_control_msgs': CMAKE_PREFIX_PATH=${CMAKE_PREFIX_PATH}:/home/strain-drone/Documents/drone_position_hold/ros2_ws/install/visualizer:/home/strain-drone/Documents/drone_position_hold/ros2_ws/install/position_publisher:/home/strain-drone/Documents/drone_position_hold/ros2_ws/install/mocap4r2cli:/home/strain-drone/Documents/drone_position_hold/ros2_ws/install/mavros_config:/opt/ros/jazzy DEBUGINFOD_URLS=https://debuginfod.ubuntu.com PS1=(venv-ardupilot) \[\e]0;\u@\h: \w\a\]${debian_chroot:+($debian_chroot)}\[\033[01;32m\]\u@\h\[\033[00m\]:\[\033[01;34m\]\w\[\033[00m\]\$ VIRTUAL_ENV_PROMPT=(venv-ardupilot) /usr/bin/cmake --build /home/strain-drone/Documents/drone_position_hold/ros2_ws/build/mocap4r2_control_msgs -- -j4 -l4
[0.437s] DEBUG:colcon.colcon_core.event_handler.log_command:Invoking command in '/home/strain-drone/Documents/drone_position_hold/ros2_ws/build/mocap4r2_msgs': CMAKE_PREFIX_PATH=${CMAKE_PREFIX_PATH}:/home/strain-drone/Documents/drone_position_hold/ros2_ws/install/visualizer:/home/strain-drone/Documents/drone_position_hold/ros2_ws/install/position_publisher:/home/strain-drone/Documents/drone_position_hold/ros2_ws/install/mocap4r2cli:/home/strain-drone/Documents/drone_position_hold/ros2_ws/install/mavros_config:/opt/ros/jazzy DEBUGINFOD_URLS=https://debuginfod.ubuntu.com PS1=(venv-ardupilot) \[\e]0;\u@\h: \w\a\]${debian_chroot:+($debian_chroot)}\[\033[01;32m\]\u@\h\[\033[00m\]:\[\033[01;34m\]\w\[\033[00m\]\$ VIRTUAL_ENV_PROMPT=(venv-ardupilot) /usr/bin/cmake --build /home/strain-drone/Documents/drone_position_hold/ros2_ws/build/mocap4r2_msgs -- -j4 -l4
[0.442s] DEBUG:colcon.colcon_core.event_handler.log_command:Invoking command in '/home/strain-drone/Documents/drone_position_hold/ros2_ws/build/mocap4r2_marker_viz_srvs': CMAKE_PREFIX_PATH=${CMAKE_PREFIX_PATH}:/home/strain-drone/Documents/drone_position_hold/ros2_ws/install/visualizer:/home/strain-drone/Documents/drone_position_hold/ros2_ws/install/position_publisher:/home/strain-drone/Documents/drone_position_hold/ros2_ws/install/mocap4r2cli:/home/strain-drone/Documents/drone_position_hold/ros2_ws/install/mavros_config:/opt/ros/jazzy DEBUGINFOD_URLS=https://debuginfod.ubuntu.com PS1=(venv-ardupilot) \[\e]0;\u@\h: \w\a\]${debian_chroot:+($debian_chroot)}\[\033[01;32m\]\u@\h\[\033[00m\]:\[\033[01;34m\]\w\[\033[00m\]\$ VIRTUAL_ENV_PROMPT=(venv-ardupilot) /usr/bin/cmake --build /home/strain-drone/Documents/drone_position_hold/ros2_ws/build/mocap4r2_marker_viz_srvs -- -j4 -l4
[0.460s] DEBUG:colcon.colcon_core.event_handler.log_command:Invoking command in '/home/strain-drone/Documents/drone_position_hold/ros2_ws/build/mocap4r2_robot_gt_msgs': CMAKE_PREFIX_PATH=${CMAKE_PREFIX_PATH}:/home/strain-drone/Documents/drone_position_hold/ros2_ws/install/visualizer:/home/strain-drone/Documents/drone_position_hold/ros2_ws/install/position_publisher:/home/strain-drone/Documents/drone_position_hold/ros2_ws/install/mocap4r2cli:/home/strain-drone/Documents/drone_position_hold/ros2_ws/install/mavros_config:/opt/ros/jazzy DEBUGINFOD_URLS=https://debuginfod.ubuntu.com PS1=(venv-ardupilot) \[\e]0;\u@\h: \w\a\]${debian_chroot:+($debian_chroot)}\[\033[01;32m\]\u@\h\[\033[00m\]:\[\033[01;34m\]\w\[\033[00m\]\$ VIRTUAL_ENV_PROMPT=(venv-ardupilot) /usr/bin/cmake --build /home/strain-drone/Documents/drone_position_hold/ros2_ws/build/mocap4r2_robot_gt_msgs -- -j4 -l4
[2.192s] DEBUG:colcon.colcon_core.event_handler.log_command:Invoked command in '/home/strain-drone/Documents/drone_position_hold/ros2_ws/build/mocap4r2_marker_viz_srvs' returned '0': CMAKE_PREFIX_PATH=${CMAKE_PREFIX_PATH}:/home/strain-drone/Documents/drone_position_hold/ros2_ws/install/visualizer:/home/strain-drone/Documents/drone_position_hold/ros2_ws/install/position_publisher:/home/strain-drone/Documents/drone_position_hold/ros2_ws/install/mocap4r2cli:/home/strain-drone/Documents/drone_position_hold/ros2_ws/install/mavros_config:/opt/ros/jazzy DEBUGINFOD_URLS=https://debuginfod.ubuntu.com PS1=(venv-ardupilot) \[\e]0;\u@\h: \w\a\]${debian_chroot:+($debian_chroot)}\[\033[01;32m\]\u@\h\[\033[00m\]:\[\033[01;34m\]\w\[\033[00m\]\$ VIRTUAL_ENV_PROMPT=(venv-ardupilot) /usr/bin/cmake --build /home/strain-drone/Documents/drone_position_hold/ros2_ws/build/mocap4r2_marker_viz_srvs -- -j4 -l4
[2.227s] DEBUG:colcon.colcon_core.event_handler.log_command:Invoking command in '/home/strain-drone/Documents/drone_position_hold/ros2_ws/build/mocap4r2_marker_viz_srvs': CMAKE_PREFIX_PATH=${CMAKE_PREFIX_PATH}:/home/strain-drone/Documents/drone_position_hold/ros2_ws/install/visualizer:/home/strain-drone/Documents/drone_position_hold/ros2_ws/install/position_publisher:/home/strain-drone/Documents/drone_position_hold/ros2_ws/install/mocap4r2cli:/home/strain-drone/Documents/drone_position_hold/ros2_ws/install/mavros_config:/opt/ros/jazzy DEBUGINFOD_URLS=https://debuginfod.ubuntu.com PS1=(venv-ardupilot) \[\e]0;\u@\h: \w\a\]${debian_chroot:+($debian_chroot)}\[\033[01;32m\]\u@\h\[\033[00m\]:\[\033[01;34m\]\w\[\033[00m\]\$ VIRTUAL_ENV_PROMPT=(venv-ardupilot) /usr/bin/cmake --install /home/strain-drone/Documents/drone_position_hold/ros2_ws/build/mocap4r2_marker_viz_srvs
[2.233s] DEBUG:colcon.colcon_core.event_handler.log_command:Invoked command in '/home/strain-drone/Documents/drone_position_hold/ros2_ws/build/mocap4r2_control_msgs' returned '0': CMAKE_PREFIX_PATH=${CMAKE_PREFIX_PATH}:/home/strain-drone/Documents/drone_position_hold/ros2_ws/install/visualizer:/home/strain-drone/Documents/drone_position_hold/ros2_ws/install/position_publisher:/home/strain-drone/Documents/drone_position_hold/ros2_ws/install/mocap4r2cli:/home/strain-drone/Documents/drone_position_hold/ros2_ws/install/mavros_config:/opt/ros/jazzy DEBUGINFOD_URLS=https://debuginfod.ubuntu.com PS1=(venv-ardupilot) \[\e]0;\u@\h: \w\a\]${debian_chroot:+($debian_chroot)}\[\033[01;32m\]\u@\h\[\033[00m\]:\[\033[01;34m\]\w\[\033[00m\]\$ VIRTUAL_ENV_PROMPT=(venv-ardupilot) /usr/bin/cmake --build /home/strain-drone/Documents/drone_position_hold/ros2_ws/build/mocap4r2_control_msgs -- -j4 -l4
[2.234s] DEBUG:colcon.colcon_core.event_handler.log_command:Invoking command in '/home/strain-drone/Documents/drone_position_hold/ros2_ws/build/mocap4r2_control_msgs': CMAKE_PREFIX_PATH=${CMAKE_PREFIX_PATH}:/home/strain-drone/Documents/drone_position_hold/ros2_ws/install/visualizer:/home/strain-drone/Documents/drone_position_hold/ros2_ws/install/position_publisher:/home/strain-drone/Documents/drone_position_hold/ros2_ws/install/mocap4r2cli:/home/strain-drone/Documents/drone_position_hold/ros2_ws/install/mavros_config:/opt/ros/jazzy DEBUGINFOD_URLS=https://debuginfod.ubuntu.com PS1=(venv-ardupilot) \[\e]0;\u@\h: \w\a\]${debian_chroot:+($debian_chroot)}\[\033[01;32m\]\u@\h\[\033[00m\]:\[\033[01;34m\]\w\[\033[00m\]\$ VIRTUAL_ENV_PROMPT=(venv-ardupilot) /usr/bin/cmake --install /home/strain-drone/Documents/drone_position_hold/ros2_ws/build/mocap4r2_control_msgs
[2.349s] DEBUG:colcon.colcon_core.event_handler.log_command:Invoked command in '/home/strain-drone/Documents/drone_position_hold/ros2_ws/build/mocap4r2_robot_gt_msgs' returned '0': CMAKE_PREFIX_PATH=${CMAKE_PREFIX_PATH}:/home/strain-drone/Documents/drone_position_hold/ros2_ws/install/visualizer:/home/strain-drone/Documents/drone_position_hold/ros2_ws/install/position_publisher:/home/strain-drone/Documents/drone_position_hold/ros2_ws/install/mocap4r2cli:/home/strain-drone/Documents/drone_position_hold/ros2_ws/install/mavros_config:/opt/ros/jazzy DEBUGINFOD_URLS=https://debuginfod.ubuntu.com PS1=(venv-ardupilot) \[\e]0;\u@\h: \w\a\]${debian_chroot:+($debian_chroot)}\[\033[01;32m\]\u@\h\[\033[00m\]:\[\033[01;34m\]\w\[\033[00m\]\$ VIRTUAL_ENV_PROMPT=(venv-ardupilot) /usr/bin/cmake --build /home/strain-drone/Documents/drone_position_hold/ros2_ws/build/mocap4r2_robot_gt_msgs -- -j4 -l4
[2.351s] DEBUG:colcon.colcon_core.event_handler.log_command:Invoking command in '/home/strain-drone/Documents/drone_position_hold/ros2_ws/build/mocap4r2_robot_gt_msgs': CMAKE_PREFIX_PATH=${CMAKE_PREFIX_PATH}:/home/strain-drone/Documents/drone_position_hold/ros2_ws/install/visualizer:/home/strain-drone/Documents/drone_position_hold/ros2_ws/install/position_publisher:/home/strain-drone/Documents/drone_position_hold/ros2_ws/install/mocap4r2cli:/home/strain-drone/Documents/drone_position_hold/ros2_ws/install/mavros_config:/opt/ros/jazzy DEBUGINFOD_URLS=https://debuginfod.ubuntu.com PS1=(venv-ardupilot) \[\e]0;\u@\h: \w\a\]${debian_chroot:+($debian_chroot)}\[\033[01;32m\]\u@\h\[\033[00m\]:\[\033[01;34m\]\w\[\033[00m\]\$ VIRTUAL_ENV_PROMPT=(venv-ardupilot) /usr/bin/cmake --install /home/strain-drone/Documents/drone_position_hold/ros2_ws/build/mocap4r2_robot_gt_msgs
[2.380s] DEBUG:colcon.colcon_core.event_handler.log_command:Invoked command in '/home/strain-drone/Documents/drone_position_hold/ros2_ws/build/mocap4r2_msgs' returned '0': CMAKE_PREFIX_PATH=${CMAKE_PREFIX_PATH}:/home/strain-drone/Documents/drone_position_hold/ros2_ws/install/visualizer:/home/strain-drone/Documents/drone_position_hold/ros2_ws/install/position_publisher:/home/strain-drone/Documents/drone_position_hold/ros2_ws/install/mocap4r2cli:/home/strain-drone/Documents/drone_position_hold/ros2_ws/install/mavros_config:/opt/ros/jazzy DEBUGINFOD_URLS=https://debuginfod.ubuntu.com PS1=(venv-ardupilot) \[\e]0;\u@\h: \w\a\]${debian_chroot:+($debian_chroot)}\[\033[01;32m\]\u@\h\[\033[00m\]:\[\033[01;34m\]\w\[\033[00m\]\$ VIRTUAL_ENV_PROMPT=(venv-ardupilot) /usr/bin/cmake --build /home/strain-drone/Documents/drone_position_hold/ros2_ws/build/mocap4r2_msgs -- -j4 -l4
[2.381s] DEBUG:colcon.colcon_core.event_handler.log_command:Invoking command in '/home/strain-drone/Documents/drone_position_hold/ros2_ws/build/mocap4r2_msgs': CMAKE_PREFIX_PATH=${CMAKE_PREFIX_PATH}:/home/strain-drone/Documents/drone_position_hold/ros2_ws/install/visualizer:/home/strain-drone/Documents/drone_position_hold/ros2_ws/install/position_publisher:/home/strain-drone/Documents/drone_position_hold/ros2_ws/install/mocap4r2cli:/home/strain-drone/Documents/drone_position_hold/ros2_ws/install/mavros_config:/opt/ros/jazzy DEBUGINFOD_URLS=https://debuginfod.ubuntu.com PS1=(venv-ardupilot) \[\e]0;\u@\h: \w\a\]${debian_chroot:+($debian_chroot)}\[\033[01;32m\]\u@\h\[\033[00m\]:\[\033[01;34m\]\w\[\033[00m\]\$ VIRTUAL_ENV_PROMPT=(venv-ardupilot) /usr/bin/cmake --install /home/strain-drone/Documents/drone_position_hold/ros2_ws/build/mocap4r2_msgs
[2.393s] Level 1:colcon.colcon_core.environment:create_environment_scripts_only(mocap4r2_marker_viz_srvs)
[2.408s] Level 1:colcon.colcon_core.environment:checking '/home/strain-drone/Documents/drone_position_hold/ros2_ws/install/mocap4r2_marker_viz_srvs' for CMake module files
[2.413s] Level 1:colcon.colcon_core.environment:checking '/home/strain-drone/Documents/drone_position_hold/ros2_ws/install/mocap4r2_marker_viz_srvs' for CMake config files
[2.416s] DEBUG:colcon.colcon_core.event_handler.log_command:Invoked command in '/home/strain-drone/Documents/drone_position_hold/ros2_ws/build/mocap4r2_marker_viz_srvs' returned '0': CMAKE_PREFIX_PATH=${CMAKE_PREFIX_PATH}:/home/strain-drone/Documents/drone_position_hold/ros2_ws/install/visualizer:/home/strain-drone/Documents/drone_position_hold/ros2_ws/install/position_publisher:/home/strain-drone/Documents/drone_position_hold/ros2_ws/install/mocap4r2cli:/home/strain-drone/Documents/drone_position_hold/ros2_ws/install/mavros_config:/opt/ros/jazzy DEBUGINFOD_URLS=https://debuginfod.ubuntu.com PS1=(venv-ardupilot) \[\e]0;\u@\h: \w\a\]${debian_chroot:+($debian_chroot)}\[\033[01;32m\]\u@\h\[\033[00m\]:\[\033[01;34m\]\w\[\033[00m\]\$ VIRTUAL_ENV_PROMPT=(venv-ardupilot) /usr/bin/cmake --install /home/strain-drone/Documents/drone_position_hold/ros2_ws/build/mocap4r2_marker_viz_srvs
[2.429s] Level 1:colcon.colcon_core.shell:create_environment_hook('mocap4r2_marker_viz_srvs', 'cmake_prefix_path')
[2.429s] INFO:colcon.colcon_core.shell:Creating environment hook '/home/strain-drone/Documents/drone_position_hold/ros2_ws/install/mocap4r2_marker_viz_srvs/share/mocap4r2_marker_viz_srvs/hook/cmake_prefix_path.ps1'
[2.435s] INFO:colcon.colcon_core.shell:Creating environment descriptor '/home/strain-drone/Documents/drone_position_hold/ros2_ws/install/mocap4r2_marker_viz_srvs/share/mocap4r2_marker_viz_srvs/hook/cmake_prefix_path.dsv'
[2.438s] INFO:colcon.colcon_core.shell:Creating environment hook '/home/strain-drone/Documents/drone_position_hold/ros2_ws/install/mocap4r2_marker_viz_srvs/share/mocap4r2_marker_viz_srvs/hook/cmake_prefix_path.sh'
[2.444s] Level 1:colcon.colcon_core.environment:checking '/home/strain-drone/Documents/drone_position_hold/ros2_ws/install/mocap4r2_marker_viz_srvs/lib'
[2.444s] Level 1:colcon.colcon_core.shell:create_environment_hook('mocap4r2_marker_viz_srvs', 'ld_library_path_lib')
[2.445s] INFO:colcon.colcon_core.shell:Creating environment hook '/home/strain-drone/Documents/drone_position_hold/ros2_ws/install/mocap4r2_marker_viz_srvs/share/mocap4r2_marker_viz_srvs/hook/ld_library_path_lib.ps1'
[2.445s] INFO:colcon.colcon_core.shell:Creating environment descriptor '/home/strain-drone/Documents/drone_position_hold/ros2_ws/install/mocap4r2_marker_viz_srvs/share/mocap4r2_marker_viz_srvs/hook/ld_library_path_lib.dsv'
[2.447s] INFO:colcon.colcon_core.shell:Creating environment hook '/home/strain-drone/Documents/drone_position_hold/ros2_ws/install/mocap4r2_marker_viz_srvs/share/mocap4r2_marker_viz_srvs/hook/ld_library_path_lib.sh'
[2.448s] Level 1:colcon.colcon_core.environment:checking '/home/strain-drone/Documents/drone_position_hold/ros2_ws/install/mocap4r2_marker_viz_srvs/bin'
[2.448s] Level 1:colcon.colcon_core.environment:checking '/home/strain-drone/Documents/drone_position_hold/ros2_ws/install/mocap4r2_marker_viz_srvs/lib/pkgconfig/mocap4r2_marker_viz_srvs.pc'
[2.449s] Level 1:colcon.colcon_core.environment:checking '/home/strain-drone/Documents/drone_position_hold/ros2_ws/install/mocap4r2_marker_viz_srvs/lib/python3.12/site-packages'
[2.449s] Level 1:colcon.colcon_core.shell:create_environment_hook('mocap4r2_marker_viz_srvs', 'pythonpath')
[2.449s] INFO:colcon.colcon_core.shell:Creating environment hook '/home/strain-drone/Documents/drone_position_hold/ros2_ws/install/mocap4r2_marker_viz_srvs/share/mocap4r2_marker_viz_srvs/hook/pythonpath.ps1'
[2.450s] INFO:colcon.colcon_core.shell:Creating environment descriptor '/home/strain-drone/Documents/drone_position_hold/ros2_ws/install/mocap4r2_marker_viz_srvs/share/mocap4r2_marker_viz_srvs/hook/pythonpath.dsv'
[2.452s] INFO:colcon.colcon_core.shell:Creating environment hook '/home/strain-drone/Documents/drone_position_hold/ros2_ws/install/mocap4r2_marker_viz_srvs/share/mocap4r2_marker_viz_srvs/hook/pythonpath.sh'
[2.454s] Level 1:colcon.colcon_core.environment:checking '/home/strain-drone/Documents/drone_position_hold/ros2_ws/install/mocap4r2_marker_viz_srvs/bin'
[2.454s] INFO:colcon.colcon_core.shell:Creating package script '/home/strain-drone/Documents/drone_position_hold/ros2_ws/install/mocap4r2_marker_viz_srvs/share/mocap4r2_marker_viz_srvs/package.ps1'
[2.456s] INFO:colcon.colcon_core.shell:Creating package descriptor '/home/strain-drone/Documents/drone_position_hold/ros2_ws/install/mocap4r2_marker_viz_srvs/share/mocap4r2_marker_viz_srvs/package.dsv'
[2.457s] INFO:colcon.colcon_core.shell:Creating package script '/home/strain-drone/Documents/drone_position_hold/ros2_ws/install/mocap4r2_marker_viz_srvs/share/mocap4r2_marker_viz_srvs/package.sh'
[2.459s] INFO:colcon.colcon_core.shell:Creating package script '/home/strain-drone/Documents/drone_position_hold/ros2_ws/install/mocap4r2_marker_viz_srvs/share/mocap4r2_marker_viz_srvs/package.bash'
[2.460s] INFO:colcon.colcon_core.shell:Creating package script '/home/strain-drone/Documents/drone_position_hold/ros2_ws/install/mocap4r2_marker_viz_srvs/share/mocap4r2_marker_viz_srvs/package.zsh'
[2.465s] Level 1:colcon.colcon_core.environment:create_file_with_runtime_dependencies(/home/strain-drone/Documents/drone_position_hold/ros2_ws/install/mocap4r2_marker_viz_srvs/share/colcon-core/packages/mocap4r2_marker_viz_srvs)
[2.466s] Level 1:colcon.colcon_core.environment:create_environment_scripts_only(mocap4r2_marker_viz_srvs)
[2.466s] Level 1:colcon.colcon_core.environment:checking '/home/strain-drone/Documents/drone_position_hold/ros2_ws/install/mocap4r2_marker_viz_srvs' for CMake module files
[2.467s] Level 1:colcon.colcon_core.environment:checking '/home/strain-drone/Documents/drone_position_hold/ros2_ws/install/mocap4r2_marker_viz_srvs' for CMake config files
[2.468s] Level 1:colcon.colcon_core.shell:create_environment_hook('mocap4r2_marker_viz_srvs', 'cmake_prefix_path')
[2.468s] INFO:colcon.colcon_core.shell:Creating environment hook '/home/strain-drone/Documents/drone_position_hold/ros2_ws/install/mocap4r2_marker_viz_srvs/share/mocap4r2_marker_viz_srvs/hook/cmake_prefix_path.ps1'
[2.469s] INFO:colcon.colcon_core.shell:Creating environment descriptor '/home/strain-drone/Documents/drone_position_hold/ros2_ws/install/mocap4r2_marker_viz_srvs/share/mocap4r2_marker_viz_srvs/hook/cmake_prefix_path.dsv'
[2.470s] INFO:colcon.colcon_core.shell:Creating environment hook '/home/strain-drone/Documents/drone_position_hold/ros2_ws/install/mocap4r2_marker_viz_srvs/share/mocap4r2_marker_viz_srvs/hook/cmake_prefix_path.sh'
[2.471s] Level 1:colcon.colcon_core.environment:checking '/home/strain-drone/Documents/drone_position_hold/ros2_ws/install/mocap4r2_marker_viz_srvs/lib'
[2.472s] Level 1:colcon.colcon_core.shell:create_environment_hook('mocap4r2_marker_viz_srvs', 'ld_library_path_lib')
[2.473s] INFO:colcon.colcon_core.shell:Creating environment hook '/home/strain-drone/Documents/drone_position_hold/ros2_ws/install/mocap4r2_marker_viz_srvs/share/mocap4r2_marker_viz_srvs/hook/ld_library_path_lib.ps1'
[2.474s] INFO:colcon.colcon_core.shell:Creating environment descriptor '/home/strain-drone/Documents/drone_position_hold/ros2_ws/install/mocap4r2_marker_viz_srvs/share/mocap4r2_marker_viz_srvs/hook/ld_library_path_lib.dsv'
[2.475s] INFO:colcon.colcon_core.shell:Creating environment hook '/home/strain-drone/Documents/drone_position_hold/ros2_ws/install/mocap4r2_marker_viz_srvs/share/mocap4r2_marker_viz_srvs/hook/ld_library_path_lib.sh'
[2.476s] Level 1:colcon.colcon_core.environment:checking '/home/strain-drone/Documents/drone_position_hold/ros2_ws/install/mocap4r2_marker_viz_srvs/bin'
[2.476s] Level 1:colcon.colcon_core.environment:checking '/home/strain-drone/Documents/drone_position_hold/ros2_ws/install/mocap4r2_marker_viz_srvs/lib/pkgconfig/mocap4r2_marker_viz_srvs.pc'
[2.476s] Level 1:colcon.colcon_core.environment:checking '/home/strain-drone/Documents/drone_position_hold/ros2_ws/install/mocap4r2_marker_viz_srvs/lib/python3.12/site-packages'
[2.476s] Level 1:colcon.colcon_core.shell:create_environment_hook('mocap4r2_marker_viz_srvs', 'pythonpath')
[2.477s] INFO:colcon.colcon_core.shell:Creating environment hook '/home/strain-drone/Documents/drone_position_hold/ros2_ws/install/mocap4r2_marker_viz_srvs/share/mocap4r2_marker_viz_srvs/hook/pythonpath.ps1'
[2.478s] INFO:colcon.colcon_core.shell:Creating environment descriptor '/home/strain-drone/Documents/drone_position_hold/ros2_ws/install/mocap4r2_marker_viz_srvs/share/mocap4r2_marker_viz_srvs/hook/pythonpath.dsv'
[2.479s] INFO:colcon.colcon_core.shell:Creating environment hook '/home/strain-drone/Documents/drone_position_hold/ros2_ws/install/mocap4r2_marker_viz_srvs/share/mocap4r2_marker_viz_srvs/hook/pythonpath.sh'
[2.481s] Level 1:colcon.colcon_core.environment:checking '/home/strain-drone/Documents/drone_position_hold/ros2_ws/install/mocap4r2_marker_viz_srvs/bin'
[2.481s] INFO:colcon.colcon_core.shell:Creating package script '/home/strain-drone/Documents/drone_position_hold/ros2_ws/install/mocap4r2_marker_viz_srvs/share/mocap4r2_marker_viz_srvs/package.ps1'
[2.482s] INFO:colcon.colcon_core.shell:Creating package descriptor '/home/strain-drone/Documents/drone_position_hold/ros2_ws/install/mocap4r2_marker_viz_srvs/share/mocap4r2_marker_viz_srvs/package.dsv'
[2.484s] INFO:colcon.colcon_core.shell:Creating package script '/home/strain-drone/Documents/drone_position_hold/ros2_ws/install/mocap4r2_marker_viz_srvs/share/mocap4r2_marker_viz_srvs/package.sh'
[2.485s] INFO:colcon.colcon_core.shell:Creating package script '/home/strain-drone/Documents/drone_position_hold/ros2_ws/install/mocap4r2_marker_viz_srvs/share/mocap4r2_marker_viz_srvs/package.bash'
[2.486s] INFO:colcon.colcon_core.shell:Creating package script '/home/strain-drone/Documents/drone_position_hold/ros2_ws/install/mocap4r2_marker_viz_srvs/share/mocap4r2_marker_viz_srvs/package.zsh'
[2.487s] Level 1:colcon.colcon_core.environment:create_file_with_runtime_dependencies(/home/strain-drone/Documents/drone_position_hold/ros2_ws/install/mocap4r2_marker_viz_srvs/share/colcon-core/packages/mocap4r2_marker_viz_srvs)
[2.490s] INFO:colcon.colcon_ros.task.ament_python.build:Building ROS package in '/home/strain-drone/Documents/drone_position_hold/ros2_ws/src/mavros_config' with build type 'ament_python'
[2.490s] Level 1:colcon.colcon_core.shell:create_environment_hook('mavros_config', 'ament_prefix_path')
[2.490s] INFO:colcon.colcon_core.shell:Creating environment hook '/home/strain-drone/Documents/drone_position_hold/ros2_ws/install/mavros_config/share/mavros_config/hook/ament_prefix_path.ps1'
[2.493s] INFO:colcon.colcon_core.shell:Creating environment descriptor '/home/strain-drone/Documents/drone_position_hold/ros2_ws/install/mavros_config/share/mavros_config/hook/ament_prefix_path.dsv'
[2.499s] INFO:colcon.colcon_core.shell:Creating environment hook '/home/strain-drone/Documents/drone_position_hold/ros2_ws/install/mavros_config/share/mavros_config/hook/ament_prefix_path.sh'
[2.501s] INFO:colcon.colcon_core.shell:Skip shell extension 'powershell' for command environment: Not usable outside of PowerShell
[2.501s] DEBUG:colcon.colcon_core.shell:Skip shell extension 'dsv' for command environment
[2.509s] Level 1:colcon.colcon_core.environment:create_environment_scripts_only(mocap4r2_control_msgs)
[2.510s] Level 1:colcon.colcon_core.environment:checking '/home/strain-drone/Documents/drone_position_hold/ros2_ws/install/mocap4r2_control_msgs' for CMake module files
[2.509s] DEBUG:colcon.colcon_core.event_handler.log_command:Invoked command in '/home/strain-drone/Documents/drone_position_hold/ros2_ws/build/mocap4r2_control_msgs' returned '0': CMAKE_PREFIX_PATH=${CMAKE_PREFIX_PATH}:/home/strain-drone/Documents/drone_position_hold/ros2_ws/install/visualizer:/home/strain-drone/Documents/drone_position_hold/ros2_ws/install/position_publisher:/home/strain-drone/Documents/drone_position_hold/ros2_ws/install/mocap4r2cli:/home/strain-drone/Documents/drone_position_hold/ros2_ws/install/mavros_config:/opt/ros/jazzy DEBUGINFOD_URLS=https://debuginfod.ubuntu.com PS1=(venv-ardupilot) \[\e]0;\u@\h: \w\a\]${debian_chroot:+($debian_chroot)}\[\033[01;32m\]\u@\h\[\033[00m\]:\[\033[01;34m\]\w\[\033[00m\]\$ VIRTUAL_ENV_PROMPT=(venv-ardupilot) /usr/bin/cmake --install /home/strain-drone/Documents/drone_position_hold/ros2_ws/build/mocap4r2_control_msgs
[2.511s] Level 1:colcon.colcon_core.environment:checking '/home/strain-drone/Documents/drone_position_hold/ros2_ws/install/mocap4r2_control_msgs' for CMake config files
[2.512s] Level 1:colcon.colcon_core.shell:create_environment_hook('mocap4r2_control_msgs', 'cmake_prefix_path')
[2.512s] INFO:colcon.colcon_core.shell:Creating environment hook '/home/strain-drone/Documents/drone_position_hold/ros2_ws/install/mocap4r2_control_msgs/share/mocap4r2_control_msgs/hook/cmake_prefix_path.ps1'
[2.513s] INFO:colcon.colcon_core.shell:Creating environment descriptor '/home/strain-drone/Documents/drone_position_hold/ros2_ws/install/mocap4r2_control_msgs/share/mocap4r2_control_msgs/hook/cmake_prefix_path.dsv'
[2.515s] INFO:colcon.colcon_core.shell:Creating environment hook '/home/strain-drone/Documents/drone_position_hold/ros2_ws/install/mocap4r2_control_msgs/share/mocap4r2_control_msgs/hook/cmake_prefix_path.sh'
[2.519s] Level 1:colcon.colcon_core.environment:checking '/home/strain-drone/Documents/drone_position_hold/ros2_ws/install/mocap4r2_control_msgs/lib'
[2.519s] Level 1:colcon.colcon_core.shell:create_environment_hook('mocap4r2_control_msgs', 'ld_library_path_lib')
[2.520s] INFO:colcon.colcon_core.shell:Creating environment hook '/home/strain-drone/Documents/drone_position_hold/ros2_ws/install/mocap4r2_control_msgs/share/mocap4r2_control_msgs/hook/ld_library_path_lib.ps1'
[2.522s] INFO:colcon.colcon_core.shell:Creating environment descriptor '/home/strain-drone/Documents/drone_position_hold/ros2_ws/install/mocap4r2_control_msgs/share/mocap4r2_control_msgs/hook/ld_library_path_lib.dsv'
[2.523s] INFO:colcon.colcon_core.shell:Creating environment hook '/home/strain-drone/Documents/drone_position_hold/ros2_ws/install/mocap4r2_control_msgs/share/mocap4r2_control_msgs/hook/ld_library_path_lib.sh'
[2.524s] Level 1:colcon.colcon_core.environment:checking '/home/strain-drone/Documents/drone_position_hold/ros2_ws/install/mocap4r2_control_msgs/bin'
[2.524s] Level 1:colcon.colcon_core.environment:checking '/home/strain-drone/Documents/drone_position_hold/ros2_ws/install/mocap4r2_control_msgs/lib/pkgconfig/mocap4r2_control_msgs.pc'
[2.525s] Level 1:colcon.colcon_core.environment:checking '/home/strain-drone/Documents/drone_position_hold/ros2_ws/install/mocap4r2_control_msgs/lib/python3.12/site-packages'
[2.525s] Level 1:colcon.colcon_core.shell:create_environment_hook('mocap4r2_control_msgs', 'pythonpath')
[2.525s] INFO:colcon.colcon_core.shell:Creating environment hook '/home/strain-drone/Documents/drone_position_hold/ros2_ws/install/mocap4r2_control_msgs/share/mocap4r2_control_msgs/hook/pythonpath.ps1'
[2.526s] INFO:colcon.colcon_core.shell:Creating environment descriptor '/home/strain-drone/Documents/drone_position_hold/ros2_ws/install/mocap4r2_control_msgs/share/mocap4r2_control_msgs/hook/pythonpath.dsv'
[2.527s] INFO:colcon.colcon_core.shell:Creating environment hook '/home/strain-drone/Documents/drone_position_hold/ros2_ws/install/mocap4r2_control_msgs/share/mocap4r2_control_msgs/hook/pythonpath.sh'
[2.529s] Level 1:colcon.colcon_core.environment:checking '/home/strain-drone/Documents/drone_position_hold/ros2_ws/install/mocap4r2_control_msgs/bin'
[2.530s] INFO:colcon.colcon_core.shell:Creating package script '/home/strain-drone/Documents/drone_position_hold/ros2_ws/install/mocap4r2_control_msgs/share/mocap4r2_control_msgs/package.ps1'
[2.530s] INFO:colcon.colcon_core.shell:Creating package descriptor '/home/strain-drone/Documents/drone_position_hold/ros2_ws/install/mocap4r2_control_msgs/share/mocap4r2_control_msgs/package.dsv'
[2.532s] INFO:colcon.colcon_core.shell:Creating package script '/home/strain-drone/Documents/drone_position_hold/ros2_ws/install/mocap4r2_control_msgs/share/mocap4r2_control_msgs/package.sh'
[2.533s] INFO:colcon.colcon_core.shell:Creating package script '/home/strain-drone/Documents/drone_position_hold/ros2_ws/install/mocap4r2_control_msgs/share/mocap4r2_control_msgs/package.bash'
[2.535s] INFO:colcon.colcon_core.shell:Creating package script '/home/strain-drone/Documents/drone_position_hold/ros2_ws/install/mocap4r2_control_msgs/share/mocap4r2_control_msgs/package.zsh'
[2.537s] Level 1:colcon.colcon_core.environment:create_file_with_runtime_dependencies(/home/strain-drone/Documents/drone_position_hold/ros2_ws/install/mocap4r2_control_msgs/share/colcon-core/packages/mocap4r2_control_msgs)
[2.541s] Level 1:colcon.colcon_core.environment:create_environment_scripts_only(mocap4r2_control_msgs)
[2.542s] Level 1:colcon.colcon_core.environment:checking '/home/strain-drone/Documents/drone_position_hold/ros2_ws/install/mocap4r2_control_msgs' for CMake module files
[2.543s] Level 1:colcon.colcon_core.environment:checking '/home/strain-drone/Documents/drone_position_hold/ros2_ws/install/mocap4r2_control_msgs' for CMake config files
[2.543s] Level 1:colcon.colcon_core.shell:create_environment_hook('mocap4r2_control_msgs', 'cmake_prefix_path')
[2.544s] INFO:colcon.colcon_core.shell:Creating environment hook '/home/strain-drone/Documents/drone_position_hold/ros2_ws/install/mocap4r2_control_msgs/share/mocap4r2_control_msgs/hook/cmake_prefix_path.ps1'
[2.544s] INFO:colcon.colcon_core.shell:Creating environment descriptor '/home/strain-drone/Documents/drone_position_hold/ros2_ws/install/mocap4r2_control_msgs/share/mocap4r2_control_msgs/hook/cmake_prefix_path.dsv'
[2.545s] INFO:colcon.colcon_core.shell:Creating environment hook '/home/strain-drone/Documents/drone_position_hold/ros2_ws/install/mocap4r2_control_msgs/share/mocap4r2_control_msgs/hook/cmake_prefix_path.sh'
[2.546s] Level 1:colcon.colcon_core.environment:checking '/home/strain-drone/Documents/drone_position_hold/ros2_ws/install/mocap4r2_control_msgs/lib'
[2.546s] Level 1:colcon.colcon_core.shell:create_environment_hook('mocap4r2_control_msgs', 'ld_library_path_lib')
[2.547s] INFO:colcon.colcon_core.shell:Creating environment hook '/home/strain-drone/Documents/drone_position_hold/ros2_ws/install/mocap4r2_control_msgs/share/mocap4r2_control_msgs/hook/ld_library_path_lib.ps1'
[2.547s] INFO:colcon.colcon_core.shell:Creating environment descriptor '/home/strain-drone/Documents/drone_position_hold/ros2_ws/install/mocap4r2_control_msgs/share/mocap4r2_control_msgs/hook/ld_library_path_lib.dsv'
[2.548s] INFO:colcon.colcon_core.shell:Creating environment hook '/home/strain-drone/Documents/drone_position_hold/ros2_ws/install/mocap4r2_control_msgs/share/mocap4r2_control_msgs/hook/ld_library_path_lib.sh'
[2.549s] Level 1:colcon.colcon_core.environment:checking '/home/strain-drone/Documents/drone_position_hold/ros2_ws/install/mocap4r2_control_msgs/bin'
[2.549s] Level 1:colcon.colcon_core.environment:checking '/home/strain-drone/Documents/drone_position_hold/ros2_ws/install/mocap4r2_control_msgs/lib/pkgconfig/mocap4r2_control_msgs.pc'
[2.549s] Level 1:colcon.colcon_core.environment:checking '/home/strain-drone/Documents/drone_position_hold/ros2_ws/install/mocap4r2_control_msgs/lib/python3.12/site-packages'
[2.549s] Level 1:colcon.colcon_core.shell:create_environment_hook('mocap4r2_control_msgs', 'pythonpath')
[2.550s] INFO:colcon.colcon_core.shell:Creating environment hook '/home/strain-drone/Documents/drone_position_hold/ros2_ws/install/mocap4r2_control_msgs/share/mocap4r2_control_msgs/hook/pythonpath.ps1'
[2.550s] INFO:colcon.colcon_core.shell:Creating environment descriptor '/home/strain-drone/Documents/drone_position_hold/ros2_ws/install/mocap4r2_control_msgs/share/mocap4r2_control_msgs/hook/pythonpath.dsv'
[2.551s] INFO:colcon.colcon_core.shell:Creating environment hook '/home/strain-drone/Documents/drone_position_hold/ros2_ws/install/mocap4r2_control_msgs/share/mocap4r2_control_msgs/hook/pythonpath.sh'
[2.552s] Level 1:colcon.colcon_core.environment:checking '/home/strain-drone/Documents/drone_position_hold/ros2_ws/install/mocap4r2_control_msgs/bin'
[2.553s] INFO:colcon.colcon_core.shell:Creating package script '/home/strain-drone/Documents/drone_position_hold/ros2_ws/install/mocap4r2_control_msgs/share/mocap4r2_control_msgs/package.ps1'
[2.554s] INFO:colcon.colcon_core.shell:Creating package descriptor '/home/strain-drone/Documents/drone_position_hold/ros2_ws/install/mocap4r2_control_msgs/share/mocap4r2_control_msgs/package.dsv'
[2.555s] INFO:colcon.colcon_core.shell:Creating package script '/home/strain-drone/Documents/drone_position_hold/ros2_ws/install/mocap4r2_control_msgs/share/mocap4r2_control_msgs/package.sh'
[2.556s] INFO:colcon.colcon_core.shell:Creating package script '/home/strain-drone/Documents/drone_position_hold/ros2_ws/install/mocap4r2_control_msgs/share/mocap4r2_control_msgs/package.bash'
[2.557s] INFO:colcon.colcon_core.shell:Creating package script '/home/strain-drone/Documents/drone_position_hold/ros2_ws/install/mocap4r2_control_msgs/share/mocap4r2_control_msgs/package.zsh'
[2.559s] Level 1:colcon.colcon_core.environment:create_file_with_runtime_dependencies(/home/strain-drone/Documents/drone_position_hold/ros2_ws/install/mocap4r2_control_msgs/share/colcon-core/packages/mocap4r2_control_msgs)
[2.561s] INFO:colcon.colcon_ros.task.ament_cmake.build:Building ROS package in '/home/strain-drone/Documents/drone_position_hold/ros2_ws/src/mocap4r2/mocap4r2_control/mocap4r2_control' with build type 'ament_cmake'
[2.561s] INFO:colcon.colcon_cmake.task.cmake.build:Building CMake package in '/home/strain-drone/Documents/drone_position_hold/ros2_ws/src/mocap4r2/mocap4r2_control/mocap4r2_control'
[2.561s] INFO:colcon.colcon_core.shell:Skip shell extension 'powershell' for command environment: Not usable outside of PowerShell
[2.561s] DEBUG:colcon.colcon_core.shell:Skip shell extension 'dsv' for command environment
[2.568s] Level 1:colcon.colcon_core.environment:create_environment_scripts_only(mocap4r2_robot_gt_msgs)
[2.568s] Level 1:colcon.colcon_core.environment:checking '/home/strain-drone/Documents/drone_position_hold/ros2_ws/install/mocap4r2_robot_gt_msgs' for CMake module files
[2.569s] DEBUG:colcon.colcon_core.event_handler.log_command:Invoked command in '/home/strain-drone/Documents/drone_position_hold/ros2_ws/build/mocap4r2_robot_gt_msgs' returned '0': CMAKE_PREFIX_PATH=${CMAKE_PREFIX_PATH}:/home/strain-drone/Documents/drone_position_hold/ros2_ws/install/visualizer:/home/strain-drone/Documents/drone_position_hold/ros2_ws/install/position_publisher:/home/strain-drone/Documents/drone_position_hold/ros2_ws/install/mocap4r2cli:/home/strain-drone/Documents/drone_position_hold/ros2_ws/install/mavros_config:/opt/ros/jazzy DEBUGINFOD_URLS=https://debuginfod.ubuntu.com PS1=(venv-ardupilot) \[\e]0;\u@\h: \w\a\]${debian_chroot:+($debian_chroot)}\[\033[01;32m\]\u@\h\[\033[00m\]:\[\033[01;34m\]\w\[\033[00m\]\$ VIRTUAL_ENV_PROMPT=(venv-ardupilot) /usr/bin/cmake --install /home/strain-drone/Documents/drone_position_hold/ros2_ws/build/mocap4r2_robot_gt_msgs
[2.570s] Level 1:colcon.colcon_core.environment:checking '/home/strain-drone/Documents/drone_position_hold/ros2_ws/install/mocap4r2_robot_gt_msgs' for CMake config files
[2.571s] Level 1:colcon.colcon_core.shell:create_environment_hook('mocap4r2_robot_gt_msgs', 'cmake_prefix_path')
[2.571s] INFO:colcon.colcon_core.shell:Creating environment hook '/home/strain-drone/Documents/drone_position_hold/ros2_ws/install/mocap4r2_robot_gt_msgs/share/mocap4r2_robot_gt_msgs/hook/cmake_prefix_path.ps1'
[2.572s] INFO:colcon.colcon_core.shell:Creating environment descriptor '/home/strain-drone/Documents/drone_position_hold/ros2_ws/install/mocap4r2_robot_gt_msgs/share/mocap4r2_robot_gt_msgs/hook/cmake_prefix_path.dsv'
[2.573s] INFO:colcon.colcon_core.shell:Creating environment hook '/home/strain-drone/Documents/drone_position_hold/ros2_ws/install/mocap4r2_robot_gt_msgs/share/mocap4r2_robot_gt_msgs/hook/cmake_prefix_path.sh'
[2.575s] Level 1:colcon.colcon_core.environment:checking '/home/strain-drone/Documents/drone_position_hold/ros2_ws/install/mocap4r2_robot_gt_msgs/lib'
[2.575s] Level 1:colcon.colcon_core.shell:create_environment_hook('mocap4r2_robot_gt_msgs', 'ld_library_path_lib')
[2.576s] INFO:colcon.colcon_core.shell:Creating environment hook '/home/strain-drone/Documents/drone_position_hold/ros2_ws/install/mocap4r2_robot_gt_msgs/share/mocap4r2_robot_gt_msgs/hook/ld_library_path_lib.ps1'
[2.576s] INFO:colcon.colcon_core.shell:Creating environment descriptor '/home/strain-drone/Documents/drone_position_hold/ros2_ws/install/mocap4r2_robot_gt_msgs/share/mocap4r2_robot_gt_msgs/hook/ld_library_path_lib.dsv'
[2.578s] INFO:colcon.colcon_core.shell:Creating environment hook '/home/strain-drone/Documents/drone_position_hold/ros2_ws/install/mocap4r2_robot_gt_msgs/share/mocap4r2_robot_gt_msgs/hook/ld_library_path_lib.sh'
[2.580s] Level 1:colcon.colcon_core.environment:checking '/home/strain-drone/Documents/drone_position_hold/ros2_ws/install/mocap4r2_robot_gt_msgs/bin'
[2.580s] Level 1:colcon.colcon_core.environment:checking '/home/strain-drone/Documents/drone_position_hold/ros2_ws/install/mocap4r2_robot_gt_msgs/lib/pkgconfig/mocap4r2_robot_gt_msgs.pc'
[2.580s] Level 1:colcon.colcon_core.environment:checking '/home/strain-drone/Documents/drone_position_hold/ros2_ws/install/mocap4r2_robot_gt_msgs/lib/python3.12/site-packages'
[2.580s] Level 1:colcon.colcon_core.shell:create_environment_hook('mocap4r2_robot_gt_msgs', 'pythonpath')
[2.580s] INFO:colcon.colcon_core.shell:Creating environment hook '/home/strain-drone/Documents/drone_position_hold/ros2_ws/install/mocap4r2_robot_gt_msgs/share/mocap4r2_robot_gt_msgs/hook/pythonpath.ps1'
[2.584s] INFO:colcon.colcon_core.shell:Creating environment descriptor '/home/strain-drone/Documents/drone_position_hold/ros2_ws/install/mocap4r2_robot_gt_msgs/share/mocap4r2_robot_gt_msgs/hook/pythonpath.dsv'
[2.585s] INFO:colcon.colcon_core.shell:Creating environment hook '/home/strain-drone/Documents/drone_position_hold/ros2_ws/install/mocap4r2_robot_gt_msgs/share/mocap4r2_robot_gt_msgs/hook/pythonpath.sh'
[2.586s] Level 1:colcon.colcon_core.environment:checking '/home/strain-drone/Documents/drone_position_hold/ros2_ws/install/mocap4r2_robot_gt_msgs/bin'
[2.586s] INFO:colcon.colcon_core.shell:Creating package script '/home/strain-drone/Documents/drone_position_hold/ros2_ws/install/mocap4r2_robot_gt_msgs/share/mocap4r2_robot_gt_msgs/package.ps1'
[2.587s] INFO:colcon.colcon_core.shell:Creating package descriptor '/home/strain-drone/Documents/drone_position_hold/ros2_ws/install/mocap4r2_robot_gt_msgs/share/mocap4r2_robot_gt_msgs/package.dsv'
[2.587s] INFO:colcon.colcon_core.shell:Creating package script '/home/strain-drone/Documents/drone_position_hold/ros2_ws/install/mocap4r2_robot_gt_msgs/share/mocap4r2_robot_gt_msgs/package.sh'
[2.588s] INFO:colcon.colcon_core.shell:Creating package script '/home/strain-drone/Documents/drone_position_hold/ros2_ws/install/mocap4r2_robot_gt_msgs/share/mocap4r2_robot_gt_msgs/package.bash'
[2.589s] INFO:colcon.colcon_core.shell:Creating package script '/home/strain-drone/Documents/drone_position_hold/ros2_ws/install/mocap4r2_robot_gt_msgs/share/mocap4r2_robot_gt_msgs/package.zsh'
[2.590s] Level 1:colcon.colcon_core.environment:create_file_with_runtime_dependencies(/home/strain-drone/Documents/drone_position_hold/ros2_ws/install/mocap4r2_robot_gt_msgs/share/colcon-core/packages/mocap4r2_robot_gt_msgs)
[2.591s] Level 1:colcon.colcon_core.environment:create_environment_scripts_only(mocap4r2_robot_gt_msgs)
[2.591s] Level 1:colcon.colcon_core.environment:checking '/home/strain-drone/Documents/drone_position_hold/ros2_ws/install/mocap4r2_robot_gt_msgs' for CMake module files
[2.592s] Level 1:colcon.colcon_core.environment:checking '/home/strain-drone/Documents/drone_position_hold/ros2_ws/install/mocap4r2_robot_gt_msgs' for CMake config files
[2.593s] Level 1:colcon.colcon_core.shell:create_environment_hook('mocap4r2_robot_gt_msgs', 'cmake_prefix_path')
[2.593s] INFO:colcon.colcon_core.shell:Creating environment hook '/home/strain-drone/Documents/drone_position_hold/ros2_ws/install/mocap4r2_robot_gt_msgs/share/mocap4r2_robot_gt_msgs/hook/cmake_prefix_path.ps1'
[2.594s] INFO:colcon.colcon_core.shell:Creating environment descriptor '/home/strain-drone/Documents/drone_position_hold/ros2_ws/install/mocap4r2_robot_gt_msgs/share/mocap4r2_robot_gt_msgs/hook/cmake_prefix_path.dsv'
[2.595s] INFO:colcon.colcon_core.shell:Creating environment hook '/home/strain-drone/Documents/drone_position_hold/ros2_ws/install/mocap4r2_robot_gt_msgs/share/mocap4r2_robot_gt_msgs/hook/cmake_prefix_path.sh'
[2.596s] Level 1:colcon.colcon_core.environment:checking '/home/strain-drone/Documents/drone_position_hold/ros2_ws/install/mocap4r2_robot_gt_msgs/lib'
[2.596s] Level 1:colcon.colcon_core.shell:create_environment_hook('mocap4r2_robot_gt_msgs', 'ld_library_path_lib')
[2.597s] INFO:colcon.colcon_core.shell:Creating environment hook '/home/strain-drone/Documents/drone_position_hold/ros2_ws/install/mocap4r2_robot_gt_msgs/share/mocap4r2_robot_gt_msgs/hook/ld_library_path_lib.ps1'
[2.597s] INFO:colcon.colcon_core.shell:Creating environment descriptor '/home/strain-drone/Documents/drone_position_hold/ros2_ws/install/mocap4r2_robot_gt_msgs/share/mocap4r2_robot_gt_msgs/hook/ld_library_path_lib.dsv'
[2.598s] INFO:colcon.colcon_core.shell:Creating environment hook '/home/strain-drone/Documents/drone_position_hold/ros2_ws/install/mocap4r2_robot_gt_msgs/share/mocap4r2_robot_gt_msgs/hook/ld_library_path_lib.sh'
[2.600s] Level 1:colcon.colcon_core.environment:checking '/home/strain-drone/Documents/drone_position_hold/ros2_ws/install/mocap4r2_robot_gt_msgs/bin'
[2.600s] Level 1:colcon.colcon_core.environment:checking '/home/strain-drone/Documents/drone_position_hold/ros2_ws/install/mocap4r2_robot_gt_msgs/lib/pkgconfig/mocap4r2_robot_gt_msgs.pc'
[2.600s] Level 1:colcon.colcon_core.environment:checking '/home/strain-drone/Documents/drone_position_hold/ros2_ws/install/mocap4r2_robot_gt_msgs/lib/python3.12/site-packages'
[2.600s] Level 1:colcon.colcon_core.shell:create_environment_hook('mocap4r2_robot_gt_msgs', 'pythonpath')
[2.600s] INFO:colcon.colcon_core.shell:Creating environment hook '/home/strain-drone/Documents/drone_position_hold/ros2_ws/install/mocap4r2_robot_gt_msgs/share/mocap4r2_robot_gt_msgs/hook/pythonpath.ps1'
[2.601s] INFO:colcon.colcon_core.shell:Creating environment descriptor '/home/strain-drone/Documents/drone_position_hold/ros2_ws/install/mocap4r2_robot_gt_msgs/share/mocap4r2_robot_gt_msgs/hook/pythonpath.dsv'
[2.602s] INFO:colcon.colcon_core.shell:Creating environment hook '/home/strain-drone/Documents/drone_position_hold/ros2_ws/install/mocap4r2_robot_gt_msgs/share/mocap4r2_robot_gt_msgs/hook/pythonpath.sh'
[2.604s] Level 1:colcon.colcon_core.environment:checking '/home/strain-drone/Documents/drone_position_hold/ros2_ws/install/mocap4r2_robot_gt_msgs/bin'
[2.604s] INFO:colcon.colcon_core.shell:Creating package script '/home/strain-drone/Documents/drone_position_hold/ros2_ws/install/mocap4r2_robot_gt_msgs/share/mocap4r2_robot_gt_msgs/package.ps1'
[2.605s] INFO:colcon.colcon_core.shell:Creating package descriptor '/home/strain-drone/Documents/drone_position_hold/ros2_ws/install/mocap4r2_robot_gt_msgs/share/mocap4r2_robot_gt_msgs/package.dsv'
[2.607s] INFO:colcon.colcon_core.shell:Creating package script '/home/strain-drone/Documents/drone_position_hold/ros2_ws/install/mocap4r2_robot_gt_msgs/share/mocap4r2_robot_gt_msgs/package.sh'
[2.608s] INFO:colcon.colcon_core.shell:Creating package script '/home/strain-drone/Documents/drone_position_hold/ros2_ws/install/mocap4r2_robot_gt_msgs/share/mocap4r2_robot_gt_msgs/package.bash'
[2.610s] INFO:colcon.colcon_core.shell:Creating package script '/home/strain-drone/Documents/drone_position_hold/ros2_ws/install/mocap4r2_robot_gt_msgs/share/mocap4r2_robot_gt_msgs/package.zsh'
[2.611s] Level 1:colcon.colcon_core.environment:create_file_with_runtime_dependencies(/home/strain-drone/Documents/drone_position_hold/ros2_ws/install/mocap4r2_robot_gt_msgs/share/colcon-core/packages/mocap4r2_robot_gt_msgs)
[2.614s] INFO:colcon.colcon_ros.task.ament_cmake.build:Building ROS package in '/home/strain-drone/Documents/drone_position_hold/ros2_ws/src/natnet_ros2' with build type 'ament_cmake'
[2.614s] INFO:colcon.colcon_cmake.task.cmake.build:Building CMake package in '/home/strain-drone/Documents/drone_position_hold/ros2_ws/src/natnet_ros2'
[2.615s] INFO:colcon.colcon_core.shell:Skip shell extension 'powershell' for command environment: Not usable outside of PowerShell
[2.615s] DEBUG:colcon.colcon_core.shell:Skip shell extension 'dsv' for command environment
[2.622s] Level 1:colcon.colcon_core.environment:create_environment_scripts_only(mocap4r2_msgs)
[2.622s] Level 1:colcon.colcon_core.environment:checking '/home/strain-drone/Documents/drone_position_hold/ros2_ws/install/mocap4r2_msgs' for CMake module files
[2.623s] DEBUG:colcon.colcon_core.event_handler.log_command:Invoked command in '/home/strain-drone/Documents/drone_position_hold/ros2_ws/build/mocap4r2_msgs' returned '0': CMAKE_PREFIX_PATH=${CMAKE_PREFIX_PATH}:/home/strain-drone/Documents/drone_position_hold/ros2_ws/install/visualizer:/home/strain-drone/Documents/drone_position_hold/ros2_ws/install/position_publisher:/home/strain-drone/Documents/drone_position_hold/ros2_ws/install/mocap4r2cli:/home/strain-drone/Documents/drone_position_hold/ros2_ws/install/mavros_config:/opt/ros/jazzy DEBUGINFOD_URLS=https://debuginfod.ubuntu.com PS1=(venv-ardupilot) \[\e]0;\u@\h: \w\a\]${debian_chroot:+($debian_chroot)}\[\033[01;32m\]\u@\h\[\033[00m\]:\[\033[01;34m\]\w\[\033[00m\]\$ VIRTUAL_ENV_PROMPT=(venv-ardupilot) /usr/bin/cmake --install /home/strain-drone/Documents/drone_position_hold/ros2_ws/build/mocap4r2_msgs
[2.624s] Level 1:colcon.colcon_core.environment:checking '/home/strain-drone/Documents/drone_position_hold/ros2_ws/install/mocap4r2_msgs' for CMake config files
[2.625s] Level 1:colcon.colcon_core.shell:create_environment_hook('mocap4r2_msgs', 'cmake_prefix_path')
[2.625s] INFO:colcon.colcon_core.shell:Creating environment hook '/home/strain-drone/Documents/drone_position_hold/ros2_ws/install/mocap4r2_msgs/share/mocap4r2_msgs/hook/cmake_prefix_path.ps1'
[2.626s] INFO:colcon.colcon_core.shell:Creating environment descriptor '/home/strain-drone/Documents/drone_position_hold/ros2_ws/install/mocap4r2_msgs/share/mocap4r2_msgs/hook/cmake_prefix_path.dsv'
[2.627s] INFO:colcon.colcon_core.shell:Creating environment hook '/home/strain-drone/Documents/drone_position_hold/ros2_ws/install/mocap4r2_msgs/share/mocap4r2_msgs/hook/cmake_prefix_path.sh'
[2.628s] Level 1:colcon.colcon_core.environment:checking '/home/strain-drone/Documents/drone_position_hold/ros2_ws/install/mocap4r2_msgs/lib'
[2.628s] Level 1:colcon.colcon_core.shell:create_environment_hook('mocap4r2_msgs', 'ld_library_path_lib')
[2.628s] INFO:colcon.colcon_core.shell:Creating environment hook '/home/strain-drone/Documents/drone_position_hold/ros2_ws/install/mocap4r2_msgs/share/mocap4r2_msgs/hook/ld_library_path_lib.ps1'
[2.629s] INFO:colcon.colcon_core.shell:Creating environment descriptor '/home/strain-drone/Documents/drone_position_hold/ros2_ws/install/mocap4r2_msgs/share/mocap4r2_msgs/hook/ld_library_path_lib.dsv'
[2.630s] INFO:colcon.colcon_core.shell:Creating environment hook '/home/strain-drone/Documents/drone_position_hold/ros2_ws/install/mocap4r2_msgs/share/mocap4r2_msgs/hook/ld_library_path_lib.sh'
[2.630s] Level 1:colcon.colcon_core.environment:checking '/home/strain-drone/Documents/drone_position_hold/ros2_ws/install/mocap4r2_msgs/bin'
[2.630s] Level 1:colcon.colcon_core.environment:checking '/home/strain-drone/Documents/drone_position_hold/ros2_ws/install/mocap4r2_msgs/lib/pkgconfig/mocap4r2_msgs.pc'
[2.631s] Level 1:colcon.colcon_core.environment:checking '/home/strain-drone/Documents/drone_position_hold/ros2_ws/install/mocap4r2_msgs/lib/python3.12/site-packages'
[2.631s] Level 1:colcon.colcon_core.shell:create_environment_hook('mocap4r2_msgs', 'pythonpath')
[2.631s] INFO:colcon.colcon_core.shell:Creating environment hook '/home/strain-drone/Documents/drone_position_hold/ros2_ws/install/mocap4r2_msgs/share/mocap4r2_msgs/hook/pythonpath.ps1'
[2.632s] INFO:colcon.colcon_core.shell:Creating environment descriptor '/home/strain-drone/Documents/drone_position_hold/ros2_ws/install/mocap4r2_msgs/share/mocap4r2_msgs/hook/pythonpath.dsv'
[2.633s] INFO:colcon.colcon_core.shell:Creating environment hook '/home/strain-drone/Documents/drone_position_hold/ros2_ws/install/mocap4r2_msgs/share/mocap4r2_msgs/hook/pythonpath.sh'
[2.634s] Level 1:colcon.colcon_core.environment:checking '/home/strain-drone/Documents/drone_position_hold/ros2_ws/install/mocap4r2_msgs/bin'
[2.635s] INFO:colcon.colcon_core.shell:Creating package script '/home/strain-drone/Documents/drone_position_hold/ros2_ws/install/mocap4r2_msgs/share/mocap4r2_msgs/package.ps1'
[2.635s] INFO:colcon.colcon_core.shell:Creating package descriptor '/home/strain-drone/Documents/drone_position_hold/ros2_ws/install/mocap4r2_msgs/share/mocap4r2_msgs/package.dsv'
[2.637s] INFO:colcon.colcon_core.shell:Creating package script '/home/strain-drone/Documents/drone_position_hold/ros2_ws/install/mocap4r2_msgs/share/mocap4r2_msgs/package.sh'
[2.638s] INFO:colcon.colcon_core.shell:Creating package script '/home/strain-drone/Documents/drone_position_hold/ros2_ws/install/mocap4r2_msgs/share/mocap4r2_msgs/package.bash'
[2.639s] INFO:colcon.colcon_core.shell:Creating package script '/home/strain-drone/Documents/drone_position_hold/ros2_ws/install/mocap4r2_msgs/share/mocap4r2_msgs/package.zsh'
[2.640s] Level 1:colcon.colcon_core.environment:create_file_with_runtime_dependencies(/home/strain-drone/Documents/drone_position_hold/ros2_ws/install/mocap4r2_msgs/share/colcon-core/packages/mocap4r2_msgs)
[2.642s] Level 1:colcon.colcon_core.environment:create_environment_scripts_only(mocap4r2_msgs)
[2.642s] Level 1:colcon.colcon_core.environment:checking '/home/strain-drone/Documents/drone_position_hold/ros2_ws/install/mocap4r2_msgs' for CMake module files
[2.644s] Level 1:colcon.colcon_core.environment:checking '/home/strain-drone/Documents/drone_position_hold/ros2_ws/install/mocap4r2_msgs' for CMake config files
[2.645s] Level 1:colcon.colcon_core.shell:create_environment_hook('mocap4r2_msgs', 'cmake_prefix_path')
[2.645s] INFO:colcon.colcon_core.shell:Creating environment hook '/home/strain-drone/Documents/drone_position_hold/ros2_ws/install/mocap4r2_msgs/share/mocap4r2_msgs/hook/cmake_prefix_path.ps1'
[2.646s] INFO:colcon.colcon_core.shell:Creating environment descriptor '/home/strain-drone/Documents/drone_position_hold/ros2_ws/install/mocap4r2_msgs/share/mocap4r2_msgs/hook/cmake_prefix_path.dsv'
[2.647s] INFO:colcon.colcon_core.shell:Creating environment hook '/home/strain-drone/Documents/drone_position_hold/ros2_ws/install/mocap4r2_msgs/share/mocap4r2_msgs/hook/cmake_prefix_path.sh'
[2.649s] Level 1:colcon.colcon_core.environment:checking '/home/strain-drone/Documents/drone_position_hold/ros2_ws/install/mocap4r2_msgs/lib'
[2.649s] Level 1:colcon.colcon_core.shell:create_environment_hook('mocap4r2_msgs', 'ld_library_path_lib')
[2.649s] INFO:colcon.colcon_core.shell:Creating environment hook '/home/strain-drone/Documents/drone_position_hold/ros2_ws/install/mocap4r2_msgs/share/mocap4r2_msgs/hook/ld_library_path_lib.ps1'
[2.650s] INFO:colcon.colcon_core.shell:Creating environment descriptor '/home/strain-drone/Documents/drone_position_hold/ros2_ws/install/mocap4r2_msgs/share/mocap4r2_msgs/hook/ld_library_path_lib.dsv'
[2.652s] INFO:colcon.colcon_core.shell:Creating environment hook '/home/strain-drone/Documents/drone_position_hold/ros2_ws/install/mocap4r2_msgs/share/mocap4r2_msgs/hook/ld_library_path_lib.sh'
[2.653s] Level 1:colcon.colcon_core.environment:checking '/home/strain-drone/Documents/drone_position_hold/ros2_ws/install/mocap4r2_msgs/bin'
[2.653s] Level 1:colcon.colcon_core.environment:checking '/home/strain-drone/Documents/drone_position_hold/ros2_ws/install/mocap4r2_msgs/lib/pkgconfig/mocap4r2_msgs.pc'
[2.654s] Level 1:colcon.colcon_core.environment:checking '/home/strain-drone/Documents/drone_position_hold/ros2_ws/install/mocap4r2_msgs/lib/python3.12/site-packages'
[2.654s] Level 1:colcon.colcon_core.shell:create_environment_hook('mocap4r2_msgs', 'pythonpath')
[2.654s] INFO:colcon.colcon_core.shell:Creating environment hook '/home/strain-drone/Documents/drone_position_hold/ros2_ws/install/mocap4r2_msgs/share/mocap4r2_msgs/hook/pythonpath.ps1'
[2.655s] INFO:colcon.colcon_core.shell:Creating environment descriptor '/home/strain-drone/Documents/drone_position_hold/ros2_ws/install/mocap4r2_msgs/share/mocap4r2_msgs/hook/pythonpath.dsv'
[2.659s] INFO:colcon.colcon_core.shell:Creating environment hook '/home/strain-drone/Documents/drone_position_hold/ros2_ws/install/mocap4r2_msgs/share/mocap4r2_msgs/hook/pythonpath.sh'
[2.660s] Level 1:colcon.colcon_core.environment:checking '/home/strain-drone/Documents/drone_position_hold/ros2_ws/install/mocap4r2_msgs/bin'
[2.660s] INFO:colcon.colcon_core.shell:Creating package script '/home/strain-drone/Documents/drone_position_hold/ros2_ws/install/mocap4r2_msgs/share/mocap4r2_msgs/package.ps1'
[2.661s] INFO:colcon.colcon_core.shell:Creating package descriptor '/home/strain-drone/Documents/drone_position_hold/ros2_ws/install/mocap4r2_msgs/share/mocap4r2_msgs/package.dsv'
[2.662s] INFO:colcon.colcon_core.shell:Creating package script '/home/strain-drone/Documents/drone_position_hold/ros2_ws/install/mocap4r2_msgs/share/mocap4r2_msgs/package.sh'
[2.663s] INFO:colcon.colcon_core.shell:Creating package script '/home/strain-drone/Documents/drone_position_hold/ros2_ws/install/mocap4r2_msgs/share/mocap4r2_msgs/package.bash'
[2.664s] INFO:colcon.colcon_core.shell:Creating package script '/home/strain-drone/Documents/drone_position_hold/ros2_ws/install/mocap4r2_msgs/share/mocap4r2_msgs/package.zsh'
[2.664s] Level 1:colcon.colcon_core.environment:create_file_with_runtime_dependencies(/home/strain-drone/Documents/drone_position_hold/ros2_ws/install/mocap4r2_msgs/share/colcon-core/packages/mocap4r2_msgs)
[2.990s] INFO:colcon.colcon_core.task.python.build:Building Python package in '/home/strain-drone/Documents/drone_position_hold/ros2_ws/src/mavros_config'
[2.991s] INFO:colcon.colcon_core.shell:Skip shell extension 'powershell' for command environment: Not usable outside of PowerShell
[2.991s] DEBUG:colcon.colcon_core.shell:Skip shell extension 'dsv' for command environment
[2.997s] INFO:colcon.colcon_ros.task.ament_python.build:Building ROS package in '/home/strain-drone/Documents/drone_position_hold/ros2_ws/src/position_publisher' with build type 'ament_python'
[2.997s] Level 1:colcon.colcon_core.shell:create_environment_hook('position_publisher', 'ament_prefix_path')
[2.997s] INFO:colcon.colcon_core.shell:Creating environment hook '/home/strain-drone/Documents/drone_position_hold/ros2_ws/install/position_publisher/share/position_publisher/hook/ament_prefix_path.ps1'
[2.998s] INFO:colcon.colcon_core.shell:Creating environment descriptor '/home/strain-drone/Documents/drone_position_hold/ros2_ws/install/position_publisher/share/position_publisher/hook/ament_prefix_path.dsv'
[3.000s] INFO:colcon.colcon_core.shell:Creating environment hook '/home/strain-drone/Documents/drone_position_hold/ros2_ws/install/position_publisher/share/position_publisher/hook/ament_prefix_path.sh'
[3.001s] INFO:colcon.colcon_core.shell:Skip shell extension 'powershell' for command environment: Not usable outside of PowerShell
[3.001s] DEBUG:colcon.colcon_core.shell:Skip shell extension 'dsv' for command environment
[3.013s] DEBUG:colcon.colcon_core.event_handler.log_command:Invoking command in '/home/strain-drone/Documents/drone_position_hold/ros2_ws/build/mocap4r2_control': CMAKE_PREFIX_PATH=/home/strain-drone/Documents/drone_position_hold/ros2_ws/install/mocap4r2_control_msgs:/home/strain-drone/Documents/drone_position_hold/ros2_ws/install/rqt_mocap4r2_control:/home/strain-drone/Documents/drone_position_hold/ros2_ws/install/natnet_ros2:/home/strain-drone/Documents/drone_position_hold/ros2_ws/install/mocap4r2_vicon_driver:/home/strain-drone/Documents/drone_position_hold/ros2_ws/install/mocap4r2_robot_gt:/home/strain-drone/Documents/drone_position_hold/ros2_ws/install/mocap4r2_robot_gt_msgs:/home/strain-drone/Documents/drone_position_hold/ros2_ws/install/mocap4r2_marker_viz:/home/strain-drone/Documents/drone_position_hold/ros2_ws/install/mocap4r2_marker_publisher:/home/strain-drone/Documents/drone_position_hold/ros2_ws/install/mocap4r2_dummy_driver:/home/strain-drone/Documents/drone_position_hold/ros2_ws/install/mocap4r2_msgs:/home/strain-drone/Documents/drone_position_hold/ros2_ws/install/mocap4r2_marker_viz_srvs:/home/strain-drone/Documents/drone_position_hold/ros2_ws/install/mocap4r2_control:/opt/ros/jazzy/opt/gz_math_vendor:/opt/ros/jazzy/opt/gz_utils_vendor:/opt/ros/jazzy/opt/gz_cmake_vendor:/home/strain-drone/Documents/drone_position_hold/ros2_ws/install/visualizer:/home/strain-drone/Documents/drone_position_hold/ros2_ws/install/position_publisher:/home/strain-drone/Documents/drone_position_hold/ros2_ws/install/mocap4r2cli:/home/strain-drone/Documents/drone_position_hold/ros2_ws/install/mavros_config:/opt/ros/jazzy DEBUGINFOD_URLS=https://debuginfod.ubuntu.com LD_LIBRARY_PATH=/home/strain-drone/Documents/drone_position_hold/ros2_ws/install/mocap4r2_control_msgs/lib:/home/strain-drone/Documents/drone_position_hold/ros2_ws/install/rqt_mocap4r2_control/lib:/home/strain-drone/Documents/drone_position_hold/ros2_ws/install/natnet_ros2/lib:/home/strain-drone/Documents/drone_position_hold/ros2_ws/install/mocap4r2_vicon_driver/lib:/home/strain-drone/Documents/drone_position_hold/ros2_ws/install/mocap4r2_robot_gt/lib:/home/strain-drone/Documents/drone_position_hold/ros2_ws/install/mocap4r2_robot_gt_msgs/lib:/home/strain-drone/Documents/drone_position_hold/ros2_ws/install/mocap4r2_msgs/lib:/home/strain-drone/Documents/drone_position_hold/ros2_ws/install/mocap4r2_marker_viz_srvs/lib:/home/strain-drone/Documents/drone_position_hold/ros2_ws/install/mocap4r2_control/lib:/opt/ros/jazzy/opt/rviz_ogre_vendor/lib:/opt/ros/jazzy/lib/aarch64-linux-gnu:/opt/ros/jazzy/opt/gz_math_vendor/lib:/opt/ros/jazzy/opt/gz_utils_vendor/lib:/opt/ros/jazzy/opt/gz_cmake_vendor/lib:/opt/ros/jazzy/lib:/home/strain-drone/Documents/drone_position_hold/ros2_ws/src/natnet_ros2/deps/NatNetSDK/lib PS1=(venv-ardupilot) \[\e]0;\u@\h: \w\a\]${debian_chroot:+($debian_chroot)}\[\033[01;32m\]\u@\h\[\033[00m\]:\[\033[01;34m\]\w\[\033[00m\]\$ PYTHONPATH=/home/strain-drone/Documents/drone_position_hold/ros2_ws/install/mocap4r2_control_msgs/lib/python3.12/site-packages:/home/strain-drone/Documents/drone_position_hold/ros2_ws/install/visualizer/lib/python3.12/site-packages:/home/strain-drone/Documents/drone_position_hold/ros2_ws/install/position_publisher/lib/python3.12/site-packages:/home/strain-drone/Documents/drone_position_hold/ros2_ws/install/natnet_ros2/lib/python3.12/site-packages:/home/strain-drone/Documents/drone_position_hold/ros2_ws/install/mocap4r2cli/lib/python3.12/site-packages:/home/strain-drone/Documents/drone_position_hold/ros2_ws/install/mocap4r2_robot_gt_msgs/lib/python3.12/site-packages:/home/strain-drone/Documents/drone_position_hold/ros2_ws/install/mocap4r2_msgs/lib/python3.12/site-packages:/home/strain-drone/Documents/drone_position_hold/ros2_ws/install/mocap4r2_marker_viz_srvs/lib/python3.12/site-packages:/home/strain-drone/Documents/drone_position_hold/ros2_ws/install/mavros_config/lib/python3.12/site-packages:/opt/ros/jazzy/lib/python3.12/site-packages VIRTUAL_ENV_PROMPT=(venv-ardupilot) /usr/bin/cmake --build /home/strain-drone/Documents/drone_position_hold/ros2_ws/build/mocap4r2_control -- -j4 -l4
[3.019s] DEBUG:colcon.colcon_core.event_handler.log_command:Invoking command in '/home/strain-drone/Documents/drone_position_hold/ros2_ws/build/natnet_ros2': CMAKE_PREFIX_PATH=${CMAKE_PREFIX_PATH}:/home/strain-drone/Documents/drone_position_hold/ros2_ws/install/visualizer:/home/strain-drone/Documents/drone_position_hold/ros2_ws/install/position_publisher:/home/strain-drone/Documents/drone_position_hold/ros2_ws/install/mocap4r2cli:/home/strain-drone/Documents/drone_position_hold/ros2_ws/install/mavros_config:/opt/ros/jazzy DEBUGINFOD_URLS=https://debuginfod.ubuntu.com PS1=(venv-ardupilot) \[\e]0;\u@\h: \w\a\]${debian_chroot:+($debian_chroot)}\[\033[01;32m\]\u@\h\[\033[00m\]:\[\033[01;34m\]\w\[\033[00m\]\$ VIRTUAL_ENV_PROMPT=(venv-ardupilot) /usr/bin/cmake --build /home/strain-drone/Documents/drone_position_hold/ros2_ws/build/natnet_ros2 -- -j4 -l4
[3.898s] INFO:colcon.colcon_core.task.python.build:Building Python package in '/home/strain-drone/Documents/drone_position_hold/ros2_ws/src/position_publisher'
[3.898s] INFO:colcon.colcon_core.shell:Skip shell extension 'powershell' for command environment: Not usable outside of PowerShell
[3.898s] DEBUG:colcon.colcon_core.shell:Skip shell extension 'dsv' for command environment
[3.912s] DEBUG:colcon.colcon_core.event_handler.log_command:Invoked command in '/home/strain-drone/Documents/drone_position_hold/ros2_ws/build/mocap4r2_control' returned '0': CMAKE_PREFIX_PATH=/home/strain-drone/Documents/drone_position_hold/ros2_ws/install/mocap4r2_control_msgs:/home/strain-drone/Documents/drone_position_hold/ros2_ws/install/rqt_mocap4r2_control:/home/strain-drone/Documents/drone_position_hold/ros2_ws/install/natnet_ros2:/home/strain-drone/Documents/drone_position_hold/ros2_ws/install/mocap4r2_vicon_driver:/home/strain-drone/Documents/drone_position_hold/ros2_ws/install/mocap4r2_robot_gt:/home/strain-drone/Documents/drone_position_hold/ros2_ws/install/mocap4r2_robot_gt_msgs:/home/strain-drone/Documents/drone_position_hold/ros2_ws/install/mocap4r2_marker_viz:/home/strain-drone/Documents/drone_position_hold/ros2_ws/install/mocap4r2_marker_publisher:/home/strain-drone/Documents/drone_position_hold/ros2_ws/install/mocap4r2_dummy_driver:/home/strain-drone/Documents/drone_position_hold/ros2_ws/install/mocap4r2_msgs:/home/strain-drone/Documents/drone_position_hold/ros2_ws/install/mocap4r2_marker_viz_srvs:/home/strain-drone/Documents/drone_position_hold/ros2_ws/install/mocap4r2_control:/opt/ros/jazzy/opt/gz_math_vendor:/opt/ros/jazzy/opt/gz_utils_vendor:/opt/ros/jazzy/opt/gz_cmake_vendor:/home/strain-drone/Documents/drone_position_hold/ros2_ws/install/visualizer:/home/strain-drone/Documents/drone_position_hold/ros2_ws/install/position_publisher:/home/strain-drone/Documents/drone_position_hold/ros2_ws/install/mocap4r2cli:/home/strain-drone/Documents/drone_position_hold/ros2_ws/install/mavros_config:/opt/ros/jazzy DEBUGINFOD_URLS=https://debuginfod.ubuntu.com LD_LIBRARY_PATH=/home/strain-drone/Documents/drone_position_hold/ros2_ws/install/mocap4r2_control_msgs/lib:/home/strain-drone/Documents/drone_position_hold/ros2_ws/install/rqt_mocap4r2_control/lib:/home/strain-drone/Documents/drone_position_hold/ros2_ws/install/natnet_ros2/lib:/home/strain-drone/Documents/drone_position_hold/ros2_ws/install/mocap4r2_vicon_driver/lib:/home/strain-drone/Documents/drone_position_hold/ros2_ws/install/mocap4r2_robot_gt/lib:/home/strain-drone/Documents/drone_position_hold/ros2_ws/install/mocap4r2_robot_gt_msgs/lib:/home/strain-drone/Documents/drone_position_hold/ros2_ws/install/mocap4r2_msgs/lib:/home/strain-drone/Documents/drone_position_hold/ros2_ws/install/mocap4r2_marker_viz_srvs/lib:/home/strain-drone/Documents/drone_position_hold/ros2_ws/install/mocap4r2_control/lib:/opt/ros/jazzy/opt/rviz_ogre_vendor/lib:/opt/ros/jazzy/lib/aarch64-linux-gnu:/opt/ros/jazzy/opt/gz_math_vendor/lib:/opt/ros/jazzy/opt/gz_utils_vendor/lib:/opt/ros/jazzy/opt/gz_cmake_vendor/lib:/opt/ros/jazzy/lib:/home/strain-drone/Documents/drone_position_hold/ros2_ws/src/natnet_ros2/deps/NatNetSDK/lib PS1=(venv-ardupilot) \[\e]0;\u@\h: \w\a\]${debian_chroot:+($debian_chroot)}\[\033[01;32m\]\u@\h\[\033[00m\]:\[\033[01;34m\]\w\[\033[00m\]\$ PYTHONPATH=/home/strain-drone/Documents/drone_position_hold/ros2_ws/install/mocap4r2_control_msgs/lib/python3.12/site-packages:/home/strain-drone/Documents/drone_position_hold/ros2_ws/install/visualizer/lib/python3.12/site-packages:/home/strain-drone/Documents/drone_position_hold/ros2_ws/install/position_publisher/lib/python3.12/site-packages:/home/strain-drone/Documents/drone_position_hold/ros2_ws/install/natnet_ros2/lib/python3.12/site-packages:/home/strain-drone/Documents/drone_position_hold/ros2_ws/install/mocap4r2cli/lib/python3.12/site-packages:/home/strain-drone/Documents/drone_position_hold/ros2_ws/install/mocap4r2_robot_gt_msgs/lib/python3.12/site-packages:/home/strain-drone/Documents/drone_position_hold/ros2_ws/install/mocap4r2_msgs/lib/python3.12/site-packages:/home/strain-drone/Documents/drone_position_hold/ros2_ws/install/mocap4r2_marker_viz_srvs/lib/python3.12/site-packages:/home/strain-drone/Documents/drone_position_hold/ros2_ws/install/mavros_config/lib/python3.12/site-packages:/opt/ros/jazzy/lib/python3.12/site-packages VIRTUAL_ENV_PROMPT=(venv-ardupilot) /usr/bin/cmake --build /home/strain-drone/Documents/drone_position_hold/ros2_ws/build/mocap4r2_control -- -j4 -l4
[3.913s] DEBUG:colcon.colcon_core.event_handler.log_command:Invoking command in '/home/strain-drone/Documents/drone_position_hold/ros2_ws/build/mocap4r2_control': CMAKE_PREFIX_PATH=/home/strain-drone/Documents/drone_position_hold/ros2_ws/install/mocap4r2_control_msgs:/home/strain-drone/Documents/drone_position_hold/ros2_ws/install/rqt_mocap4r2_control:/home/strain-drone/Documents/drone_position_hold/ros2_ws/install/natnet_ros2:/home/strain-drone/Documents/drone_position_hold/ros2_ws/install/mocap4r2_vicon_driver:/home/strain-drone/Documents/drone_position_hold/ros2_ws/install/mocap4r2_robot_gt:/home/strain-drone/Documents/drone_position_hold/ros2_ws/install/mocap4r2_robot_gt_msgs:/home/strain-drone/Documents/drone_position_hold/ros2_ws/install/mocap4r2_marker_viz:/home/strain-drone/Documents/drone_position_hold/ros2_ws/install/mocap4r2_marker_publisher:/home/strain-drone/Documents/drone_position_hold/ros2_ws/install/mocap4r2_dummy_driver:/home/strain-drone/Documents/drone_position_hold/ros2_ws/install/mocap4r2_msgs:/home/strain-drone/Documents/drone_position_hold/ros2_ws/install/mocap4r2_marker_viz_srvs:/home/strain-drone/Documents/drone_position_hold/ros2_ws/install/mocap4r2_control:/opt/ros/jazzy/opt/gz_math_vendor:/opt/ros/jazzy/opt/gz_utils_vendor:/opt/ros/jazzy/opt/gz_cmake_vendor:/home/strain-drone/Documents/drone_position_hold/ros2_ws/install/visualizer:/home/strain-drone/Documents/drone_position_hold/ros2_ws/install/position_publisher:/home/strain-drone/Documents/drone_position_hold/ros2_ws/install/mocap4r2cli:/home/strain-drone/Documents/drone_position_hold/ros2_ws/install/mavros_config:/opt/ros/jazzy DEBUGINFOD_URLS=https://debuginfod.ubuntu.com LD_LIBRARY_PATH=/home/strain-drone/Documents/drone_position_hold/ros2_ws/install/mocap4r2_control_msgs/lib:/home/strain-drone/Documents/drone_position_hold/ros2_ws/install/rqt_mocap4r2_control/lib:/home/strain-drone/Documents/drone_position_hold/ros2_ws/install/natnet_ros2/lib:/home/strain-drone/Documents/drone_position_hold/ros2_ws/install/mocap4r2_vicon_driver/lib:/home/strain-drone/Documents/drone_position_hold/ros2_ws/install/mocap4r2_robot_gt/lib:/home/strain-drone/Documents/drone_position_hold/ros2_ws/install/mocap4r2_robot_gt_msgs/lib:/home/strain-drone/Documents/drone_position_hold/ros2_ws/install/mocap4r2_msgs/lib:/home/strain-drone/Documents/drone_position_hold/ros2_ws/install/mocap4r2_marker_viz_srvs/lib:/home/strain-drone/Documents/drone_position_hold/ros2_ws/install/mocap4r2_control/lib:/opt/ros/jazzy/opt/rviz_ogre_vendor/lib:/opt/ros/jazzy/lib/aarch64-linux-gnu:/opt/ros/jazzy/opt/gz_math_vendor/lib:/opt/ros/jazzy/opt/gz_utils_vendor/lib:/opt/ros/jazzy/opt/gz_cmake_vendor/lib:/opt/ros/jazzy/lib:/home/strain-drone/Documents/drone_position_hold/ros2_ws/src/natnet_ros2/deps/NatNetSDK/lib PS1=(venv-ardupilot) \[\e]0;\u@\h: \w\a\]${debian_chroot:+($debian_chroot)}\[\033[01;32m\]\u@\h\[\033[00m\]:\[\033[01;34m\]\w\[\033[00m\]\$ PYTHONPATH=/home/strain-drone/Documents/drone_position_hold/ros2_ws/install/mocap4r2_control_msgs/lib/python3.12/site-packages:/home/strain-drone/Documents/drone_position_hold/ros2_ws/install/visualizer/lib/python3.12/site-packages:/home/strain-drone/Documents/drone_position_hold/ros2_ws/install/position_publisher/lib/python3.12/site-packages:/home/strain-drone/Documents/drone_position_hold/ros2_ws/install/natnet_ros2/lib/python3.12/site-packages:/home/strain-drone/Documents/drone_position_hold/ros2_ws/install/mocap4r2cli/lib/python3.12/site-packages:/home/strain-drone/Documents/drone_position_hold/ros2_ws/install/mocap4r2_robot_gt_msgs/lib/python3.12/site-packages:/home/strain-drone/Documents/drone_position_hold/ros2_ws/install/mocap4r2_msgs/lib/python3.12/site-packages:/home/strain-drone/Documents/drone_position_hold/ros2_ws/install/mocap4r2_marker_viz_srvs/lib/python3.12/site-packages:/home/strain-drone/Documents/drone_position_hold/ros2_ws/install/mavros_config/lib/python3.12/site-packages:/opt/ros/jazzy/lib/python3.12/site-packages VIRTUAL_ENV_PROMPT=(venv-ardupilot) /usr/bin/cmake --install /home/strain-drone/Documents/drone_position_hold/ros2_ws/build/mocap4r2_control
[3.976s] Level 1:colcon.colcon_core.environment:create_environment_scripts_only(mocap4r2_control)
[3.976s] Level 1:colcon.colcon_core.environment:checking '/home/strain-drone/Documents/drone_position_hold/ros2_ws/install/mocap4r2_control' for CMake module files
[3.977s] Level 1:colcon.colcon_core.environment:checking '/home/strain-drone/Documents/drone_position_hold/ros2_ws/install/mocap4r2_control' for CMake config files
[3.978s] Level 1:colcon.colcon_core.shell:create_environment_hook('mocap4r2_control', 'cmake_prefix_path')
[3.978s] INFO:colcon.colcon_core.shell:Creating environment hook '/home/strain-drone/Documents/drone_position_hold/ros2_ws/install/mocap4r2_control/share/mocap4r2_control/hook/cmake_prefix_path.ps1'
[3.979s] INFO:colcon.colcon_core.shell:Creating environment descriptor '/home/strain-drone/Documents/drone_position_hold/ros2_ws/install/mocap4r2_control/share/mocap4r2_control/hook/cmake_prefix_path.dsv'
[3.979s] DEBUG:colcon.colcon_core.event_handler.log_command:Invoked command in '/home/strain-drone/Documents/drone_position_hold/ros2_ws/build/mocap4r2_control' returned '0': CMAKE_PREFIX_PATH=/home/strain-drone/Documents/drone_position_hold/ros2_ws/install/mocap4r2_control_msgs:/home/strain-drone/Documents/drone_position_hold/ros2_ws/install/rqt_mocap4r2_control:/home/strain-drone/Documents/drone_position_hold/ros2_ws/install/natnet_ros2:/home/strain-drone/Documents/drone_position_hold/ros2_ws/install/mocap4r2_vicon_driver:/home/strain-drone/Documents/drone_position_hold/ros2_ws/install/mocap4r2_robot_gt:/home/strain-drone/Documents/drone_position_hold/ros2_ws/install/mocap4r2_robot_gt_msgs:/home/strain-drone/Documents/drone_position_hold/ros2_ws/install/mocap4r2_marker_viz:/home/strain-drone/Documents/drone_position_hold/ros2_ws/install/mocap4r2_marker_publisher:/home/strain-drone/Documents/drone_position_hold/ros2_ws/install/mocap4r2_dummy_driver:/home/strain-drone/Documents/drone_position_hold/ros2_ws/install/mocap4r2_msgs:/home/strain-drone/Documents/drone_position_hold/ros2_ws/install/mocap4r2_marker_viz_srvs:/home/strain-drone/Documents/drone_position_hold/ros2_ws/install/mocap4r2_control:/opt/ros/jazzy/opt/gz_math_vendor:/opt/ros/jazzy/opt/gz_utils_vendor:/opt/ros/jazzy/opt/gz_cmake_vendor:/home/strain-drone/Documents/drone_position_hold/ros2_ws/install/visualizer:/home/strain-drone/Documents/drone_position_hold/ros2_ws/install/position_publisher:/home/strain-drone/Documents/drone_position_hold/ros2_ws/install/mocap4r2cli:/home/strain-drone/Documents/drone_position_hold/ros2_ws/install/mavros_config:/opt/ros/jazzy DEBUGINFOD_URLS=https://debuginfod.ubuntu.com LD_LIBRARY_PATH=/home/strain-drone/Documents/drone_position_hold/ros2_ws/install/mocap4r2_control_msgs/lib:/home/strain-drone/Documents/drone_position_hold/ros2_ws/install/rqt_mocap4r2_control/lib:/home/strain-drone/Documents/drone_position_hold/ros2_ws/install/natnet_ros2/lib:/home/strain-drone/Documents/drone_position_hold/ros2_ws/install/mocap4r2_vicon_driver/lib:/home/strain-drone/Documents/drone_position_hold/ros2_ws/install/mocap4r2_robot_gt/lib:/home/strain-drone/Documents/drone_position_hold/ros2_ws/install/mocap4r2_robot_gt_msgs/lib:/home/strain-drone/Documents/drone_position_hold/ros2_ws/install/mocap4r2_msgs/lib:/home/strain-drone/Documents/drone_position_hold/ros2_ws/install/mocap4r2_marker_viz_srvs/lib:/home/strain-drone/Documents/drone_position_hold/ros2_ws/install/mocap4r2_control/lib:/opt/ros/jazzy/opt/rviz_ogre_vendor/lib:/opt/ros/jazzy/lib/aarch64-linux-gnu:/opt/ros/jazzy/opt/gz_math_vendor/lib:/opt/ros/jazzy/opt/gz_utils_vendor/lib:/opt/ros/jazzy/opt/gz_cmake_vendor/lib:/opt/ros/jazzy/lib:/home/strain-drone/Documents/drone_position_hold/ros2_ws/src/natnet_ros2/deps/NatNetSDK/lib PS1=(venv-ardupilot) \[\e]0;\u@\h: \w\a\]${debian_chroot:+($debian_chroot)}\[\033[01;32m\]\u@\h\[\033[00m\]:\[\033[01;34m\]\w\[\033[00m\]\$ PYTHONPATH=/home/strain-drone/Documents/drone_position_hold/ros2_ws/install/mocap4r2_control_msgs/lib/python3.12/site-packages:/home/strain-drone/Documents/drone_position_hold/ros2_ws/install/visualizer/lib/python3.12/site-packages:/home/strain-drone/Documents/drone_position_hold/ros2_ws/install/position_publisher/lib/python3.12/site-packages:/home/strain-drone/Documents/drone_position_hold/ros2_ws/install/natnet_ros2/lib/python3.12/site-packages:/home/strain-drone/Documents/drone_position_hold/ros2_ws/install/mocap4r2cli/lib/python3.12/site-packages:/home/strain-drone/Documents/drone_position_hold/ros2_ws/install/mocap4r2_robot_gt_msgs/lib/python3.12/site-packages:/home/strain-drone/Documents/drone_position_hold/ros2_ws/install/mocap4r2_msgs/lib/python3.12/site-packages:/home/strain-drone/Documents/drone_position_hold/ros2_ws/install/mocap4r2_marker_viz_srvs/lib/python3.12/site-packages:/home/strain-drone/Documents/drone_position_hold/ros2_ws/install/mavros_config/lib/python3.12/site-packages:/opt/ros/jazzy/lib/python3.12/site-packages VIRTUAL_ENV_PROMPT=(venv-ardupilot) /usr/bin/cmake --install /home/strain-drone/Documents/drone_position_hold/ros2_ws/build/mocap4r2_control
[3.985s] INFO:colcon.colcon_core.shell:Creating environment hook '/home/strain-drone/Documents/drone_position_hold/ros2_ws/install/mocap4r2_control/share/mocap4r2_control/hook/cmake_prefix_path.sh'
[3.986s] Level 1:colcon.colcon_core.environment:checking '/home/strain-drone/Documents/drone_position_hold/ros2_ws/install/mocap4r2_control/lib'
[3.987s] Level 1:colcon.colcon_core.shell:create_environment_hook('mocap4r2_control', 'ld_library_path_lib')
[3.987s] INFO:colcon.colcon_core.shell:Creating environment hook '/home/strain-drone/Documents/drone_position_hold/ros2_ws/install/mocap4r2_control/share/mocap4r2_control/hook/ld_library_path_lib.ps1'
[3.989s] INFO:colcon.colcon_core.shell:Creating environment descriptor '/home/strain-drone/Documents/drone_position_hold/ros2_ws/install/mocap4r2_control/share/mocap4r2_control/hook/ld_library_path_lib.dsv'
[3.992s] INFO:colcon.colcon_core.shell:Creating environment hook '/home/strain-drone/Documents/drone_position_hold/ros2_ws/install/mocap4r2_control/share/mocap4r2_control/hook/ld_library_path_lib.sh'
[3.993s] Level 1:colcon.colcon_core.environment:checking '/home/strain-drone/Documents/drone_position_hold/ros2_ws/install/mocap4r2_control/bin'
[3.993s] Level 1:colcon.colcon_core.environment:checking '/home/strain-drone/Documents/drone_position_hold/ros2_ws/install/mocap4r2_control/lib/pkgconfig/mocap4r2_control.pc'
[3.994s] Level 1:colcon.colcon_core.environment:checking '/home/strain-drone/Documents/drone_position_hold/ros2_ws/install/mocap4r2_control/lib/python3.12/site-packages'
[3.994s] Level 1:colcon.colcon_core.environment:checking '/home/strain-drone/Documents/drone_position_hold/ros2_ws/install/mocap4r2_control/bin'
[3.997s] INFO:colcon.colcon_core.shell:Creating package script '/home/strain-drone/Documents/drone_position_hold/ros2_ws/install/mocap4r2_control/share/mocap4r2_control/package.ps1'
[3.998s] INFO:colcon.colcon_core.shell:Creating package descriptor '/home/strain-drone/Documents/drone_position_hold/ros2_ws/install/mocap4r2_control/share/mocap4r2_control/package.dsv'
[4.001s] INFO:colcon.colcon_core.shell:Creating package script '/home/strain-drone/Documents/drone_position_hold/ros2_ws/install/mocap4r2_control/share/mocap4r2_control/package.sh'
[4.004s] INFO:colcon.colcon_core.shell:Creating package script '/home/strain-drone/Documents/drone_position_hold/ros2_ws/install/mocap4r2_control/share/mocap4r2_control/package.bash'
[4.006s] INFO:colcon.colcon_core.shell:Creating package script '/home/strain-drone/Documents/drone_position_hold/ros2_ws/install/mocap4r2_control/share/mocap4r2_control/package.zsh'
[4.008s] Level 1:colcon.colcon_core.environment:create_file_with_runtime_dependencies(/home/strain-drone/Documents/drone_position_hold/ros2_ws/install/mocap4r2_control/share/colcon-core/packages/mocap4r2_control)
[4.013s] Level 1:colcon.colcon_core.environment:create_environment_scripts_only(mocap4r2_control)
[4.015s] Level 1:colcon.colcon_core.environment:checking '/home/strain-drone/Documents/drone_position_hold/ros2_ws/install/mocap4r2_control' for CMake module files
[4.016s] Level 1:colcon.colcon_core.environment:checking '/home/strain-drone/Documents/drone_position_hold/ros2_ws/install/mocap4r2_control' for CMake config files
[4.017s] Level 1:colcon.colcon_core.shell:create_environment_hook('mocap4r2_control', 'cmake_prefix_path')
[4.018s] INFO:colcon.colcon_core.shell:Creating environment hook '/home/strain-drone/Documents/drone_position_hold/ros2_ws/install/mocap4r2_control/share/mocap4r2_control/hook/cmake_prefix_path.ps1'
[4.020s] INFO:colcon.colcon_core.shell:Creating environment descriptor '/home/strain-drone/Documents/drone_position_hold/ros2_ws/install/mocap4r2_control/share/mocap4r2_control/hook/cmake_prefix_path.dsv'
[4.023s] INFO:colcon.colcon_core.shell:Creating environment hook '/home/strain-drone/Documents/drone_position_hold/ros2_ws/install/mocap4r2_control/share/mocap4r2_control/hook/cmake_prefix_path.sh'
[4.029s] Level 1:colcon.colcon_core.environment:checking '/home/strain-drone/Documents/drone_position_hold/ros2_ws/install/mocap4r2_control/lib'
[4.029s] Level 1:colcon.colcon_core.shell:create_environment_hook('mocap4r2_control', 'ld_library_path_lib')
[4.029s] INFO:colcon.colcon_core.shell:Creating environment hook '/home/strain-drone/Documents/drone_position_hold/ros2_ws/install/mocap4r2_control/share/mocap4r2_control/hook/ld_library_path_lib.ps1'
[4.030s] INFO:colcon.colcon_core.shell:Creating environment descriptor '/home/strain-drone/Documents/drone_position_hold/ros2_ws/install/mocap4r2_control/share/mocap4r2_control/hook/ld_library_path_lib.dsv'
[4.031s] INFO:colcon.colcon_core.shell:Creating environment hook '/home/strain-drone/Documents/drone_position_hold/ros2_ws/install/mocap4r2_control/share/mocap4r2_control/hook/ld_library_path_lib.sh'
[4.035s] Level 1:colcon.colcon_core.environment:checking '/home/strain-drone/Documents/drone_position_hold/ros2_ws/install/mocap4r2_control/bin'
[4.035s] Level 1:colcon.colcon_core.environment:checking '/home/strain-drone/Documents/drone_position_hold/ros2_ws/install/mocap4r2_control/lib/pkgconfig/mocap4r2_control.pc'
[4.035s] Level 1:colcon.colcon_core.environment:checking '/home/strain-drone/Documents/drone_position_hold/ros2_ws/install/mocap4r2_control/lib/python3.12/site-packages'
[4.036s] Level 1:colcon.colcon_core.environment:checking '/home/strain-drone/Documents/drone_position_hold/ros2_ws/install/mocap4r2_control/bin'
[4.036s] INFO:colcon.colcon_core.shell:Creating package script '/home/strain-drone/Documents/drone_position_hold/ros2_ws/install/mocap4r2_control/share/mocap4r2_control/package.ps1'
[4.042s] INFO:colcon.colcon_core.shell:Creating package descriptor '/home/strain-drone/Documents/drone_position_hold/ros2_ws/install/mocap4r2_control/share/mocap4r2_control/package.dsv'
[4.043s] INFO:colcon.colcon_core.shell:Creating package script '/home/strain-drone/Documents/drone_position_hold/ros2_ws/install/mocap4r2_control/share/mocap4r2_control/package.sh'
[4.047s] INFO:colcon.colcon_core.shell:Creating package script '/home/strain-drone/Documents/drone_position_hold/ros2_ws/install/mocap4r2_control/share/mocap4r2_control/package.bash'
[4.048s] INFO:colcon.colcon_core.shell:Creating package script '/home/strain-drone/Documents/drone_position_hold/ros2_ws/install/mocap4r2_control/share/mocap4r2_control/package.zsh'
[4.052s] Level 1:colcon.colcon_core.environment:create_file_with_runtime_dependencies(/home/strain-drone/Documents/drone_position_hold/ros2_ws/install/mocap4r2_control/share/colcon-core/packages/mocap4r2_control)
[4.056s] INFO:colcon.colcon_ros.task.ament_python.build:Building ROS package in '/home/strain-drone/Documents/drone_position_hold/ros2_ws/src/visualizer' with build type 'ament_python'
[4.057s] Level 1:colcon.colcon_core.shell:create_environment_hook('visualizer', 'ament_prefix_path')
[4.057s] INFO:colcon.colcon_core.shell:Creating environment hook '/home/strain-drone/Documents/drone_position_hold/ros2_ws/install/visualizer/share/visualizer/hook/ament_prefix_path.ps1'
[4.058s] INFO:colcon.colcon_core.shell:Creating environment descriptor '/home/strain-drone/Documents/drone_position_hold/ros2_ws/install/visualizer/share/visualizer/hook/ament_prefix_path.dsv'
[4.062s] INFO:colcon.colcon_core.shell:Creating environment hook '/home/strain-drone/Documents/drone_position_hold/ros2_ws/install/visualizer/share/visualizer/hook/ament_prefix_path.sh'
[4.064s] INFO:colcon.colcon_core.shell:Skip shell extension 'powershell' for command environment: Not usable outside of PowerShell
[4.064s] DEBUG:colcon.colcon_core.shell:Skip shell extension 'dsv' for command environment
[4.548s] INFO:colcon.colcon_core.task.python.build:Building Python package in '/home/strain-drone/Documents/drone_position_hold/ros2_ws/src/visualizer'
[4.549s] INFO:colcon.colcon_core.shell:Skip shell extension 'powershell' for command environment: Not usable outside of PowerShell
[4.549s] DEBUG:colcon.colcon_core.shell:Skip shell extension 'dsv' for command environment
[4.558s] DEBUG:colcon.colcon_core.event_handler.log_command:Invoked command in '/home/strain-drone/Documents/drone_position_hold/ros2_ws/build/natnet_ros2' returned '0': CMAKE_PREFIX_PATH=${CMAKE_PREFIX_PATH}:/home/strain-drone/Documents/drone_position_hold/ros2_ws/install/visualizer:/home/strain-drone/Documents/drone_position_hold/ros2_ws/install/position_publisher:/home/strain-drone/Documents/drone_position_hold/ros2_ws/install/mocap4r2cli:/home/strain-drone/Documents/drone_position_hold/ros2_ws/install/mavros_config:/opt/ros/jazzy DEBUGINFOD_URLS=https://debuginfod.ubuntu.com PS1=(venv-ardupilot) \[\e]0;\u@\h: \w\a\]${debian_chroot:+($debian_chroot)}\[\033[01;32m\]\u@\h\[\033[00m\]:\[\033[01;34m\]\w\[\033[00m\]\$ VIRTUAL_ENV_PROMPT=(venv-ardupilot) /usr/bin/cmake --build /home/strain-drone/Documents/drone_position_hold/ros2_ws/build/natnet_ros2 -- -j4 -l4
[4.561s] DEBUG:colcon.colcon_core.event_handler.log_command:Invoking command in '/home/strain-drone/Documents/drone_position_hold/ros2_ws/build/natnet_ros2': CMAKE_PREFIX_PATH=${CMAKE_PREFIX_PATH}:/home/strain-drone/Documents/drone_position_hold/ros2_ws/install/visualizer:/home/strain-drone/Documents/drone_position_hold/ros2_ws/install/position_publisher:/home/strain-drone/Documents/drone_position_hold/ros2_ws/install/mocap4r2cli:/home/strain-drone/Documents/drone_position_hold/ros2_ws/install/mavros_config:/opt/ros/jazzy DEBUGINFOD_URLS=https://debuginfod.ubuntu.com PS1=(venv-ardupilot) \[\e]0;\u@\h: \w\a\]${debian_chroot:+($debian_chroot)}\[\033[01;32m\]\u@\h\[\033[00m\]:\[\033[01;34m\]\w\[\033[00m\]\$ VIRTUAL_ENV_PROMPT=(venv-ardupilot) /usr/bin/cmake --install /home/strain-drone/Documents/drone_position_hold/ros2_ws/build/natnet_ros2
[4.666s] DEBUG:colcon.colcon_core.event_handler.log_command:Invoking command in '/home/strain-drone/Documents/drone_position_hold/ros2_ws/src/mavros_config': DEBUGINFOD_URLS=https://debuginfod.ubuntu.com PS1=(venv-ardupilot) \[\e]0;\u@\h: \w\a\]${debian_chroot:+($debian_chroot)}\[\033[01;32m\]\u@\h\[\033[00m\]:\[\033[01;34m\]\w\[\033[00m\]\$ PYTHONPATH=/home/strain-drone/Documents/drone_position_hold/ros2_ws/build/mavros_config/prefix_override:/usr/lib/python3/dist-packages/colcon_core/task/python/colcon_distutils_commands:/home/strain-drone/Documents/drone_position_hold/ros2_ws/install/mavros_config/lib/python3.12/site-packages:${PYTHONPATH} VIRTUAL_ENV_PROMPT=(venv-ardupilot) /usr/bin/python3 -W ignore:setup.py install is deprecated -W ignore:easy_install command is deprecated setup.py egg_info --egg-base ../../build/mavros_config build --build-base /home/strain-drone/Documents/drone_position_hold/ros2_ws/build/mavros_config/build install --record /home/strain-drone/Documents/drone_position_hold/ros2_ws/build/mavros_config/install.log --single-version-externally-managed install_data
[4.820s] Level 1:colcon.colcon_core.environment:create_environment_scripts_only(natnet_ros2)
[4.820s] Level 1:colcon.colcon_core.environment:checking '/home/strain-drone/Documents/drone_position_hold/ros2_ws/install/natnet_ros2' for CMake module files
[4.821s] Level 1:colcon.colcon_core.environment:checking '/home/strain-drone/Documents/drone_position_hold/ros2_ws/install/natnet_ros2' for CMake config files
[4.822s] Level 1:colcon.colcon_core.shell:create_environment_hook('natnet_ros2', 'cmake_prefix_path')
[4.823s] INFO:colcon.colcon_core.shell:Creating environment hook '/home/strain-drone/Documents/drone_position_hold/ros2_ws/install/natnet_ros2/share/natnet_ros2/hook/cmake_prefix_path.ps1'
[4.823s] DEBUG:colcon.colcon_core.event_handler.log_command:Invoked command in '/home/strain-drone/Documents/drone_position_hold/ros2_ws/build/natnet_ros2' returned '0': CMAKE_PREFIX_PATH=${CMAKE_PREFIX_PATH}:/home/strain-drone/Documents/drone_position_hold/ros2_ws/install/visualizer:/home/strain-drone/Documents/drone_position_hold/ros2_ws/install/position_publisher:/home/strain-drone/Documents/drone_position_hold/ros2_ws/install/mocap4r2cli:/home/strain-drone/Documents/drone_position_hold/ros2_ws/install/mavros_config:/opt/ros/jazzy DEBUGINFOD_URLS=https://debuginfod.ubuntu.com PS1=(venv-ardupilot) \[\e]0;\u@\h: \w\a\]${debian_chroot:+($debian_chroot)}\[\033[01;32m\]\u@\h\[\033[00m\]:\[\033[01;34m\]\w\[\033[00m\]\$ VIRTUAL_ENV_PROMPT=(venv-ardupilot) /usr/bin/cmake --install /home/strain-drone/Documents/drone_position_hold/ros2_ws/build/natnet_ros2
[4.824s] INFO:colcon.colcon_core.shell:Creating environment descriptor '/home/strain-drone/Documents/drone_position_hold/ros2_ws/install/natnet_ros2/share/natnet_ros2/hook/cmake_prefix_path.dsv'
[4.825s] INFO:colcon.colcon_core.shell:Creating environment hook '/home/strain-drone/Documents/drone_position_hold/ros2_ws/install/natnet_ros2/share/natnet_ros2/hook/cmake_prefix_path.sh'
[4.827s] Level 1:colcon.colcon_core.environment:checking '/home/strain-drone/Documents/drone_position_hold/ros2_ws/install/natnet_ros2/lib'
[4.827s] Level 1:colcon.colcon_core.shell:create_environment_hook('natnet_ros2', 'ld_library_path_lib')
[4.827s] INFO:colcon.colcon_core.shell:Creating environment hook '/home/strain-drone/Documents/drone_position_hold/ros2_ws/install/natnet_ros2/share/natnet_ros2/hook/ld_library_path_lib.ps1'
[4.828s] INFO:colcon.colcon_core.shell:Creating environment descriptor '/home/strain-drone/Documents/drone_position_hold/ros2_ws/install/natnet_ros2/share/natnet_ros2/hook/ld_library_path_lib.dsv'
[4.829s] INFO:colcon.colcon_core.shell:Creating environment hook '/home/strain-drone/Documents/drone_position_hold/ros2_ws/install/natnet_ros2/share/natnet_ros2/hook/ld_library_path_lib.sh'
[4.831s] Level 1:colcon.colcon_core.environment:checking '/home/strain-drone/Documents/drone_position_hold/ros2_ws/install/natnet_ros2/bin'
[4.831s] Level 1:colcon.colcon_core.shell:create_environment_hook('natnet_ros2', 'path')
[4.831s] INFO:colcon.colcon_core.shell:Creating environment hook '/home/strain-drone/Documents/drone_position_hold/ros2_ws/install/natnet_ros2/share/natnet_ros2/hook/path.ps1'
[4.832s] INFO:colcon.colcon_core.shell:Creating environment descriptor '/home/strain-drone/Documents/drone_position_hold/ros2_ws/install/natnet_ros2/share/natnet_ros2/hook/path.dsv'
[4.834s] INFO:colcon.colcon_core.shell:Creating environment hook '/home/strain-drone/Documents/drone_position_hold/ros2_ws/install/natnet_ros2/share/natnet_ros2/hook/path.sh'
[4.835s] Level 1:colcon.colcon_core.environment:checking '/home/strain-drone/Documents/drone_position_hold/ros2_ws/install/natnet_ros2/lib/pkgconfig/natnet_ros2.pc'
[4.836s] Level 1:colcon.colcon_core.environment:checking '/home/strain-drone/Documents/drone_position_hold/ros2_ws/install/natnet_ros2/lib/python3.12/site-packages'
[4.836s] Level 1:colcon.colcon_core.shell:create_environment_hook('natnet_ros2', 'pythonpath')
[4.836s] INFO:colcon.colcon_core.shell:Creating environment hook '/home/strain-drone/Documents/drone_position_hold/ros2_ws/install/natnet_ros2/share/natnet_ros2/hook/pythonpath.ps1'
[4.837s] INFO:colcon.colcon_core.shell:Creating environment descriptor '/home/strain-drone/Documents/drone_position_hold/ros2_ws/install/natnet_ros2/share/natnet_ros2/hook/pythonpath.dsv'
[4.839s] INFO:colcon.colcon_core.shell:Creating environment hook '/home/strain-drone/Documents/drone_position_hold/ros2_ws/install/natnet_ros2/share/natnet_ros2/hook/pythonpath.sh'
[4.841s] Level 1:colcon.colcon_core.environment:checking '/home/strain-drone/Documents/drone_position_hold/ros2_ws/install/natnet_ros2/bin'
[4.841s] Level 1:colcon.colcon_core.shell:create_environment_hook('natnet_ros2', 'pythonscriptspath')
[4.842s] INFO:colcon.colcon_core.shell:Creating environment hook '/home/strain-drone/Documents/drone_position_hold/ros2_ws/install/natnet_ros2/share/natnet_ros2/hook/pythonscriptspath.ps1'
[4.842s] INFO:colcon.colcon_core.shell:Creating environment descriptor '/home/strain-drone/Documents/drone_position_hold/ros2_ws/install/natnet_ros2/share/natnet_ros2/hook/pythonscriptspath.dsv'
[4.847s] INFO:colcon.colcon_core.shell:Creating environment hook '/home/strain-drone/Documents/drone_position_hold/ros2_ws/install/natnet_ros2/share/natnet_ros2/hook/pythonscriptspath.sh'
[4.848s] INFO:colcon.colcon_core.shell:Creating package script '/home/strain-drone/Documents/drone_position_hold/ros2_ws/install/natnet_ros2/share/natnet_ros2/package.ps1'
[4.849s] INFO:colcon.colcon_core.shell:Creating package descriptor '/home/strain-drone/Documents/drone_position_hold/ros2_ws/install/natnet_ros2/share/natnet_ros2/package.dsv'
[4.851s] INFO:colcon.colcon_core.shell:Creating package script '/home/strain-drone/Documents/drone_position_hold/ros2_ws/install/natnet_ros2/share/natnet_ros2/package.sh'
[4.852s] INFO:colcon.colcon_core.shell:Creating package script '/home/strain-drone/Documents/drone_position_hold/ros2_ws/install/natnet_ros2/share/natnet_ros2/package.bash'
[4.852s] INFO:colcon.colcon_core.shell:Creating package script '/home/strain-drone/Documents/drone_position_hold/ros2_ws/install/natnet_ros2/share/natnet_ros2/package.zsh'
[4.853s] Level 1:colcon.colcon_core.environment:create_file_with_runtime_dependencies(/home/strain-drone/Documents/drone_position_hold/ros2_ws/install/natnet_ros2/share/colcon-core/packages/natnet_ros2)
[4.855s] Level 1:colcon.colcon_core.environment:create_environment_scripts_only(natnet_ros2)
[4.855s] Level 1:colcon.colcon_core.environment:checking '/home/strain-drone/Documents/drone_position_hold/ros2_ws/install/natnet_ros2' for CMake module files
[4.856s] Level 1:colcon.colcon_core.environment:checking '/home/strain-drone/Documents/drone_position_hold/ros2_ws/install/natnet_ros2' for CMake config files
[4.857s] Level 1:colcon.colcon_core.shell:create_environment_hook('natnet_ros2', 'cmake_prefix_path')
[4.857s] INFO:colcon.colcon_core.shell:Creating environment hook '/home/strain-drone/Documents/drone_position_hold/ros2_ws/install/natnet_ros2/share/natnet_ros2/hook/cmake_prefix_path.ps1'
[4.858s] INFO:colcon.colcon_core.shell:Creating environment descriptor '/home/strain-drone/Documents/drone_position_hold/ros2_ws/install/natnet_ros2/share/natnet_ros2/hook/cmake_prefix_path.dsv'
[4.859s] INFO:colcon.colcon_core.shell:Creating environment hook '/home/strain-drone/Documents/drone_position_hold/ros2_ws/install/natnet_ros2/share/natnet_ros2/hook/cmake_prefix_path.sh'
[4.861s] Level 1:colcon.colcon_core.environment:checking '/home/strain-drone/Documents/drone_position_hold/ros2_ws/install/natnet_ros2/lib'
[4.861s] Level 1:colcon.colcon_core.shell:create_environment_hook('natnet_ros2', 'ld_library_path_lib')
[4.862s] INFO:colcon.colcon_core.shell:Creating environment hook '/home/strain-drone/Documents/drone_position_hold/ros2_ws/install/natnet_ros2/share/natnet_ros2/hook/ld_library_path_lib.ps1'
[4.862s] INFO:colcon.colcon_core.shell:Creating environment descriptor '/home/strain-drone/Documents/drone_position_hold/ros2_ws/install/natnet_ros2/share/natnet_ros2/hook/ld_library_path_lib.dsv'
[4.864s] INFO:colcon.colcon_core.shell:Creating environment hook '/home/strain-drone/Documents/drone_position_hold/ros2_ws/install/natnet_ros2/share/natnet_ros2/hook/ld_library_path_lib.sh'
[4.865s] Level 1:colcon.colcon_core.environment:checking '/home/strain-drone/Documents/drone_position_hold/ros2_ws/install/natnet_ros2/bin'
[4.865s] Level 1:colcon.colcon_core.shell:create_environment_hook('natnet_ros2', 'path')
[4.865s] INFO:colcon.colcon_core.shell:Creating environment hook '/home/strain-drone/Documents/drone_position_hold/ros2_ws/install/natnet_ros2/share/natnet_ros2/hook/path.ps1'
[4.866s] INFO:colcon.colcon_core.shell:Creating environment descriptor '/home/strain-drone/Documents/drone_position_hold/ros2_ws/install/natnet_ros2/share/natnet_ros2/hook/path.dsv'
[4.867s] INFO:colcon.colcon_core.shell:Creating environment hook '/home/strain-drone/Documents/drone_position_hold/ros2_ws/install/natnet_ros2/share/natnet_ros2/hook/path.sh'
[4.869s] Level 1:colcon.colcon_core.environment:checking '/home/strain-drone/Documents/drone_position_hold/ros2_ws/install/natnet_ros2/lib/pkgconfig/natnet_ros2.pc'
[4.869s] Level 1:colcon.colcon_core.environment:checking '/home/strain-drone/Documents/drone_position_hold/ros2_ws/install/natnet_ros2/lib/python3.12/site-packages'
[4.869s] Level 1:colcon.colcon_core.shell:create_environment_hook('natnet_ros2', 'pythonpath')
[4.870s] INFO:colcon.colcon_core.shell:Creating environment hook '/home/strain-drone/Documents/drone_position_hold/ros2_ws/install/natnet_ros2/share/natnet_ros2/hook/pythonpath.ps1'
[4.870s] INFO:colcon.colcon_core.shell:Creating environment descriptor '/home/strain-drone/Documents/drone_position_hold/ros2_ws/install/natnet_ros2/share/natnet_ros2/hook/pythonpath.dsv'
[4.872s] INFO:colcon.colcon_core.shell:Creating environment hook '/home/strain-drone/Documents/drone_position_hold/ros2_ws/install/natnet_ros2/share/natnet_ros2/hook/pythonpath.sh'
[4.874s] Level 1:colcon.colcon_core.environment:checking '/home/strain-drone/Documents/drone_position_hold/ros2_ws/install/natnet_ros2/bin'
[4.874s] Level 1:colcon.colcon_core.shell:create_environment_hook('natnet_ros2', 'pythonscriptspath')
[4.874s] INFO:colcon.colcon_core.shell:Creating environment hook '/home/strain-drone/Documents/drone_position_hold/ros2_ws/install/natnet_ros2/share/natnet_ros2/hook/pythonscriptspath.ps1'
[4.875s] INFO:colcon.colcon_core.shell:Creating environment descriptor '/home/strain-drone/Documents/drone_position_hold/ros2_ws/install/natnet_ros2/share/natnet_ros2/hook/pythonscriptspath.dsv'
[4.877s] INFO:colcon.colcon_core.shell:Creating environment hook '/home/strain-drone/Documents/drone_position_hold/ros2_ws/install/natnet_ros2/share/natnet_ros2/hook/pythonscriptspath.sh'
[4.879s] INFO:colcon.colcon_core.shell:Creating package script '/home/strain-drone/Documents/drone_position_hold/ros2_ws/install/natnet_ros2/share/natnet_ros2/package.ps1'
[4.880s] INFO:colcon.colcon_core.shell:Creating package descriptor '/home/strain-drone/Documents/drone_position_hold/ros2_ws/install/natnet_ros2/share/natnet_ros2/package.dsv'
[4.884s] INFO:colcon.colcon_core.shell:Creating package script '/home/strain-drone/Documents/drone_position_hold/ros2_ws/install/natnet_ros2/share/natnet_ros2/package.sh'
[4.885s] INFO:colcon.colcon_core.shell:Creating package script '/home/strain-drone/Documents/drone_position_hold/ros2_ws/install/natnet_ros2/share/natnet_ros2/package.bash'
[4.886s] INFO:colcon.colcon_core.shell:Creating package script '/home/strain-drone/Documents/drone_position_hold/ros2_ws/install/natnet_ros2/share/natnet_ros2/package.zsh'
[4.887s] Level 1:colcon.colcon_core.environment:create_file_with_runtime_dependencies(/home/strain-drone/Documents/drone_position_hold/ros2_ws/install/natnet_ros2/share/colcon-core/packages/natnet_ros2)
[4.888s] INFO:colcon.colcon_ros.task.ament_cmake.build:Building ROS package in '/home/strain-drone/Documents/drone_position_hold/ros2_ws/src/mocap4r2/mocap4r2_marker_viz/mocap4r2_marker_publisher' with build type 'ament_cmake'
[4.888s] INFO:colcon.colcon_cmake.task.cmake.build:Building CMake package in '/home/strain-drone/Documents/drone_position_hold/ros2_ws/src/mocap4r2/mocap4r2_marker_viz/mocap4r2_marker_publisher'
[4.888s] INFO:colcon.colcon_core.shell:Skip shell extension 'powershell' for command environment: Not usable outside of PowerShell
[4.890s] DEBUG:colcon.colcon_core.shell:Skip shell extension 'dsv' for command environment
[4.909s] DEBUG:colcon.colcon_core.event_handler.log_command:Invoking command in '/home/strain-drone/Documents/drone_position_hold/ros2_ws/build/mocap4r2_marker_publisher': CMAKE_PREFIX_PATH=/home/strain-drone/Documents/drone_position_hold/ros2_ws/install/mocap4r2_msgs:/home/strain-drone/Documents/drone_position_hold/ros2_ws/install/rqt_mocap4r2_control:/home/strain-drone/Documents/drone_position_hold/ros2_ws/install/natnet_ros2:/home/strain-drone/Documents/drone_position_hold/ros2_ws/install/mocap4r2_vicon_driver:/home/strain-drone/Documents/drone_position_hold/ros2_ws/install/mocap4r2_robot_gt:/home/strain-drone/Documents/drone_position_hold/ros2_ws/install/mocap4r2_robot_gt_msgs:/home/strain-drone/Documents/drone_position_hold/ros2_ws/install/mocap4r2_marker_viz:/home/strain-drone/Documents/drone_position_hold/ros2_ws/install/mocap4r2_marker_publisher:/home/strain-drone/Documents/drone_position_hold/ros2_ws/install/mocap4r2_dummy_driver:/home/strain-drone/Documents/drone_position_hold/ros2_ws/install/mocap4r2_marker_viz_srvs:/home/strain-drone/Documents/drone_position_hold/ros2_ws/install/mocap4r2_control:/home/strain-drone/Documents/drone_position_hold/ros2_ws/install/mocap4r2_control_msgs:/opt/ros/jazzy/opt/gz_math_vendor:/opt/ros/jazzy/opt/gz_utils_vendor:/opt/ros/jazzy/opt/gz_cmake_vendor:/home/strain-drone/Documents/drone_position_hold/ros2_ws/install/visualizer:/home/strain-drone/Documents/drone_position_hold/ros2_ws/install/position_publisher:/home/strain-drone/Documents/drone_position_hold/ros2_ws/install/mocap4r2cli:/home/strain-drone/Documents/drone_position_hold/ros2_ws/install/mavros_config:/opt/ros/jazzy DEBUGINFOD_URLS=https://debuginfod.ubuntu.com LD_LIBRARY_PATH=/home/strain-drone/Documents/drone_position_hold/ros2_ws/install/mocap4r2_msgs/lib:/home/strain-drone/Documents/drone_position_hold/ros2_ws/install/rqt_mocap4r2_control/lib:/home/strain-drone/Documents/drone_position_hold/ros2_ws/install/natnet_ros2/lib:/home/strain-drone/Documents/drone_position_hold/ros2_ws/install/mocap4r2_vicon_driver/lib:/home/strain-drone/Documents/drone_position_hold/ros2_ws/install/mocap4r2_robot_gt/lib:/home/strain-drone/Documents/drone_position_hold/ros2_ws/install/mocap4r2_robot_gt_msgs/lib:/home/strain-drone/Documents/drone_position_hold/ros2_ws/install/mocap4r2_marker_viz_srvs/lib:/home/strain-drone/Documents/drone_position_hold/ros2_ws/install/mocap4r2_control/lib:/home/strain-drone/Documents/drone_position_hold/ros2_ws/install/mocap4r2_control_msgs/lib:/opt/ros/jazzy/opt/rviz_ogre_vendor/lib:/opt/ros/jazzy/lib/aarch64-linux-gnu:/opt/ros/jazzy/opt/gz_math_vendor/lib:/opt/ros/jazzy/opt/gz_utils_vendor/lib:/opt/ros/jazzy/opt/gz_cmake_vendor/lib:/opt/ros/jazzy/lib:/home/strain-drone/Documents/drone_position_hold/ros2_ws/src/natnet_ros2/deps/NatNetSDK/lib PS1=(venv-ardupilot) \[\e]0;\u@\h: \w\a\]${debian_chroot:+($debian_chroot)}\[\033[01;32m\]\u@\h\[\033[00m\]:\[\033[01;34m\]\w\[\033[00m\]\$ PYTHONPATH=/home/strain-drone/Documents/drone_position_hold/ros2_ws/install/mocap4r2_msgs/lib/python3.12/site-packages:/home/strain-drone/Documents/drone_position_hold/ros2_ws/install/visualizer/lib/python3.12/site-packages:/home/strain-drone/Documents/drone_position_hold/ros2_ws/install/position_publisher/lib/python3.12/site-packages:/home/strain-drone/Documents/drone_position_hold/ros2_ws/install/natnet_ros2/lib/python3.12/site-packages:/home/strain-drone/Documents/drone_position_hold/ros2_ws/install/mocap4r2cli/lib/python3.12/site-packages:/home/strain-drone/Documents/drone_position_hold/ros2_ws/install/mocap4r2_robot_gt_msgs/lib/python3.12/site-packages:/home/strain-drone/Documents/drone_position_hold/ros2_ws/install/mocap4r2_marker_viz_srvs/lib/python3.12/site-packages:/home/strain-drone/Documents/drone_position_hold/ros2_ws/install/mocap4r2_control_msgs/lib/python3.12/site-packages:/home/strain-drone/Documents/drone_position_hold/ros2_ws/install/mavros_config/lib/python3.12/site-packages:/opt/ros/jazzy/lib/python3.12/site-packages VIRTUAL_ENV_PROMPT=(venv-ardupilot) /usr/bin/cmake --build /home/strain-drone/Documents/drone_position_hold/ros2_ws/build/mocap4r2_marker_publisher -- -j4 -l4
[5.063s] DEBUG:colcon.colcon_core.event_handler.log_command:Invoked command in '/home/strain-drone/Documents/drone_position_hold/ros2_ws/build/mocap4r2_marker_publisher' returned '0': CMAKE_PREFIX_PATH=/home/strain-drone/Documents/drone_position_hold/ros2_ws/install/mocap4r2_msgs:/home/strain-drone/Documents/drone_position_hold/ros2_ws/install/rqt_mocap4r2_control:/home/strain-drone/Documents/drone_position_hold/ros2_ws/install/natnet_ros2:/home/strain-drone/Documents/drone_position_hold/ros2_ws/install/mocap4r2_vicon_driver:/home/strain-drone/Documents/drone_position_hold/ros2_ws/install/mocap4r2_robot_gt:/home/strain-drone/Documents/drone_position_hold/ros2_ws/install/mocap4r2_robot_gt_msgs:/home/strain-drone/Documents/drone_position_hold/ros2_ws/install/mocap4r2_marker_viz:/home/strain-drone/Documents/drone_position_hold/ros2_ws/install/mocap4r2_marker_publisher:/home/strain-drone/Documents/drone_position_hold/ros2_ws/install/mocap4r2_dummy_driver:/home/strain-drone/Documents/drone_position_hold/ros2_ws/install/mocap4r2_marker_viz_srvs:/home/strain-drone/Documents/drone_position_hold/ros2_ws/install/mocap4r2_control:/home/strain-drone/Documents/drone_position_hold/ros2_ws/install/mocap4r2_control_msgs:/opt/ros/jazzy/opt/gz_math_vendor:/opt/ros/jazzy/opt/gz_utils_vendor:/opt/ros/jazzy/opt/gz_cmake_vendor:/home/strain-drone/Documents/drone_position_hold/ros2_ws/install/visualizer:/home/strain-drone/Documents/drone_position_hold/ros2_ws/install/position_publisher:/home/strain-drone/Documents/drone_position_hold/ros2_ws/install/mocap4r2cli:/home/strain-drone/Documents/drone_position_hold/ros2_ws/install/mavros_config:/opt/ros/jazzy DEBUGINFOD_URLS=https://debuginfod.ubuntu.com LD_LIBRARY_PATH=/home/strain-drone/Documents/drone_position_hold/ros2_ws/install/mocap4r2_msgs/lib:/home/strain-drone/Documents/drone_position_hold/ros2_ws/install/rqt_mocap4r2_control/lib:/home/strain-drone/Documents/drone_position_hold/ros2_ws/install/natnet_ros2/lib:/home/strain-drone/Documents/drone_position_hold/ros2_ws/install/mocap4r2_vicon_driver/lib:/home/strain-drone/Documents/drone_position_hold/ros2_ws/install/mocap4r2_robot_gt/lib:/home/strain-drone/Documents/drone_position_hold/ros2_ws/install/mocap4r2_robot_gt_msgs/lib:/home/strain-drone/Documents/drone_position_hold/ros2_ws/install/mocap4r2_marker_viz_srvs/lib:/home/strain-drone/Documents/drone_position_hold/ros2_ws/install/mocap4r2_control/lib:/home/strain-drone/Documents/drone_position_hold/ros2_ws/install/mocap4r2_control_msgs/lib:/opt/ros/jazzy/opt/rviz_ogre_vendor/lib:/opt/ros/jazzy/lib/aarch64-linux-gnu:/opt/ros/jazzy/opt/gz_math_vendor/lib:/opt/ros/jazzy/opt/gz_utils_vendor/lib:/opt/ros/jazzy/opt/gz_cmake_vendor/lib:/opt/ros/jazzy/lib:/home/strain-drone/Documents/drone_position_hold/ros2_ws/src/natnet_ros2/deps/NatNetSDK/lib PS1=(venv-ardupilot) \[\e]0;\u@\h: \w\a\]${debian_chroot:+($debian_chroot)}\[\033[01;32m\]\u@\h\[\033[00m\]:\[\033[01;34m\]\w\[\033[00m\]\$ PYTHONPATH=/home/strain-drone/Documents/drone_position_hold/ros2_ws/install/mocap4r2_msgs/lib/python3.12/site-packages:/home/strain-drone/Documents/drone_position_hold/ros2_ws/install/visualizer/lib/python3.12/site-packages:/home/strain-drone/Documents/drone_position_hold/ros2_ws/install/position_publisher/lib/python3.12/site-packages:/home/strain-drone/Documents/drone_position_hold/ros2_ws/install/natnet_ros2/lib/python3.12/site-packages:/home/strain-drone/Documents/drone_position_hold/ros2_ws/install/mocap4r2cli/lib/python3.12/site-packages:/home/strain-drone/Documents/drone_position_hold/ros2_ws/install/mocap4r2_robot_gt_msgs/lib/python3.12/site-packages:/home/strain-drone/Documents/drone_position_hold/ros2_ws/install/mocap4r2_marker_viz_srvs/lib/python3.12/site-packages:/home/strain-drone/Documents/drone_position_hold/ros2_ws/install/mocap4r2_control_msgs/lib/python3.12/site-packages:/home/strain-drone/Documents/drone_position_hold/ros2_ws/install/mavros_config/lib/python3.12/site-packages:/opt/ros/jazzy/lib/python3.12/site-packages VIRTUAL_ENV_PROMPT=(venv-ardupilot) /usr/bin/cmake --build /home/strain-drone/Documents/drone_position_hold/ros2_ws/build/mocap4r2_marker_publisher -- -j4 -l4
[5.066s] DEBUG:colcon.colcon_core.event_handler.log_command:Invoking command in '/home/strain-drone/Documents/drone_position_hold/ros2_ws/build/mocap4r2_marker_publisher': CMAKE_PREFIX_PATH=/home/strain-drone/Documents/drone_position_hold/ros2_ws/install/mocap4r2_msgs:/home/strain-drone/Documents/drone_position_hold/ros2_ws/install/rqt_mocap4r2_control:/home/strain-drone/Documents/drone_position_hold/ros2_ws/install/natnet_ros2:/home/strain-drone/Documents/drone_position_hold/ros2_ws/install/mocap4r2_vicon_driver:/home/strain-drone/Documents/drone_position_hold/ros2_ws/install/mocap4r2_robot_gt:/home/strain-drone/Documents/drone_position_hold/ros2_ws/install/mocap4r2_robot_gt_msgs:/home/strain-drone/Documents/drone_position_hold/ros2_ws/install/mocap4r2_marker_viz:/home/strain-drone/Documents/drone_position_hold/ros2_ws/install/mocap4r2_marker_publisher:/home/strain-drone/Documents/drone_position_hold/ros2_ws/install/mocap4r2_dummy_driver:/home/strain-drone/Documents/drone_position_hold/ros2_ws/install/mocap4r2_marker_viz_srvs:/home/strain-drone/Documents/drone_position_hold/ros2_ws/install/mocap4r2_control:/home/strain-drone/Documents/drone_position_hold/ros2_ws/install/mocap4r2_control_msgs:/opt/ros/jazzy/opt/gz_math_vendor:/opt/ros/jazzy/opt/gz_utils_vendor:/opt/ros/jazzy/opt/gz_cmake_vendor:/home/strain-drone/Documents/drone_position_hold/ros2_ws/install/visualizer:/home/strain-drone/Documents/drone_position_hold/ros2_ws/install/position_publisher:/home/strain-drone/Documents/drone_position_hold/ros2_ws/install/mocap4r2cli:/home/strain-drone/Documents/drone_position_hold/ros2_ws/install/mavros_config:/opt/ros/jazzy DEBUGINFOD_URLS=https://debuginfod.ubuntu.com LD_LIBRARY_PATH=/home/strain-drone/Documents/drone_position_hold/ros2_ws/install/mocap4r2_msgs/lib:/home/strain-drone/Documents/drone_position_hold/ros2_ws/install/rqt_mocap4r2_control/lib:/home/strain-drone/Documents/drone_position_hold/ros2_ws/install/natnet_ros2/lib:/home/strain-drone/Documents/drone_position_hold/ros2_ws/install/mocap4r2_vicon_driver/lib:/home/strain-drone/Documents/drone_position_hold/ros2_ws/install/mocap4r2_robot_gt/lib:/home/strain-drone/Documents/drone_position_hold/ros2_ws/install/mocap4r2_robot_gt_msgs/lib:/home/strain-drone/Documents/drone_position_hold/ros2_ws/install/mocap4r2_marker_viz_srvs/lib:/home/strain-drone/Documents/drone_position_hold/ros2_ws/install/mocap4r2_control/lib:/home/strain-drone/Documents/drone_position_hold/ros2_ws/install/mocap4r2_control_msgs/lib:/opt/ros/jazzy/opt/rviz_ogre_vendor/lib:/opt/ros/jazzy/lib/aarch64-linux-gnu:/opt/ros/jazzy/opt/gz_math_vendor/lib:/opt/ros/jazzy/opt/gz_utils_vendor/lib:/opt/ros/jazzy/opt/gz_cmake_vendor/lib:/opt/ros/jazzy/lib:/home/strain-drone/Documents/drone_position_hold/ros2_ws/src/natnet_ros2/deps/NatNetSDK/lib PS1=(venv-ardupilot) \[\e]0;\u@\h: \w\a\]${debian_chroot:+($debian_chroot)}\[\033[01;32m\]\u@\h\[\033[00m\]:\[\033[01;34m\]\w\[\033[00m\]\$ PYTHONPATH=/home/strain-drone/Documents/drone_position_hold/ros2_ws/install/mocap4r2_msgs/lib/python3.12/site-packages:/home/strain-drone/Documents/drone_position_hold/ros2_ws/install/visualizer/lib/python3.12/site-packages:/home/strain-drone/Documents/drone_position_hold/ros2_ws/install/position_publisher/lib/python3.12/site-packages:/home/strain-drone/Documents/drone_position_hold/ros2_ws/install/natnet_ros2/lib/python3.12/site-packages:/home/strain-drone/Documents/drone_position_hold/ros2_ws/install/mocap4r2cli/lib/python3.12/site-packages:/home/strain-drone/Documents/drone_position_hold/ros2_ws/install/mocap4r2_robot_gt_msgs/lib/python3.12/site-packages:/home/strain-drone/Documents/drone_position_hold/ros2_ws/install/mocap4r2_marker_viz_srvs/lib/python3.12/site-packages:/home/strain-drone/Documents/drone_position_hold/ros2_ws/install/mocap4r2_control_msgs/lib/python3.12/site-packages:/home/strain-drone/Documents/drone_position_hold/ros2_ws/install/mavros_config/lib/python3.12/site-packages:/opt/ros/jazzy/lib/python3.12/site-packages VIRTUAL_ENV_PROMPT=(venv-ardupilot) /usr/bin/cmake --install /home/strain-drone/Documents/drone_position_hold/ros2_ws/build/mocap4r2_marker_publisher
[5.097s] Level 1:colcon.colcon_core.environment:create_environment_scripts_only(mocap4r2_marker_publisher)
[5.097s] Level 1:colcon.colcon_core.environment:checking '/home/strain-drone/Documents/drone_position_hold/ros2_ws/install/mocap4r2_marker_publisher' for CMake module files
[5.098s] Level 1:colcon.colcon_core.environment:checking '/home/strain-drone/Documents/drone_position_hold/ros2_ws/install/mocap4r2_marker_publisher' for CMake config files
[5.099s] Level 1:colcon.colcon_core.shell:create_environment_hook('mocap4r2_marker_publisher', 'cmake_prefix_path')
[5.099s] INFO:colcon.colcon_core.shell:Creating environment hook '/home/strain-drone/Documents/drone_position_hold/ros2_ws/install/mocap4r2_marker_publisher/share/mocap4r2_marker_publisher/hook/cmake_prefix_path.ps1'
[5.100s] DEBUG:colcon.colcon_core.event_handler.log_command:Invoked command in '/home/strain-drone/Documents/drone_position_hold/ros2_ws/build/mocap4r2_marker_publisher' returned '0': CMAKE_PREFIX_PATH=/home/strain-drone/Documents/drone_position_hold/ros2_ws/install/mocap4r2_msgs:/home/strain-drone/Documents/drone_position_hold/ros2_ws/install/rqt_mocap4r2_control:/home/strain-drone/Documents/drone_position_hold/ros2_ws/install/natnet_ros2:/home/strain-drone/Documents/drone_position_hold/ros2_ws/install/mocap4r2_vicon_driver:/home/strain-drone/Documents/drone_position_hold/ros2_ws/install/mocap4r2_robot_gt:/home/strain-drone/Documents/drone_position_hold/ros2_ws/install/mocap4r2_robot_gt_msgs:/home/strain-drone/Documents/drone_position_hold/ros2_ws/install/mocap4r2_marker_viz:/home/strain-drone/Documents/drone_position_hold/ros2_ws/install/mocap4r2_marker_publisher:/home/strain-drone/Documents/drone_position_hold/ros2_ws/install/mocap4r2_dummy_driver:/home/strain-drone/Documents/drone_position_hold/ros2_ws/install/mocap4r2_marker_viz_srvs:/home/strain-drone/Documents/drone_position_hold/ros2_ws/install/mocap4r2_control:/home/strain-drone/Documents/drone_position_hold/ros2_ws/install/mocap4r2_control_msgs:/opt/ros/jazzy/opt/gz_math_vendor:/opt/ros/jazzy/opt/gz_utils_vendor:/opt/ros/jazzy/opt/gz_cmake_vendor:/home/strain-drone/Documents/drone_position_hold/ros2_ws/install/visualizer:/home/strain-drone/Documents/drone_position_hold/ros2_ws/install/position_publisher:/home/strain-drone/Documents/drone_position_hold/ros2_ws/install/mocap4r2cli:/home/strain-drone/Documents/drone_position_hold/ros2_ws/install/mavros_config:/opt/ros/jazzy DEBUGINFOD_URLS=https://debuginfod.ubuntu.com LD_LIBRARY_PATH=/home/strain-drone/Documents/drone_position_hold/ros2_ws/install/mocap4r2_msgs/lib:/home/strain-drone/Documents/drone_position_hold/ros2_ws/install/rqt_mocap4r2_control/lib:/home/strain-drone/Documents/drone_position_hold/ros2_ws/install/natnet_ros2/lib:/home/strain-drone/Documents/drone_position_hold/ros2_ws/install/mocap4r2_vicon_driver/lib:/home/strain-drone/Documents/drone_position_hold/ros2_ws/install/mocap4r2_robot_gt/lib:/home/strain-drone/Documents/drone_position_hold/ros2_ws/install/mocap4r2_robot_gt_msgs/lib:/home/strain-drone/Documents/drone_position_hold/ros2_ws/install/mocap4r2_marker_viz_srvs/lib:/home/strain-drone/Documents/drone_position_hold/ros2_ws/install/mocap4r2_control/lib:/home/strain-drone/Documents/drone_position_hold/ros2_ws/install/mocap4r2_control_msgs/lib:/opt/ros/jazzy/opt/rviz_ogre_vendor/lib:/opt/ros/jazzy/lib/aarch64-linux-gnu:/opt/ros/jazzy/opt/gz_math_vendor/lib:/opt/ros/jazzy/opt/gz_utils_vendor/lib:/opt/ros/jazzy/opt/gz_cmake_vendor/lib:/opt/ros/jazzy/lib:/home/strain-drone/Documents/drone_position_hold/ros2_ws/src/natnet_ros2/deps/NatNetSDK/lib PS1=(venv-ardupilot) \[\e]0;\u@\h: \w\a\]${debian_chroot:+($debian_chroot)}\[\033[01;32m\]\u@\h\[\033[00m\]:\[\033[01;34m\]\w\[\033[00m\]\$ PYTHONPATH=/home/strain-drone/Documents/drone_position_hold/ros2_ws/install/mocap4r2_msgs/lib/python3.12/site-packages:/home/strain-drone/Documents/drone_position_hold/ros2_ws/install/visualizer/lib/python3.12/site-packages:/home/strain-drone/Documents/drone_position_hold/ros2_ws/install/position_publisher/lib/python3.12/site-packages:/home/strain-drone/Documents/drone_position_hold/ros2_ws/install/natnet_ros2/lib/python3.12/site-packages:/home/strain-drone/Documents/drone_position_hold/ros2_ws/install/mocap4r2cli/lib/python3.12/site-packages:/home/strain-drone/Documents/drone_position_hold/ros2_ws/install/mocap4r2_robot_gt_msgs/lib/python3.12/site-packages:/home/strain-drone/Documents/drone_position_hold/ros2_ws/install/mocap4r2_marker_viz_srvs/lib/python3.12/site-packages:/home/strain-drone/Documents/drone_position_hold/ros2_ws/install/mocap4r2_control_msgs/lib/python3.12/site-packages:/home/strain-drone/Documents/drone_position_hold/ros2_ws/install/mavros_config/lib/python3.12/site-packages:/opt/ros/jazzy/lib/python3.12/site-packages VIRTUAL_ENV_PROMPT=(venv-ardupilot) /usr/bin/cmake --install /home/strain-drone/Documents/drone_position_hold/ros2_ws/build/mocap4r2_marker_publisher
[5.101s] INFO:colcon.colcon_core.shell:Creating environment descriptor '/home/strain-drone/Documents/drone_position_hold/ros2_ws/install/mocap4r2_marker_publisher/share/mocap4r2_marker_publisher/hook/cmake_prefix_path.dsv'
[5.102s] INFO:colcon.colcon_core.shell:Creating environment hook '/home/strain-drone/Documents/drone_position_hold/ros2_ws/install/mocap4r2_marker_publisher/share/mocap4r2_marker_publisher/hook/cmake_prefix_path.sh'
[5.104s] Level 1:colcon.colcon_core.environment:checking '/home/strain-drone/Documents/drone_position_hold/ros2_ws/install/mocap4r2_marker_publisher/lib'
[5.104s] Level 1:colcon.colcon_core.environment:checking '/home/strain-drone/Documents/drone_position_hold/ros2_ws/install/mocap4r2_marker_publisher/bin'
[5.105s] Level 1:colcon.colcon_core.environment:checking '/home/strain-drone/Documents/drone_position_hold/ros2_ws/install/mocap4r2_marker_publisher/lib/pkgconfig/mocap4r2_marker_publisher.pc'
[5.105s] Level 1:colcon.colcon_core.environment:checking '/home/strain-drone/Documents/drone_position_hold/ros2_ws/install/mocap4r2_marker_publisher/lib/python3.12/site-packages'
[5.105s] Level 1:colcon.colcon_core.environment:checking '/home/strain-drone/Documents/drone_position_hold/ros2_ws/install/mocap4r2_marker_publisher/bin'
[5.106s] INFO:colcon.colcon_core.shell:Creating package script '/home/strain-drone/Documents/drone_position_hold/ros2_ws/install/mocap4r2_marker_publisher/share/mocap4r2_marker_publisher/package.ps1'
[5.107s] INFO:colcon.colcon_core.shell:Creating package descriptor '/home/strain-drone/Documents/drone_position_hold/ros2_ws/install/mocap4r2_marker_publisher/share/mocap4r2_marker_publisher/package.dsv'
[5.108s] INFO:colcon.colcon_core.shell:Creating package script '/home/strain-drone/Documents/drone_position_hold/ros2_ws/install/mocap4r2_marker_publisher/share/mocap4r2_marker_publisher/package.sh'
[5.109s] INFO:colcon.colcon_core.shell:Creating package script '/home/strain-drone/Documents/drone_position_hold/ros2_ws/install/mocap4r2_marker_publisher/share/mocap4r2_marker_publisher/package.bash'
[5.111s] INFO:colcon.colcon_core.shell:Creating package script '/home/strain-drone/Documents/drone_position_hold/ros2_ws/install/mocap4r2_marker_publisher/share/mocap4r2_marker_publisher/package.zsh'
[5.112s] Level 1:colcon.colcon_core.environment:create_file_with_runtime_dependencies(/home/strain-drone/Documents/drone_position_hold/ros2_ws/install/mocap4r2_marker_publisher/share/colcon-core/packages/mocap4r2_marker_publisher)
[5.115s] Level 1:colcon.colcon_core.environment:create_environment_scripts_only(mocap4r2_marker_publisher)
[5.115s] Level 1:colcon.colcon_core.environment:checking '/home/strain-drone/Documents/drone_position_hold/ros2_ws/install/mocap4r2_marker_publisher' for CMake module files
[5.116s] Level 1:colcon.colcon_core.environment:checking '/home/strain-drone/Documents/drone_position_hold/ros2_ws/install/mocap4r2_marker_publisher' for CMake config files
[5.117s] Level 1:colcon.colcon_core.shell:create_environment_hook('mocap4r2_marker_publisher', 'cmake_prefix_path')
[5.117s] INFO:colcon.colcon_core.shell:Creating environment hook '/home/strain-drone/Documents/drone_position_hold/ros2_ws/install/mocap4r2_marker_publisher/share/mocap4r2_marker_publisher/hook/cmake_prefix_path.ps1'
[5.118s] INFO:colcon.colcon_core.shell:Creating environment descriptor '/home/strain-drone/Documents/drone_position_hold/ros2_ws/install/mocap4r2_marker_publisher/share/mocap4r2_marker_publisher/hook/cmake_prefix_path.dsv'
[5.120s] INFO:colcon.colcon_core.shell:Creating environment hook '/home/strain-drone/Documents/drone_position_hold/ros2_ws/install/mocap4r2_marker_publisher/share/mocap4r2_marker_publisher/hook/cmake_prefix_path.sh'
[5.123s] Level 1:colcon.colcon_core.environment:checking '/home/strain-drone/Documents/drone_position_hold/ros2_ws/install/mocap4r2_marker_publisher/lib'
[5.123s] Level 1:colcon.colcon_core.environment:checking '/home/strain-drone/Documents/drone_position_hold/ros2_ws/install/mocap4r2_marker_publisher/bin'
[5.123s] Level 1:colcon.colcon_core.environment:checking '/home/strain-drone/Documents/drone_position_hold/ros2_ws/install/mocap4r2_marker_publisher/lib/pkgconfig/mocap4r2_marker_publisher.pc'
[5.124s] Level 1:colcon.colcon_core.environment:checking '/home/strain-drone/Documents/drone_position_hold/ros2_ws/install/mocap4r2_marker_publisher/lib/python3.12/site-packages'
[5.124s] Level 1:colcon.colcon_core.environment:checking '/home/strain-drone/Documents/drone_position_hold/ros2_ws/install/mocap4r2_marker_publisher/bin'
[5.125s] INFO:colcon.colcon_core.shell:Creating package script '/home/strain-drone/Documents/drone_position_hold/ros2_ws/install/mocap4r2_marker_publisher/share/mocap4r2_marker_publisher/package.ps1'
[5.126s] INFO:colcon.colcon_core.shell:Creating package descriptor '/home/strain-drone/Documents/drone_position_hold/ros2_ws/install/mocap4r2_marker_publisher/share/mocap4r2_marker_publisher/package.dsv'
[5.131s] INFO:colcon.colcon_core.shell:Creating package script '/home/strain-drone/Documents/drone_position_hold/ros2_ws/install/mocap4r2_marker_publisher/share/mocap4r2_marker_publisher/package.sh'
[5.132s] INFO:colcon.colcon_core.shell:Creating package script '/home/strain-drone/Documents/drone_position_hold/ros2_ws/install/mocap4r2_marker_publisher/share/mocap4r2_marker_publisher/package.bash'
[5.133s] INFO:colcon.colcon_core.shell:Creating package script '/home/strain-drone/Documents/drone_position_hold/ros2_ws/install/mocap4r2_marker_publisher/share/mocap4r2_marker_publisher/package.zsh'
[5.134s] Level 1:colcon.colcon_core.environment:create_file_with_runtime_dependencies(/home/strain-drone/Documents/drone_position_hold/ros2_ws/install/mocap4r2_marker_publisher/share/colcon-core/packages/mocap4r2_marker_publisher)
[5.137s] INFO:colcon.colcon_ros.task.ament_cmake.build:Building ROS package in '/home/strain-drone/Documents/drone_position_hold/ros2_ws/src/mocap4r2/mocap4r2_marker_viz/mocap4r2_marker_viz' with build type 'ament_cmake'
[5.138s] INFO:colcon.colcon_cmake.task.cmake.build:Building CMake package in '/home/strain-drone/Documents/drone_position_hold/ros2_ws/src/mocap4r2/mocap4r2_marker_viz/mocap4r2_marker_viz'
[5.138s] INFO:colcon.colcon_core.shell:Skip shell extension 'powershell' for command environment: Not usable outside of PowerShell
[5.138s] DEBUG:colcon.colcon_core.shell:Skip shell extension 'dsv' for command environment
[5.170s] DEBUG:colcon.colcon_core.event_handler.log_command:Invoking command in '/home/strain-drone/Documents/drone_position_hold/ros2_ws/build/mocap4r2_marker_viz': CMAKE_PREFIX_PATH=/home/strain-drone/Documents/drone_position_hold/ros2_ws/install/mocap4r2_msgs:/home/strain-drone/Documents/drone_position_hold/ros2_ws/install/mocap4r2_marker_viz_srvs:/home/strain-drone/Documents/drone_position_hold/ros2_ws/install/rqt_mocap4r2_control:/home/strain-drone/Documents/drone_position_hold/ros2_ws/install/natnet_ros2:/home/strain-drone/Documents/drone_position_hold/ros2_ws/install/mocap4r2_vicon_driver:/home/strain-drone/Documents/drone_position_hold/ros2_ws/install/mocap4r2_robot_gt:/home/strain-drone/Documents/drone_position_hold/ros2_ws/install/mocap4r2_robot_gt_msgs:/home/strain-drone/Documents/drone_position_hold/ros2_ws/install/mocap4r2_marker_viz:/home/strain-drone/Documents/drone_position_hold/ros2_ws/install/mocap4r2_marker_publisher:/home/strain-drone/Documents/drone_position_hold/ros2_ws/install/mocap4r2_dummy_driver:/home/strain-drone/Documents/drone_position_hold/ros2_ws/install/mocap4r2_control:/home/strain-drone/Documents/drone_position_hold/ros2_ws/install/mocap4r2_control_msgs:/opt/ros/jazzy/opt/gz_math_vendor:/opt/ros/jazzy/opt/gz_utils_vendor:/opt/ros/jazzy/opt/gz_cmake_vendor:/home/strain-drone/Documents/drone_position_hold/ros2_ws/install/visualizer:/home/strain-drone/Documents/drone_position_hold/ros2_ws/install/position_publisher:/home/strain-drone/Documents/drone_position_hold/ros2_ws/install/mocap4r2cli:/home/strain-drone/Documents/drone_position_hold/ros2_ws/install/mavros_config:/opt/ros/jazzy DEBUGINFOD_URLS=https://debuginfod.ubuntu.com LD_LIBRARY_PATH=/home/strain-drone/Documents/drone_position_hold/ros2_ws/install/mocap4r2_msgs/lib:/home/strain-drone/Documents/drone_position_hold/ros2_ws/install/mocap4r2_marker_viz_srvs/lib:/home/strain-drone/Documents/drone_position_hold/ros2_ws/install/rqt_mocap4r2_control/lib:/home/strain-drone/Documents/drone_position_hold/ros2_ws/install/natnet_ros2/lib:/home/strain-drone/Documents/drone_position_hold/ros2_ws/install/mocap4r2_vicon_driver/lib:/home/strain-drone/Documents/drone_position_hold/ros2_ws/install/mocap4r2_robot_gt/lib:/home/strain-drone/Documents/drone_position_hold/ros2_ws/install/mocap4r2_robot_gt_msgs/lib:/home/strain-drone/Documents/drone_position_hold/ros2_ws/install/mocap4r2_control/lib:/home/strain-drone/Documents/drone_position_hold/ros2_ws/install/mocap4r2_control_msgs/lib:/opt/ros/jazzy/opt/rviz_ogre_vendor/lib:/opt/ros/jazzy/lib/aarch64-linux-gnu:/opt/ros/jazzy/opt/gz_math_vendor/lib:/opt/ros/jazzy/opt/gz_utils_vendor/lib:/opt/ros/jazzy/opt/gz_cmake_vendor/lib:/opt/ros/jazzy/lib:/home/strain-drone/Documents/drone_position_hold/ros2_ws/src/natnet_ros2/deps/NatNetSDK/lib PS1=(venv-ardupilot) \[\e]0;\u@\h: \w\a\]${debian_chroot:+($debian_chroot)}\[\033[01;32m\]\u@\h\[\033[00m\]:\[\033[01;34m\]\w\[\033[00m\]\$ PYTHONPATH=/home/strain-drone/Documents/drone_position_hold/ros2_ws/install/mocap4r2_msgs/lib/python3.12/site-packages:/home/strain-drone/Documents/drone_position_hold/ros2_ws/install/mocap4r2_marker_viz_srvs/lib/python3.12/site-packages:/home/strain-drone/Documents/drone_position_hold/ros2_ws/install/visualizer/lib/python3.12/site-packages:/home/strain-drone/Documents/drone_position_hold/ros2_ws/install/position_publisher/lib/python3.12/site-packages:/home/strain-drone/Documents/drone_position_hold/ros2_ws/install/natnet_ros2/lib/python3.12/site-packages:/home/strain-drone/Documents/drone_position_hold/ros2_ws/install/mocap4r2cli/lib/python3.12/site-packages:/home/strain-drone/Documents/drone_position_hold/ros2_ws/install/mocap4r2_robot_gt_msgs/lib/python3.12/site-packages:/home/strain-drone/Documents/drone_position_hold/ros2_ws/install/mocap4r2_control_msgs/lib/python3.12/site-packages:/home/strain-drone/Documents/drone_position_hold/ros2_ws/install/mavros_config/lib/python3.12/site-packages:/opt/ros/jazzy/lib/python3.12/site-packages VIRTUAL_ENV_PROMPT=(venv-ardupilot) /usr/bin/cmake --build /home/strain-drone/Documents/drone_position_hold/ros2_ws/build/mocap4r2_marker_viz -- -j4 -l4
[5.231s] DEBUG:colcon.colcon_core.event_handler.log_command:Invoking command in '/home/strain-drone/Documents/drone_position_hold/ros2_ws/src/position_publisher': DEBUGINFOD_URLS=https://debuginfod.ubuntu.com PS1=(venv-ardupilot) \[\e]0;\u@\h: \w\a\]${debian_chroot:+($debian_chroot)}\[\033[01;32m\]\u@\h\[\033[00m\]:\[\033[01;34m\]\w\[\033[00m\]\$ PYTHONPATH=/home/strain-drone/Documents/drone_position_hold/ros2_ws/build/position_publisher/prefix_override:/usr/lib/python3/dist-packages/colcon_core/task/python/colcon_distutils_commands:/home/strain-drone/Documents/drone_position_hold/ros2_ws/install/position_publisher/lib/python3.12/site-packages:${PYTHONPATH} VIRTUAL_ENV_PROMPT=(venv-ardupilot) /usr/bin/python3 -W ignore:setup.py install is deprecated -W ignore:easy_install command is deprecated setup.py egg_info --egg-base ../../build/position_publisher build --build-base /home/strain-drone/Documents/drone_position_hold/ros2_ws/build/position_publisher/build install --record /home/strain-drone/Documents/drone_position_hold/ros2_ws/build/position_publisher/install.log --single-version-externally-managed install_data
[5.396s] DEBUG:colcon.colcon_core.event_handler.log_command:Invoked command in '/home/strain-drone/Documents/drone_position_hold/ros2_ws/build/mocap4r2_marker_viz' returned '0': CMAKE_PREFIX_PATH=/home/strain-drone/Documents/drone_position_hold/ros2_ws/install/mocap4r2_msgs:/home/strain-drone/Documents/drone_position_hold/ros2_ws/install/mocap4r2_marker_viz_srvs:/home/strain-drone/Documents/drone_position_hold/ros2_ws/install/rqt_mocap4r2_control:/home/strain-drone/Documents/drone_position_hold/ros2_ws/install/natnet_ros2:/home/strain-drone/Documents/drone_position_hold/ros2_ws/install/mocap4r2_vicon_driver:/home/strain-drone/Documents/drone_position_hold/ros2_ws/install/mocap4r2_robot_gt:/home/strain-drone/Documents/drone_position_hold/ros2_ws/install/mocap4r2_robot_gt_msgs:/home/strain-drone/Documents/drone_position_hold/ros2_ws/install/mocap4r2_marker_viz:/home/strain-drone/Documents/drone_position_hold/ros2_ws/install/mocap4r2_marker_publisher:/home/strain-drone/Documents/drone_position_hold/ros2_ws/install/mocap4r2_dummy_driver:/home/strain-drone/Documents/drone_position_hold/ros2_ws/install/mocap4r2_control:/home/strain-drone/Documents/drone_position_hold/ros2_ws/install/mocap4r2_control_msgs:/opt/ros/jazzy/opt/gz_math_vendor:/opt/ros/jazzy/opt/gz_utils_vendor:/opt/ros/jazzy/opt/gz_cmake_vendor:/home/strain-drone/Documents/drone_position_hold/ros2_ws/install/visualizer:/home/strain-drone/Documents/drone_position_hold/ros2_ws/install/position_publisher:/home/strain-drone/Documents/drone_position_hold/ros2_ws/install/mocap4r2cli:/home/strain-drone/Documents/drone_position_hold/ros2_ws/install/mavros_config:/opt/ros/jazzy DEBUGINFOD_URLS=https://debuginfod.ubuntu.com LD_LIBRARY_PATH=/home/strain-drone/Documents/drone_position_hold/ros2_ws/install/mocap4r2_msgs/lib:/home/strain-drone/Documents/drone_position_hold/ros2_ws/install/mocap4r2_marker_viz_srvs/lib:/home/strain-drone/Documents/drone_position_hold/ros2_ws/install/rqt_mocap4r2_control/lib:/home/strain-drone/Documents/drone_position_hold/ros2_ws/install/natnet_ros2/lib:/home/strain-drone/Documents/drone_position_hold/ros2_ws/install/mocap4r2_vicon_driver/lib:/home/strain-drone/Documents/drone_position_hold/ros2_ws/install/mocap4r2_robot_gt/lib:/home/strain-drone/Documents/drone_position_hold/ros2_ws/install/mocap4r2_robot_gt_msgs/lib:/home/strain-drone/Documents/drone_position_hold/ros2_ws/install/mocap4r2_control/lib:/home/strain-drone/Documents/drone_position_hold/ros2_ws/install/mocap4r2_control_msgs/lib:/opt/ros/jazzy/opt/rviz_ogre_vendor/lib:/opt/ros/jazzy/lib/aarch64-linux-gnu:/opt/ros/jazzy/opt/gz_math_vendor/lib:/opt/ros/jazzy/opt/gz_utils_vendor/lib:/opt/ros/jazzy/opt/gz_cmake_vendor/lib:/opt/ros/jazzy/lib:/home/strain-drone/Documents/drone_position_hold/ros2_ws/src/natnet_ros2/deps/NatNetSDK/lib PS1=(venv-ardupilot) \[\e]0;\u@\h: \w\a\]${debian_chroot:+($debian_chroot)}\[\033[01;32m\]\u@\h\[\033[00m\]:\[\033[01;34m\]\w\[\033[00m\]\$ PYTHONPATH=/home/strain-drone/Documents/drone_position_hold/ros2_ws/install/mocap4r2_msgs/lib/python3.12/site-packages:/home/strain-drone/Documents/drone_position_hold/ros2_ws/install/mocap4r2_marker_viz_srvs/lib/python3.12/site-packages:/home/strain-drone/Documents/drone_position_hold/ros2_ws/install/visualizer/lib/python3.12/site-packages:/home/strain-drone/Documents/drone_position_hold/ros2_ws/install/position_publisher/lib/python3.12/site-packages:/home/strain-drone/Documents/drone_position_hold/ros2_ws/install/natnet_ros2/lib/python3.12/site-packages:/home/strain-drone/Documents/drone_position_hold/ros2_ws/install/mocap4r2cli/lib/python3.12/site-packages:/home/strain-drone/Documents/drone_position_hold/ros2_ws/install/mocap4r2_robot_gt_msgs/lib/python3.12/site-packages:/home/strain-drone/Documents/drone_position_hold/ros2_ws/install/mocap4r2_control_msgs/lib/python3.12/site-packages:/home/strain-drone/Documents/drone_position_hold/ros2_ws/install/mavros_config/lib/python3.12/site-packages:/opt/ros/jazzy/lib/python3.12/site-packages VIRTUAL_ENV_PROMPT=(venv-ardupilot) /usr/bin/cmake --build /home/strain-drone/Documents/drone_position_hold/ros2_ws/build/mocap4r2_marker_viz -- -j4 -l4
[5.397s] DEBUG:colcon.colcon_core.event_handler.log_command:Invoking command in '/home/strain-drone/Documents/drone_position_hold/ros2_ws/build/mocap4r2_marker_viz': CMAKE_PREFIX_PATH=/home/strain-drone/Documents/drone_position_hold/ros2_ws/install/mocap4r2_msgs:/home/strain-drone/Documents/drone_position_hold/ros2_ws/install/mocap4r2_marker_viz_srvs:/home/strain-drone/Documents/drone_position_hold/ros2_ws/install/rqt_mocap4r2_control:/home/strain-drone/Documents/drone_position_hold/ros2_ws/install/natnet_ros2:/home/strain-drone/Documents/drone_position_hold/ros2_ws/install/mocap4r2_vicon_driver:/home/strain-drone/Documents/drone_position_hold/ros2_ws/install/mocap4r2_robot_gt:/home/strain-drone/Documents/drone_position_hold/ros2_ws/install/mocap4r2_robot_gt_msgs:/home/strain-drone/Documents/drone_position_hold/ros2_ws/install/mocap4r2_marker_viz:/home/strain-drone/Documents/drone_position_hold/ros2_ws/install/mocap4r2_marker_publisher:/home/strain-drone/Documents/drone_position_hold/ros2_ws/install/mocap4r2_dummy_driver:/home/strain-drone/Documents/drone_position_hold/ros2_ws/install/mocap4r2_control:/home/strain-drone/Documents/drone_position_hold/ros2_ws/install/mocap4r2_control_msgs:/opt/ros/jazzy/opt/gz_math_vendor:/opt/ros/jazzy/opt/gz_utils_vendor:/opt/ros/jazzy/opt/gz_cmake_vendor:/home/strain-drone/Documents/drone_position_hold/ros2_ws/install/visualizer:/home/strain-drone/Documents/drone_position_hold/ros2_ws/install/position_publisher:/home/strain-drone/Documents/drone_position_hold/ros2_ws/install/mocap4r2cli:/home/strain-drone/Documents/drone_position_hold/ros2_ws/install/mavros_config:/opt/ros/jazzy DEBUGINFOD_URLS=https://debuginfod.ubuntu.com LD_LIBRARY_PATH=/home/strain-drone/Documents/drone_position_hold/ros2_ws/install/mocap4r2_msgs/lib:/home/strain-drone/Documents/drone_position_hold/ros2_ws/install/mocap4r2_marker_viz_srvs/lib:/home/strain-drone/Documents/drone_position_hold/ros2_ws/install/rqt_mocap4r2_control/lib:/home/strain-drone/Documents/drone_position_hold/ros2_ws/install/natnet_ros2/lib:/home/strain-drone/Documents/drone_position_hold/ros2_ws/install/mocap4r2_vicon_driver/lib:/home/strain-drone/Documents/drone_position_hold/ros2_ws/install/mocap4r2_robot_gt/lib:/home/strain-drone/Documents/drone_position_hold/ros2_ws/install/mocap4r2_robot_gt_msgs/lib:/home/strain-drone/Documents/drone_position_hold/ros2_ws/install/mocap4r2_control/lib:/home/strain-drone/Documents/drone_position_hold/ros2_ws/install/mocap4r2_control_msgs/lib:/opt/ros/jazzy/opt/rviz_ogre_vendor/lib:/opt/ros/jazzy/lib/aarch64-linux-gnu:/opt/ros/jazzy/opt/gz_math_vendor/lib:/opt/ros/jazzy/opt/gz_utils_vendor/lib:/opt/ros/jazzy/opt/gz_cmake_vendor/lib:/opt/ros/jazzy/lib:/home/strain-drone/Documents/drone_position_hold/ros2_ws/src/natnet_ros2/deps/NatNetSDK/lib PS1=(venv-ardupilot) \[\e]0;\u@\h: \w\a\]${debian_chroot:+($debian_chroot)}\[\033[01;32m\]\u@\h\[\033[00m\]:\[\033[01;34m\]\w\[\033[00m\]\$ PYTHONPATH=/home/strain-drone/Documents/drone_position_hold/ros2_ws/install/mocap4r2_msgs/lib/python3.12/site-packages:/home/strain-drone/Documents/drone_position_hold/ros2_ws/install/mocap4r2_marker_viz_srvs/lib/python3.12/site-packages:/home/strain-drone/Documents/drone_position_hold/ros2_ws/install/visualizer/lib/python3.12/site-packages:/home/strain-drone/Documents/drone_position_hold/ros2_ws/install/position_publisher/lib/python3.12/site-packages:/home/strain-drone/Documents/drone_position_hold/ros2_ws/install/natnet_ros2/lib/python3.12/site-packages:/home/strain-drone/Documents/drone_position_hold/ros2_ws/install/mocap4r2cli/lib/python3.12/site-packages:/home/strain-drone/Documents/drone_position_hold/ros2_ws/install/mocap4r2_robot_gt_msgs/lib/python3.12/site-packages:/home/strain-drone/Documents/drone_position_hold/ros2_ws/install/mocap4r2_control_msgs/lib/python3.12/site-packages:/home/strain-drone/Documents/drone_position_hold/ros2_ws/install/mavros_config/lib/python3.12/site-packages:/opt/ros/jazzy/lib/python3.12/site-packages VIRTUAL_ENV_PROMPT=(venv-ardupilot) /usr/bin/cmake --install /home/strain-drone/Documents/drone_position_hold/ros2_ws/build/mocap4r2_marker_viz
[5.419s] Level 1:colcon.colcon_core.environment:create_environment_scripts_only(mocap4r2_marker_viz)
[5.420s] Level 1:colcon.colcon_core.environment:checking '/home/strain-drone/Documents/drone_position_hold/ros2_ws/install/mocap4r2_marker_viz' for CMake module files
[5.421s] Level 1:colcon.colcon_core.environment:checking '/home/strain-drone/Documents/drone_position_hold/ros2_ws/install/mocap4r2_marker_viz' for CMake config files
[5.421s] Level 1:colcon.colcon_core.shell:create_environment_hook('mocap4r2_marker_viz', 'cmake_prefix_path')
[5.421s] INFO:colcon.colcon_core.shell:Creating environment hook '/home/strain-drone/Documents/drone_position_hold/ros2_ws/install/mocap4r2_marker_viz/share/mocap4r2_marker_viz/hook/cmake_prefix_path.ps1'
[5.422s] DEBUG:colcon.colcon_core.event_handler.log_command:Invoked command in '/home/strain-drone/Documents/drone_position_hold/ros2_ws/build/mocap4r2_marker_viz' returned '0': CMAKE_PREFIX_PATH=/home/strain-drone/Documents/drone_position_hold/ros2_ws/install/mocap4r2_msgs:/home/strain-drone/Documents/drone_position_hold/ros2_ws/install/mocap4r2_marker_viz_srvs:/home/strain-drone/Documents/drone_position_hold/ros2_ws/install/rqt_mocap4r2_control:/home/strain-drone/Documents/drone_position_hold/ros2_ws/install/natnet_ros2:/home/strain-drone/Documents/drone_position_hold/ros2_ws/install/mocap4r2_vicon_driver:/home/strain-drone/Documents/drone_position_hold/ros2_ws/install/mocap4r2_robot_gt:/home/strain-drone/Documents/drone_position_hold/ros2_ws/install/mocap4r2_robot_gt_msgs:/home/strain-drone/Documents/drone_position_hold/ros2_ws/install/mocap4r2_marker_viz:/home/strain-drone/Documents/drone_position_hold/ros2_ws/install/mocap4r2_marker_publisher:/home/strain-drone/Documents/drone_position_hold/ros2_ws/install/mocap4r2_dummy_driver:/home/strain-drone/Documents/drone_position_hold/ros2_ws/install/mocap4r2_control:/home/strain-drone/Documents/drone_position_hold/ros2_ws/install/mocap4r2_control_msgs:/opt/ros/jazzy/opt/gz_math_vendor:/opt/ros/jazzy/opt/gz_utils_vendor:/opt/ros/jazzy/opt/gz_cmake_vendor:/home/strain-drone/Documents/drone_position_hold/ros2_ws/install/visualizer:/home/strain-drone/Documents/drone_position_hold/ros2_ws/install/position_publisher:/home/strain-drone/Documents/drone_position_hold/ros2_ws/install/mocap4r2cli:/home/strain-drone/Documents/drone_position_hold/ros2_ws/install/mavros_config:/opt/ros/jazzy DEBUGINFOD_URLS=https://debuginfod.ubuntu.com LD_LIBRARY_PATH=/home/strain-drone/Documents/drone_position_hold/ros2_ws/install/mocap4r2_msgs/lib:/home/strain-drone/Documents/drone_position_hold/ros2_ws/install/mocap4r2_marker_viz_srvs/lib:/home/strain-drone/Documents/drone_position_hold/ros2_ws/install/rqt_mocap4r2_control/lib:/home/strain-drone/Documents/drone_position_hold/ros2_ws/install/natnet_ros2/lib:/home/strain-drone/Documents/drone_position_hold/ros2_ws/install/mocap4r2_vicon_driver/lib:/home/strain-drone/Documents/drone_position_hold/ros2_ws/install/mocap4r2_robot_gt/lib:/home/strain-drone/Documents/drone_position_hold/ros2_ws/install/mocap4r2_robot_gt_msgs/lib:/home/strain-drone/Documents/drone_position_hold/ros2_ws/install/mocap4r2_control/lib:/home/strain-drone/Documents/drone_position_hold/ros2_ws/install/mocap4r2_control_msgs/lib:/opt/ros/jazzy/opt/rviz_ogre_vendor/lib:/opt/ros/jazzy/lib/aarch64-linux-gnu:/opt/ros/jazzy/opt/gz_math_vendor/lib:/opt/ros/jazzy/opt/gz_utils_vendor/lib:/opt/ros/jazzy/opt/gz_cmake_vendor/lib:/opt/ros/jazzy/lib:/home/strain-drone/Documents/drone_position_hold/ros2_ws/src/natnet_ros2/deps/NatNetSDK/lib PS1=(venv-ardupilot) \[\e]0;\u@\h: \w\a\]${debian_chroot:+($debian_chroot)}\[\033[01;32m\]\u@\h\[\033[00m\]:\[\033[01;34m\]\w\[\033[00m\]\$ PYTHONPATH=/home/strain-drone/Documents/drone_position_hold/ros2_ws/install/mocap4r2_msgs/lib/python3.12/site-packages:/home/strain-drone/Documents/drone_position_hold/ros2_ws/install/mocap4r2_marker_viz_srvs/lib/python3.12/site-packages:/home/strain-drone/Documents/drone_position_hold/ros2_ws/install/visualizer/lib/python3.12/site-packages:/home/strain-drone/Documents/drone_position_hold/ros2_ws/install/position_publisher/lib/python3.12/site-packages:/home/strain-drone/Documents/drone_position_hold/ros2_ws/install/natnet_ros2/lib/python3.12/site-packages:/home/strain-drone/Documents/drone_position_hold/ros2_ws/install/mocap4r2cli/lib/python3.12/site-packages:/home/strain-drone/Documents/drone_position_hold/ros2_ws/install/mocap4r2_robot_gt_msgs/lib/python3.12/site-packages:/home/strain-drone/Documents/drone_position_hold/ros2_ws/install/mocap4r2_control_msgs/lib/python3.12/site-packages:/home/strain-drone/Documents/drone_position_hold/ros2_ws/install/mavros_config/lib/python3.12/site-packages:/opt/ros/jazzy/lib/python3.12/site-packages VIRTUAL_ENV_PROMPT=(venv-ardupilot) /usr/bin/cmake --install /home/strain-drone/Documents/drone_position_hold/ros2_ws/build/mocap4r2_marker_viz
[5.423s] INFO:colcon.colcon_core.shell:Creating environment descriptor '/home/strain-drone/Documents/drone_position_hold/ros2_ws/install/mocap4r2_marker_viz/share/mocap4r2_marker_viz/hook/cmake_prefix_path.dsv'
[5.424s] INFO:colcon.colcon_core.shell:Creating environment hook '/home/strain-drone/Documents/drone_position_hold/ros2_ws/install/mocap4r2_marker_viz/share/mocap4r2_marker_viz/hook/cmake_prefix_path.sh'
[5.426s] Level 1:colcon.colcon_core.environment:checking '/home/strain-drone/Documents/drone_position_hold/ros2_ws/install/mocap4r2_marker_viz/lib'
[5.426s] Level 1:colcon.colcon_core.environment:checking '/home/strain-drone/Documents/drone_position_hold/ros2_ws/install/mocap4r2_marker_viz/bin'
[5.426s] Level 1:colcon.colcon_core.environment:checking '/home/strain-drone/Documents/drone_position_hold/ros2_ws/install/mocap4r2_marker_viz/lib/pkgconfig/mocap4r2_marker_viz.pc'
[5.427s] Level 1:colcon.colcon_core.environment:checking '/home/strain-drone/Documents/drone_position_hold/ros2_ws/install/mocap4r2_marker_viz/lib/python3.12/site-packages'
[5.427s] Level 1:colcon.colcon_core.environment:checking '/home/strain-drone/Documents/drone_position_hold/ros2_ws/install/mocap4r2_marker_viz/bin'
[5.428s] INFO:colcon.colcon_core.shell:Creating package script '/home/strain-drone/Documents/drone_position_hold/ros2_ws/install/mocap4r2_marker_viz/share/mocap4r2_marker_viz/package.ps1'
[5.428s] INFO:colcon.colcon_core.shell:Creating package descriptor '/home/strain-drone/Documents/drone_position_hold/ros2_ws/install/mocap4r2_marker_viz/share/mocap4r2_marker_viz/package.dsv'
[5.430s] INFO:colcon.colcon_core.shell:Creating package script '/home/strain-drone/Documents/drone_position_hold/ros2_ws/install/mocap4r2_marker_viz/share/mocap4r2_marker_viz/package.sh'
[5.431s] INFO:colcon.colcon_core.shell:Creating package script '/home/strain-drone/Documents/drone_position_hold/ros2_ws/install/mocap4r2_marker_viz/share/mocap4r2_marker_viz/package.bash'
[5.433s] INFO:colcon.colcon_core.shell:Creating package script '/home/strain-drone/Documents/drone_position_hold/ros2_ws/install/mocap4r2_marker_viz/share/mocap4r2_marker_viz/package.zsh'
[5.435s] Level 1:colcon.colcon_core.environment:create_file_with_runtime_dependencies(/home/strain-drone/Documents/drone_position_hold/ros2_ws/install/mocap4r2_marker_viz/share/colcon-core/packages/mocap4r2_marker_viz)
[5.440s] Level 1:colcon.colcon_core.environment:create_environment_scripts_only(mocap4r2_marker_viz)
[5.440s] Level 1:colcon.colcon_core.environment:checking '/home/strain-drone/Documents/drone_position_hold/ros2_ws/install/mocap4r2_marker_viz' for CMake module files
[5.441s] Level 1:colcon.colcon_core.environment:checking '/home/strain-drone/Documents/drone_position_hold/ros2_ws/install/mocap4r2_marker_viz' for CMake config files
[5.441s] Level 1:colcon.colcon_core.shell:create_environment_hook('mocap4r2_marker_viz', 'cmake_prefix_path')
[5.441s] INFO:colcon.colcon_core.shell:Creating environment hook '/home/strain-drone/Documents/drone_position_hold/ros2_ws/install/mocap4r2_marker_viz/share/mocap4r2_marker_viz/hook/cmake_prefix_path.ps1'
[5.442s] INFO:colcon.colcon_core.shell:Creating environment descriptor '/home/strain-drone/Documents/drone_position_hold/ros2_ws/install/mocap4r2_marker_viz/share/mocap4r2_marker_viz/hook/cmake_prefix_path.dsv'
[5.443s] INFO:colcon.colcon_core.shell:Creating environment hook '/home/strain-drone/Documents/drone_position_hold/ros2_ws/install/mocap4r2_marker_viz/share/mocap4r2_marker_viz/hook/cmake_prefix_path.sh'
[5.444s] Level 1:colcon.colcon_core.environment:checking '/home/strain-drone/Documents/drone_position_hold/ros2_ws/install/mocap4r2_marker_viz/lib'
[5.444s] Level 1:colcon.colcon_core.environment:checking '/home/strain-drone/Documents/drone_position_hold/ros2_ws/install/mocap4r2_marker_viz/bin'
[5.444s] Level 1:colcon.colcon_core.environment:checking '/home/strain-drone/Documents/drone_position_hold/ros2_ws/install/mocap4r2_marker_viz/lib/pkgconfig/mocap4r2_marker_viz.pc'
[5.445s] Level 1:colcon.colcon_core.environment:checking '/home/strain-drone/Documents/drone_position_hold/ros2_ws/install/mocap4r2_marker_viz/lib/python3.12/site-packages'
[5.446s] Level 1:colcon.colcon_core.environment:checking '/home/strain-drone/Documents/drone_position_hold/ros2_ws/install/mocap4r2_marker_viz/bin'
[5.446s] INFO:colcon.colcon_core.shell:Creating package script '/home/strain-drone/Documents/drone_position_hold/ros2_ws/install/mocap4r2_marker_viz/share/mocap4r2_marker_viz/package.ps1'
[5.447s] INFO:colcon.colcon_core.shell:Creating package descriptor '/home/strain-drone/Documents/drone_position_hold/ros2_ws/install/mocap4r2_marker_viz/share/mocap4r2_marker_viz/package.dsv'
[5.448s] INFO:colcon.colcon_core.shell:Creating package script '/home/strain-drone/Documents/drone_position_hold/ros2_ws/install/mocap4r2_marker_viz/share/mocap4r2_marker_viz/package.sh'
[5.449s] INFO:colcon.colcon_core.shell:Creating package script '/home/strain-drone/Documents/drone_position_hold/ros2_ws/install/mocap4r2_marker_viz/share/mocap4r2_marker_viz/package.bash'
[5.450s] INFO:colcon.colcon_core.shell:Creating package script '/home/strain-drone/Documents/drone_position_hold/ros2_ws/install/mocap4r2_marker_viz/share/mocap4r2_marker_viz/package.zsh'
[5.451s] Level 1:colcon.colcon_core.environment:create_file_with_runtime_dependencies(/home/strain-drone/Documents/drone_position_hold/ros2_ws/install/mocap4r2_marker_viz/share/colcon-core/packages/mocap4r2_marker_viz)
[5.453s] INFO:colcon.colcon_ros.task.ament_cmake.build:Building ROS package in '/home/strain-drone/Documents/drone_position_hold/ros2_ws/src/mocap4r2/mocap4r2_robot_gt/mocap4r2_robot_gt' with build type 'ament_cmake'
[5.454s] INFO:colcon.colcon_cmake.task.cmake.build:Building CMake package in '/home/strain-drone/Documents/drone_position_hold/ros2_ws/src/mocap4r2/mocap4r2_robot_gt/mocap4r2_robot_gt'
[5.454s] INFO:colcon.colcon_core.shell:Skip shell extension 'powershell' for command environment: Not usable outside of PowerShell
[5.455s] DEBUG:colcon.colcon_core.shell:Skip shell extension 'dsv' for command environment
[5.483s] DEBUG:colcon.colcon_core.event_handler.log_command:Invoking command in '/home/strain-drone/Documents/drone_position_hold/ros2_ws/build/mocap4r2_robot_gt': CMAKE_PREFIX_PATH=/home/strain-drone/Documents/drone_position_hold/ros2_ws/install/mocap4r2_robot_gt_msgs:/home/strain-drone/Documents/drone_position_hold/ros2_ws/install/mocap4r2_msgs:/home/strain-drone/Documents/drone_position_hold/ros2_ws/install/rqt_mocap4r2_control:/home/strain-drone/Documents/drone_position_hold/ros2_ws/install/natnet_ros2:/home/strain-drone/Documents/drone_position_hold/ros2_ws/install/mocap4r2_vicon_driver:/home/strain-drone/Documents/drone_position_hold/ros2_ws/install/mocap4r2_robot_gt:/home/strain-drone/Documents/drone_position_hold/ros2_ws/install/mocap4r2_marker_viz:/home/strain-drone/Documents/drone_position_hold/ros2_ws/install/mocap4r2_marker_publisher:/home/strain-drone/Documents/drone_position_hold/ros2_ws/install/mocap4r2_dummy_driver:/home/strain-drone/Documents/drone_position_hold/ros2_ws/install/mocap4r2_marker_viz_srvs:/home/strain-drone/Documents/drone_position_hold/ros2_ws/install/mocap4r2_control:/home/strain-drone/Documents/drone_position_hold/ros2_ws/install/mocap4r2_control_msgs:/opt/ros/jazzy/opt/gz_math_vendor:/opt/ros/jazzy/opt/gz_utils_vendor:/opt/ros/jazzy/opt/gz_cmake_vendor:/home/strain-drone/Documents/drone_position_hold/ros2_ws/install/visualizer:/home/strain-drone/Documents/drone_position_hold/ros2_ws/install/position_publisher:/home/strain-drone/Documents/drone_position_hold/ros2_ws/install/mocap4r2cli:/home/strain-drone/Documents/drone_position_hold/ros2_ws/install/mavros_config:/opt/ros/jazzy DEBUGINFOD_URLS=https://debuginfod.ubuntu.com LD_LIBRARY_PATH=/home/strain-drone/Documents/drone_position_hold/ros2_ws/install/mocap4r2_robot_gt_msgs/lib:/home/strain-drone/Documents/drone_position_hold/ros2_ws/install/mocap4r2_msgs/lib:/home/strain-drone/Documents/drone_position_hold/ros2_ws/install/rqt_mocap4r2_control/lib:/home/strain-drone/Documents/drone_position_hold/ros2_ws/install/natnet_ros2/lib:/home/strain-drone/Documents/drone_position_hold/ros2_ws/install/mocap4r2_vicon_driver/lib:/home/strain-drone/Documents/drone_position_hold/ros2_ws/install/mocap4r2_robot_gt/lib:/home/strain-drone/Documents/drone_position_hold/ros2_ws/install/mocap4r2_marker_viz_srvs/lib:/home/strain-drone/Documents/drone_position_hold/ros2_ws/install/mocap4r2_control/lib:/home/strain-drone/Documents/drone_position_hold/ros2_ws/install/mocap4r2_control_msgs/lib:/opt/ros/jazzy/opt/rviz_ogre_vendor/lib:/opt/ros/jazzy/lib/aarch64-linux-gnu:/opt/ros/jazzy/opt/gz_math_vendor/lib:/opt/ros/jazzy/opt/gz_utils_vendor/lib:/opt/ros/jazzy/opt/gz_cmake_vendor/lib:/opt/ros/jazzy/lib:/home/strain-drone/Documents/drone_position_hold/ros2_ws/src/natnet_ros2/deps/NatNetSDK/lib PS1=(venv-ardupilot) \[\e]0;\u@\h: \w\a\]${debian_chroot:+($debian_chroot)}\[\033[01;32m\]\u@\h\[\033[00m\]:\[\033[01;34m\]\w\[\033[00m\]\$ PYTHONPATH=/home/strain-drone/Documents/drone_position_hold/ros2_ws/install/mocap4r2_robot_gt_msgs/lib/python3.12/site-packages:/home/strain-drone/Documents/drone_position_hold/ros2_ws/install/mocap4r2_msgs/lib/python3.12/site-packages:/home/strain-drone/Documents/drone_position_hold/ros2_ws/install/visualizer/lib/python3.12/site-packages:/home/strain-drone/Documents/drone_position_hold/ros2_ws/install/position_publisher/lib/python3.12/site-packages:/home/strain-drone/Documents/drone_position_hold/ros2_ws/install/natnet_ros2/lib/python3.12/site-packages:/home/strain-drone/Documents/drone_position_hold/ros2_ws/install/mocap4r2cli/lib/python3.12/site-packages:/home/strain-drone/Documents/drone_position_hold/ros2_ws/install/mocap4r2_marker_viz_srvs/lib/python3.12/site-packages:/home/strain-drone/Documents/drone_position_hold/ros2_ws/install/mocap4r2_control_msgs/lib/python3.12/site-packages:/home/strain-drone/Documents/drone_position_hold/ros2_ws/install/mavros_config/lib/python3.12/site-packages:/opt/ros/jazzy/lib/python3.12/site-packages VIRTUAL_ENV_PROMPT=(venv-ardupilot) /usr/bin/cmake --build /home/strain-drone/Documents/drone_position_hold/ros2_ws/build/mocap4r2_robot_gt -- -j4 -l4
[5.807s] Level 1:colcon.colcon_core.environment:checking '/home/strain-drone/Documents/drone_position_hold/ros2_ws/install/mavros_config' for CMake module files
[5.808s] DEBUG:colcon.colcon_core.event_handler.log_command:Invoked command in '/home/strain-drone/Documents/drone_position_hold/ros2_ws/src/mavros_config' returned '0': DEBUGINFOD_URLS=https://debuginfod.ubuntu.com PS1=(venv-ardupilot) \[\e]0;\u@\h: \w\a\]${debian_chroot:+($debian_chroot)}\[\033[01;32m\]\u@\h\[\033[00m\]:\[\033[01;34m\]\w\[\033[00m\]\$ PYTHONPATH=/home/strain-drone/Documents/drone_position_hold/ros2_ws/build/mavros_config/prefix_override:/usr/lib/python3/dist-packages/colcon_core/task/python/colcon_distutils_commands:/home/strain-drone/Documents/drone_position_hold/ros2_ws/install/mavros_config/lib/python3.12/site-packages:${PYTHONPATH} VIRTUAL_ENV_PROMPT=(venv-ardupilot) /usr/bin/python3 -W ignore:setup.py install is deprecated -W ignore:easy_install command is deprecated setup.py egg_info --egg-base ../../build/mavros_config build --build-base /home/strain-drone/Documents/drone_position_hold/ros2_ws/build/mavros_config/build install --record /home/strain-drone/Documents/drone_position_hold/ros2_ws/build/mavros_config/install.log --single-version-externally-managed install_data
[5.809s] Level 1:colcon.colcon_core.environment:checking '/home/strain-drone/Documents/drone_position_hold/ros2_ws/install/mavros_config' for CMake config files
[5.810s] Level 1:colcon.colcon_core.environment:checking '/home/strain-drone/Documents/drone_position_hold/ros2_ws/install/mavros_config/lib'
[5.810s] Level 1:colcon.colcon_core.environment:checking '/home/strain-drone/Documents/drone_position_hold/ros2_ws/install/mavros_config/bin'
[5.810s] Level 1:colcon.colcon_core.environment:checking '/home/strain-drone/Documents/drone_position_hold/ros2_ws/install/mavros_config/lib/pkgconfig/mavros_config.pc'
[5.810s] Level 1:colcon.colcon_core.environment:checking '/home/strain-drone/Documents/drone_position_hold/ros2_ws/install/mavros_config/lib/python3.12/site-packages'
[5.810s] Level 1:colcon.colcon_core.shell:create_environment_hook('mavros_config', 'pythonpath')
[5.811s] INFO:colcon.colcon_core.shell:Creating environment hook '/home/strain-drone/Documents/drone_position_hold/ros2_ws/install/mavros_config/share/mavros_config/hook/pythonpath.ps1'
[5.812s] INFO:colcon.colcon_core.shell:Creating environment descriptor '/home/strain-drone/Documents/drone_position_hold/ros2_ws/install/mavros_config/share/mavros_config/hook/pythonpath.dsv'
[5.813s] INFO:colcon.colcon_core.shell:Creating environment hook '/home/strain-drone/Documents/drone_position_hold/ros2_ws/install/mavros_config/share/mavros_config/hook/pythonpath.sh'
[5.815s] Level 1:colcon.colcon_core.environment:checking '/home/strain-drone/Documents/drone_position_hold/ros2_ws/install/mavros_config/bin'
[5.815s] Level 1:colcon.colcon_core.environment:create_environment_scripts_only(mavros_config)
[5.816s] INFO:colcon.colcon_core.shell:Creating package script '/home/strain-drone/Documents/drone_position_hold/ros2_ws/install/mavros_config/share/mavros_config/package.ps1'
[5.816s] INFO:colcon.colcon_core.shell:Creating package descriptor '/home/strain-drone/Documents/drone_position_hold/ros2_ws/install/mavros_config/share/mavros_config/package.dsv'
[5.818s] INFO:colcon.colcon_core.shell:Creating package script '/home/strain-drone/Documents/drone_position_hold/ros2_ws/install/mavros_config/share/mavros_config/package.sh'
[5.820s] INFO:colcon.colcon_core.shell:Creating package script '/home/strain-drone/Documents/drone_position_hold/ros2_ws/install/mavros_config/share/mavros_config/package.bash'
[5.821s] INFO:colcon.colcon_core.shell:Creating package script '/home/strain-drone/Documents/drone_position_hold/ros2_ws/install/mavros_config/share/mavros_config/package.zsh'
[5.823s] Level 1:colcon.colcon_core.environment:create_file_with_runtime_dependencies(/home/strain-drone/Documents/drone_position_hold/ros2_ws/install/mavros_config/share/colcon-core/packages/mavros_config)
[5.828s] INFO:colcon.colcon_ros.task.ament_python.build:Building ROS package in '/home/strain-drone/Documents/drone_position_hold/ros2_ws/src/mocap4r2/mocap4r2cli' with build type 'ament_python'
[5.828s] Level 1:colcon.colcon_core.shell:create_environment_hook('mocap4r2cli', 'ament_prefix_path')
[5.828s] INFO:colcon.colcon_core.shell:Creating environment hook '/home/strain-drone/Documents/drone_position_hold/ros2_ws/install/mocap4r2cli/share/mocap4r2cli/hook/ament_prefix_path.ps1'
[5.830s] INFO:colcon.colcon_core.shell:Creating environment descriptor '/home/strain-drone/Documents/drone_position_hold/ros2_ws/install/mocap4r2cli/share/mocap4r2cli/hook/ament_prefix_path.dsv'
[5.830s] INFO:colcon.colcon_core.shell:Creating environment hook '/home/strain-drone/Documents/drone_position_hold/ros2_ws/install/mocap4r2cli/share/mocap4r2cli/hook/ament_prefix_path.sh'
[5.831s] INFO:colcon.colcon_core.shell:Skip shell extension 'powershell' for command environment: Not usable outside of PowerShell
[5.831s] DEBUG:colcon.colcon_core.shell:Skip shell extension 'dsv' for command environment
[5.838s] DEBUG:colcon.colcon_core.event_handler.log_command:Invoked command in '/home/strain-drone/Documents/drone_position_hold/ros2_ws/build/mocap4r2_robot_gt' returned '0': CMAKE_PREFIX_PATH=/home/strain-drone/Documents/drone_position_hold/ros2_ws/install/mocap4r2_robot_gt_msgs:/home/strain-drone/Documents/drone_position_hold/ros2_ws/install/mocap4r2_msgs:/home/strain-drone/Documents/drone_position_hold/ros2_ws/install/rqt_mocap4r2_control:/home/strain-drone/Documents/drone_position_hold/ros2_ws/install/natnet_ros2:/home/strain-drone/Documents/drone_position_hold/ros2_ws/install/mocap4r2_vicon_driver:/home/strain-drone/Documents/drone_position_hold/ros2_ws/install/mocap4r2_robot_gt:/home/strain-drone/Documents/drone_position_hold/ros2_ws/install/mocap4r2_marker_viz:/home/strain-drone/Documents/drone_position_hold/ros2_ws/install/mocap4r2_marker_publisher:/home/strain-drone/Documents/drone_position_hold/ros2_ws/install/mocap4r2_dummy_driver:/home/strain-drone/Documents/drone_position_hold/ros2_ws/install/mocap4r2_marker_viz_srvs:/home/strain-drone/Documents/drone_position_hold/ros2_ws/install/mocap4r2_control:/home/strain-drone/Documents/drone_position_hold/ros2_ws/install/mocap4r2_control_msgs:/opt/ros/jazzy/opt/gz_math_vendor:/opt/ros/jazzy/opt/gz_utils_vendor:/opt/ros/jazzy/opt/gz_cmake_vendor:/home/strain-drone/Documents/drone_position_hold/ros2_ws/install/visualizer:/home/strain-drone/Documents/drone_position_hold/ros2_ws/install/position_publisher:/home/strain-drone/Documents/drone_position_hold/ros2_ws/install/mocap4r2cli:/home/strain-drone/Documents/drone_position_hold/ros2_ws/install/mavros_config:/opt/ros/jazzy DEBUGINFOD_URLS=https://debuginfod.ubuntu.com LD_LIBRARY_PATH=/home/strain-drone/Documents/drone_position_hold/ros2_ws/install/mocap4r2_robot_gt_msgs/lib:/home/strain-drone/Documents/drone_position_hold/ros2_ws/install/mocap4r2_msgs/lib:/home/strain-drone/Documents/drone_position_hold/ros2_ws/install/rqt_mocap4r2_control/lib:/home/strain-drone/Documents/drone_position_hold/ros2_ws/install/natnet_ros2/lib:/home/strain-drone/Documents/drone_position_hold/ros2_ws/install/mocap4r2_vicon_driver/lib:/home/strain-drone/Documents/drone_position_hold/ros2_ws/install/mocap4r2_robot_gt/lib:/home/strain-drone/Documents/drone_position_hold/ros2_ws/install/mocap4r2_marker_viz_srvs/lib:/home/strain-drone/Documents/drone_position_hold/ros2_ws/install/mocap4r2_control/lib:/home/strain-drone/Documents/drone_position_hold/ros2_ws/install/mocap4r2_control_msgs/lib:/opt/ros/jazzy/opt/rviz_ogre_vendor/lib:/opt/ros/jazzy/lib/aarch64-linux-gnu:/opt/ros/jazzy/opt/gz_math_vendor/lib:/opt/ros/jazzy/opt/gz_utils_vendor/lib:/opt/ros/jazzy/opt/gz_cmake_vendor/lib:/opt/ros/jazzy/lib:/home/strain-drone/Documents/drone_position_hold/ros2_ws/src/natnet_ros2/deps/NatNetSDK/lib PS1=(venv-ardupilot) \[\e]0;\u@\h: \w\a\]${debian_chroot:+($debian_chroot)}\[\033[01;32m\]\u@\h\[\033[00m\]:\[\033[01;34m\]\w\[\033[00m\]\$ PYTHONPATH=/home/strain-drone/Documents/drone_position_hold/ros2_ws/install/mocap4r2_robot_gt_msgs/lib/python3.12/site-packages:/home/strain-drone/Documents/drone_position_hold/ros2_ws/install/mocap4r2_msgs/lib/python3.12/site-packages:/home/strain-drone/Documents/drone_position_hold/ros2_ws/install/visualizer/lib/python3.12/site-packages:/home/strain-drone/Documents/drone_position_hold/ros2_ws/install/position_publisher/lib/python3.12/site-packages:/home/strain-drone/Documents/drone_position_hold/ros2_ws/install/natnet_ros2/lib/python3.12/site-packages:/home/strain-drone/Documents/drone_position_hold/ros2_ws/install/mocap4r2cli/lib/python3.12/site-packages:/home/strain-drone/Documents/drone_position_hold/ros2_ws/install/mocap4r2_marker_viz_srvs/lib/python3.12/site-packages:/home/strain-drone/Documents/drone_position_hold/ros2_ws/install/mocap4r2_control_msgs/lib/python3.12/site-packages:/home/strain-drone/Documents/drone_position_hold/ros2_ws/install/mavros_config/lib/python3.12/site-packages:/opt/ros/jazzy/lib/python3.12/site-packages VIRTUAL_ENV_PROMPT=(venv-ardupilot) /usr/bin/cmake --build /home/strain-drone/Documents/drone_position_hold/ros2_ws/build/mocap4r2_robot_gt -- -j4 -l4
[5.840s] DEBUG:colcon.colcon_core.event_handler.log_command:Invoking command in '/home/strain-drone/Documents/drone_position_hold/ros2_ws/build/mocap4r2_robot_gt': CMAKE_PREFIX_PATH=/home/strain-drone/Documents/drone_position_hold/ros2_ws/install/mocap4r2_robot_gt_msgs:/home/strain-drone/Documents/drone_position_hold/ros2_ws/install/mocap4r2_msgs:/home/strain-drone/Documents/drone_position_hold/ros2_ws/install/rqt_mocap4r2_control:/home/strain-drone/Documents/drone_position_hold/ros2_ws/install/natnet_ros2:/home/strain-drone/Documents/drone_position_hold/ros2_ws/install/mocap4r2_vicon_driver:/home/strain-drone/Documents/drone_position_hold/ros2_ws/install/mocap4r2_robot_gt:/home/strain-drone/Documents/drone_position_hold/ros2_ws/install/mocap4r2_marker_viz:/home/strain-drone/Documents/drone_position_hold/ros2_ws/install/mocap4r2_marker_publisher:/home/strain-drone/Documents/drone_position_hold/ros2_ws/install/mocap4r2_dummy_driver:/home/strain-drone/Documents/drone_position_hold/ros2_ws/install/mocap4r2_marker_viz_srvs:/home/strain-drone/Documents/drone_position_hold/ros2_ws/install/mocap4r2_control:/home/strain-drone/Documents/drone_position_hold/ros2_ws/install/mocap4r2_control_msgs:/opt/ros/jazzy/opt/gz_math_vendor:/opt/ros/jazzy/opt/gz_utils_vendor:/opt/ros/jazzy/opt/gz_cmake_vendor:/home/strain-drone/Documents/drone_position_hold/ros2_ws/install/visualizer:/home/strain-drone/Documents/drone_position_hold/ros2_ws/install/position_publisher:/home/strain-drone/Documents/drone_position_hold/ros2_ws/install/mocap4r2cli:/home/strain-drone/Documents/drone_position_hold/ros2_ws/install/mavros_config:/opt/ros/jazzy DEBUGINFOD_URLS=https://debuginfod.ubuntu.com LD_LIBRARY_PATH=/home/strain-drone/Documents/drone_position_hold/ros2_ws/install/mocap4r2_robot_gt_msgs/lib:/home/strain-drone/Documents/drone_position_hold/ros2_ws/install/mocap4r2_msgs/lib:/home/strain-drone/Documents/drone_position_hold/ros2_ws/install/rqt_mocap4r2_control/lib:/home/strain-drone/Documents/drone_position_hold/ros2_ws/install/natnet_ros2/lib:/home/strain-drone/Documents/drone_position_hold/ros2_ws/install/mocap4r2_vicon_driver/lib:/home/strain-drone/Documents/drone_position_hold/ros2_ws/install/mocap4r2_robot_gt/lib:/home/strain-drone/Documents/drone_position_hold/ros2_ws/install/mocap4r2_marker_viz_srvs/lib:/home/strain-drone/Documents/drone_position_hold/ros2_ws/install/mocap4r2_control/lib:/home/strain-drone/Documents/drone_position_hold/ros2_ws/install/mocap4r2_control_msgs/lib:/opt/ros/jazzy/opt/rviz_ogre_vendor/lib:/opt/ros/jazzy/lib/aarch64-linux-gnu:/opt/ros/jazzy/opt/gz_math_vendor/lib:/opt/ros/jazzy/opt/gz_utils_vendor/lib:/opt/ros/jazzy/opt/gz_cmake_vendor/lib:/opt/ros/jazzy/lib:/home/strain-drone/Documents/drone_position_hold/ros2_ws/src/natnet_ros2/deps/NatNetSDK/lib PS1=(venv-ardupilot) \[\e]0;\u@\h: \w\a\]${debian_chroot:+($debian_chroot)}\[\033[01;32m\]\u@\h\[\033[00m\]:\[\033[01;34m\]\w\[\033[00m\]\$ PYTHONPATH=/home/strain-drone/Documents/drone_position_hold/ros2_ws/install/mocap4r2_robot_gt_msgs/lib/python3.12/site-packages:/home/strain-drone/Documents/drone_position_hold/ros2_ws/install/mocap4r2_msgs/lib/python3.12/site-packages:/home/strain-drone/Documents/drone_position_hold/ros2_ws/install/visualizer/lib/python3.12/site-packages:/home/strain-drone/Documents/drone_position_hold/ros2_ws/install/position_publisher/lib/python3.12/site-packages:/home/strain-drone/Documents/drone_position_hold/ros2_ws/install/natnet_ros2/lib/python3.12/site-packages:/home/strain-drone/Documents/drone_position_hold/ros2_ws/install/mocap4r2cli/lib/python3.12/site-packages:/home/strain-drone/Documents/drone_position_hold/ros2_ws/install/mocap4r2_marker_viz_srvs/lib/python3.12/site-packages:/home/strain-drone/Documents/drone_position_hold/ros2_ws/install/mocap4r2_control_msgs/lib/python3.12/site-packages:/home/strain-drone/Documents/drone_position_hold/ros2_ws/install/mavros_config/lib/python3.12/site-packages:/opt/ros/jazzy/lib/python3.12/site-packages VIRTUAL_ENV_PROMPT=(venv-ardupilot) /usr/bin/cmake --install /home/strain-drone/Documents/drone_position_hold/ros2_ws/build/mocap4r2_robot_gt
[5.845s] DEBUG:colcon.colcon_core.event_handler.log_command:Invoking command in '/home/strain-drone/Documents/drone_position_hold/ros2_ws/src/visualizer': DEBUGINFOD_URLS=https://debuginfod.ubuntu.com PS1=(venv-ardupilot) \[\e]0;\u@\h: \w\a\]${debian_chroot:+($debian_chroot)}\[\033[01;32m\]\u@\h\[\033[00m\]:\[\033[01;34m\]\w\[\033[00m\]\$ PYTHONPATH=/home/strain-drone/Documents/drone_position_hold/ros2_ws/build/visualizer/prefix_override:/usr/lib/python3/dist-packages/colcon_core/task/python/colcon_distutils_commands:/home/strain-drone/Documents/drone_position_hold/ros2_ws/install/visualizer/lib/python3.12/site-packages:${PYTHONPATH} VIRTUAL_ENV_PROMPT=(venv-ardupilot) /usr/bin/python3 -W ignore:setup.py install is deprecated -W ignore:easy_install command is deprecated setup.py egg_info --egg-base ../../build/visualizer build --build-base /home/strain-drone/Documents/drone_position_hold/ros2_ws/build/visualizer/build install --record /home/strain-drone/Documents/drone_position_hold/ros2_ws/build/visualizer/install.log --single-version-externally-managed install_data
[6.253s] INFO:colcon.colcon_core.task.python.build:Building Python package in '/home/strain-drone/Documents/drone_position_hold/ros2_ws/src/mocap4r2/mocap4r2cli'
[6.254s] INFO:colcon.colcon_core.shell:Skip shell extension 'powershell' for command environment: Not usable outside of PowerShell
[6.254s] DEBUG:colcon.colcon_core.shell:Skip shell extension 'dsv' for command environment
[6.261s] Level 1:colcon.colcon_core.environment:create_environment_scripts_only(mocap4r2_robot_gt)
[6.262s] Level 1:colcon.colcon_core.environment:checking '/home/strain-drone/Documents/drone_position_hold/ros2_ws/install/mocap4r2_robot_gt' for CMake module files
[6.263s] Level 1:colcon.colcon_core.environment:checking '/home/strain-drone/Documents/drone_position_hold/ros2_ws/install/mocap4r2_robot_gt' for CMake config files
[6.263s] Level 1:colcon.colcon_core.shell:create_environment_hook('mocap4r2_robot_gt', 'cmake_prefix_path')
[6.264s] DEBUG:colcon.colcon_core.event_handler.log_command:Invoked command in '/home/strain-drone/Documents/drone_position_hold/ros2_ws/build/mocap4r2_robot_gt' returned '0': CMAKE_PREFIX_PATH=/home/strain-drone/Documents/drone_position_hold/ros2_ws/install/mocap4r2_robot_gt_msgs:/home/strain-drone/Documents/drone_position_hold/ros2_ws/install/mocap4r2_msgs:/home/strain-drone/Documents/drone_position_hold/ros2_ws/install/rqt_mocap4r2_control:/home/strain-drone/Documents/drone_position_hold/ros2_ws/install/natnet_ros2:/home/strain-drone/Documents/drone_position_hold/ros2_ws/install/mocap4r2_vicon_driver:/home/strain-drone/Documents/drone_position_hold/ros2_ws/install/mocap4r2_robot_gt:/home/strain-drone/Documents/drone_position_hold/ros2_ws/install/mocap4r2_marker_viz:/home/strain-drone/Documents/drone_position_hold/ros2_ws/install/mocap4r2_marker_publisher:/home/strain-drone/Documents/drone_position_hold/ros2_ws/install/mocap4r2_dummy_driver:/home/strain-drone/Documents/drone_position_hold/ros2_ws/install/mocap4r2_marker_viz_srvs:/home/strain-drone/Documents/drone_position_hold/ros2_ws/install/mocap4r2_control:/home/strain-drone/Documents/drone_position_hold/ros2_ws/install/mocap4r2_control_msgs:/opt/ros/jazzy/opt/gz_math_vendor:/opt/ros/jazzy/opt/gz_utils_vendor:/opt/ros/jazzy/opt/gz_cmake_vendor:/home/strain-drone/Documents/drone_position_hold/ros2_ws/install/visualizer:/home/strain-drone/Documents/drone_position_hold/ros2_ws/install/position_publisher:/home/strain-drone/Documents/drone_position_hold/ros2_ws/install/mocap4r2cli:/home/strain-drone/Documents/drone_position_hold/ros2_ws/install/mavros_config:/opt/ros/jazzy DEBUGINFOD_URLS=https://debuginfod.ubuntu.com LD_LIBRARY_PATH=/home/strain-drone/Documents/drone_position_hold/ros2_ws/install/mocap4r2_robot_gt_msgs/lib:/home/strain-drone/Documents/drone_position_hold/ros2_ws/install/mocap4r2_msgs/lib:/home/strain-drone/Documents/drone_position_hold/ros2_ws/install/rqt_mocap4r2_control/lib:/home/strain-drone/Documents/drone_position_hold/ros2_ws/install/natnet_ros2/lib:/home/strain-drone/Documents/drone_position_hold/ros2_ws/install/mocap4r2_vicon_driver/lib:/home/strain-drone/Documents/drone_position_hold/ros2_ws/install/mocap4r2_robot_gt/lib:/home/strain-drone/Documents/drone_position_hold/ros2_ws/install/mocap4r2_marker_viz_srvs/lib:/home/strain-drone/Documents/drone_position_hold/ros2_ws/install/mocap4r2_control/lib:/home/strain-drone/Documents/drone_position_hold/ros2_ws/install/mocap4r2_control_msgs/lib:/opt/ros/jazzy/opt/rviz_ogre_vendor/lib:/opt/ros/jazzy/lib/aarch64-linux-gnu:/opt/ros/jazzy/opt/gz_math_vendor/lib:/opt/ros/jazzy/opt/gz_utils_vendor/lib:/opt/ros/jazzy/opt/gz_cmake_vendor/lib:/opt/ros/jazzy/lib:/home/strain-drone/Documents/drone_position_hold/ros2_ws/src/natnet_ros2/deps/NatNetSDK/lib PS1=(venv-ardupilot) \[\e]0;\u@\h: \w\a\]${debian_chroot:+($debian_chroot)}\[\033[01;32m\]\u@\h\[\033[00m\]:\[\033[01;34m\]\w\[\033[00m\]\$ PYTHONPATH=/home/strain-drone/Documents/drone_position_hold/ros2_ws/install/mocap4r2_robot_gt_msgs/lib/python3.12/site-packages:/home/strain-drone/Documents/drone_position_hold/ros2_ws/install/mocap4r2_msgs/lib/python3.12/site-packages:/home/strain-drone/Documents/drone_position_hold/ros2_ws/install/visualizer/lib/python3.12/site-packages:/home/strain-drone/Documents/drone_position_hold/ros2_ws/install/position_publisher/lib/python3.12/site-packages:/home/strain-drone/Documents/drone_position_hold/ros2_ws/install/natnet_ros2/lib/python3.12/site-packages:/home/strain-drone/Documents/drone_position_hold/ros2_ws/install/mocap4r2cli/lib/python3.12/site-packages:/home/strain-drone/Documents/drone_position_hold/ros2_ws/install/mocap4r2_marker_viz_srvs/lib/python3.12/site-packages:/home/strain-drone/Documents/drone_position_hold/ros2_ws/install/mocap4r2_control_msgs/lib/python3.12/site-packages:/home/strain-drone/Documents/drone_position_hold/ros2_ws/install/mavros_config/lib/python3.12/site-packages:/opt/ros/jazzy/lib/python3.12/site-packages VIRTUAL_ENV_PROMPT=(venv-ardupilot) /usr/bin/cmake --install /home/strain-drone/Documents/drone_position_hold/ros2_ws/build/mocap4r2_robot_gt
[6.265s] INFO:colcon.colcon_core.shell:Creating environment hook '/home/strain-drone/Documents/drone_position_hold/ros2_ws/install/mocap4r2_robot_gt/share/mocap4r2_robot_gt/hook/cmake_prefix_path.ps1'
[6.266s] INFO:colcon.colcon_core.shell:Creating environment descriptor '/home/strain-drone/Documents/drone_position_hold/ros2_ws/install/mocap4r2_robot_gt/share/mocap4r2_robot_gt/hook/cmake_prefix_path.dsv'
[6.267s] INFO:colcon.colcon_core.shell:Creating environment hook '/home/strain-drone/Documents/drone_position_hold/ros2_ws/install/mocap4r2_robot_gt/share/mocap4r2_robot_gt/hook/cmake_prefix_path.sh'
[6.268s] Level 1:colcon.colcon_core.environment:checking '/home/strain-drone/Documents/drone_position_hold/ros2_ws/install/mocap4r2_robot_gt/lib'
[6.268s] Level 1:colcon.colcon_core.shell:create_environment_hook('mocap4r2_robot_gt', 'ld_library_path_lib')
[6.269s] INFO:colcon.colcon_core.shell:Creating environment hook '/home/strain-drone/Documents/drone_position_hold/ros2_ws/install/mocap4r2_robot_gt/share/mocap4r2_robot_gt/hook/ld_library_path_lib.ps1'
[6.270s] INFO:colcon.colcon_core.shell:Creating environment descriptor '/home/strain-drone/Documents/drone_position_hold/ros2_ws/install/mocap4r2_robot_gt/share/mocap4r2_robot_gt/hook/ld_library_path_lib.dsv'
[6.271s] INFO:colcon.colcon_core.shell:Creating environment hook '/home/strain-drone/Documents/drone_position_hold/ros2_ws/install/mocap4r2_robot_gt/share/mocap4r2_robot_gt/hook/ld_library_path_lib.sh'
[6.272s] Level 1:colcon.colcon_core.environment:checking '/home/strain-drone/Documents/drone_position_hold/ros2_ws/install/mocap4r2_robot_gt/bin'
[6.272s] Level 1:colcon.colcon_core.environment:checking '/home/strain-drone/Documents/drone_position_hold/ros2_ws/install/mocap4r2_robot_gt/lib/pkgconfig/mocap4r2_robot_gt.pc'
[6.272s] Level 1:colcon.colcon_core.environment:checking '/home/strain-drone/Documents/drone_position_hold/ros2_ws/install/mocap4r2_robot_gt/lib/python3.12/site-packages'
[6.273s] Level 1:colcon.colcon_core.environment:checking '/home/strain-drone/Documents/drone_position_hold/ros2_ws/install/mocap4r2_robot_gt/bin'
[6.273s] INFO:colcon.colcon_core.shell:Creating package script '/home/strain-drone/Documents/drone_position_hold/ros2_ws/install/mocap4r2_robot_gt/share/mocap4r2_robot_gt/package.ps1'
[6.274s] INFO:colcon.colcon_core.shell:Creating package descriptor '/home/strain-drone/Documents/drone_position_hold/ros2_ws/install/mocap4r2_robot_gt/share/mocap4r2_robot_gt/package.dsv'
[6.275s] INFO:colcon.colcon_core.shell:Creating package script '/home/strain-drone/Documents/drone_position_hold/ros2_ws/install/mocap4r2_robot_gt/share/mocap4r2_robot_gt/package.sh'
[6.277s] INFO:colcon.colcon_core.shell:Creating package script '/home/strain-drone/Documents/drone_position_hold/ros2_ws/install/mocap4r2_robot_gt/share/mocap4r2_robot_gt/package.bash'
[6.278s] INFO:colcon.colcon_core.shell:Creating package script '/home/strain-drone/Documents/drone_position_hold/ros2_ws/install/mocap4r2_robot_gt/share/mocap4r2_robot_gt/package.zsh'
[6.279s] Level 1:colcon.colcon_core.environment:create_file_with_runtime_dependencies(/home/strain-drone/Documents/drone_position_hold/ros2_ws/install/mocap4r2_robot_gt/share/colcon-core/packages/mocap4r2_robot_gt)
[6.281s] Level 1:colcon.colcon_core.environment:create_environment_scripts_only(mocap4r2_robot_gt)
[6.281s] Level 1:colcon.colcon_core.environment:checking '/home/strain-drone/Documents/drone_position_hold/ros2_ws/install/mocap4r2_robot_gt' for CMake module files
[6.282s] Level 1:colcon.colcon_core.environment:checking '/home/strain-drone/Documents/drone_position_hold/ros2_ws/install/mocap4r2_robot_gt' for CMake config files
[6.282s] Level 1:colcon.colcon_core.shell:create_environment_hook('mocap4r2_robot_gt', 'cmake_prefix_path')
[6.283s] INFO:colcon.colcon_core.shell:Creating environment hook '/home/strain-drone/Documents/drone_position_hold/ros2_ws/install/mocap4r2_robot_gt/share/mocap4r2_robot_gt/hook/cmake_prefix_path.ps1'
[6.283s] INFO:colcon.colcon_core.shell:Creating environment descriptor '/home/strain-drone/Documents/drone_position_hold/ros2_ws/install/mocap4r2_robot_gt/share/mocap4r2_robot_gt/hook/cmake_prefix_path.dsv'
[6.285s] INFO:colcon.colcon_core.shell:Creating environment hook '/home/strain-drone/Documents/drone_position_hold/ros2_ws/install/mocap4r2_robot_gt/share/mocap4r2_robot_gt/hook/cmake_prefix_path.sh'
[6.287s] Level 1:colcon.colcon_core.environment:checking '/home/strain-drone/Documents/drone_position_hold/ros2_ws/install/mocap4r2_robot_gt/lib'
[6.287s] Level 1:colcon.colcon_core.shell:create_environment_hook('mocap4r2_robot_gt', 'ld_library_path_lib')
[6.287s] INFO:colcon.colcon_core.shell:Creating environment hook '/home/strain-drone/Documents/drone_position_hold/ros2_ws/install/mocap4r2_robot_gt/share/mocap4r2_robot_gt/hook/ld_library_path_lib.ps1'
[6.288s] INFO:colcon.colcon_core.shell:Creating environment descriptor '/home/strain-drone/Documents/drone_position_hold/ros2_ws/install/mocap4r2_robot_gt/share/mocap4r2_robot_gt/hook/ld_library_path_lib.dsv'
[6.290s] INFO:colcon.colcon_core.shell:Creating environment hook '/home/strain-drone/Documents/drone_position_hold/ros2_ws/install/mocap4r2_robot_gt/share/mocap4r2_robot_gt/hook/ld_library_path_lib.sh'
[6.291s] Level 1:colcon.colcon_core.environment:checking '/home/strain-drone/Documents/drone_position_hold/ros2_ws/install/mocap4r2_robot_gt/bin'
[6.291s] Level 1:colcon.colcon_core.environment:checking '/home/strain-drone/Documents/drone_position_hold/ros2_ws/install/mocap4r2_robot_gt/lib/pkgconfig/mocap4r2_robot_gt.pc'
[6.292s] Level 1:colcon.colcon_core.environment:checking '/home/strain-drone/Documents/drone_position_hold/ros2_ws/install/mocap4r2_robot_gt/lib/python3.12/site-packages'
[6.292s] Level 1:colcon.colcon_core.environment:checking '/home/strain-drone/Documents/drone_position_hold/ros2_ws/install/mocap4r2_robot_gt/bin'
[6.293s] INFO:colcon.colcon_core.shell:Creating package script '/home/strain-drone/Documents/drone_position_hold/ros2_ws/install/mocap4r2_robot_gt/share/mocap4r2_robot_gt/package.ps1'
[6.294s] INFO:colcon.colcon_core.shell:Creating package descriptor '/home/strain-drone/Documents/drone_position_hold/ros2_ws/install/mocap4r2_robot_gt/share/mocap4r2_robot_gt/package.dsv'
[6.295s] INFO:colcon.colcon_core.shell:Creating package script '/home/strain-drone/Documents/drone_position_hold/ros2_ws/install/mocap4r2_robot_gt/share/mocap4r2_robot_gt/package.sh'
[6.297s] INFO:colcon.colcon_core.shell:Creating package script '/home/strain-drone/Documents/drone_position_hold/ros2_ws/install/mocap4r2_robot_gt/share/mocap4r2_robot_gt/package.bash'
[6.301s] INFO:colcon.colcon_core.shell:Creating package script '/home/strain-drone/Documents/drone_position_hold/ros2_ws/install/mocap4r2_robot_gt/share/mocap4r2_robot_gt/package.zsh'
[6.302s] Level 1:colcon.colcon_core.environment:create_file_with_runtime_dependencies(/home/strain-drone/Documents/drone_position_hold/ros2_ws/install/mocap4r2_robot_gt/share/colcon-core/packages/mocap4r2_robot_gt)
[6.305s] INFO:colcon.colcon_ros.task.ament_cmake.build:Building ROS package in '/home/strain-drone/Documents/drone_position_hold/ros2_ws/src/mocap4r2/mocap4r2_dummy_driver' with build type 'ament_cmake'
[6.305s] INFO:colcon.colcon_cmake.task.cmake.build:Building CMake package in '/home/strain-drone/Documents/drone_position_hold/ros2_ws/src/mocap4r2/mocap4r2_dummy_driver'
[6.305s] INFO:colcon.colcon_core.shell:Skip shell extension 'powershell' for command environment: Not usable outside of PowerShell
[6.305s] DEBUG:colcon.colcon_core.shell:Skip shell extension 'dsv' for command environment
[6.339s] DEBUG:colcon.colcon_core.event_handler.log_command:Invoking command in '/home/strain-drone/Documents/drone_position_hold/ros2_ws/build/mocap4r2_dummy_driver': CMAKE_PREFIX_PATH=/home/strain-drone/Documents/drone_position_hold/ros2_ws/install/mocap4r2_control:/home/strain-drone/Documents/drone_position_hold/ros2_ws/install/mocap4r2_msgs:/home/strain-drone/Documents/drone_position_hold/ros2_ws/install/mocap4r2_control_msgs:/home/strain-drone/Documents/drone_position_hold/ros2_ws/install/rqt_mocap4r2_control:/home/strain-drone/Documents/drone_position_hold/ros2_ws/install/natnet_ros2:/home/strain-drone/Documents/drone_position_hold/ros2_ws/install/mocap4r2_vicon_driver:/home/strain-drone/Documents/drone_position_hold/ros2_ws/install/mocap4r2_robot_gt:/home/strain-drone/Documents/drone_position_hold/ros2_ws/install/mocap4r2_robot_gt_msgs:/home/strain-drone/Documents/drone_position_hold/ros2_ws/install/mocap4r2_marker_viz:/home/strain-drone/Documents/drone_position_hold/ros2_ws/install/mocap4r2_marker_publisher:/home/strain-drone/Documents/drone_position_hold/ros2_ws/install/mocap4r2_dummy_driver:/home/strain-drone/Documents/drone_position_hold/ros2_ws/install/mocap4r2_marker_viz_srvs:/opt/ros/jazzy/opt/gz_math_vendor:/opt/ros/jazzy/opt/gz_utils_vendor:/opt/ros/jazzy/opt/gz_cmake_vendor:/home/strain-drone/Documents/drone_position_hold/ros2_ws/install/visualizer:/home/strain-drone/Documents/drone_position_hold/ros2_ws/install/position_publisher:/home/strain-drone/Documents/drone_position_hold/ros2_ws/install/mocap4r2cli:/home/strain-drone/Documents/drone_position_hold/ros2_ws/install/mavros_config:/opt/ros/jazzy DEBUGINFOD_URLS=https://debuginfod.ubuntu.com LD_LIBRARY_PATH=/home/strain-drone/Documents/drone_position_hold/ros2_ws/install/mocap4r2_control/lib:/home/strain-drone/Documents/drone_position_hold/ros2_ws/install/mocap4r2_msgs/lib:/home/strain-drone/Documents/drone_position_hold/ros2_ws/install/mocap4r2_control_msgs/lib:/home/strain-drone/Documents/drone_position_hold/ros2_ws/install/rqt_mocap4r2_control/lib:/home/strain-drone/Documents/drone_position_hold/ros2_ws/install/natnet_ros2/lib:/home/strain-drone/Documents/drone_position_hold/ros2_ws/install/mocap4r2_vicon_driver/lib:/home/strain-drone/Documents/drone_position_hold/ros2_ws/install/mocap4r2_robot_gt/lib:/home/strain-drone/Documents/drone_position_hold/ros2_ws/install/mocap4r2_robot_gt_msgs/lib:/home/strain-drone/Documents/drone_position_hold/ros2_ws/install/mocap4r2_marker_viz_srvs/lib:/opt/ros/jazzy/opt/rviz_ogre_vendor/lib:/opt/ros/jazzy/lib/aarch64-linux-gnu:/opt/ros/jazzy/opt/gz_math_vendor/lib:/opt/ros/jazzy/opt/gz_utils_vendor/lib:/opt/ros/jazzy/opt/gz_cmake_vendor/lib:/opt/ros/jazzy/lib:/home/strain-drone/Documents/drone_position_hold/ros2_ws/src/natnet_ros2/deps/NatNetSDK/lib PS1=(venv-ardupilot) \[\e]0;\u@\h: \w\a\]${debian_chroot:+($debian_chroot)}\[\033[01;32m\]\u@\h\[\033[00m\]:\[\033[01;34m\]\w\[\033[00m\]\$ PYTHONPATH=/home/strain-drone/Documents/drone_position_hold/ros2_ws/install/mocap4r2_msgs/lib/python3.12/site-packages:/home/strain-drone/Documents/drone_position_hold/ros2_ws/install/mocap4r2_control_msgs/lib/python3.12/site-packages:/home/strain-drone/Documents/drone_position_hold/ros2_ws/install/visualizer/lib/python3.12/site-packages:/home/strain-drone/Documents/drone_position_hold/ros2_ws/install/position_publisher/lib/python3.12/site-packages:/home/strain-drone/Documents/drone_position_hold/ros2_ws/install/natnet_ros2/lib/python3.12/site-packages:/home/strain-drone/Documents/drone_position_hold/ros2_ws/install/mocap4r2cli/lib/python3.12/site-packages:/home/strain-drone/Documents/drone_position_hold/ros2_ws/install/mocap4r2_robot_gt_msgs/lib/python3.12/site-packages:/home/strain-drone/Documents/drone_position_hold/ros2_ws/install/mocap4r2_marker_viz_srvs/lib/python3.12/site-packages:/home/strain-drone/Documents/drone_position_hold/ros2_ws/install/mavros_config/lib/python3.12/site-packages:/opt/ros/jazzy/lib/python3.12/site-packages VIRTUAL_ENV_PROMPT=(venv-ardupilot) /usr/bin/cmake --build /home/strain-drone/Documents/drone_position_hold/ros2_ws/build/mocap4r2_dummy_driver -- -j4 -l4
[6.342s] Level 1:colcon.colcon_core.environment:checking '/home/strain-drone/Documents/drone_position_hold/ros2_ws/install/position_publisher' for CMake module files
[6.343s] Level 1:colcon.colcon_core.environment:checking '/home/strain-drone/Documents/drone_position_hold/ros2_ws/install/position_publisher' for CMake config files
[6.344s] Level 1:colcon.colcon_core.environment:checking '/home/strain-drone/Documents/drone_position_hold/ros2_ws/install/position_publisher/lib'
[6.344s] Level 1:colcon.colcon_core.environment:checking '/home/strain-drone/Documents/drone_position_hold/ros2_ws/install/position_publisher/bin'
[6.344s] Level 1:colcon.colcon_core.environment:checking '/home/strain-drone/Documents/drone_position_hold/ros2_ws/install/position_publisher/lib/pkgconfig/position_publisher.pc'
[6.345s] Level 1:colcon.colcon_core.environment:checking '/home/strain-drone/Documents/drone_position_hold/ros2_ws/install/position_publisher/lib/python3.12/site-packages'
[6.345s] DEBUG:colcon.colcon_core.event_handler.log_command:Invoked command in '/home/strain-drone/Documents/drone_position_hold/ros2_ws/src/position_publisher' returned '0': DEBUGINFOD_URLS=https://debuginfod.ubuntu.com PS1=(venv-ardupilot) \[\e]0;\u@\h: \w\a\]${debian_chroot:+($debian_chroot)}\[\033[01;32m\]\u@\h\[\033[00m\]:\[\033[01;34m\]\w\[\033[00m\]\$ PYTHONPATH=/home/strain-drone/Documents/drone_position_hold/ros2_ws/build/position_publisher/prefix_override:/usr/lib/python3/dist-packages/colcon_core/task/python/colcon_distutils_commands:/home/strain-drone/Documents/drone_position_hold/ros2_ws/install/position_publisher/lib/python3.12/site-packages:${PYTHONPATH} VIRTUAL_ENV_PROMPT=(venv-ardupilot) /usr/bin/python3 -W ignore:setup.py install is deprecated -W ignore:easy_install command is deprecated setup.py egg_info --egg-base ../../build/position_publisher build --build-base /home/strain-drone/Documents/drone_position_hold/ros2_ws/build/position_publisher/build install --record /home/strain-drone/Documents/drone_position_hold/ros2_ws/build/position_publisher/install.log --single-version-externally-managed install_data
[6.346s] Level 1:colcon.colcon_core.shell:create_environment_hook('position_publisher', 'pythonpath')
[6.346s] INFO:colcon.colcon_core.shell:Creating environment hook '/home/strain-drone/Documents/drone_position_hold/ros2_ws/install/position_publisher/share/position_publisher/hook/pythonpath.ps1'
[6.347s] INFO:colcon.colcon_core.shell:Creating environment descriptor '/home/strain-drone/Documents/drone_position_hold/ros2_ws/install/position_publisher/share/position_publisher/hook/pythonpath.dsv'
[6.348s] INFO:colcon.colcon_core.shell:Creating environment hook '/home/strain-drone/Documents/drone_position_hold/ros2_ws/install/position_publisher/share/position_publisher/hook/pythonpath.sh'
[6.350s] Level 1:colcon.colcon_core.environment:checking '/home/strain-drone/Documents/drone_position_hold/ros2_ws/install/position_publisher/bin'
[6.351s] Level 1:colcon.colcon_core.environment:create_environment_scripts_only(position_publisher)
[6.351s] INFO:colcon.colcon_core.shell:Creating package script '/home/strain-drone/Documents/drone_position_hold/ros2_ws/install/position_publisher/share/position_publisher/package.ps1'
[6.352s] INFO:colcon.colcon_core.shell:Creating package descriptor '/home/strain-drone/Documents/drone_position_hold/ros2_ws/install/position_publisher/share/position_publisher/package.dsv'
[6.354s] INFO:colcon.colcon_core.shell:Creating package script '/home/strain-drone/Documents/drone_position_hold/ros2_ws/install/position_publisher/share/position_publisher/package.sh'
[6.355s] INFO:colcon.colcon_core.shell:Creating package script '/home/strain-drone/Documents/drone_position_hold/ros2_ws/install/position_publisher/share/position_publisher/package.bash'
[6.357s] INFO:colcon.colcon_core.shell:Creating package script '/home/strain-drone/Documents/drone_position_hold/ros2_ws/install/position_publisher/share/position_publisher/package.zsh'
[6.358s] Level 1:colcon.colcon_core.environment:create_file_with_runtime_dependencies(/home/strain-drone/Documents/drone_position_hold/ros2_ws/install/position_publisher/share/colcon-core/packages/position_publisher)
[6.364s] INFO:colcon.colcon_ros.task.ament_cmake.build:Building ROS package in '/home/strain-drone/Documents/drone_position_hold/ros2_ws/src/mocap4ros2_vicon/mocap4r2_vicon_driver' with build type 'ament_cmake'
[6.365s] INFO:colcon.colcon_cmake.task.cmake.build:Building CMake package in '/home/strain-drone/Documents/drone_position_hold/ros2_ws/src/mocap4ros2_vicon/mocap4r2_vicon_driver'
[6.366s] INFO:colcon.colcon_core.shell:Skip shell extension 'powershell' for command environment: Not usable outside of PowerShell
[6.366s] DEBUG:colcon.colcon_core.shell:Skip shell extension 'dsv' for command environment
[6.402s] DEBUG:colcon.colcon_core.event_handler.log_command:Invoking command in '/home/strain-drone/Documents/drone_position_hold/ros2_ws/build/mocap4r2_vicon_driver': CMAKE_PREFIX_PATH=/home/strain-drone/Documents/drone_position_hold/ros2_ws/install/mocap4r2_control:/home/strain-drone/Documents/drone_position_hold/ros2_ws/install/mocap4r2_msgs:/home/strain-drone/Documents/drone_position_hold/ros2_ws/install/mocap4r2_control_msgs:/home/strain-drone/Documents/drone_position_hold/ros2_ws/install/rqt_mocap4r2_control:/home/strain-drone/Documents/drone_position_hold/ros2_ws/install/natnet_ros2:/home/strain-drone/Documents/drone_position_hold/ros2_ws/install/mocap4r2_vicon_driver:/home/strain-drone/Documents/drone_position_hold/ros2_ws/install/mocap4r2_robot_gt:/home/strain-drone/Documents/drone_position_hold/ros2_ws/install/mocap4r2_robot_gt_msgs:/home/strain-drone/Documents/drone_position_hold/ros2_ws/install/mocap4r2_marker_viz:/home/strain-drone/Documents/drone_position_hold/ros2_ws/install/mocap4r2_marker_publisher:/home/strain-drone/Documents/drone_position_hold/ros2_ws/install/mocap4r2_dummy_driver:/home/strain-drone/Documents/drone_position_hold/ros2_ws/install/mocap4r2_marker_viz_srvs:/opt/ros/jazzy/opt/gz_math_vendor:/opt/ros/jazzy/opt/gz_utils_vendor:/opt/ros/jazzy/opt/gz_cmake_vendor:/home/strain-drone/Documents/drone_position_hold/ros2_ws/install/visualizer:/home/strain-drone/Documents/drone_position_hold/ros2_ws/install/position_publisher:/home/strain-drone/Documents/drone_position_hold/ros2_ws/install/mocap4r2cli:/home/strain-drone/Documents/drone_position_hold/ros2_ws/install/mavros_config:/opt/ros/jazzy DEBUGINFOD_URLS=https://debuginfod.ubuntu.com LD_LIBRARY_PATH=/home/strain-drone/Documents/drone_position_hold/ros2_ws/install/mocap4r2_control/lib:/home/strain-drone/Documents/drone_position_hold/ros2_ws/install/mocap4r2_msgs/lib:/home/strain-drone/Documents/drone_position_hold/ros2_ws/install/mocap4r2_control_msgs/lib:/home/strain-drone/Documents/drone_position_hold/ros2_ws/install/rqt_mocap4r2_control/lib:/home/strain-drone/Documents/drone_position_hold/ros2_ws/install/natnet_ros2/lib:/home/strain-drone/Documents/drone_position_hold/ros2_ws/install/mocap4r2_vicon_driver/lib:/home/strain-drone/Documents/drone_position_hold/ros2_ws/install/mocap4r2_robot_gt/lib:/home/strain-drone/Documents/drone_position_hold/ros2_ws/install/mocap4r2_robot_gt_msgs/lib:/home/strain-drone/Documents/drone_position_hold/ros2_ws/install/mocap4r2_marker_viz_srvs/lib:/opt/ros/jazzy/opt/rviz_ogre_vendor/lib:/opt/ros/jazzy/lib/aarch64-linux-gnu:/opt/ros/jazzy/opt/gz_math_vendor/lib:/opt/ros/jazzy/opt/gz_utils_vendor/lib:/opt/ros/jazzy/opt/gz_cmake_vendor/lib:/opt/ros/jazzy/lib:/home/strain-drone/Documents/drone_position_hold/ros2_ws/src/natnet_ros2/deps/NatNetSDK/lib PS1=(venv-ardupilot) \[\e]0;\u@\h: \w\a\]${debian_chroot:+($debian_chroot)}\[\033[01;32m\]\u@\h\[\033[00m\]:\[\033[01;34m\]\w\[\033[00m\]\$ PYTHONPATH=/home/strain-drone/Documents/drone_position_hold/ros2_ws/install/mocap4r2_msgs/lib/python3.12/site-packages:/home/strain-drone/Documents/drone_position_hold/ros2_ws/install/mocap4r2_control_msgs/lib/python3.12/site-packages:/home/strain-drone/Documents/drone_position_hold/ros2_ws/install/visualizer/lib/python3.12/site-packages:/home/strain-drone/Documents/drone_position_hold/ros2_ws/install/position_publisher/lib/python3.12/site-packages:/home/strain-drone/Documents/drone_position_hold/ros2_ws/install/natnet_ros2/lib/python3.12/site-packages:/home/strain-drone/Documents/drone_position_hold/ros2_ws/install/mocap4r2cli/lib/python3.12/site-packages:/home/strain-drone/Documents/drone_position_hold/ros2_ws/install/mocap4r2_robot_gt_msgs/lib/python3.12/site-packages:/home/strain-drone/Documents/drone_position_hold/ros2_ws/install/mocap4r2_marker_viz_srvs/lib/python3.12/site-packages:/home/strain-drone/Documents/drone_position_hold/ros2_ws/install/mavros_config/lib/python3.12/site-packages:/opt/ros/jazzy/lib/python3.12/site-packages VIRTUAL_ENV_PROMPT=(venv-ardupilot) /usr/bin/cmake --build /home/strain-drone/Documents/drone_position_hold/ros2_ws/build/mocap4r2_vicon_driver -- -j4 -l4
[6.592s] DEBUG:colcon.colcon_core.event_handler.log_command:Invoked command in '/home/strain-drone/Documents/drone_position_hold/ros2_ws/build/mocap4r2_dummy_driver' returned '0': CMAKE_PREFIX_PATH=/home/strain-drone/Documents/drone_position_hold/ros2_ws/install/mocap4r2_control:/home/strain-drone/Documents/drone_position_hold/ros2_ws/install/mocap4r2_msgs:/home/strain-drone/Documents/drone_position_hold/ros2_ws/install/mocap4r2_control_msgs:/home/strain-drone/Documents/drone_position_hold/ros2_ws/install/rqt_mocap4r2_control:/home/strain-drone/Documents/drone_position_hold/ros2_ws/install/natnet_ros2:/home/strain-drone/Documents/drone_position_hold/ros2_ws/install/mocap4r2_vicon_driver:/home/strain-drone/Documents/drone_position_hold/ros2_ws/install/mocap4r2_robot_gt:/home/strain-drone/Documents/drone_position_hold/ros2_ws/install/mocap4r2_robot_gt_msgs:/home/strain-drone/Documents/drone_position_hold/ros2_ws/install/mocap4r2_marker_viz:/home/strain-drone/Documents/drone_position_hold/ros2_ws/install/mocap4r2_marker_publisher:/home/strain-drone/Documents/drone_position_hold/ros2_ws/install/mocap4r2_dummy_driver:/home/strain-drone/Documents/drone_position_hold/ros2_ws/install/mocap4r2_marker_viz_srvs:/opt/ros/jazzy/opt/gz_math_vendor:/opt/ros/jazzy/opt/gz_utils_vendor:/opt/ros/jazzy/opt/gz_cmake_vendor:/home/strain-drone/Documents/drone_position_hold/ros2_ws/install/visualizer:/home/strain-drone/Documents/drone_position_hold/ros2_ws/install/position_publisher:/home/strain-drone/Documents/drone_position_hold/ros2_ws/install/mocap4r2cli:/home/strain-drone/Documents/drone_position_hold/ros2_ws/install/mavros_config:/opt/ros/jazzy DEBUGINFOD_URLS=https://debuginfod.ubuntu.com LD_LIBRARY_PATH=/home/strain-drone/Documents/drone_position_hold/ros2_ws/install/mocap4r2_control/lib:/home/strain-drone/Documents/drone_position_hold/ros2_ws/install/mocap4r2_msgs/lib:/home/strain-drone/Documents/drone_position_hold/ros2_ws/install/mocap4r2_control_msgs/lib:/home/strain-drone/Documents/drone_position_hold/ros2_ws/install/rqt_mocap4r2_control/lib:/home/strain-drone/Documents/drone_position_hold/ros2_ws/install/natnet_ros2/lib:/home/strain-drone/Documents/drone_position_hold/ros2_ws/install/mocap4r2_vicon_driver/lib:/home/strain-drone/Documents/drone_position_hold/ros2_ws/install/mocap4r2_robot_gt/lib:/home/strain-drone/Documents/drone_position_hold/ros2_ws/install/mocap4r2_robot_gt_msgs/lib:/home/strain-drone/Documents/drone_position_hold/ros2_ws/install/mocap4r2_marker_viz_srvs/lib:/opt/ros/jazzy/opt/rviz_ogre_vendor/lib:/opt/ros/jazzy/lib/aarch64-linux-gnu:/opt/ros/jazzy/opt/gz_math_vendor/lib:/opt/ros/jazzy/opt/gz_utils_vendor/lib:/opt/ros/jazzy/opt/gz_cmake_vendor/lib:/opt/ros/jazzy/lib:/home/strain-drone/Documents/drone_position_hold/ros2_ws/src/natnet_ros2/deps/NatNetSDK/lib PS1=(venv-ardupilot) \[\e]0;\u@\h: \w\a\]${debian_chroot:+($debian_chroot)}\[\033[01;32m\]\u@\h\[\033[00m\]:\[\033[01;34m\]\w\[\033[00m\]\$ PYTHONPATH=/home/strain-drone/Documents/drone_position_hold/ros2_ws/install/mocap4r2_msgs/lib/python3.12/site-packages:/home/strain-drone/Documents/drone_position_hold/ros2_ws/install/mocap4r2_control_msgs/lib/python3.12/site-packages:/home/strain-drone/Documents/drone_position_hold/ros2_ws/install/visualizer/lib/python3.12/site-packages:/home/strain-drone/Documents/drone_position_hold/ros2_ws/install/position_publisher/lib/python3.12/site-packages:/home/strain-drone/Documents/drone_position_hold/ros2_ws/install/natnet_ros2/lib/python3.12/site-packages:/home/strain-drone/Documents/drone_position_hold/ros2_ws/install/mocap4r2cli/lib/python3.12/site-packages:/home/strain-drone/Documents/drone_position_hold/ros2_ws/install/mocap4r2_robot_gt_msgs/lib/python3.12/site-packages:/home/strain-drone/Documents/drone_position_hold/ros2_ws/install/mocap4r2_marker_viz_srvs/lib/python3.12/site-packages:/home/strain-drone/Documents/drone_position_hold/ros2_ws/install/mavros_config/lib/python3.12/site-packages:/opt/ros/jazzy/lib/python3.12/site-packages VIRTUAL_ENV_PROMPT=(venv-ardupilot) /usr/bin/cmake --build /home/strain-drone/Documents/drone_position_hold/ros2_ws/build/mocap4r2_dummy_driver -- -j4 -l4
[6.593s] DEBUG:colcon.colcon_core.event_handler.log_command:Invoking command in '/home/strain-drone/Documents/drone_position_hold/ros2_ws/build/mocap4r2_dummy_driver': CMAKE_PREFIX_PATH=/home/strain-drone/Documents/drone_position_hold/ros2_ws/install/mocap4r2_control:/home/strain-drone/Documents/drone_position_hold/ros2_ws/install/mocap4r2_msgs:/home/strain-drone/Documents/drone_position_hold/ros2_ws/install/mocap4r2_control_msgs:/home/strain-drone/Documents/drone_position_hold/ros2_ws/install/rqt_mocap4r2_control:/home/strain-drone/Documents/drone_position_hold/ros2_ws/install/natnet_ros2:/home/strain-drone/Documents/drone_position_hold/ros2_ws/install/mocap4r2_vicon_driver:/home/strain-drone/Documents/drone_position_hold/ros2_ws/install/mocap4r2_robot_gt:/home/strain-drone/Documents/drone_position_hold/ros2_ws/install/mocap4r2_robot_gt_msgs:/home/strain-drone/Documents/drone_position_hold/ros2_ws/install/mocap4r2_marker_viz:/home/strain-drone/Documents/drone_position_hold/ros2_ws/install/mocap4r2_marker_publisher:/home/strain-drone/Documents/drone_position_hold/ros2_ws/install/mocap4r2_dummy_driver:/home/strain-drone/Documents/drone_position_hold/ros2_ws/install/mocap4r2_marker_viz_srvs:/opt/ros/jazzy/opt/gz_math_vendor:/opt/ros/jazzy/opt/gz_utils_vendor:/opt/ros/jazzy/opt/gz_cmake_vendor:/home/strain-drone/Documents/drone_position_hold/ros2_ws/install/visualizer:/home/strain-drone/Documents/drone_position_hold/ros2_ws/install/position_publisher:/home/strain-drone/Documents/drone_position_hold/ros2_ws/install/mocap4r2cli:/home/strain-drone/Documents/drone_position_hold/ros2_ws/install/mavros_config:/opt/ros/jazzy DEBUGINFOD_URLS=https://debuginfod.ubuntu.com LD_LIBRARY_PATH=/home/strain-drone/Documents/drone_position_hold/ros2_ws/install/mocap4r2_control/lib:/home/strain-drone/Documents/drone_position_hold/ros2_ws/install/mocap4r2_msgs/lib:/home/strain-drone/Documents/drone_position_hold/ros2_ws/install/mocap4r2_control_msgs/lib:/home/strain-drone/Documents/drone_position_hold/ros2_ws/install/rqt_mocap4r2_control/lib:/home/strain-drone/Documents/drone_position_hold/ros2_ws/install/natnet_ros2/lib:/home/strain-drone/Documents/drone_position_hold/ros2_ws/install/mocap4r2_vicon_driver/lib:/home/strain-drone/Documents/drone_position_hold/ros2_ws/install/mocap4r2_robot_gt/lib:/home/strain-drone/Documents/drone_position_hold/ros2_ws/install/mocap4r2_robot_gt_msgs/lib:/home/strain-drone/Documents/drone_position_hold/ros2_ws/install/mocap4r2_marker_viz_srvs/lib:/opt/ros/jazzy/opt/rviz_ogre_vendor/lib:/opt/ros/jazzy/lib/aarch64-linux-gnu:/opt/ros/jazzy/opt/gz_math_vendor/lib:/opt/ros/jazzy/opt/gz_utils_vendor/lib:/opt/ros/jazzy/opt/gz_cmake_vendor/lib:/opt/ros/jazzy/lib:/home/strain-drone/Documents/drone_position_hold/ros2_ws/src/natnet_ros2/deps/NatNetSDK/lib PS1=(venv-ardupilot) \[\e]0;\u@\h: \w\a\]${debian_chroot:+($debian_chroot)}\[\033[01;32m\]\u@\h\[\033[00m\]:\[\033[01;34m\]\w\[\033[00m\]\$ PYTHONPATH=/home/strain-drone/Documents/drone_position_hold/ros2_ws/install/mocap4r2_msgs/lib/python3.12/site-packages:/home/strain-drone/Documents/drone_position_hold/ros2_ws/install/mocap4r2_control_msgs/lib/python3.12/site-packages:/home/strain-drone/Documents/drone_position_hold/ros2_ws/install/visualizer/lib/python3.12/site-packages:/home/strain-drone/Documents/drone_position_hold/ros2_ws/install/position_publisher/lib/python3.12/site-packages:/home/strain-drone/Documents/drone_position_hold/ros2_ws/install/natnet_ros2/lib/python3.12/site-packages:/home/strain-drone/Documents/drone_position_hold/ros2_ws/install/mocap4r2cli/lib/python3.12/site-packages:/home/strain-drone/Documents/drone_position_hold/ros2_ws/install/mocap4r2_robot_gt_msgs/lib/python3.12/site-packages:/home/strain-drone/Documents/drone_position_hold/ros2_ws/install/mocap4r2_marker_viz_srvs/lib/python3.12/site-packages:/home/strain-drone/Documents/drone_position_hold/ros2_ws/install/mavros_config/lib/python3.12/site-packages:/opt/ros/jazzy/lib/python3.12/site-packages VIRTUAL_ENV_PROMPT=(venv-ardupilot) /usr/bin/cmake --install /home/strain-drone/Documents/drone_position_hold/ros2_ws/build/mocap4r2_dummy_driver
[6.623s] Level 1:colcon.colcon_core.environment:create_environment_scripts_only(mocap4r2_dummy_driver)
[6.623s] Level 1:colcon.colcon_core.environment:checking '/home/strain-drone/Documents/drone_position_hold/ros2_ws/install/mocap4r2_dummy_driver' for CMake module files
[6.624s] DEBUG:colcon.colcon_core.event_handler.log_command:Invoked command in '/home/strain-drone/Documents/drone_position_hold/ros2_ws/build/mocap4r2_dummy_driver' returned '0': CMAKE_PREFIX_PATH=/home/strain-drone/Documents/drone_position_hold/ros2_ws/install/mocap4r2_control:/home/strain-drone/Documents/drone_position_hold/ros2_ws/install/mocap4r2_msgs:/home/strain-drone/Documents/drone_position_hold/ros2_ws/install/mocap4r2_control_msgs:/home/strain-drone/Documents/drone_position_hold/ros2_ws/install/rqt_mocap4r2_control:/home/strain-drone/Documents/drone_position_hold/ros2_ws/install/natnet_ros2:/home/strain-drone/Documents/drone_position_hold/ros2_ws/install/mocap4r2_vicon_driver:/home/strain-drone/Documents/drone_position_hold/ros2_ws/install/mocap4r2_robot_gt:/home/strain-drone/Documents/drone_position_hold/ros2_ws/install/mocap4r2_robot_gt_msgs:/home/strain-drone/Documents/drone_position_hold/ros2_ws/install/mocap4r2_marker_viz:/home/strain-drone/Documents/drone_position_hold/ros2_ws/install/mocap4r2_marker_publisher:/home/strain-drone/Documents/drone_position_hold/ros2_ws/install/mocap4r2_dummy_driver:/home/strain-drone/Documents/drone_position_hold/ros2_ws/install/mocap4r2_marker_viz_srvs:/opt/ros/jazzy/opt/gz_math_vendor:/opt/ros/jazzy/opt/gz_utils_vendor:/opt/ros/jazzy/opt/gz_cmake_vendor:/home/strain-drone/Documents/drone_position_hold/ros2_ws/install/visualizer:/home/strain-drone/Documents/drone_position_hold/ros2_ws/install/position_publisher:/home/strain-drone/Documents/drone_position_hold/ros2_ws/install/mocap4r2cli:/home/strain-drone/Documents/drone_position_hold/ros2_ws/install/mavros_config:/opt/ros/jazzy DEBUGINFOD_URLS=https://debuginfod.ubuntu.com LD_LIBRARY_PATH=/home/strain-drone/Documents/drone_position_hold/ros2_ws/install/mocap4r2_control/lib:/home/strain-drone/Documents/drone_position_hold/ros2_ws/install/mocap4r2_msgs/lib:/home/strain-drone/Documents/drone_position_hold/ros2_ws/install/mocap4r2_control_msgs/lib:/home/strain-drone/Documents/drone_position_hold/ros2_ws/install/rqt_mocap4r2_control/lib:/home/strain-drone/Documents/drone_position_hold/ros2_ws/install/natnet_ros2/lib:/home/strain-drone/Documents/drone_position_hold/ros2_ws/install/mocap4r2_vicon_driver/lib:/home/strain-drone/Documents/drone_position_hold/ros2_ws/install/mocap4r2_robot_gt/lib:/home/strain-drone/Documents/drone_position_hold/ros2_ws/install/mocap4r2_robot_gt_msgs/lib:/home/strain-drone/Documents/drone_position_hold/ros2_ws/install/mocap4r2_marker_viz_srvs/lib:/opt/ros/jazzy/opt/rviz_ogre_vendor/lib:/opt/ros/jazzy/lib/aarch64-linux-gnu:/opt/ros/jazzy/opt/gz_math_vendor/lib:/opt/ros/jazzy/opt/gz_utils_vendor/lib:/opt/ros/jazzy/opt/gz_cmake_vendor/lib:/opt/ros/jazzy/lib:/home/strain-drone/Documents/drone_position_hold/ros2_ws/src/natnet_ros2/deps/NatNetSDK/lib PS1=(venv-ardupilot) \[\e]0;\u@\h: \w\a\]${debian_chroot:+($debian_chroot)}\[\033[01;32m\]\u@\h\[\033[00m\]:\[\033[01;34m\]\w\[\033[00m\]\$ PYTHONPATH=/home/strain-drone/Documents/drone_position_hold/ros2_ws/install/mocap4r2_msgs/lib/python3.12/site-packages:/home/strain-drone/Documents/drone_position_hold/ros2_ws/install/mocap4r2_control_msgs/lib/python3.12/site-packages:/home/strain-drone/Documents/drone_position_hold/ros2_ws/install/visualizer/lib/python3.12/site-packages:/home/strain-drone/Documents/drone_position_hold/ros2_ws/install/position_publisher/lib/python3.12/site-packages:/home/strain-drone/Documents/drone_position_hold/ros2_ws/install/natnet_ros2/lib/python3.12/site-packages:/home/strain-drone/Documents/drone_position_hold/ros2_ws/install/mocap4r2cli/lib/python3.12/site-packages:/home/strain-drone/Documents/drone_position_hold/ros2_ws/install/mocap4r2_robot_gt_msgs/lib/python3.12/site-packages:/home/strain-drone/Documents/drone_position_hold/ros2_ws/install/mocap4r2_marker_viz_srvs/lib/python3.12/site-packages:/home/strain-drone/Documents/drone_position_hold/ros2_ws/install/mavros_config/lib/python3.12/site-packages:/opt/ros/jazzy/lib/python3.12/site-packages VIRTUAL_ENV_PROMPT=(venv-ardupilot) /usr/bin/cmake --install /home/strain-drone/Documents/drone_position_hold/ros2_ws/build/mocap4r2_dummy_driver
[6.625s] Level 1:colcon.colcon_core.environment:checking '/home/strain-drone/Documents/drone_position_hold/ros2_ws/install/mocap4r2_dummy_driver' for CMake config files
[6.625s] Level 1:colcon.colcon_core.shell:create_environment_hook('mocap4r2_dummy_driver', 'cmake_prefix_path')
[6.625s] INFO:colcon.colcon_core.shell:Creating environment hook '/home/strain-drone/Documents/drone_position_hold/ros2_ws/install/mocap4r2_dummy_driver/share/mocap4r2_dummy_driver/hook/cmake_prefix_path.ps1'
[6.626s] INFO:colcon.colcon_core.shell:Creating environment descriptor '/home/strain-drone/Documents/drone_position_hold/ros2_ws/install/mocap4r2_dummy_driver/share/mocap4r2_dummy_driver/hook/cmake_prefix_path.dsv'
[6.628s] INFO:colcon.colcon_core.shell:Creating environment hook '/home/strain-drone/Documents/drone_position_hold/ros2_ws/install/mocap4r2_dummy_driver/share/mocap4r2_dummy_driver/hook/cmake_prefix_path.sh'
[6.629s] Level 1:colcon.colcon_core.environment:checking '/home/strain-drone/Documents/drone_position_hold/ros2_ws/install/mocap4r2_dummy_driver/lib'
[6.629s] Level 1:colcon.colcon_core.environment:checking '/home/strain-drone/Documents/drone_position_hold/ros2_ws/install/mocap4r2_dummy_driver/bin'
[6.629s] Level 1:colcon.colcon_core.environment:checking '/home/strain-drone/Documents/drone_position_hold/ros2_ws/install/mocap4r2_dummy_driver/lib/pkgconfig/mocap4r2_dummy_driver.pc'
[6.630s] Level 1:colcon.colcon_core.environment:checking '/home/strain-drone/Documents/drone_position_hold/ros2_ws/install/mocap4r2_dummy_driver/lib/python3.12/site-packages'
[6.630s] Level 1:colcon.colcon_core.environment:checking '/home/strain-drone/Documents/drone_position_hold/ros2_ws/install/mocap4r2_dummy_driver/bin'
[6.631s] INFO:colcon.colcon_core.shell:Creating package script '/home/strain-drone/Documents/drone_position_hold/ros2_ws/install/mocap4r2_dummy_driver/share/mocap4r2_dummy_driver/package.ps1'
[6.631s] INFO:colcon.colcon_core.shell:Creating package descriptor '/home/strain-drone/Documents/drone_position_hold/ros2_ws/install/mocap4r2_dummy_driver/share/mocap4r2_dummy_driver/package.dsv'
[6.633s] INFO:colcon.colcon_core.shell:Creating package script '/home/strain-drone/Documents/drone_position_hold/ros2_ws/install/mocap4r2_dummy_driver/share/mocap4r2_dummy_driver/package.sh'
[6.634s] INFO:colcon.colcon_core.shell:Creating package script '/home/strain-drone/Documents/drone_position_hold/ros2_ws/install/mocap4r2_dummy_driver/share/mocap4r2_dummy_driver/package.bash'
[6.635s] INFO:colcon.colcon_core.shell:Creating package script '/home/strain-drone/Documents/drone_position_hold/ros2_ws/install/mocap4r2_dummy_driver/share/mocap4r2_dummy_driver/package.zsh'
[6.636s] Level 1:colcon.colcon_core.environment:create_file_with_runtime_dependencies(/home/strain-drone/Documents/drone_position_hold/ros2_ws/install/mocap4r2_dummy_driver/share/colcon-core/packages/mocap4r2_dummy_driver)
[6.638s] Level 1:colcon.colcon_core.environment:create_environment_scripts_only(mocap4r2_dummy_driver)
[6.639s] Level 1:colcon.colcon_core.environment:checking '/home/strain-drone/Documents/drone_position_hold/ros2_ws/install/mocap4r2_dummy_driver' for CMake module files
[6.640s] Level 1:colcon.colcon_core.environment:checking '/home/strain-drone/Documents/drone_position_hold/ros2_ws/install/mocap4r2_dummy_driver' for CMake config files
[6.640s] Level 1:colcon.colcon_core.shell:create_environment_hook('mocap4r2_dummy_driver', 'cmake_prefix_path')
[6.640s] INFO:colcon.colcon_core.shell:Creating environment hook '/home/strain-drone/Documents/drone_position_hold/ros2_ws/install/mocap4r2_dummy_driver/share/mocap4r2_dummy_driver/hook/cmake_prefix_path.ps1'
[6.641s] INFO:colcon.colcon_core.shell:Creating environment descriptor '/home/strain-drone/Documents/drone_position_hold/ros2_ws/install/mocap4r2_dummy_driver/share/mocap4r2_dummy_driver/hook/cmake_prefix_path.dsv'
[6.643s] INFO:colcon.colcon_core.shell:Creating environment hook '/home/strain-drone/Documents/drone_position_hold/ros2_ws/install/mocap4r2_dummy_driver/share/mocap4r2_dummy_driver/hook/cmake_prefix_path.sh'
[6.645s] Level 1:colcon.colcon_core.environment:checking '/home/strain-drone/Documents/drone_position_hold/ros2_ws/install/mocap4r2_dummy_driver/lib'
[6.645s] Level 1:colcon.colcon_core.environment:checking '/home/strain-drone/Documents/drone_position_hold/ros2_ws/install/mocap4r2_dummy_driver/bin'
[6.645s] Level 1:colcon.colcon_core.environment:checking '/home/strain-drone/Documents/drone_position_hold/ros2_ws/install/mocap4r2_dummy_driver/lib/pkgconfig/mocap4r2_dummy_driver.pc'
[6.645s] Level 1:colcon.colcon_core.environment:checking '/home/strain-drone/Documents/drone_position_hold/ros2_ws/install/mocap4r2_dummy_driver/lib/python3.12/site-packages'
[6.646s] Level 1:colcon.colcon_core.environment:checking '/home/strain-drone/Documents/drone_position_hold/ros2_ws/install/mocap4r2_dummy_driver/bin'
[6.646s] INFO:colcon.colcon_core.shell:Creating package script '/home/strain-drone/Documents/drone_position_hold/ros2_ws/install/mocap4r2_dummy_driver/share/mocap4r2_dummy_driver/package.ps1'
[6.647s] INFO:colcon.colcon_core.shell:Creating package descriptor '/home/strain-drone/Documents/drone_position_hold/ros2_ws/install/mocap4r2_dummy_driver/share/mocap4r2_dummy_driver/package.dsv'
[6.649s] INFO:colcon.colcon_core.shell:Creating package script '/home/strain-drone/Documents/drone_position_hold/ros2_ws/install/mocap4r2_dummy_driver/share/mocap4r2_dummy_driver/package.sh'
[6.651s] INFO:colcon.colcon_core.shell:Creating package script '/home/strain-drone/Documents/drone_position_hold/ros2_ws/install/mocap4r2_dummy_driver/share/mocap4r2_dummy_driver/package.bash'
[6.655s] INFO:colcon.colcon_core.shell:Creating package script '/home/strain-drone/Documents/drone_position_hold/ros2_ws/install/mocap4r2_dummy_driver/share/mocap4r2_dummy_driver/package.zsh'
[6.656s] Level 1:colcon.colcon_core.environment:create_file_with_runtime_dependencies(/home/strain-drone/Documents/drone_position_hold/ros2_ws/install/mocap4r2_dummy_driver/share/colcon-core/packages/mocap4r2_dummy_driver)
[6.657s] INFO:colcon.colcon_ros.task.ament_cmake.build:Building ROS package in '/home/strain-drone/Documents/drone_position_hold/ros2_ws/src/mocap4r2/mocap4r2_control/rqt_mocap4r2_control' with build type 'ament_cmake'
[6.657s] INFO:colcon.colcon_cmake.task.cmake.build:Building CMake package in '/home/strain-drone/Documents/drone_position_hold/ros2_ws/src/mocap4r2/mocap4r2_control/rqt_mocap4r2_control'
[6.658s] INFO:colcon.colcon_core.shell:Skip shell extension 'powershell' for command environment: Not usable outside of PowerShell
[6.658s] DEBUG:colcon.colcon_core.shell:Skip shell extension 'dsv' for command environment
[6.685s] DEBUG:colcon.colcon_core.event_handler.log_command:Invoking command in '/home/strain-drone/Documents/drone_position_hold/ros2_ws/build/rqt_mocap4r2_control': CMAKE_PREFIX_PATH=/home/strain-drone/Documents/drone_position_hold/ros2_ws/install/mocap4r2_control:/home/strain-drone/Documents/drone_position_hold/ros2_ws/install/mocap4r2_control_msgs:/home/strain-drone/Documents/drone_position_hold/ros2_ws/install/rqt_mocap4r2_control:/home/strain-drone/Documents/drone_position_hold/ros2_ws/install/natnet_ros2:/home/strain-drone/Documents/drone_position_hold/ros2_ws/install/mocap4r2_vicon_driver:/home/strain-drone/Documents/drone_position_hold/ros2_ws/install/mocap4r2_robot_gt:/home/strain-drone/Documents/drone_position_hold/ros2_ws/install/mocap4r2_robot_gt_msgs:/home/strain-drone/Documents/drone_position_hold/ros2_ws/install/mocap4r2_marker_viz:/home/strain-drone/Documents/drone_position_hold/ros2_ws/install/mocap4r2_marker_publisher:/home/strain-drone/Documents/drone_position_hold/ros2_ws/install/mocap4r2_dummy_driver:/home/strain-drone/Documents/drone_position_hold/ros2_ws/install/mocap4r2_msgs:/home/strain-drone/Documents/drone_position_hold/ros2_ws/install/mocap4r2_marker_viz_srvs:/opt/ros/jazzy/opt/gz_math_vendor:/opt/ros/jazzy/opt/gz_utils_vendor:/opt/ros/jazzy/opt/gz_cmake_vendor:/home/strain-drone/Documents/drone_position_hold/ros2_ws/install/visualizer:/home/strain-drone/Documents/drone_position_hold/ros2_ws/install/position_publisher:/home/strain-drone/Documents/drone_position_hold/ros2_ws/install/mocap4r2cli:/home/strain-drone/Documents/drone_position_hold/ros2_ws/install/mavros_config:/opt/ros/jazzy DEBUGINFOD_URLS=https://debuginfod.ubuntu.com LD_LIBRARY_PATH=/home/strain-drone/Documents/drone_position_hold/ros2_ws/install/mocap4r2_control/lib:/home/strain-drone/Documents/drone_position_hold/ros2_ws/install/mocap4r2_control_msgs/lib:/home/strain-drone/Documents/drone_position_hold/ros2_ws/install/rqt_mocap4r2_control/lib:/home/strain-drone/Documents/drone_position_hold/ros2_ws/install/natnet_ros2/lib:/home/strain-drone/Documents/drone_position_hold/ros2_ws/install/mocap4r2_vicon_driver/lib:/home/strain-drone/Documents/drone_position_hold/ros2_ws/install/mocap4r2_robot_gt/lib:/home/strain-drone/Documents/drone_position_hold/ros2_ws/install/mocap4r2_robot_gt_msgs/lib:/home/strain-drone/Documents/drone_position_hold/ros2_ws/install/mocap4r2_msgs/lib:/home/strain-drone/Documents/drone_position_hold/ros2_ws/install/mocap4r2_marker_viz_srvs/lib:/opt/ros/jazzy/opt/rviz_ogre_vendor/lib:/opt/ros/jazzy/lib/aarch64-linux-gnu:/opt/ros/jazzy/opt/gz_math_vendor/lib:/opt/ros/jazzy/opt/gz_utils_vendor/lib:/opt/ros/jazzy/opt/gz_cmake_vendor/lib:/opt/ros/jazzy/lib:/home/strain-drone/Documents/drone_position_hold/ros2_ws/src/natnet_ros2/deps/NatNetSDK/lib PS1=(venv-ardupilot) \[\e]0;\u@\h: \w\a\]${debian_chroot:+($debian_chroot)}\[\033[01;32m\]\u@\h\[\033[00m\]:\[\033[01;34m\]\w\[\033[00m\]\$ PYTHONPATH=/home/strain-drone/Documents/drone_position_hold/ros2_ws/install/mocap4r2_control_msgs/lib/python3.12/site-packages:/home/strain-drone/Documents/drone_position_hold/ros2_ws/install/visualizer/lib/python3.12/site-packages:/home/strain-drone/Documents/drone_position_hold/ros2_ws/install/position_publisher/lib/python3.12/site-packages:/home/strain-drone/Documents/drone_position_hold/ros2_ws/install/natnet_ros2/lib/python3.12/site-packages:/home/strain-drone/Documents/drone_position_hold/ros2_ws/install/mocap4r2cli/lib/python3.12/site-packages:/home/strain-drone/Documents/drone_position_hold/ros2_ws/install/mocap4r2_robot_gt_msgs/lib/python3.12/site-packages:/home/strain-drone/Documents/drone_position_hold/ros2_ws/install/mocap4r2_msgs/lib/python3.12/site-packages:/home/strain-drone/Documents/drone_position_hold/ros2_ws/install/mocap4r2_marker_viz_srvs/lib/python3.12/site-packages:/home/strain-drone/Documents/drone_position_hold/ros2_ws/install/mavros_config/lib/python3.12/site-packages:/opt/ros/jazzy/lib/python3.12/site-packages VIRTUAL_ENV_PROMPT=(venv-ardupilot) /usr/bin/cmake --build /home/strain-drone/Documents/drone_position_hold/ros2_ws/build/rqt_mocap4r2_control -- -j4 -l4
[6.834s] DEBUG:colcon.colcon_core.event_handler.log_command:Invoked command in '/home/strain-drone/Documents/drone_position_hold/ros2_ws/build/mocap4r2_vicon_driver' returned '0': CMAKE_PREFIX_PATH=/home/strain-drone/Documents/drone_position_hold/ros2_ws/install/mocap4r2_control:/home/strain-drone/Documents/drone_position_hold/ros2_ws/install/mocap4r2_msgs:/home/strain-drone/Documents/drone_position_hold/ros2_ws/install/mocap4r2_control_msgs:/home/strain-drone/Documents/drone_position_hold/ros2_ws/install/rqt_mocap4r2_control:/home/strain-drone/Documents/drone_position_hold/ros2_ws/install/natnet_ros2:/home/strain-drone/Documents/drone_position_hold/ros2_ws/install/mocap4r2_vicon_driver:/home/strain-drone/Documents/drone_position_hold/ros2_ws/install/mocap4r2_robot_gt:/home/strain-drone/Documents/drone_position_hold/ros2_ws/install/mocap4r2_robot_gt_msgs:/home/strain-drone/Documents/drone_position_hold/ros2_ws/install/mocap4r2_marker_viz:/home/strain-drone/Documents/drone_position_hold/ros2_ws/install/mocap4r2_marker_publisher:/home/strain-drone/Documents/drone_position_hold/ros2_ws/install/mocap4r2_dummy_driver:/home/strain-drone/Documents/drone_position_hold/ros2_ws/install/mocap4r2_marker_viz_srvs:/opt/ros/jazzy/opt/gz_math_vendor:/opt/ros/jazzy/opt/gz_utils_vendor:/opt/ros/jazzy/opt/gz_cmake_vendor:/home/strain-drone/Documents/drone_position_hold/ros2_ws/install/visualizer:/home/strain-drone/Documents/drone_position_hold/ros2_ws/install/position_publisher:/home/strain-drone/Documents/drone_position_hold/ros2_ws/install/mocap4r2cli:/home/strain-drone/Documents/drone_position_hold/ros2_ws/install/mavros_config:/opt/ros/jazzy DEBUGINFOD_URLS=https://debuginfod.ubuntu.com LD_LIBRARY_PATH=/home/strain-drone/Documents/drone_position_hold/ros2_ws/install/mocap4r2_control/lib:/home/strain-drone/Documents/drone_position_hold/ros2_ws/install/mocap4r2_msgs/lib:/home/strain-drone/Documents/drone_position_hold/ros2_ws/install/mocap4r2_control_msgs/lib:/home/strain-drone/Documents/drone_position_hold/ros2_ws/install/rqt_mocap4r2_control/lib:/home/strain-drone/Documents/drone_position_hold/ros2_ws/install/natnet_ros2/lib:/home/strain-drone/Documents/drone_position_hold/ros2_ws/install/mocap4r2_vicon_driver/lib:/home/strain-drone/Documents/drone_position_hold/ros2_ws/install/mocap4r2_robot_gt/lib:/home/strain-drone/Documents/drone_position_hold/ros2_ws/install/mocap4r2_robot_gt_msgs/lib:/home/strain-drone/Documents/drone_position_hold/ros2_ws/install/mocap4r2_marker_viz_srvs/lib:/opt/ros/jazzy/opt/rviz_ogre_vendor/lib:/opt/ros/jazzy/lib/aarch64-linux-gnu:/opt/ros/jazzy/opt/gz_math_vendor/lib:/opt/ros/jazzy/opt/gz_utils_vendor/lib:/opt/ros/jazzy/opt/gz_cmake_vendor/lib:/opt/ros/jazzy/lib:/home/strain-drone/Documents/drone_position_hold/ros2_ws/src/natnet_ros2/deps/NatNetSDK/lib PS1=(venv-ardupilot) \[\e]0;\u@\h: \w\a\]${debian_chroot:+($debian_chroot)}\[\033[01;32m\]\u@\h\[\033[00m\]:\[\033[01;34m\]\w\[\033[00m\]\$ PYTHONPATH=/home/strain-drone/Documents/drone_position_hold/ros2_ws/install/mocap4r2_msgs/lib/python3.12/site-packages:/home/strain-drone/Documents/drone_position_hold/ros2_ws/install/mocap4r2_control_msgs/lib/python3.12/site-packages:/home/strain-drone/Documents/drone_position_hold/ros2_ws/install/visualizer/lib/python3.12/site-packages:/home/strain-drone/Documents/drone_position_hold/ros2_ws/install/position_publisher/lib/python3.12/site-packages:/home/strain-drone/Documents/drone_position_hold/ros2_ws/install/natnet_ros2/lib/python3.12/site-packages:/home/strain-drone/Documents/drone_position_hold/ros2_ws/install/mocap4r2cli/lib/python3.12/site-packages:/home/strain-drone/Documents/drone_position_hold/ros2_ws/install/mocap4r2_robot_gt_msgs/lib/python3.12/site-packages:/home/strain-drone/Documents/drone_position_hold/ros2_ws/install/mocap4r2_marker_viz_srvs/lib/python3.12/site-packages:/home/strain-drone/Documents/drone_position_hold/ros2_ws/install/mavros_config/lib/python3.12/site-packages:/opt/ros/jazzy/lib/python3.12/site-packages VIRTUAL_ENV_PROMPT=(venv-ardupilot) /usr/bin/cmake --build /home/strain-drone/Documents/drone_position_hold/ros2_ws/build/mocap4r2_vicon_driver -- -j4 -l4
[6.834s] DEBUG:colcon.colcon_core.event_handler.log_command:Invoking command in '/home/strain-drone/Documents/drone_position_hold/ros2_ws/build/mocap4r2_vicon_driver': CMAKE_PREFIX_PATH=/home/strain-drone/Documents/drone_position_hold/ros2_ws/install/mocap4r2_control:/home/strain-drone/Documents/drone_position_hold/ros2_ws/install/mocap4r2_msgs:/home/strain-drone/Documents/drone_position_hold/ros2_ws/install/mocap4r2_control_msgs:/home/strain-drone/Documents/drone_position_hold/ros2_ws/install/rqt_mocap4r2_control:/home/strain-drone/Documents/drone_position_hold/ros2_ws/install/natnet_ros2:/home/strain-drone/Documents/drone_position_hold/ros2_ws/install/mocap4r2_vicon_driver:/home/strain-drone/Documents/drone_position_hold/ros2_ws/install/mocap4r2_robot_gt:/home/strain-drone/Documents/drone_position_hold/ros2_ws/install/mocap4r2_robot_gt_msgs:/home/strain-drone/Documents/drone_position_hold/ros2_ws/install/mocap4r2_marker_viz:/home/strain-drone/Documents/drone_position_hold/ros2_ws/install/mocap4r2_marker_publisher:/home/strain-drone/Documents/drone_position_hold/ros2_ws/install/mocap4r2_dummy_driver:/home/strain-drone/Documents/drone_position_hold/ros2_ws/install/mocap4r2_marker_viz_srvs:/opt/ros/jazzy/opt/gz_math_vendor:/opt/ros/jazzy/opt/gz_utils_vendor:/opt/ros/jazzy/opt/gz_cmake_vendor:/home/strain-drone/Documents/drone_position_hold/ros2_ws/install/visualizer:/home/strain-drone/Documents/drone_position_hold/ros2_ws/install/position_publisher:/home/strain-drone/Documents/drone_position_hold/ros2_ws/install/mocap4r2cli:/home/strain-drone/Documents/drone_position_hold/ros2_ws/install/mavros_config:/opt/ros/jazzy DEBUGINFOD_URLS=https://debuginfod.ubuntu.com LD_LIBRARY_PATH=/home/strain-drone/Documents/drone_position_hold/ros2_ws/install/mocap4r2_control/lib:/home/strain-drone/Documents/drone_position_hold/ros2_ws/install/mocap4r2_msgs/lib:/home/strain-drone/Documents/drone_position_hold/ros2_ws/install/mocap4r2_control_msgs/lib:/home/strain-drone/Documents/drone_position_hold/ros2_ws/install/rqt_mocap4r2_control/lib:/home/strain-drone/Documents/drone_position_hold/ros2_ws/install/natnet_ros2/lib:/home/strain-drone/Documents/drone_position_hold/ros2_ws/install/mocap4r2_vicon_driver/lib:/home/strain-drone/Documents/drone_position_hold/ros2_ws/install/mocap4r2_robot_gt/lib:/home/strain-drone/Documents/drone_position_hold/ros2_ws/install/mocap4r2_robot_gt_msgs/lib:/home/strain-drone/Documents/drone_position_hold/ros2_ws/install/mocap4r2_marker_viz_srvs/lib:/opt/ros/jazzy/opt/rviz_ogre_vendor/lib:/opt/ros/jazzy/lib/aarch64-linux-gnu:/opt/ros/jazzy/opt/gz_math_vendor/lib:/opt/ros/jazzy/opt/gz_utils_vendor/lib:/opt/ros/jazzy/opt/gz_cmake_vendor/lib:/opt/ros/jazzy/lib:/home/strain-drone/Documents/drone_position_hold/ros2_ws/src/natnet_ros2/deps/NatNetSDK/lib PS1=(venv-ardupilot) \[\e]0;\u@\h: \w\a\]${debian_chroot:+($debian_chroot)}\[\033[01;32m\]\u@\h\[\033[00m\]:\[\033[01;34m\]\w\[\033[00m\]\$ PYTHONPATH=/home/strain-drone/Documents/drone_position_hold/ros2_ws/install/mocap4r2_msgs/lib/python3.12/site-packages:/home/strain-drone/Documents/drone_position_hold/ros2_ws/install/mocap4r2_control_msgs/lib/python3.12/site-packages:/home/strain-drone/Documents/drone_position_hold/ros2_ws/install/visualizer/lib/python3.12/site-packages:/home/strain-drone/Documents/drone_position_hold/ros2_ws/install/position_publisher/lib/python3.12/site-packages:/home/strain-drone/Documents/drone_position_hold/ros2_ws/install/natnet_ros2/lib/python3.12/site-packages:/home/strain-drone/Documents/drone_position_hold/ros2_ws/install/mocap4r2cli/lib/python3.12/site-packages:/home/strain-drone/Documents/drone_position_hold/ros2_ws/install/mocap4r2_robot_gt_msgs/lib/python3.12/site-packages:/home/strain-drone/Documents/drone_position_hold/ros2_ws/install/mocap4r2_marker_viz_srvs/lib/python3.12/site-packages:/home/strain-drone/Documents/drone_position_hold/ros2_ws/install/mavros_config/lib/python3.12/site-packages:/opt/ros/jazzy/lib/python3.12/site-packages VIRTUAL_ENV_PROMPT=(venv-ardupilot) /usr/bin/cmake --install /home/strain-drone/Documents/drone_position_hold/ros2_ws/build/mocap4r2_vicon_driver
[6.880s] DEBUG:colcon.colcon_core.event_handler.log_command:Invoked command in '/home/strain-drone/Documents/drone_position_hold/ros2_ws/build/rqt_mocap4r2_control' returned '0': CMAKE_PREFIX_PATH=/home/strain-drone/Documents/drone_position_hold/ros2_ws/install/mocap4r2_control:/home/strain-drone/Documents/drone_position_hold/ros2_ws/install/mocap4r2_control_msgs:/home/strain-drone/Documents/drone_position_hold/ros2_ws/install/rqt_mocap4r2_control:/home/strain-drone/Documents/drone_position_hold/ros2_ws/install/natnet_ros2:/home/strain-drone/Documents/drone_position_hold/ros2_ws/install/mocap4r2_vicon_driver:/home/strain-drone/Documents/drone_position_hold/ros2_ws/install/mocap4r2_robot_gt:/home/strain-drone/Documents/drone_position_hold/ros2_ws/install/mocap4r2_robot_gt_msgs:/home/strain-drone/Documents/drone_position_hold/ros2_ws/install/mocap4r2_marker_viz:/home/strain-drone/Documents/drone_position_hold/ros2_ws/install/mocap4r2_marker_publisher:/home/strain-drone/Documents/drone_position_hold/ros2_ws/install/mocap4r2_dummy_driver:/home/strain-drone/Documents/drone_position_hold/ros2_ws/install/mocap4r2_msgs:/home/strain-drone/Documents/drone_position_hold/ros2_ws/install/mocap4r2_marker_viz_srvs:/opt/ros/jazzy/opt/gz_math_vendor:/opt/ros/jazzy/opt/gz_utils_vendor:/opt/ros/jazzy/opt/gz_cmake_vendor:/home/strain-drone/Documents/drone_position_hold/ros2_ws/install/visualizer:/home/strain-drone/Documents/drone_position_hold/ros2_ws/install/position_publisher:/home/strain-drone/Documents/drone_position_hold/ros2_ws/install/mocap4r2cli:/home/strain-drone/Documents/drone_position_hold/ros2_ws/install/mavros_config:/opt/ros/jazzy DEBUGINFOD_URLS=https://debuginfod.ubuntu.com LD_LIBRARY_PATH=/home/strain-drone/Documents/drone_position_hold/ros2_ws/install/mocap4r2_control/lib:/home/strain-drone/Documents/drone_position_hold/ros2_ws/install/mocap4r2_control_msgs/lib:/home/strain-drone/Documents/drone_position_hold/ros2_ws/install/rqt_mocap4r2_control/lib:/home/strain-drone/Documents/drone_position_hold/ros2_ws/install/natnet_ros2/lib:/home/strain-drone/Documents/drone_position_hold/ros2_ws/install/mocap4r2_vicon_driver/lib:/home/strain-drone/Documents/drone_position_hold/ros2_ws/install/mocap4r2_robot_gt/lib:/home/strain-drone/Documents/drone_position_hold/ros2_ws/install/mocap4r2_robot_gt_msgs/lib:/home/strain-drone/Documents/drone_position_hold/ros2_ws/install/mocap4r2_msgs/lib:/home/strain-drone/Documents/drone_position_hold/ros2_ws/install/mocap4r2_marker_viz_srvs/lib:/opt/ros/jazzy/opt/rviz_ogre_vendor/lib:/opt/ros/jazzy/lib/aarch64-linux-gnu:/opt/ros/jazzy/opt/gz_math_vendor/lib:/opt/ros/jazzy/opt/gz_utils_vendor/lib:/opt/ros/jazzy/opt/gz_cmake_vendor/lib:/opt/ros/jazzy/lib:/home/strain-drone/Documents/drone_position_hold/ros2_ws/src/natnet_ros2/deps/NatNetSDK/lib PS1=(venv-ardupilot) \[\e]0;\u@\h: \w\a\]${debian_chroot:+($debian_chroot)}\[\033[01;32m\]\u@\h\[\033[00m\]:\[\033[01;34m\]\w\[\033[00m\]\$ PYTHONPATH=/home/strain-drone/Documents/drone_position_hold/ros2_ws/install/mocap4r2_control_msgs/lib/python3.12/site-packages:/home/strain-drone/Documents/drone_position_hold/ros2_ws/install/visualizer/lib/python3.12/site-packages:/home/strain-drone/Documents/drone_position_hold/ros2_ws/install/position_publisher/lib/python3.12/site-packages:/home/strain-drone/Documents/drone_position_hold/ros2_ws/install/natnet_ros2/lib/python3.12/site-packages:/home/strain-drone/Documents/drone_position_hold/ros2_ws/install/mocap4r2cli/lib/python3.12/site-packages:/home/strain-drone/Documents/drone_position_hold/ros2_ws/install/mocap4r2_robot_gt_msgs/lib/python3.12/site-packages:/home/strain-drone/Documents/drone_position_hold/ros2_ws/install/mocap4r2_msgs/lib/python3.12/site-packages:/home/strain-drone/Documents/drone_position_hold/ros2_ws/install/mocap4r2_marker_viz_srvs/lib/python3.12/site-packages:/home/strain-drone/Documents/drone_position_hold/ros2_ws/install/mavros_config/lib/python3.12/site-packages:/opt/ros/jazzy/lib/python3.12/site-packages VIRTUAL_ENV_PROMPT=(venv-ardupilot) /usr/bin/cmake --build /home/strain-drone/Documents/drone_position_hold/ros2_ws/build/rqt_mocap4r2_control -- -j4 -l4
[6.880s] DEBUG:colcon.colcon_core.event_handler.log_command:Invoking command in '/home/strain-drone/Documents/drone_position_hold/ros2_ws/build/rqt_mocap4r2_control': CMAKE_PREFIX_PATH=/home/strain-drone/Documents/drone_position_hold/ros2_ws/install/mocap4r2_control:/home/strain-drone/Documents/drone_position_hold/ros2_ws/install/mocap4r2_control_msgs:/home/strain-drone/Documents/drone_position_hold/ros2_ws/install/rqt_mocap4r2_control:/home/strain-drone/Documents/drone_position_hold/ros2_ws/install/natnet_ros2:/home/strain-drone/Documents/drone_position_hold/ros2_ws/install/mocap4r2_vicon_driver:/home/strain-drone/Documents/drone_position_hold/ros2_ws/install/mocap4r2_robot_gt:/home/strain-drone/Documents/drone_position_hold/ros2_ws/install/mocap4r2_robot_gt_msgs:/home/strain-drone/Documents/drone_position_hold/ros2_ws/install/mocap4r2_marker_viz:/home/strain-drone/Documents/drone_position_hold/ros2_ws/install/mocap4r2_marker_publisher:/home/strain-drone/Documents/drone_position_hold/ros2_ws/install/mocap4r2_dummy_driver:/home/strain-drone/Documents/drone_position_hold/ros2_ws/install/mocap4r2_msgs:/home/strain-drone/Documents/drone_position_hold/ros2_ws/install/mocap4r2_marker_viz_srvs:/opt/ros/jazzy/opt/gz_math_vendor:/opt/ros/jazzy/opt/gz_utils_vendor:/opt/ros/jazzy/opt/gz_cmake_vendor:/home/strain-drone/Documents/drone_position_hold/ros2_ws/install/visualizer:/home/strain-drone/Documents/drone_position_hold/ros2_ws/install/position_publisher:/home/strain-drone/Documents/drone_position_hold/ros2_ws/install/mocap4r2cli:/home/strain-drone/Documents/drone_position_hold/ros2_ws/install/mavros_config:/opt/ros/jazzy DEBUGINFOD_URLS=https://debuginfod.ubuntu.com LD_LIBRARY_PATH=/home/strain-drone/Documents/drone_position_hold/ros2_ws/install/mocap4r2_control/lib:/home/strain-drone/Documents/drone_position_hold/ros2_ws/install/mocap4r2_control_msgs/lib:/home/strain-drone/Documents/drone_position_hold/ros2_ws/install/rqt_mocap4r2_control/lib:/home/strain-drone/Documents/drone_position_hold/ros2_ws/install/natnet_ros2/lib:/home/strain-drone/Documents/drone_position_hold/ros2_ws/install/mocap4r2_vicon_driver/lib:/home/strain-drone/Documents/drone_position_hold/ros2_ws/install/mocap4r2_robot_gt/lib:/home/strain-drone/Documents/drone_position_hold/ros2_ws/install/mocap4r2_robot_gt_msgs/lib:/home/strain-drone/Documents/drone_position_hold/ros2_ws/install/mocap4r2_msgs/lib:/home/strain-drone/Documents/drone_position_hold/ros2_ws/install/mocap4r2_marker_viz_srvs/lib:/opt/ros/jazzy/opt/rviz_ogre_vendor/lib:/opt/ros/jazzy/lib/aarch64-linux-gnu:/opt/ros/jazzy/opt/gz_math_vendor/lib:/opt/ros/jazzy/opt/gz_utils_vendor/lib:/opt/ros/jazzy/opt/gz_cmake_vendor/lib:/opt/ros/jazzy/lib:/home/strain-drone/Documents/drone_position_hold/ros2_ws/src/natnet_ros2/deps/NatNetSDK/lib PS1=(venv-ardupilot) \[\e]0;\u@\h: \w\a\]${debian_chroot:+($debian_chroot)}\[\033[01;32m\]\u@\h\[\033[00m\]:\[\033[01;34m\]\w\[\033[00m\]\$ PYTHONPATH=/home/strain-drone/Documents/drone_position_hold/ros2_ws/install/mocap4r2_control_msgs/lib/python3.12/site-packages:/home/strain-drone/Documents/drone_position_hold/ros2_ws/install/visualizer/lib/python3.12/site-packages:/home/strain-drone/Documents/drone_position_hold/ros2_ws/install/position_publisher/lib/python3.12/site-packages:/home/strain-drone/Documents/drone_position_hold/ros2_ws/install/natnet_ros2/lib/python3.12/site-packages:/home/strain-drone/Documents/drone_position_hold/ros2_ws/install/mocap4r2cli/lib/python3.12/site-packages:/home/strain-drone/Documents/drone_position_hold/ros2_ws/install/mocap4r2_robot_gt_msgs/lib/python3.12/site-packages:/home/strain-drone/Documents/drone_position_hold/ros2_ws/install/mocap4r2_msgs/lib/python3.12/site-packages:/home/strain-drone/Documents/drone_position_hold/ros2_ws/install/mocap4r2_marker_viz_srvs/lib/python3.12/site-packages:/home/strain-drone/Documents/drone_position_hold/ros2_ws/install/mavros_config/lib/python3.12/site-packages:/opt/ros/jazzy/lib/python3.12/site-packages VIRTUAL_ENV_PROMPT=(venv-ardupilot) /usr/bin/cmake --install /home/strain-drone/Documents/drone_position_hold/ros2_ws/build/rqt_mocap4r2_control
[6.883s] Level 1:colcon.colcon_core.environment:create_environment_scripts_only(mocap4r2_vicon_driver)
[6.883s] DEBUG:colcon.colcon_core.event_handler.log_command:Invoked command in '/home/strain-drone/Documents/drone_position_hold/ros2_ws/build/mocap4r2_vicon_driver' returned '0': CMAKE_PREFIX_PATH=/home/strain-drone/Documents/drone_position_hold/ros2_ws/install/mocap4r2_control:/home/strain-drone/Documents/drone_position_hold/ros2_ws/install/mocap4r2_msgs:/home/strain-drone/Documents/drone_position_hold/ros2_ws/install/mocap4r2_control_msgs:/home/strain-drone/Documents/drone_position_hold/ros2_ws/install/rqt_mocap4r2_control:/home/strain-drone/Documents/drone_position_hold/ros2_ws/install/natnet_ros2:/home/strain-drone/Documents/drone_position_hold/ros2_ws/install/mocap4r2_vicon_driver:/home/strain-drone/Documents/drone_position_hold/ros2_ws/install/mocap4r2_robot_gt:/home/strain-drone/Documents/drone_position_hold/ros2_ws/install/mocap4r2_robot_gt_msgs:/home/strain-drone/Documents/drone_position_hold/ros2_ws/install/mocap4r2_marker_viz:/home/strain-drone/Documents/drone_position_hold/ros2_ws/install/mocap4r2_marker_publisher:/home/strain-drone/Documents/drone_position_hold/ros2_ws/install/mocap4r2_dummy_driver:/home/strain-drone/Documents/drone_position_hold/ros2_ws/install/mocap4r2_marker_viz_srvs:/opt/ros/jazzy/opt/gz_math_vendor:/opt/ros/jazzy/opt/gz_utils_vendor:/opt/ros/jazzy/opt/gz_cmake_vendor:/home/strain-drone/Documents/drone_position_hold/ros2_ws/install/visualizer:/home/strain-drone/Documents/drone_position_hold/ros2_ws/install/position_publisher:/home/strain-drone/Documents/drone_position_hold/ros2_ws/install/mocap4r2cli:/home/strain-drone/Documents/drone_position_hold/ros2_ws/install/mavros_config:/opt/ros/jazzy DEBUGINFOD_URLS=https://debuginfod.ubuntu.com LD_LIBRARY_PATH=/home/strain-drone/Documents/drone_position_hold/ros2_ws/install/mocap4r2_control/lib:/home/strain-drone/Documents/drone_position_hold/ros2_ws/install/mocap4r2_msgs/lib:/home/strain-drone/Documents/drone_position_hold/ros2_ws/install/mocap4r2_control_msgs/lib:/home/strain-drone/Documents/drone_position_hold/ros2_ws/install/rqt_mocap4r2_control/lib:/home/strain-drone/Documents/drone_position_hold/ros2_ws/install/natnet_ros2/lib:/home/strain-drone/Documents/drone_position_hold/ros2_ws/install/mocap4r2_vicon_driver/lib:/home/strain-drone/Documents/drone_position_hold/ros2_ws/install/mocap4r2_robot_gt/lib:/home/strain-drone/Documents/drone_position_hold/ros2_ws/install/mocap4r2_robot_gt_msgs/lib:/home/strain-drone/Documents/drone_position_hold/ros2_ws/install/mocap4r2_marker_viz_srvs/lib:/opt/ros/jazzy/opt/rviz_ogre_vendor/lib:/opt/ros/jazzy/lib/aarch64-linux-gnu:/opt/ros/jazzy/opt/gz_math_vendor/lib:/opt/ros/jazzy/opt/gz_utils_vendor/lib:/opt/ros/jazzy/opt/gz_cmake_vendor/lib:/opt/ros/jazzy/lib:/home/strain-drone/Documents/drone_position_hold/ros2_ws/src/natnet_ros2/deps/NatNetSDK/lib PS1=(venv-ardupilot) \[\e]0;\u@\h: \w\a\]${debian_chroot:+($debian_chroot)}\[\033[01;32m\]\u@\h\[\033[00m\]:\[\033[01;34m\]\w\[\033[00m\]\$ PYTHONPATH=/home/strain-drone/Documents/drone_position_hold/ros2_ws/install/mocap4r2_msgs/lib/python3.12/site-packages:/home/strain-drone/Documents/drone_position_hold/ros2_ws/install/mocap4r2_control_msgs/lib/python3.12/site-packages:/home/strain-drone/Documents/drone_position_hold/ros2_ws/install/visualizer/lib/python3.12/site-packages:/home/strain-drone/Documents/drone_position_hold/ros2_ws/install/position_publisher/lib/python3.12/site-packages:/home/strain-drone/Documents/drone_position_hold/ros2_ws/install/natnet_ros2/lib/python3.12/site-packages:/home/strain-drone/Documents/drone_position_hold/ros2_ws/install/mocap4r2cli/lib/python3.12/site-packages:/home/strain-drone/Documents/drone_position_hold/ros2_ws/install/mocap4r2_robot_gt_msgs/lib/python3.12/site-packages:/home/strain-drone/Documents/drone_position_hold/ros2_ws/install/mocap4r2_marker_viz_srvs/lib/python3.12/site-packages:/home/strain-drone/Documents/drone_position_hold/ros2_ws/install/mavros_config/lib/python3.12/site-packages:/opt/ros/jazzy/lib/python3.12/site-packages VIRTUAL_ENV_PROMPT=(venv-ardupilot) /usr/bin/cmake --install /home/strain-drone/Documents/drone_position_hold/ros2_ws/build/mocap4r2_vicon_driver
[6.884s] Level 1:colcon.colcon_core.environment:checking '/home/strain-drone/Documents/drone_position_hold/ros2_ws/install/mocap4r2_vicon_driver' for CMake module files
[6.885s] Level 1:colcon.colcon_core.environment:checking '/home/strain-drone/Documents/drone_position_hold/ros2_ws/install/mocap4r2_vicon_driver' for CMake config files
[6.886s] Level 1:colcon.colcon_core.shell:create_environment_hook('mocap4r2_vicon_driver', 'cmake_prefix_path')
[6.886s] INFO:colcon.colcon_core.shell:Creating environment hook '/home/strain-drone/Documents/drone_position_hold/ros2_ws/install/mocap4r2_vicon_driver/share/mocap4r2_vicon_driver/hook/cmake_prefix_path.ps1'
[6.889s] INFO:colcon.colcon_core.shell:Creating environment descriptor '/home/strain-drone/Documents/drone_position_hold/ros2_ws/install/mocap4r2_vicon_driver/share/mocap4r2_vicon_driver/hook/cmake_prefix_path.dsv'
[6.890s] INFO:colcon.colcon_core.shell:Creating environment hook '/home/strain-drone/Documents/drone_position_hold/ros2_ws/install/mocap4r2_vicon_driver/share/mocap4r2_vicon_driver/hook/cmake_prefix_path.sh'
[6.892s] Level 1:colcon.colcon_core.environment:checking '/home/strain-drone/Documents/drone_position_hold/ros2_ws/install/mocap4r2_vicon_driver/lib'
[6.892s] Level 1:colcon.colcon_core.shell:create_environment_hook('mocap4r2_vicon_driver', 'ld_library_path_lib')
[6.893s] INFO:colcon.colcon_core.shell:Creating environment hook '/home/strain-drone/Documents/drone_position_hold/ros2_ws/install/mocap4r2_vicon_driver/share/mocap4r2_vicon_driver/hook/ld_library_path_lib.ps1'
[6.894s] INFO:colcon.colcon_core.shell:Creating environment descriptor '/home/strain-drone/Documents/drone_position_hold/ros2_ws/install/mocap4r2_vicon_driver/share/mocap4r2_vicon_driver/hook/ld_library_path_lib.dsv'
[6.895s] INFO:colcon.colcon_core.shell:Creating environment hook '/home/strain-drone/Documents/drone_position_hold/ros2_ws/install/mocap4r2_vicon_driver/share/mocap4r2_vicon_driver/hook/ld_library_path_lib.sh'
[6.897s] Level 1:colcon.colcon_core.environment:checking '/home/strain-drone/Documents/drone_position_hold/ros2_ws/install/mocap4r2_vicon_driver/bin'
[6.897s] Level 1:colcon.colcon_core.environment:checking '/home/strain-drone/Documents/drone_position_hold/ros2_ws/install/mocap4r2_vicon_driver/lib/pkgconfig/mocap4r2_vicon_driver.pc'
[6.898s] Level 1:colcon.colcon_core.environment:checking '/home/strain-drone/Documents/drone_position_hold/ros2_ws/install/mocap4r2_vicon_driver/lib/python3.12/site-packages'
[6.898s] Level 1:colcon.colcon_core.environment:checking '/home/strain-drone/Documents/drone_position_hold/ros2_ws/install/mocap4r2_vicon_driver/bin'
[6.899s] INFO:colcon.colcon_core.shell:Creating package script '/home/strain-drone/Documents/drone_position_hold/ros2_ws/install/mocap4r2_vicon_driver/share/mocap4r2_vicon_driver/package.ps1'
[6.900s] INFO:colcon.colcon_core.shell:Creating package descriptor '/home/strain-drone/Documents/drone_position_hold/ros2_ws/install/mocap4r2_vicon_driver/share/mocap4r2_vicon_driver/package.dsv'
[6.902s] INFO:colcon.colcon_core.shell:Creating package script '/home/strain-drone/Documents/drone_position_hold/ros2_ws/install/mocap4r2_vicon_driver/share/mocap4r2_vicon_driver/package.sh'
[6.904s] INFO:colcon.colcon_core.shell:Creating package script '/home/strain-drone/Documents/drone_position_hold/ros2_ws/install/mocap4r2_vicon_driver/share/mocap4r2_vicon_driver/package.bash'
[6.906s] INFO:colcon.colcon_core.shell:Creating package script '/home/strain-drone/Documents/drone_position_hold/ros2_ws/install/mocap4r2_vicon_driver/share/mocap4r2_vicon_driver/package.zsh'
[6.909s] Level 1:colcon.colcon_core.environment:create_file_with_runtime_dependencies(/home/strain-drone/Documents/drone_position_hold/ros2_ws/install/mocap4r2_vicon_driver/share/colcon-core/packages/mocap4r2_vicon_driver)
[6.912s] Level 1:colcon.colcon_core.environment:create_environment_scripts_only(mocap4r2_vicon_driver)
[6.912s] Level 1:colcon.colcon_core.environment:checking '/home/strain-drone/Documents/drone_position_hold/ros2_ws/install/mocap4r2_vicon_driver' for CMake module files
[6.913s] Level 1:colcon.colcon_core.environment:checking '/home/strain-drone/Documents/drone_position_hold/ros2_ws/install/mocap4r2_vicon_driver' for CMake config files
[6.914s] Level 1:colcon.colcon_core.shell:create_environment_hook('mocap4r2_vicon_driver', 'cmake_prefix_path')
[6.914s] INFO:colcon.colcon_core.shell:Creating environment hook '/home/strain-drone/Documents/drone_position_hold/ros2_ws/install/mocap4r2_vicon_driver/share/mocap4r2_vicon_driver/hook/cmake_prefix_path.ps1'
[6.915s] INFO:colcon.colcon_core.shell:Creating environment descriptor '/home/strain-drone/Documents/drone_position_hold/ros2_ws/install/mocap4r2_vicon_driver/share/mocap4r2_vicon_driver/hook/cmake_prefix_path.dsv'
[6.916s] INFO:colcon.colcon_core.shell:Creating environment hook '/home/strain-drone/Documents/drone_position_hold/ros2_ws/install/mocap4r2_vicon_driver/share/mocap4r2_vicon_driver/hook/cmake_prefix_path.sh'
[6.918s] Level 1:colcon.colcon_core.environment:checking '/home/strain-drone/Documents/drone_position_hold/ros2_ws/install/mocap4r2_vicon_driver/lib'
[6.918s] Level 1:colcon.colcon_core.shell:create_environment_hook('mocap4r2_vicon_driver', 'ld_library_path_lib')
[6.919s] INFO:colcon.colcon_core.shell:Creating environment hook '/home/strain-drone/Documents/drone_position_hold/ros2_ws/install/mocap4r2_vicon_driver/share/mocap4r2_vicon_driver/hook/ld_library_path_lib.ps1'
[6.920s] INFO:colcon.colcon_core.shell:Creating environment descriptor '/home/strain-drone/Documents/drone_position_hold/ros2_ws/install/mocap4r2_vicon_driver/share/mocap4r2_vicon_driver/hook/ld_library_path_lib.dsv'
[6.920s] INFO:colcon.colcon_core.shell:Creating environment hook '/home/strain-drone/Documents/drone_position_hold/ros2_ws/install/mocap4r2_vicon_driver/share/mocap4r2_vicon_driver/hook/ld_library_path_lib.sh'
[6.921s] Level 1:colcon.colcon_core.environment:checking '/home/strain-drone/Documents/drone_position_hold/ros2_ws/install/mocap4r2_vicon_driver/bin'
[6.922s] Level 1:colcon.colcon_core.environment:checking '/home/strain-drone/Documents/drone_position_hold/ros2_ws/install/mocap4r2_vicon_driver/lib/pkgconfig/mocap4r2_vicon_driver.pc'
[6.922s] Level 1:colcon.colcon_core.environment:checking '/home/strain-drone/Documents/drone_position_hold/ros2_ws/install/mocap4r2_vicon_driver/lib/python3.12/site-packages'
[6.922s] Level 1:colcon.colcon_core.environment:checking '/home/strain-drone/Documents/drone_position_hold/ros2_ws/install/mocap4r2_vicon_driver/bin'
[6.923s] INFO:colcon.colcon_core.shell:Creating package script '/home/strain-drone/Documents/drone_position_hold/ros2_ws/install/mocap4r2_vicon_driver/share/mocap4r2_vicon_driver/package.ps1'
[6.924s] INFO:colcon.colcon_core.shell:Creating package descriptor '/home/strain-drone/Documents/drone_position_hold/ros2_ws/install/mocap4r2_vicon_driver/share/mocap4r2_vicon_driver/package.dsv'
[6.925s] INFO:colcon.colcon_core.shell:Creating package script '/home/strain-drone/Documents/drone_position_hold/ros2_ws/install/mocap4r2_vicon_driver/share/mocap4r2_vicon_driver/package.sh'
[6.926s] INFO:colcon.colcon_core.shell:Creating package script '/home/strain-drone/Documents/drone_position_hold/ros2_ws/install/mocap4r2_vicon_driver/share/mocap4r2_vicon_driver/package.bash'
[6.927s] INFO:colcon.colcon_core.shell:Creating package script '/home/strain-drone/Documents/drone_position_hold/ros2_ws/install/mocap4r2_vicon_driver/share/mocap4r2_vicon_driver/package.zsh'
[6.928s] Level 1:colcon.colcon_core.environment:create_file_with_runtime_dependencies(/home/strain-drone/Documents/drone_position_hold/ros2_ws/install/mocap4r2_vicon_driver/share/colcon-core/packages/mocap4r2_vicon_driver)
[6.932s] Level 1:colcon.colcon_core.environment:create_environment_scripts_only(rqt_mocap4r2_control)
[6.933s] Level 1:colcon.colcon_core.environment:checking '/home/strain-drone/Documents/drone_position_hold/ros2_ws/install/rqt_mocap4r2_control' for CMake module files
[6.934s] DEBUG:colcon.colcon_core.event_handler.log_command:Invoked command in '/home/strain-drone/Documents/drone_position_hold/ros2_ws/build/rqt_mocap4r2_control' returned '0': CMAKE_PREFIX_PATH=/home/strain-drone/Documents/drone_position_hold/ros2_ws/install/mocap4r2_control:/home/strain-drone/Documents/drone_position_hold/ros2_ws/install/mocap4r2_control_msgs:/home/strain-drone/Documents/drone_position_hold/ros2_ws/install/rqt_mocap4r2_control:/home/strain-drone/Documents/drone_position_hold/ros2_ws/install/natnet_ros2:/home/strain-drone/Documents/drone_position_hold/ros2_ws/install/mocap4r2_vicon_driver:/home/strain-drone/Documents/drone_position_hold/ros2_ws/install/mocap4r2_robot_gt:/home/strain-drone/Documents/drone_position_hold/ros2_ws/install/mocap4r2_robot_gt_msgs:/home/strain-drone/Documents/drone_position_hold/ros2_ws/install/mocap4r2_marker_viz:/home/strain-drone/Documents/drone_position_hold/ros2_ws/install/mocap4r2_marker_publisher:/home/strain-drone/Documents/drone_position_hold/ros2_ws/install/mocap4r2_dummy_driver:/home/strain-drone/Documents/drone_position_hold/ros2_ws/install/mocap4r2_msgs:/home/strain-drone/Documents/drone_position_hold/ros2_ws/install/mocap4r2_marker_viz_srvs:/opt/ros/jazzy/opt/gz_math_vendor:/opt/ros/jazzy/opt/gz_utils_vendor:/opt/ros/jazzy/opt/gz_cmake_vendor:/home/strain-drone/Documents/drone_position_hold/ros2_ws/install/visualizer:/home/strain-drone/Documents/drone_position_hold/ros2_ws/install/position_publisher:/home/strain-drone/Documents/drone_position_hold/ros2_ws/install/mocap4r2cli:/home/strain-drone/Documents/drone_position_hold/ros2_ws/install/mavros_config:/opt/ros/jazzy DEBUGINFOD_URLS=https://debuginfod.ubuntu.com LD_LIBRARY_PATH=/home/strain-drone/Documents/drone_position_hold/ros2_ws/install/mocap4r2_control/lib:/home/strain-drone/Documents/drone_position_hold/ros2_ws/install/mocap4r2_control_msgs/lib:/home/strain-drone/Documents/drone_position_hold/ros2_ws/install/rqt_mocap4r2_control/lib:/home/strain-drone/Documents/drone_position_hold/ros2_ws/install/natnet_ros2/lib:/home/strain-drone/Documents/drone_position_hold/ros2_ws/install/mocap4r2_vicon_driver/lib:/home/strain-drone/Documents/drone_position_hold/ros2_ws/install/mocap4r2_robot_gt/lib:/home/strain-drone/Documents/drone_position_hold/ros2_ws/install/mocap4r2_robot_gt_msgs/lib:/home/strain-drone/Documents/drone_position_hold/ros2_ws/install/mocap4r2_msgs/lib:/home/strain-drone/Documents/drone_position_hold/ros2_ws/install/mocap4r2_marker_viz_srvs/lib:/opt/ros/jazzy/opt/rviz_ogre_vendor/lib:/opt/ros/jazzy/lib/aarch64-linux-gnu:/opt/ros/jazzy/opt/gz_math_vendor/lib:/opt/ros/jazzy/opt/gz_utils_vendor/lib:/opt/ros/jazzy/opt/gz_cmake_vendor/lib:/opt/ros/jazzy/lib:/home/strain-drone/Documents/drone_position_hold/ros2_ws/src/natnet_ros2/deps/NatNetSDK/lib PS1=(venv-ardupilot) \[\e]0;\u@\h: \w\a\]${debian_chroot:+($debian_chroot)}\[\033[01;32m\]\u@\h\[\033[00m\]:\[\033[01;34m\]\w\[\033[00m\]\$ PYTHONPATH=/home/strain-drone/Documents/drone_position_hold/ros2_ws/install/mocap4r2_control_msgs/lib/python3.12/site-packages:/home/strain-drone/Documents/drone_position_hold/ros2_ws/install/visualizer/lib/python3.12/site-packages:/home/strain-drone/Documents/drone_position_hold/ros2_ws/install/position_publisher/lib/python3.12/site-packages:/home/strain-drone/Documents/drone_position_hold/ros2_ws/install/natnet_ros2/lib/python3.12/site-packages:/home/strain-drone/Documents/drone_position_hold/ros2_ws/install/mocap4r2cli/lib/python3.12/site-packages:/home/strain-drone/Documents/drone_position_hold/ros2_ws/install/mocap4r2_robot_gt_msgs/lib/python3.12/site-packages:/home/strain-drone/Documents/drone_position_hold/ros2_ws/install/mocap4r2_msgs/lib/python3.12/site-packages:/home/strain-drone/Documents/drone_position_hold/ros2_ws/install/mocap4r2_marker_viz_srvs/lib/python3.12/site-packages:/home/strain-drone/Documents/drone_position_hold/ros2_ws/install/mavros_config/lib/python3.12/site-packages:/opt/ros/jazzy/lib/python3.12/site-packages VIRTUAL_ENV_PROMPT=(venv-ardupilot) /usr/bin/cmake --install /home/strain-drone/Documents/drone_position_hold/ros2_ws/build/rqt_mocap4r2_control
[6.934s] Level 1:colcon.colcon_core.environment:checking '/home/strain-drone/Documents/drone_position_hold/ros2_ws/install/rqt_mocap4r2_control' for CMake config files
[6.935s] Level 1:colcon.colcon_core.shell:create_environment_hook('rqt_mocap4r2_control', 'cmake_prefix_path')
[6.935s] INFO:colcon.colcon_core.shell:Creating environment hook '/home/strain-drone/Documents/drone_position_hold/ros2_ws/install/rqt_mocap4r2_control/share/rqt_mocap4r2_control/hook/cmake_prefix_path.ps1'
[6.936s] INFO:colcon.colcon_core.shell:Creating environment descriptor '/home/strain-drone/Documents/drone_position_hold/ros2_ws/install/rqt_mocap4r2_control/share/rqt_mocap4r2_control/hook/cmake_prefix_path.dsv'
[6.937s] INFO:colcon.colcon_core.shell:Creating environment hook '/home/strain-drone/Documents/drone_position_hold/ros2_ws/install/rqt_mocap4r2_control/share/rqt_mocap4r2_control/hook/cmake_prefix_path.sh'
[6.939s] Level 1:colcon.colcon_core.environment:checking '/home/strain-drone/Documents/drone_position_hold/ros2_ws/install/rqt_mocap4r2_control/lib'
[6.939s] Level 1:colcon.colcon_core.environment:checking '/home/strain-drone/Documents/drone_position_hold/ros2_ws/install/rqt_mocap4r2_control/bin'
[6.939s] Level 1:colcon.colcon_core.environment:checking '/home/strain-drone/Documents/drone_position_hold/ros2_ws/install/rqt_mocap4r2_control/lib/pkgconfig/rqt_mocap4r2_control.pc'
[6.940s] Level 1:colcon.colcon_core.environment:checking '/home/strain-drone/Documents/drone_position_hold/ros2_ws/install/rqt_mocap4r2_control/lib/python3.12/site-packages'
[6.940s] Level 1:colcon.colcon_core.environment:checking '/home/strain-drone/Documents/drone_position_hold/ros2_ws/install/rqt_mocap4r2_control/bin'
[6.940s] INFO:colcon.colcon_core.shell:Creating package script '/home/strain-drone/Documents/drone_position_hold/ros2_ws/install/rqt_mocap4r2_control/share/rqt_mocap4r2_control/package.ps1'
[6.942s] INFO:colcon.colcon_core.shell:Creating package descriptor '/home/strain-drone/Documents/drone_position_hold/ros2_ws/install/rqt_mocap4r2_control/share/rqt_mocap4r2_control/package.dsv'
[6.943s] INFO:colcon.colcon_core.shell:Creating package script '/home/strain-drone/Documents/drone_position_hold/ros2_ws/install/rqt_mocap4r2_control/share/rqt_mocap4r2_control/package.sh'
[6.945s] INFO:colcon.colcon_core.shell:Creating package script '/home/strain-drone/Documents/drone_position_hold/ros2_ws/install/rqt_mocap4r2_control/share/rqt_mocap4r2_control/package.bash'
[6.946s] INFO:colcon.colcon_core.shell:Creating package script '/home/strain-drone/Documents/drone_position_hold/ros2_ws/install/rqt_mocap4r2_control/share/rqt_mocap4r2_control/package.zsh'
[6.948s] Level 1:colcon.colcon_core.environment:create_file_with_runtime_dependencies(/home/strain-drone/Documents/drone_position_hold/ros2_ws/install/rqt_mocap4r2_control/share/colcon-core/packages/rqt_mocap4r2_control)
[6.950s] Level 1:colcon.colcon_core.environment:create_environment_scripts_only(rqt_mocap4r2_control)
[6.950s] Level 1:colcon.colcon_core.environment:checking '/home/strain-drone/Documents/drone_position_hold/ros2_ws/install/rqt_mocap4r2_control' for CMake module files
[6.951s] Level 1:colcon.colcon_core.environment:checking '/home/strain-drone/Documents/drone_position_hold/ros2_ws/install/rqt_mocap4r2_control' for CMake config files
[6.952s] Level 1:colcon.colcon_core.shell:create_environment_hook('rqt_mocap4r2_control', 'cmake_prefix_path')
[6.952s] INFO:colcon.colcon_core.shell:Creating environment hook '/home/strain-drone/Documents/drone_position_hold/ros2_ws/install/rqt_mocap4r2_control/share/rqt_mocap4r2_control/hook/cmake_prefix_path.ps1'
[6.953s] INFO:colcon.colcon_core.shell:Creating environment descriptor '/home/strain-drone/Documents/drone_position_hold/ros2_ws/install/rqt_mocap4r2_control/share/rqt_mocap4r2_control/hook/cmake_prefix_path.dsv'
[6.955s] INFO:colcon.colcon_core.shell:Creating environment hook '/home/strain-drone/Documents/drone_position_hold/ros2_ws/install/rqt_mocap4r2_control/share/rqt_mocap4r2_control/hook/cmake_prefix_path.sh'
[6.959s] Level 1:colcon.colcon_core.environment:checking '/home/strain-drone/Documents/drone_position_hold/ros2_ws/install/rqt_mocap4r2_control/lib'
[6.959s] Level 1:colcon.colcon_core.environment:checking '/home/strain-drone/Documents/drone_position_hold/ros2_ws/install/rqt_mocap4r2_control/bin'
[6.959s] Level 1:colcon.colcon_core.environment:checking '/home/strain-drone/Documents/drone_position_hold/ros2_ws/install/rqt_mocap4r2_control/lib/pkgconfig/rqt_mocap4r2_control.pc'
[6.960s] Level 1:colcon.colcon_core.environment:checking '/home/strain-drone/Documents/drone_position_hold/ros2_ws/install/rqt_mocap4r2_control/lib/python3.12/site-packages'
[6.960s] Level 1:colcon.colcon_core.environment:checking '/home/strain-drone/Documents/drone_position_hold/ros2_ws/install/rqt_mocap4r2_control/bin'
[6.960s] INFO:colcon.colcon_core.shell:Creating package script '/home/strain-drone/Documents/drone_position_hold/ros2_ws/install/rqt_mocap4r2_control/share/rqt_mocap4r2_control/package.ps1'
[6.961s] INFO:colcon.colcon_core.shell:Creating package descriptor '/home/strain-drone/Documents/drone_position_hold/ros2_ws/install/rqt_mocap4r2_control/share/rqt_mocap4r2_control/package.dsv'
[6.962s] INFO:colcon.colcon_core.shell:Creating package script '/home/strain-drone/Documents/drone_position_hold/ros2_ws/install/rqt_mocap4r2_control/share/rqt_mocap4r2_control/package.sh'
[6.963s] INFO:colcon.colcon_core.shell:Creating package script '/home/strain-drone/Documents/drone_position_hold/ros2_ws/install/rqt_mocap4r2_control/share/rqt_mocap4r2_control/package.bash'
[6.963s] INFO:colcon.colcon_core.shell:Creating package script '/home/strain-drone/Documents/drone_position_hold/ros2_ws/install/rqt_mocap4r2_control/share/rqt_mocap4r2_control/package.zsh'
[6.964s] Level 1:colcon.colcon_core.environment:create_file_with_runtime_dependencies(/home/strain-drone/Documents/drone_position_hold/ros2_ws/install/rqt_mocap4r2_control/share/colcon-core/packages/rqt_mocap4r2_control)
[6.966s] Level 1:colcon.colcon_core.environment:checking '/home/strain-drone/Documents/drone_position_hold/ros2_ws/install/visualizer' for CMake module files
[6.967s] DEBUG:colcon.colcon_core.event_handler.log_command:Invoked command in '/home/strain-drone/Documents/drone_position_hold/ros2_ws/src/visualizer' returned '0': DEBUGINFOD_URLS=https://debuginfod.ubuntu.com PS1=(venv-ardupilot) \[\e]0;\u@\h: \w\a\]${debian_chroot:+($debian_chroot)}\[\033[01;32m\]\u@\h\[\033[00m\]:\[\033[01;34m\]\w\[\033[00m\]\$ PYTHONPATH=/home/strain-drone/Documents/drone_position_hold/ros2_ws/build/visualizer/prefix_override:/usr/lib/python3/dist-packages/colcon_core/task/python/colcon_distutils_commands:/home/strain-drone/Documents/drone_position_hold/ros2_ws/install/visualizer/lib/python3.12/site-packages:${PYTHONPATH} VIRTUAL_ENV_PROMPT=(venv-ardupilot) /usr/bin/python3 -W ignore:setup.py install is deprecated -W ignore:easy_install command is deprecated setup.py egg_info --egg-base ../../build/visualizer build --build-base /home/strain-drone/Documents/drone_position_hold/ros2_ws/build/visualizer/build install --record /home/strain-drone/Documents/drone_position_hold/ros2_ws/build/visualizer/install.log --single-version-externally-managed install_data
[6.967s] Level 1:colcon.colcon_core.environment:checking '/home/strain-drone/Documents/drone_position_hold/ros2_ws/install/visualizer' for CMake config files
[6.968s] Level 1:colcon.colcon_core.environment:checking '/home/strain-drone/Documents/drone_position_hold/ros2_ws/install/visualizer/lib'
[6.968s] Level 1:colcon.colcon_core.environment:checking '/home/strain-drone/Documents/drone_position_hold/ros2_ws/install/visualizer/bin'
[6.968s] Level 1:colcon.colcon_core.environment:checking '/home/strain-drone/Documents/drone_position_hold/ros2_ws/install/visualizer/lib/pkgconfig/visualizer.pc'
[6.969s] Level 1:colcon.colcon_core.environment:checking '/home/strain-drone/Documents/drone_position_hold/ros2_ws/install/visualizer/lib/python3.12/site-packages'
[6.969s] Level 1:colcon.colcon_core.shell:create_environment_hook('visualizer', 'pythonpath')
[6.969s] INFO:colcon.colcon_core.shell:Creating environment hook '/home/strain-drone/Documents/drone_position_hold/ros2_ws/install/visualizer/share/visualizer/hook/pythonpath.ps1'
[6.970s] INFO:colcon.colcon_core.shell:Creating environment descriptor '/home/strain-drone/Documents/drone_position_hold/ros2_ws/install/visualizer/share/visualizer/hook/pythonpath.dsv'
[6.971s] INFO:colcon.colcon_core.shell:Creating environment hook '/home/strain-drone/Documents/drone_position_hold/ros2_ws/install/visualizer/share/visualizer/hook/pythonpath.sh'
[6.972s] Level 1:colcon.colcon_core.environment:checking '/home/strain-drone/Documents/drone_position_hold/ros2_ws/install/visualizer/bin'
[6.973s] Level 1:colcon.colcon_core.environment:create_environment_scripts_only(visualizer)
[6.973s] INFO:colcon.colcon_core.shell:Creating package script '/home/strain-drone/Documents/drone_position_hold/ros2_ws/install/visualizer/share/visualizer/package.ps1'
[6.974s] INFO:colcon.colcon_core.shell:Creating package descriptor '/home/strain-drone/Documents/drone_position_hold/ros2_ws/install/visualizer/share/visualizer/package.dsv'
[6.975s] INFO:colcon.colcon_core.shell:Creating package script '/home/strain-drone/Documents/drone_position_hold/ros2_ws/install/visualizer/share/visualizer/package.sh'
[6.976s] INFO:colcon.colcon_core.shell:Creating package script '/home/strain-drone/Documents/drone_position_hold/ros2_ws/install/visualizer/share/visualizer/package.bash'
[6.977s] INFO:colcon.colcon_core.shell:Creating package script '/home/strain-drone/Documents/drone_position_hold/ros2_ws/install/visualizer/share/visualizer/package.zsh'
[6.979s] Level 1:colcon.colcon_core.environment:create_file_with_runtime_dependencies(/home/strain-drone/Documents/drone_position_hold/ros2_ws/install/visualizer/share/colcon-core/packages/visualizer)
[7.461s] DEBUG:colcon.colcon_core.event_handler.log_command:Invoking command in '/home/strain-drone/Documents/drone_position_hold/ros2_ws/src/mocap4r2/mocap4r2cli': CMAKE_PREFIX_PATH=/home/strain-drone/Documents/drone_position_hold/ros2_ws/install/mocap4r2_control_msgs:/home/strain-drone/Documents/drone_position_hold/ros2_ws/install/rqt_mocap4r2_control:/home/strain-drone/Documents/drone_position_hold/ros2_ws/install/natnet_ros2:/home/strain-drone/Documents/drone_position_hold/ros2_ws/install/mocap4r2_vicon_driver:/home/strain-drone/Documents/drone_position_hold/ros2_ws/install/mocap4r2_robot_gt:/home/strain-drone/Documents/drone_position_hold/ros2_ws/install/mocap4r2_robot_gt_msgs:/home/strain-drone/Documents/drone_position_hold/ros2_ws/install/mocap4r2_marker_viz:/home/strain-drone/Documents/drone_position_hold/ros2_ws/install/mocap4r2_marker_publisher:/home/strain-drone/Documents/drone_position_hold/ros2_ws/install/mocap4r2_dummy_driver:/home/strain-drone/Documents/drone_position_hold/ros2_ws/install/mocap4r2_msgs:/home/strain-drone/Documents/drone_position_hold/ros2_ws/install/mocap4r2_marker_viz_srvs:/home/strain-drone/Documents/drone_position_hold/ros2_ws/install/mocap4r2_control:/opt/ros/jazzy/opt/gz_math_vendor:/opt/ros/jazzy/opt/gz_utils_vendor:/opt/ros/jazzy/opt/gz_cmake_vendor DEBUGINFOD_URLS=https://debuginfod.ubuntu.com LD_LIBRARY_PATH=/home/strain-drone/Documents/drone_position_hold/ros2_ws/install/mocap4r2_control_msgs/lib:/home/strain-drone/Documents/drone_position_hold/ros2_ws/install/rqt_mocap4r2_control/lib:/home/strain-drone/Documents/drone_position_hold/ros2_ws/install/natnet_ros2/lib:/home/strain-drone/Documents/drone_position_hold/ros2_ws/install/mocap4r2_vicon_driver/lib:/home/strain-drone/Documents/drone_position_hold/ros2_ws/install/mocap4r2_robot_gt/lib:/home/strain-drone/Documents/drone_position_hold/ros2_ws/install/mocap4r2_robot_gt_msgs/lib:/home/strain-drone/Documents/drone_position_hold/ros2_ws/install/mocap4r2_msgs/lib:/home/strain-drone/Documents/drone_position_hold/ros2_ws/install/mocap4r2_marker_viz_srvs/lib:/home/strain-drone/Documents/drone_position_hold/ros2_ws/install/mocap4r2_control/lib:/opt/ros/jazzy/opt/rviz_ogre_vendor/lib:/opt/ros/jazzy/lib/aarch64-linux-gnu:/opt/ros/jazzy/opt/gz_math_vendor/lib:/opt/ros/jazzy/opt/gz_utils_vendor/lib:/opt/ros/jazzy/opt/gz_cmake_vendor/lib:/opt/ros/jazzy/lib:/home/strain-drone/Documents/drone_position_hold/ros2_ws/src/natnet_ros2/deps/NatNetSDK/lib PS1=(venv-ardupilot) \[\e]0;\u@\h: \w\a\]${debian_chroot:+($debian_chroot)}\[\033[01;32m\]\u@\h\[\033[00m\]:\[\033[01;34m\]\w\[\033[00m\]\$ PYTHONPATH=/home/strain-drone/Documents/drone_position_hold/ros2_ws/build/mocap4r2cli/prefix_override:/usr/lib/python3/dist-packages/colcon_core/task/python/colcon_distutils_commands:/home/strain-drone/Documents/drone_position_hold/ros2_ws/install/mocap4r2cli/lib/python3.12/site-packages:/home/strain-drone/Documents/drone_position_hold/ros2_ws/install/mocap4r2_control_msgs/lib/python3.12/site-packages:/home/strain-drone/Documents/drone_position_hold/ros2_ws/install/visualizer/lib/python3.12/site-packages:/home/strain-drone/Documents/drone_position_hold/ros2_ws/install/position_publisher/lib/python3.12/site-packages:/home/strain-drone/Documents/drone_position_hold/ros2_ws/install/natnet_ros2/lib/python3.12/site-packages:/home/strain-drone/Documents/drone_position_hold/ros2_ws/install/mocap4r2cli/lib/python3.12/site-packages:/home/strain-drone/Documents/drone_position_hold/ros2_ws/install/mocap4r2_robot_gt_msgs/lib/python3.12/site-packages:/home/strain-drone/Documents/drone_position_hold/ros2_ws/install/mocap4r2_msgs/lib/python3.12/site-packages:/home/strain-drone/Documents/drone_position_hold/ros2_ws/install/mocap4r2_marker_viz_srvs/lib/python3.12/site-packages:/home/strain-drone/Documents/drone_position_hold/ros2_ws/install/mavros_config/lib/python3.12/site-packages:/opt/ros/jazzy/lib/python3.12/site-packages VIRTUAL_ENV_PROMPT=(venv-ardupilot) /usr/bin/python3 -W ignore:setup.py install is deprecated -W ignore:easy_install command is deprecated setup.py egg_info --egg-base ../../../build/mocap4r2cli build --build-base /home/strain-drone/Documents/drone_position_hold/ros2_ws/build/mocap4r2cli/build install --record /home/strain-drone/Documents/drone_position_hold/ros2_ws/build/mocap4r2cli/install.log --single-version-externally-managed install_data
[8.186s] Level 1:colcon.colcon_core.environment:checking '/home/strain-drone/Documents/drone_position_hold/ros2_ws/install/mocap4r2cli' for CMake module files
[8.187s] DEBUG:colcon.colcon_core.event_handler.log_command:Invoked command in '/home/strain-drone/Documents/drone_position_hold/ros2_ws/src/mocap4r2/mocap4r2cli' returned '0': CMAKE_PREFIX_PATH=/home/strain-drone/Documents/drone_position_hold/ros2_ws/install/mocap4r2_control_msgs:/home/strain-drone/Documents/drone_position_hold/ros2_ws/install/rqt_mocap4r2_control:/home/strain-drone/Documents/drone_position_hold/ros2_ws/install/natnet_ros2:/home/strain-drone/Documents/drone_position_hold/ros2_ws/install/mocap4r2_vicon_driver:/home/strain-drone/Documents/drone_position_hold/ros2_ws/install/mocap4r2_robot_gt:/home/strain-drone/Documents/drone_position_hold/ros2_ws/install/mocap4r2_robot_gt_msgs:/home/strain-drone/Documents/drone_position_hold/ros2_ws/install/mocap4r2_marker_viz:/home/strain-drone/Documents/drone_position_hold/ros2_ws/install/mocap4r2_marker_publisher:/home/strain-drone/Documents/drone_position_hold/ros2_ws/install/mocap4r2_dummy_driver:/home/strain-drone/Documents/drone_position_hold/ros2_ws/install/mocap4r2_msgs:/home/strain-drone/Documents/drone_position_hold/ros2_ws/install/mocap4r2_marker_viz_srvs:/home/strain-drone/Documents/drone_position_hold/ros2_ws/install/mocap4r2_control:/opt/ros/jazzy/opt/gz_math_vendor:/opt/ros/jazzy/opt/gz_utils_vendor:/opt/ros/jazzy/opt/gz_cmake_vendor DEBUGINFOD_URLS=https://debuginfod.ubuntu.com LD_LIBRARY_PATH=/home/strain-drone/Documents/drone_position_hold/ros2_ws/install/mocap4r2_control_msgs/lib:/home/strain-drone/Documents/drone_position_hold/ros2_ws/install/rqt_mocap4r2_control/lib:/home/strain-drone/Documents/drone_position_hold/ros2_ws/install/natnet_ros2/lib:/home/strain-drone/Documents/drone_position_hold/ros2_ws/install/mocap4r2_vicon_driver/lib:/home/strain-drone/Documents/drone_position_hold/ros2_ws/install/mocap4r2_robot_gt/lib:/home/strain-drone/Documents/drone_position_hold/ros2_ws/install/mocap4r2_robot_gt_msgs/lib:/home/strain-drone/Documents/drone_position_hold/ros2_ws/install/mocap4r2_msgs/lib:/home/strain-drone/Documents/drone_position_hold/ros2_ws/install/mocap4r2_marker_viz_srvs/lib:/home/strain-drone/Documents/drone_position_hold/ros2_ws/install/mocap4r2_control/lib:/opt/ros/jazzy/opt/rviz_ogre_vendor/lib:/opt/ros/jazzy/lib/aarch64-linux-gnu:/opt/ros/jazzy/opt/gz_math_vendor/lib:/opt/ros/jazzy/opt/gz_utils_vendor/lib:/opt/ros/jazzy/opt/gz_cmake_vendor/lib:/opt/ros/jazzy/lib:/home/strain-drone/Documents/drone_position_hold/ros2_ws/src/natnet_ros2/deps/NatNetSDK/lib PS1=(venv-ardupilot) \[\e]0;\u@\h: \w\a\]${debian_chroot:+($debian_chroot)}\[\033[01;32m\]\u@\h\[\033[00m\]:\[\033[01;34m\]\w\[\033[00m\]\$ PYTHONPATH=/home/strain-drone/Documents/drone_position_hold/ros2_ws/build/mocap4r2cli/prefix_override:/usr/lib/python3/dist-packages/colcon_core/task/python/colcon_distutils_commands:/home/strain-drone/Documents/drone_position_hold/ros2_ws/install/mocap4r2cli/lib/python3.12/site-packages:/home/strain-drone/Documents/drone_position_hold/ros2_ws/install/mocap4r2_control_msgs/lib/python3.12/site-packages:/home/strain-drone/Documents/drone_position_hold/ros2_ws/install/visualizer/lib/python3.12/site-packages:/home/strain-drone/Documents/drone_position_hold/ros2_ws/install/position_publisher/lib/python3.12/site-packages:/home/strain-drone/Documents/drone_position_hold/ros2_ws/install/natnet_ros2/lib/python3.12/site-packages:/home/strain-drone/Documents/drone_position_hold/ros2_ws/install/mocap4r2cli/lib/python3.12/site-packages:/home/strain-drone/Documents/drone_position_hold/ros2_ws/install/mocap4r2_robot_gt_msgs/lib/python3.12/site-packages:/home/strain-drone/Documents/drone_position_hold/ros2_ws/install/mocap4r2_msgs/lib/python3.12/site-packages:/home/strain-drone/Documents/drone_position_hold/ros2_ws/install/mocap4r2_marker_viz_srvs/lib/python3.12/site-packages:/home/strain-drone/Documents/drone_position_hold/ros2_ws/install/mavros_config/lib/python3.12/site-packages:/opt/ros/jazzy/lib/python3.12/site-packages VIRTUAL_ENV_PROMPT=(venv-ardupilot) /usr/bin/python3 -W ignore:setup.py install is deprecated -W ignore:easy_install command is deprecated setup.py egg_info --egg-base ../../../build/mocap4r2cli build --build-base /home/strain-drone/Documents/drone_position_hold/ros2_ws/build/mocap4r2cli/build install --record /home/strain-drone/Documents/drone_position_hold/ros2_ws/build/mocap4r2cli/install.log --single-version-externally-managed install_data
[8.187s] Level 1:colcon.colcon_core.environment:checking '/home/strain-drone/Documents/drone_position_hold/ros2_ws/install/mocap4r2cli' for CMake config files
[8.188s] Level 1:colcon.colcon_core.environment:checking '/home/strain-drone/Documents/drone_position_hold/ros2_ws/install/mocap4r2cli/lib'
[8.188s] Level 1:colcon.colcon_core.environment:checking '/home/strain-drone/Documents/drone_position_hold/ros2_ws/install/mocap4r2cli/bin'
[8.188s] Level 1:colcon.colcon_core.environment:checking '/home/strain-drone/Documents/drone_position_hold/ros2_ws/install/mocap4r2cli/lib/pkgconfig/mocap4r2cli.pc'
[8.188s] Level 1:colcon.colcon_core.environment:checking '/home/strain-drone/Documents/drone_position_hold/ros2_ws/install/mocap4r2cli/lib/python3.12/site-packages'
[8.188s] Level 1:colcon.colcon_core.shell:create_environment_hook('mocap4r2cli', 'pythonpath')
[8.189s] INFO:colcon.colcon_core.shell:Creating environment hook '/home/strain-drone/Documents/drone_position_hold/ros2_ws/install/mocap4r2cli/share/mocap4r2cli/hook/pythonpath.ps1'
[8.189s] INFO:colcon.colcon_core.shell:Creating environment descriptor '/home/strain-drone/Documents/drone_position_hold/ros2_ws/install/mocap4r2cli/share/mocap4r2cli/hook/pythonpath.dsv'
[8.190s] INFO:colcon.colcon_core.shell:Creating environment hook '/home/strain-drone/Documents/drone_position_hold/ros2_ws/install/mocap4r2cli/share/mocap4r2cli/hook/pythonpath.sh'
[8.192s] Level 1:colcon.colcon_core.environment:checking '/home/strain-drone/Documents/drone_position_hold/ros2_ws/install/mocap4r2cli/bin'
[8.192s] Level 1:colcon.colcon_core.environment:create_environment_scripts_only(mocap4r2cli)
[8.192s] INFO:colcon.colcon_core.shell:Creating package script '/home/strain-drone/Documents/drone_position_hold/ros2_ws/install/mocap4r2cli/share/mocap4r2cli/package.ps1'
[8.193s] INFO:colcon.colcon_core.shell:Creating package descriptor '/home/strain-drone/Documents/drone_position_hold/ros2_ws/install/mocap4r2cli/share/mocap4r2cli/package.dsv'
[8.194s] INFO:colcon.colcon_core.shell:Creating package script '/home/strain-drone/Documents/drone_position_hold/ros2_ws/install/mocap4r2cli/share/mocap4r2cli/package.sh'
[8.195s] INFO:colcon.colcon_core.shell:Creating package script '/home/strain-drone/Documents/drone_position_hold/ros2_ws/install/mocap4r2cli/share/mocap4r2cli/package.bash'
[8.196s] INFO:colcon.colcon_core.shell:Creating package script '/home/strain-drone/Documents/drone_position_hold/ros2_ws/install/mocap4r2cli/share/mocap4r2cli/package.zsh'
[8.197s] Level 1:colcon.colcon_core.environment:create_file_with_runtime_dependencies(/home/strain-drone/Documents/drone_position_hold/ros2_ws/install/mocap4r2cli/share/colcon-core/packages/mocap4r2cli)
[8.199s] DEBUG:colcon.colcon_parallel_executor.executor.parallel:closing loop
[8.199s] DEBUG:colcon.colcon_parallel_executor.executor.parallel:loop closed
[8.199s] DEBUG:colcon.colcon_parallel_executor.executor.parallel:run_until_complete finished with '0'
[8.199s] DEBUG:colcon.colcon_core.event_reactor:joining thread
[8.210s] INFO:colcon.colcon_core.plugin_system:Skipping extension 'colcon_notification.desktop_notification.terminal_notifier': Not used on non-Darwin systems
[8.210s] INFO:colcon.colcon_core.plugin_system:Skipping extension 'colcon_notification.desktop_notification.win32': Not used on non-Windows systems
[8.210s] INFO:colcon.colcon_notification.desktop_notification:Sending desktop notification using 'notify2'
[8.228s] DEBUG:colcon.colcon_core.event_reactor:joined thread
[8.229s] INFO:colcon.colcon_core.shell:Creating prefix script '/home/strain-drone/Documents/drone_position_hold/ros2_ws/install/local_setup.ps1'
[8.230s] INFO:colcon.colcon_core.shell:Creating prefix util module '/home/strain-drone/Documents/drone_position_hold/ros2_ws/install/_local_setup_util_ps1.py'
[8.232s] INFO:colcon.colcon_core.shell:Creating prefix chain script '/home/strain-drone/Documents/drone_position_hold/ros2_ws/install/setup.ps1'
[8.234s] INFO:colcon.colcon_core.shell:Creating prefix script '/home/strain-drone/Documents/drone_position_hold/ros2_ws/install/local_setup.sh'
[8.236s] INFO:colcon.colcon_core.shell:Creating prefix util module '/home/strain-drone/Documents/drone_position_hold/ros2_ws/install/_local_setup_util_sh.py'
[8.240s] INFO:colcon.colcon_core.shell:Creating prefix chain script '/home/strain-drone/Documents/drone_position_hold/ros2_ws/install/setup.sh'
[8.243s] INFO:colcon.colcon_core.shell:Creating prefix script '/home/strain-drone/Documents/drone_position_hold/ros2_ws/install/local_setup.bash'
[8.243s] INFO:colcon.colcon_core.shell:Creating prefix chain script '/home/strain-drone/Documents/drone_position_hold/ros2_ws/install/setup.bash'
[8.246s] INFO:colcon.colcon_core.shell:Creating prefix script '/home/strain-drone/Documents/drone_position_hold/ros2_ws/install/local_setup.zsh'
[8.246s] INFO:colcon.colcon_core.shell:Creating prefix chain script '/home/strain-drone/Documents/drone_position_hold/ros2_ws/install/setup.zsh'
