[0.000000] (-) TimerEvent: {}
[0.000283] (mavros_config) JobQueued: {'identifier': 'mavros_config', 'dependencies': OrderedDict()}
[0.000338] (mocap4r2_control_msgs) JobQueued: {'identifier': 'mocap4r2_control_msgs', 'dependencies': OrderedDict()}
[0.000364] (mocap4r2_marker_viz_srvs) JobQueued: {'identifier': 'mocap4r2_marker_viz_srvs', 'dependencies': OrderedDict()}
[0.000387] (mocap4r2_msgs) JobQueued: {'identifier': 'mocap4r2_msgs', 'dependencies': OrderedDict()}
[0.000409] (mocap4r2_robot_gt_msgs) JobQueued: {'identifier': 'mocap4r2_robot_gt_msgs', 'dependencies': OrderedDict()}
[0.000428] (natnet_ros2) JobQueued: {'identifier': 'natnet_ros2', 'dependencies': OrderedDict()}
[0.000445] (position_publisher) JobQueued: {'identifier': 'position_publisher', 'dependencies': OrderedDict()}
[0.000461] (visualizer) JobQueued: {'identifier': 'visualizer', 'dependencies': OrderedDict()}
[0.000477] (mocap4r2_control) JobQueued: {'identifier': 'mocap4r2_control', 'dependencies': OrderedDict({'mocap4r2_control_msgs': '/home/strain-drone/Documents/drone_position_hold/ros2_ws/install/mocap4r2_control_msgs'})}
[0.000502] (mocap4r2_marker_publisher) JobQueued: {'identifier': 'mocap4r2_marker_publisher', 'dependencies': OrderedDict({'mocap4r2_msgs': '/home/strain-drone/Documents/drone_position_hold/ros2_ws/install/mocap4r2_msgs'})}
[0.000522] (mocap4r2_marker_viz) JobQueued: {'identifier': 'mocap4r2_marker_viz', 'dependencies': OrderedDict({'mocap4r2_marker_viz_srvs': '/home/strain-drone/Documents/drone_position_hold/ros2_ws/install/mocap4r2_marker_viz_srvs', 'mocap4r2_msgs': '/home/strain-drone/Documents/drone_position_hold/ros2_ws/install/mocap4r2_msgs'})}
[0.000545] (mocap4r2_robot_gt) JobQueued: {'identifier': 'mocap4r2_robot_gt', 'dependencies': OrderedDict({'mocap4r2_msgs': '/home/strain-drone/Documents/drone_position_hold/ros2_ws/install/mocap4r2_msgs', 'mocap4r2_robot_gt_msgs': '/home/strain-drone/Documents/drone_position_hold/ros2_ws/install/mocap4r2_robot_gt_msgs'})}
[0.000566] (mocap4r2cli) JobQueued: {'identifier': 'mocap4r2cli', 'dependencies': OrderedDict({'mocap4r2_control_msgs': '/home/strain-drone/Documents/drone_position_hold/ros2_ws/install/mocap4r2_control_msgs'})}
[0.000585] (mocap4r2_dummy_driver) JobQueued: {'identifier': 'mocap4r2_dummy_driver', 'dependencies': OrderedDict({'mocap4r2_control_msgs': '/home/strain-drone/Documents/drone_position_hold/ros2_ws/install/mocap4r2_control_msgs', 'mocap4r2_msgs': '/home/strain-drone/Documents/drone_position_hold/ros2_ws/install/mocap4r2_msgs', 'mocap4r2_control': '/home/strain-drone/Documents/drone_position_hold/ros2_ws/install/mocap4r2_control'})}
[0.000624] (mocap4r2_vicon_driver) JobQueued: {'identifier': 'mocap4r2_vicon_driver', 'dependencies': OrderedDict({'mocap4r2_control_msgs': '/home/strain-drone/Documents/drone_position_hold/ros2_ws/install/mocap4r2_control_msgs', 'mocap4r2_msgs': '/home/strain-drone/Documents/drone_position_hold/ros2_ws/install/mocap4r2_msgs', 'mocap4r2_control': '/home/strain-drone/Documents/drone_position_hold/ros2_ws/install/mocap4r2_control'})}
[0.000647] (rqt_mocap4r2_control) JobQueued: {'identifier': 'rqt_mocap4r2_control', 'dependencies': OrderedDict({'mocap4r2_control_msgs': '/home/strain-drone/Documents/drone_position_hold/ros2_ws/install/mocap4r2_control_msgs', 'mocap4r2_control': '/home/strain-drone/Documents/drone_position_hold/ros2_ws/install/mocap4r2_control'})}
[0.001178] (mocap4r2_control_msgs) JobStarted: {'identifier': 'mocap4r2_control_msgs'}
[0.017054] (mocap4r2_msgs) JobStarted: {'identifier': 'mocap4r2_msgs'}
[0.022315] (mocap4r2_marker_viz_srvs) JobStarted: {'identifier': 'mocap4r2_marker_viz_srvs'}
[0.027585] (mocap4r2_robot_gt_msgs) JobStarted: {'identifier': 'mocap4r2_robot_gt_msgs'}
[0.033225] (mocap4r2_control_msgs) JobProgress: {'identifier': 'mocap4r2_control_msgs', 'progress': 'cmake'}
[0.033976] (mocap4r2_control_msgs) Command: {'cmd': ['/usr/bin/cmake', '/home/strain-drone/Documents/drone_position_hold/ros2_ws/src/mocap4r2/mocap4r2_control/mocap4r2_control_msgs', '-DCMAKE_INSTALL_PREFIX=/home/strain-drone/Documents/drone_position_hold/ros2_ws/install/mocap4r2_control_msgs'], 'cwd': '/home/strain-drone/Documents/drone_position_hold/ros2_ws/build/mocap4r2_control_msgs', 'env': OrderedDict({'LESSOPEN': '| /usr/bin/lesspipe %s', 'USER': 'strain-drone', 'SSH_CLIENT': '100.119.134.77 59684 22', 'XDG_SESSION_TYPE': 'tty', 'SHLVL': '1', 'LD_LIBRARY_PATH': '/opt/ros/jazzy/opt/rviz_ogre_vendor/lib:/opt/ros/jazzy/lib/aarch64-linux-gnu:/opt/ros/jazzy/opt/gz_math_vendor/lib:/opt/ros/jazzy/opt/gz_utils_vendor/lib:/opt/ros/jazzy/opt/gz_cmake_vendor/lib:/opt/ros/jazzy/lib:/home/strain-drone/Documents/drone_position_hold/ros2_ws/src/natnet_ros2/deps/NatNetSDK/lib', 'HOME': '/home/strain-drone', 'OLDPWD': '/home/strain-drone', 'SSH_TTY': '/dev/pts/0', 'ROS_PYTHON_VERSION': '3', 'PS1': '(venv-ardupilot) \\[\\e]0;\\u@\\h: \\w\\a\\]${debian_chroot:+($debian_chroot)}\\[\\033[01;32m\\]\\u@\\h\\[\\033[00m\\]:\\[\\033[01;34m\\]\\w\\[\\033[00m\\]\\$', 'DBUS_SESSION_BUS_ADDRESS': 'unix:path=/run/user/1002/bus', 'DEBUGINFOD_URLS': 'https://debuginfod.ubuntu.com', 'ROS_DISTRO': 'jazzy', 'LOGNAME': 'strain-drone', '_': '/usr/bin/colcon', 'ROS_VERSION': '2', 'XDG_SESSION_CLASS': 'user', 'TERM': 'xterm-256color', 'XDG_SESSION_ID': '3', 'PATH': '/usr/lib/ccache:/home/strain-drone/Documents/ardupilot/Tools/autotest:/opt/gcc-arm-none-eabi-10-2020-q4-major/bin:/home/strain-drone/venv-ardupilot/bin:/home/strain-drone/.local/bin:/opt/ros/jazzy/bin:/usr/local/sbin:/usr/local/bin:/usr/sbin:/usr/bin:/sbin:/bin:/usr/games:/usr/local/games:/snap/bin:/home/strain-drone/.local/bin:/home/strain-drone/.local/bin', 'XDG_RUNTIME_DIR': '/run/user/1002', 'LANG': 'en_US.UTF-8', 'VIRTUAL_ENV_PROMPT': '(venv-ardupilot)', 'LS_COLORS': 'rs=0:di=01;34:ln=01;36:mh=00:pi=40;33:so=01;35:do=01;35:bd=40;33;01:cd=40;33;01:or=40;31;01:mi=00:su=37;41:sg=30;43:ca=00:tw=30;42:ow=34;42:st=37;44:ex=01;32:*.tar=01;31:*.tgz=01;31:*.arc=01;31:*.arj=01;31:*.taz=01;31:*.lha=01;31:*.lz4=01;31:*.lzh=01;31:*.lzma=01;31:*.tlz=01;31:*.txz=01;31:*.tzo=01;31:*.t7z=01;31:*.zip=01;31:*.z=01;31:*.dz=01;31:*.gz=01;31:*.lrz=01;31:*.lz=01;31:*.lzo=01;31:*.xz=01;31:*.zst=01;31:*.tzst=01;31:*.bz2=01;31:*.bz=01;31:*.tbz=01;31:*.tbz2=01;31:*.tz=01;31:*.deb=01;31:*.rpm=01;31:*.jar=01;31:*.war=01;31:*.ear=01;31:*.sar=01;31:*.rar=01;31:*.alz=01;31:*.ace=01;31:*.zoo=01;31:*.cpio=01;31:*.7z=01;31:*.rz=01;31:*.cab=01;31:*.wim=01;31:*.swm=01;31:*.dwm=01;31:*.esd=01;31:*.avif=01;35:*.jpg=01;35:*.jpeg=01;35:*.mjpg=01;35:*.mjpeg=01;35:*.gif=01;35:*.bmp=01;35:*.pbm=01;35:*.pgm=01;35:*.ppm=01;35:*.tga=01;35:*.xbm=01;35:*.xpm=01;35:*.tif=01;35:*.tiff=01;35:*.png=01;35:*.svg=01;35:*.svgz=01;35:*.mng=01;35:*.pcx=01;35:*.mov=01;35:*.mpg=01;35:*.mpeg=01;35:*.m2v=01;35:*.mkv=01;35:*.webm=01;35:*.webp=01;35:*.ogm=01;35:*.mp4=01;35:*.m4v=01;35:*.mp4v=01;35:*.vob=01;35:*.qt=01;35:*.nuv=01;35:*.wmv=01;35:*.asf=01;35:*.rm=01;35:*.rmvb=01;35:*.flc=01;35:*.avi=01;35:*.fli=01;35:*.flv=01;35:*.gl=01;35:*.dl=01;35:*.xcf=01;35:*.xwd=01;35:*.yuv=01;35:*.cgm=01;35:*.emf=01;35:*.ogv=01;35:*.ogx=01;35:*.aac=00;36:*.au=00;36:*.flac=00;36:*.m4a=00;36:*.mid=00;36:*.midi=00;36:*.mka=00;36:*.mp3=00;36:*.mpc=00;36:*.ogg=00;36:*.ra=00;36:*.wav=00;36:*.oga=00;36:*.opus=00;36:*.spx=00;36:*.xspf=00;36:*~=00;90:*#=00;90:*.bak=00;90:*.crdownload=00;90:*.dpkg-dist=00;90:*.dpkg-new=00;90:*.dpkg-old=00;90:*.dpkg-tmp=00;90:*.old=00;90:*.orig=00;90:*.part=00;90:*.rej=00;90:*.rpmnew=00;90:*.rpmorig=00;90:*.rpmsave=00;90:*.swp=00;90:*.tmp=00;90:*.ucf-dist=00;90:*.ucf-new=00;90:*.ucf-old=00;90:', 'ROS_DOMAIN_ID': '1', 'AMENT_PREFIX_PATH': '/opt/ros/jazzy', 'SHELL': '/bin/bash', 'LESSCLOSE': '/usr/bin/lesspipe %s %s', 'VIRTUAL_ENV': '/home/strain-drone/venv-ardupilot', 'ROS_AUTOMATIC_DISCOVERY_RANGE': 'SUBNET', 'PWD': '/home/strain-drone/Documents/drone_position_hold/ros2_ws/build/mocap4r2_control_msgs', 'LC_ALL': 'en_US.UTF-8', 'SSH_CONNECTION': '100.119.134.77 59684 100.96.124.69 22', 'XDG_DATA_DIRS': '/usr/share/gnome:/usr/local/share:/usr/share:/var/lib/snapd/desktop', 'PYTHONPATH': '/opt/ros/jazzy/lib/python3.12/site-packages', 'COLCON': '1', 'CMAKE_PREFIX_PATH': '/opt/ros/jazzy/opt/gz_math_vendor:/opt/ros/jazzy/opt/gz_utils_vendor:/opt/ros/jazzy/opt/gz_cmake_vendor:/opt/ros/jazzy'}), 'shell': False}
[0.037986] (mocap4r2_msgs) JobProgress: {'identifier': 'mocap4r2_msgs', 'progress': 'cmake'}
[0.039459] (mocap4r2_msgs) Command: {'cmd': ['/usr/bin/cmake', '/home/strain-drone/Documents/drone_position_hold/ros2_ws/src/mocap4r2_msgs', '-DCMAKE_INSTALL_PREFIX=/home/strain-drone/Documents/drone_position_hold/ros2_ws/install/mocap4r2_msgs'], 'cwd': '/home/strain-drone/Documents/drone_position_hold/ros2_ws/build/mocap4r2_msgs', 'env': OrderedDict({'LESSOPEN': '| /usr/bin/lesspipe %s', 'USER': 'strain-drone', 'SSH_CLIENT': '100.119.134.77 59684 22', 'XDG_SESSION_TYPE': 'tty', 'SHLVL': '1', 'LD_LIBRARY_PATH': '/opt/ros/jazzy/opt/rviz_ogre_vendor/lib:/opt/ros/jazzy/lib/aarch64-linux-gnu:/opt/ros/jazzy/opt/gz_math_vendor/lib:/opt/ros/jazzy/opt/gz_utils_vendor/lib:/opt/ros/jazzy/opt/gz_cmake_vendor/lib:/opt/ros/jazzy/lib:/home/strain-drone/Documents/drone_position_hold/ros2_ws/src/natnet_ros2/deps/NatNetSDK/lib', 'HOME': '/home/strain-drone', 'OLDPWD': '/home/strain-drone', 'SSH_TTY': '/dev/pts/0', 'ROS_PYTHON_VERSION': '3', 'PS1': '(venv-ardupilot) \\[\\e]0;\\u@\\h: \\w\\a\\]${debian_chroot:+($debian_chroot)}\\[\\033[01;32m\\]\\u@\\h\\[\\033[00m\\]:\\[\\033[01;34m\\]\\w\\[\\033[00m\\]\\$', 'DBUS_SESSION_BUS_ADDRESS': 'unix:path=/run/user/1002/bus', 'DEBUGINFOD_URLS': 'https://debuginfod.ubuntu.com', 'ROS_DISTRO': 'jazzy', 'LOGNAME': 'strain-drone', '_': '/usr/bin/colcon', 'ROS_VERSION': '2', 'XDG_SESSION_CLASS': 'user', 'TERM': 'xterm-256color', 'XDG_SESSION_ID': '3', 'PATH': '/usr/lib/ccache:/home/strain-drone/Documents/ardupilot/Tools/autotest:/opt/gcc-arm-none-eabi-10-2020-q4-major/bin:/home/strain-drone/venv-ardupilot/bin:/home/strain-drone/.local/bin:/opt/ros/jazzy/bin:/usr/local/sbin:/usr/local/bin:/usr/sbin:/usr/bin:/sbin:/bin:/usr/games:/usr/local/games:/snap/bin:/home/strain-drone/.local/bin:/home/strain-drone/.local/bin', 'XDG_RUNTIME_DIR': '/run/user/1002', 'LANG': 'en_US.UTF-8', 'VIRTUAL_ENV_PROMPT': '(venv-ardupilot)', 'LS_COLORS': 'rs=0:di=01;34:ln=01;36:mh=00:pi=40;33:so=01;35:do=01;35:bd=40;33;01:cd=40;33;01:or=40;31;01:mi=00:su=37;41:sg=30;43:ca=00:tw=30;42:ow=34;42:st=37;44:ex=01;32:*.tar=01;31:*.tgz=01;31:*.arc=01;31:*.arj=01;31:*.taz=01;31:*.lha=01;31:*.lz4=01;31:*.lzh=01;31:*.lzma=01;31:*.tlz=01;31:*.txz=01;31:*.tzo=01;31:*.t7z=01;31:*.zip=01;31:*.z=01;31:*.dz=01;31:*.gz=01;31:*.lrz=01;31:*.lz=01;31:*.lzo=01;31:*.xz=01;31:*.zst=01;31:*.tzst=01;31:*.bz2=01;31:*.bz=01;31:*.tbz=01;31:*.tbz2=01;31:*.tz=01;31:*.deb=01;31:*.rpm=01;31:*.jar=01;31:*.war=01;31:*.ear=01;31:*.sar=01;31:*.rar=01;31:*.alz=01;31:*.ace=01;31:*.zoo=01;31:*.cpio=01;31:*.7z=01;31:*.rz=01;31:*.cab=01;31:*.wim=01;31:*.swm=01;31:*.dwm=01;31:*.esd=01;31:*.avif=01;35:*.jpg=01;35:*.jpeg=01;35:*.mjpg=01;35:*.mjpeg=01;35:*.gif=01;35:*.bmp=01;35:*.pbm=01;35:*.pgm=01;35:*.ppm=01;35:*.tga=01;35:*.xbm=01;35:*.xpm=01;35:*.tif=01;35:*.tiff=01;35:*.png=01;35:*.svg=01;35:*.svgz=01;35:*.mng=01;35:*.pcx=01;35:*.mov=01;35:*.mpg=01;35:*.mpeg=01;35:*.m2v=01;35:*.mkv=01;35:*.webm=01;35:*.webp=01;35:*.ogm=01;35:*.mp4=01;35:*.m4v=01;35:*.mp4v=01;35:*.vob=01;35:*.qt=01;35:*.nuv=01;35:*.wmv=01;35:*.asf=01;35:*.rm=01;35:*.rmvb=01;35:*.flc=01;35:*.avi=01;35:*.fli=01;35:*.flv=01;35:*.gl=01;35:*.dl=01;35:*.xcf=01;35:*.xwd=01;35:*.yuv=01;35:*.cgm=01;35:*.emf=01;35:*.ogv=01;35:*.ogx=01;35:*.aac=00;36:*.au=00;36:*.flac=00;36:*.m4a=00;36:*.mid=00;36:*.midi=00;36:*.mka=00;36:*.mp3=00;36:*.mpc=00;36:*.ogg=00;36:*.ra=00;36:*.wav=00;36:*.oga=00;36:*.opus=00;36:*.spx=00;36:*.xspf=00;36:*~=00;90:*#=00;90:*.bak=00;90:*.crdownload=00;90:*.dpkg-dist=00;90:*.dpkg-new=00;90:*.dpkg-old=00;90:*.dpkg-tmp=00;90:*.old=00;90:*.orig=00;90:*.part=00;90:*.rej=00;90:*.rpmnew=00;90:*.rpmorig=00;90:*.rpmsave=00;90:*.swp=00;90:*.tmp=00;90:*.ucf-dist=00;90:*.ucf-new=00;90:*.ucf-old=00;90:', 'ROS_DOMAIN_ID': '1', 'AMENT_PREFIX_PATH': '/opt/ros/jazzy', 'SHELL': '/bin/bash', 'LESSCLOSE': '/usr/bin/lesspipe %s %s', 'VIRTUAL_ENV': '/home/strain-drone/venv-ardupilot', 'ROS_AUTOMATIC_DISCOVERY_RANGE': 'SUBNET', 'PWD': '/home/strain-drone/Documents/drone_position_hold/ros2_ws/build/mocap4r2_msgs', 'LC_ALL': 'en_US.UTF-8', 'SSH_CONNECTION': '100.119.134.77 59684 100.96.124.69 22', 'XDG_DATA_DIRS': '/usr/share/gnome:/usr/local/share:/usr/share:/var/lib/snapd/desktop', 'PYTHONPATH': '/opt/ros/jazzy/lib/python3.12/site-packages', 'COLCON': '1', 'CMAKE_PREFIX_PATH': '/opt/ros/jazzy/opt/gz_math_vendor:/opt/ros/jazzy/opt/gz_utils_vendor:/opt/ros/jazzy/opt/gz_cmake_vendor:/opt/ros/jazzy'}), 'shell': False}
[0.040974] (mocap4r2_marker_viz_srvs) JobProgress: {'identifier': 'mocap4r2_marker_viz_srvs', 'progress': 'cmake'}
[0.042489] (mocap4r2_marker_viz_srvs) Command: {'cmd': ['/usr/bin/cmake', '/home/strain-drone/Documents/drone_position_hold/ros2_ws/src/mocap4r2/mocap4r2_marker_viz/mocap4r2_marker_viz_srvs', '-DCMAKE_INSTALL_PREFIX=/home/strain-drone/Documents/drone_position_hold/ros2_ws/install/mocap4r2_marker_viz_srvs'], 'cwd': '/home/strain-drone/Documents/drone_position_hold/ros2_ws/build/mocap4r2_marker_viz_srvs', 'env': OrderedDict({'LESSOPEN': '| /usr/bin/lesspipe %s', 'USER': 'strain-drone', 'SSH_CLIENT': '100.119.134.77 59684 22', 'XDG_SESSION_TYPE': 'tty', 'SHLVL': '1', 'LD_LIBRARY_PATH': '/opt/ros/jazzy/opt/rviz_ogre_vendor/lib:/opt/ros/jazzy/lib/aarch64-linux-gnu:/opt/ros/jazzy/opt/gz_math_vendor/lib:/opt/ros/jazzy/opt/gz_utils_vendor/lib:/opt/ros/jazzy/opt/gz_cmake_vendor/lib:/opt/ros/jazzy/lib:/home/strain-drone/Documents/drone_position_hold/ros2_ws/src/natnet_ros2/deps/NatNetSDK/lib', 'HOME': '/home/strain-drone', 'OLDPWD': '/home/strain-drone', 'SSH_TTY': '/dev/pts/0', 'ROS_PYTHON_VERSION': '3', 'PS1': '(venv-ardupilot) \\[\\e]0;\\u@\\h: \\w\\a\\]${debian_chroot:+($debian_chroot)}\\[\\033[01;32m\\]\\u@\\h\\[\\033[00m\\]:\\[\\033[01;34m\\]\\w\\[\\033[00m\\]\\$', 'DBUS_SESSION_BUS_ADDRESS': 'unix:path=/run/user/1002/bus', 'DEBUGINFOD_URLS': 'https://debuginfod.ubuntu.com', 'ROS_DISTRO': 'jazzy', 'LOGNAME': 'strain-drone', '_': '/usr/bin/colcon', 'ROS_VERSION': '2', 'XDG_SESSION_CLASS': 'user', 'TERM': 'xterm-256color', 'XDG_SESSION_ID': '3', 'PATH': '/usr/lib/ccache:/home/strain-drone/Documents/ardupilot/Tools/autotest:/opt/gcc-arm-none-eabi-10-2020-q4-major/bin:/home/strain-drone/venv-ardupilot/bin:/home/strain-drone/.local/bin:/opt/ros/jazzy/bin:/usr/local/sbin:/usr/local/bin:/usr/sbin:/usr/bin:/sbin:/bin:/usr/games:/usr/local/games:/snap/bin:/home/strain-drone/.local/bin:/home/strain-drone/.local/bin', 'XDG_RUNTIME_DIR': '/run/user/1002', 'LANG': 'en_US.UTF-8', 'VIRTUAL_ENV_PROMPT': '(venv-ardupilot)', 'LS_COLORS': 'rs=0:di=01;34:ln=01;36:mh=00:pi=40;33:so=01;35:do=01;35:bd=40;33;01:cd=40;33;01:or=40;31;01:mi=00:su=37;41:sg=30;43:ca=00:tw=30;42:ow=34;42:st=37;44:ex=01;32:*.tar=01;31:*.tgz=01;31:*.arc=01;31:*.arj=01;31:*.taz=01;31:*.lha=01;31:*.lz4=01;31:*.lzh=01;31:*.lzma=01;31:*.tlz=01;31:*.txz=01;31:*.tzo=01;31:*.t7z=01;31:*.zip=01;31:*.z=01;31:*.dz=01;31:*.gz=01;31:*.lrz=01;31:*.lz=01;31:*.lzo=01;31:*.xz=01;31:*.zst=01;31:*.tzst=01;31:*.bz2=01;31:*.bz=01;31:*.tbz=01;31:*.tbz2=01;31:*.tz=01;31:*.deb=01;31:*.rpm=01;31:*.jar=01;31:*.war=01;31:*.ear=01;31:*.sar=01;31:*.rar=01;31:*.alz=01;31:*.ace=01;31:*.zoo=01;31:*.cpio=01;31:*.7z=01;31:*.rz=01;31:*.cab=01;31:*.wim=01;31:*.swm=01;31:*.dwm=01;31:*.esd=01;31:*.avif=01;35:*.jpg=01;35:*.jpeg=01;35:*.mjpg=01;35:*.mjpeg=01;35:*.gif=01;35:*.bmp=01;35:*.pbm=01;35:*.pgm=01;35:*.ppm=01;35:*.tga=01;35:*.xbm=01;35:*.xpm=01;35:*.tif=01;35:*.tiff=01;35:*.png=01;35:*.svg=01;35:*.svgz=01;35:*.mng=01;35:*.pcx=01;35:*.mov=01;35:*.mpg=01;35:*.mpeg=01;35:*.m2v=01;35:*.mkv=01;35:*.webm=01;35:*.webp=01;35:*.ogm=01;35:*.mp4=01;35:*.m4v=01;35:*.mp4v=01;35:*.vob=01;35:*.qt=01;35:*.nuv=01;35:*.wmv=01;35:*.asf=01;35:*.rm=01;35:*.rmvb=01;35:*.flc=01;35:*.avi=01;35:*.fli=01;35:*.flv=01;35:*.gl=01;35:*.dl=01;35:*.xcf=01;35:*.xwd=01;35:*.yuv=01;35:*.cgm=01;35:*.emf=01;35:*.ogv=01;35:*.ogx=01;35:*.aac=00;36:*.au=00;36:*.flac=00;36:*.m4a=00;36:*.mid=00;36:*.midi=00;36:*.mka=00;36:*.mp3=00;36:*.mpc=00;36:*.ogg=00;36:*.ra=00;36:*.wav=00;36:*.oga=00;36:*.opus=00;36:*.spx=00;36:*.xspf=00;36:*~=00;90:*#=00;90:*.bak=00;90:*.crdownload=00;90:*.dpkg-dist=00;90:*.dpkg-new=00;90:*.dpkg-old=00;90:*.dpkg-tmp=00;90:*.old=00;90:*.orig=00;90:*.part=00;90:*.rej=00;90:*.rpmnew=00;90:*.rpmorig=00;90:*.rpmsave=00;90:*.swp=00;90:*.tmp=00;90:*.ucf-dist=00;90:*.ucf-new=00;90:*.ucf-old=00;90:', 'ROS_DOMAIN_ID': '1', 'AMENT_PREFIX_PATH': '/opt/ros/jazzy', 'SHELL': '/bin/bash', 'LESSCLOSE': '/usr/bin/lesspipe %s %s', 'VIRTUAL_ENV': '/home/strain-drone/venv-ardupilot', 'ROS_AUTOMATIC_DISCOVERY_RANGE': 'SUBNET', 'PWD': '/home/strain-drone/Documents/drone_position_hold/ros2_ws/build/mocap4r2_marker_viz_srvs', 'LC_ALL': 'en_US.UTF-8', 'SSH_CONNECTION': '100.119.134.77 59684 100.96.124.69 22', 'XDG_DATA_DIRS': '/usr/share/gnome:/usr/local/share:/usr/share:/var/lib/snapd/desktop', 'PYTHONPATH': '/opt/ros/jazzy/lib/python3.12/site-packages', 'COLCON': '1', 'CMAKE_PREFIX_PATH': '/opt/ros/jazzy/opt/gz_math_vendor:/opt/ros/jazzy/opt/gz_utils_vendor:/opt/ros/jazzy/opt/gz_cmake_vendor:/opt/ros/jazzy'}), 'shell': False}
[0.046690] (mocap4r2_robot_gt_msgs) JobProgress: {'identifier': 'mocap4r2_robot_gt_msgs', 'progress': 'cmake'}
[0.048347] (mocap4r2_robot_gt_msgs) Command: {'cmd': ['/usr/bin/cmake', '/home/strain-drone/Documents/drone_position_hold/ros2_ws/src/mocap4r2/mocap4r2_robot_gt/mocap4r2_robot_gt_msgs', '-DCMAKE_INSTALL_PREFIX=/home/strain-drone/Documents/drone_position_hold/ros2_ws/install/mocap4r2_robot_gt_msgs'], 'cwd': '/home/strain-drone/Documents/drone_position_hold/ros2_ws/build/mocap4r2_robot_gt_msgs', 'env': OrderedDict({'LESSOPEN': '| /usr/bin/lesspipe %s', 'USER': 'strain-drone', 'SSH_CLIENT': '100.119.134.77 59684 22', 'XDG_SESSION_TYPE': 'tty', 'SHLVL': '1', 'LD_LIBRARY_PATH': '/opt/ros/jazzy/opt/rviz_ogre_vendor/lib:/opt/ros/jazzy/lib/aarch64-linux-gnu:/opt/ros/jazzy/opt/gz_math_vendor/lib:/opt/ros/jazzy/opt/gz_utils_vendor/lib:/opt/ros/jazzy/opt/gz_cmake_vendor/lib:/opt/ros/jazzy/lib:/home/strain-drone/Documents/drone_position_hold/ros2_ws/src/natnet_ros2/deps/NatNetSDK/lib', 'HOME': '/home/strain-drone', 'OLDPWD': '/home/strain-drone', 'SSH_TTY': '/dev/pts/0', 'ROS_PYTHON_VERSION': '3', 'PS1': '(venv-ardupilot) \\[\\e]0;\\u@\\h: \\w\\a\\]${debian_chroot:+($debian_chroot)}\\[\\033[01;32m\\]\\u@\\h\\[\\033[00m\\]:\\[\\033[01;34m\\]\\w\\[\\033[00m\\]\\$', 'DBUS_SESSION_BUS_ADDRESS': 'unix:path=/run/user/1002/bus', 'DEBUGINFOD_URLS': 'https://debuginfod.ubuntu.com', 'ROS_DISTRO': 'jazzy', 'LOGNAME': 'strain-drone', '_': '/usr/bin/colcon', 'ROS_VERSION': '2', 'XDG_SESSION_CLASS': 'user', 'TERM': 'xterm-256color', 'XDG_SESSION_ID': '3', 'PATH': '/usr/lib/ccache:/home/strain-drone/Documents/ardupilot/Tools/autotest:/opt/gcc-arm-none-eabi-10-2020-q4-major/bin:/home/strain-drone/venv-ardupilot/bin:/home/strain-drone/.local/bin:/opt/ros/jazzy/bin:/usr/local/sbin:/usr/local/bin:/usr/sbin:/usr/bin:/sbin:/bin:/usr/games:/usr/local/games:/snap/bin:/home/strain-drone/.local/bin:/home/strain-drone/.local/bin', 'XDG_RUNTIME_DIR': '/run/user/1002', 'LANG': 'en_US.UTF-8', 'VIRTUAL_ENV_PROMPT': '(venv-ardupilot)', 'LS_COLORS': 'rs=0:di=01;34:ln=01;36:mh=00:pi=40;33:so=01;35:do=01;35:bd=40;33;01:cd=40;33;01:or=40;31;01:mi=00:su=37;41:sg=30;43:ca=00:tw=30;42:ow=34;42:st=37;44:ex=01;32:*.tar=01;31:*.tgz=01;31:*.arc=01;31:*.arj=01;31:*.taz=01;31:*.lha=01;31:*.lz4=01;31:*.lzh=01;31:*.lzma=01;31:*.tlz=01;31:*.txz=01;31:*.tzo=01;31:*.t7z=01;31:*.zip=01;31:*.z=01;31:*.dz=01;31:*.gz=01;31:*.lrz=01;31:*.lz=01;31:*.lzo=01;31:*.xz=01;31:*.zst=01;31:*.tzst=01;31:*.bz2=01;31:*.bz=01;31:*.tbz=01;31:*.tbz2=01;31:*.tz=01;31:*.deb=01;31:*.rpm=01;31:*.jar=01;31:*.war=01;31:*.ear=01;31:*.sar=01;31:*.rar=01;31:*.alz=01;31:*.ace=01;31:*.zoo=01;31:*.cpio=01;31:*.7z=01;31:*.rz=01;31:*.cab=01;31:*.wim=01;31:*.swm=01;31:*.dwm=01;31:*.esd=01;31:*.avif=01;35:*.jpg=01;35:*.jpeg=01;35:*.mjpg=01;35:*.mjpeg=01;35:*.gif=01;35:*.bmp=01;35:*.pbm=01;35:*.pgm=01;35:*.ppm=01;35:*.tga=01;35:*.xbm=01;35:*.xpm=01;35:*.tif=01;35:*.tiff=01;35:*.png=01;35:*.svg=01;35:*.svgz=01;35:*.mng=01;35:*.pcx=01;35:*.mov=01;35:*.mpg=01;35:*.mpeg=01;35:*.m2v=01;35:*.mkv=01;35:*.webm=01;35:*.webp=01;35:*.ogm=01;35:*.mp4=01;35:*.m4v=01;35:*.mp4v=01;35:*.vob=01;35:*.qt=01;35:*.nuv=01;35:*.wmv=01;35:*.asf=01;35:*.rm=01;35:*.rmvb=01;35:*.flc=01;35:*.avi=01;35:*.fli=01;35:*.flv=01;35:*.gl=01;35:*.dl=01;35:*.xcf=01;35:*.xwd=01;35:*.yuv=01;35:*.cgm=01;35:*.emf=01;35:*.ogv=01;35:*.ogx=01;35:*.aac=00;36:*.au=00;36:*.flac=00;36:*.m4a=00;36:*.mid=00;36:*.midi=00;36:*.mka=00;36:*.mp3=00;36:*.mpc=00;36:*.ogg=00;36:*.ra=00;36:*.wav=00;36:*.oga=00;36:*.opus=00;36:*.spx=00;36:*.xspf=00;36:*~=00;90:*#=00;90:*.bak=00;90:*.crdownload=00;90:*.dpkg-dist=00;90:*.dpkg-new=00;90:*.dpkg-old=00;90:*.dpkg-tmp=00;90:*.old=00;90:*.orig=00;90:*.part=00;90:*.rej=00;90:*.rpmnew=00;90:*.rpmorig=00;90:*.rpmsave=00;90:*.swp=00;90:*.tmp=00;90:*.ucf-dist=00;90:*.ucf-new=00;90:*.ucf-old=00;90:', 'ROS_DOMAIN_ID': '1', 'AMENT_PREFIX_PATH': '/opt/ros/jazzy', 'SHELL': '/bin/bash', 'LESSCLOSE': '/usr/bin/lesspipe %s %s', 'VIRTUAL_ENV': '/home/strain-drone/venv-ardupilot', 'ROS_AUTOMATIC_DISCOVERY_RANGE': 'SUBNET', 'PWD': '/home/strain-drone/Documents/drone_position_hold/ros2_ws/build/mocap4r2_robot_gt_msgs', 'LC_ALL': 'en_US.UTF-8', 'SSH_CONNECTION': '100.119.134.77 59684 100.96.124.69 22', 'XDG_DATA_DIRS': '/usr/share/gnome:/usr/local/share:/usr/share:/var/lib/snapd/desktop', 'PYTHONPATH': '/opt/ros/jazzy/lib/python3.12/site-packages', 'COLCON': '1', 'CMAKE_PREFIX_PATH': '/opt/ros/jazzy/opt/gz_math_vendor:/opt/ros/jazzy/opt/gz_utils_vendor:/opt/ros/jazzy/opt/gz_cmake_vendor:/opt/ros/jazzy'}), 'shell': False}
[0.099694] (-) TimerEvent: {}
[0.200151] (-) TimerEvent: {}
[0.301004] (-) TimerEvent: {}
[0.401478] (-) TimerEvent: {}
[0.501879] (-) TimerEvent: {}
[0.602330] (-) TimerEvent: {}
[0.702739] (-) TimerEvent: {}
[0.805334] (-) TimerEvent: {}
[0.871348] (mocap4r2_msgs) StdoutLine: {'line': b'-- The C compiler identification is GNU 13.3.0\n'}
[0.871710] (mocap4r2_control_msgs) StdoutLine: {'line': b'-- The C compiler identification is GNU 13.3.0\n'}
[0.871871] (mocap4r2_marker_viz_srvs) StdoutLine: {'line': b'-- The C compiler identification is GNU 13.3.0\n'}
[0.872135] (mocap4r2_robot_gt_msgs) StdoutLine: {'line': b'-- The C compiler identification is GNU 13.3.0\n'}
[0.905376] (-) TimerEvent: {}
[1.005776] (-) TimerEvent: {}
[1.106319] (-) TimerEvent: {}
[1.206770] (-) TimerEvent: {}
[1.309186] (-) TimerEvent: {}
[1.358074] (mocap4r2_robot_gt_msgs) StdoutLine: {'line': b'-- The CXX compiler identification is GNU 13.3.0\n'}
[1.358620] (mocap4r2_msgs) StdoutLine: {'line': b'-- The CXX compiler identification is GNU 13.3.0\n'}
[1.358823] (mocap4r2_marker_viz_srvs) StdoutLine: {'line': b'-- The CXX compiler identification is GNU 13.3.0\n'}
[1.359957] (mocap4r2_control_msgs) StdoutLine: {'line': b'-- The CXX compiler identification is GNU 13.3.0\n'}
[1.409275] (-) TimerEvent: {}
[1.423901] (mocap4r2_control_msgs) StdoutLine: {'line': b'-- Detecting C compiler ABI info\n'}
[1.424240] (mocap4r2_marker_viz_srvs) StdoutLine: {'line': b'-- Detecting C compiler ABI info\n'}
[1.424370] (mocap4r2_msgs) StdoutLine: {'line': b'-- Detecting C compiler ABI info\n'}
[1.424571] (mocap4r2_robot_gt_msgs) StdoutLine: {'line': b'-- Detecting C compiler ABI info\n'}
[1.512003] (-) TimerEvent: {}
[1.612569] (-) TimerEvent: {}
[1.713289] (-) TimerEvent: {}
[1.780274] (mocap4r2_marker_viz_srvs) StdoutLine: {'line': b'-- Detecting C compiler ABI info - done\n'}
[1.792311] (mocap4r2_robot_gt_msgs) StdoutLine: {'line': b'-- Detecting C compiler ABI info - done\n'}
[1.793241] (mocap4r2_msgs) StdoutLine: {'line': b'-- Detecting C compiler ABI info - done\n'}
[1.800458] (mocap4r2_marker_viz_srvs) StdoutLine: {'line': b'-- Check for working C compiler: /usr/lib/ccache/cc - skipped\n'}
[1.803689] (mocap4r2_marker_viz_srvs) StdoutLine: {'line': b'-- Detecting C compile features\n'}
[1.805500] (mocap4r2_marker_viz_srvs) StdoutLine: {'line': b'-- Detecting C compile features - done\n'}
[1.805705] (mocap4r2_control_msgs) StdoutLine: {'line': b'-- Detecting C compiler ABI info - done\n'}
[1.808197] (mocap4r2_robot_gt_msgs) StdoutLine: {'line': b'-- Check for working C compiler: /usr/lib/ccache/cc - skipped\n'}
[1.808531] (mocap4r2_robot_gt_msgs) StdoutLine: {'line': b'-- Detecting C compile features\n'}
[1.808881] (mocap4r2_robot_gt_msgs) StdoutLine: {'line': b'-- Detecting C compile features - done\n'}
[1.812476] (mocap4r2_msgs) StdoutLine: {'line': b'-- Check for working C compiler: /usr/lib/ccache/cc - skipped\n'}
[1.812658] (mocap4r2_msgs) StdoutLine: {'line': b'-- Detecting C compile features\n'}
[1.812762] (mocap4r2_msgs) StdoutLine: {'line': b'-- Detecting C compile features - done\n'}
[1.813370] (-) TimerEvent: {}
[1.820227] (mocap4r2_control_msgs) StdoutLine: {'line': b'-- Check for working C compiler: /usr/lib/ccache/cc - skipped\n'}
[1.820656] (mocap4r2_control_msgs) StdoutLine: {'line': b'-- Detecting C compile features\n'}
[1.821436] (mocap4r2_control_msgs) StdoutLine: {'line': b'-- Detecting C compile features - done\n'}
[1.831139] (mocap4r2_marker_viz_srvs) StdoutLine: {'line': b'-- Detecting CXX compiler ABI info\n'}
[1.833756] (mocap4r2_msgs) StdoutLine: {'line': b'-- Detecting CXX compiler ABI info\n'}
[1.842389] (mocap4r2_robot_gt_msgs) StdoutLine: {'line': b'-- Detecting CXX compiler ABI info\n'}
[1.851223] (mocap4r2_control_msgs) StdoutLine: {'line': b'-- Detecting CXX compiler ABI info\n'}
[1.913501] (-) TimerEvent: {}
[2.014535] (-) TimerEvent: {}
[2.116077] (-) TimerEvent: {}
[2.150037] (mocap4r2_msgs) StdoutLine: {'line': b'-- Detecting CXX compiler ABI info - done\n'}
[2.153229] (mocap4r2_marker_viz_srvs) StdoutLine: {'line': b'-- Detecting CXX compiler ABI info - done\n'}
[2.160395] (mocap4r2_robot_gt_msgs) StdoutLine: {'line': b'-- Detecting CXX compiler ABI info - done\n'}
[2.165993] (mocap4r2_control_msgs) StdoutLine: {'line': b'-- Detecting CXX compiler ABI info - done\n'}
[2.166271] (mocap4r2_msgs) StdoutLine: {'line': b'-- Check for working CXX compiler: /usr/lib/ccache/c++ - skipped\n'}
[2.166387] (mocap4r2_msgs) StdoutLine: {'line': b'-- Detecting CXX compile features\n'}
[2.166470] (mocap4r2_msgs) StdoutLine: {'line': b'-- Detecting CXX compile features - done\n'}
[2.169597] (mocap4r2_marker_viz_srvs) StdoutLine: {'line': b'-- Check for working CXX compiler: /usr/lib/ccache/c++ - skipped\n'}
[2.172080] (mocap4r2_marker_viz_srvs) StdoutLine: {'line': b'-- Detecting CXX compile features\n'}
[2.172306] (mocap4r2_marker_viz_srvs) StdoutLine: {'line': b'-- Detecting CXX compile features - done\n'}
[2.175541] (mocap4r2_robot_gt_msgs) StdoutLine: {'line': b'-- Check for working CXX compiler: /usr/lib/ccache/c++ - skipped\n'}
[2.175981] (mocap4r2_robot_gt_msgs) StdoutLine: {'line': b'-- Detecting CXX compile features\n'}
[2.176255] (mocap4r2_msgs) StdoutLine: {'line': b'-- Found ament_cmake: 2.5.4 (/opt/ros/jazzy/share/ament_cmake/cmake)\n'}
[2.176474] (mocap4r2_marker_viz_srvs) StdoutLine: {'line': b'-- Found ament_cmake: 2.5.4 (/opt/ros/jazzy/share/ament_cmake/cmake)\n'}
[2.176713] (mocap4r2_robot_gt_msgs) StdoutLine: {'line': b'-- Detecting CXX compile features - done\n'}
[2.180031] (mocap4r2_control_msgs) StdoutLine: {'line': b'-- Check for working CXX compiler: /usr/lib/ccache/c++ - skipped\n'}
[2.180320] (mocap4r2_robot_gt_msgs) StdoutLine: {'line': b'-- Found ament_cmake: 2.5.4 (/opt/ros/jazzy/share/ament_cmake/cmake)\n'}
[2.182053] (mocap4r2_control_msgs) StdoutLine: {'line': b'-- Detecting CXX compile features\n'}
[2.182276] (mocap4r2_control_msgs) StdoutLine: {'line': b'-- Detecting CXX compile features - done\n'}
[2.185688] (mocap4r2_control_msgs) StdoutLine: {'line': b'-- Found ament_cmake: 2.5.4 (/opt/ros/jazzy/share/ament_cmake/cmake)\n'}
[2.218030] (-) TimerEvent: {}
[2.318758] (-) TimerEvent: {}
[2.419741] (-) TimerEvent: {}
[2.522268] (-) TimerEvent: {}
[2.567421] (mocap4r2_control_msgs) StdoutLine: {'line': b'-- Found Python3: /home/strain-drone/venv-ardupilot/bin/python3 (found version "3.12.3") found components: Interpreter \n'}
[2.568050] (mocap4r2_marker_viz_srvs) StdoutLine: {'line': b'-- Found Python3: /home/strain-drone/venv-ardupilot/bin/python3 (found version "3.12.3") found components: Interpreter \n'}
[2.569070] (mocap4r2_msgs) StdoutLine: {'line': b'-- Found Python3: /home/strain-drone/venv-ardupilot/bin/python3 (found version "3.12.3") found components: Interpreter \n'}
[2.580024] (mocap4r2_robot_gt_msgs) StdoutLine: {'line': b'-- Found Python3: /home/strain-drone/venv-ardupilot/bin/python3 (found version "3.12.3") found components: Interpreter \n'}
[2.624007] (-) TimerEvent: {}
[2.724687] (-) TimerEvent: {}
[2.828865] (-) TimerEvent: {}
[2.929256] (-) TimerEvent: {}
[3.029665] (-) TimerEvent: {}
[3.130084] (-) TimerEvent: {}
[3.158169] (mocap4r2_marker_viz_srvs) StdoutLine: {'line': b'-- Found rosidl_default_generators: 1.6.0 (/opt/ros/jazzy/share/rosidl_default_generators/cmake)\n'}
[3.158450] (mocap4r2_control_msgs) StdoutLine: {'line': b'-- Found rosidl_default_generators: 1.6.0 (/opt/ros/jazzy/share/rosidl_default_generators/cmake)\n'}
[3.158583] (mocap4r2_msgs) StdoutLine: {'line': b'-- Found rosidl_default_generators: 1.6.0 (/opt/ros/jazzy/share/rosidl_default_generators/cmake)\n'}
[3.158707] (mocap4r2_robot_gt_msgs) StdoutLine: {'line': b'-- Found rosidl_default_generators: 1.6.0 (/opt/ros/jazzy/share/rosidl_default_generators/cmake)\n'}
[3.230203] (-) TimerEvent: {}
[3.245057] (mocap4r2_marker_viz_srvs) StdoutLine: {'line': b'-- Using all available rosidl_typesupport_c: rosidl_typesupport_fastrtps_c;rosidl_typesupport_introspection_c\n'}
[3.245362] (mocap4r2_control_msgs) StdoutLine: {'line': b'-- Using all available rosidl_typesupport_c: rosidl_typesupport_fastrtps_c;rosidl_typesupport_introspection_c\n'}
[3.245512] (mocap4r2_robot_gt_msgs) StdoutLine: {'line': b'-- Using all available rosidl_typesupport_c: rosidl_typesupport_fastrtps_c;rosidl_typesupport_introspection_c\n'}
[3.245727] (mocap4r2_msgs) StdoutLine: {'line': b'-- Using all available rosidl_typesupport_c: rosidl_typesupport_fastrtps_c;rosidl_typesupport_introspection_c\n'}
[3.330316] (-) TimerEvent: {}
[3.431275] (-) TimerEvent: {}
[3.447396] (mocap4r2_robot_gt_msgs) StdoutLine: {'line': b'-- Using all available rosidl_typesupport_cpp: rosidl_typesupport_fastrtps_cpp;rosidl_typesupport_introspection_cpp\n'}
[3.447662] (mocap4r2_control_msgs) StdoutLine: {'line': b'-- Using all available rosidl_typesupport_cpp: rosidl_typesupport_fastrtps_cpp;rosidl_typesupport_introspection_cpp\n'}
[3.447778] (mocap4r2_msgs) StdoutLine: {'line': b'-- Using all available rosidl_typesupport_cpp: rosidl_typesupport_fastrtps_cpp;rosidl_typesupport_introspection_cpp\n'}
[3.447924] (mocap4r2_marker_viz_srvs) StdoutLine: {'line': b'-- Using all available rosidl_typesupport_cpp: rosidl_typesupport_fastrtps_cpp;rosidl_typesupport_introspection_cpp\n'}
[3.532347] (-) TimerEvent: {}
[3.539194] (mocap4r2_marker_viz_srvs) StdoutLine: {'line': b'-- Found rosidl_adapter: 4.6.5 (/opt/ros/jazzy/share/rosidl_adapter/cmake)\n'}
[3.539634] (mocap4r2_msgs) StdoutLine: {'line': b'-- Found rosidl_adapter: 4.6.5 (/opt/ros/jazzy/share/rosidl_adapter/cmake)\n'}
[3.539764] (mocap4r2_robot_gt_msgs) StdoutLine: {'line': b'-- Found rosidl_adapter: 4.6.5 (/opt/ros/jazzy/share/rosidl_adapter/cmake)\n'}
[3.539876] (mocap4r2_control_msgs) StdoutLine: {'line': b'-- Found rosidl_adapter: 4.6.5 (/opt/ros/jazzy/share/rosidl_adapter/cmake)\n'}
[3.553033] (mocap4r2_control_msgs) StdoutLine: {'line': b'-- Found builtin_interfaces: 2.0.2 (/opt/ros/jazzy/share/builtin_interfaces/cmake)\n'}
[3.553436] (mocap4r2_marker_viz_srvs) StdoutLine: {'line': b'-- Found std_msgs: 5.3.6 (/opt/ros/jazzy/share/std_msgs/cmake)\n'}
[3.553644] (mocap4r2_robot_gt_msgs) StdoutLine: {'line': b'-- Found builtin_interfaces: 2.0.2 (/opt/ros/jazzy/share/builtin_interfaces/cmake)\n'}
[3.553777] (mocap4r2_msgs) StdoutLine: {'line': b'-- Found builtin_interfaces: 2.0.2 (/opt/ros/jazzy/share/builtin_interfaces/cmake)\n'}
[3.588148] (mocap4r2_robot_gt_msgs) StdoutLine: {'line': b'-- Found std_msgs: 5.3.6 (/opt/ros/jazzy/share/std_msgs/cmake)\n'}
[3.588420] (mocap4r2_control_msgs) StdoutLine: {'line': b'-- Found std_msgs: 5.3.6 (/opt/ros/jazzy/share/std_msgs/cmake)\n'}
[3.588537] (mocap4r2_msgs) StdoutLine: {'line': b'-- Found std_msgs: 5.3.6 (/opt/ros/jazzy/share/std_msgs/cmake)\n'}
[3.630065] (mocap4r2_msgs) StdoutLine: {'line': b'-- Found geometry_msgs: 5.3.6 (/opt/ros/jazzy/share/geometry_msgs/cmake)\n'}
[3.630423] (mocap4r2_control_msgs) StdoutLine: {'line': b'-- Found geometry_msgs: 5.3.6 (/opt/ros/jazzy/share/geometry_msgs/cmake)\n'}
[3.630547] (mocap4r2_robot_gt_msgs) StdoutLine: {'line': b'-- Found geometry_msgs: 5.3.6 (/opt/ros/jazzy/share/geometry_msgs/cmake)\n'}
[3.632993] (-) TimerEvent: {}
[3.736203] (-) TimerEvent: {}
[3.837114] (-) TimerEvent: {}
[3.941323] (-) TimerEvent: {}
[4.041899] (-) TimerEvent: {}
[4.143245] (-) TimerEvent: {}
[4.245983] (-) TimerEvent: {}
[4.346553] (-) TimerEvent: {}
[4.447549] (-) TimerEvent: {}
[4.550208] (-) TimerEvent: {}
[4.653033] (-) TimerEvent: {}
[4.753773] (-) TimerEvent: {}
[4.857058] (-) TimerEvent: {}
[4.957705] (-) TimerEvent: {}
[5.058186] (-) TimerEvent: {}
[5.158861] (-) TimerEvent: {}
[5.261293] (-) TimerEvent: {}
[5.312964] (mocap4r2_robot_gt_msgs) StdoutLine: {'line': b'-- Found ament_cmake_ros: 0.12.0 (/opt/ros/jazzy/share/ament_cmake_ros/cmake)\n'}
[5.313292] (mocap4r2_control_msgs) StdoutLine: {'line': b'-- Found ament_cmake_ros: 0.12.0 (/opt/ros/jazzy/share/ament_cmake_ros/cmake)\n'}
[5.313428] (mocap4r2_marker_viz_srvs) StdoutLine: {'line': b'-- Found ament_cmake_cppcheck: 0.17.2 (/opt/ros/jazzy/share/ament_cmake_cppcheck/cmake)\n'}
[5.316551] (mocap4r2_msgs) StdoutLine: {'line': b'-- Found ament_cmake_ros: 0.12.0 (/opt/ros/jazzy/share/ament_cmake_ros/cmake)\n'}
[5.322076] (mocap4r2_marker_viz_srvs) StdoutLine: {'line': b'-- Found ament_cmake_cpplint: 0.17.2 (/opt/ros/jazzy/share/ament_cmake_cpplint/cmake)\n'}
[5.329710] (mocap4r2_marker_viz_srvs) StdoutLine: {'line': b'-- Found ament_cmake_uncrustify: 0.17.2 (/opt/ros/jazzy/share/ament_cmake_uncrustify/cmake)\n'}
[5.339077] (mocap4r2_marker_viz_srvs) StdoutLine: {'line': b'-- Found ament_cmake_ros: 0.12.0 (/opt/ros/jazzy/share/ament_cmake_ros/cmake)\n'}
[5.361413] (-) TimerEvent: {}
[5.462143] (-) TimerEvent: {}
[5.565293] (-) TimerEvent: {}
[5.665837] (-) TimerEvent: {}
[5.767953] (-) TimerEvent: {}
[5.869423] (-) TimerEvent: {}
[5.973435] (-) TimerEvent: {}
[6.077136] (-) TimerEvent: {}
[6.177625] (-) TimerEvent: {}
[6.279031] (-) TimerEvent: {}
[6.379510] (-) TimerEvent: {}
[6.480041] (-) TimerEvent: {}
[6.542011] (mocap4r2_marker_viz_srvs) StdoutLine: {'line': b'-- Using all available rosidl_typesupport_c: rosidl_typesupport_fastrtps_c;rosidl_typesupport_introspection_c\n'}
[6.578083] (mocap4r2_robot_gt_msgs) StdoutLine: {'line': b'-- Using all available rosidl_typesupport_c: rosidl_typesupport_fastrtps_c;rosidl_typesupport_introspection_c\n'}
[6.578448] (mocap4r2_msgs) StdoutLine: {'line': b'-- Using all available rosidl_typesupport_c: rosidl_typesupport_fastrtps_c;rosidl_typesupport_introspection_c\n'}
[6.578572] (mocap4r2_control_msgs) StdoutLine: {'line': b'-- Using all available rosidl_typesupport_c: rosidl_typesupport_fastrtps_c;rosidl_typesupport_introspection_c\n'}
[6.580119] (-) TimerEvent: {}
[6.680591] (-) TimerEvent: {}
[6.782385] (-) TimerEvent: {}
[6.885839] (-) TimerEvent: {}
[6.987019] (-) TimerEvent: {}
[7.089941] (-) TimerEvent: {}
[7.192157] (-) TimerEvent: {}
[7.295266] (-) TimerEvent: {}
[7.395930] (-) TimerEvent: {}
[7.498041] (-) TimerEvent: {}
[7.601244] (-) TimerEvent: {}
[7.702249] (-) TimerEvent: {}
[7.803194] (-) TimerEvent: {}
[7.905607] (-) TimerEvent: {}
[8.009379] (-) TimerEvent: {}
[8.100382] (mocap4r2_marker_viz_srvs) StdoutLine: {'line': b'-- Using all available rosidl_typesupport_cpp: rosidl_typesupport_fastrtps_cpp;rosidl_typesupport_introspection_cpp\n'}
[8.109561] (-) TimerEvent: {}
[8.117363] (mocap4r2_marker_viz_srvs) StdoutLine: {'line': b'-- Found python_cmake_module: 0.11.1 (/opt/ros/jazzy/share/python_cmake_module/cmake)\n'}
[8.209710] (-) TimerEvent: {}
[8.222367] (mocap4r2_robot_gt_msgs) StdoutLine: {'line': b'-- Using all available rosidl_typesupport_cpp: rosidl_typesupport_fastrtps_cpp;rosidl_typesupport_introspection_cpp\n'}
[8.222697] (mocap4r2_msgs) StdoutLine: {'line': b'-- Using all available rosidl_typesupport_cpp: rosidl_typesupport_fastrtps_cpp;rosidl_typesupport_introspection_cpp\n'}
[8.226843] (mocap4r2_robot_gt_msgs) StdoutLine: {'line': b'-- Found python_cmake_module: 0.11.1 (/opt/ros/jazzy/share/python_cmake_module/cmake)\n'}
[8.227340] (mocap4r2_msgs) StdoutLine: {'line': b'-- Found python_cmake_module: 0.11.1 (/opt/ros/jazzy/share/python_cmake_module/cmake)\n'}
[8.245725] (mocap4r2_control_msgs) StdoutLine: {'line': b'-- Using all available rosidl_typesupport_cpp: rosidl_typesupport_fastrtps_cpp;rosidl_typesupport_introspection_cpp\n'}
[8.251453] (mocap4r2_control_msgs) StdoutLine: {'line': b'-- Found python_cmake_module: 0.11.1 (/opt/ros/jazzy/share/python_cmake_module/cmake)\n'}
[8.309862] (-) TimerEvent: {}
[8.414239] (-) TimerEvent: {}
[8.496276] (mocap4r2_marker_viz_srvs) StdoutLine: {'line': b'-- Found PythonExtra: /home/strain-drone/venv-ardupilot/bin/python3  \n'}
[8.514378] (-) TimerEvent: {}
[8.594119] (mocap4r2_msgs) StdoutLine: {'line': b'-- Found PythonExtra: /home/strain-drone/venv-ardupilot/bin/python3  \n'}
[8.612754] (mocap4r2_robot_gt_msgs) StdoutLine: {'line': b'-- Found PythonExtra: /home/strain-drone/venv-ardupilot/bin/python3  \n'}
[8.614536] (-) TimerEvent: {}
[8.627037] (mocap4r2_control_msgs) StdoutLine: {'line': b'-- Found PythonExtra: /home/strain-drone/venv-ardupilot/bin/python3  \n'}
[8.714651] (-) TimerEvent: {}
[8.818243] (-) TimerEvent: {}
[8.919328] (-) TimerEvent: {}
[9.020977] (-) TimerEvent: {}
[9.123999] (-) TimerEvent: {}
[9.224460] (-) TimerEvent: {}
[9.324898] (-) TimerEvent: {}
[9.425296] (-) TimerEvent: {}
[9.525788] (-) TimerEvent: {}
[9.626364] (-) TimerEvent: {}
[9.726706] (-) TimerEvent: {}
[9.829986] (-) TimerEvent: {}
[9.930386] (-) TimerEvent: {}
[9.969315] (mocap4r2_msgs) StdoutLine: {'line': b'-- Found Python3: /home/strain-drone/venv-ardupilot/bin/python3 (found version "3.12.3") found components: Interpreter Development NumPy Development.Module Development.Embed \n'}
[10.025013] (mocap4r2_marker_viz_srvs) StdoutLine: {'line': b'-- Found Python3: /home/strain-drone/venv-ardupilot/bin/python3 (found version "3.12.3") found components: Interpreter Development NumPy Development.Module Development.Embed \n'}
[10.026829] (mocap4r2_robot_gt_msgs) StdoutLine: {'line': b'-- Found Python3: /home/strain-drone/venv-ardupilot/bin/python3 (found version "3.12.3") found components: Interpreter Development NumPy Development.Module Development.Embed \n'}
[10.030606] (mocap4r2_control_msgs) StdoutLine: {'line': b'-- Found Python3: /home/strain-drone/venv-ardupilot/bin/python3 (found version "3.12.3") found components: Interpreter Development NumPy Development.Module Development.Embed \n'}
[10.030853] (-) TimerEvent: {}
[10.119514] (mocap4r2_marker_viz_srvs) StdoutLine: {'line': b'-- Found ament_cmake_flake8: 0.17.2 (/opt/ros/jazzy/share/ament_cmake_flake8/cmake)\n'}
[10.131320] (mocap4r2_marker_viz_srvs) StdoutLine: {'line': b'-- Found ament_cmake_pep257: 0.17.2 (/opt/ros/jazzy/share/ament_cmake_pep257/cmake)\n'}
[10.131658] (-) TimerEvent: {}
[10.144027] (mocap4r2_msgs) StdoutLine: {'line': b'-- Configuring done (9.9s)\n'}
[10.148750] (mocap4r2_marker_viz_srvs) StdoutLine: {'line': b'-- Configuring done (9.9s)\n'}
[10.152671] (mocap4r2_robot_gt_msgs) StdoutLine: {'line': b'-- Configuring done (9.9s)\n'}
[10.154747] (mocap4r2_control_msgs) StdoutLine: {'line': b'-- Configuring done (9.9s)\n'}
[10.230035] (mocap4r2_marker_viz_srvs) StdoutLine: {'line': b'-- Generating done (0.1s)\n'}
[10.231054] (mocap4r2_robot_gt_msgs) StdoutLine: {'line': b'-- Generating done (0.1s)\n'}
[10.231759] (-) TimerEvent: {}
[10.234829] (mocap4r2_control_msgs) StdoutLine: {'line': b'-- Generating done (0.1s)\n'}
[10.235203] (mocap4r2_msgs) StdoutLine: {'line': b'-- Generating done (0.1s)\n'}
[10.256315] (mocap4r2_marker_viz_srvs) StdoutLine: {'line': b'-- Build files have been written to: /home/strain-drone/Documents/drone_position_hold/ros2_ws/build/mocap4r2_marker_viz_srvs\n'}
[10.258487] (mocap4r2_robot_gt_msgs) StdoutLine: {'line': b'-- Build files have been written to: /home/strain-drone/Documents/drone_position_hold/ros2_ws/build/mocap4r2_robot_gt_msgs\n'}
[10.265227] (mocap4r2_msgs) StdoutLine: {'line': b'-- Build files have been written to: /home/strain-drone/Documents/drone_position_hold/ros2_ws/build/mocap4r2_msgs\n'}
[10.265663] (mocap4r2_control_msgs) StdoutLine: {'line': b'-- Build files have been written to: /home/strain-drone/Documents/drone_position_hold/ros2_ws/build/mocap4r2_control_msgs\n'}
[10.290513] (mocap4r2_control_msgs) CommandEnded: {'returncode': 0}
[10.291731] (mocap4r2_control_msgs) JobProgress: {'identifier': 'mocap4r2_control_msgs', 'progress': 'build'}
[10.292904] (mocap4r2_control_msgs) Command: {'cmd': ['/usr/bin/cmake', '--build', '/home/strain-drone/Documents/drone_position_hold/ros2_ws/build/mocap4r2_control_msgs', '--', '-j4', '-l4'], 'cwd': '/home/strain-drone/Documents/drone_position_hold/ros2_ws/build/mocap4r2_control_msgs', 'env': OrderedDict({'LESSOPEN': '| /usr/bin/lesspipe %s', 'USER': 'strain-drone', 'SSH_CLIENT': '100.119.134.77 59684 22', 'XDG_SESSION_TYPE': 'tty', 'SHLVL': '1', 'LD_LIBRARY_PATH': '/opt/ros/jazzy/opt/rviz_ogre_vendor/lib:/opt/ros/jazzy/lib/aarch64-linux-gnu:/opt/ros/jazzy/opt/gz_math_vendor/lib:/opt/ros/jazzy/opt/gz_utils_vendor/lib:/opt/ros/jazzy/opt/gz_cmake_vendor/lib:/opt/ros/jazzy/lib:/home/strain-drone/Documents/drone_position_hold/ros2_ws/src/natnet_ros2/deps/NatNetSDK/lib', 'HOME': '/home/strain-drone', 'OLDPWD': '/home/strain-drone', 'SSH_TTY': '/dev/pts/0', 'ROS_PYTHON_VERSION': '3', 'PS1': '(venv-ardupilot) \\[\\e]0;\\u@\\h: \\w\\a\\]${debian_chroot:+($debian_chroot)}\\[\\033[01;32m\\]\\u@\\h\\[\\033[00m\\]:\\[\\033[01;34m\\]\\w\\[\\033[00m\\]\\$', 'DBUS_SESSION_BUS_ADDRESS': 'unix:path=/run/user/1002/bus', 'DEBUGINFOD_URLS': 'https://debuginfod.ubuntu.com', 'ROS_DISTRO': 'jazzy', 'LOGNAME': 'strain-drone', '_': '/usr/bin/colcon', 'ROS_VERSION': '2', 'XDG_SESSION_CLASS': 'user', 'TERM': 'xterm-256color', 'XDG_SESSION_ID': '3', 'PATH': '/usr/lib/ccache:/home/strain-drone/Documents/ardupilot/Tools/autotest:/opt/gcc-arm-none-eabi-10-2020-q4-major/bin:/home/strain-drone/venv-ardupilot/bin:/home/strain-drone/.local/bin:/opt/ros/jazzy/bin:/usr/local/sbin:/usr/local/bin:/usr/sbin:/usr/bin:/sbin:/bin:/usr/games:/usr/local/games:/snap/bin:/home/strain-drone/.local/bin:/home/strain-drone/.local/bin', 'XDG_RUNTIME_DIR': '/run/user/1002', 'LANG': 'en_US.UTF-8', 'VIRTUAL_ENV_PROMPT': '(venv-ardupilot)', 'LS_COLORS': 'rs=0:di=01;34:ln=01;36:mh=00:pi=40;33:so=01;35:do=01;35:bd=40;33;01:cd=40;33;01:or=40;31;01:mi=00:su=37;41:sg=30;43:ca=00:tw=30;42:ow=34;42:st=37;44:ex=01;32:*.tar=01;31:*.tgz=01;31:*.arc=01;31:*.arj=01;31:*.taz=01;31:*.lha=01;31:*.lz4=01;31:*.lzh=01;31:*.lzma=01;31:*.tlz=01;31:*.txz=01;31:*.tzo=01;31:*.t7z=01;31:*.zip=01;31:*.z=01;31:*.dz=01;31:*.gz=01;31:*.lrz=01;31:*.lz=01;31:*.lzo=01;31:*.xz=01;31:*.zst=01;31:*.tzst=01;31:*.bz2=01;31:*.bz=01;31:*.tbz=01;31:*.tbz2=01;31:*.tz=01;31:*.deb=01;31:*.rpm=01;31:*.jar=01;31:*.war=01;31:*.ear=01;31:*.sar=01;31:*.rar=01;31:*.alz=01;31:*.ace=01;31:*.zoo=01;31:*.cpio=01;31:*.7z=01;31:*.rz=01;31:*.cab=01;31:*.wim=01;31:*.swm=01;31:*.dwm=01;31:*.esd=01;31:*.avif=01;35:*.jpg=01;35:*.jpeg=01;35:*.mjpg=01;35:*.mjpeg=01;35:*.gif=01;35:*.bmp=01;35:*.pbm=01;35:*.pgm=01;35:*.ppm=01;35:*.tga=01;35:*.xbm=01;35:*.xpm=01;35:*.tif=01;35:*.tiff=01;35:*.png=01;35:*.svg=01;35:*.svgz=01;35:*.mng=01;35:*.pcx=01;35:*.mov=01;35:*.mpg=01;35:*.mpeg=01;35:*.m2v=01;35:*.mkv=01;35:*.webm=01;35:*.webp=01;35:*.ogm=01;35:*.mp4=01;35:*.m4v=01;35:*.mp4v=01;35:*.vob=01;35:*.qt=01;35:*.nuv=01;35:*.wmv=01;35:*.asf=01;35:*.rm=01;35:*.rmvb=01;35:*.flc=01;35:*.avi=01;35:*.fli=01;35:*.flv=01;35:*.gl=01;35:*.dl=01;35:*.xcf=01;35:*.xwd=01;35:*.yuv=01;35:*.cgm=01;35:*.emf=01;35:*.ogv=01;35:*.ogx=01;35:*.aac=00;36:*.au=00;36:*.flac=00;36:*.m4a=00;36:*.mid=00;36:*.midi=00;36:*.mka=00;36:*.mp3=00;36:*.mpc=00;36:*.ogg=00;36:*.ra=00;36:*.wav=00;36:*.oga=00;36:*.opus=00;36:*.spx=00;36:*.xspf=00;36:*~=00;90:*#=00;90:*.bak=00;90:*.crdownload=00;90:*.dpkg-dist=00;90:*.dpkg-new=00;90:*.dpkg-old=00;90:*.dpkg-tmp=00;90:*.old=00;90:*.orig=00;90:*.part=00;90:*.rej=00;90:*.rpmnew=00;90:*.rpmorig=00;90:*.rpmsave=00;90:*.swp=00;90:*.tmp=00;90:*.ucf-dist=00;90:*.ucf-new=00;90:*.ucf-old=00;90:', 'ROS_DOMAIN_ID': '1', 'AMENT_PREFIX_PATH': '/opt/ros/jazzy', 'SHELL': '/bin/bash', 'LESSCLOSE': '/usr/bin/lesspipe %s %s', 'VIRTUAL_ENV': '/home/strain-drone/venv-ardupilot', 'ROS_AUTOMATIC_DISCOVERY_RANGE': 'SUBNET', 'PWD': '/home/strain-drone/Documents/drone_position_hold/ros2_ws/build/mocap4r2_control_msgs', 'LC_ALL': 'en_US.UTF-8', 'SSH_CONNECTION': '100.119.134.77 59684 100.96.124.69 22', 'XDG_DATA_DIRS': '/usr/share/gnome:/usr/local/share:/usr/share:/var/lib/snapd/desktop', 'PYTHONPATH': '/opt/ros/jazzy/lib/python3.12/site-packages', 'COLCON': '1', 'CMAKE_PREFIX_PATH': '/opt/ros/jazzy/opt/gz_math_vendor:/opt/ros/jazzy/opt/gz_utils_vendor:/opt/ros/jazzy/opt/gz_cmake_vendor:/opt/ros/jazzy'}), 'shell': False}
[10.297285] (mocap4r2_msgs) CommandEnded: {'returncode': 0}
[10.297983] (mocap4r2_msgs) JobProgress: {'identifier': 'mocap4r2_msgs', 'progress': 'build'}
[10.298047] (mocap4r2_msgs) Command: {'cmd': ['/usr/bin/cmake', '--build', '/home/strain-drone/Documents/drone_position_hold/ros2_ws/build/mocap4r2_msgs', '--', '-j4', '-l4'], 'cwd': '/home/strain-drone/Documents/drone_position_hold/ros2_ws/build/mocap4r2_msgs', 'env': OrderedDict({'LESSOPEN': '| /usr/bin/lesspipe %s', 'USER': 'strain-drone', 'SSH_CLIENT': '100.119.134.77 59684 22', 'XDG_SESSION_TYPE': 'tty', 'SHLVL': '1', 'LD_LIBRARY_PATH': '/opt/ros/jazzy/opt/rviz_ogre_vendor/lib:/opt/ros/jazzy/lib/aarch64-linux-gnu:/opt/ros/jazzy/opt/gz_math_vendor/lib:/opt/ros/jazzy/opt/gz_utils_vendor/lib:/opt/ros/jazzy/opt/gz_cmake_vendor/lib:/opt/ros/jazzy/lib:/home/strain-drone/Documents/drone_position_hold/ros2_ws/src/natnet_ros2/deps/NatNetSDK/lib', 'HOME': '/home/strain-drone', 'OLDPWD': '/home/strain-drone', 'SSH_TTY': '/dev/pts/0', 'ROS_PYTHON_VERSION': '3', 'PS1': '(venv-ardupilot) \\[\\e]0;\\u@\\h: \\w\\a\\]${debian_chroot:+($debian_chroot)}\\[\\033[01;32m\\]\\u@\\h\\[\\033[00m\\]:\\[\\033[01;34m\\]\\w\\[\\033[00m\\]\\$', 'DBUS_SESSION_BUS_ADDRESS': 'unix:path=/run/user/1002/bus', 'DEBUGINFOD_URLS': 'https://debuginfod.ubuntu.com', 'ROS_DISTRO': 'jazzy', 'LOGNAME': 'strain-drone', '_': '/usr/bin/colcon', 'ROS_VERSION': '2', 'XDG_SESSION_CLASS': 'user', 'TERM': 'xterm-256color', 'XDG_SESSION_ID': '3', 'PATH': '/usr/lib/ccache:/home/strain-drone/Documents/ardupilot/Tools/autotest:/opt/gcc-arm-none-eabi-10-2020-q4-major/bin:/home/strain-drone/venv-ardupilot/bin:/home/strain-drone/.local/bin:/opt/ros/jazzy/bin:/usr/local/sbin:/usr/local/bin:/usr/sbin:/usr/bin:/sbin:/bin:/usr/games:/usr/local/games:/snap/bin:/home/strain-drone/.local/bin:/home/strain-drone/.local/bin', 'XDG_RUNTIME_DIR': '/run/user/1002', 'LANG': 'en_US.UTF-8', 'VIRTUAL_ENV_PROMPT': '(venv-ardupilot)', 'LS_COLORS': 'rs=0:di=01;34:ln=01;36:mh=00:pi=40;33:so=01;35:do=01;35:bd=40;33;01:cd=40;33;01:or=40;31;01:mi=00:su=37;41:sg=30;43:ca=00:tw=30;42:ow=34;42:st=37;44:ex=01;32:*.tar=01;31:*.tgz=01;31:*.arc=01;31:*.arj=01;31:*.taz=01;31:*.lha=01;31:*.lz4=01;31:*.lzh=01;31:*.lzma=01;31:*.tlz=01;31:*.txz=01;31:*.tzo=01;31:*.t7z=01;31:*.zip=01;31:*.z=01;31:*.dz=01;31:*.gz=01;31:*.lrz=01;31:*.lz=01;31:*.lzo=01;31:*.xz=01;31:*.zst=01;31:*.tzst=01;31:*.bz2=01;31:*.bz=01;31:*.tbz=01;31:*.tbz2=01;31:*.tz=01;31:*.deb=01;31:*.rpm=01;31:*.jar=01;31:*.war=01;31:*.ear=01;31:*.sar=01;31:*.rar=01;31:*.alz=01;31:*.ace=01;31:*.zoo=01;31:*.cpio=01;31:*.7z=01;31:*.rz=01;31:*.cab=01;31:*.wim=01;31:*.swm=01;31:*.dwm=01;31:*.esd=01;31:*.avif=01;35:*.jpg=01;35:*.jpeg=01;35:*.mjpg=01;35:*.mjpeg=01;35:*.gif=01;35:*.bmp=01;35:*.pbm=01;35:*.pgm=01;35:*.ppm=01;35:*.tga=01;35:*.xbm=01;35:*.xpm=01;35:*.tif=01;35:*.tiff=01;35:*.png=01;35:*.svg=01;35:*.svgz=01;35:*.mng=01;35:*.pcx=01;35:*.mov=01;35:*.mpg=01;35:*.mpeg=01;35:*.m2v=01;35:*.mkv=01;35:*.webm=01;35:*.webp=01;35:*.ogm=01;35:*.mp4=01;35:*.m4v=01;35:*.mp4v=01;35:*.vob=01;35:*.qt=01;35:*.nuv=01;35:*.wmv=01;35:*.asf=01;35:*.rm=01;35:*.rmvb=01;35:*.flc=01;35:*.avi=01;35:*.fli=01;35:*.flv=01;35:*.gl=01;35:*.dl=01;35:*.xcf=01;35:*.xwd=01;35:*.yuv=01;35:*.cgm=01;35:*.emf=01;35:*.ogv=01;35:*.ogx=01;35:*.aac=00;36:*.au=00;36:*.flac=00;36:*.m4a=00;36:*.mid=00;36:*.midi=00;36:*.mka=00;36:*.mp3=00;36:*.mpc=00;36:*.ogg=00;36:*.ra=00;36:*.wav=00;36:*.oga=00;36:*.opus=00;36:*.spx=00;36:*.xspf=00;36:*~=00;90:*#=00;90:*.bak=00;90:*.crdownload=00;90:*.dpkg-dist=00;90:*.dpkg-new=00;90:*.dpkg-old=00;90:*.dpkg-tmp=00;90:*.old=00;90:*.orig=00;90:*.part=00;90:*.rej=00;90:*.rpmnew=00;90:*.rpmorig=00;90:*.rpmsave=00;90:*.swp=00;90:*.tmp=00;90:*.ucf-dist=00;90:*.ucf-new=00;90:*.ucf-old=00;90:', 'ROS_DOMAIN_ID': '1', 'AMENT_PREFIX_PATH': '/opt/ros/jazzy', 'SHELL': '/bin/bash', 'LESSCLOSE': '/usr/bin/lesspipe %s %s', 'VIRTUAL_ENV': '/home/strain-drone/venv-ardupilot', 'ROS_AUTOMATIC_DISCOVERY_RANGE': 'SUBNET', 'PWD': '/home/strain-drone/Documents/drone_position_hold/ros2_ws/build/mocap4r2_msgs', 'LC_ALL': 'en_US.UTF-8', 'SSH_CONNECTION': '100.119.134.77 59684 100.96.124.69 22', 'XDG_DATA_DIRS': '/usr/share/gnome:/usr/local/share:/usr/share:/var/lib/snapd/desktop', 'PYTHONPATH': '/opt/ros/jazzy/lib/python3.12/site-packages', 'COLCON': '1', 'CMAKE_PREFIX_PATH': '/opt/ros/jazzy/opt/gz_math_vendor:/opt/ros/jazzy/opt/gz_utils_vendor:/opt/ros/jazzy/opt/gz_cmake_vendor:/opt/ros/jazzy'}), 'shell': False}
[10.300785] (mocap4r2_marker_viz_srvs) CommandEnded: {'returncode': 0}
[10.301755] (mocap4r2_marker_viz_srvs) JobProgress: {'identifier': 'mocap4r2_marker_viz_srvs', 'progress': 'build'}
[10.302184] (mocap4r2_marker_viz_srvs) Command: {'cmd': ['/usr/bin/cmake', '--build', '/home/strain-drone/Documents/drone_position_hold/ros2_ws/build/mocap4r2_marker_viz_srvs', '--', '-j4', '-l4'], 'cwd': '/home/strain-drone/Documents/drone_position_hold/ros2_ws/build/mocap4r2_marker_viz_srvs', 'env': OrderedDict({'LESSOPEN': '| /usr/bin/lesspipe %s', 'USER': 'strain-drone', 'SSH_CLIENT': '100.119.134.77 59684 22', 'XDG_SESSION_TYPE': 'tty', 'SHLVL': '1', 'LD_LIBRARY_PATH': '/opt/ros/jazzy/opt/rviz_ogre_vendor/lib:/opt/ros/jazzy/lib/aarch64-linux-gnu:/opt/ros/jazzy/opt/gz_math_vendor/lib:/opt/ros/jazzy/opt/gz_utils_vendor/lib:/opt/ros/jazzy/opt/gz_cmake_vendor/lib:/opt/ros/jazzy/lib:/home/strain-drone/Documents/drone_position_hold/ros2_ws/src/natnet_ros2/deps/NatNetSDK/lib', 'HOME': '/home/strain-drone', 'OLDPWD': '/home/strain-drone', 'SSH_TTY': '/dev/pts/0', 'ROS_PYTHON_VERSION': '3', 'PS1': '(venv-ardupilot) \\[\\e]0;\\u@\\h: \\w\\a\\]${debian_chroot:+($debian_chroot)}\\[\\033[01;32m\\]\\u@\\h\\[\\033[00m\\]:\\[\\033[01;34m\\]\\w\\[\\033[00m\\]\\$', 'DBUS_SESSION_BUS_ADDRESS': 'unix:path=/run/user/1002/bus', 'DEBUGINFOD_URLS': 'https://debuginfod.ubuntu.com', 'ROS_DISTRO': 'jazzy', 'LOGNAME': 'strain-drone', '_': '/usr/bin/colcon', 'ROS_VERSION': '2', 'XDG_SESSION_CLASS': 'user', 'TERM': 'xterm-256color', 'XDG_SESSION_ID': '3', 'PATH': '/usr/lib/ccache:/home/strain-drone/Documents/ardupilot/Tools/autotest:/opt/gcc-arm-none-eabi-10-2020-q4-major/bin:/home/strain-drone/venv-ardupilot/bin:/home/strain-drone/.local/bin:/opt/ros/jazzy/bin:/usr/local/sbin:/usr/local/bin:/usr/sbin:/usr/bin:/sbin:/bin:/usr/games:/usr/local/games:/snap/bin:/home/strain-drone/.local/bin:/home/strain-drone/.local/bin', 'XDG_RUNTIME_DIR': '/run/user/1002', 'LANG': 'en_US.UTF-8', 'VIRTUAL_ENV_PROMPT': '(venv-ardupilot)', 'LS_COLORS': 'rs=0:di=01;34:ln=01;36:mh=00:pi=40;33:so=01;35:do=01;35:bd=40;33;01:cd=40;33;01:or=40;31;01:mi=00:su=37;41:sg=30;43:ca=00:tw=30;42:ow=34;42:st=37;44:ex=01;32:*.tar=01;31:*.tgz=01;31:*.arc=01;31:*.arj=01;31:*.taz=01;31:*.lha=01;31:*.lz4=01;31:*.lzh=01;31:*.lzma=01;31:*.tlz=01;31:*.txz=01;31:*.tzo=01;31:*.t7z=01;31:*.zip=01;31:*.z=01;31:*.dz=01;31:*.gz=01;31:*.lrz=01;31:*.lz=01;31:*.lzo=01;31:*.xz=01;31:*.zst=01;31:*.tzst=01;31:*.bz2=01;31:*.bz=01;31:*.tbz=01;31:*.tbz2=01;31:*.tz=01;31:*.deb=01;31:*.rpm=01;31:*.jar=01;31:*.war=01;31:*.ear=01;31:*.sar=01;31:*.rar=01;31:*.alz=01;31:*.ace=01;31:*.zoo=01;31:*.cpio=01;31:*.7z=01;31:*.rz=01;31:*.cab=01;31:*.wim=01;31:*.swm=01;31:*.dwm=01;31:*.esd=01;31:*.avif=01;35:*.jpg=01;35:*.jpeg=01;35:*.mjpg=01;35:*.mjpeg=01;35:*.gif=01;35:*.bmp=01;35:*.pbm=01;35:*.pgm=01;35:*.ppm=01;35:*.tga=01;35:*.xbm=01;35:*.xpm=01;35:*.tif=01;35:*.tiff=01;35:*.png=01;35:*.svg=01;35:*.svgz=01;35:*.mng=01;35:*.pcx=01;35:*.mov=01;35:*.mpg=01;35:*.mpeg=01;35:*.m2v=01;35:*.mkv=01;35:*.webm=01;35:*.webp=01;35:*.ogm=01;35:*.mp4=01;35:*.m4v=01;35:*.mp4v=01;35:*.vob=01;35:*.qt=01;35:*.nuv=01;35:*.wmv=01;35:*.asf=01;35:*.rm=01;35:*.rmvb=01;35:*.flc=01;35:*.avi=01;35:*.fli=01;35:*.flv=01;35:*.gl=01;35:*.dl=01;35:*.xcf=01;35:*.xwd=01;35:*.yuv=01;35:*.cgm=01;35:*.emf=01;35:*.ogv=01;35:*.ogx=01;35:*.aac=00;36:*.au=00;36:*.flac=00;36:*.m4a=00;36:*.mid=00;36:*.midi=00;36:*.mka=00;36:*.mp3=00;36:*.mpc=00;36:*.ogg=00;36:*.ra=00;36:*.wav=00;36:*.oga=00;36:*.opus=00;36:*.spx=00;36:*.xspf=00;36:*~=00;90:*#=00;90:*.bak=00;90:*.crdownload=00;90:*.dpkg-dist=00;90:*.dpkg-new=00;90:*.dpkg-old=00;90:*.dpkg-tmp=00;90:*.old=00;90:*.orig=00;90:*.part=00;90:*.rej=00;90:*.rpmnew=00;90:*.rpmorig=00;90:*.rpmsave=00;90:*.swp=00;90:*.tmp=00;90:*.ucf-dist=00;90:*.ucf-new=00;90:*.ucf-old=00;90:', 'ROS_DOMAIN_ID': '1', 'AMENT_PREFIX_PATH': '/opt/ros/jazzy', 'SHELL': '/bin/bash', 'LESSCLOSE': '/usr/bin/lesspipe %s %s', 'VIRTUAL_ENV': '/home/strain-drone/venv-ardupilot', 'ROS_AUTOMATIC_DISCOVERY_RANGE': 'SUBNET', 'PWD': '/home/strain-drone/Documents/drone_position_hold/ros2_ws/build/mocap4r2_marker_viz_srvs', 'LC_ALL': 'en_US.UTF-8', 'SSH_CONNECTION': '100.119.134.77 59684 100.96.124.69 22', 'XDG_DATA_DIRS': '/usr/share/gnome:/usr/local/share:/usr/share:/var/lib/snapd/desktop', 'PYTHONPATH': '/opt/ros/jazzy/lib/python3.12/site-packages', 'COLCON': '1', 'CMAKE_PREFIX_PATH': '/opt/ros/jazzy/opt/gz_math_vendor:/opt/ros/jazzy/opt/gz_utils_vendor:/opt/ros/jazzy/opt/gz_cmake_vendor:/opt/ros/jazzy'}), 'shell': False}
[10.306809] (mocap4r2_robot_gt_msgs) CommandEnded: {'returncode': 0}
[10.307402] (mocap4r2_robot_gt_msgs) JobProgress: {'identifier': 'mocap4r2_robot_gt_msgs', 'progress': 'build'}
[10.307480] (mocap4r2_robot_gt_msgs) Command: {'cmd': ['/usr/bin/cmake', '--build', '/home/strain-drone/Documents/drone_position_hold/ros2_ws/build/mocap4r2_robot_gt_msgs', '--', '-j4', '-l4'], 'cwd': '/home/strain-drone/Documents/drone_position_hold/ros2_ws/build/mocap4r2_robot_gt_msgs', 'env': OrderedDict({'LESSOPEN': '| /usr/bin/lesspipe %s', 'USER': 'strain-drone', 'SSH_CLIENT': '100.119.134.77 59684 22', 'XDG_SESSION_TYPE': 'tty', 'SHLVL': '1', 'LD_LIBRARY_PATH': '/opt/ros/jazzy/opt/rviz_ogre_vendor/lib:/opt/ros/jazzy/lib/aarch64-linux-gnu:/opt/ros/jazzy/opt/gz_math_vendor/lib:/opt/ros/jazzy/opt/gz_utils_vendor/lib:/opt/ros/jazzy/opt/gz_cmake_vendor/lib:/opt/ros/jazzy/lib:/home/strain-drone/Documents/drone_position_hold/ros2_ws/src/natnet_ros2/deps/NatNetSDK/lib', 'HOME': '/home/strain-drone', 'OLDPWD': '/home/strain-drone', 'SSH_TTY': '/dev/pts/0', 'ROS_PYTHON_VERSION': '3', 'PS1': '(venv-ardupilot) \\[\\e]0;\\u@\\h: \\w\\a\\]${debian_chroot:+($debian_chroot)}\\[\\033[01;32m\\]\\u@\\h\\[\\033[00m\\]:\\[\\033[01;34m\\]\\w\\[\\033[00m\\]\\$', 'DBUS_SESSION_BUS_ADDRESS': 'unix:path=/run/user/1002/bus', 'DEBUGINFOD_URLS': 'https://debuginfod.ubuntu.com', 'ROS_DISTRO': 'jazzy', 'LOGNAME': 'strain-drone', '_': '/usr/bin/colcon', 'ROS_VERSION': '2', 'XDG_SESSION_CLASS': 'user', 'TERM': 'xterm-256color', 'XDG_SESSION_ID': '3', 'PATH': '/usr/lib/ccache:/home/strain-drone/Documents/ardupilot/Tools/autotest:/opt/gcc-arm-none-eabi-10-2020-q4-major/bin:/home/strain-drone/venv-ardupilot/bin:/home/strain-drone/.local/bin:/opt/ros/jazzy/bin:/usr/local/sbin:/usr/local/bin:/usr/sbin:/usr/bin:/sbin:/bin:/usr/games:/usr/local/games:/snap/bin:/home/strain-drone/.local/bin:/home/strain-drone/.local/bin', 'XDG_RUNTIME_DIR': '/run/user/1002', 'LANG': 'en_US.UTF-8', 'VIRTUAL_ENV_PROMPT': '(venv-ardupilot)', 'LS_COLORS': 'rs=0:di=01;34:ln=01;36:mh=00:pi=40;33:so=01;35:do=01;35:bd=40;33;01:cd=40;33;01:or=40;31;01:mi=00:su=37;41:sg=30;43:ca=00:tw=30;42:ow=34;42:st=37;44:ex=01;32:*.tar=01;31:*.tgz=01;31:*.arc=01;31:*.arj=01;31:*.taz=01;31:*.lha=01;31:*.lz4=01;31:*.lzh=01;31:*.lzma=01;31:*.tlz=01;31:*.txz=01;31:*.tzo=01;31:*.t7z=01;31:*.zip=01;31:*.z=01;31:*.dz=01;31:*.gz=01;31:*.lrz=01;31:*.lz=01;31:*.lzo=01;31:*.xz=01;31:*.zst=01;31:*.tzst=01;31:*.bz2=01;31:*.bz=01;31:*.tbz=01;31:*.tbz2=01;31:*.tz=01;31:*.deb=01;31:*.rpm=01;31:*.jar=01;31:*.war=01;31:*.ear=01;31:*.sar=01;31:*.rar=01;31:*.alz=01;31:*.ace=01;31:*.zoo=01;31:*.cpio=01;31:*.7z=01;31:*.rz=01;31:*.cab=01;31:*.wim=01;31:*.swm=01;31:*.dwm=01;31:*.esd=01;31:*.avif=01;35:*.jpg=01;35:*.jpeg=01;35:*.mjpg=01;35:*.mjpeg=01;35:*.gif=01;35:*.bmp=01;35:*.pbm=01;35:*.pgm=01;35:*.ppm=01;35:*.tga=01;35:*.xbm=01;35:*.xpm=01;35:*.tif=01;35:*.tiff=01;35:*.png=01;35:*.svg=01;35:*.svgz=01;35:*.mng=01;35:*.pcx=01;35:*.mov=01;35:*.mpg=01;35:*.mpeg=01;35:*.m2v=01;35:*.mkv=01;35:*.webm=01;35:*.webp=01;35:*.ogm=01;35:*.mp4=01;35:*.m4v=01;35:*.mp4v=01;35:*.vob=01;35:*.qt=01;35:*.nuv=01;35:*.wmv=01;35:*.asf=01;35:*.rm=01;35:*.rmvb=01;35:*.flc=01;35:*.avi=01;35:*.fli=01;35:*.flv=01;35:*.gl=01;35:*.dl=01;35:*.xcf=01;35:*.xwd=01;35:*.yuv=01;35:*.cgm=01;35:*.emf=01;35:*.ogv=01;35:*.ogx=01;35:*.aac=00;36:*.au=00;36:*.flac=00;36:*.m4a=00;36:*.mid=00;36:*.midi=00;36:*.mka=00;36:*.mp3=00;36:*.mpc=00;36:*.ogg=00;36:*.ra=00;36:*.wav=00;36:*.oga=00;36:*.opus=00;36:*.spx=00;36:*.xspf=00;36:*~=00;90:*#=00;90:*.bak=00;90:*.crdownload=00;90:*.dpkg-dist=00;90:*.dpkg-new=00;90:*.dpkg-old=00;90:*.dpkg-tmp=00;90:*.old=00;90:*.orig=00;90:*.part=00;90:*.rej=00;90:*.rpmnew=00;90:*.rpmorig=00;90:*.rpmsave=00;90:*.swp=00;90:*.tmp=00;90:*.ucf-dist=00;90:*.ucf-new=00;90:*.ucf-old=00;90:', 'ROS_DOMAIN_ID': '1', 'AMENT_PREFIX_PATH': '/opt/ros/jazzy', 'SHELL': '/bin/bash', 'LESSCLOSE': '/usr/bin/lesspipe %s %s', 'VIRTUAL_ENV': '/home/strain-drone/venv-ardupilot', 'ROS_AUTOMATIC_DISCOVERY_RANGE': 'SUBNET', 'PWD': '/home/strain-drone/Documents/drone_position_hold/ros2_ws/build/mocap4r2_robot_gt_msgs', 'LC_ALL': 'en_US.UTF-8', 'SSH_CONNECTION': '100.119.134.77 59684 100.96.124.69 22', 'XDG_DATA_DIRS': '/usr/share/gnome:/usr/local/share:/usr/share:/var/lib/snapd/desktop', 'PYTHONPATH': '/opt/ros/jazzy/lib/python3.12/site-packages', 'COLCON': '1', 'CMAKE_PREFIX_PATH': '/opt/ros/jazzy/opt/gz_math_vendor:/opt/ros/jazzy/opt/gz_utils_vendor:/opt/ros/jazzy/opt/gz_cmake_vendor:/opt/ros/jazzy'}), 'shell': False}
[10.331968] (-) TimerEvent: {}
[10.435034] (-) TimerEvent: {}
[10.445806] (mocap4r2_msgs) StdoutLine: {'line': b'[  1%] \x1b[34m\x1b[1mGenerating type hashes for ROS interfaces\x1b[0m\n'}
[10.464043] (mocap4r2_control_msgs) StdoutLine: {'line': b'[  2%] \x1b[34m\x1b[1mGenerating type hashes for ROS interfaces\x1b[0m\n'}
[10.464440] (mocap4r2_control_msgs) StdoutLine: {'line': b'[  2%] Built target ament_cmake_python_copy_mocap4r2_control_msgs\n'}
[10.464580] (mocap4r2_marker_viz_srvs) StdoutLine: {'line': b'[  2%] \x1b[34m\x1b[1mGenerating type hashes for ROS interfaces\x1b[0m\n'}
[10.493095] (mocap4r2_robot_gt_msgs) StdoutLine: {'line': b'[  0%] Built target ament_cmake_python_copy_mocap4r2_robot_gt_msgs\n'}
[10.500122] (mocap4r2_robot_gt_msgs) StdoutLine: {'line': b'[  2%] \x1b[34m\x1b[1mGenerating type hashes for ROS interfaces\x1b[0m\n'}
[10.505239] (mocap4r2_msgs) StdoutLine: {'line': b'[  1%] Built target ament_cmake_python_copy_mocap4r2_msgs\n'}
[10.529201] (mocap4r2_marker_viz_srvs) StdoutLine: {'line': b'[  2%] Built target ament_cmake_python_copy_mocap4r2_marker_viz_srvs\n'}
[10.537012] (-) TimerEvent: {}
[10.637529] (-) TimerEvent: {}
[10.743044] (-) TimerEvent: {}
[10.843604] (-) TimerEvent: {}
[10.946037] (-) TimerEvent: {}
[11.049012] (-) TimerEvent: {}
[11.149528] (-) TimerEvent: {}
[11.250746] (-) TimerEvent: {}
[11.350137] (mocap4r2_robot_gt_msgs) StdoutLine: {'line': b'[  2%] Built target mocap4r2_robot_gt_msgs__rosidl_generator_type_description\n'}
[11.350834] (-) TimerEvent: {}
[11.356196] (mocap4r2_control_msgs) StdoutLine: {'line': b'[  2%] Built target mocap4r2_control_msgs__rosidl_generator_type_description\n'}
[11.417277] (mocap4r2_msgs) StdoutLine: {'line': b'[  1%] Built target mocap4r2_msgs__rosidl_generator_type_description\n'}
[11.417627] (mocap4r2_robot_gt_msgs) StdoutLine: {'line': b'[  5%] \x1b[34m\x1b[1mGenerating C code for ROS interfaces\x1b[0m\n'}
[11.420093] (mocap4r2_control_msgs) StdoutLine: {'line': b'[  4%] \x1b[34m\x1b[1mGenerating C code for ROS interfaces\x1b[0m\n'}
[11.454007] (-) TimerEvent: {}
[11.461076] (mocap4r2_msgs) StdoutLine: {'line': b'[  2%] \x1b[34m\x1b[1mGenerating C code for ROS interfaces\x1b[0m\n'}
[11.463790] (mocap4r2_robot_gt_msgs) StdoutLine: {'line': b'[  8%] \x1b[34m\x1b[1mGenerating C++ code for ROS interfaces\x1b[0m\n'}
[11.480742] (mocap4r2_control_msgs) StdoutLine: {'line': b'[  6%] \x1b[34m\x1b[1mGenerating C++ code for ROS interfaces\x1b[0m\n'}
[11.520002] (mocap4r2_msgs) StdoutLine: {'line': b'running egg_info\n'}
[11.537864] (mocap4r2_msgs) StdoutLine: {'line': b'[  4%] \x1b[34m\x1b[1mGenerating C++ code for ROS interfaces\x1b[0m\n'}
[11.554136] (-) TimerEvent: {}
[11.616107] (mocap4r2_msgs) StdoutLine: {'line': b'creating mocap4r2_msgs.egg-info\n'}
[11.619418] (mocap4r2_msgs) StdoutLine: {'line': b'writing mocap4r2_msgs.egg-info/PKG-INFO\n'}
[11.621180] (mocap4r2_msgs) StdoutLine: {'line': b'writing dependency_links to mocap4r2_msgs.egg-info/dependency_links.txt\n'}
[11.621305] (mocap4r2_msgs) StdoutLine: {'line': b'writing top-level names to mocap4r2_msgs.egg-info/top_level.txt\n'}
[11.621394] (mocap4r2_msgs) StdoutLine: {'line': b"writing manifest file 'mocap4r2_msgs.egg-info/SOURCES.txt'\n"}
[11.654285] (-) TimerEvent: {}
[11.757218] (-) TimerEvent: {}
[11.779347] (mocap4r2_marker_viz_srvs) StdoutLine: {'line': b'[  2%] Built target mocap4r2_marker_viz_srvs__rosidl_generator_type_description\n'}
[11.816079] (mocap4r2_marker_viz_srvs) StdoutLine: {'line': b'running egg_info\n'}
[11.828054] (mocap4r2_marker_viz_srvs) StdoutLine: {'line': b'[  4%] \x1b[34m\x1b[1mGenerating C code for ROS interfaces\x1b[0m\n'}
[11.859993] (-) TimerEvent: {}
[11.872731] (mocap4r2_marker_viz_srvs) StdoutLine: {'line': b'[  6%] \x1b[34m\x1b[1mGenerating C++ code for ROS interfaces\x1b[0m\n'}
[11.950148] (mocap4r2_control_msgs) StdoutLine: {'line': b'running egg_info\n'}
[11.961991] (-) TimerEvent: {}
[11.970567] (mocap4r2_robot_gt_msgs) StdoutLine: {'line': b'running egg_info\n'}
[11.975130] (mocap4r2_marker_viz_srvs) StdoutLine: {'line': b'creating mocap4r2_marker_viz_srvs.egg-info\n'}
[11.983563] (mocap4r2_marker_viz_srvs) StdoutLine: {'line': b'writing mocap4r2_marker_viz_srvs.egg-info/PKG-INFO\n'}
[11.985122] (mocap4r2_marker_viz_srvs) StdoutLine: {'line': b'writing dependency_links to mocap4r2_marker_viz_srvs.egg-info/dependency_links.txt\n'}
[11.985409] (mocap4r2_marker_viz_srvs) StdoutLine: {'line': b'writing top-level names to mocap4r2_marker_viz_srvs.egg-info/top_level.txt\n'}
[11.985522] (mocap4r2_marker_viz_srvs) StdoutLine: {'line': b"writing manifest file 'mocap4r2_marker_viz_srvs.egg-info/SOURCES.txt'\n"}
[12.033126] (mocap4r2_control_msgs) StdoutLine: {'line': b'creating mocap4r2_control_msgs.egg-info\n'}
[12.033826] (mocap4r2_control_msgs) StdoutLine: {'line': b'writing mocap4r2_control_msgs.egg-info/PKG-INFO\n'}
[12.034811] (mocap4r2_control_msgs) StdoutLine: {'line': b'writing dependency_links to mocap4r2_control_msgs.egg-info/dependency_links.txt\n'}
[12.035751] (mocap4r2_control_msgs) StdoutLine: {'line': b'writing top-level names to mocap4r2_control_msgs.egg-info/top_level.txt\n'}
[12.035924] (mocap4r2_control_msgs) StdoutLine: {'line': b"writing manifest file 'mocap4r2_control_msgs.egg-info/SOURCES.txt'\n"}
[12.062102] (-) TimerEvent: {}
[12.082000] (mocap4r2_msgs) StdoutLine: {'line': b"reading manifest file 'mocap4r2_msgs.egg-info/SOURCES.txt'\n"}
[12.082280] (mocap4r2_msgs) StdoutLine: {'line': b"writing manifest file 'mocap4r2_msgs.egg-info/SOURCES.txt'\n"}
[12.139799] (mocap4r2_robot_gt_msgs) StdoutLine: {'line': b'creating mocap4r2_robot_gt_msgs.egg-info\n'}
[12.140147] (mocap4r2_robot_gt_msgs) StdoutLine: {'line': b'writing mocap4r2_robot_gt_msgs.egg-info/PKG-INFO\n'}
[12.140305] (mocap4r2_robot_gt_msgs) StdoutLine: {'line': b'writing dependency_links to mocap4r2_robot_gt_msgs.egg-info/dependency_links.txt\n'}
[12.151051] (mocap4r2_robot_gt_msgs) StdoutLine: {'line': b'writing top-level names to mocap4r2_robot_gt_msgs.egg-info/top_level.txt\n'}
[12.151482] (mocap4r2_robot_gt_msgs) StdoutLine: {'line': b"writing manifest file 'mocap4r2_robot_gt_msgs.egg-info/SOURCES.txt'\n"}
[12.154023] (mocap4r2_control_msgs) StdoutLine: {'line': b"reading manifest file 'mocap4r2_control_msgs.egg-info/SOURCES.txt'\n"}
[12.154431] (mocap4r2_control_msgs) StdoutLine: {'line': b"writing manifest file 'mocap4r2_control_msgs.egg-info/SOURCES.txt'\n"}
[12.165026] (-) TimerEvent: {}
[12.266001] (-) TimerEvent: {}
[12.282356] (mocap4r2_control_msgs) StdoutLine: {'line': b'[  6%] Built target ament_cmake_python_build_mocap4r2_control_msgs_egg\n'}
[12.368979] (-) TimerEvent: {}
[12.413873] (mocap4r2_marker_viz_srvs) StdoutLine: {'line': b"reading manifest file 'mocap4r2_marker_viz_srvs.egg-info/SOURCES.txt'\n"}
[12.414267] (mocap4r2_marker_viz_srvs) StdoutLine: {'line': b"writing manifest file 'mocap4r2_marker_viz_srvs.egg-info/SOURCES.txt'\n"}
[12.472006] (-) TimerEvent: {}
[12.474371] (mocap4r2_msgs) StdoutLine: {'line': b'[  4%] Built target ament_cmake_python_build_mocap4r2_msgs_egg\n'}
[12.550896] (mocap4r2_marker_viz_srvs) StdoutLine: {'line': b'[  6%] Built target ament_cmake_python_build_mocap4r2_marker_viz_srvs_egg\n'}
[12.552971] (mocap4r2_robot_gt_msgs) StdoutLine: {'line': b"reading manifest file 'mocap4r2_robot_gt_msgs.egg-info/SOURCES.txt'\n"}
[12.556296] (mocap4r2_robot_gt_msgs) StdoutLine: {'line': b"writing manifest file 'mocap4r2_robot_gt_msgs.egg-info/SOURCES.txt'\n"}
[12.572125] (-) TimerEvent: {}
[12.677993] (-) TimerEvent: {}
[12.694074] (mocap4r2_robot_gt_msgs) StdoutLine: {'line': b'[  8%] Built target ament_cmake_python_build_mocap4r2_robot_gt_msgs_egg\n'}
[12.778146] (-) TimerEvent: {}
[12.882994] (-) TimerEvent: {}
[12.983412] (-) TimerEvent: {}
[13.010384] (mocap4r2_robot_gt_msgs) StdoutLine: {'line': b'[ 11%] \x1b[32mBuilding C object CMakeFiles/mocap4r2_robot_gt_msgs__rosidl_generator_c.dir/rosidl_generator_c/mocap4r2_robot_gt_msgs/srv/detail/set_gt_origin__description.c.o\x1b[0m\n'}
[13.071013] (mocap4r2_robot_gt_msgs) StdoutLine: {'line': b'[ 14%] \x1b[32mBuilding C object CMakeFiles/mocap4r2_robot_gt_msgs__rosidl_generator_c.dir/rosidl_generator_c/mocap4r2_robot_gt_msgs/srv/detail/set_gt_origin__type_support.c.o\x1b[0m\n'}
[13.071345] (mocap4r2_robot_gt_msgs) StdoutLine: {'line': b'[ 14%] Built target mocap4r2_robot_gt_msgs__cpp\n'}
[13.071472] (mocap4r2_robot_gt_msgs) StdoutLine: {'line': b'[ 17%] \x1b[32mBuilding C object CMakeFiles/mocap4r2_robot_gt_msgs__rosidl_generator_c.dir/rosidl_generator_c/mocap4r2_robot_gt_msgs/srv/detail/set_gt_origin__functions.c.o\x1b[0m\n'}
[13.086034] (-) TimerEvent: {}
[13.186461] (-) TimerEvent: {}
[13.289989] (-) TimerEvent: {}
[13.390485] (-) TimerEvent: {}
[13.491757] (-) TimerEvent: {}
[13.595650] (-) TimerEvent: {}
[13.696225] (-) TimerEvent: {}
[13.704522] (mocap4r2_control_msgs) StdoutLine: {'line': b'[  6%] Built target mocap4r2_control_msgs__cpp\n'}
[13.729506] (mocap4r2_marker_viz_srvs) StdoutLine: {'line': b'[  9%] \x1b[32mBuilding C object CMakeFiles/mocap4r2_marker_viz_srvs__rosidl_generator_c.dir/rosidl_generator_c/mocap4r2_marker_viz_srvs/srv/detail/set_marker_color__description.c.o\x1b[0m\n'}
[13.781693] (mocap4r2_control_msgs) StdoutLine: {'line': b'[  9%] \x1b[32mBuilding C object CMakeFiles/mocap4r2_control_msgs__rosidl_generator_c.dir/rosidl_generator_c/mocap4r2_control_msgs/msg/detail/control__description.c.o\x1b[0m\n'}
[13.789495] (mocap4r2_control_msgs) StdoutLine: {'line': b'[ 11%] \x1b[32mBuilding C object CMakeFiles/mocap4r2_control_msgs__rosidl_generator_c.dir/rosidl_generator_c/mocap4r2_control_msgs/msg/detail/control__type_support.c.o\x1b[0m\n'}
[13.794744] (mocap4r2_control_msgs) StdoutLine: {'line': b'[ 13%] \x1b[32mBuilding C object CMakeFiles/mocap4r2_control_msgs__rosidl_generator_c.dir/rosidl_generator_c/mocap4r2_control_msgs/msg/detail/control__functions.c.o\x1b[0m\n'}
[13.796339] (-) TimerEvent: {}
[13.814495] (mocap4r2_control_msgs) StdoutLine: {'line': b'[ 15%] \x1b[32mBuilding C object CMakeFiles/mocap4r2_control_msgs__rosidl_generator_c.dir/rosidl_generator_c/mocap4r2_control_msgs/msg/detail/mocap_info__description.c.o\x1b[0m\n'}
[13.846143] (mocap4r2_robot_gt_msgs) StdoutLine: {'line': b'[ 20%] \x1b[32m\x1b[1mLinking C shared library libmocap4r2_robot_gt_msgs__rosidl_generator_c.so\x1b[0m\n'}
[13.867875] (mocap4r2_marker_viz_srvs) StdoutLine: {'line': b'[ 11%] \x1b[32mBuilding C object CMakeFiles/mocap4r2_marker_viz_srvs__rosidl_generator_c.dir/rosidl_generator_c/mocap4r2_marker_viz_srvs/srv/detail/set_marker_color__functions.c.o\x1b[0m\n'}
[13.873696] (mocap4r2_marker_viz_srvs) StdoutLine: {'line': b'[ 13%] \x1b[32mBuilding C object CMakeFiles/mocap4r2_marker_viz_srvs__rosidl_generator_c.dir/rosidl_generator_c/mocap4r2_marker_viz_srvs/srv/detail/set_marker_color__type_support.c.o\x1b[0m\n'}
[13.899286] (-) TimerEvent: {}
[13.943319] (mocap4r2_marker_viz_srvs) StdoutLine: {'line': b'[ 13%] Built target mocap4r2_marker_viz_srvs__cpp\n'}
[13.956421] (mocap4r2_msgs) StdoutLine: {'line': b'[  4%] Built target mocap4r2_msgs__cpp\n'}
[14.004186] (-) TimerEvent: {}
[14.012725] (mocap4r2_marker_viz_srvs) StdoutLine: {'line': b'[ 15%] \x1b[32mBuilding C object CMakeFiles/mocap4r2_marker_viz_srvs__rosidl_generator_c.dir/rosidl_generator_c/mocap4r2_marker_viz_srvs/srv/detail/reset_marker_color__description.c.o\x1b[0m\n'}
[14.092074] (mocap4r2_control_msgs) StdoutLine: {'line': b'[ 18%] \x1b[32mBuilding C object CMakeFiles/mocap4r2_control_msgs__rosidl_generator_c.dir/rosidl_generator_c/mocap4r2_control_msgs/msg/detail/mocap_info__functions.c.o\x1b[0m\n'}
[14.106022] (-) TimerEvent: {}
[14.172944] (mocap4r2_control_msgs) StdoutLine: {'line': b'[ 20%] \x1b[32mBuilding C object CMakeFiles/mocap4r2_control_msgs__rosidl_generator_c.dir/rosidl_generator_c/mocap4r2_control_msgs/msg/detail/mocap_info__type_support.c.o\x1b[0m\n'}
[14.206318] (-) TimerEvent: {}
[14.258080] (mocap4r2_marker_viz_srvs) StdoutLine: {'line': b'[ 18%] \x1b[32mBuilding C object CMakeFiles/mocap4r2_marker_viz_srvs__rosidl_generator_c.dir/rosidl_generator_c/mocap4r2_marker_viz_srvs/srv/detail/reset_marker_color__functions.c.o\x1b[0m\n'}
[14.307128] (-) TimerEvent: {}
[14.307706] (mocap4r2_robot_gt_msgs) StdoutLine: {'line': b'[ 20%] Built target mocap4r2_robot_gt_msgs__rosidl_generator_c\n'}
[14.372231] (mocap4r2_marker_viz_srvs) StdoutLine: {'line': b'[ 20%] \x1b[32mBuilding C object CMakeFiles/mocap4r2_marker_viz_srvs__rosidl_generator_c.dir/rosidl_generator_c/mocap4r2_marker_viz_srvs/srv/detail/reset_marker_color__type_support.c.o\x1b[0m\n'}
[14.384638] (mocap4r2_robot_gt_msgs) StdoutLine: {'line': b'[ 23%] \x1b[34m\x1b[1mGenerating C++ type support dispatch for ROS interfaces\x1b[0m\n'}
[14.404785] (mocap4r2_robot_gt_msgs) StdoutLine: {'line': b'[ 26%] \x1b[34m\x1b[1mGenerating C introspection for ROS interfaces\x1b[0m\n'}
[14.411109] (mocap4r2_robot_gt_msgs) StdoutLine: {'line': b'[ 29%] \x1b[34m\x1b[1mGenerating C type support dispatch for ROS interfaces\x1b[0m\n'}
[14.411578] (-) TimerEvent: {}
[14.417627] (mocap4r2_robot_gt_msgs) StdoutLine: {'line': b'[ 32%] \x1b[34m\x1b[1mGenerating C type support for eProsima Fast-RTPS\x1b[0m\n'}
[14.517051] (-) TimerEvent: {}
[14.621064] (-) TimerEvent: {}
[14.703157] (mocap4r2_control_msgs) StdoutLine: {'line': b'[ 22%] \x1b[32m\x1b[1mLinking C shared library libmocap4r2_control_msgs__rosidl_generator_c.so\x1b[0m\n'}
[14.721224] (-) TimerEvent: {}
[14.723125] (mocap4r2_msgs) StdoutLine: {'line': b'[  5%] \x1b[32mBuilding C object CMakeFiles/mocap4r2_msgs__rosidl_generator_c.dir/rosidl_generator_c/mocap4r2_msgs/msg/detail/marker__description.c.o\x1b[0m\n'}
[14.759708] (mocap4r2_msgs) StdoutLine: {'line': b'[  6%] \x1b[32mBuilding C object CMakeFiles/mocap4r2_msgs__rosidl_generator_c.dir/rosidl_generator_c/mocap4r2_msgs/msg/detail/marker__functions.c.o\x1b[0m\n'}
[14.769685] (mocap4r2_msgs) StdoutLine: {'line': b'[  8%] \x1b[32mBuilding C object CMakeFiles/mocap4r2_msgs__rosidl_generator_c.dir/rosidl_generator_c/mocap4r2_msgs/msg/detail/marker__type_support.c.o\x1b[0m\n'}
[14.788012] (mocap4r2_msgs) StdoutLine: {'line': b'[  9%] \x1b[32mBuilding C object CMakeFiles/mocap4r2_msgs__rosidl_generator_c.dir/rosidl_generator_c/mocap4r2_msgs/msg/detail/markers__description.c.o\x1b[0m\n'}
[14.824128] (-) TimerEvent: {}
[14.899563] (mocap4r2_control_msgs) StdoutLine: {'line': b'[ 22%] Built target mocap4r2_control_msgs__rosidl_generator_c\n'}
[14.924288] (-) TimerEvent: {}
[14.962046] (mocap4r2_control_msgs) StdoutLine: {'line': b'[ 25%] \x1b[34m\x1b[1mGenerating C type support dispatch for ROS interfaces\x1b[0m\n'}
[14.962584] (mocap4r2_marker_viz_srvs) StdoutLine: {'line': b'[ 22%] \x1b[32m\x1b[1mLinking C shared library libmocap4r2_marker_viz_srvs__rosidl_generator_c.so\x1b[0m\n'}
[14.975129] (mocap4r2_control_msgs) StdoutLine: {'line': b'[ 27%] \x1b[34m\x1b[1mGenerating C++ introspection for ROS interfaces\x1b[0m\n'}
[15.024653] (-) TimerEvent: {}
[15.040009] (mocap4r2_control_msgs) StdoutLine: {'line': b'[ 29%] \x1b[34m\x1b[1mGenerating C++ type support for eProsima Fast-RTPS\x1b[0m\n'}
[15.040354] (mocap4r2_control_msgs) StdoutLine: {'line': b'[ 31%] \x1b[34m\x1b[1mGenerating C introspection for ROS interfaces\x1b[0m\n'}
[15.070858] (mocap4r2_msgs) StdoutLine: {'line': b'[ 10%] \x1b[32mBuilding C object CMakeFiles/mocap4r2_msgs__rosidl_generator_c.dir/rosidl_generator_c/mocap4r2_msgs/msg/detail/markers__functions.c.o\x1b[0m\n'}
[15.124732] (-) TimerEvent: {}
[15.180528] (mocap4r2_msgs) StdoutLine: {'line': b'[ 12%] \x1b[32mBuilding C object CMakeFiles/mocap4r2_msgs__rosidl_generator_c.dir/rosidl_generator_c/mocap4r2_msgs/msg/detail/imus_info__description.c.o\x1b[0m\n'}
[15.199310] (mocap4r2_msgs) StdoutLine: {'line': b'[ 13%] \x1b[32mBuilding C object CMakeFiles/mocap4r2_msgs__rosidl_generator_c.dir/rosidl_generator_c/mocap4r2_msgs/msg/detail/markers__type_support.c.o\x1b[0m\n'}
[15.227022] (-) TimerEvent: {}
[15.244002] (mocap4r2_msgs) StdoutLine: {'line': b'[ 14%] \x1b[32mBuilding C object CMakeFiles/mocap4r2_msgs__rosidl_generator_c.dir/rosidl_generator_c/mocap4r2_msgs/msg/detail/imus_info__functions.c.o\x1b[0m\n'}
[15.331051] (-) TimerEvent: {}
[15.433076] (mocap4r2_msgs) StdoutLine: {'line': b'[ 16%] \x1b[32mBuilding C object CMakeFiles/mocap4r2_msgs__rosidl_generator_c.dir/rosidl_generator_c/mocap4r2_msgs/msg/detail/imus_info__type_support.c.o\x1b[0m\n'}
[15.433355] (-) TimerEvent: {}
[15.509006] (mocap4r2_marker_viz_srvs) StdoutLine: {'line': b'[ 22%] Built target mocap4r2_marker_viz_srvs__rosidl_generator_c\n'}
[15.515752] (mocap4r2_msgs) StdoutLine: {'line': b'[ 17%] \x1b[32mBuilding C object CMakeFiles/mocap4r2_msgs__rosidl_generator_c.dir/rosidl_generator_c/mocap4r2_msgs/msg/detail/rigid_body__description.c.o\x1b[0m\n'}
[15.534251] (-) TimerEvent: {}
[15.599750] (mocap4r2_marker_viz_srvs) StdoutLine: {'line': b'[ 25%] \x1b[34m\x1b[1mGenerating C++ type support for eProsima Fast-RTPS\x1b[0m\n'}
[15.637047] (mocap4r2_marker_viz_srvs) StdoutLine: {'line': b'[ 27%] \x1b[34m\x1b[1mGenerating C type support for eProsima Fast-RTPS\x1b[0m\n'}
[15.637345] (-) TimerEvent: {}
[15.637532] (mocap4r2_marker_viz_srvs) StdoutLine: {'line': b'[ 29%] \x1b[34m\x1b[1mGenerating C introspection for ROS interfaces\x1b[0m\n'}
[15.644440] (mocap4r2_marker_viz_srvs) StdoutLine: {'line': b'[ 31%] \x1b[34m\x1b[1mGenerating C type support dispatch for ROS interfaces\x1b[0m\n'}
[15.662478] (mocap4r2_msgs) StdoutLine: {'line': b'[ 18%] \x1b[32mBuilding C object CMakeFiles/mocap4r2_msgs__rosidl_generator_c.dir/rosidl_generator_c/mocap4r2_msgs/msg/detail/rigid_body__functions.c.o\x1b[0m\n'}
[15.743035] (-) TimerEvent: {}
[15.784004] (mocap4r2_msgs) StdoutLine: {'line': b'[ 20%] \x1b[32mBuilding C object CMakeFiles/mocap4r2_msgs__rosidl_generator_c.dir/rosidl_generator_c/mocap4r2_msgs/msg/detail/rigid_body__type_support.c.o\x1b[0m\n'}
[15.838033] (mocap4r2_msgs) StdoutLine: {'line': b'[ 21%] \x1b[32mBuilding C object CMakeFiles/mocap4r2_msgs__rosidl_generator_c.dir/rosidl_generator_c/mocap4r2_msgs/msg/detail/rigid_bodies__description.c.o\x1b[0m\n'}
[15.846079] (-) TimerEvent: {}
[15.951014] (-) TimerEvent: {}
[16.051465] (-) TimerEvent: {}
[16.158064] (-) TimerEvent: {}
[16.159057] (mocap4r2_robot_gt_msgs) StdoutLine: {'line': b'[ 35%] \x1b[32mBuilding CXX object CMakeFiles/mocap4r2_robot_gt_msgs__rosidl_typesupport_cpp.dir/rosidl_typesupport_cpp/mocap4r2_robot_gt_msgs/srv/set_gt_origin__type_support.cpp.o\x1b[0m\n'}
[16.177881] (mocap4r2_msgs) StdoutLine: {'line': b'[ 22%] \x1b[32mBuilding C object CMakeFiles/mocap4r2_msgs__rosidl_generator_c.dir/rosidl_generator_c/mocap4r2_msgs/msg/detail/rigid_bodies__functions.c.o\x1b[0m\n'}
[16.230058] (mocap4r2_msgs) StdoutLine: {'line': b'[ 24%] \x1b[32mBuilding C object CMakeFiles/mocap4r2_msgs__rosidl_generator_c.dir/rosidl_generator_c/mocap4r2_msgs/msg/detail/rigid_bodies__type_support.c.o\x1b[0m\n'}
[16.261071] (-) TimerEvent: {}
[16.361625] (-) TimerEvent: {}
[16.462890] (-) TimerEvent: {}
[16.527997] (mocap4r2_control_msgs) StdoutLine: {'line': b'[ 34%] \x1b[32mBuilding CXX object CMakeFiles/mocap4r2_control_msgs__rosidl_typesupport_introspection_cpp.dir/rosidl_typesupport_introspection_cpp/mocap4r2_control_msgs/msg/detail/control__type_support.cpp.o\x1b[0m\n'}
[16.557625] (mocap4r2_robot_gt_msgs) StdoutLine: {'line': b'[ 38%] \x1b[32mBuilding CXX object CMakeFiles/mocap4r2_robot_gt_msgs__rosidl_typesupport_fastrtps_c.dir/rosidl_typesupport_fastrtps_c/mocap4r2_robot_gt_msgs/srv/detail/set_gt_origin__type_support_c.cpp.o\x1b[0m\n'}
[16.563008] (-) TimerEvent: {}
[16.582349] (mocap4r2_control_msgs) StdoutLine: {'line': b'[ 36%] \x1b[32mBuilding C object CMakeFiles/mocap4r2_control_msgs__rosidl_typesupport_introspection_c.dir/rosidl_typesupport_introspection_c/mocap4r2_control_msgs/msg/detail/control__type_support.c.o\x1b[0m\n'}
[16.663186] (-) TimerEvent: {}
[16.765044] (-) TimerEvent: {}
[16.865425] (-) TimerEvent: {}
[16.947691] (mocap4r2_msgs) StdoutLine: {'line': b'[ 25%] \x1b[32m\x1b[1mLinking C shared library libmocap4r2_msgs__rosidl_generator_c.so\x1b[0m\n'}
[16.967146] (-) TimerEvent: {}
[17.055002] (mocap4r2_robot_gt_msgs) StdoutLine: {'line': b'[ 41%] \x1b[32mBuilding C object CMakeFiles/mocap4r2_robot_gt_msgs__rosidl_typesupport_introspection_c.dir/rosidl_typesupport_introspection_c/mocap4r2_robot_gt_msgs/srv/detail/set_gt_origin__type_support.c.o\x1b[0m\n'}
[17.067325] (-) TimerEvent: {}
[17.087983] (mocap4r2_control_msgs) StdoutLine: {'line': b'[ 38%] \x1b[32mBuilding C object CMakeFiles/mocap4r2_control_msgs__rosidl_typesupport_introspection_c.dir/rosidl_typesupport_introspection_c/mocap4r2_control_msgs/msg/detail/mocap_info__type_support.c.o\x1b[0m\n'}
[17.088254] (mocap4r2_marker_viz_srvs) StdoutLine: {'line': b'[ 34%] \x1b[32mBuilding CXX object CMakeFiles/mocap4r2_marker_viz_srvs__rosidl_typesupport_c.dir/rosidl_typesupport_c/mocap4r2_marker_viz_srvs/srv/set_marker_color__type_support.cpp.o\x1b[0m\n'}
[17.092752] (mocap4r2_robot_gt_msgs) StdoutLine: {'line': b'[ 44%] \x1b[32mBuilding CXX object CMakeFiles/mocap4r2_robot_gt_msgs__rosidl_typesupport_c.dir/rosidl_typesupport_c/mocap4r2_robot_gt_msgs/srv/set_gt_origin__type_support.cpp.o\x1b[0m\n'}
[17.169988] (-) TimerEvent: {}
[17.253188] (mocap4r2_msgs) StdoutLine: {'line': b'[ 25%] Built target mocap4r2_msgs__rosidl_generator_c\n'}
[17.278075] (-) TimerEvent: {}
[17.302741] (mocap4r2_msgs) StdoutLine: {'line': b'[ 27%] \x1b[34m\x1b[1mGenerating C introspection for ROS interfaces\x1b[0m\n'}
[17.350484] (mocap4r2_msgs) StdoutLine: {'line': b'[ 28%] \x1b[34m\x1b[1mGenerating C++ type support for eProsima Fast-RTPS\x1b[0m\n'}
[17.368962] (mocap4r2_msgs) StdoutLine: {'line': b'[ 29%] \x1b[34m\x1b[1mGenerating C++ introspection for ROS interfaces\x1b[0m\n'}
[17.378192] (-) TimerEvent: {}
[17.442102] (mocap4r2_msgs) StdoutLine: {'line': b'[ 31%] \x1b[34m\x1b[1mGenerating C type support dispatch for ROS interfaces\x1b[0m\n'}
[17.479732] (-) TimerEvent: {}
[17.554036] (mocap4r2_robot_gt_msgs) StdoutLine: {'line': b'[ 47%] \x1b[32m\x1b[1mLinking C shared library libmocap4r2_robot_gt_msgs__rosidl_typesupport_introspection_c.so\x1b[0m\n'}
[17.562215] (mocap4r2_robot_gt_msgs) StdoutLine: {'line': b'[ 50%] \x1b[32m\x1b[1mLinking CXX shared library libmocap4r2_robot_gt_msgs__rosidl_typesupport_c.so\x1b[0m\n'}
[17.580400] (-) TimerEvent: {}
[17.621026] (mocap4r2_marker_viz_srvs) StdoutLine: {'line': b'[ 36%] \x1b[32mBuilding CXX object CMakeFiles/mocap4r2_marker_viz_srvs__rosidl_typesupport_c.dir/rosidl_typesupport_c/mocap4r2_marker_viz_srvs/srv/reset_marker_color__type_support.cpp.o\x1b[0m\n'}
[17.680562] (-) TimerEvent: {}
[17.780062] (mocap4r2_control_msgs) StdoutLine: {'line': b'[ 40%] \x1b[32m\x1b[1mLinking C shared library libmocap4r2_control_msgs__rosidl_typesupport_introspection_c.so\x1b[0m\n'}
[17.780653] (-) TimerEvent: {}
[17.796368] (mocap4r2_robot_gt_msgs) StdoutLine: {'line': b'[ 50%] Built target mocap4r2_robot_gt_msgs__rosidl_typesupport_introspection_c\n'}
[17.843302] (mocap4r2_robot_gt_msgs) StdoutLine: {'line': b'[ 52%] \x1b[34m\x1b[1mGenerating C++ type support for eProsima Fast-RTPS\x1b[0m\n'}
[17.883029] (-) TimerEvent: {}
[17.973160] (mocap4r2_control_msgs) StdoutLine: {'line': b'[ 43%] \x1b[32mBuilding CXX object CMakeFiles/mocap4r2_control_msgs__rosidl_typesupport_c.dir/rosidl_typesupport_c/mocap4r2_control_msgs/msg/control__type_support.cpp.o\x1b[0m\n'}
[17.984691] (-) TimerEvent: {}
[18.032028] (mocap4r2_robot_gt_msgs) StdoutLine: {'line': b'[ 52%] Built target mocap4r2_robot_gt_msgs__rosidl_typesupport_c\n'}
[18.074456] (mocap4r2_control_msgs) StdoutLine: {'line': b'[ 43%] Built target mocap4r2_control_msgs__rosidl_typesupport_introspection_c\n'}
[18.084906] (-) TimerEvent: {}
[18.124125] (mocap4r2_robot_gt_msgs) StdoutLine: {'line': b'[ 55%] \x1b[34m\x1b[1mGenerating C++ introspection for ROS interfaces\x1b[0m\n'}
[18.192018] (-) TimerEvent: {}
[18.198984] (mocap4r2_control_msgs) StdoutLine: {'line': b'[ 45%] \x1b[34m\x1b[1mGenerating C++ type support dispatch for ROS interfaces\x1b[0m\n'}
[18.292133] (-) TimerEvent: {}
[18.342028] (mocap4r2_marker_viz_srvs) StdoutLine: {'line': b'[ 38%] \x1b[32m\x1b[1mLinking CXX shared library libmocap4r2_marker_viz_srvs__rosidl_typesupport_c.so\x1b[0m\n'}
[18.392449] (-) TimerEvent: {}
[18.457106] (mocap4r2_marker_viz_srvs) StdoutLine: {'line': b'[ 40%] \x1b[32mBuilding C object CMakeFiles/mocap4r2_marker_viz_srvs__rosidl_typesupport_introspection_c.dir/rosidl_typesupport_introspection_c/mocap4r2_marker_viz_srvs/srv/detail/set_marker_color__type_support.c.o\x1b[0m\n'}
[18.477058] (mocap4r2_control_msgs) StdoutLine: {'line': b'[ 47%] \x1b[32mBuilding CXX object CMakeFiles/mocap4r2_control_msgs__rosidl_typesupport_c.dir/rosidl_typesupport_c/mocap4r2_control_msgs/msg/mocap_info__type_support.cpp.o\x1b[0m\n'}
[18.500040] (-) TimerEvent: {}
[18.538499] (mocap4r2_marker_viz_srvs) StdoutLine: {'line': b'[ 43%] \x1b[32mBuilding CXX object CMakeFiles/mocap4r2_marker_viz_srvs__rosidl_typesupport_fastrtps_cpp.dir/rosidl_typesupport_fastrtps_cpp/mocap4r2_marker_viz_srvs/srv/detail/dds_fastrtps/set_marker_color__type_support.cpp.o\x1b[0m\n'}
[18.603070] (-) TimerEvent: {}
[18.706013] (-) TimerEvent: {}
[18.775071] (mocap4r2_control_msgs) StdoutLine: {'line': b'[ 50%] \x1b[32m\x1b[1mLinking CXX shared library libmocap4r2_control_msgs__rosidl_typesupport_c.so\x1b[0m\n'}
[18.775592] (mocap4r2_control_msgs) StdoutLine: {'line': b'[ 52%] \x1b[32mBuilding CXX object CMakeFiles/mocap4r2_control_msgs__rosidl_typesupport_fastrtps_cpp.dir/rosidl_typesupport_fastrtps_cpp/mocap4r2_control_msgs/msg/detail/dds_fastrtps/control__type_support.cpp.o\x1b[0m\n'}
[18.784524] (mocap4r2_marker_viz_srvs) StdoutLine: {'line': b'[ 43%] Built target mocap4r2_marker_viz_srvs__rosidl_typesupport_c\n'}
[18.797399] (mocap4r2_marker_viz_srvs) StdoutLine: {'line': b'[ 45%] \x1b[32mBuilding C object CMakeFiles/mocap4r2_marker_viz_srvs__rosidl_typesupport_introspection_c.dir/rosidl_typesupport_introspection_c/mocap4r2_marker_viz_srvs/srv/detail/reset_marker_color__type_support.c.o\x1b[0m\n'}
[18.809015] (-) TimerEvent: {}
[18.850170] (mocap4r2_marker_viz_srvs) StdoutLine: {'line': b'[ 47%] \x1b[34m\x1b[1mGenerating C++ introspection for ROS interfaces\x1b[0m\n'}
[18.912061] (-) TimerEvent: {}
[19.015005] (-) TimerEvent: {}
[19.118031] (-) TimerEvent: {}
[19.122034] (mocap4r2_control_msgs) StdoutLine: {'line': b'[ 52%] Built target mocap4r2_control_msgs__rosidl_typesupport_c\n'}
[19.221025] (-) TimerEvent: {}
[19.239012] (mocap4r2_control_msgs) StdoutLine: {'line': b'[ 54%] \x1b[34m\x1b[1mGenerating C type support for eProsima Fast-RTPS\x1b[0m\n'}
[19.292994] (mocap4r2_marker_viz_srvs) StdoutLine: {'line': b'[ 50%] \x1b[32mBuilding CXX object CMakeFiles/mocap4r2_marker_viz_srvs__rosidl_typesupport_fastrtps_c.dir/rosidl_typesupport_fastrtps_c/mocap4r2_marker_viz_srvs/srv/detail/set_marker_color__type_support_c.cpp.o\x1b[0m\n'}
[19.305838] (mocap4r2_marker_viz_srvs) StdoutLine: {'line': b'[ 52%] \x1b[32m\x1b[1mLinking C shared library libmocap4r2_marker_viz_srvs__rosidl_typesupport_introspection_c.so\x1b[0m\n'}
[19.321144] (-) TimerEvent: {}
[19.426991] (-) TimerEvent: {}
[19.530016] (-) TimerEvent: {}
[19.630521] (-) TimerEvent: {}
[19.641942] (mocap4r2_marker_viz_srvs) StdoutLine: {'line': b'[ 52%] Built target mocap4r2_marker_viz_srvs__rosidl_typesupport_introspection_c\n'}
[19.715081] (mocap4r2_marker_viz_srvs) StdoutLine: {'line': b'[ 54%] \x1b[32mBuilding CXX object CMakeFiles/mocap4r2_marker_viz_srvs__rosidl_typesupport_fastrtps_c.dir/rosidl_typesupport_fastrtps_c/mocap4r2_marker_viz_srvs/srv/detail/reset_marker_color__type_support_c.cpp.o\x1b[0m\n'}
[19.730700] (-) TimerEvent: {}
[19.831469] (-) TimerEvent: {}
[19.934281] (-) TimerEvent: {}
[20.036045] (-) TimerEvent: {}
[20.125049] (mocap4r2_robot_gt_msgs) StdoutLine: {'line': b'[ 58%] \x1b[32mBuilding CXX object CMakeFiles/mocap4r2_robot_gt_msgs__rosidl_typesupport_fastrtps_cpp.dir/rosidl_typesupport_fastrtps_cpp/mocap4r2_robot_gt_msgs/srv/detail/dds_fastrtps/set_gt_origin__type_support.cpp.o\x1b[0m\n'}
[20.136347] (-) TimerEvent: {}
[20.145208] (mocap4r2_msgs) StdoutLine: {'line': b'[ 32%] \x1b[32mBuilding CXX object CMakeFiles/mocap4r2_msgs__rosidl_typesupport_c.dir/rosidl_typesupport_c/mocap4r2_msgs/msg/marker__type_support.cpp.o\x1b[0m\n'}
[20.242026] (-) TimerEvent: {}
[20.325598] (mocap4r2_msgs) StdoutLine: {'line': b'[ 33%] \x1b[32mBuilding CXX object CMakeFiles/mocap4r2_msgs__rosidl_typesupport_introspection_cpp.dir/rosidl_typesupport_introspection_cpp/mocap4r2_msgs/msg/detail/marker__type_support.cpp.o\x1b[0m\n'}
[20.342512] (-) TimerEvent: {}
[20.443304] (-) TimerEvent: {}
[20.543760] (-) TimerEvent: {}
[20.564020] (mocap4r2_control_msgs) StdoutLine: {'line': b'[ 56%] \x1b[32mBuilding CXX object CMakeFiles/mocap4r2_control_msgs__rosidl_typesupport_cpp.dir/rosidl_typesupport_cpp/mocap4r2_control_msgs/msg/control__type_support.cpp.o\x1b[0m\n'}
[20.646336] (-) TimerEvent: {}
[20.750019] (-) TimerEvent: {}
[20.850795] (-) TimerEvent: {}
[20.909023] (mocap4r2_marker_viz_srvs) StdoutLine: {'line': b'[ 56%] \x1b[32mBuilding CXX object CMakeFiles/mocap4r2_marker_viz_srvs__rosidl_typesupport_introspection_cpp.dir/rosidl_typesupport_introspection_cpp/mocap4r2_marker_viz_srvs/srv/detail/set_marker_color__type_support.cpp.o\x1b[0m\n'}
[20.953759] (-) TimerEvent: {}
[21.013091] (mocap4r2_msgs) StdoutLine: {'line': b'[ 35%] \x1b[32mBuilding CXX object CMakeFiles/mocap4r2_msgs__rosidl_typesupport_c.dir/rosidl_typesupport_c/mocap4r2_msgs/msg/markers__type_support.cpp.o\x1b[0m\n'}
[21.036457] (mocap4r2_msgs) StdoutLine: {'line': b'[ 36%] \x1b[32mBuilding CXX object CMakeFiles/mocap4r2_msgs__rosidl_typesupport_fastrtps_cpp.dir/rosidl_typesupport_fastrtps_cpp/mocap4r2_msgs/msg/detail/dds_fastrtps/marker__type_support.cpp.o\x1b[0m\n'}
[21.053974] (-) TimerEvent: {}
[21.138092] (mocap4r2_robot_gt_msgs) StdoutLine: {'line': b'[ 61%] \x1b[32mBuilding CXX object CMakeFiles/mocap4r2_robot_gt_msgs__rosidl_typesupport_introspection_cpp.dir/rosidl_typesupport_introspection_cpp/mocap4r2_robot_gt_msgs/srv/detail/set_gt_origin__type_support.cpp.o\x1b[0m\n'}
[21.156304] (-) TimerEvent: {}
[21.256784] (-) TimerEvent: {}
[21.308161] (mocap4r2_control_msgs) StdoutLine: {'line': b'[ 59%] \x1b[32mBuilding CXX object CMakeFiles/mocap4r2_control_msgs__rosidl_typesupport_introspection_cpp.dir/rosidl_typesupport_introspection_cpp/mocap4r2_control_msgs/msg/detail/mocap_info__type_support.cpp.o\x1b[0m\n'}
[21.360061] (-) TimerEvent: {}
[21.460636] (-) TimerEvent: {}
[21.540594] (mocap4r2_control_msgs) StdoutLine: {'line': b'[ 61%] \x1b[32mBuilding CXX object CMakeFiles/mocap4r2_control_msgs__rosidl_typesupport_fastrtps_c.dir/rosidl_typesupport_fastrtps_c/mocap4r2_control_msgs/msg/detail/control__type_support_c.cpp.o\x1b[0m\n'}
[21.560781] (-) TimerEvent: {}
[21.663170] (-) TimerEvent: {}
[21.668604] (mocap4r2_msgs) StdoutLine: {'line': b'[ 37%] \x1b[32mBuilding CXX object CMakeFiles/mocap4r2_msgs__rosidl_typesupport_c.dir/rosidl_typesupport_c/mocap4r2_msgs/msg/imus_info__type_support.cpp.o\x1b[0m\n'}
[21.695753] (mocap4r2_msgs) StdoutLine: {'line': b'[ 39%] \x1b[32mBuilding C object CMakeFiles/mocap4r2_msgs__rosidl_typesupport_introspection_c.dir/rosidl_typesupport_introspection_c/mocap4r2_msgs/msg/detail/marker__type_support.c.o\x1b[0m\n'}
[21.763312] (-) TimerEvent: {}
[21.870666] (-) TimerEvent: {}
[21.974056] (-) TimerEvent: {}
[22.077045] (-) TimerEvent: {}
[22.077892] (mocap4r2_msgs) StdoutLine: {'line': b'[ 40%] \x1b[32mBuilding CXX object CMakeFiles/mocap4r2_msgs__rosidl_typesupport_c.dir/rosidl_typesupport_c/mocap4r2_msgs/msg/rigid_body__type_support.cpp.o\x1b[0m\n'}
[22.177180] (-) TimerEvent: {}
[22.273144] (mocap4r2_msgs) StdoutLine: {'line': b'[ 41%] \x1b[32mBuilding C object CMakeFiles/mocap4r2_msgs__rosidl_typesupport_introspection_c.dir/rosidl_typesupport_introspection_c/mocap4r2_msgs/msg/detail/markers__type_support.c.o\x1b[0m\n'}
[22.277371] (-) TimerEvent: {}
[22.383172] (-) TimerEvent: {}
[22.483711] (-) TimerEvent: {}
[22.591281] (-) TimerEvent: {}
[22.669056] (mocap4r2_msgs) StdoutLine: {'line': b'[ 43%] \x1b[32mBuilding C object CMakeFiles/mocap4r2_msgs__rosidl_typesupport_introspection_c.dir/rosidl_typesupport_introspection_c/mocap4r2_msgs/msg/detail/imus_info__type_support.c.o\x1b[0m\n'}
[22.693039] (-) TimerEvent: {}
[22.720063] (mocap4r2_robot_gt_msgs) StdoutLine: {'line': b'[ 64%] \x1b[32m\x1b[1mLinking CXX shared library libmocap4r2_robot_gt_msgs__rosidl_typesupport_cpp.so\x1b[0m\n'}
[22.795062] (-) TimerEvent: {}
[22.895542] (-) TimerEvent: {}
[22.929612] (mocap4r2_msgs) StdoutLine: {'line': b'[ 44%] \x1b[32mBuilding CXX object CMakeFiles/mocap4r2_msgs__rosidl_typesupport_c.dir/rosidl_typesupport_c/mocap4r2_msgs/msg/rigid_bodies__type_support.cpp.o\x1b[0m\n'}
[22.995698] (-) TimerEvent: {}
[23.100072] (-) TimerEvent: {}
[23.200649] (-) TimerEvent: {}
[23.261030] (mocap4r2_robot_gt_msgs) StdoutLine: {'line': b'[ 67%] \x1b[32m\x1b[1mLinking CXX shared library libmocap4r2_robot_gt_msgs__rosidl_typesupport_fastrtps_c.so\x1b[0m\n'}
[23.288286] (mocap4r2_msgs) StdoutLine: {'line': b'[ 45%] \x1b[32mBuilding C object CMakeFiles/mocap4r2_msgs__rosidl_typesupport_introspection_c.dir/rosidl_typesupport_introspection_c/mocap4r2_msgs/msg/detail/rigid_body__type_support.c.o\x1b[0m\n'}
[23.291127] (mocap4r2_msgs) StdoutLine: {'line': b'[ 47%] \x1b[32m\x1b[1mLinking CXX shared library libmocap4r2_msgs__rosidl_typesupport_c.so\x1b[0m\n'}
[23.303265] (-) TimerEvent: {}
[23.406055] (-) TimerEvent: {}
[23.448334] (mocap4r2_msgs) StdoutLine: {'line': b'[ 48%] \x1b[32mBuilding CXX object CMakeFiles/mocap4r2_msgs__rosidl_typesupport_introspection_cpp.dir/rosidl_typesupport_introspection_cpp/mocap4r2_msgs/msg/detail/markers__type_support.cpp.o\x1b[0m\n'}
[23.468203] (mocap4r2_msgs) StdoutLine: {'line': b'[ 48%] Built target mocap4r2_msgs__rosidl_typesupport_c\n'}
[23.518101] (-) TimerEvent: {}
[23.536068] (mocap4r2_msgs) StdoutLine: {'line': b'[ 50%] \x1b[34m\x1b[1mGenerating C++ type support dispatch for ROS interfaces\x1b[0m\n'}
[23.618244] (-) TimerEvent: {}
[23.721065] (-) TimerEvent: {}
[23.747905] (mocap4r2_robot_gt_msgs) StdoutLine: {'line': b'[ 67%] Built target mocap4r2_robot_gt_msgs__rosidl_typesupport_fastrtps_c\n'}
[23.823046] (-) TimerEvent: {}
[23.924569] (-) TimerEvent: {}
[23.931501] (mocap4r2_msgs) StdoutLine: {'line': b'[ 51%] \x1b[32mBuilding C object CMakeFiles/mocap4r2_msgs__rosidl_typesupport_introspection_c.dir/rosidl_typesupport_introspection_c/mocap4r2_msgs/msg/detail/rigid_bodies__type_support.c.o\x1b[0m\n'}
[23.992030] (mocap4r2_robot_gt_msgs) StdoutLine: {'line': b'[ 67%] Built target mocap4r2_robot_gt_msgs__rosidl_typesupport_cpp\n'}
[24.024720] (-) TimerEvent: {}
[24.094116] (mocap4r2_control_msgs) StdoutLine: {'line': b'[ 63%] \x1b[32mBuilding CXX object CMakeFiles/mocap4r2_control_msgs__rosidl_typesupport_cpp.dir/rosidl_typesupport_cpp/mocap4r2_control_msgs/msg/mocap_info__type_support.cpp.o\x1b[0m\n'}
[24.124907] (-) TimerEvent: {}
[24.187580] (mocap4r2_msgs) StdoutLine: {'line': b'[ 52%] \x1b[32m\x1b[1mLinking C shared library libmocap4r2_msgs__rosidl_typesupport_introspection_c.so\x1b[0m\n'}
[24.226030] (-) TimerEvent: {}
[24.329033] (-) TimerEvent: {}
[24.356954] (mocap4r2_msgs) StdoutLine: {'line': b'[ 52%] Built target mocap4r2_msgs__rosidl_typesupport_introspection_c\n'}
[24.394136] (mocap4r2_msgs) StdoutLine: {'line': b'[ 54%] \x1b[32mBuilding CXX object CMakeFiles/mocap4r2_msgs__rosidl_typesupport_fastrtps_cpp.dir/rosidl_typesupport_fastrtps_cpp/mocap4r2_msgs/msg/detail/dds_fastrtps/markers__type_support.cpp.o\x1b[0m\n'}
[24.432215] (-) TimerEvent: {}
[24.503179] (mocap4r2_msgs) StdoutLine: {'line': b'[ 55%] \x1b[34m\x1b[1mGenerating C type support for eProsima Fast-RTPS\x1b[0m\n'}
[24.532369] (-) TimerEvent: {}
[24.636005] (-) TimerEvent: {}
[24.740032] (-) TimerEvent: {}
[24.840506] (-) TimerEvent: {}
[24.861070] (mocap4r2_marker_viz_srvs) StdoutLine: {'line': b'[ 59%] \x1b[32mBuilding CXX object CMakeFiles/mocap4r2_marker_viz_srvs__rosidl_typesupport_fastrtps_cpp.dir/rosidl_typesupport_fastrtps_cpp/mocap4r2_marker_viz_srvs/srv/detail/dds_fastrtps/reset_marker_color__type_support.cpp.o\x1b[0m\n'}
[24.877742] (mocap4r2_control_msgs) StdoutLine: {'line': b'[ 65%] \x1b[32mBuilding CXX object CMakeFiles/mocap4r2_control_msgs__rosidl_typesupport_fastrtps_cpp.dir/rosidl_typesupport_fastrtps_cpp/mocap4r2_control_msgs/msg/detail/dds_fastrtps/mocap_info__type_support.cpp.o\x1b[0m\n'}
[24.940655] (-) TimerEvent: {}
[25.046024] (-) TimerEvent: {}
[25.150997] (-) TimerEvent: {}
[25.251720] (-) TimerEvent: {}
[25.354062] (-) TimerEvent: {}
[25.460028] (-) TimerEvent: {}
[25.560558] (-) TimerEvent: {}
[25.661340] (-) TimerEvent: {}
[25.762198] (-) TimerEvent: {}
[25.769048] (mocap4r2_msgs) StdoutLine: {'line': b'[ 56%] \x1b[32mBuilding CXX object CMakeFiles/mocap4r2_msgs__rosidl_typesupport_cpp.dir/rosidl_typesupport_cpp/mocap4r2_msgs/msg/marker__type_support.cpp.o\x1b[0m\n'}
[25.789160] (mocap4r2_control_msgs) StdoutLine: {'line': b'[ 68%] \x1b[32m\x1b[1mLinking CXX shared library libmocap4r2_control_msgs__rosidl_typesupport_introspection_cpp.so\x1b[0m\n'}
[25.862369] (-) TimerEvent: {}
[25.963565] (-) TimerEvent: {}
[26.068545] (-) TimerEvent: {}
[26.169798] (-) TimerEvent: {}
[26.269167] (mocap4r2_control_msgs) StdoutLine: {'line': b'[ 70%] \x1b[32m\x1b[1mLinking CXX shared library libmocap4r2_control_msgs__rosidl_typesupport_cpp.so\x1b[0m\n'}
[26.272025] (-) TimerEvent: {}
[26.310397] (mocap4r2_control_msgs) StdoutLine: {'line': b'[ 70%] Built target mocap4r2_control_msgs__rosidl_typesupport_introspection_cpp\n'}
[26.372181] (-) TimerEvent: {}
[26.435339] (mocap4r2_control_msgs) StdoutLine: {'line': b'[ 70%] Built target mocap4r2_control_msgs__rosidl_typesupport_cpp\n'}
[26.472395] (-) TimerEvent: {}
[26.544019] (mocap4r2_marker_viz_srvs) StdoutLine: {'line': b'[ 61%] \x1b[32m\x1b[1mLinking CXX shared library libmocap4r2_marker_viz_srvs__rosidl_typesupport_fastrtps_c.so\x1b[0m\n'}
[26.572561] (-) TimerEvent: {}
[26.585146] (mocap4r2_marker_viz_srvs) StdoutLine: {'line': b'[ 63%] \x1b[32mBuilding CXX object CMakeFiles/mocap4r2_marker_viz_srvs__rosidl_typesupport_introspection_cpp.dir/rosidl_typesupport_introspection_cpp/mocap4r2_marker_viz_srvs/srv/detail/reset_marker_color__type_support.cpp.o\x1b[0m\n'}
[26.674082] (-) TimerEvent: {}
[26.715998] (mocap4r2_robot_gt_msgs) StdoutLine: {'line': b'[ 70%] \x1b[32m\x1b[1mLinking CXX shared library libmocap4r2_robot_gt_msgs__rosidl_typesupport_introspection_cpp.so\x1b[0m\n'}
[26.736060] (mocap4r2_marker_viz_srvs) StdoutLine: {'line': b'[ 63%] Built target mocap4r2_marker_viz_srvs__rosidl_typesupport_fastrtps_c\n'}
[26.774207] (-) TimerEvent: {}
[26.874785] (-) TimerEvent: {}
[26.980244] (-) TimerEvent: {}
[27.083010] (-) TimerEvent: {}
[27.089193] (mocap4r2_control_msgs) StdoutLine: {'line': b'[ 72%] \x1b[32mBuilding CXX object CMakeFiles/mocap4r2_control_msgs__rosidl_typesupport_fastrtps_c.dir/rosidl_typesupport_fastrtps_c/mocap4r2_control_msgs/msg/detail/mocap_info__type_support_c.cpp.o\x1b[0m\n'}
[27.176691] (mocap4r2_robot_gt_msgs) StdoutLine: {'line': b'[ 73%] \x1b[32m\x1b[1mLinking CXX shared library libmocap4r2_robot_gt_msgs__rosidl_typesupport_fastrtps_cpp.so\x1b[0m\n'}
[27.183487] (-) TimerEvent: {}
[27.287030] (-) TimerEvent: {}
[27.291199] (mocap4r2_robot_gt_msgs) StdoutLine: {'line': b'[ 73%] Built target mocap4r2_robot_gt_msgs__rosidl_typesupport_introspection_cpp\n'}
[27.387176] (-) TimerEvent: {}
[27.468090] (mocap4r2_msgs) StdoutLine: {'line': b'[ 58%] \x1b[32mBuilding CXX object CMakeFiles/mocap4r2_msgs__rosidl_typesupport_introspection_cpp.dir/rosidl_typesupport_introspection_cpp/mocap4r2_msgs/msg/detail/imus_info__type_support.cpp.o\x1b[0m\n'}
[27.487342] (-) TimerEvent: {}
[27.550076] (mocap4r2_msgs) StdoutLine: {'line': b'[ 59%] \x1b[32mBuilding CXX object CMakeFiles/mocap4r2_msgs__rosidl_typesupport_fastrtps_cpp.dir/rosidl_typesupport_fastrtps_cpp/mocap4r2_msgs/msg/detail/dds_fastrtps/imus_info__type_support.cpp.o\x1b[0m\n'}
[27.587504] (-) TimerEvent: {}
[27.674488] (mocap4r2_robot_gt_msgs) StdoutLine: {'line': b'[ 73%] Built target mocap4r2_robot_gt_msgs__rosidl_typesupport_fastrtps_cpp\n'}
[27.687654] (-) TimerEvent: {}
[27.786156] (mocap4r2_robot_gt_msgs) StdoutLine: {'line': b'[ 73%] Built target mocap4r2_robot_gt_msgs\n'}
[27.787801] (-) TimerEvent: {}
[27.869144] (mocap4r2_msgs) StdoutLine: {'line': b'[ 60%] \x1b[32mBuilding CXX object CMakeFiles/mocap4r2_msgs__rosidl_typesupport_fastrtps_c.dir/rosidl_typesupport_fastrtps_c/mocap4r2_msgs/msg/detail/marker__type_support_c.cpp.o\x1b[0m\n'}
[27.887978] (-) TimerEvent: {}
[27.896795] (mocap4r2_robot_gt_msgs) StdoutLine: {'line': b'[ 76%] \x1b[34m\x1b[1mGenerating Python code for ROS interfaces\x1b[0m\n'}
[27.988108] (-) TimerEvent: {}
[28.090204] (-) TimerEvent: {}
[28.190665] (-) TimerEvent: {}
[28.294029] (-) TimerEvent: {}
[28.349183] (mocap4r2_msgs) StdoutLine: {'line': b'[ 62%] \x1b[32mBuilding CXX object CMakeFiles/mocap4r2_msgs__rosidl_typesupport_cpp.dir/rosidl_typesupport_cpp/mocap4r2_msgs/msg/markers__type_support.cpp.o\x1b[0m\n'}
[28.395067] (-) TimerEvent: {}
[28.495639] (-) TimerEvent: {}
[28.596152] (-) TimerEvent: {}
[28.696595] (-) TimerEvent: {}
[28.797117] (-) TimerEvent: {}
[28.831148] (mocap4r2_control_msgs) StdoutLine: {'line': b'[ 75%] \x1b[32m\x1b[1mLinking CXX shared library libmocap4r2_control_msgs__rosidl_typesupport_fastrtps_cpp.so\x1b[0m\n'}
[28.900028] (-) TimerEvent: {}
[29.001742] (-) TimerEvent: {}
[29.055414] (mocap4r2_marker_viz_srvs) StdoutLine: {'line': b'[ 65%] \x1b[32m\x1b[1mLinking CXX shared library libmocap4r2_marker_viz_srvs__rosidl_typesupport_introspection_cpp.so\x1b[0m\n'}
[29.101997] (-) TimerEvent: {}
[29.209049] (-) TimerEvent: {}
[29.312022] (-) TimerEvent: {}
[29.375747] (mocap4r2_marker_viz_srvs) StdoutLine: {'line': b'[ 65%] Built target mocap4r2_marker_viz_srvs__rosidl_typesupport_introspection_cpp\n'}
[29.400088] (mocap4r2_control_msgs) StdoutLine: {'line': b'[ 75%] Built target mocap4r2_control_msgs__rosidl_typesupport_fastrtps_cpp\n'}
[29.412164] (-) TimerEvent: {}
[29.512628] (-) TimerEvent: {}
[29.613186] (-) TimerEvent: {}
[29.645136] (mocap4r2_marker_viz_srvs) StdoutLine: {'line': b'[ 68%] \x1b[32m\x1b[1mLinking CXX shared library libmocap4r2_marker_viz_srvs__rosidl_typesupport_fastrtps_cpp.so\x1b[0m\n'}
[29.716102] (-) TimerEvent: {}
[29.816790] (-) TimerEvent: {}
[29.918066] (-) TimerEvent: {}
[29.927036] (mocap4r2_msgs) StdoutLine: {'line': b'[ 63%] \x1b[32mBuilding CXX object CMakeFiles/mocap4r2_msgs__rosidl_typesupport_introspection_cpp.dir/rosidl_typesupport_introspection_cpp/mocap4r2_msgs/msg/detail/rigid_body__type_support.cpp.o\x1b[0m\n'}
[29.929458] (mocap4r2_msgs) StdoutLine: {'line': b'[ 64%] \x1b[32mBuilding CXX object CMakeFiles/mocap4r2_msgs__rosidl_typesupport_fastrtps_c.dir/rosidl_typesupport_fastrtps_c/mocap4r2_msgs/msg/detail/markers__type_support_c.cpp.o\x1b[0m\n'}
[30.012714] (mocap4r2_marker_viz_srvs) StdoutLine: {'line': b'[ 68%] Built target mocap4r2_marker_viz_srvs__rosidl_typesupport_fastrtps_cpp\n'}
[30.018225] (-) TimerEvent: {}
[30.063014] (mocap4r2_marker_viz_srvs) StdoutLine: {'line': b'[ 70%] \x1b[34m\x1b[1mGenerating C++ type support dispatch for ROS interfaces\x1b[0m\n'}
[30.116062] (mocap4r2_robot_gt_msgs) StdoutLine: {'line': b'[ 76%] Built target mocap4r2_robot_gt_msgs__py\n'}
[30.118360] (-) TimerEvent: {}
[30.184840] (mocap4r2_robot_gt_msgs) StdoutLine: {'line': b'[ 79%] \x1b[32mBuilding C object CMakeFiles/mocap4r2_robot_gt_msgs__rosidl_generator_py.dir/rosidl_generator_py/mocap4r2_robot_gt_msgs/srv/_set_gt_origin_s.c.o\x1b[0m\n'}
[30.222022] (-) TimerEvent: {}
[30.318804] (mocap4r2_control_msgs) StdoutLine: {'line': b'[ 77%] \x1b[32m\x1b[1mLinking CXX shared library libmocap4r2_control_msgs__rosidl_typesupport_fastrtps_c.so\x1b[0m\n'}
[30.322140] (-) TimerEvent: {}
[30.425014] (-) TimerEvent: {}
[30.526128] (-) TimerEvent: {}
[30.584285] (mocap4r2_msgs) StdoutLine: {'line': b'[ 66%] \x1b[32mBuilding CXX object CMakeFiles/mocap4r2_msgs__rosidl_typesupport_fastrtps_cpp.dir/rosidl_typesupport_fastrtps_cpp/mocap4r2_msgs/msg/detail/dds_fastrtps/rigid_body__type_support.cpp.o\x1b[0m\n'}
[30.621183] (mocap4r2_msgs) StdoutLine: {'line': b'[ 67%] \x1b[32mBuilding CXX object CMakeFiles/mocap4r2_msgs__rosidl_typesupport_cpp.dir/rosidl_typesupport_cpp/mocap4r2_msgs/msg/imus_info__type_support.cpp.o\x1b[0m\n'}
[30.624705] (mocap4r2_control_msgs) StdoutLine: {'line': b'[ 77%] Built target mocap4r2_control_msgs__rosidl_typesupport_fastrtps_c\n'}
[30.627253] (-) TimerEvent: {}
[30.729007] (-) TimerEvent: {}
[30.729488] (mocap4r2_control_msgs) StdoutLine: {'line': b'[ 77%] Built target mocap4r2_control_msgs\n'}
[30.831101] (-) TimerEvent: {}
[30.838187] (mocap4r2_control_msgs) StdoutLine: {'line': b'[ 79%] \x1b[34m\x1b[1mGenerating Python code for ROS interfaces\x1b[0m\n'}
[30.931409] (-) TimerEvent: {}
[31.004550] (mocap4r2_marker_viz_srvs) StdoutLine: {'line': b'[ 72%] \x1b[32mBuilding CXX object CMakeFiles/mocap4r2_marker_viz_srvs__rosidl_typesupport_cpp.dir/rosidl_typesupport_cpp/mocap4r2_marker_viz_srvs/srv/set_marker_color__type_support.cpp.o\x1b[0m\n'}
[31.034036] (-) TimerEvent: {}
[31.135029] (-) TimerEvent: {}
[31.237032] (-) TimerEvent: {}
[31.340003] (-) TimerEvent: {}
[31.420341] (mocap4r2_msgs) StdoutLine: {'line': b'[ 68%] \x1b[32mBuilding CXX object CMakeFiles/mocap4r2_msgs__rosidl_typesupport_introspection_cpp.dir/rosidl_typesupport_introspection_cpp/mocap4r2_msgs/msg/detail/rigid_bodies__type_support.cpp.o\x1b[0m\n'}
[31.440157] (-) TimerEvent: {}
[31.540681] (-) TimerEvent: {}
[31.622009] (mocap4r2_robot_gt_msgs) StdoutLine: {'line': b'[ 82%] \x1b[32m\x1b[1mLinking C shared library libmocap4r2_robot_gt_msgs__rosidl_generator_py.so\x1b[0m\n'}
[31.640828] (-) TimerEvent: {}
[31.741719] (-) TimerEvent: {}
[31.843744] (mocap4r2_robot_gt_msgs) StdoutLine: {'line': b'[ 82%] Built target mocap4r2_robot_gt_msgs__rosidl_generator_py\n'}
[31.844111] (-) TimerEvent: {}
[31.915085] (mocap4r2_robot_gt_msgs) StdoutLine: {'line': b'[ 85%] \x1b[32mBuilding C object CMakeFiles/mocap4r2_robot_gt_msgs_s__rosidl_typesupport_fastrtps_c.dir/rosidl_generator_py/mocap4r2_robot_gt_msgs/_mocap4r2_robot_gt_msgs_s.ep.rosidl_typesupport_fastrtps_c.c.o\x1b[0m\n'}
[31.944317] (-) TimerEvent: {}
[32.045293] (-) TimerEvent: {}
[32.147318] (-) TimerEvent: {}
[32.251071] (-) TimerEvent: {}
[32.354037] (-) TimerEvent: {}
[32.370127] (mocap4r2_msgs) StdoutLine: {'line': b'[ 70%] \x1b[32mBuilding CXX object CMakeFiles/mocap4r2_msgs__rosidl_typesupport_cpp.dir/rosidl_typesupport_cpp/mocap4r2_msgs/msg/rigid_body__type_support.cpp.o\x1b[0m\n'}
[32.427147] (mocap4r2_control_msgs) StdoutLine: {'line': b'[ 79%] Built target mocap4r2_control_msgs__py\n'}
[32.456063] (-) TimerEvent: {}
[32.528773] (mocap4r2_control_msgs) StdoutLine: {'line': b'[ 81%] \x1b[32mBuilding C object CMakeFiles/mocap4r2_control_msgs__rosidl_generator_py.dir/rosidl_generator_py/mocap4r2_control_msgs/msg/_control_s.c.o\x1b[0m\n'}
[32.559020] (mocap4r2_robot_gt_msgs) StdoutLine: {'line': b'[ 88%] \x1b[32m\x1b[1mLinking C shared module rosidl_generator_py/mocap4r2_robot_gt_msgs/mocap4r2_robot_gt_msgs_s__rosidl_typesupport_fastrtps_c.so\x1b[0m\n'}
[32.559378] (-) TimerEvent: {}
[32.609775] (mocap4r2_msgs) StdoutLine: {'line': b'[ 71%] \x1b[32mBuilding CXX object CMakeFiles/mocap4r2_msgs__rosidl_typesupport_fastrtps_c.dir/rosidl_typesupport_fastrtps_c/mocap4r2_msgs/msg/detail/imus_info__type_support_c.cpp.o\x1b[0m\n'}
[32.659553] (-) TimerEvent: {}
[32.711251] (mocap4r2_msgs) StdoutLine: {'line': b'[ 72%] \x1b[32mBuilding CXX object CMakeFiles/mocap4r2_msgs__rosidl_typesupport_fastrtps_cpp.dir/rosidl_typesupport_fastrtps_cpp/mocap4r2_msgs/msg/detail/dds_fastrtps/rigid_bodies__type_support.cpp.o\x1b[0m\n'}
[32.722520] (mocap4r2_robot_gt_msgs) StdoutLine: {'line': b'[ 88%] Built target mocap4r2_robot_gt_msgs_s__rosidl_typesupport_fastrtps_c\n'}
[32.759698] (-) TimerEvent: {}
[32.830126] (mocap4r2_robot_gt_msgs) StdoutLine: {'line': b'[ 91%] \x1b[32mBuilding C object CMakeFiles/mocap4r2_robot_gt_msgs_s__rosidl_typesupport_c.dir/rosidl_generator_py/mocap4r2_robot_gt_msgs/_mocap4r2_robot_gt_msgs_s.ep.rosidl_typesupport_c.c.o\x1b[0m\n'}
[32.862104] (-) TimerEvent: {}
[32.965029] (-) TimerEvent: {}
[33.065506] (-) TimerEvent: {}
[33.165994] (-) TimerEvent: {}
[33.232070] (mocap4r2_marker_viz_srvs) StdoutLine: {'line': b'[ 75%] \x1b[32mBuilding CXX object CMakeFiles/mocap4r2_marker_viz_srvs__rosidl_typesupport_cpp.dir/rosidl_typesupport_cpp/mocap4r2_marker_viz_srvs/srv/reset_marker_color__type_support.cpp.o\x1b[0m\n'}
[33.269055] (-) TimerEvent: {}
[33.374029] (-) TimerEvent: {}
[33.421693] (mocap4r2_msgs) StdoutLine: {'line': b'[ 74%] \x1b[32m\x1b[1mLinking CXX shared library libmocap4r2_msgs__rosidl_typesupport_introspection_cpp.so\x1b[0m\n'}
[33.474185] (-) TimerEvent: {}
[33.574756] (-) TimerEvent: {}
[33.675762] (-) TimerEvent: {}
[33.689125] (mocap4r2_msgs) StdoutLine: {'line': b'[ 75%] \x1b[32mBuilding CXX object CMakeFiles/mocap4r2_msgs__rosidl_typesupport_cpp.dir/rosidl_typesupport_cpp/mocap4r2_msgs/msg/rigid_bodies__type_support.cpp.o\x1b[0m\n'}
[33.728043] (mocap4r2_robot_gt_msgs) StdoutLine: {'line': b'[ 94%] \x1b[32m\x1b[1mLinking C shared module rosidl_generator_py/mocap4r2_robot_gt_msgs/mocap4r2_robot_gt_msgs_s__rosidl_typesupport_c.so\x1b[0m\n'}
[33.755124] (mocap4r2_control_msgs) StdoutLine: {'line': b'[ 84%] \x1b[32mBuilding C object CMakeFiles/mocap4r2_control_msgs__rosidl_generator_py.dir/rosidl_generator_py/mocap4r2_control_msgs/msg/_mocap_info_s.c.o\x1b[0m\n'}
[33.775895] (-) TimerEvent: {}
[33.849124] (mocap4r2_msgs) StdoutLine: {'line': b'[ 75%] Built target mocap4r2_msgs__rosidl_typesupport_introspection_cpp\n'}
[33.878071] (-) TimerEvent: {}
[33.894503] (mocap4r2_robot_gt_msgs) StdoutLine: {'line': b'[ 94%] Built target mocap4r2_robot_gt_msgs_s__rosidl_typesupport_c\n'}
[33.968907] (mocap4r2_robot_gt_msgs) StdoutLine: {'line': b'[ 97%] \x1b[32mBuilding C object CMakeFiles/mocap4r2_robot_gt_msgs_s__rosidl_typesupport_introspection_c.dir/rosidl_generator_py/mocap4r2_robot_gt_msgs/_mocap4r2_robot_gt_msgs_s.ep.rosidl_typesupport_introspection_c.c.o\x1b[0m\n'}
[33.978221] (-) TimerEvent: {}
[34.080666] (-) TimerEvent: {}
[34.184283] (-) TimerEvent: {}
[34.287049] (-) TimerEvent: {}
[34.387649] (-) TimerEvent: {}
[34.492376] (-) TimerEvent: {}
[34.522018] (mocap4r2_control_msgs) StdoutLine: {'line': b'[ 86%] \x1b[32m\x1b[1mLinking C shared library libmocap4r2_control_msgs__rosidl_generator_py.so\x1b[0m\n'}
[34.536287] (mocap4r2_marker_viz_srvs) StdoutLine: {'line': b'[ 77%] \x1b[32m\x1b[1mLinking CXX shared library libmocap4r2_marker_viz_srvs__rosidl_typesupport_cpp.so\x1b[0m\n'}
[34.571940] (mocap4r2_robot_gt_msgs) StdoutLine: {'line': b'[100%] \x1b[32m\x1b[1mLinking C shared module rosidl_generator_py/mocap4r2_robot_gt_msgs/mocap4r2_robot_gt_msgs_s__rosidl_typesupport_introspection_c.so\x1b[0m\n'}
[34.592518] (-) TimerEvent: {}
[34.629776] (mocap4r2_msgs) StdoutLine: {'line': b'[ 77%] \x1b[32mBuilding CXX object CMakeFiles/mocap4r2_msgs__rosidl_typesupport_fastrtps_c.dir/rosidl_typesupport_fastrtps_c/mocap4r2_msgs/msg/detail/rigid_body__type_support_c.cpp.o\x1b[0m\n'}
[34.694138] (-) TimerEvent: {}
[34.745448] (mocap4r2_robot_gt_msgs) StdoutLine: {'line': b'[100%] Built target mocap4r2_robot_gt_msgs_s__rosidl_typesupport_introspection_c\n'}
[34.795260] (-) TimerEvent: {}
[34.796701] (mocap4r2_control_msgs) StdoutLine: {'line': b'[ 86%] Built target mocap4r2_control_msgs__rosidl_generator_py\n'}
[34.802854] (mocap4r2_robot_gt_msgs) CommandEnded: {'returncode': 0}
[34.803672] (mocap4r2_robot_gt_msgs) JobProgress: {'identifier': 'mocap4r2_robot_gt_msgs', 'progress': 'install'}
[34.845849] (mocap4r2_robot_gt_msgs) Command: {'cmd': ['/usr/bin/cmake', '--install', '/home/strain-drone/Documents/drone_position_hold/ros2_ws/build/mocap4r2_robot_gt_msgs'], 'cwd': '/home/strain-drone/Documents/drone_position_hold/ros2_ws/build/mocap4r2_robot_gt_msgs', 'env': OrderedDict({'LESSOPEN': '| /usr/bin/lesspipe %s', 'USER': 'strain-drone', 'SSH_CLIENT': '100.119.134.77 59684 22', 'XDG_SESSION_TYPE': 'tty', 'SHLVL': '1', 'LD_LIBRARY_PATH': '/opt/ros/jazzy/opt/rviz_ogre_vendor/lib:/opt/ros/jazzy/lib/aarch64-linux-gnu:/opt/ros/jazzy/opt/gz_math_vendor/lib:/opt/ros/jazzy/opt/gz_utils_vendor/lib:/opt/ros/jazzy/opt/gz_cmake_vendor/lib:/opt/ros/jazzy/lib:/home/strain-drone/Documents/drone_position_hold/ros2_ws/src/natnet_ros2/deps/NatNetSDK/lib', 'HOME': '/home/strain-drone', 'OLDPWD': '/home/strain-drone', 'SSH_TTY': '/dev/pts/0', 'ROS_PYTHON_VERSION': '3', 'PS1': '(venv-ardupilot) \\[\\e]0;\\u@\\h: \\w\\a\\]${debian_chroot:+($debian_chroot)}\\[\\033[01;32m\\]\\u@\\h\\[\\033[00m\\]:\\[\\033[01;34m\\]\\w\\[\\033[00m\\]\\$', 'DBUS_SESSION_BUS_ADDRESS': 'unix:path=/run/user/1002/bus', 'DEBUGINFOD_URLS': 'https://debuginfod.ubuntu.com', 'ROS_DISTRO': 'jazzy', 'LOGNAME': 'strain-drone', '_': '/usr/bin/colcon', 'ROS_VERSION': '2', 'XDG_SESSION_CLASS': 'user', 'TERM': 'xterm-256color', 'XDG_SESSION_ID': '3', 'PATH': '/usr/lib/ccache:/home/strain-drone/Documents/ardupilot/Tools/autotest:/opt/gcc-arm-none-eabi-10-2020-q4-major/bin:/home/strain-drone/venv-ardupilot/bin:/home/strain-drone/.local/bin:/opt/ros/jazzy/bin:/usr/local/sbin:/usr/local/bin:/usr/sbin:/usr/bin:/sbin:/bin:/usr/games:/usr/local/games:/snap/bin:/home/strain-drone/.local/bin:/home/strain-drone/.local/bin', 'XDG_RUNTIME_DIR': '/run/user/1002', 'LANG': 'en_US.UTF-8', 'VIRTUAL_ENV_PROMPT': '(venv-ardupilot)', 'LS_COLORS': 'rs=0:di=01;34:ln=01;36:mh=00:pi=40;33:so=01;35:do=01;35:bd=40;33;01:cd=40;33;01:or=40;31;01:mi=00:su=37;41:sg=30;43:ca=00:tw=30;42:ow=34;42:st=37;44:ex=01;32:*.tar=01;31:*.tgz=01;31:*.arc=01;31:*.arj=01;31:*.taz=01;31:*.lha=01;31:*.lz4=01;31:*.lzh=01;31:*.lzma=01;31:*.tlz=01;31:*.txz=01;31:*.tzo=01;31:*.t7z=01;31:*.zip=01;31:*.z=01;31:*.dz=01;31:*.gz=01;31:*.lrz=01;31:*.lz=01;31:*.lzo=01;31:*.xz=01;31:*.zst=01;31:*.tzst=01;31:*.bz2=01;31:*.bz=01;31:*.tbz=01;31:*.tbz2=01;31:*.tz=01;31:*.deb=01;31:*.rpm=01;31:*.jar=01;31:*.war=01;31:*.ear=01;31:*.sar=01;31:*.rar=01;31:*.alz=01;31:*.ace=01;31:*.zoo=01;31:*.cpio=01;31:*.7z=01;31:*.rz=01;31:*.cab=01;31:*.wim=01;31:*.swm=01;31:*.dwm=01;31:*.esd=01;31:*.avif=01;35:*.jpg=01;35:*.jpeg=01;35:*.mjpg=01;35:*.mjpeg=01;35:*.gif=01;35:*.bmp=01;35:*.pbm=01;35:*.pgm=01;35:*.ppm=01;35:*.tga=01;35:*.xbm=01;35:*.xpm=01;35:*.tif=01;35:*.tiff=01;35:*.png=01;35:*.svg=01;35:*.svgz=01;35:*.mng=01;35:*.pcx=01;35:*.mov=01;35:*.mpg=01;35:*.mpeg=01;35:*.m2v=01;35:*.mkv=01;35:*.webm=01;35:*.webp=01;35:*.ogm=01;35:*.mp4=01;35:*.m4v=01;35:*.mp4v=01;35:*.vob=01;35:*.qt=01;35:*.nuv=01;35:*.wmv=01;35:*.asf=01;35:*.rm=01;35:*.rmvb=01;35:*.flc=01;35:*.avi=01;35:*.fli=01;35:*.flv=01;35:*.gl=01;35:*.dl=01;35:*.xcf=01;35:*.xwd=01;35:*.yuv=01;35:*.cgm=01;35:*.emf=01;35:*.ogv=01;35:*.ogx=01;35:*.aac=00;36:*.au=00;36:*.flac=00;36:*.m4a=00;36:*.mid=00;36:*.midi=00;36:*.mka=00;36:*.mp3=00;36:*.mpc=00;36:*.ogg=00;36:*.ra=00;36:*.wav=00;36:*.oga=00;36:*.opus=00;36:*.spx=00;36:*.xspf=00;36:*~=00;90:*#=00;90:*.bak=00;90:*.crdownload=00;90:*.dpkg-dist=00;90:*.dpkg-new=00;90:*.dpkg-old=00;90:*.dpkg-tmp=00;90:*.old=00;90:*.orig=00;90:*.part=00;90:*.rej=00;90:*.rpmnew=00;90:*.rpmorig=00;90:*.rpmsave=00;90:*.swp=00;90:*.tmp=00;90:*.ucf-dist=00;90:*.ucf-new=00;90:*.ucf-old=00;90:', 'ROS_DOMAIN_ID': '1', 'AMENT_PREFIX_PATH': '/opt/ros/jazzy', 'SHELL': '/bin/bash', 'LESSCLOSE': '/usr/bin/lesspipe %s %s', 'VIRTUAL_ENV': '/home/strain-drone/venv-ardupilot', 'ROS_AUTOMATIC_DISCOVERY_RANGE': 'SUBNET', 'PWD': '/home/strain-drone/Documents/drone_position_hold/ros2_ws/build/mocap4r2_robot_gt_msgs', 'LC_ALL': 'en_US.UTF-8', 'SSH_CONNECTION': '100.119.134.77 59684 100.96.124.69 22', 'XDG_DATA_DIRS': '/usr/share/gnome:/usr/local/share:/usr/share:/var/lib/snapd/desktop', 'PYTHONPATH': '/opt/ros/jazzy/lib/python3.12/site-packages', 'COLCON': '1', 'CMAKE_PREFIX_PATH': '/opt/ros/jazzy/opt/gz_math_vendor:/opt/ros/jazzy/opt/gz_utils_vendor:/opt/ros/jazzy/opt/gz_cmake_vendor:/opt/ros/jazzy'}), 'shell': False}
[34.869746] (mocap4r2_robot_gt_msgs) StdoutLine: {'line': b'-- Install configuration: ""\n'}
[34.870107] (mocap4r2_robot_gt_msgs) StdoutLine: {'line': b'-- Installing: /home/strain-drone/Documents/drone_position_hold/ros2_ws/install/mocap4r2_robot_gt_msgs/share/ament_index/resource_index/rosidl_interfaces/mocap4r2_robot_gt_msgs\n'}
[34.871111] (mocap4r2_robot_gt_msgs) StdoutLine: {'line': b'-- Installing: /home/strain-drone/Documents/drone_position_hold/ros2_ws/install/mocap4r2_robot_gt_msgs/share/mocap4r2_robot_gt_msgs/srv/SetGTOrigin.json\n'}
[34.872097] (mocap4r2_robot_gt_msgs) StdoutLine: {'line': b'-- Installing: /home/strain-drone/Documents/drone_position_hold/ros2_ws/install/mocap4r2_robot_gt_msgs/include/mocap4r2_robot_gt_msgs/mocap4r2_robot_gt_msgs\n'}
[34.872902] (mocap4r2_robot_gt_msgs) StdoutLine: {'line': b'-- Installing: /home/strain-drone/Documents/drone_position_hold/ros2_ws/install/mocap4r2_robot_gt_msgs/include/mocap4r2_robot_gt_msgs/mocap4r2_robot_gt_msgs/srv\n'}
[34.873496] (mocap4r2_robot_gt_msgs) StdoutLine: {'line': b'-- Installing: /home/strain-drone/Documents/drone_position_hold/ros2_ws/install/mocap4r2_robot_gt_msgs/include/mocap4r2_robot_gt_msgs/mocap4r2_robot_gt_msgs/srv/set_gt_origin.h\n'}
[34.874083] (mocap4r2_robot_gt_msgs) StdoutLine: {'line': b'-- Installing: /home/strain-drone/Documents/drone_position_hold/ros2_ws/install/mocap4r2_robot_gt_msgs/include/mocap4r2_robot_gt_msgs/mocap4r2_robot_gt_msgs/srv/detail\n'}
[34.874662] (mocap4r2_robot_gt_msgs) StdoutLine: {'line': b'-- Installing: /home/strain-drone/Documents/drone_position_hold/ros2_ws/install/mocap4r2_robot_gt_msgs/include/mocap4r2_robot_gt_msgs/mocap4r2_robot_gt_msgs/srv/detail/set_gt_origin__struct.h\n'}
[34.875426] (mocap4r2_robot_gt_msgs) StdoutLine: {'line': b'-- Installing: /home/strain-drone/Documents/drone_position_hold/ros2_ws/install/mocap4r2_robot_gt_msgs/include/mocap4r2_robot_gt_msgs/mocap4r2_robot_gt_msgs/srv/detail/set_gt_origin__description.c\n'}
[34.876797] (mocap4r2_robot_gt_msgs) StdoutLine: {'line': b'-- Installing: /home/strain-drone/Documents/drone_position_hold/ros2_ws/install/mocap4r2_robot_gt_msgs/include/mocap4r2_robot_gt_msgs/mocap4r2_robot_gt_msgs/srv/detail/set_gt_origin__functions.c\n'}
[34.877525] (mocap4r2_robot_gt_msgs) StdoutLine: {'line': b'-- Installing: /home/strain-drone/Documents/drone_position_hold/ros2_ws/install/mocap4r2_robot_gt_msgs/include/mocap4r2_robot_gt_msgs/mocap4r2_robot_gt_msgs/srv/detail/set_gt_origin__type_support.c\n'}
[34.877723] (mocap4r2_robot_gt_msgs) StdoutLine: {'line': b'-- Installing: /home/strain-drone/Documents/drone_position_hold/ros2_ws/install/mocap4r2_robot_gt_msgs/include/mocap4r2_robot_gt_msgs/mocap4r2_robot_gt_msgs/srv/detail/set_gt_origin__functions.h\n'}
[34.878328] (mocap4r2_robot_gt_msgs) StdoutLine: {'line': b'-- Installing: /home/strain-drone/Documents/drone_position_hold/ros2_ws/install/mocap4r2_robot_gt_msgs/include/mocap4r2_robot_gt_msgs/mocap4r2_robot_gt_msgs/srv/detail/set_gt_origin__type_support.h\n'}
[34.878615] (mocap4r2_robot_gt_msgs) StdoutLine: {'line': b'-- Installing: /home/strain-drone/Documents/drone_position_hold/ros2_ws/install/mocap4r2_robot_gt_msgs/include/mocap4r2_robot_gt_msgs/mocap4r2_robot_gt_msgs/msg\n'}
[34.879602] (mocap4r2_robot_gt_msgs) StdoutLine: {'line': b'-- Installing: /home/strain-drone/Documents/drone_position_hold/ros2_ws/install/mocap4r2_robot_gt_msgs/include/mocap4r2_robot_gt_msgs/mocap4r2_robot_gt_msgs/msg/rosidl_generator_c__visibility_control.h\n'}
[34.879944] (mocap4r2_robot_gt_msgs) StdoutLine: {'line': b'-- Installing: /home/strain-drone/Documents/drone_position_hold/ros2_ws/install/mocap4r2_robot_gt_msgs/share/mocap4r2_robot_gt_msgs/environment/library_path.sh\n'}
[34.880637] (mocap4r2_marker_viz_srvs) StdoutLine: {'line': b'[ 77%] Built target mocap4r2_marker_viz_srvs__rosidl_typesupport_cpp\n'}
[34.880888] (mocap4r2_robot_gt_msgs) StdoutLine: {'line': b'-- Installing: /home/strain-drone/Documents/drone_position_hold/ros2_ws/install/mocap4r2_robot_gt_msgs/share/mocap4r2_robot_gt_msgs/environment/library_path.dsv\n'}
[34.882940] (mocap4r2_robot_gt_msgs) StdoutLine: {'line': b'-- Installing: /home/strain-drone/Documents/drone_position_hold/ros2_ws/install/mocap4r2_robot_gt_msgs/lib/libmocap4r2_robot_gt_msgs__rosidl_generator_c.so\n'}
[34.883341] (mocap4r2_robot_gt_msgs) StdoutLine: {'line': b'-- Set non-toolchain portion of runtime path of "/home/strain-drone/Documents/drone_position_hold/ros2_ws/install/mocap4r2_robot_gt_msgs/lib/libmocap4r2_robot_gt_msgs__rosidl_generator_c.so" to ""\n'}
[34.883752] (mocap4r2_robot_gt_msgs) StdoutLine: {'line': b'-- Up-to-date: /home/strain-drone/Documents/drone_position_hold/ros2_ws/install/mocap4r2_robot_gt_msgs/include/mocap4r2_robot_gt_msgs/mocap4r2_robot_gt_msgs\n'}
[34.884167] (mocap4r2_robot_gt_msgs) StdoutLine: {'line': b'-- Up-to-date: /home/strain-drone/Documents/drone_position_hold/ros2_ws/install/mocap4r2_robot_gt_msgs/include/mocap4r2_robot_gt_msgs/mocap4r2_robot_gt_msgs/srv\n'}
[34.884547] (mocap4r2_robot_gt_msgs) StdoutLine: {'line': b'-- Up-to-date: /home/strain-drone/Documents/drone_position_hold/ros2_ws/install/mocap4r2_robot_gt_msgs/include/mocap4r2_robot_gt_msgs/mocap4r2_robot_gt_msgs/srv/detail\n'}
[34.885284] (mocap4r2_robot_gt_msgs) StdoutLine: {'line': b'-- Installing: /home/strain-drone/Documents/drone_position_hold/ros2_ws/install/mocap4r2_robot_gt_msgs/include/mocap4r2_robot_gt_msgs/mocap4r2_robot_gt_msgs/srv/detail/set_gt_origin__rosidl_typesupport_fastrtps_c.h\n'}
[34.885800] (mocap4r2_robot_gt_msgs) StdoutLine: {'line': b'-- Up-to-date: /home/strain-drone/Documents/drone_position_hold/ros2_ws/install/mocap4r2_robot_gt_msgs/include/mocap4r2_robot_gt_msgs/mocap4r2_robot_gt_msgs/msg\n'}
[34.887063] (mocap4r2_robot_gt_msgs) StdoutLine: {'line': b'-- Installing: /home/strain-drone/Documents/drone_position_hold/ros2_ws/install/mocap4r2_robot_gt_msgs/include/mocap4r2_robot_gt_msgs/mocap4r2_robot_gt_msgs/msg/rosidl_typesupport_fastrtps_c__visibility_control.h\n'}
[34.888519] (mocap4r2_robot_gt_msgs) StdoutLine: {'line': b'-- Installing: /home/strain-drone/Documents/drone_position_hold/ros2_ws/install/mocap4r2_robot_gt_msgs/lib/libmocap4r2_robot_gt_msgs__rosidl_typesupport_fastrtps_c.so\n'}
[34.889193] (mocap4r2_robot_gt_msgs) StdoutLine: {'line': b'-- Set non-toolchain portion of runtime path of "/home/strain-drone/Documents/drone_position_hold/ros2_ws/install/mocap4r2_robot_gt_msgs/lib/libmocap4r2_robot_gt_msgs__rosidl_typesupport_fastrtps_c.so" to ""\n'}
[34.889729] (mocap4r2_robot_gt_msgs) StdoutLine: {'line': b'-- Up-to-date: /home/strain-drone/Documents/drone_position_hold/ros2_ws/install/mocap4r2_robot_gt_msgs/include/mocap4r2_robot_gt_msgs/mocap4r2_robot_gt_msgs\n'}
[34.890363] (mocap4r2_robot_gt_msgs) StdoutLine: {'line': b'-- Up-to-date: /home/strain-drone/Documents/drone_position_hold/ros2_ws/install/mocap4r2_robot_gt_msgs/include/mocap4r2_robot_gt_msgs/mocap4r2_robot_gt_msgs/srv\n'}
[34.890547] (mocap4r2_robot_gt_msgs) StdoutLine: {'line': b'-- Up-to-date: /home/strain-drone/Documents/drone_position_hold/ros2_ws/install/mocap4r2_robot_gt_msgs/include/mocap4r2_robot_gt_msgs/mocap4r2_robot_gt_msgs/srv/detail\n'}
[34.891355] (mocap4r2_robot_gt_msgs) StdoutLine: {'line': b'-- Installing: /home/strain-drone/Documents/drone_position_hold/ros2_ws/install/mocap4r2_robot_gt_msgs/include/mocap4r2_robot_gt_msgs/mocap4r2_robot_gt_msgs/srv/detail/set_gt_origin__type_support.c\n'}
[34.891563] (mocap4r2_control_msgs) StdoutLine: {'line': b'[ 88%] \x1b[32mBuilding C object CMakeFiles/mocap4r2_control_msgs_s__rosidl_typesupport_fastrtps_c.dir/rosidl_generator_py/mocap4r2_control_msgs/_mocap4r2_control_msgs_s.ep.rosidl_typesupport_fastrtps_c.c.o\x1b[0m\n'}
[34.891706] (mocap4r2_robot_gt_msgs) StdoutLine: {'line': b'-- Installing: /home/strain-drone/Documents/drone_position_hold/ros2_ws/install/mocap4r2_robot_gt_msgs/include/mocap4r2_robot_gt_msgs/mocap4r2_robot_gt_msgs/srv/detail/set_gt_origin__rosidl_typesupport_introspection_c.h\n'}
[34.892196] (mocap4r2_robot_gt_msgs) StdoutLine: {'line': b'-- Up-to-date: /home/strain-drone/Documents/drone_position_hold/ros2_ws/install/mocap4r2_robot_gt_msgs/include/mocap4r2_robot_gt_msgs/mocap4r2_robot_gt_msgs/msg\n'}
[34.892628] (mocap4r2_robot_gt_msgs) StdoutLine: {'line': b'-- Installing: /home/strain-drone/Documents/drone_position_hold/ros2_ws/install/mocap4r2_robot_gt_msgs/include/mocap4r2_robot_gt_msgs/mocap4r2_robot_gt_msgs/msg/rosidl_typesupport_introspection_c__visibility_control.h\n'}
[34.893463] (mocap4r2_robot_gt_msgs) StdoutLine: {'line': b'-- Installing: /home/strain-drone/Documents/drone_position_hold/ros2_ws/install/mocap4r2_robot_gt_msgs/lib/libmocap4r2_robot_gt_msgs__rosidl_typesupport_introspection_c.so\n'}
[34.896396] (mocap4r2_robot_gt_msgs) StdoutLine: {'line': b'-- Set non-toolchain portion of runtime path of "/home/strain-drone/Documents/drone_position_hold/ros2_ws/install/mocap4r2_robot_gt_msgs/lib/libmocap4r2_robot_gt_msgs__rosidl_typesupport_introspection_c.so" to ""\n'}
[34.896688] (-) TimerEvent: {}
[34.897801] (mocap4r2_robot_gt_msgs) StdoutLine: {'line': b'-- Installing: /home/strain-drone/Documents/drone_position_hold/ros2_ws/install/mocap4r2_robot_gt_msgs/lib/libmocap4r2_robot_gt_msgs__rosidl_typesupport_c.so\n'}
[34.898640] (mocap4r2_robot_gt_msgs) StdoutLine: {'line': b'-- Set non-toolchain portion of runtime path of "/home/strain-drone/Documents/drone_position_hold/ros2_ws/install/mocap4r2_robot_gt_msgs/lib/libmocap4r2_robot_gt_msgs__rosidl_typesupport_c.so" to ""\n'}
[34.899129] (mocap4r2_robot_gt_msgs) StdoutLine: {'line': b'-- Up-to-date: /home/strain-drone/Documents/drone_position_hold/ros2_ws/install/mocap4r2_robot_gt_msgs/include/mocap4r2_robot_gt_msgs/mocap4r2_robot_gt_msgs\n'}
[34.899506] (mocap4r2_robot_gt_msgs) StdoutLine: {'line': b'-- Up-to-date: /home/strain-drone/Documents/drone_position_hold/ros2_ws/install/mocap4r2_robot_gt_msgs/include/mocap4r2_robot_gt_msgs/mocap4r2_robot_gt_msgs/srv\n'}
[34.899829] (mocap4r2_robot_gt_msgs) StdoutLine: {'line': b'-- Installing: /home/strain-drone/Documents/drone_position_hold/ros2_ws/install/mocap4r2_robot_gt_msgs/include/mocap4r2_robot_gt_msgs/mocap4r2_robot_gt_msgs/srv/set_gt_origin.hpp\n'}
[34.900453] (mocap4r2_robot_gt_msgs) StdoutLine: {'line': b'-- Up-to-date: /home/strain-drone/Documents/drone_position_hold/ros2_ws/install/mocap4r2_robot_gt_msgs/include/mocap4r2_robot_gt_msgs/mocap4r2_robot_gt_msgs/srv/detail\n'}
[34.900897] (mocap4r2_robot_gt_msgs) StdoutLine: {'line': b'-- Installing: /home/strain-drone/Documents/drone_position_hold/ros2_ws/install/mocap4r2_robot_gt_msgs/include/mocap4r2_robot_gt_msgs/mocap4r2_robot_gt_msgs/srv/detail/set_gt_origin__type_support.hpp\n'}
[34.901490] (mocap4r2_robot_gt_msgs) StdoutLine: {'line': b'-- Installing: /home/strain-drone/Documents/drone_position_hold/ros2_ws/install/mocap4r2_robot_gt_msgs/include/mocap4r2_robot_gt_msgs/mocap4r2_robot_gt_msgs/srv/detail/set_gt_origin__struct.hpp\n'}
[34.902456] (mocap4r2_robot_gt_msgs) StdoutLine: {'line': b'-- Installing: /home/strain-drone/Documents/drone_position_hold/ros2_ws/install/mocap4r2_robot_gt_msgs/include/mocap4r2_robot_gt_msgs/mocap4r2_robot_gt_msgs/srv/detail/set_gt_origin__traits.hpp\n'}
[34.903232] (mocap4r2_robot_gt_msgs) StdoutLine: {'line': b'-- Installing: /home/strain-drone/Documents/drone_position_hold/ros2_ws/install/mocap4r2_robot_gt_msgs/include/mocap4r2_robot_gt_msgs/mocap4r2_robot_gt_msgs/srv/detail/set_gt_origin__builder.hpp\n'}
[34.903450] (mocap4r2_robot_gt_msgs) StdoutLine: {'line': b'-- Up-to-date: /home/strain-drone/Documents/drone_position_hold/ros2_ws/install/mocap4r2_robot_gt_msgs/include/mocap4r2_robot_gt_msgs/mocap4r2_robot_gt_msgs/msg\n'}
[34.903972] (mocap4r2_robot_gt_msgs) StdoutLine: {'line': b'-- Installing: /home/strain-drone/Documents/drone_position_hold/ros2_ws/install/mocap4r2_robot_gt_msgs/include/mocap4r2_robot_gt_msgs/mocap4r2_robot_gt_msgs/msg/rosidl_generator_cpp__visibility_control.hpp\n'}
[34.904605] (mocap4r2_robot_gt_msgs) StdoutLine: {'line': b'-- Up-to-date: /home/strain-drone/Documents/drone_position_hold/ros2_ws/install/mocap4r2_robot_gt_msgs/include/mocap4r2_robot_gt_msgs/mocap4r2_robot_gt_msgs\n'}
[34.905292] (mocap4r2_robot_gt_msgs) StdoutLine: {'line': b'-- Up-to-date: /home/strain-drone/Documents/drone_position_hold/ros2_ws/install/mocap4r2_robot_gt_msgs/include/mocap4r2_robot_gt_msgs/mocap4r2_robot_gt_msgs/srv\n'}
[34.905531] (mocap4r2_robot_gt_msgs) StdoutLine: {'line': b'-- Up-to-date: /home/strain-drone/Documents/drone_position_hold/ros2_ws/install/mocap4r2_robot_gt_msgs/include/mocap4r2_robot_gt_msgs/mocap4r2_robot_gt_msgs/srv/detail\n'}
[34.905673] (mocap4r2_robot_gt_msgs) StdoutLine: {'line': b'-- Installing: /home/strain-drone/Documents/drone_position_hold/ros2_ws/install/mocap4r2_robot_gt_msgs/include/mocap4r2_robot_gt_msgs/mocap4r2_robot_gt_msgs/srv/detail/dds_fastrtps\n'}
[34.906587] (mocap4r2_robot_gt_msgs) StdoutLine: {'line': b'-- Installing: /home/strain-drone/Documents/drone_position_hold/ros2_ws/install/mocap4r2_robot_gt_msgs/include/mocap4r2_robot_gt_msgs/mocap4r2_robot_gt_msgs/srv/detail/set_gt_origin__rosidl_typesupport_fastrtps_cpp.hpp\n'}
[34.906814] (mocap4r2_robot_gt_msgs) StdoutLine: {'line': b'-- Up-to-date: /home/strain-drone/Documents/drone_position_hold/ros2_ws/install/mocap4r2_robot_gt_msgs/include/mocap4r2_robot_gt_msgs/mocap4r2_robot_gt_msgs/msg\n'}
[34.907739] (mocap4r2_robot_gt_msgs) StdoutLine: {'line': b'-- Installing: /home/strain-drone/Documents/drone_position_hold/ros2_ws/install/mocap4r2_robot_gt_msgs/include/mocap4r2_robot_gt_msgs/mocap4r2_robot_gt_msgs/msg/rosidl_typesupport_fastrtps_cpp__visibility_control.h\n'}
[34.908119] (mocap4r2_robot_gt_msgs) StdoutLine: {'line': b'-- Installing: /home/strain-drone/Documents/drone_position_hold/ros2_ws/install/mocap4r2_robot_gt_msgs/lib/libmocap4r2_robot_gt_msgs__rosidl_typesupport_fastrtps_cpp.so\n'}
[34.909674] (mocap4r2_robot_gt_msgs) StdoutLine: {'line': b'-- Set non-toolchain portion of runtime path of "/home/strain-drone/Documents/drone_position_hold/ros2_ws/install/mocap4r2_robot_gt_msgs/lib/libmocap4r2_robot_gt_msgs__rosidl_typesupport_fastrtps_cpp.so" to ""\n'}
[34.910764] (mocap4r2_robot_gt_msgs) StdoutLine: {'line': b'-- Up-to-date: /home/strain-drone/Documents/drone_position_hold/ros2_ws/install/mocap4r2_robot_gt_msgs/include/mocap4r2_robot_gt_msgs/mocap4r2_robot_gt_msgs\n'}
[34.911017] (mocap4r2_robot_gt_msgs) StdoutLine: {'line': b'-- Up-to-date: /home/strain-drone/Documents/drone_position_hold/ros2_ws/install/mocap4r2_robot_gt_msgs/include/mocap4r2_robot_gt_msgs/mocap4r2_robot_gt_msgs/srv\n'}
[34.911139] (mocap4r2_robot_gt_msgs) StdoutLine: {'line': b'-- Up-to-date: /home/strain-drone/Documents/drone_position_hold/ros2_ws/install/mocap4r2_robot_gt_msgs/include/mocap4r2_robot_gt_msgs/mocap4r2_robot_gt_msgs/srv/detail\n'}
[34.911250] (mocap4r2_robot_gt_msgs) StdoutLine: {'line': b'-- Installing: /home/strain-drone/Documents/drone_position_hold/ros2_ws/install/mocap4r2_robot_gt_msgs/include/mocap4r2_robot_gt_msgs/mocap4r2_robot_gt_msgs/srv/detail/set_gt_origin__rosidl_typesupport_introspection_cpp.hpp\n'}
[34.912392] (mocap4r2_robot_gt_msgs) StdoutLine: {'line': b'-- Installing: /home/strain-drone/Documents/drone_position_hold/ros2_ws/install/mocap4r2_robot_gt_msgs/include/mocap4r2_robot_gt_msgs/mocap4r2_robot_gt_msgs/srv/detail/set_gt_origin__type_support.cpp\n'}
[34.912684] (mocap4r2_robot_gt_msgs) StdoutLine: {'line': b'-- Installing: /home/strain-drone/Documents/drone_position_hold/ros2_ws/install/mocap4r2_robot_gt_msgs/lib/libmocap4r2_robot_gt_msgs__rosidl_typesupport_introspection_cpp.so\n'}
[34.914177] (mocap4r2_robot_gt_msgs) StdoutLine: {'line': b'-- Set non-toolchain portion of runtime path of "/home/strain-drone/Documents/drone_position_hold/ros2_ws/install/mocap4r2_robot_gt_msgs/lib/libmocap4r2_robot_gt_msgs__rosidl_typesupport_introspection_cpp.so" to ""\n'}
[34.914518] (mocap4r2_robot_gt_msgs) StdoutLine: {'line': b'-- Installing: /home/strain-drone/Documents/drone_position_hold/ros2_ws/install/mocap4r2_robot_gt_msgs/lib/libmocap4r2_robot_gt_msgs__rosidl_typesupport_cpp.so\n'}
[34.917013] (mocap4r2_robot_gt_msgs) StdoutLine: {'line': b'-- Set non-toolchain portion of runtime path of "/home/strain-drone/Documents/drone_position_hold/ros2_ws/install/mocap4r2_robot_gt_msgs/lib/libmocap4r2_robot_gt_msgs__rosidl_typesupport_cpp.so" to ""\n'}
[34.917388] (mocap4r2_robot_gt_msgs) StdoutLine: {'line': b'-- Installing: /home/strain-drone/Documents/drone_position_hold/ros2_ws/install/mocap4r2_robot_gt_msgs/share/mocap4r2_robot_gt_msgs/environment/pythonpath.sh\n'}
[34.917519] (mocap4r2_robot_gt_msgs) StdoutLine: {'line': b'-- Installing: /home/strain-drone/Documents/drone_position_hold/ros2_ws/install/mocap4r2_robot_gt_msgs/share/mocap4r2_robot_gt_msgs/environment/pythonpath.dsv\n'}
[34.918999] (mocap4r2_robot_gt_msgs) StdoutLine: {'line': b'-- Installing: /home/strain-drone/Documents/drone_position_hold/ros2_ws/install/mocap4r2_robot_gt_msgs/lib/python3.12/site-packages/mocap4r2_robot_gt_msgs-0.0.7-py3.12.egg-info\n'}
[34.919378] (mocap4r2_robot_gt_msgs) StdoutLine: {'line': b'-- Installing: /home/strain-drone/Documents/drone_position_hold/ros2_ws/install/mocap4r2_robot_gt_msgs/lib/python3.12/site-packages/mocap4r2_robot_gt_msgs-0.0.7-py3.12.egg-info/dependency_links.txt\n'}
[34.920780] (mocap4r2_robot_gt_msgs) StdoutLine: {'line': b'-- Installing: /home/strain-drone/Documents/drone_position_hold/ros2_ws/install/mocap4r2_robot_gt_msgs/lib/python3.12/site-packages/mocap4r2_robot_gt_msgs-0.0.7-py3.12.egg-info/PKG-INFO\n'}
[34.922034] (mocap4r2_robot_gt_msgs) StdoutLine: {'line': b'-- Installing: /home/strain-drone/Documents/drone_position_hold/ros2_ws/install/mocap4r2_robot_gt_msgs/lib/python3.12/site-packages/mocap4r2_robot_gt_msgs-0.0.7-py3.12.egg-info/top_level.txt\n'}
[34.924535] (mocap4r2_robot_gt_msgs) StdoutLine: {'line': b'-- Installing: /home/strain-drone/Documents/drone_position_hold/ros2_ws/install/mocap4r2_robot_gt_msgs/lib/python3.12/site-packages/mocap4r2_robot_gt_msgs-0.0.7-py3.12.egg-info/SOURCES.txt\n'}
[34.924887] (mocap4r2_robot_gt_msgs) StdoutLine: {'line': b'-- Installing: /home/strain-drone/Documents/drone_position_hold/ros2_ws/install/mocap4r2_robot_gt_msgs/lib/python3.12/site-packages/mocap4r2_robot_gt_msgs\n'}
[34.925512] (mocap4r2_robot_gt_msgs) StdoutLine: {'line': b'-- Installing: /home/strain-drone/Documents/drone_position_hold/ros2_ws/install/mocap4r2_robot_gt_msgs/lib/python3.12/site-packages/mocap4r2_robot_gt_msgs/mocap4r2_robot_gt_msgs_s__rosidl_typesupport_c.so\n'}
[34.925876] (mocap4r2_robot_gt_msgs) StdoutLine: {'line': b'-- Installing: /home/strain-drone/Documents/drone_position_hold/ros2_ws/install/mocap4r2_robot_gt_msgs/lib/python3.12/site-packages/mocap4r2_robot_gt_msgs/_mocap4r2_robot_gt_msgs_s.ep.rosidl_typesupport_c.c\n'}
[34.927618] (mocap4r2_robot_gt_msgs) StdoutLine: {'line': b'-- Installing: /home/strain-drone/Documents/drone_position_hold/ros2_ws/install/mocap4r2_robot_gt_msgs/lib/python3.12/site-packages/mocap4r2_robot_gt_msgs/srv\n'}
[34.927888] (mocap4r2_robot_gt_msgs) StdoutLine: {'line': b'-- Installing: /home/strain-drone/Documents/drone_position_hold/ros2_ws/install/mocap4r2_robot_gt_msgs/lib/python3.12/site-packages/mocap4r2_robot_gt_msgs/srv/__init__.py\n'}
[34.929017] (mocap4r2_robot_gt_msgs) StdoutLine: {'line': b'-- Installing: /home/strain-drone/Documents/drone_position_hold/ros2_ws/install/mocap4r2_robot_gt_msgs/lib/python3.12/site-packages/mocap4r2_robot_gt_msgs/srv/_set_gt_origin_s.c\n'}
[34.929241] (mocap4r2_robot_gt_msgs) StdoutLine: {'line': b'-- Installing: /home/strain-drone/Documents/drone_position_hold/ros2_ws/install/mocap4r2_robot_gt_msgs/lib/python3.12/site-packages/mocap4r2_robot_gt_msgs/srv/_set_gt_origin.py\n'}
[34.929504] (mocap4r2_robot_gt_msgs) StdoutLine: {'line': b'-- Installing: /home/strain-drone/Documents/drone_position_hold/ros2_ws/install/mocap4r2_robot_gt_msgs/lib/python3.12/site-packages/mocap4r2_robot_gt_msgs/mocap4r2_robot_gt_msgs_s__rosidl_typesupport_fastrtps_c.so\n'}
[34.930369] (mocap4r2_robot_gt_msgs) StdoutLine: {'line': b'-- Installing: /home/strain-drone/Documents/drone_position_hold/ros2_ws/install/mocap4r2_robot_gt_msgs/lib/python3.12/site-packages/mocap4r2_robot_gt_msgs/_mocap4r2_robot_gt_msgs_s.ep.rosidl_typesupport_introspection_c.c\n'}
[34.931132] (mocap4r2_robot_gt_msgs) StdoutLine: {'line': b'-- Installing: /home/strain-drone/Documents/drone_position_hold/ros2_ws/install/mocap4r2_robot_gt_msgs/lib/python3.12/site-packages/mocap4r2_robot_gt_msgs/mocap4r2_robot_gt_msgs_s__rosidl_typesupport_introspection_c.so\n'}
[34.931857] (mocap4r2_robot_gt_msgs) StdoutLine: {'line': b'-- Installing: /home/strain-drone/Documents/drone_position_hold/ros2_ws/install/mocap4r2_robot_gt_msgs/lib/python3.12/site-packages/mocap4r2_robot_gt_msgs/__init__.py\n'}
[34.932407] (mocap4r2_robot_gt_msgs) StdoutLine: {'line': b'-- Installing: /home/strain-drone/Documents/drone_position_hold/ros2_ws/install/mocap4r2_robot_gt_msgs/lib/python3.12/site-packages/mocap4r2_robot_gt_msgs/_mocap4r2_robot_gt_msgs_s.ep.rosidl_typesupport_fastrtps_c.c\n'}
[34.974490] (mocap4r2_marker_viz_srvs) StdoutLine: {'line': b'[ 77%] Built target mocap4r2_marker_viz_srvs\n'}
[34.996858] (-) TimerEvent: {}
[35.043090] (mocap4r2_msgs) StdoutLine: {'line': b'[ 78%] \x1b[32m\x1b[1mLinking CXX shared library libmocap4r2_msgs__rosidl_typesupport_cpp.so\x1b[0m\n'}
[35.067057] (mocap4r2_marker_viz_srvs) StdoutLine: {'line': b'[ 79%] \x1b[34m\x1b[1mGenerating Python code for ROS interfaces\x1b[0m\n'}
[35.097063] (-) TimerEvent: {}
[35.102278] (mocap4r2_robot_gt_msgs) StdoutLine: {'line': b"Listing '/home/strain-drone/Documents/drone_position_hold/ros2_ws/install/mocap4r2_robot_gt_msgs/lib/python3.12/site-packages/mocap4r2_robot_gt_msgs'...\n"}
[35.102743] (mocap4r2_robot_gt_msgs) StdoutLine: {'line': b"Compiling '/home/strain-drone/Documents/drone_position_hold/ros2_ws/install/mocap4r2_robot_gt_msgs/lib/python3.12/site-packages/mocap4r2_robot_gt_msgs/__init__.py'...\n"}
[35.106650] (mocap4r2_robot_gt_msgs) StdoutLine: {'line': b"Listing '/home/strain-drone/Documents/drone_position_hold/ros2_ws/install/mocap4r2_robot_gt_msgs/lib/python3.12/site-packages/mocap4r2_robot_gt_msgs/srv'...\n"}
[35.107127] (mocap4r2_robot_gt_msgs) StdoutLine: {'line': b"Compiling '/home/strain-drone/Documents/drone_position_hold/ros2_ws/install/mocap4r2_robot_gt_msgs/lib/python3.12/site-packages/mocap4r2_robot_gt_msgs/srv/__init__.py'...\n"}
[35.107369] (mocap4r2_robot_gt_msgs) StdoutLine: {'line': b"Compiling '/home/strain-drone/Documents/drone_position_hold/ros2_ws/install/mocap4r2_robot_gt_msgs/lib/python3.12/site-packages/mocap4r2_robot_gt_msgs/srv/_set_gt_origin.py'...\n"}
[35.128430] (mocap4r2_robot_gt_msgs) StdoutLine: {'line': b'-- Installing: /home/strain-drone/Documents/drone_position_hold/ros2_ws/install/mocap4r2_robot_gt_msgs/lib/python3.12/site-packages/mocap4r2_robot_gt_msgs/mocap4r2_robot_gt_msgs_s__rosidl_typesupport_fastrtps_c.so\n'}
[35.129215] (mocap4r2_robot_gt_msgs) StdoutLine: {'line': b'-- Set non-toolchain portion of runtime path of "/home/strain-drone/Documents/drone_position_hold/ros2_ws/install/mocap4r2_robot_gt_msgs/lib/python3.12/site-packages/mocap4r2_robot_gt_msgs/mocap4r2_robot_gt_msgs_s__rosidl_typesupport_fastrtps_c.so" to ""\n'}
[35.132078] (mocap4r2_robot_gt_msgs) StdoutLine: {'line': b'-- Installing: /home/strain-drone/Documents/drone_position_hold/ros2_ws/install/mocap4r2_robot_gt_msgs/lib/python3.12/site-packages/mocap4r2_robot_gt_msgs/mocap4r2_robot_gt_msgs_s__rosidl_typesupport_introspection_c.so\n'}
[35.132474] (mocap4r2_robot_gt_msgs) StdoutLine: {'line': b'-- Set non-toolchain portion of runtime path of "/home/strain-drone/Documents/drone_position_hold/ros2_ws/install/mocap4r2_robot_gt_msgs/lib/python3.12/site-packages/mocap4r2_robot_gt_msgs/mocap4r2_robot_gt_msgs_s__rosidl_typesupport_introspection_c.so" to ""\n'}
[35.132620] (mocap4r2_robot_gt_msgs) StdoutLine: {'line': b'-- Installing: /home/strain-drone/Documents/drone_position_hold/ros2_ws/install/mocap4r2_robot_gt_msgs/lib/python3.12/site-packages/mocap4r2_robot_gt_msgs/mocap4r2_robot_gt_msgs_s__rosidl_typesupport_c.so\n'}
[35.132735] (mocap4r2_robot_gt_msgs) StdoutLine: {'line': b'-- Set non-toolchain portion of runtime path of "/home/strain-drone/Documents/drone_position_hold/ros2_ws/install/mocap4r2_robot_gt_msgs/lib/python3.12/site-packages/mocap4r2_robot_gt_msgs/mocap4r2_robot_gt_msgs_s__rosidl_typesupport_c.so" to ""\n'}
[35.132873] (mocap4r2_robot_gt_msgs) StdoutLine: {'line': b'-- Installing: /home/strain-drone/Documents/drone_position_hold/ros2_ws/install/mocap4r2_robot_gt_msgs/lib/libmocap4r2_robot_gt_msgs__rosidl_generator_py.so\n'}
[35.134408] (mocap4r2_robot_gt_msgs) StdoutLine: {'line': b'-- Set non-toolchain portion of runtime path of "/home/strain-drone/Documents/drone_position_hold/ros2_ws/install/mocap4r2_robot_gt_msgs/lib/libmocap4r2_robot_gt_msgs__rosidl_generator_py.so" to ""\n'}
[35.134651] (mocap4r2_robot_gt_msgs) StdoutLine: {'line': b'-- Installing: /home/strain-drone/Documents/drone_position_hold/ros2_ws/install/mocap4r2_robot_gt_msgs/share/mocap4r2_robot_gt_msgs/srv/SetGTOrigin.idl\n'}
[35.134864] (mocap4r2_robot_gt_msgs) StdoutLine: {'line': b'-- Installing: /home/strain-drone/Documents/drone_position_hold/ros2_ws/install/mocap4r2_robot_gt_msgs/share/mocap4r2_robot_gt_msgs/srv/SetGTOrigin.srv\n'}
[35.138022] (mocap4r2_robot_gt_msgs) StdoutLine: {'line': b'-- Installing: /home/strain-drone/Documents/drone_position_hold/ros2_ws/install/mocap4r2_robot_gt_msgs/share/ament_index/resource_index/package_run_dependencies/mocap4r2_robot_gt_msgs\n'}
[35.138409] (mocap4r2_robot_gt_msgs) StdoutLine: {'line': b'-- Installing: /home/strain-drone/Documents/drone_position_hold/ros2_ws/install/mocap4r2_robot_gt_msgs/share/ament_index/resource_index/parent_prefix_path/mocap4r2_robot_gt_msgs\n'}
[35.138571] (mocap4r2_robot_gt_msgs) StdoutLine: {'line': b'-- Installing: /home/strain-drone/Documents/drone_position_hold/ros2_ws/install/mocap4r2_robot_gt_msgs/share/mocap4r2_robot_gt_msgs/environment/ament_prefix_path.sh\n'}
[35.138714] (mocap4r2_robot_gt_msgs) StdoutLine: {'line': b'-- Installing: /home/strain-drone/Documents/drone_position_hold/ros2_ws/install/mocap4r2_robot_gt_msgs/share/mocap4r2_robot_gt_msgs/environment/ament_prefix_path.dsv\n'}
[35.138994] (mocap4r2_robot_gt_msgs) StdoutLine: {'line': b'-- Installing: /home/strain-drone/Documents/drone_position_hold/ros2_ws/install/mocap4r2_robot_gt_msgs/share/mocap4r2_robot_gt_msgs/environment/path.sh\n'}
[35.139179] (mocap4r2_robot_gt_msgs) StdoutLine: {'line': b'-- Installing: /home/strain-drone/Documents/drone_position_hold/ros2_ws/install/mocap4r2_robot_gt_msgs/share/mocap4r2_robot_gt_msgs/environment/path.dsv\n'}
[35.139286] (mocap4r2_robot_gt_msgs) StdoutLine: {'line': b'-- Installing: /home/strain-drone/Documents/drone_position_hold/ros2_ws/install/mocap4r2_robot_gt_msgs/share/mocap4r2_robot_gt_msgs/local_setup.bash\n'}
[35.139389] (mocap4r2_robot_gt_msgs) StdoutLine: {'line': b'-- Installing: /home/strain-drone/Documents/drone_position_hold/ros2_ws/install/mocap4r2_robot_gt_msgs/share/mocap4r2_robot_gt_msgs/local_setup.sh\n'}
[35.139489] (mocap4r2_robot_gt_msgs) StdoutLine: {'line': b'-- Installing: /home/strain-drone/Documents/drone_position_hold/ros2_ws/install/mocap4r2_robot_gt_msgs/share/mocap4r2_robot_gt_msgs/local_setup.zsh\n'}
[35.139621] (mocap4r2_robot_gt_msgs) StdoutLine: {'line': b'-- Installing: /home/strain-drone/Documents/drone_position_hold/ros2_ws/install/mocap4r2_robot_gt_msgs/share/mocap4r2_robot_gt_msgs/local_setup.dsv\n'}
[35.139728] (mocap4r2_robot_gt_msgs) StdoutLine: {'line': b'-- Installing: /home/strain-drone/Documents/drone_position_hold/ros2_ws/install/mocap4r2_robot_gt_msgs/share/mocap4r2_robot_gt_msgs/package.dsv\n'}
[35.139827] (mocap4r2_robot_gt_msgs) StdoutLine: {'line': b'-- Installing: /home/strain-drone/Documents/drone_position_hold/ros2_ws/install/mocap4r2_robot_gt_msgs/share/ament_index/resource_index/packages/mocap4r2_robot_gt_msgs\n'}
[35.139980] (mocap4r2_robot_gt_msgs) StdoutLine: {'line': b'-- Installing: /home/strain-drone/Documents/drone_position_hold/ros2_ws/install/mocap4r2_robot_gt_msgs/share/mocap4r2_robot_gt_msgs/cmake/export_mocap4r2_robot_gt_msgs__rosidl_generator_cExport.cmake\n'}
[35.140110] (mocap4r2_robot_gt_msgs) StdoutLine: {'line': b'-- Installing: /home/strain-drone/Documents/drone_position_hold/ros2_ws/install/mocap4r2_robot_gt_msgs/share/mocap4r2_robot_gt_msgs/cmake/export_mocap4r2_robot_gt_msgs__rosidl_generator_cExport-noconfig.cmake\n'}
[35.140240] (mocap4r2_robot_gt_msgs) StdoutLine: {'line': b'-- Installing: /home/strain-drone/Documents/drone_position_hold/ros2_ws/install/mocap4r2_robot_gt_msgs/share/mocap4r2_robot_gt_msgs/cmake/export_mocap4r2_robot_gt_msgs__rosidl_typesupport_fastrtps_cExport.cmake\n'}
[35.140423] (mocap4r2_robot_gt_msgs) StdoutLine: {'line': b'-- Installing: /home/strain-drone/Documents/drone_position_hold/ros2_ws/install/mocap4r2_robot_gt_msgs/share/mocap4r2_robot_gt_msgs/cmake/export_mocap4r2_robot_gt_msgs__rosidl_typesupport_fastrtps_cExport-noconfig.cmake\n'}
[35.140547] (mocap4r2_robot_gt_msgs) StdoutLine: {'line': b'-- Installing: /home/strain-drone/Documents/drone_position_hold/ros2_ws/install/mocap4r2_robot_gt_msgs/share/mocap4r2_robot_gt_msgs/cmake/mocap4r2_robot_gt_msgs__rosidl_typesupport_introspection_cExport.cmake\n'}
[35.140741] (mocap4r2_robot_gt_msgs) StdoutLine: {'line': b'-- Installing: /home/strain-drone/Documents/drone_position_hold/ros2_ws/install/mocap4r2_robot_gt_msgs/share/mocap4r2_robot_gt_msgs/cmake/mocap4r2_robot_gt_msgs__rosidl_typesupport_introspection_cExport-noconfig.cmake\n'}
[35.140848] (mocap4r2_robot_gt_msgs) StdoutLine: {'line': b'-- Installing: /home/strain-drone/Documents/drone_position_hold/ros2_ws/install/mocap4r2_robot_gt_msgs/share/mocap4r2_robot_gt_msgs/cmake/mocap4r2_robot_gt_msgs__rosidl_typesupport_cExport.cmake\n'}
[35.141036] (mocap4r2_robot_gt_msgs) StdoutLine: {'line': b'-- Installing: /home/strain-drone/Documents/drone_position_hold/ros2_ws/install/mocap4r2_robot_gt_msgs/share/mocap4r2_robot_gt_msgs/cmake/mocap4r2_robot_gt_msgs__rosidl_typesupport_cExport-noconfig.cmake\n'}
[35.144020] (mocap4r2_robot_gt_msgs) StdoutLine: {'line': b'-- Installing: /home/strain-drone/Documents/drone_position_hold/ros2_ws/install/mocap4r2_robot_gt_msgs/share/mocap4r2_robot_gt_msgs/cmake/export_mocap4r2_robot_gt_msgs__rosidl_generator_cppExport.cmake\n'}
[35.144449] (mocap4r2_robot_gt_msgs) StdoutLine: {'line': b'-- Installing: /home/strain-drone/Documents/drone_position_hold/ros2_ws/install/mocap4r2_robot_gt_msgs/share/mocap4r2_robot_gt_msgs/cmake/export_mocap4r2_robot_gt_msgs__rosidl_typesupport_fastrtps_cppExport.cmake\n'}
[35.144633] (mocap4r2_robot_gt_msgs) StdoutLine: {'line': b'-- Installing: /home/strain-drone/Documents/drone_position_hold/ros2_ws/install/mocap4r2_robot_gt_msgs/share/mocap4r2_robot_gt_msgs/cmake/export_mocap4r2_robot_gt_msgs__rosidl_typesupport_fastrtps_cppExport-noconfig.cmake\n'}
[35.144960] (mocap4r2_robot_gt_msgs) StdoutLine: {'line': b'-- Installing: /home/strain-drone/Documents/drone_position_hold/ros2_ws/install/mocap4r2_robot_gt_msgs/share/mocap4r2_robot_gt_msgs/cmake/mocap4r2_robot_gt_msgs__rosidl_typesupport_introspection_cppExport.cmake\n'}
[35.145144] (mocap4r2_robot_gt_msgs) StdoutLine: {'line': b'-- Installing: /home/strain-drone/Documents/drone_position_hold/ros2_ws/install/mocap4r2_robot_gt_msgs/share/mocap4r2_robot_gt_msgs/cmake/mocap4r2_robot_gt_msgs__rosidl_typesupport_introspection_cppExport-noconfig.cmake\n'}
[35.145296] (mocap4r2_robot_gt_msgs) StdoutLine: {'line': b'-- Installing: /home/strain-drone/Documents/drone_position_hold/ros2_ws/install/mocap4r2_robot_gt_msgs/share/mocap4r2_robot_gt_msgs/cmake/mocap4r2_robot_gt_msgs__rosidl_typesupport_cppExport.cmake\n'}
[35.145403] (mocap4r2_robot_gt_msgs) StdoutLine: {'line': b'-- Installing: /home/strain-drone/Documents/drone_position_hold/ros2_ws/install/mocap4r2_robot_gt_msgs/share/mocap4r2_robot_gt_msgs/cmake/mocap4r2_robot_gt_msgs__rosidl_typesupport_cppExport-noconfig.cmake\n'}
[35.145508] (mocap4r2_robot_gt_msgs) StdoutLine: {'line': b'-- Installing: /home/strain-drone/Documents/drone_position_hold/ros2_ws/install/mocap4r2_robot_gt_msgs/share/mocap4r2_robot_gt_msgs/cmake/export_mocap4r2_robot_gt_msgs__rosidl_generator_pyExport.cmake\n'}
[35.145608] (mocap4r2_robot_gt_msgs) StdoutLine: {'line': b'-- Installing: /home/strain-drone/Documents/drone_position_hold/ros2_ws/install/mocap4r2_robot_gt_msgs/share/mocap4r2_robot_gt_msgs/cmake/export_mocap4r2_robot_gt_msgs__rosidl_generator_pyExport-noconfig.cmake\n'}
[35.145723] (mocap4r2_robot_gt_msgs) StdoutLine: {'line': b'-- Installing: /home/strain-drone/Documents/drone_position_hold/ros2_ws/install/mocap4r2_robot_gt_msgs/share/mocap4r2_robot_gt_msgs/cmake/rosidl_cmake-extras.cmake\n'}
[35.145816] (mocap4r2_robot_gt_msgs) StdoutLine: {'line': b'-- Installing: /home/strain-drone/Documents/drone_position_hold/ros2_ws/install/mocap4r2_robot_gt_msgs/share/mocap4r2_robot_gt_msgs/cmake/ament_cmake_export_dependencies-extras.cmake\n'}
[35.145942] (mocap4r2_robot_gt_msgs) StdoutLine: {'line': b'-- Installing: /home/strain-drone/Documents/drone_position_hold/ros2_ws/install/mocap4r2_robot_gt_msgs/share/mocap4r2_robot_gt_msgs/cmake/ament_cmake_export_include_directories-extras.cmake\n'}
[35.146078] (mocap4r2_robot_gt_msgs) StdoutLine: {'line': b'-- Installing: /home/strain-drone/Documents/drone_position_hold/ros2_ws/install/mocap4r2_robot_gt_msgs/share/mocap4r2_robot_gt_msgs/cmake/ament_cmake_export_libraries-extras.cmake\n'}
[35.146187] (mocap4r2_robot_gt_msgs) StdoutLine: {'line': b'-- Installing: /home/strain-drone/Documents/drone_position_hold/ros2_ws/install/mocap4r2_robot_gt_msgs/share/mocap4r2_robot_gt_msgs/cmake/ament_cmake_export_targets-extras.cmake\n'}
[35.146331] (mocap4r2_robot_gt_msgs) StdoutLine: {'line': b'-- Installing: /home/strain-drone/Documents/drone_position_hold/ros2_ws/install/mocap4r2_robot_gt_msgs/share/mocap4r2_robot_gt_msgs/cmake/rosidl_cmake_export_typesupport_targets-extras.cmake\n'}
[35.146435] (mocap4r2_robot_gt_msgs) StdoutLine: {'line': b'-- Installing: /home/strain-drone/Documents/drone_position_hold/ros2_ws/install/mocap4r2_robot_gt_msgs/share/mocap4r2_robot_gt_msgs/cmake/rosidl_cmake_export_typesupport_libraries-extras.cmake\n'}
[35.146639] (mocap4r2_robot_gt_msgs) StdoutLine: {'line': b'-- Installing: /home/strain-drone/Documents/drone_position_hold/ros2_ws/install/mocap4r2_robot_gt_msgs/share/mocap4r2_robot_gt_msgs/cmake/mocap4r2_robot_gt_msgsConfig.cmake\n'}
[35.146758] (mocap4r2_robot_gt_msgs) StdoutLine: {'line': b'-- Installing: /home/strain-drone/Documents/drone_position_hold/ros2_ws/install/mocap4r2_robot_gt_msgs/share/mocap4r2_robot_gt_msgs/cmake/mocap4r2_robot_gt_msgsConfig-version.cmake\n'}
[35.146852] (mocap4r2_robot_gt_msgs) StdoutLine: {'line': b'-- Installing: /home/strain-drone/Documents/drone_position_hold/ros2_ws/install/mocap4r2_robot_gt_msgs/share/mocap4r2_robot_gt_msgs/package.xml\n'}
[35.151251] (mocap4r2_robot_gt_msgs) CommandEnded: {'returncode': 0}
[35.200508] (-) TimerEvent: {}
[35.223129] (mocap4r2_msgs) StdoutLine: {'line': b'[ 78%] Built target mocap4r2_msgs__rosidl_typesupport_cpp\n'}
[35.280924] (mocap4r2_robot_gt_msgs) JobEnded: {'identifier': 'mocap4r2_robot_gt_msgs', 'rc': 0}
[35.283203] (mavros_config) JobStarted: {'identifier': 'mavros_config'}
[35.298141] (mocap4r2_msgs) StdoutLine: {'line': b'[ 79%] \x1b[32m\x1b[1mLinking CXX shared library libmocap4r2_msgs__rosidl_typesupport_fastrtps_cpp.so\x1b[0m\n'}
[35.302410] (-) TimerEvent: {}
[35.402884] (-) TimerEvent: {}
[35.441947] (mocap4r2_control_msgs) StdoutLine: {'line': b'[ 90%] \x1b[32m\x1b[1mLinking C shared module rosidl_generator_py/mocap4r2_control_msgs/mocap4r2_control_msgs_s__rosidl_typesupport_fastrtps_c.so\x1b[0m\n'}
[35.503130] (-) TimerEvent: {}
[35.531349] (mocap4r2_control_msgs) StdoutLine: {'line': b'[ 90%] Built target mocap4r2_control_msgs_s__rosidl_typesupport_fastrtps_c\n'}
[35.603249] (-) TimerEvent: {}
[35.609859] (mocap4r2_control_msgs) StdoutLine: {'line': b'[ 93%] \x1b[32mBuilding C object CMakeFiles/mocap4r2_control_msgs_s__rosidl_typesupport_c.dir/rosidl_generator_py/mocap4r2_control_msgs/_mocap4r2_control_msgs_s.ep.rosidl_typesupport_c.c.o\x1b[0m\n'}
[35.633215] (mocap4r2_msgs) StdoutLine: {'line': b'[ 79%] Built target mocap4r2_msgs__rosidl_typesupport_fastrtps_cpp\n'}
[35.703360] (-) TimerEvent: {}
[35.803782] (-) TimerEvent: {}
[35.906220] (-) TimerEvent: {}
[35.985739] (mocap4r2_control_msgs) StdoutLine: {'line': b'[ 95%] \x1b[32m\x1b[1mLinking C shared module rosidl_generator_py/mocap4r2_control_msgs/mocap4r2_control_msgs_s__rosidl_typesupport_c.so\x1b[0m\n'}
[36.006377] (-) TimerEvent: {}
[36.064662] (mocap4r2_control_msgs) StdoutLine: {'line': b'[ 95%] Built target mocap4r2_control_msgs_s__rosidl_typesupport_c\n'}
[36.106512] (-) TimerEvent: {}
[36.119086] (mocap4r2_control_msgs) StdoutLine: {'line': b'[ 97%] \x1b[32mBuilding C object CMakeFiles/mocap4r2_control_msgs_s__rosidl_typesupport_introspection_c.dir/rosidl_generator_py/mocap4r2_control_msgs/_mocap4r2_control_msgs_s.ep.rosidl_typesupport_introspection_c.c.o\x1b[0m\n'}
[36.206687] (-) TimerEvent: {}
[36.284506] (mocap4r2_msgs) StdoutLine: {'line': b'[ 81%] \x1b[32mBuilding CXX object CMakeFiles/mocap4r2_msgs__rosidl_typesupport_fastrtps_c.dir/rosidl_typesupport_fastrtps_c/mocap4r2_msgs/msg/detail/rigid_bodies__type_support_c.cpp.o\x1b[0m\n'}
[36.305113] (mocap4r2_marker_viz_srvs) StdoutLine: {'line': b'[ 79%] Built target mocap4r2_marker_viz_srvs__py\n'}
[36.308013] (-) TimerEvent: {}
[36.346974] (mocap4r2_marker_viz_srvs) StdoutLine: {'line': b'[ 81%] \x1b[32mBuilding C object CMakeFiles/mocap4r2_marker_viz_srvs__rosidl_generator_py.dir/rosidl_generator_py/mocap4r2_marker_viz_srvs/srv/_set_marker_color_s.c.o\x1b[0m\n'}
[36.408139] (-) TimerEvent: {}
[36.484203] (mocap4r2_control_msgs) StdoutLine: {'line': b'[100%] \x1b[32m\x1b[1mLinking C shared module rosidl_generator_py/mocap4r2_control_msgs/mocap4r2_control_msgs_s__rosidl_typesupport_introspection_c.so\x1b[0m\n'}
[36.508997] (-) TimerEvent: {}
[36.561075] (mocap4r2_control_msgs) StdoutLine: {'line': b'[100%] Built target mocap4r2_control_msgs_s__rosidl_typesupport_introspection_c\n'}
[36.587016] (mocap4r2_control_msgs) CommandEnded: {'returncode': 0}
[36.590153] (mocap4r2_control_msgs) JobProgress: {'identifier': 'mocap4r2_control_msgs', 'progress': 'install'}
[36.590195] (mocap4r2_control_msgs) Command: {'cmd': ['/usr/bin/cmake', '--install', '/home/strain-drone/Documents/drone_position_hold/ros2_ws/build/mocap4r2_control_msgs'], 'cwd': '/home/strain-drone/Documents/drone_position_hold/ros2_ws/build/mocap4r2_control_msgs', 'env': OrderedDict({'LESSOPEN': '| /usr/bin/lesspipe %s', 'USER': 'strain-drone', 'SSH_CLIENT': '100.119.134.77 59684 22', 'XDG_SESSION_TYPE': 'tty', 'SHLVL': '1', 'LD_LIBRARY_PATH': '/opt/ros/jazzy/opt/rviz_ogre_vendor/lib:/opt/ros/jazzy/lib/aarch64-linux-gnu:/opt/ros/jazzy/opt/gz_math_vendor/lib:/opt/ros/jazzy/opt/gz_utils_vendor/lib:/opt/ros/jazzy/opt/gz_cmake_vendor/lib:/opt/ros/jazzy/lib:/home/strain-drone/Documents/drone_position_hold/ros2_ws/src/natnet_ros2/deps/NatNetSDK/lib', 'HOME': '/home/strain-drone', 'OLDPWD': '/home/strain-drone', 'SSH_TTY': '/dev/pts/0', 'ROS_PYTHON_VERSION': '3', 'PS1': '(venv-ardupilot) \\[\\e]0;\\u@\\h: \\w\\a\\]${debian_chroot:+($debian_chroot)}\\[\\033[01;32m\\]\\u@\\h\\[\\033[00m\\]:\\[\\033[01;34m\\]\\w\\[\\033[00m\\]\\$', 'DBUS_SESSION_BUS_ADDRESS': 'unix:path=/run/user/1002/bus', 'DEBUGINFOD_URLS': 'https://debuginfod.ubuntu.com', 'ROS_DISTRO': 'jazzy', 'LOGNAME': 'strain-drone', '_': '/usr/bin/colcon', 'ROS_VERSION': '2', 'XDG_SESSION_CLASS': 'user', 'TERM': 'xterm-256color', 'XDG_SESSION_ID': '3', 'PATH': '/usr/lib/ccache:/home/strain-drone/Documents/ardupilot/Tools/autotest:/opt/gcc-arm-none-eabi-10-2020-q4-major/bin:/home/strain-drone/venv-ardupilot/bin:/home/strain-drone/.local/bin:/opt/ros/jazzy/bin:/usr/local/sbin:/usr/local/bin:/usr/sbin:/usr/bin:/sbin:/bin:/usr/games:/usr/local/games:/snap/bin:/home/strain-drone/.local/bin:/home/strain-drone/.local/bin', 'XDG_RUNTIME_DIR': '/run/user/1002', 'LANG': 'en_US.UTF-8', 'VIRTUAL_ENV_PROMPT': '(venv-ardupilot)', 'LS_COLORS': 'rs=0:di=01;34:ln=01;36:mh=00:pi=40;33:so=01;35:do=01;35:bd=40;33;01:cd=40;33;01:or=40;31;01:mi=00:su=37;41:sg=30;43:ca=00:tw=30;42:ow=34;42:st=37;44:ex=01;32:*.tar=01;31:*.tgz=01;31:*.arc=01;31:*.arj=01;31:*.taz=01;31:*.lha=01;31:*.lz4=01;31:*.lzh=01;31:*.lzma=01;31:*.tlz=01;31:*.txz=01;31:*.tzo=01;31:*.t7z=01;31:*.zip=01;31:*.z=01;31:*.dz=01;31:*.gz=01;31:*.lrz=01;31:*.lz=01;31:*.lzo=01;31:*.xz=01;31:*.zst=01;31:*.tzst=01;31:*.bz2=01;31:*.bz=01;31:*.tbz=01;31:*.tbz2=01;31:*.tz=01;31:*.deb=01;31:*.rpm=01;31:*.jar=01;31:*.war=01;31:*.ear=01;31:*.sar=01;31:*.rar=01;31:*.alz=01;31:*.ace=01;31:*.zoo=01;31:*.cpio=01;31:*.7z=01;31:*.rz=01;31:*.cab=01;31:*.wim=01;31:*.swm=01;31:*.dwm=01;31:*.esd=01;31:*.avif=01;35:*.jpg=01;35:*.jpeg=01;35:*.mjpg=01;35:*.mjpeg=01;35:*.gif=01;35:*.bmp=01;35:*.pbm=01;35:*.pgm=01;35:*.ppm=01;35:*.tga=01;35:*.xbm=01;35:*.xpm=01;35:*.tif=01;35:*.tiff=01;35:*.png=01;35:*.svg=01;35:*.svgz=01;35:*.mng=01;35:*.pcx=01;35:*.mov=01;35:*.mpg=01;35:*.mpeg=01;35:*.m2v=01;35:*.mkv=01;35:*.webm=01;35:*.webp=01;35:*.ogm=01;35:*.mp4=01;35:*.m4v=01;35:*.mp4v=01;35:*.vob=01;35:*.qt=01;35:*.nuv=01;35:*.wmv=01;35:*.asf=01;35:*.rm=01;35:*.rmvb=01;35:*.flc=01;35:*.avi=01;35:*.fli=01;35:*.flv=01;35:*.gl=01;35:*.dl=01;35:*.xcf=01;35:*.xwd=01;35:*.yuv=01;35:*.cgm=01;35:*.emf=01;35:*.ogv=01;35:*.ogx=01;35:*.aac=00;36:*.au=00;36:*.flac=00;36:*.m4a=00;36:*.mid=00;36:*.midi=00;36:*.mka=00;36:*.mp3=00;36:*.mpc=00;36:*.ogg=00;36:*.ra=00;36:*.wav=00;36:*.oga=00;36:*.opus=00;36:*.spx=00;36:*.xspf=00;36:*~=00;90:*#=00;90:*.bak=00;90:*.crdownload=00;90:*.dpkg-dist=00;90:*.dpkg-new=00;90:*.dpkg-old=00;90:*.dpkg-tmp=00;90:*.old=00;90:*.orig=00;90:*.part=00;90:*.rej=00;90:*.rpmnew=00;90:*.rpmorig=00;90:*.rpmsave=00;90:*.swp=00;90:*.tmp=00;90:*.ucf-dist=00;90:*.ucf-new=00;90:*.ucf-old=00;90:', 'ROS_DOMAIN_ID': '1', 'AMENT_PREFIX_PATH': '/opt/ros/jazzy', 'SHELL': '/bin/bash', 'LESSCLOSE': '/usr/bin/lesspipe %s %s', 'VIRTUAL_ENV': '/home/strain-drone/venv-ardupilot', 'ROS_AUTOMATIC_DISCOVERY_RANGE': 'SUBNET', 'PWD': '/home/strain-drone/Documents/drone_position_hold/ros2_ws/build/mocap4r2_control_msgs', 'LC_ALL': 'en_US.UTF-8', 'SSH_CONNECTION': '100.119.134.77 59684 100.96.124.69 22', 'XDG_DATA_DIRS': '/usr/share/gnome:/usr/local/share:/usr/share:/var/lib/snapd/desktop', 'PYTHONPATH': '/opt/ros/jazzy/lib/python3.12/site-packages', 'COLCON': '1', 'CMAKE_PREFIX_PATH': '/opt/ros/jazzy/opt/gz_math_vendor:/opt/ros/jazzy/opt/gz_utils_vendor:/opt/ros/jazzy/opt/gz_cmake_vendor:/opt/ros/jazzy'}), 'shell': False}
[36.607071] (mocap4r2_control_msgs) StdoutLine: {'line': b'-- Install configuration: ""\n'}
[36.607691] (mocap4r2_control_msgs) StdoutLine: {'line': b'-- Installing: /home/strain-drone/Documents/drone_position_hold/ros2_ws/install/mocap4r2_control_msgs/share/ament_index/resource_index/rosidl_interfaces/mocap4r2_control_msgs\n'}
[36.607990] (mocap4r2_control_msgs) StdoutLine: {'line': b'-- Installing: /home/strain-drone/Documents/drone_position_hold/ros2_ws/install/mocap4r2_control_msgs/share/mocap4r2_control_msgs/msg/Control.json\n'}
[36.608314] (mocap4r2_control_msgs) StdoutLine: {'line': b'-- Installing: /home/strain-drone/Documents/drone_position_hold/ros2_ws/install/mocap4r2_control_msgs/share/mocap4r2_control_msgs/msg/MocapInfo.json\n'}
[36.608685] (mocap4r2_control_msgs) StdoutLine: {'line': b'-- Installing: /home/strain-drone/Documents/drone_position_hold/ros2_ws/install/mocap4r2_control_msgs/include/mocap4r2_control_msgs/mocap4r2_control_msgs\n'}
[36.608954] (mocap4r2_control_msgs) StdoutLine: {'line': b'-- Installing: /home/strain-drone/Documents/drone_position_hold/ros2_ws/install/mocap4r2_control_msgs/include/mocap4r2_control_msgs/mocap4r2_control_msgs/msg\n'}
[36.609438] (-) TimerEvent: {}
[36.609974] (mocap4r2_control_msgs) StdoutLine: {'line': b'-- Installing: /home/strain-drone/Documents/drone_position_hold/ros2_ws/install/mocap4r2_control_msgs/include/mocap4r2_control_msgs/mocap4r2_control_msgs/msg/mocap_info.h\n'}
[36.610458] (mocap4r2_control_msgs) StdoutLine: {'line': b'-- Installing: /home/strain-drone/Documents/drone_position_hold/ros2_ws/install/mocap4r2_control_msgs/include/mocap4r2_control_msgs/mocap4r2_control_msgs/msg/control.h\n'}
[36.610808] (mocap4r2_control_msgs) StdoutLine: {'line': b'-- Installing: /home/strain-drone/Documents/drone_position_hold/ros2_ws/install/mocap4r2_control_msgs/include/mocap4r2_control_msgs/mocap4r2_control_msgs/msg/rosidl_generator_c__visibility_control.h\n'}
[36.610992] (mocap4r2_control_msgs) StdoutLine: {'line': b'-- Installing: /home/strain-drone/Documents/drone_position_hold/ros2_ws/install/mocap4r2_control_msgs/include/mocap4r2_control_msgs/mocap4r2_control_msgs/msg/detail\n'}
[36.611100] (mocap4r2_control_msgs) StdoutLine: {'line': b'-- Installing: /home/strain-drone/Documents/drone_position_hold/ros2_ws/install/mocap4r2_control_msgs/include/mocap4r2_control_msgs/mocap4r2_control_msgs/msg/detail/control__description.c\n'}
[36.611191] (mocap4r2_control_msgs) StdoutLine: {'line': b'-- Installing: /home/strain-drone/Documents/drone_position_hold/ros2_ws/install/mocap4r2_control_msgs/include/mocap4r2_control_msgs/mocap4r2_control_msgs/msg/detail/mocap_info__type_support.c\n'}
[36.611282] (mocap4r2_control_msgs) StdoutLine: {'line': b'-- Installing: /home/strain-drone/Documents/drone_position_hold/ros2_ws/install/mocap4r2_control_msgs/include/mocap4r2_control_msgs/mocap4r2_control_msgs/msg/detail/control__type_support.h\n'}
[36.611395] (mocap4r2_control_msgs) StdoutLine: {'line': b'-- Installing: /home/strain-drone/Documents/drone_position_hold/ros2_ws/install/mocap4r2_control_msgs/include/mocap4r2_control_msgs/mocap4r2_control_msgs/msg/detail/mocap_info__functions.c\n'}
[36.611505] (mocap4r2_control_msgs) StdoutLine: {'line': b'-- Installing: /home/strain-drone/Documents/drone_position_hold/ros2_ws/install/mocap4r2_control_msgs/include/mocap4r2_control_msgs/mocap4r2_control_msgs/msg/detail/control__functions.c\n'}
[36.611841] (mocap4r2_control_msgs) StdoutLine: {'line': b'-- Installing: /home/strain-drone/Documents/drone_position_hold/ros2_ws/install/mocap4r2_control_msgs/include/mocap4r2_control_msgs/mocap4r2_control_msgs/msg/detail/control__type_support.c\n'}
[36.612238] (mocap4r2_control_msgs) StdoutLine: {'line': b'-- Installing: /home/strain-drone/Documents/drone_position_hold/ros2_ws/install/mocap4r2_control_msgs/include/mocap4r2_control_msgs/mocap4r2_control_msgs/msg/detail/mocap_info__functions.h\n'}
[36.612566] (mocap4r2_control_msgs) StdoutLine: {'line': b'-- Installing: /home/strain-drone/Documents/drone_position_hold/ros2_ws/install/mocap4r2_control_msgs/include/mocap4r2_control_msgs/mocap4r2_control_msgs/msg/detail/mocap_info__type_support.h\n'}
[36.612875] (mocap4r2_control_msgs) StdoutLine: {'line': b'-- Installing: /home/strain-drone/Documents/drone_position_hold/ros2_ws/install/mocap4r2_control_msgs/include/mocap4r2_control_msgs/mocap4r2_control_msgs/msg/detail/mocap_info__description.c\n'}
[36.613200] (mocap4r2_control_msgs) StdoutLine: {'line': b'-- Installing: /home/strain-drone/Documents/drone_position_hold/ros2_ws/install/mocap4r2_control_msgs/include/mocap4r2_control_msgs/mocap4r2_control_msgs/msg/detail/control__functions.h\n'}
[36.613307] (mocap4r2_control_msgs) StdoutLine: {'line': b'-- Installing: /home/strain-drone/Documents/drone_position_hold/ros2_ws/install/mocap4r2_control_msgs/include/mocap4r2_control_msgs/mocap4r2_control_msgs/msg/detail/mocap_info__struct.h\n'}
[36.613599] (mocap4r2_control_msgs) StdoutLine: {'line': b'-- Installing: /home/strain-drone/Documents/drone_position_hold/ros2_ws/install/mocap4r2_control_msgs/include/mocap4r2_control_msgs/mocap4r2_control_msgs/msg/detail/control__struct.h\n'}
[36.613704] (mocap4r2_control_msgs) StdoutLine: {'line': b'-- Installing: /home/strain-drone/Documents/drone_position_hold/ros2_ws/install/mocap4r2_control_msgs/share/mocap4r2_control_msgs/environment/library_path.sh\n'}
[36.614114] (mocap4r2_control_msgs) StdoutLine: {'line': b'-- Installing: /home/strain-drone/Documents/drone_position_hold/ros2_ws/install/mocap4r2_control_msgs/share/mocap4r2_control_msgs/environment/library_path.dsv\n'}
[36.614240] (mocap4r2_control_msgs) StdoutLine: {'line': b'-- Installing: /home/strain-drone/Documents/drone_position_hold/ros2_ws/install/mocap4r2_control_msgs/lib/libmocap4r2_control_msgs__rosidl_generator_c.so\n'}
[36.614350] (mocap4r2_control_msgs) StdoutLine: {'line': b'-- Set non-toolchain portion of runtime path of "/home/strain-drone/Documents/drone_position_hold/ros2_ws/install/mocap4r2_control_msgs/lib/libmocap4r2_control_msgs__rosidl_generator_c.so" to ""\n'}
[36.614455] (mocap4r2_control_msgs) StdoutLine: {'line': b'-- Up-to-date: /home/strain-drone/Documents/drone_position_hold/ros2_ws/install/mocap4r2_control_msgs/include/mocap4r2_control_msgs/mocap4r2_control_msgs\n'}
[36.614619] (mocap4r2_control_msgs) StdoutLine: {'line': b'-- Up-to-date: /home/strain-drone/Documents/drone_position_hold/ros2_ws/install/mocap4r2_control_msgs/include/mocap4r2_control_msgs/mocap4r2_control_msgs/msg\n'}
[36.614754] (mocap4r2_control_msgs) StdoutLine: {'line': b'-- Installing: /home/strain-drone/Documents/drone_position_hold/ros2_ws/install/mocap4r2_control_msgs/include/mocap4r2_control_msgs/mocap4r2_control_msgs/msg/rosidl_typesupport_fastrtps_c__visibility_control.h\n'}
[36.615186] (mocap4r2_control_msgs) StdoutLine: {'line': b'-- Up-to-date: /home/strain-drone/Documents/drone_position_hold/ros2_ws/install/mocap4r2_control_msgs/include/mocap4r2_control_msgs/mocap4r2_control_msgs/msg/detail\n'}
[36.615347] (mocap4r2_control_msgs) StdoutLine: {'line': b'-- Installing: /home/strain-drone/Documents/drone_position_hold/ros2_ws/install/mocap4r2_control_msgs/include/mocap4r2_control_msgs/mocap4r2_control_msgs/msg/detail/mocap_info__rosidl_typesupport_fastrtps_c.h\n'}
[36.615669] (mocap4r2_control_msgs) StdoutLine: {'line': b'-- Installing: /home/strain-drone/Documents/drone_position_hold/ros2_ws/install/mocap4r2_control_msgs/include/mocap4r2_control_msgs/mocap4r2_control_msgs/msg/detail/control__rosidl_typesupport_fastrtps_c.h\n'}
[36.615833] (mocap4r2_control_msgs) StdoutLine: {'line': b'-- Installing: /home/strain-drone/Documents/drone_position_hold/ros2_ws/install/mocap4r2_control_msgs/lib/libmocap4r2_control_msgs__rosidl_typesupport_fastrtps_c.so\n'}
[36.616123] (mocap4r2_control_msgs) StdoutLine: {'line': b'-- Set non-toolchain portion of runtime path of "/home/strain-drone/Documents/drone_position_hold/ros2_ws/install/mocap4r2_control_msgs/lib/libmocap4r2_control_msgs__rosidl_typesupport_fastrtps_c.so" to ""\n'}
[36.616444] (mocap4r2_control_msgs) StdoutLine: {'line': b'-- Up-to-date: /home/strain-drone/Documents/drone_position_hold/ros2_ws/install/mocap4r2_control_msgs/include/mocap4r2_control_msgs/mocap4r2_control_msgs\n'}
[36.616837] (mocap4r2_control_msgs) StdoutLine: {'line': b'-- Up-to-date: /home/strain-drone/Documents/drone_position_hold/ros2_ws/install/mocap4r2_control_msgs/include/mocap4r2_control_msgs/mocap4r2_control_msgs/msg\n'}
[36.617033] (mocap4r2_control_msgs) StdoutLine: {'line': b'-- Up-to-date: /home/strain-drone/Documents/drone_position_hold/ros2_ws/install/mocap4r2_control_msgs/include/mocap4r2_control_msgs/mocap4r2_control_msgs/msg/detail\n'}
[36.617153] (mocap4r2_control_msgs) StdoutLine: {'line': b'-- Installing: /home/strain-drone/Documents/drone_position_hold/ros2_ws/install/mocap4r2_control_msgs/include/mocap4r2_control_msgs/mocap4r2_control_msgs/msg/detail/control__rosidl_typesupport_introspection_c.h\n'}
[36.617291] (mocap4r2_control_msgs) StdoutLine: {'line': b'-- Installing: /home/strain-drone/Documents/drone_position_hold/ros2_ws/install/mocap4r2_control_msgs/include/mocap4r2_control_msgs/mocap4r2_control_msgs/msg/detail/mocap_info__type_support.c\n'}
[36.617383] (mocap4r2_control_msgs) StdoutLine: {'line': b'-- Installing: /home/strain-drone/Documents/drone_position_hold/ros2_ws/install/mocap4r2_control_msgs/include/mocap4r2_control_msgs/mocap4r2_control_msgs/msg/detail/control__type_support.c\n'}
[36.617464] (mocap4r2_control_msgs) StdoutLine: {'line': b'-- Installing: /home/strain-drone/Documents/drone_position_hold/ros2_ws/install/mocap4r2_control_msgs/include/mocap4r2_control_msgs/mocap4r2_control_msgs/msg/detail/mocap_info__rosidl_typesupport_introspection_c.h\n'}
[36.617738] (mocap4r2_control_msgs) StdoutLine: {'line': b'-- Installing: /home/strain-drone/Documents/drone_position_hold/ros2_ws/install/mocap4r2_control_msgs/include/mocap4r2_control_msgs/mocap4r2_control_msgs/msg/rosidl_typesupport_introspection_c__visibility_control.h\n'}
[36.618169] (mocap4r2_control_msgs) StdoutLine: {'line': b'-- Installing: /home/strain-drone/Documents/drone_position_hold/ros2_ws/install/mocap4r2_control_msgs/lib/libmocap4r2_control_msgs__rosidl_typesupport_introspection_c.so\n'}
[36.618280] (mocap4r2_control_msgs) StdoutLine: {'line': b'-- Set non-toolchain portion of runtime path of "/home/strain-drone/Documents/drone_position_hold/ros2_ws/install/mocap4r2_control_msgs/lib/libmocap4r2_control_msgs__rosidl_typesupport_introspection_c.so" to ""\n'}
[36.618657] (mocap4r2_control_msgs) StdoutLine: {'line': b'-- Installing: /home/strain-drone/Documents/drone_position_hold/ros2_ws/install/mocap4r2_control_msgs/lib/libmocap4r2_control_msgs__rosidl_typesupport_c.so\n'}
[36.619101] (mocap4r2_control_msgs) StdoutLine: {'line': b'-- Set non-toolchain portion of runtime path of "/home/strain-drone/Documents/drone_position_hold/ros2_ws/install/mocap4r2_control_msgs/lib/libmocap4r2_control_msgs__rosidl_typesupport_c.so" to ""\n'}
[36.619226] (mocap4r2_control_msgs) StdoutLine: {'line': b'-- Up-to-date: /home/strain-drone/Documents/drone_position_hold/ros2_ws/install/mocap4r2_control_msgs/include/mocap4r2_control_msgs/mocap4r2_control_msgs\n'}
[36.619748] (mocap4r2_control_msgs) StdoutLine: {'line': b'-- Up-to-date: /home/strain-drone/Documents/drone_position_hold/ros2_ws/install/mocap4r2_control_msgs/include/mocap4r2_control_msgs/mocap4r2_control_msgs/msg\n'}
[36.619880] (mocap4r2_control_msgs) StdoutLine: {'line': b'-- Installing: /home/strain-drone/Documents/drone_position_hold/ros2_ws/install/mocap4r2_control_msgs/include/mocap4r2_control_msgs/mocap4r2_control_msgs/msg/mocap_info.hpp\n'}
[36.620133] (mocap4r2_control_msgs) StdoutLine: {'line': b'-- Up-to-date: /home/strain-drone/Documents/drone_position_hold/ros2_ws/install/mocap4r2_control_msgs/include/mocap4r2_control_msgs/mocap4r2_control_msgs/msg/detail\n'}
[36.620302] (mocap4r2_control_msgs) StdoutLine: {'line': b'-- Installing: /home/strain-drone/Documents/drone_position_hold/ros2_ws/install/mocap4r2_control_msgs/include/mocap4r2_control_msgs/mocap4r2_control_msgs/msg/detail/control__type_support.hpp\n'}
[36.620511] (mocap4r2_control_msgs) StdoutLine: {'line': b'-- Installing: /home/strain-drone/Documents/drone_position_hold/ros2_ws/install/mocap4r2_control_msgs/include/mocap4r2_control_msgs/mocap4r2_control_msgs/msg/detail/mocap_info__type_support.hpp\n'}
[36.620716] (mocap4r2_control_msgs) StdoutLine: {'line': b'-- Installing: /home/strain-drone/Documents/drone_position_hold/ros2_ws/install/mocap4r2_control_msgs/include/mocap4r2_control_msgs/mocap4r2_control_msgs/msg/detail/control__builder.hpp\n'}
[36.620941] (mocap4r2_control_msgs) StdoutLine: {'line': b'-- Installing: /home/strain-drone/Documents/drone_position_hold/ros2_ws/install/mocap4r2_control_msgs/include/mocap4r2_control_msgs/mocap4r2_control_msgs/msg/detail/control__traits.hpp\n'}
[36.623079] (mocap4r2_control_msgs) StdoutLine: {'line': b'-- Installing: /home/strain-drone/Documents/drone_position_hold/ros2_ws/install/mocap4r2_control_msgs/include/mocap4r2_control_msgs/mocap4r2_control_msgs/msg/detail/mocap_info__traits.hpp\n'}
[36.624071] (mocap4r2_control_msgs) StdoutLine: {'line': b'-- Installing: /home/strain-drone/Documents/drone_position_hold/ros2_ws/install/mocap4r2_control_msgs/include/mocap4r2_control_msgs/mocap4r2_control_msgs/msg/detail/mocap_info__struct.hpp\n'}
[36.624317] (mocap4r2_control_msgs) StdoutLine: {'line': b'-- Installing: /home/strain-drone/Documents/drone_position_hold/ros2_ws/install/mocap4r2_control_msgs/include/mocap4r2_control_msgs/mocap4r2_control_msgs/msg/detail/mocap_info__builder.hpp\n'}
[36.624522] (mocap4r2_control_msgs) StdoutLine: {'line': b'-- Installing: /home/strain-drone/Documents/drone_position_hold/ros2_ws/install/mocap4r2_control_msgs/include/mocap4r2_control_msgs/mocap4r2_control_msgs/msg/detail/control__struct.hpp\n'}
[36.624764] (mocap4r2_control_msgs) StdoutLine: {'line': b'-- Installing: /home/strain-drone/Documents/drone_position_hold/ros2_ws/install/mocap4r2_control_msgs/include/mocap4r2_control_msgs/mocap4r2_control_msgs/msg/rosidl_generator_cpp__visibility_control.hpp\n'}
[36.625254] (mocap4r2_control_msgs) StdoutLine: {'line': b'-- Installing: /home/strain-drone/Documents/drone_position_hold/ros2_ws/install/mocap4r2_control_msgs/include/mocap4r2_control_msgs/mocap4r2_control_msgs/msg/control.hpp\n'}
[36.625731] (mocap4r2_control_msgs) StdoutLine: {'line': b'-- Up-to-date: /home/strain-drone/Documents/drone_position_hold/ros2_ws/install/mocap4r2_control_msgs/include/mocap4r2_control_msgs/mocap4r2_control_msgs\n'}
[36.626092] (mocap4r2_control_msgs) StdoutLine: {'line': b'-- Up-to-date: /home/strain-drone/Documents/drone_position_hold/ros2_ws/install/mocap4r2_control_msgs/include/mocap4r2_control_msgs/mocap4r2_control_msgs/msg\n'}
[36.626240] (mocap4r2_control_msgs) StdoutLine: {'line': b'-- Up-to-date: /home/strain-drone/Documents/drone_position_hold/ros2_ws/install/mocap4r2_control_msgs/include/mocap4r2_control_msgs/mocap4r2_control_msgs/msg/detail\n'}
[36.626531] (mocap4r2_control_msgs) StdoutLine: {'line': b'-- Installing: /home/strain-drone/Documents/drone_position_hold/ros2_ws/install/mocap4r2_control_msgs/include/mocap4r2_control_msgs/mocap4r2_control_msgs/msg/detail/dds_fastrtps\n'}
[36.626660] (mocap4r2_control_msgs) StdoutLine: {'line': b'-- Installing: /home/strain-drone/Documents/drone_position_hold/ros2_ws/install/mocap4r2_control_msgs/include/mocap4r2_control_msgs/mocap4r2_control_msgs/msg/detail/control__rosidl_typesupport_fastrtps_cpp.hpp\n'}
[36.626788] (mocap4r2_control_msgs) StdoutLine: {'line': b'-- Installing: /home/strain-drone/Documents/drone_position_hold/ros2_ws/install/mocap4r2_control_msgs/include/mocap4r2_control_msgs/mocap4r2_control_msgs/msg/detail/mocap_info__rosidl_typesupport_fastrtps_cpp.hpp\n'}
[36.627430] (mocap4r2_control_msgs) StdoutLine: {'line': b'-- Installing: /home/strain-drone/Documents/drone_position_hold/ros2_ws/install/mocap4r2_control_msgs/include/mocap4r2_control_msgs/mocap4r2_control_msgs/msg/rosidl_typesupport_fastrtps_cpp__visibility_control.h\n'}
[36.627875] (mocap4r2_control_msgs) StdoutLine: {'line': b'-- Installing: /home/strain-drone/Documents/drone_position_hold/ros2_ws/install/mocap4r2_control_msgs/lib/libmocap4r2_control_msgs__rosidl_typesupport_fastrtps_cpp.so\n'}
[36.628297] (mocap4r2_control_msgs) StdoutLine: {'line': b'-- Set non-toolchain portion of runtime path of "/home/strain-drone/Documents/drone_position_hold/ros2_ws/install/mocap4r2_control_msgs/lib/libmocap4r2_control_msgs__rosidl_typesupport_fastrtps_cpp.so" to ""\n'}
[36.628457] (mocap4r2_control_msgs) StdoutLine: {'line': b'-- Up-to-date: /home/strain-drone/Documents/drone_position_hold/ros2_ws/install/mocap4r2_control_msgs/include/mocap4r2_control_msgs/mocap4r2_control_msgs\n'}
[36.628574] (mocap4r2_control_msgs) StdoutLine: {'line': b'-- Up-to-date: /home/strain-drone/Documents/drone_position_hold/ros2_ws/install/mocap4r2_control_msgs/include/mocap4r2_control_msgs/mocap4r2_control_msgs/msg\n'}
[36.628685] (mocap4r2_control_msgs) StdoutLine: {'line': b'-- Up-to-date: /home/strain-drone/Documents/drone_position_hold/ros2_ws/install/mocap4r2_control_msgs/include/mocap4r2_control_msgs/mocap4r2_control_msgs/msg/detail\n'}
[36.628880] (mocap4r2_control_msgs) StdoutLine: {'line': b'-- Installing: /home/strain-drone/Documents/drone_position_hold/ros2_ws/install/mocap4r2_control_msgs/include/mocap4r2_control_msgs/mocap4r2_control_msgs/msg/detail/control__type_support.cpp\n'}
[36.629017] (mocap4r2_control_msgs) StdoutLine: {'line': b'-- Installing: /home/strain-drone/Documents/drone_position_hold/ros2_ws/install/mocap4r2_control_msgs/include/mocap4r2_control_msgs/mocap4r2_control_msgs/msg/detail/mocap_info__type_support.cpp\n'}
[36.629152] (mocap4r2_control_msgs) StdoutLine: {'line': b'-- Installing: /home/strain-drone/Documents/drone_position_hold/ros2_ws/install/mocap4r2_control_msgs/include/mocap4r2_control_msgs/mocap4r2_control_msgs/msg/detail/mocap_info__rosidl_typesupport_introspection_cpp.hpp\n'}
[36.629247] (mocap4r2_control_msgs) StdoutLine: {'line': b'-- Installing: /home/strain-drone/Documents/drone_position_hold/ros2_ws/install/mocap4r2_control_msgs/include/mocap4r2_control_msgs/mocap4r2_control_msgs/msg/detail/control__rosidl_typesupport_introspection_cpp.hpp\n'}
[36.629330] (mocap4r2_control_msgs) StdoutLine: {'line': b'-- Installing: /home/strain-drone/Documents/drone_position_hold/ros2_ws/install/mocap4r2_control_msgs/lib/libmocap4r2_control_msgs__rosidl_typesupport_introspection_cpp.so\n'}
[36.629424] (mocap4r2_control_msgs) StdoutLine: {'line': b'-- Set non-toolchain portion of runtime path of "/home/strain-drone/Documents/drone_position_hold/ros2_ws/install/mocap4r2_control_msgs/lib/libmocap4r2_control_msgs__rosidl_typesupport_introspection_cpp.so" to ""\n'}
[36.629526] (mocap4r2_control_msgs) StdoutLine: {'line': b'-- Installing: /home/strain-drone/Documents/drone_position_hold/ros2_ws/install/mocap4r2_control_msgs/lib/libmocap4r2_control_msgs__rosidl_typesupport_cpp.so\n'}
[36.629615] (mocap4r2_control_msgs) StdoutLine: {'line': b'-- Set non-toolchain portion of runtime path of "/home/strain-drone/Documents/drone_position_hold/ros2_ws/install/mocap4r2_control_msgs/lib/libmocap4r2_control_msgs__rosidl_typesupport_cpp.so" to ""\n'}
[36.629727] (mocap4r2_control_msgs) StdoutLine: {'line': b'-- Installing: /home/strain-drone/Documents/drone_position_hold/ros2_ws/install/mocap4r2_control_msgs/share/mocap4r2_control_msgs/environment/pythonpath.sh\n'}
[36.629825] (mocap4r2_control_msgs) StdoutLine: {'line': b'-- Installing: /home/strain-drone/Documents/drone_position_hold/ros2_ws/install/mocap4r2_control_msgs/share/mocap4r2_control_msgs/environment/pythonpath.dsv\n'}
[36.629953] (mocap4r2_control_msgs) StdoutLine: {'line': b'-- Installing: /home/strain-drone/Documents/drone_position_hold/ros2_ws/install/mocap4r2_control_msgs/lib/python3.12/site-packages/mocap4r2_control_msgs-0.0.7-py3.12.egg-info\n'}
[36.630630] (mocap4r2_control_msgs) StdoutLine: {'line': b'-- Installing: /home/strain-drone/Documents/drone_position_hold/ros2_ws/install/mocap4r2_control_msgs/lib/python3.12/site-packages/mocap4r2_control_msgs-0.0.7-py3.12.egg-info/dependency_links.txt\n'}
[36.631077] (mocap4r2_control_msgs) StdoutLine: {'line': b'-- Installing: /home/strain-drone/Documents/drone_position_hold/ros2_ws/install/mocap4r2_control_msgs/lib/python3.12/site-packages/mocap4r2_control_msgs-0.0.7-py3.12.egg-info/PKG-INFO\n'}
[36.631422] (mocap4r2_control_msgs) StdoutLine: {'line': b'-- Installing: /home/strain-drone/Documents/drone_position_hold/ros2_ws/install/mocap4r2_control_msgs/lib/python3.12/site-packages/mocap4r2_control_msgs-0.0.7-py3.12.egg-info/top_level.txt\n'}
[36.631554] (mocap4r2_control_msgs) StdoutLine: {'line': b'-- Installing: /home/strain-drone/Documents/drone_position_hold/ros2_ws/install/mocap4r2_control_msgs/lib/python3.12/site-packages/mocap4r2_control_msgs-0.0.7-py3.12.egg-info/SOURCES.txt\n'}
[36.631855] (mocap4r2_control_msgs) StdoutLine: {'line': b'-- Installing: /home/strain-drone/Documents/drone_position_hold/ros2_ws/install/mocap4r2_control_msgs/lib/python3.12/site-packages/mocap4r2_control_msgs\n'}
[36.632336] (mocap4r2_control_msgs) StdoutLine: {'line': b'-- Installing: /home/strain-drone/Documents/drone_position_hold/ros2_ws/install/mocap4r2_control_msgs/lib/python3.12/site-packages/mocap4r2_control_msgs/mocap4r2_control_msgs_s__rosidl_typesupport_c.so\n'}
[36.632480] (mocap4r2_control_msgs) StdoutLine: {'line': b'-- Installing: /home/strain-drone/Documents/drone_position_hold/ros2_ws/install/mocap4r2_control_msgs/lib/python3.12/site-packages/mocap4r2_control_msgs/mocap4r2_control_msgs_s__rosidl_typesupport_introspection_c.so\n'}
[36.632579] (mocap4r2_control_msgs) StdoutLine: {'line': b'-- Installing: /home/strain-drone/Documents/drone_position_hold/ros2_ws/install/mocap4r2_control_msgs/lib/python3.12/site-packages/mocap4r2_control_msgs/mocap4r2_control_msgs_s__rosidl_typesupport_fastrtps_c.so\n'}
[36.632688] (mocap4r2_control_msgs) StdoutLine: {'line': b'-- Installing: /home/strain-drone/Documents/drone_position_hold/ros2_ws/install/mocap4r2_control_msgs/lib/python3.12/site-packages/mocap4r2_control_msgs/_mocap4r2_control_msgs_s.ep.rosidl_typesupport_c.c\n'}
[36.632814] (mocap4r2_control_msgs) StdoutLine: {'line': b'-- Installing: /home/strain-drone/Documents/drone_position_hold/ros2_ws/install/mocap4r2_control_msgs/lib/python3.12/site-packages/mocap4r2_control_msgs/_mocap4r2_control_msgs_s.ep.rosidl_typesupport_introspection_c.c\n'}
[36.633332] (mocap4r2_control_msgs) StdoutLine: {'line': b'-- Installing: /home/strain-drone/Documents/drone_position_hold/ros2_ws/install/mocap4r2_control_msgs/lib/python3.12/site-packages/mocap4r2_control_msgs/__init__.py\n'}
[36.633513] (mocap4r2_control_msgs) StdoutLine: {'line': b'-- Installing: /home/strain-drone/Documents/drone_position_hold/ros2_ws/install/mocap4r2_control_msgs/lib/python3.12/site-packages/mocap4r2_control_msgs/msg\n'}
[36.633735] (mocap4r2_control_msgs) StdoutLine: {'line': b'-- Installing: /home/strain-drone/Documents/drone_position_hold/ros2_ws/install/mocap4r2_control_msgs/lib/python3.12/site-packages/mocap4r2_control_msgs/msg/_mocap_info_s.c\n'}
[36.633948] (mocap4r2_control_msgs) StdoutLine: {'line': b'-- Installing: /home/strain-drone/Documents/drone_position_hold/ros2_ws/install/mocap4r2_control_msgs/lib/python3.12/site-packages/mocap4r2_control_msgs/msg/_control_s.c\n'}
[36.634162] (mocap4r2_control_msgs) StdoutLine: {'line': b'-- Installing: /home/strain-drone/Documents/drone_position_hold/ros2_ws/install/mocap4r2_control_msgs/lib/python3.12/site-packages/mocap4r2_control_msgs/msg/__init__.py\n'}
[36.634295] (mocap4r2_control_msgs) StdoutLine: {'line': b'-- Installing: /home/strain-drone/Documents/drone_position_hold/ros2_ws/install/mocap4r2_control_msgs/lib/python3.12/site-packages/mocap4r2_control_msgs/msg/_control.py\n'}
[36.634415] (mocap4r2_control_msgs) StdoutLine: {'line': b'-- Installing: /home/strain-drone/Documents/drone_position_hold/ros2_ws/install/mocap4r2_control_msgs/lib/python3.12/site-packages/mocap4r2_control_msgs/msg/_mocap_info.py\n'}
[36.634513] (mocap4r2_control_msgs) StdoutLine: {'line': b'-- Installing: /home/strain-drone/Documents/drone_position_hold/ros2_ws/install/mocap4r2_control_msgs/lib/python3.12/site-packages/mocap4r2_control_msgs/_mocap4r2_control_msgs_s.ep.rosidl_typesupport_fastrtps_c.c\n'}
[36.709588] (-) TimerEvent: {}
[36.716166] (mocap4r2_control_msgs) StdoutLine: {'line': b"Listing '/home/strain-drone/Documents/drone_position_hold/ros2_ws/install/mocap4r2_control_msgs/lib/python3.12/site-packages/mocap4r2_control_msgs'...\n"}
[36.716577] (mocap4r2_control_msgs) StdoutLine: {'line': b"Compiling '/home/strain-drone/Documents/drone_position_hold/ros2_ws/install/mocap4r2_control_msgs/lib/python3.12/site-packages/mocap4r2_control_msgs/__init__.py'...\n"}
[36.716811] (mocap4r2_control_msgs) StdoutLine: {'line': b"Listing '/home/strain-drone/Documents/drone_position_hold/ros2_ws/install/mocap4r2_control_msgs/lib/python3.12/site-packages/mocap4r2_control_msgs/msg'...\n"}
[36.717113] (mocap4r2_control_msgs) StdoutLine: {'line': b"Compiling '/home/strain-drone/Documents/drone_position_hold/ros2_ws/install/mocap4r2_control_msgs/lib/python3.12/site-packages/mocap4r2_control_msgs/msg/__init__.py'...\n"}
[36.717373] (mocap4r2_control_msgs) StdoutLine: {'line': b"Compiling '/home/strain-drone/Documents/drone_position_hold/ros2_ws/install/mocap4r2_control_msgs/lib/python3.12/site-packages/mocap4r2_control_msgs/msg/_control.py'...\n"}
[36.717514] (mocap4r2_control_msgs) StdoutLine: {'line': b"Compiling '/home/strain-drone/Documents/drone_position_hold/ros2_ws/install/mocap4r2_control_msgs/lib/python3.12/site-packages/mocap4r2_control_msgs/msg/_mocap_info.py'...\n"}
[36.743504] (mocap4r2_control_msgs) StdoutLine: {'line': b'-- Installing: /home/strain-drone/Documents/drone_position_hold/ros2_ws/install/mocap4r2_control_msgs/lib/python3.12/site-packages/mocap4r2_control_msgs/mocap4r2_control_msgs_s__rosidl_typesupport_fastrtps_c.so\n'}
[36.743899] (mocap4r2_control_msgs) StdoutLine: {'line': b'-- Set non-toolchain portion of runtime path of "/home/strain-drone/Documents/drone_position_hold/ros2_ws/install/mocap4r2_control_msgs/lib/python3.12/site-packages/mocap4r2_control_msgs/mocap4r2_control_msgs_s__rosidl_typesupport_fastrtps_c.so" to ""\n'}
[36.744207] (mocap4r2_control_msgs) StdoutLine: {'line': b'-- Installing: /home/strain-drone/Documents/drone_position_hold/ros2_ws/install/mocap4r2_control_msgs/lib/python3.12/site-packages/mocap4r2_control_msgs/mocap4r2_control_msgs_s__rosidl_typesupport_introspection_c.so\n'}
[36.744819] (mocap4r2_control_msgs) StdoutLine: {'line': b'-- Set non-toolchain portion of runtime path of "/home/strain-drone/Documents/drone_position_hold/ros2_ws/install/mocap4r2_control_msgs/lib/python3.12/site-packages/mocap4r2_control_msgs/mocap4r2_control_msgs_s__rosidl_typesupport_introspection_c.so" to ""\n'}
[36.745318] (mocap4r2_control_msgs) StdoutLine: {'line': b'-- Installing: /home/strain-drone/Documents/drone_position_hold/ros2_ws/install/mocap4r2_control_msgs/lib/python3.12/site-packages/mocap4r2_control_msgs/mocap4r2_control_msgs_s__rosidl_typesupport_c.so\n'}
[36.746366] (mocap4r2_control_msgs) StdoutLine: {'line': b'-- Set non-toolchain portion of runtime path of "/home/strain-drone/Documents/drone_position_hold/ros2_ws/install/mocap4r2_control_msgs/lib/python3.12/site-packages/mocap4r2_control_msgs/mocap4r2_control_msgs_s__rosidl_typesupport_c.so" to ""\n'}
[36.746703] (mocap4r2_control_msgs) StdoutLine: {'line': b'-- Installing: /home/strain-drone/Documents/drone_position_hold/ros2_ws/install/mocap4r2_control_msgs/lib/libmocap4r2_control_msgs__rosidl_generator_py.so\n'}
[36.747293] (mocap4r2_control_msgs) StdoutLine: {'line': b'-- Set non-toolchain portion of runtime path of "/home/strain-drone/Documents/drone_position_hold/ros2_ws/install/mocap4r2_control_msgs/lib/libmocap4r2_control_msgs__rosidl_generator_py.so" to ""\n'}
[36.747755] (mocap4r2_control_msgs) StdoutLine: {'line': b'-- Installing: /home/strain-drone/Documents/drone_position_hold/ros2_ws/install/mocap4r2_control_msgs/share/mocap4r2_control_msgs/msg/Control.idl\n'}
[36.747976] (mocap4r2_control_msgs) StdoutLine: {'line': b'-- Installing: /home/strain-drone/Documents/drone_position_hold/ros2_ws/install/mocap4r2_control_msgs/share/mocap4r2_control_msgs/msg/MocapInfo.idl\n'}
[36.748249] (mocap4r2_control_msgs) StdoutLine: {'line': b'-- Installing: /home/strain-drone/Documents/drone_position_hold/ros2_ws/install/mocap4r2_control_msgs/share/mocap4r2_control_msgs/msg/Control.msg\n'}
[36.748476] (mocap4r2_control_msgs) StdoutLine: {'line': b'-- Installing: /home/strain-drone/Documents/drone_position_hold/ros2_ws/install/mocap4r2_control_msgs/share/mocap4r2_control_msgs/msg/MocapInfo.msg\n'}
[36.750121] (mocap4r2_control_msgs) StdoutLine: {'line': b'-- Installing: /home/strain-drone/Documents/drone_position_hold/ros2_ws/install/mocap4r2_control_msgs/share/mocap4r2_control_msgs/mocap4r2_control_bridge_mapping_rule.yaml\n'}
[36.751268] (mocap4r2_control_msgs) StdoutLine: {'line': b'-- Installing: /home/strain-drone/Documents/drone_position_hold/ros2_ws/install/mocap4r2_control_msgs/share/ament_index/resource_index/package_run_dependencies/mocap4r2_control_msgs\n'}
[36.751562] (mocap4r2_control_msgs) StdoutLine: {'line': b'-- Installing: /home/strain-drone/Documents/drone_position_hold/ros2_ws/install/mocap4r2_control_msgs/share/ament_index/resource_index/parent_prefix_path/mocap4r2_control_msgs\n'}
[36.751872] (mocap4r2_control_msgs) StdoutLine: {'line': b'-- Installing: /home/strain-drone/Documents/drone_position_hold/ros2_ws/install/mocap4r2_control_msgs/share/mocap4r2_control_msgs/environment/ament_prefix_path.sh\n'}
[36.752186] (mocap4r2_control_msgs) StdoutLine: {'line': b'-- Installing: /home/strain-drone/Documents/drone_position_hold/ros2_ws/install/mocap4r2_control_msgs/share/mocap4r2_control_msgs/environment/ament_prefix_path.dsv\n'}
[36.752376] (mocap4r2_control_msgs) StdoutLine: {'line': b'-- Installing: /home/strain-drone/Documents/drone_position_hold/ros2_ws/install/mocap4r2_control_msgs/share/mocap4r2_control_msgs/environment/path.sh\n'}
[36.755010] (mocap4r2_control_msgs) StdoutLine: {'line': b'-- Installing: /home/strain-drone/Documents/drone_position_hold/ros2_ws/install/mocap4r2_control_msgs/share/mocap4r2_control_msgs/environment/path.dsv\n'}
[36.755311] (mocap4r2_control_msgs) StdoutLine: {'line': b'-- Installing: /home/strain-drone/Documents/drone_position_hold/ros2_ws/install/mocap4r2_control_msgs/share/mocap4r2_control_msgs/local_setup.bash\n'}
[36.755479] (mocap4r2_control_msgs) StdoutLine: {'line': b'-- Installing: /home/strain-drone/Documents/drone_position_hold/ros2_ws/install/mocap4r2_control_msgs/share/mocap4r2_control_msgs/local_setup.sh\n'}
[36.755723] (mocap4r2_control_msgs) StdoutLine: {'line': b'-- Installing: /home/strain-drone/Documents/drone_position_hold/ros2_ws/install/mocap4r2_control_msgs/share/mocap4r2_control_msgs/local_setup.zsh\n'}
[36.755872] (mocap4r2_control_msgs) StdoutLine: {'line': b'-- Installing: /home/strain-drone/Documents/drone_position_hold/ros2_ws/install/mocap4r2_control_msgs/share/mocap4r2_control_msgs/local_setup.dsv\n'}
[36.756148] (mocap4r2_control_msgs) StdoutLine: {'line': b'-- Installing: /home/strain-drone/Documents/drone_position_hold/ros2_ws/install/mocap4r2_control_msgs/share/mocap4r2_control_msgs/package.dsv\n'}
[36.756281] (mocap4r2_control_msgs) StdoutLine: {'line': b'-- Installing: /home/strain-drone/Documents/drone_position_hold/ros2_ws/install/mocap4r2_control_msgs/share/ament_index/resource_index/packages/mocap4r2_control_msgs\n'}
[36.756411] (mocap4r2_control_msgs) StdoutLine: {'line': b'-- Installing: /home/strain-drone/Documents/drone_position_hold/ros2_ws/install/mocap4r2_control_msgs/share/mocap4r2_control_msgs/cmake/export_mocap4r2_control_msgs__rosidl_generator_cExport.cmake\n'}
[36.756532] (mocap4r2_control_msgs) StdoutLine: {'line': b'-- Installing: /home/strain-drone/Documents/drone_position_hold/ros2_ws/install/mocap4r2_control_msgs/share/mocap4r2_control_msgs/cmake/export_mocap4r2_control_msgs__rosidl_generator_cExport-noconfig.cmake\n'}
[36.756648] (mocap4r2_control_msgs) StdoutLine: {'line': b'-- Installing: /home/strain-drone/Documents/drone_position_hold/ros2_ws/install/mocap4r2_control_msgs/share/mocap4r2_control_msgs/cmake/export_mocap4r2_control_msgs__rosidl_typesupport_fastrtps_cExport.cmake\n'}
[36.756752] (mocap4r2_control_msgs) StdoutLine: {'line': b'-- Installing: /home/strain-drone/Documents/drone_position_hold/ros2_ws/install/mocap4r2_control_msgs/share/mocap4r2_control_msgs/cmake/export_mocap4r2_control_msgs__rosidl_typesupport_fastrtps_cExport-noconfig.cmake\n'}
[36.756871] (mocap4r2_control_msgs) StdoutLine: {'line': b'-- Installing: /home/strain-drone/Documents/drone_position_hold/ros2_ws/install/mocap4r2_control_msgs/share/mocap4r2_control_msgs/cmake/mocap4r2_control_msgs__rosidl_typesupport_introspection_cExport.cmake\n'}
[36.757207] (mocap4r2_control_msgs) StdoutLine: {'line': b'-- Installing: /home/strain-drone/Documents/drone_position_hold/ros2_ws/install/mocap4r2_control_msgs/share/mocap4r2_control_msgs/cmake/mocap4r2_control_msgs__rosidl_typesupport_introspection_cExport-noconfig.cmake\n'}
[36.757331] (mocap4r2_control_msgs) StdoutLine: {'line': b'-- Installing: /home/strain-drone/Documents/drone_position_hold/ros2_ws/install/mocap4r2_control_msgs/share/mocap4r2_control_msgs/cmake/mocap4r2_control_msgs__rosidl_typesupport_cExport.cmake\n'}
[36.757452] (mocap4r2_control_msgs) StdoutLine: {'line': b'-- Installing: /home/strain-drone/Documents/drone_position_hold/ros2_ws/install/mocap4r2_control_msgs/share/mocap4r2_control_msgs/cmake/mocap4r2_control_msgs__rosidl_typesupport_cExport-noconfig.cmake\n'}
[36.757598] (mocap4r2_control_msgs) StdoutLine: {'line': b'-- Installing: /home/strain-drone/Documents/drone_position_hold/ros2_ws/install/mocap4r2_control_msgs/share/mocap4r2_control_msgs/cmake/export_mocap4r2_control_msgs__rosidl_generator_cppExport.cmake\n'}
[36.758932] (mocap4r2_control_msgs) StdoutLine: {'line': b'-- Installing: /home/strain-drone/Documents/drone_position_hold/ros2_ws/install/mocap4r2_control_msgs/share/mocap4r2_control_msgs/cmake/export_mocap4r2_control_msgs__rosidl_typesupport_fastrtps_cppExport.cmake\n'}
[36.759300] (mocap4r2_control_msgs) StdoutLine: {'line': b'-- Installing: /home/strain-drone/Documents/drone_position_hold/ros2_ws/install/mocap4r2_control_msgs/share/mocap4r2_control_msgs/cmake/export_mocap4r2_control_msgs__rosidl_typesupport_fastrtps_cppExport-noconfig.cmake\n'}
[36.759452] (mocap4r2_control_msgs) StdoutLine: {'line': b'-- Installing: /home/strain-drone/Documents/drone_position_hold/ros2_ws/install/mocap4r2_control_msgs/share/mocap4r2_control_msgs/cmake/mocap4r2_control_msgs__rosidl_typesupport_introspection_cppExport.cmake\n'}
[36.759588] (mocap4r2_control_msgs) StdoutLine: {'line': b'-- Installing: /home/strain-drone/Documents/drone_position_hold/ros2_ws/install/mocap4r2_control_msgs/share/mocap4r2_control_msgs/cmake/mocap4r2_control_msgs__rosidl_typesupport_introspection_cppExport-noconfig.cmake\n'}
[36.759724] (mocap4r2_control_msgs) StdoutLine: {'line': b'-- Installing: /home/strain-drone/Documents/drone_position_hold/ros2_ws/install/mocap4r2_control_msgs/share/mocap4r2_control_msgs/cmake/mocap4r2_control_msgs__rosidl_typesupport_cppExport.cmake\n'}
[36.759851] (mocap4r2_control_msgs) StdoutLine: {'line': b'-- Installing: /home/strain-drone/Documents/drone_position_hold/ros2_ws/install/mocap4r2_control_msgs/share/mocap4r2_control_msgs/cmake/mocap4r2_control_msgs__rosidl_typesupport_cppExport-noconfig.cmake\n'}
[36.760446] (mocap4r2_control_msgs) StdoutLine: {'line': b'-- Installing: /home/strain-drone/Documents/drone_position_hold/ros2_ws/install/mocap4r2_control_msgs/share/mocap4r2_control_msgs/cmake/export_mocap4r2_control_msgs__rosidl_generator_pyExport.cmake\n'}
[36.760854] (mocap4r2_control_msgs) StdoutLine: {'line': b'-- Installing: /home/strain-drone/Documents/drone_position_hold/ros2_ws/install/mocap4r2_control_msgs/share/mocap4r2_control_msgs/cmake/export_mocap4r2_control_msgs__rosidl_generator_pyExport-noconfig.cmake\n'}
[36.761041] (mocap4r2_control_msgs) StdoutLine: {'line': b'-- Installing: /home/strain-drone/Documents/drone_position_hold/ros2_ws/install/mocap4r2_control_msgs/share/mocap4r2_control_msgs/cmake/rosidl_cmake-extras.cmake\n'}
[36.762600] (mocap4r2_control_msgs) StdoutLine: {'line': b'-- Installing: /home/strain-drone/Documents/drone_position_hold/ros2_ws/install/mocap4r2_control_msgs/share/mocap4r2_control_msgs/cmake/ament_cmake_export_dependencies-extras.cmake\n'}
[36.762765] (mocap4r2_control_msgs) StdoutLine: {'line': b'-- Installing: /home/strain-drone/Documents/drone_position_hold/ros2_ws/install/mocap4r2_control_msgs/share/mocap4r2_control_msgs/cmake/ament_cmake_export_include_directories-extras.cmake\n'}
[36.762940] (mocap4r2_control_msgs) StdoutLine: {'line': b'-- Installing: /home/strain-drone/Documents/drone_position_hold/ros2_ws/install/mocap4r2_control_msgs/share/mocap4r2_control_msgs/cmake/ament_cmake_export_libraries-extras.cmake\n'}
[36.763138] (mocap4r2_control_msgs) StdoutLine: {'line': b'-- Installing: /home/strain-drone/Documents/drone_position_hold/ros2_ws/install/mocap4r2_control_msgs/share/mocap4r2_control_msgs/cmake/ament_cmake_export_targets-extras.cmake\n'}
[36.763302] (mocap4r2_control_msgs) StdoutLine: {'line': b'-- Installing: /home/strain-drone/Documents/drone_position_hold/ros2_ws/install/mocap4r2_control_msgs/share/mocap4r2_control_msgs/cmake/rosidl_cmake_export_typesupport_targets-extras.cmake\n'}
[36.763441] (mocap4r2_control_msgs) StdoutLine: {'line': b'-- Installing: /home/strain-drone/Documents/drone_position_hold/ros2_ws/install/mocap4r2_control_msgs/share/mocap4r2_control_msgs/cmake/rosidl_cmake_export_typesupport_libraries-extras.cmake\n'}
[36.763549] (mocap4r2_control_msgs) StdoutLine: {'line': b'-- Installing: /home/strain-drone/Documents/drone_position_hold/ros2_ws/install/mocap4r2_control_msgs/share/mocap4r2_control_msgs/cmake/mocap4r2_control_msgsConfig.cmake\n'}
[36.763658] (mocap4r2_control_msgs) StdoutLine: {'line': b'-- Installing: /home/strain-drone/Documents/drone_position_hold/ros2_ws/install/mocap4r2_control_msgs/share/mocap4r2_control_msgs/cmake/mocap4r2_control_msgsConfig-version.cmake\n'}
[36.763788] (mocap4r2_control_msgs) StdoutLine: {'line': b'-- Installing: /home/strain-drone/Documents/drone_position_hold/ros2_ws/install/mocap4r2_control_msgs/share/mocap4r2_control_msgs/package.xml\n'}
[36.768978] (mocap4r2_control_msgs) CommandEnded: {'returncode': 0}
[36.814486] (-) TimerEvent: {}
[36.826131] (mocap4r2_control_msgs) JobEnded: {'identifier': 'mocap4r2_control_msgs', 'rc': 0}
[36.826746] (mocap4r2_control) JobStarted: {'identifier': 'mocap4r2_control'}
[36.843850] (mocap4r2_control) JobProgress: {'identifier': 'mocap4r2_control', 'progress': 'cmake'}
[36.846248] (mocap4r2_control) Command: {'cmd': ['/usr/bin/cmake', '/home/strain-drone/Documents/drone_position_hold/ros2_ws/src/mocap4r2/mocap4r2_control/mocap4r2_control', '-DCMAKE_INSTALL_PREFIX=/home/strain-drone/Documents/drone_position_hold/ros2_ws/install/mocap4r2_control'], 'cwd': '/home/strain-drone/Documents/drone_position_hold/ros2_ws/build/mocap4r2_control', 'env': OrderedDict({'LESSOPEN': '| /usr/bin/lesspipe %s', 'USER': 'strain-drone', 'SSH_CLIENT': '100.119.134.77 59684 22', 'XDG_SESSION_TYPE': 'tty', 'SHLVL': '1', 'LD_LIBRARY_PATH': '/home/strain-drone/Documents/drone_position_hold/ros2_ws/install/mocap4r2_control_msgs/lib:/opt/ros/jazzy/opt/rviz_ogre_vendor/lib:/opt/ros/jazzy/lib/aarch64-linux-gnu:/opt/ros/jazzy/opt/gz_math_vendor/lib:/opt/ros/jazzy/opt/gz_utils_vendor/lib:/opt/ros/jazzy/opt/gz_cmake_vendor/lib:/opt/ros/jazzy/lib:/home/strain-drone/Documents/drone_position_hold/ros2_ws/src/natnet_ros2/deps/NatNetSDK/lib', 'HOME': '/home/strain-drone', 'OLDPWD': '/home/strain-drone', 'SSH_TTY': '/dev/pts/0', 'ROS_PYTHON_VERSION': '3', 'PS1': '(venv-ardupilot) \\[\\e]0;\\u@\\h: \\w\\a\\]${debian_chroot:+($debian_chroot)}\\[\\033[01;32m\\]\\u@\\h\\[\\033[00m\\]:\\[\\033[01;34m\\]\\w\\[\\033[00m\\]\\$', 'DBUS_SESSION_BUS_ADDRESS': 'unix:path=/run/user/1002/bus', 'DEBUGINFOD_URLS': 'https://debuginfod.ubuntu.com', 'ROS_DISTRO': 'jazzy', 'LOGNAME': 'strain-drone', '_': '/usr/bin/colcon', 'ROS_VERSION': '2', 'XDG_SESSION_CLASS': 'user', 'TERM': 'xterm-256color', 'XDG_SESSION_ID': '3', 'PATH': '/usr/lib/ccache:/home/strain-drone/Documents/ardupilot/Tools/autotest:/opt/gcc-arm-none-eabi-10-2020-q4-major/bin:/home/strain-drone/venv-ardupilot/bin:/home/strain-drone/.local/bin:/opt/ros/jazzy/bin:/usr/local/sbin:/usr/local/bin:/usr/sbin:/usr/bin:/sbin:/bin:/usr/games:/usr/local/games:/snap/bin:/home/strain-drone/.local/bin:/home/strain-drone/.local/bin', 'XDG_RUNTIME_DIR': '/run/user/1002', 'LANG': 'en_US.UTF-8', 'VIRTUAL_ENV_PROMPT': '(venv-ardupilot)', 'LS_COLORS': 'rs=0:di=01;34:ln=01;36:mh=00:pi=40;33:so=01;35:do=01;35:bd=40;33;01:cd=40;33;01:or=40;31;01:mi=00:su=37;41:sg=30;43:ca=00:tw=30;42:ow=34;42:st=37;44:ex=01;32:*.tar=01;31:*.tgz=01;31:*.arc=01;31:*.arj=01;31:*.taz=01;31:*.lha=01;31:*.lz4=01;31:*.lzh=01;31:*.lzma=01;31:*.tlz=01;31:*.txz=01;31:*.tzo=01;31:*.t7z=01;31:*.zip=01;31:*.z=01;31:*.dz=01;31:*.gz=01;31:*.lrz=01;31:*.lz=01;31:*.lzo=01;31:*.xz=01;31:*.zst=01;31:*.tzst=01;31:*.bz2=01;31:*.bz=01;31:*.tbz=01;31:*.tbz2=01;31:*.tz=01;31:*.deb=01;31:*.rpm=01;31:*.jar=01;31:*.war=01;31:*.ear=01;31:*.sar=01;31:*.rar=01;31:*.alz=01;31:*.ace=01;31:*.zoo=01;31:*.cpio=01;31:*.7z=01;31:*.rz=01;31:*.cab=01;31:*.wim=01;31:*.swm=01;31:*.dwm=01;31:*.esd=01;31:*.avif=01;35:*.jpg=01;35:*.jpeg=01;35:*.mjpg=01;35:*.mjpeg=01;35:*.gif=01;35:*.bmp=01;35:*.pbm=01;35:*.pgm=01;35:*.ppm=01;35:*.tga=01;35:*.xbm=01;35:*.xpm=01;35:*.tif=01;35:*.tiff=01;35:*.png=01;35:*.svg=01;35:*.svgz=01;35:*.mng=01;35:*.pcx=01;35:*.mov=01;35:*.mpg=01;35:*.mpeg=01;35:*.m2v=01;35:*.mkv=01;35:*.webm=01;35:*.webp=01;35:*.ogm=01;35:*.mp4=01;35:*.m4v=01;35:*.mp4v=01;35:*.vob=01;35:*.qt=01;35:*.nuv=01;35:*.wmv=01;35:*.asf=01;35:*.rm=01;35:*.rmvb=01;35:*.flc=01;35:*.avi=01;35:*.fli=01;35:*.flv=01;35:*.gl=01;35:*.dl=01;35:*.xcf=01;35:*.xwd=01;35:*.yuv=01;35:*.cgm=01;35:*.emf=01;35:*.ogv=01;35:*.ogx=01;35:*.aac=00;36:*.au=00;36:*.flac=00;36:*.m4a=00;36:*.mid=00;36:*.midi=00;36:*.mka=00;36:*.mp3=00;36:*.mpc=00;36:*.ogg=00;36:*.ra=00;36:*.wav=00;36:*.oga=00;36:*.opus=00;36:*.spx=00;36:*.xspf=00;36:*~=00;90:*#=00;90:*.bak=00;90:*.crdownload=00;90:*.dpkg-dist=00;90:*.dpkg-new=00;90:*.dpkg-old=00;90:*.dpkg-tmp=00;90:*.old=00;90:*.orig=00;90:*.part=00;90:*.rej=00;90:*.rpmnew=00;90:*.rpmorig=00;90:*.rpmsave=00;90:*.swp=00;90:*.tmp=00;90:*.ucf-dist=00;90:*.ucf-new=00;90:*.ucf-old=00;90:', 'ROS_DOMAIN_ID': '1', 'AMENT_PREFIX_PATH': '/home/strain-drone/Documents/drone_position_hold/ros2_ws/install/mocap4r2_control_msgs:/opt/ros/jazzy', 'SHELL': '/bin/bash', 'LESSCLOSE': '/usr/bin/lesspipe %s %s', 'VIRTUAL_ENV': '/home/strain-drone/venv-ardupilot', 'ROS_AUTOMATIC_DISCOVERY_RANGE': 'SUBNET', 'PWD': '/home/strain-drone/Documents/drone_position_hold/ros2_ws/build/mocap4r2_control', 'LC_ALL': 'en_US.UTF-8', 'SSH_CONNECTION': '100.119.134.77 59684 100.96.124.69 22', 'XDG_DATA_DIRS': '/usr/share/gnome:/usr/local/share:/usr/share:/var/lib/snapd/desktop', 'PYTHONPATH': '/home/strain-drone/Documents/drone_position_hold/ros2_ws/install/mocap4r2_control_msgs/lib/python3.12/site-packages:/opt/ros/jazzy/lib/python3.12/site-packages', 'COLCON': '1', 'CMAKE_PREFIX_PATH': '/home/strain-drone/Documents/drone_position_hold/ros2_ws/install/mocap4r2_control_msgs:/opt/ros/jazzy/opt/gz_math_vendor:/opt/ros/jazzy/opt/gz_utils_vendor:/opt/ros/jazzy/opt/gz_cmake_vendor:/opt/ros/jazzy'}), 'shell': False}
[36.875436] (mocap4r2_marker_viz_srvs) StdoutLine: {'line': b'[ 84%] \x1b[32mBuilding C object CMakeFiles/mocap4r2_marker_viz_srvs__rosidl_generator_py.dir/rosidl_generator_py/mocap4r2_marker_viz_srvs/srv/_reset_marker_color_s.c.o\x1b[0m\n'}
[36.914633] (-) TimerEvent: {}
[36.986606] (mocap4r2_control) StdoutLine: {'line': b'-- The C compiler identification is GNU 13.3.0\n'}
[37.014773] (-) TimerEvent: {}
[37.115238] (-) TimerEvent: {}
[37.135069] (mocap4r2_control) StdoutLine: {'line': b'-- The CXX compiler identification is GNU 13.3.0\n'}
[37.182090] (mocap4r2_control) StdoutLine: {'line': b'-- Detecting C compiler ABI info\n'}
[37.215374] (-) TimerEvent: {}
[37.315802] (-) TimerEvent: {}
[37.384461] (mocap4r2_control) StdoutLine: {'line': b'-- Detecting C compiler ABI info - done\n'}
[37.385836] (mocap4r2_marker_viz_srvs) StdoutLine: {'line': b'[ 86%] \x1b[32m\x1b[1mLinking C shared library libmocap4r2_marker_viz_srvs__rosidl_generator_py.so\x1b[0m\n'}
[37.402454] (mocap4r2_control) StdoutLine: {'line': b'-- Check for working C compiler: /usr/lib/ccache/cc - skipped\n'}
[37.402923] (mocap4r2_control) StdoutLine: {'line': b'-- Detecting C compile features\n'}
[37.405001] (mocap4r2_control) StdoutLine: {'line': b'-- Detecting C compile features - done\n'}
[37.415950] (-) TimerEvent: {}
[37.431444] (mocap4r2_control) StdoutLine: {'line': b'-- Detecting CXX compiler ABI info\n'}
[37.503061] (mocap4r2_marker_viz_srvs) StdoutLine: {'line': b'[ 86%] Built target mocap4r2_marker_viz_srvs__rosidl_generator_py\n'}
[37.516088] (-) TimerEvent: {}
[37.545024] (mocap4r2_marker_viz_srvs) StdoutLine: {'line': b'[ 88%] \x1b[32mBuilding C object CMakeFiles/mocap4r2_marker_viz_srvs_s__rosidl_typesupport_fastrtps_c.dir/rosidl_generator_py/mocap4r2_marker_viz_srvs/_mocap4r2_marker_viz_srvs_s.ep.rosidl_typesupport_fastrtps_c.c.o\x1b[0m\n'}
[37.551006] (mocap4r2_msgs) StdoutLine: {'line': b'[ 82%] \x1b[32m\x1b[1mLinking CXX shared library libmocap4r2_msgs__rosidl_typesupport_fastrtps_c.so\x1b[0m\n'}
[37.616299] (-) TimerEvent: {}
[37.663334] (mocap4r2_control) StdoutLine: {'line': b'-- Detecting CXX compiler ABI info - done\n'}
[37.682725] (mocap4r2_control) StdoutLine: {'line': b'-- Check for working CXX compiler: /usr/lib/ccache/c++ - skipped\n'}
[37.683796] (mocap4r2_control) StdoutLine: {'line': b'-- Detecting CXX compile features\n'}
[37.685252] (mocap4r2_control) StdoutLine: {'line': b'-- Detecting CXX compile features - done\n'}
[37.690146] (mocap4r2_control) StdoutLine: {'line': b'-- Found ament_cmake: 2.5.4 (/opt/ros/jazzy/share/ament_cmake/cmake)\n'}
[37.719008] (-) TimerEvent: {}
[37.759135] (mocap4r2_msgs) StdoutLine: {'line': b'[ 82%] Built target mocap4r2_msgs__rosidl_typesupport_fastrtps_c\n'}
[37.801190] (mocap4r2_msgs) StdoutLine: {'line': b'[ 82%] Built target mocap4r2_msgs\n'}
[37.819139] (-) TimerEvent: {}
[37.851027] (mocap4r2_msgs) StdoutLine: {'line': b'[ 83%] \x1b[34m\x1b[1mGenerating Python code for ROS interfaces\x1b[0m\n'}
[37.919259] (-) TimerEvent: {}
[38.007195] (mocap4r2_marker_viz_srvs) StdoutLine: {'line': b'[ 90%] \x1b[32m\x1b[1mLinking C shared module rosidl_generator_py/mocap4r2_marker_viz_srvs/mocap4r2_marker_viz_srvs_s__rosidl_typesupport_fastrtps_c.so\x1b[0m\n'}
[38.017050] (mocap4r2_control) StdoutLine: {'line': b'-- Found Python3: /home/strain-drone/venv-ardupilot/bin/python3 (found version "3.12.3") found components: Interpreter \n'}
[38.019399] (-) TimerEvent: {}
[38.119877] (-) TimerEvent: {}
[38.143061] (mocap4r2_marker_viz_srvs) StdoutLine: {'line': b'[ 90%] Built target mocap4r2_marker_viz_srvs_s__rosidl_typesupport_fastrtps_c\n'}
[38.148445] (mavros_config) Command: {'cmd': ['/usr/bin/python3', '-W', 'ignore:setup.py install is deprecated', '-W', 'ignore:easy_install command is deprecated', 'setup.py', 'egg_info', '--egg-base', '../../build/mavros_config', 'build', '--build-base', '/home/strain-drone/Documents/drone_position_hold/ros2_ws/build/mavros_config/build', 'install', '--record', '/home/strain-drone/Documents/drone_position_hold/ros2_ws/build/mavros_config/install.log', '--single-version-externally-managed', 'install_data'], 'cwd': '/home/strain-drone/Documents/drone_position_hold/ros2_ws/src/mavros_config', 'env': {'LESSOPEN': '| /usr/bin/lesspipe %s', 'USER': 'strain-drone', 'SSH_CLIENT': '100.119.134.77 59684 22', 'XDG_SESSION_TYPE': 'tty', 'SHLVL': '1', 'LD_LIBRARY_PATH': '/opt/ros/jazzy/opt/rviz_ogre_vendor/lib:/opt/ros/jazzy/lib/aarch64-linux-gnu:/opt/ros/jazzy/opt/gz_math_vendor/lib:/opt/ros/jazzy/opt/gz_utils_vendor/lib:/opt/ros/jazzy/opt/gz_cmake_vendor/lib:/opt/ros/jazzy/lib:/home/strain-drone/Documents/drone_position_hold/ros2_ws/src/natnet_ros2/deps/NatNetSDK/lib', 'HOME': '/home/strain-drone', 'OLDPWD': '/home/strain-drone', 'SSH_TTY': '/dev/pts/0', 'ROS_PYTHON_VERSION': '3', 'PS1': '(venv-ardupilot) \\[\\e]0;\\u@\\h: \\w\\a\\]${debian_chroot:+($debian_chroot)}\\[\\033[01;32m\\]\\u@\\h\\[\\033[00m\\]:\\[\\033[01;34m\\]\\w\\[\\033[00m\\]\\$', 'DBUS_SESSION_BUS_ADDRESS': 'unix:path=/run/user/1002/bus', 'DEBUGINFOD_URLS': 'https://debuginfod.ubuntu.com', 'ROS_DISTRO': 'jazzy', 'LOGNAME': 'strain-drone', '_': '/usr/bin/colcon', 'ROS_VERSION': '2', 'XDG_SESSION_CLASS': 'user', 'TERM': 'xterm-256color', 'XDG_SESSION_ID': '3', 'PATH': '/usr/lib/ccache:/home/strain-drone/Documents/ardupilot/Tools/autotest:/opt/gcc-arm-none-eabi-10-2020-q4-major/bin:/home/strain-drone/venv-ardupilot/bin:/home/strain-drone/.local/bin:/opt/ros/jazzy/bin:/usr/local/sbin:/usr/local/bin:/usr/sbin:/usr/bin:/sbin:/bin:/usr/games:/usr/local/games:/snap/bin:/home/strain-drone/.local/bin:/home/strain-drone/.local/bin', 'XDG_RUNTIME_DIR': '/run/user/1002', 'LANG': 'en_US.UTF-8', 'VIRTUAL_ENV_PROMPT': '(venv-ardupilot)', 'LS_COLORS': 'rs=0:di=01;34:ln=01;36:mh=00:pi=40;33:so=01;35:do=01;35:bd=40;33;01:cd=40;33;01:or=40;31;01:mi=00:su=37;41:sg=30;43:ca=00:tw=30;42:ow=34;42:st=37;44:ex=01;32:*.tar=01;31:*.tgz=01;31:*.arc=01;31:*.arj=01;31:*.taz=01;31:*.lha=01;31:*.lz4=01;31:*.lzh=01;31:*.lzma=01;31:*.tlz=01;31:*.txz=01;31:*.tzo=01;31:*.t7z=01;31:*.zip=01;31:*.z=01;31:*.dz=01;31:*.gz=01;31:*.lrz=01;31:*.lz=01;31:*.lzo=01;31:*.xz=01;31:*.zst=01;31:*.tzst=01;31:*.bz2=01;31:*.bz=01;31:*.tbz=01;31:*.tbz2=01;31:*.tz=01;31:*.deb=01;31:*.rpm=01;31:*.jar=01;31:*.war=01;31:*.ear=01;31:*.sar=01;31:*.rar=01;31:*.alz=01;31:*.ace=01;31:*.zoo=01;31:*.cpio=01;31:*.7z=01;31:*.rz=01;31:*.cab=01;31:*.wim=01;31:*.swm=01;31:*.dwm=01;31:*.esd=01;31:*.avif=01;35:*.jpg=01;35:*.jpeg=01;35:*.mjpg=01;35:*.mjpeg=01;35:*.gif=01;35:*.bmp=01;35:*.pbm=01;35:*.pgm=01;35:*.ppm=01;35:*.tga=01;35:*.xbm=01;35:*.xpm=01;35:*.tif=01;35:*.tiff=01;35:*.png=01;35:*.svg=01;35:*.svgz=01;35:*.mng=01;35:*.pcx=01;35:*.mov=01;35:*.mpg=01;35:*.mpeg=01;35:*.m2v=01;35:*.mkv=01;35:*.webm=01;35:*.webp=01;35:*.ogm=01;35:*.mp4=01;35:*.m4v=01;35:*.mp4v=01;35:*.vob=01;35:*.qt=01;35:*.nuv=01;35:*.wmv=01;35:*.asf=01;35:*.rm=01;35:*.rmvb=01;35:*.flc=01;35:*.avi=01;35:*.fli=01;35:*.flv=01;35:*.gl=01;35:*.dl=01;35:*.xcf=01;35:*.xwd=01;35:*.yuv=01;35:*.cgm=01;35:*.emf=01;35:*.ogv=01;35:*.ogx=01;35:*.aac=00;36:*.au=00;36:*.flac=00;36:*.m4a=00;36:*.mid=00;36:*.midi=00;36:*.mka=00;36:*.mp3=00;36:*.mpc=00;36:*.ogg=00;36:*.ra=00;36:*.wav=00;36:*.oga=00;36:*.opus=00;36:*.spx=00;36:*.xspf=00;36:*~=00;90:*#=00;90:*.bak=00;90:*.crdownload=00;90:*.dpkg-dist=00;90:*.dpkg-new=00;90:*.dpkg-old=00;90:*.dpkg-tmp=00;90:*.old=00;90:*.orig=00;90:*.part=00;90:*.rej=00;90:*.rpmnew=00;90:*.rpmorig=00;90:*.rpmsave=00;90:*.swp=00;90:*.tmp=00;90:*.ucf-dist=00;90:*.ucf-new=00;90:*.ucf-old=00;90:', 'ROS_DOMAIN_ID': '1', 'AMENT_PREFIX_PATH': '/opt/ros/jazzy', 'SHELL': '/bin/bash', 'LESSCLOSE': '/usr/bin/lesspipe %s %s', 'VIRTUAL_ENV': '/home/strain-drone/venv-ardupilot', 'ROS_AUTOMATIC_DISCOVERY_RANGE': 'SUBNET', 'PWD': '/home/strain-drone/Documents/drone_position_hold/ros2_ws/build/mavros_config', 'LC_ALL': 'en_US.UTF-8', 'SSH_CONNECTION': '100.119.134.77 59684 100.96.124.69 22', 'XDG_DATA_DIRS': '/usr/share/gnome:/usr/local/share:/usr/share:/var/lib/snapd/desktop', 'PYTHONPATH': '/home/strain-drone/Documents/drone_position_hold/ros2_ws/build/mavros_config/prefix_override:/usr/lib/python3/dist-packages/colcon_core/task/python/colcon_distutils_commands:/home/strain-drone/Documents/drone_position_hold/ros2_ws/install/mavros_config/lib/python3.12/site-packages:/opt/ros/jazzy/lib/python3.12/site-packages', 'COLCON': '1', 'CMAKE_PREFIX_PATH': '/opt/ros/jazzy/opt/gz_math_vendor:/opt/ros/jazzy/opt/gz_utils_vendor:/opt/ros/jazzy/opt/gz_cmake_vendor'}, 'shell': False}
[38.194199] (mocap4r2_marker_viz_srvs) StdoutLine: {'line': b'[ 93%] \x1b[32mBuilding C object CMakeFiles/mocap4r2_marker_viz_srvs_s__rosidl_typesupport_c.dir/rosidl_generator_py/mocap4r2_marker_viz_srvs/_mocap4r2_marker_viz_srvs_s.ep.rosidl_typesupport_c.c.o\x1b[0m\n'}
[38.221006] (-) TimerEvent: {}
[38.302948] (mocap4r2_control) StdoutLine: {'line': b'-- Found rclcpp: 28.1.9 (/opt/ros/jazzy/share/rclcpp/cmake)\n'}
[38.321124] (-) TimerEvent: {}
[38.404388] (mocap4r2_control) StdoutLine: {'line': b'-- Found rosidl_generator_c: 4.6.5 (/opt/ros/jazzy/share/rosidl_generator_c/cmake)\n'}
[38.421314] (-) TimerEvent: {}
[38.429086] (mocap4r2_control) StdoutLine: {'line': b'-- Found rosidl_generator_cpp: 4.6.5 (/opt/ros/jazzy/share/rosidl_generator_cpp/cmake)\n'}
[38.458195] (mocap4r2_control) StdoutLine: {'line': b'-- Using all available rosidl_typesupport_c: rosidl_typesupport_fastrtps_c;rosidl_typesupport_introspection_c\n'}
[38.495185] (mocap4r2_control) StdoutLine: {'line': b'-- Using all available rosidl_typesupport_cpp: rosidl_typesupport_fastrtps_cpp;rosidl_typesupport_introspection_cpp\n'}
[38.521432] (-) TimerEvent: {}
[38.567565] (mocap4r2_marker_viz_srvs) StdoutLine: {'line': b'[ 95%] \x1b[32m\x1b[1mLinking C shared module rosidl_generator_py/mocap4r2_marker_viz_srvs/mocap4r2_marker_viz_srvs_s__rosidl_typesupport_c.so\x1b[0m\n'}
[38.621541] (-) TimerEvent: {}
[38.627631] (mavros_config) StdoutLine: {'line': b'running egg_info\n'}
[38.628345] (mavros_config) StdoutLine: {'line': b'creating ../../build/mavros_config/mavros_config.egg-info\n'}
[38.633982] (mocap4r2_marker_viz_srvs) StdoutLine: {'line': b'[ 95%] Built target mocap4r2_marker_viz_srvs_s__rosidl_typesupport_c\n'}
[38.659010] (mavros_config) StdoutLine: {'line': b'writing ../../build/mavros_config/mavros_config.egg-info/PKG-INFO\n'}
[38.659568] (mavros_config) StdoutLine: {'line': b'writing dependency_links to ../../build/mavros_config/mavros_config.egg-info/dependency_links.txt\n'}
[38.659987] (mavros_config) StdoutLine: {'line': b'writing requirements to ../../build/mavros_config/mavros_config.egg-info/requires.txt\n'}
[38.660196] (mavros_config) StdoutLine: {'line': b'writing top-level names to ../../build/mavros_config/mavros_config.egg-info/top_level.txt\n'}
[38.660359] (mavros_config) StdoutLine: {'line': b"writing manifest file '../../build/mavros_config/mavros_config.egg-info/SOURCES.txt'\n"}
[38.672119] (mocap4r2_marker_viz_srvs) StdoutLine: {'line': b'[ 97%] \x1b[32mBuilding C object CMakeFiles/mocap4r2_marker_viz_srvs_s__rosidl_typesupport_introspection_c.dir/rosidl_generator_py/mocap4r2_marker_viz_srvs/_mocap4r2_marker_viz_srvs_s.ep.rosidl_typesupport_introspection_c.c.o\x1b[0m\n'}
[38.721999] (-) TimerEvent: {}
[38.724730] (mavros_config) StdoutLine: {'line': b"reading manifest file '../../build/mavros_config/mavros_config.egg-info/SOURCES.txt'\n"}
[38.725071] (mavros_config) StdoutLine: {'line': b"writing manifest file '../../build/mavros_config/mavros_config.egg-info/SOURCES.txt'\n"}
[38.725191] (mavros_config) StdoutLine: {'line': b'running build\n'}
[38.725316] (mavros_config) StdoutLine: {'line': b'running build_py\n'}
[38.727989] (mavros_config) StdoutLine: {'line': b'creating /home/strain-drone/Documents/drone_position_hold/ros2_ws/build/mavros_config/build\n'}
[38.728254] (mavros_config) StdoutLine: {'line': b'creating /home/strain-drone/Documents/drone_position_hold/ros2_ws/build/mavros_config/build/lib\n'}
[38.728345] (mavros_config) StdoutLine: {'line': b'creating /home/strain-drone/Documents/drone_position_hold/ros2_ws/build/mavros_config/build/lib/mavros_config\n'}
[38.728430] (mavros_config) StdoutLine: {'line': b'copying mavros_config/__init__.py -> /home/strain-drone/Documents/drone_position_hold/ros2_ws/build/mavros_config/build/lib/mavros_config\n'}
[38.728514] (mavros_config) StdoutLine: {'line': b'running install\n'}
[38.737784] (mavros_config) StdoutLine: {'line': b'running install_lib\n'}
[38.771170] (mavros_config) StdoutLine: {'line': b'creating /home/strain-drone/Documents/drone_position_hold/ros2_ws/install/mavros_config/lib/python3.12/site-packages/mavros_config\n'}
[38.771523] (mavros_config) StdoutLine: {'line': b'copying /home/strain-drone/Documents/drone_position_hold/ros2_ws/build/mavros_config/build/lib/mavros_config/__init__.py -> /home/strain-drone/Documents/drone_position_hold/ros2_ws/install/mavros_config/lib/python3.12/site-packages/mavros_config\n'}
[38.772458] (mavros_config) StdoutLine: {'line': b'byte-compiling /home/strain-drone/Documents/drone_position_hold/ros2_ws/install/mavros_config/lib/python3.12/site-packages/mavros_config/__init__.py to __init__.cpython-312.pyc\n'}
[38.772987] (mavros_config) StdoutLine: {'line': b'running install_data\n'}
[38.773352] (mavros_config) StdoutLine: {'line': b'creating /home/strain-drone/Documents/drone_position_hold/ros2_ws/install/mavros_config/share/ament_index\n'}
[38.773510] (mavros_config) StdoutLine: {'line': b'creating /home/strain-drone/Documents/drone_position_hold/ros2_ws/install/mavros_config/share/ament_index/resource_index\n'}
[38.774386] (mavros_config) StdoutLine: {'line': b'creating /home/strain-drone/Documents/drone_position_hold/ros2_ws/install/mavros_config/share/ament_index/resource_index/packages\n'}
[38.774611] (mavros_config) StdoutLine: {'line': b'copying resource/mavros_config -> /home/strain-drone/Documents/drone_position_hold/ros2_ws/install/mavros_config/share/ament_index/resource_index/packages\n'}
[38.774709] (mavros_config) StdoutLine: {'line': b'copying package.xml -> /home/strain-drone/Documents/drone_position_hold/ros2_ws/install/mavros_config/share/mavros_config\n'}
[38.774811] (mavros_config) StdoutLine: {'line': b'creating /home/strain-drone/Documents/drone_position_hold/ros2_ws/install/mavros_config/share/mavros_config/launch\n'}
[38.774904] (mavros_config) StdoutLine: {'line': b'copying launch/mavros.launch.py -> /home/strain-drone/Documents/drone_position_hold/ros2_ws/install/mavros_config/share/mavros_config/launch\n'}
[38.775834] (mavros_config) StdoutLine: {'line': b'running install_egg_info\n'}
[38.818075] (mavros_config) StdoutLine: {'line': b'Copying ../../build/mavros_config/mavros_config.egg-info to /home/strain-drone/Documents/drone_position_hold/ros2_ws/install/mavros_config/lib/python3.12/site-packages/mavros_config-0.0.0-py3.12.egg-info\n'}
[38.820156] (mavros_config) StdoutLine: {'line': b'running install_scripts\n'}
[38.823039] (-) TimerEvent: {}
[38.834767] (mocap4r2_control) StdoutLine: {'line': b'-- Found rmw_implementation_cmake: 7.3.2 (/opt/ros/jazzy/share/rmw_implementation_cmake/cmake)\n'}
[38.845014] (mocap4r2_control) StdoutLine: {'line': b'-- Found rmw_fastrtps_cpp: 8.4.2 (/opt/ros/jazzy/share/rmw_fastrtps_cpp/cmake)\n'}
[38.923156] (-) TimerEvent: {}
[39.023553] (-) TimerEvent: {}
[39.073113] (mocap4r2_marker_viz_srvs) StdoutLine: {'line': b'[100%] \x1b[32m\x1b[1mLinking C shared module rosidl_generator_py/mocap4r2_marker_viz_srvs/mocap4r2_marker_viz_srvs_s__rosidl_typesupport_introspection_c.so\x1b[0m\n'}
[39.096018] (mocap4r2_control) StdoutLine: {'line': b'-- Found OpenSSL: /usr/lib/aarch64-linux-gnu/libcrypto.so (found version "3.0.13")  \n'}
[39.119170] (mavros_config) StdoutLine: {'line': b"writing list of installed files to '/home/strain-drone/Documents/drone_position_hold/ros2_ws/build/mavros_config/install.log'\n"}
[39.123771] (-) TimerEvent: {}
[39.140106] (mocap4r2_msgs) StdoutLine: {'line': b'[ 83%] Built target mocap4r2_msgs__py\n'}
[39.151217] (mocap4r2_control) StdoutLine: {'line': b'-- Found FastRTPS: /opt/ros/jazzy/include (Required is at least version "2.13") \n'}
[39.153178] (mocap4r2_marker_viz_srvs) StdoutLine: {'line': b'[100%] Built target mocap4r2_marker_viz_srvs_s__rosidl_typesupport_introspection_c\n'}
[39.187430] (mocap4r2_marker_viz_srvs) CommandEnded: {'returncode': 0}
[39.188379] (mocap4r2_marker_viz_srvs) JobProgress: {'identifier': 'mocap4r2_marker_viz_srvs', 'progress': 'install'}
[39.188444] (mocap4r2_marker_viz_srvs) Command: {'cmd': ['/usr/bin/cmake', '--install', '/home/strain-drone/Documents/drone_position_hold/ros2_ws/build/mocap4r2_marker_viz_srvs'], 'cwd': '/home/strain-drone/Documents/drone_position_hold/ros2_ws/build/mocap4r2_marker_viz_srvs', 'env': OrderedDict({'LESSOPEN': '| /usr/bin/lesspipe %s', 'USER': 'strain-drone', 'SSH_CLIENT': '100.119.134.77 59684 22', 'XDG_SESSION_TYPE': 'tty', 'SHLVL': '1', 'LD_LIBRARY_PATH': '/opt/ros/jazzy/opt/rviz_ogre_vendor/lib:/opt/ros/jazzy/lib/aarch64-linux-gnu:/opt/ros/jazzy/opt/gz_math_vendor/lib:/opt/ros/jazzy/opt/gz_utils_vendor/lib:/opt/ros/jazzy/opt/gz_cmake_vendor/lib:/opt/ros/jazzy/lib:/home/strain-drone/Documents/drone_position_hold/ros2_ws/src/natnet_ros2/deps/NatNetSDK/lib', 'HOME': '/home/strain-drone', 'OLDPWD': '/home/strain-drone', 'SSH_TTY': '/dev/pts/0', 'ROS_PYTHON_VERSION': '3', 'PS1': '(venv-ardupilot) \\[\\e]0;\\u@\\h: \\w\\a\\]${debian_chroot:+($debian_chroot)}\\[\\033[01;32m\\]\\u@\\h\\[\\033[00m\\]:\\[\\033[01;34m\\]\\w\\[\\033[00m\\]\\$', 'DBUS_SESSION_BUS_ADDRESS': 'unix:path=/run/user/1002/bus', 'DEBUGINFOD_URLS': 'https://debuginfod.ubuntu.com', 'ROS_DISTRO': 'jazzy', 'LOGNAME': 'strain-drone', '_': '/usr/bin/colcon', 'ROS_VERSION': '2', 'XDG_SESSION_CLASS': 'user', 'TERM': 'xterm-256color', 'XDG_SESSION_ID': '3', 'PATH': '/usr/lib/ccache:/home/strain-drone/Documents/ardupilot/Tools/autotest:/opt/gcc-arm-none-eabi-10-2020-q4-major/bin:/home/strain-drone/venv-ardupilot/bin:/home/strain-drone/.local/bin:/opt/ros/jazzy/bin:/usr/local/sbin:/usr/local/bin:/usr/sbin:/usr/bin:/sbin:/bin:/usr/games:/usr/local/games:/snap/bin:/home/strain-drone/.local/bin:/home/strain-drone/.local/bin', 'XDG_RUNTIME_DIR': '/run/user/1002', 'LANG': 'en_US.UTF-8', 'VIRTUAL_ENV_PROMPT': '(venv-ardupilot)', 'LS_COLORS': 'rs=0:di=01;34:ln=01;36:mh=00:pi=40;33:so=01;35:do=01;35:bd=40;33;01:cd=40;33;01:or=40;31;01:mi=00:su=37;41:sg=30;43:ca=00:tw=30;42:ow=34;42:st=37;44:ex=01;32:*.tar=01;31:*.tgz=01;31:*.arc=01;31:*.arj=01;31:*.taz=01;31:*.lha=01;31:*.lz4=01;31:*.lzh=01;31:*.lzma=01;31:*.tlz=01;31:*.txz=01;31:*.tzo=01;31:*.t7z=01;31:*.zip=01;31:*.z=01;31:*.dz=01;31:*.gz=01;31:*.lrz=01;31:*.lz=01;31:*.lzo=01;31:*.xz=01;31:*.zst=01;31:*.tzst=01;31:*.bz2=01;31:*.bz=01;31:*.tbz=01;31:*.tbz2=01;31:*.tz=01;31:*.deb=01;31:*.rpm=01;31:*.jar=01;31:*.war=01;31:*.ear=01;31:*.sar=01;31:*.rar=01;31:*.alz=01;31:*.ace=01;31:*.zoo=01;31:*.cpio=01;31:*.7z=01;31:*.rz=01;31:*.cab=01;31:*.wim=01;31:*.swm=01;31:*.dwm=01;31:*.esd=01;31:*.avif=01;35:*.jpg=01;35:*.jpeg=01;35:*.mjpg=01;35:*.mjpeg=01;35:*.gif=01;35:*.bmp=01;35:*.pbm=01;35:*.pgm=01;35:*.ppm=01;35:*.tga=01;35:*.xbm=01;35:*.xpm=01;35:*.tif=01;35:*.tiff=01;35:*.png=01;35:*.svg=01;35:*.svgz=01;35:*.mng=01;35:*.pcx=01;35:*.mov=01;35:*.mpg=01;35:*.mpeg=01;35:*.m2v=01;35:*.mkv=01;35:*.webm=01;35:*.webp=01;35:*.ogm=01;35:*.mp4=01;35:*.m4v=01;35:*.mp4v=01;35:*.vob=01;35:*.qt=01;35:*.nuv=01;35:*.wmv=01;35:*.asf=01;35:*.rm=01;35:*.rmvb=01;35:*.flc=01;35:*.avi=01;35:*.fli=01;35:*.flv=01;35:*.gl=01;35:*.dl=01;35:*.xcf=01;35:*.xwd=01;35:*.yuv=01;35:*.cgm=01;35:*.emf=01;35:*.ogv=01;35:*.ogx=01;35:*.aac=00;36:*.au=00;36:*.flac=00;36:*.m4a=00;36:*.mid=00;36:*.midi=00;36:*.mka=00;36:*.mp3=00;36:*.mpc=00;36:*.ogg=00;36:*.ra=00;36:*.wav=00;36:*.oga=00;36:*.opus=00;36:*.spx=00;36:*.xspf=00;36:*~=00;90:*#=00;90:*.bak=00;90:*.crdownload=00;90:*.dpkg-dist=00;90:*.dpkg-new=00;90:*.dpkg-old=00;90:*.dpkg-tmp=00;90:*.old=00;90:*.orig=00;90:*.part=00;90:*.rej=00;90:*.rpmnew=00;90:*.rpmorig=00;90:*.rpmsave=00;90:*.swp=00;90:*.tmp=00;90:*.ucf-dist=00;90:*.ucf-new=00;90:*.ucf-old=00;90:', 'ROS_DOMAIN_ID': '1', 'AMENT_PREFIX_PATH': '/opt/ros/jazzy', 'SHELL': '/bin/bash', 'LESSCLOSE': '/usr/bin/lesspipe %s %s', 'VIRTUAL_ENV': '/home/strain-drone/venv-ardupilot', 'ROS_AUTOMATIC_DISCOVERY_RANGE': 'SUBNET', 'PWD': '/home/strain-drone/Documents/drone_position_hold/ros2_ws/build/mocap4r2_marker_viz_srvs', 'LC_ALL': 'en_US.UTF-8', 'SSH_CONNECTION': '100.119.134.77 59684 100.96.124.69 22', 'XDG_DATA_DIRS': '/usr/share/gnome:/usr/local/share:/usr/share:/var/lib/snapd/desktop', 'PYTHONPATH': '/opt/ros/jazzy/lib/python3.12/site-packages', 'COLCON': '1', 'CMAKE_PREFIX_PATH': '/opt/ros/jazzy/opt/gz_math_vendor:/opt/ros/jazzy/opt/gz_utils_vendor:/opt/ros/jazzy/opt/gz_cmake_vendor:/opt/ros/jazzy'}), 'shell': False}
[39.195126] (mocap4r2_msgs) StdoutLine: {'line': b'[ 85%] \x1b[32mBuilding C object CMakeFiles/mocap4r2_msgs__rosidl_generator_py.dir/rosidl_generator_py/mocap4r2_msgs/msg/_marker_s.c.o\x1b[0m\n'}
[39.213024] (mocap4r2_control) StdoutLine: {'line': b"-- Using RMW implementation 'rmw_fastrtps_cpp' as default\n"}
[39.213402] (mocap4r2_marker_viz_srvs) StdoutLine: {'line': b'-- Install configuration: ""\n'}
[39.214338] (mocap4r2_marker_viz_srvs) StdoutLine: {'line': b'-- Installing: /home/strain-drone/Documents/drone_position_hold/ros2_ws/install/mocap4r2_marker_viz_srvs/share/ament_index/resource_index/rosidl_interfaces/mocap4r2_marker_viz_srvs\n'}
[39.215605] (mocap4r2_marker_viz_srvs) StdoutLine: {'line': b'-- Installing: /home/strain-drone/Documents/drone_position_hold/ros2_ws/install/mocap4r2_marker_viz_srvs/share/mocap4r2_marker_viz_srvs/srv/SetMarkerColor.json\n'}
[39.216854] (mocap4r2_marker_viz_srvs) StdoutLine: {'line': b'-- Installing: /home/strain-drone/Documents/drone_position_hold/ros2_ws/install/mocap4r2_marker_viz_srvs/share/mocap4r2_marker_viz_srvs/srv/ResetMarkerColor.json\n'}
[39.217136] (mocap4r2_marker_viz_srvs) StdoutLine: {'line': b'-- Installing: /home/strain-drone/Documents/drone_position_hold/ros2_ws/install/mocap4r2_marker_viz_srvs/include/mocap4r2_marker_viz_srvs/mocap4r2_marker_viz_srvs\n'}
[39.218222] (mocap4r2_marker_viz_srvs) StdoutLine: {'line': b'-- Installing: /home/strain-drone/Documents/drone_position_hold/ros2_ws/install/mocap4r2_marker_viz_srvs/include/mocap4r2_marker_viz_srvs/mocap4r2_marker_viz_srvs/srv\n'}
[39.218574] (mocap4r2_marker_viz_srvs) StdoutLine: {'line': b'-- Installing: /home/strain-drone/Documents/drone_position_hold/ros2_ws/install/mocap4r2_marker_viz_srvs/include/mocap4r2_marker_viz_srvs/mocap4r2_marker_viz_srvs/srv/detail\n'}
[39.219370] (mocap4r2_marker_viz_srvs) StdoutLine: {'line': b'-- Installing: /home/strain-drone/Documents/drone_position_hold/ros2_ws/install/mocap4r2_marker_viz_srvs/include/mocap4r2_marker_viz_srvs/mocap4r2_marker_viz_srvs/srv/detail/set_marker_color__functions.c\n'}
[39.219679] (mocap4r2_marker_viz_srvs) StdoutLine: {'line': b'-- Installing: /home/strain-drone/Documents/drone_position_hold/ros2_ws/install/mocap4r2_marker_viz_srvs/include/mocap4r2_marker_viz_srvs/mocap4r2_marker_viz_srvs/srv/detail/reset_marker_color__functions.h\n'}
[39.220746] (mocap4r2_marker_viz_srvs) StdoutLine: {'line': b'-- Installing: /home/strain-drone/Documents/drone_position_hold/ros2_ws/install/mocap4r2_marker_viz_srvs/include/mocap4r2_marker_viz_srvs/mocap4r2_marker_viz_srvs/srv/detail/reset_marker_color__struct.h\n'}
[39.221114] (mocap4r2_marker_viz_srvs) StdoutLine: {'line': b'-- Installing: /home/strain-drone/Documents/drone_position_hold/ros2_ws/install/mocap4r2_marker_viz_srvs/include/mocap4r2_marker_viz_srvs/mocap4r2_marker_viz_srvs/srv/detail/reset_marker_color__description.c\n'}
[39.222279] (mocap4r2_marker_viz_srvs) StdoutLine: {'line': b'-- Installing: /home/strain-drone/Documents/drone_position_hold/ros2_ws/install/mocap4r2_marker_viz_srvs/include/mocap4r2_marker_viz_srvs/mocap4r2_marker_viz_srvs/srv/detail/set_marker_color__functions.h\n'}
[39.222566] (mocap4r2_marker_viz_srvs) StdoutLine: {'line': b'-- Installing: /home/strain-drone/Documents/drone_position_hold/ros2_ws/install/mocap4r2_marker_viz_srvs/include/mocap4r2_marker_viz_srvs/mocap4r2_marker_viz_srvs/srv/detail/set_marker_color__type_support.h\n'}
[39.223518] (mocap4r2_marker_viz_srvs) StdoutLine: {'line': b'-- Installing: /home/strain-drone/Documents/drone_position_hold/ros2_ws/install/mocap4r2_marker_viz_srvs/include/mocap4r2_marker_viz_srvs/mocap4r2_marker_viz_srvs/srv/detail/reset_marker_color__type_support.h\n'}
[39.223766] (-) TimerEvent: {}
[39.224856] (mocap4r2_marker_viz_srvs) StdoutLine: {'line': b'-- Installing: /home/strain-drone/Documents/drone_position_hold/ros2_ws/install/mocap4r2_marker_viz_srvs/include/mocap4r2_marker_viz_srvs/mocap4r2_marker_viz_srvs/srv/detail/set_marker_color__type_support.c\n'}
[39.225169] (mocap4r2_marker_viz_srvs) StdoutLine: {'line': b'-- Installing: /home/strain-drone/Documents/drone_position_hold/ros2_ws/install/mocap4r2_marker_viz_srvs/include/mocap4r2_marker_viz_srvs/mocap4r2_marker_viz_srvs/srv/detail/reset_marker_color__functions.c\n'}
[39.225805] (mocap4r2_marker_viz_srvs) StdoutLine: {'line': b'-- Installing: /home/strain-drone/Documents/drone_position_hold/ros2_ws/install/mocap4r2_marker_viz_srvs/include/mocap4r2_marker_viz_srvs/mocap4r2_marker_viz_srvs/srv/detail/set_marker_color__description.c\n'}
[39.226033] (mocap4r2_marker_viz_srvs) StdoutLine: {'line': b'-- Installing: /home/strain-drone/Documents/drone_position_hold/ros2_ws/install/mocap4r2_marker_viz_srvs/include/mocap4r2_marker_viz_srvs/mocap4r2_marker_viz_srvs/srv/detail/reset_marker_color__type_support.c\n'}
[39.226517] (mocap4r2_marker_viz_srvs) StdoutLine: {'line': b'-- Installing: /home/strain-drone/Documents/drone_position_hold/ros2_ws/install/mocap4r2_marker_viz_srvs/include/mocap4r2_marker_viz_srvs/mocap4r2_marker_viz_srvs/srv/detail/set_marker_color__struct.h\n'}
[39.227043] (mocap4r2_marker_viz_srvs) StdoutLine: {'line': b'-- Installing: /home/strain-drone/Documents/drone_position_hold/ros2_ws/install/mocap4r2_marker_viz_srvs/include/mocap4r2_marker_viz_srvs/mocap4r2_marker_viz_srvs/srv/set_marker_color.h\n'}
[39.227573] (mocap4r2_marker_viz_srvs) StdoutLine: {'line': b'-- Installing: /home/strain-drone/Documents/drone_position_hold/ros2_ws/install/mocap4r2_marker_viz_srvs/include/mocap4r2_marker_viz_srvs/mocap4r2_marker_viz_srvs/srv/reset_marker_color.h\n'}
[39.228067] (mocap4r2_marker_viz_srvs) StdoutLine: {'line': b'-- Installing: /home/strain-drone/Documents/drone_position_hold/ros2_ws/install/mocap4r2_marker_viz_srvs/include/mocap4r2_marker_viz_srvs/mocap4r2_marker_viz_srvs/msg\n'}
[39.228548] (mocap4r2_marker_viz_srvs) StdoutLine: {'line': b'-- Installing: /home/strain-drone/Documents/drone_position_hold/ros2_ws/install/mocap4r2_marker_viz_srvs/include/mocap4r2_marker_viz_srvs/mocap4r2_marker_viz_srvs/msg/rosidl_generator_c__visibility_control.h\n'}
[39.229269] (mocap4r2_marker_viz_srvs) StdoutLine: {'line': b'-- Installing: /home/strain-drone/Documents/drone_position_hold/ros2_ws/install/mocap4r2_marker_viz_srvs/share/mocap4r2_marker_viz_srvs/environment/library_path.sh\n'}
[39.229895] (mocap4r2_marker_viz_srvs) StdoutLine: {'line': b'-- Installing: /home/strain-drone/Documents/drone_position_hold/ros2_ws/install/mocap4r2_marker_viz_srvs/share/mocap4r2_marker_viz_srvs/environment/library_path.dsv\n'}
[39.230990] (mocap4r2_marker_viz_srvs) StdoutLine: {'line': b'-- Installing: /home/strain-drone/Documents/drone_position_hold/ros2_ws/install/mocap4r2_marker_viz_srvs/lib/libmocap4r2_marker_viz_srvs__rosidl_generator_c.so\n'}
[39.232444] (mocap4r2_marker_viz_srvs) StdoutLine: {'line': b'-- Set non-toolchain portion of runtime path of "/home/strain-drone/Documents/drone_position_hold/ros2_ws/install/mocap4r2_marker_viz_srvs/lib/libmocap4r2_marker_viz_srvs__rosidl_generator_c.so" to ""\n'}
[39.232702] (mocap4r2_marker_viz_srvs) StdoutLine: {'line': b'-- Up-to-date: /home/strain-drone/Documents/drone_position_hold/ros2_ws/install/mocap4r2_marker_viz_srvs/include/mocap4r2_marker_viz_srvs/mocap4r2_marker_viz_srvs\n'}
[39.232799] (mocap4r2_marker_viz_srvs) StdoutLine: {'line': b'-- Up-to-date: /home/strain-drone/Documents/drone_position_hold/ros2_ws/install/mocap4r2_marker_viz_srvs/include/mocap4r2_marker_viz_srvs/mocap4r2_marker_viz_srvs/srv\n'}
[39.233661] (mocap4r2_marker_viz_srvs) StdoutLine: {'line': b'-- Up-to-date: /home/strain-drone/Documents/drone_position_hold/ros2_ws/install/mocap4r2_marker_viz_srvs/include/mocap4r2_marker_viz_srvs/mocap4r2_marker_viz_srvs/srv/detail\n'}
[39.233878] (mocap4r2_marker_viz_srvs) StdoutLine: {'line': b'-- Installing: /home/strain-drone/Documents/drone_position_hold/ros2_ws/install/mocap4r2_marker_viz_srvs/include/mocap4r2_marker_viz_srvs/mocap4r2_marker_viz_srvs/srv/detail/reset_marker_color__rosidl_typesupport_fastrtps_c.h\n'}
[39.234017] (mocap4r2_marker_viz_srvs) StdoutLine: {'line': b'-- Installing: /home/strain-drone/Documents/drone_position_hold/ros2_ws/install/mocap4r2_marker_viz_srvs/include/mocap4r2_marker_viz_srvs/mocap4r2_marker_viz_srvs/srv/detail/set_marker_color__rosidl_typesupport_fastrtps_c.h\n'}
[39.234979] (mocap4r2_marker_viz_srvs) StdoutLine: {'line': b'-- Up-to-date: /home/strain-drone/Documents/drone_position_hold/ros2_ws/install/mocap4r2_marker_viz_srvs/include/mocap4r2_marker_viz_srvs/mocap4r2_marker_viz_srvs/msg\n'}
[39.235346] (mocap4r2_marker_viz_srvs) StdoutLine: {'line': b'-- Installing: /home/strain-drone/Documents/drone_position_hold/ros2_ws/install/mocap4r2_marker_viz_srvs/include/mocap4r2_marker_viz_srvs/mocap4r2_marker_viz_srvs/msg/rosidl_typesupport_fastrtps_c__visibility_control.h\n'}
[39.237009] (mocap4r2_marker_viz_srvs) StdoutLine: {'line': b'-- Installing: /home/strain-drone/Documents/drone_position_hold/ros2_ws/install/mocap4r2_marker_viz_srvs/lib/libmocap4r2_marker_viz_srvs__rosidl_typesupport_fastrtps_c.so\n'}
[39.237431] (mocap4r2_marker_viz_srvs) StdoutLine: {'line': b'-- Set non-toolchain portion of runtime path of "/home/strain-drone/Documents/drone_position_hold/ros2_ws/install/mocap4r2_marker_viz_srvs/lib/libmocap4r2_marker_viz_srvs__rosidl_typesupport_fastrtps_c.so" to ""\n'}
[39.237848] (mocap4r2_marker_viz_srvs) StdoutLine: {'line': b'-- Up-to-date: /home/strain-drone/Documents/drone_position_hold/ros2_ws/install/mocap4r2_marker_viz_srvs/include/mocap4r2_marker_viz_srvs/mocap4r2_marker_viz_srvs\n'}
[39.238526] (mocap4r2_marker_viz_srvs) StdoutLine: {'line': b'-- Up-to-date: /home/strain-drone/Documents/drone_position_hold/ros2_ws/install/mocap4r2_marker_viz_srvs/include/mocap4r2_marker_viz_srvs/mocap4r2_marker_viz_srvs/srv\n'}
[39.239796] (mocap4r2_marker_viz_srvs) StdoutLine: {'line': b'-- Up-to-date: /home/strain-drone/Documents/drone_position_hold/ros2_ws/install/mocap4r2_marker_viz_srvs/include/mocap4r2_marker_viz_srvs/mocap4r2_marker_viz_srvs/srv/detail\n'}
[39.240049] (mocap4r2_marker_viz_srvs) StdoutLine: {'line': b'-- Installing: /home/strain-drone/Documents/drone_position_hold/ros2_ws/install/mocap4r2_marker_viz_srvs/include/mocap4r2_marker_viz_srvs/mocap4r2_marker_viz_srvs/srv/detail/set_marker_color__rosidl_typesupport_introspection_c.h\n'}
[39.240192] (mocap4r2_marker_viz_srvs) StdoutLine: {'line': b'-- Installing: /home/strain-drone/Documents/drone_position_hold/ros2_ws/install/mocap4r2_marker_viz_srvs/include/mocap4r2_marker_viz_srvs/mocap4r2_marker_viz_srvs/srv/detail/reset_marker_color__rosidl_typesupport_introspection_c.h\n'}
[39.241091] (mocap4r2_marker_viz_srvs) StdoutLine: {'line': b'-- Installing: /home/strain-drone/Documents/drone_position_hold/ros2_ws/install/mocap4r2_marker_viz_srvs/include/mocap4r2_marker_viz_srvs/mocap4r2_marker_viz_srvs/srv/detail/set_marker_color__type_support.c\n'}
[39.241333] (mocap4r2_marker_viz_srvs) StdoutLine: {'line': b'-- Installing: /home/strain-drone/Documents/drone_position_hold/ros2_ws/install/mocap4r2_marker_viz_srvs/include/mocap4r2_marker_viz_srvs/mocap4r2_marker_viz_srvs/srv/detail/reset_marker_color__type_support.c\n'}
[39.241943] (mocap4r2_marker_viz_srvs) StdoutLine: {'line': b'-- Up-to-date: /home/strain-drone/Documents/drone_position_hold/ros2_ws/install/mocap4r2_marker_viz_srvs/include/mocap4r2_marker_viz_srvs/mocap4r2_marker_viz_srvs/msg\n'}
[39.242330] (mocap4r2_marker_viz_srvs) StdoutLine: {'line': b'-- Installing: /home/strain-drone/Documents/drone_position_hold/ros2_ws/install/mocap4r2_marker_viz_srvs/include/mocap4r2_marker_viz_srvs/mocap4r2_marker_viz_srvs/msg/rosidl_typesupport_introspection_c__visibility_control.h\n'}
[39.245499] (mocap4r2_marker_viz_srvs) StdoutLine: {'line': b'-- Installing: /home/strain-drone/Documents/drone_position_hold/ros2_ws/install/mocap4r2_marker_viz_srvs/lib/libmocap4r2_marker_viz_srvs__rosidl_typesupport_introspection_c.so\n'}
[39.245749] (mavros_config) CommandEnded: {'returncode': 0}
[39.246408] (mocap4r2_marker_viz_srvs) StdoutLine: {'line': b'-- Set non-toolchain portion of runtime path of "/home/strain-drone/Documents/drone_position_hold/ros2_ws/install/mocap4r2_marker_viz_srvs/lib/libmocap4r2_marker_viz_srvs__rosidl_typesupport_introspection_c.so" to ""\n'}
[39.246627] (mocap4r2_marker_viz_srvs) StdoutLine: {'line': b'-- Installing: /home/strain-drone/Documents/drone_position_hold/ros2_ws/install/mocap4r2_marker_viz_srvs/lib/libmocap4r2_marker_viz_srvs__rosidl_typesupport_c.so\n'}
[39.247432] (mocap4r2_marker_viz_srvs) StdoutLine: {'line': b'-- Set non-toolchain portion of runtime path of "/home/strain-drone/Documents/drone_position_hold/ros2_ws/install/mocap4r2_marker_viz_srvs/lib/libmocap4r2_marker_viz_srvs__rosidl_typesupport_c.so" to ""\n'}
[39.247707] (mocap4r2_marker_viz_srvs) StdoutLine: {'line': b'-- Up-to-date: /home/strain-drone/Documents/drone_position_hold/ros2_ws/install/mocap4r2_marker_viz_srvs/include/mocap4r2_marker_viz_srvs/mocap4r2_marker_viz_srvs\n'}
[39.247848] (mocap4r2_marker_viz_srvs) StdoutLine: {'line': b'-- Up-to-date: /home/strain-drone/Documents/drone_position_hold/ros2_ws/install/mocap4r2_marker_viz_srvs/include/mocap4r2_marker_viz_srvs/mocap4r2_marker_viz_srvs/srv\n'}
[39.248029] (mocap4r2_marker_viz_srvs) StdoutLine: {'line': b'-- Installing: /home/strain-drone/Documents/drone_position_hold/ros2_ws/install/mocap4r2_marker_viz_srvs/include/mocap4r2_marker_viz_srvs/mocap4r2_marker_viz_srvs/srv/reset_marker_color.hpp\n'}
[39.249139] (mocap4r2_marker_viz_srvs) StdoutLine: {'line': b'-- Installing: /home/strain-drone/Documents/drone_position_hold/ros2_ws/install/mocap4r2_marker_viz_srvs/include/mocap4r2_marker_viz_srvs/mocap4r2_marker_viz_srvs/srv/set_marker_color.hpp\n'}
[39.249555] (mocap4r2_marker_viz_srvs) StdoutLine: {'line': b'-- Up-to-date: /home/strain-drone/Documents/drone_position_hold/ros2_ws/install/mocap4r2_marker_viz_srvs/include/mocap4r2_marker_viz_srvs/mocap4r2_marker_viz_srvs/srv/detail\n'}
[39.249656] (mocap4r2_marker_viz_srvs) StdoutLine: {'line': b'-- Installing: /home/strain-drone/Documents/drone_position_hold/ros2_ws/install/mocap4r2_marker_viz_srvs/include/mocap4r2_marker_viz_srvs/mocap4r2_marker_viz_srvs/srv/detail/reset_marker_color__struct.hpp\n'}
[39.250270] (mocap4r2_marker_viz_srvs) StdoutLine: {'line': b'-- Installing: /home/strain-drone/Documents/drone_position_hold/ros2_ws/install/mocap4r2_marker_viz_srvs/include/mocap4r2_marker_viz_srvs/mocap4r2_marker_viz_srvs/srv/detail/set_marker_color__type_support.hpp\n'}
[39.250898] (mocap4r2_marker_viz_srvs) StdoutLine: {'line': b'-- Installing: /home/strain-drone/Documents/drone_position_hold/ros2_ws/install/mocap4r2_marker_viz_srvs/include/mocap4r2_marker_viz_srvs/mocap4r2_marker_viz_srvs/srv/detail/reset_marker_color__type_support.hpp\n'}
[39.251034] (mocap4r2_marker_viz_srvs) StdoutLine: {'line': b'-- Installing: /home/strain-drone/Documents/drone_position_hold/ros2_ws/install/mocap4r2_marker_viz_srvs/include/mocap4r2_marker_viz_srvs/mocap4r2_marker_viz_srvs/srv/detail/reset_marker_color__traits.hpp\n'}
[39.251156] (mocap4r2_marker_viz_srvs) StdoutLine: {'line': b'-- Installing: /home/strain-drone/Documents/drone_position_hold/ros2_ws/install/mocap4r2_marker_viz_srvs/include/mocap4r2_marker_viz_srvs/mocap4r2_marker_viz_srvs/srv/detail/set_marker_color__struct.hpp\n'}
[39.251286] (mocap4r2_marker_viz_srvs) StdoutLine: {'line': b'-- Installing: /home/strain-drone/Documents/drone_position_hold/ros2_ws/install/mocap4r2_marker_viz_srvs/include/mocap4r2_marker_viz_srvs/mocap4r2_marker_viz_srvs/srv/detail/set_marker_color__builder.hpp\n'}
[39.251381] (mocap4r2_marker_viz_srvs) StdoutLine: {'line': b'-- Installing: /home/strain-drone/Documents/drone_position_hold/ros2_ws/install/mocap4r2_marker_viz_srvs/include/mocap4r2_marker_viz_srvs/mocap4r2_marker_viz_srvs/srv/detail/set_marker_color__traits.hpp\n'}
[39.251459] (mocap4r2_marker_viz_srvs) StdoutLine: {'line': b'-- Installing: /home/strain-drone/Documents/drone_position_hold/ros2_ws/install/mocap4r2_marker_viz_srvs/include/mocap4r2_marker_viz_srvs/mocap4r2_marker_viz_srvs/srv/detail/reset_marker_color__builder.hpp\n'}
[39.251547] (mocap4r2_marker_viz_srvs) StdoutLine: {'line': b'-- Up-to-date: /home/strain-drone/Documents/drone_position_hold/ros2_ws/install/mocap4r2_marker_viz_srvs/include/mocap4r2_marker_viz_srvs/mocap4r2_marker_viz_srvs/msg\n'}
[39.251628] (mocap4r2_marker_viz_srvs) StdoutLine: {'line': b'-- Installing: /home/strain-drone/Documents/drone_position_hold/ros2_ws/install/mocap4r2_marker_viz_srvs/include/mocap4r2_marker_viz_srvs/mocap4r2_marker_viz_srvs/msg/rosidl_generator_cpp__visibility_control.hpp\n'}
[39.251707] (mocap4r2_marker_viz_srvs) StdoutLine: {'line': b'-- Up-to-date: /home/strain-drone/Documents/drone_position_hold/ros2_ws/install/mocap4r2_marker_viz_srvs/include/mocap4r2_marker_viz_srvs/mocap4r2_marker_viz_srvs\n'}
[39.252838] (mocap4r2_marker_viz_srvs) StdoutLine: {'line': b'-- Up-to-date: /home/strain-drone/Documents/drone_position_hold/ros2_ws/install/mocap4r2_marker_viz_srvs/include/mocap4r2_marker_viz_srvs/mocap4r2_marker_viz_srvs/srv\n'}
[39.252998] (mocap4r2_marker_viz_srvs) StdoutLine: {'line': b'-- Up-to-date: /home/strain-drone/Documents/drone_position_hold/ros2_ws/install/mocap4r2_marker_viz_srvs/include/mocap4r2_marker_viz_srvs/mocap4r2_marker_viz_srvs/srv/detail\n'}
[39.253181] (mocap4r2_marker_viz_srvs) StdoutLine: {'line': b'-- Installing: /home/strain-drone/Documents/drone_position_hold/ros2_ws/install/mocap4r2_marker_viz_srvs/include/mocap4r2_marker_viz_srvs/mocap4r2_marker_viz_srvs/srv/detail/dds_fastrtps\n'}
[39.253291] (mocap4r2_marker_viz_srvs) StdoutLine: {'line': b'-- Installing: /home/strain-drone/Documents/drone_position_hold/ros2_ws/install/mocap4r2_marker_viz_srvs/include/mocap4r2_marker_viz_srvs/mocap4r2_marker_viz_srvs/srv/detail/reset_marker_color__rosidl_typesupport_fastrtps_cpp.hpp\n'}
[39.253422] (mocap4r2_marker_viz_srvs) StdoutLine: {'line': b'-- Installing: /home/strain-drone/Documents/drone_position_hold/ros2_ws/install/mocap4r2_marker_viz_srvs/include/mocap4r2_marker_viz_srvs/mocap4r2_marker_viz_srvs/srv/detail/set_marker_color__rosidl_typesupport_fastrtps_cpp.hpp\n'}
[39.253562] (mocap4r2_marker_viz_srvs) StdoutLine: {'line': b'-- Up-to-date: /home/strain-drone/Documents/drone_position_hold/ros2_ws/install/mocap4r2_marker_viz_srvs/include/mocap4r2_marker_viz_srvs/mocap4r2_marker_viz_srvs/msg\n'}
[39.253673] (mocap4r2_marker_viz_srvs) StdoutLine: {'line': b'-- Installing: /home/strain-drone/Documents/drone_position_hold/ros2_ws/install/mocap4r2_marker_viz_srvs/include/mocap4r2_marker_viz_srvs/mocap4r2_marker_viz_srvs/msg/rosidl_typesupport_fastrtps_cpp__visibility_control.h\n'}
[39.253779] (mocap4r2_marker_viz_srvs) StdoutLine: {'line': b'-- Installing: /home/strain-drone/Documents/drone_position_hold/ros2_ws/install/mocap4r2_marker_viz_srvs/lib/libmocap4r2_marker_viz_srvs__rosidl_typesupport_fastrtps_cpp.so\n'}
[39.253868] (mocap4r2_marker_viz_srvs) StdoutLine: {'line': b'-- Set non-toolchain portion of runtime path of "/home/strain-drone/Documents/drone_position_hold/ros2_ws/install/mocap4r2_marker_viz_srvs/lib/libmocap4r2_marker_viz_srvs__rosidl_typesupport_fastrtps_cpp.so" to ""\n'}
[39.254049] (mocap4r2_marker_viz_srvs) StdoutLine: {'line': b'-- Up-to-date: /home/strain-drone/Documents/drone_position_hold/ros2_ws/install/mocap4r2_marker_viz_srvs/include/mocap4r2_marker_viz_srvs/mocap4r2_marker_viz_srvs\n'}
[39.255723] (mocap4r2_marker_viz_srvs) StdoutLine: {'line': b'-- Up-to-date: /home/strain-drone/Documents/drone_position_hold/ros2_ws/install/mocap4r2_marker_viz_srvs/include/mocap4r2_marker_viz_srvs/mocap4r2_marker_viz_srvs/srv\n'}
[39.256837] (mocap4r2_marker_viz_srvs) StdoutLine: {'line': b'-- Up-to-date: /home/strain-drone/Documents/drone_position_hold/ros2_ws/install/mocap4r2_marker_viz_srvs/include/mocap4r2_marker_viz_srvs/mocap4r2_marker_viz_srvs/srv/detail\n'}
[39.257069] (mocap4r2_marker_viz_srvs) StdoutLine: {'line': b'-- Installing: /home/strain-drone/Documents/drone_position_hold/ros2_ws/install/mocap4r2_marker_viz_srvs/include/mocap4r2_marker_viz_srvs/mocap4r2_marker_viz_srvs/srv/detail/reset_marker_color__type_support.cpp\n'}
[39.257214] (mocap4r2_marker_viz_srvs) StdoutLine: {'line': b'-- Installing: /home/strain-drone/Documents/drone_position_hold/ros2_ws/install/mocap4r2_marker_viz_srvs/include/mocap4r2_marker_viz_srvs/mocap4r2_marker_viz_srvs/srv/detail/set_marker_color__rosidl_typesupport_introspection_cpp.hpp\n'}
[39.258382] (mocap4r2_marker_viz_srvs) StdoutLine: {'line': b'-- Installing: /home/strain-drone/Documents/drone_position_hold/ros2_ws/install/mocap4r2_marker_viz_srvs/include/mocap4r2_marker_viz_srvs/mocap4r2_marker_viz_srvs/srv/detail/set_marker_color__type_support.cpp\n'}
[39.258601] (mocap4r2_marker_viz_srvs) StdoutLine: {'line': b'-- Installing: /home/strain-drone/Documents/drone_position_hold/ros2_ws/install/mocap4r2_marker_viz_srvs/include/mocap4r2_marker_viz_srvs/mocap4r2_marker_viz_srvs/srv/detail/reset_marker_color__rosidl_typesupport_introspection_cpp.hpp\n'}
[39.259262] (mocap4r2_marker_viz_srvs) StdoutLine: {'line': b'-- Installing: /home/strain-drone/Documents/drone_position_hold/ros2_ws/install/mocap4r2_marker_viz_srvs/lib/libmocap4r2_marker_viz_srvs__rosidl_typesupport_introspection_cpp.so\n'}
[39.259383] (mocap4r2_marker_viz_srvs) StdoutLine: {'line': b'-- Set non-toolchain portion of runtime path of "/home/strain-drone/Documents/drone_position_hold/ros2_ws/install/mocap4r2_marker_viz_srvs/lib/libmocap4r2_marker_viz_srvs__rosidl_typesupport_introspection_cpp.so" to ""\n'}
[39.260317] (mocap4r2_marker_viz_srvs) StdoutLine: {'line': b'-- Installing: /home/strain-drone/Documents/drone_position_hold/ros2_ws/install/mocap4r2_marker_viz_srvs/lib/libmocap4r2_marker_viz_srvs__rosidl_typesupport_cpp.so\n'}
[39.260475] (mocap4r2_marker_viz_srvs) StdoutLine: {'line': b'-- Set non-toolchain portion of runtime path of "/home/strain-drone/Documents/drone_position_hold/ros2_ws/install/mocap4r2_marker_viz_srvs/lib/libmocap4r2_marker_viz_srvs__rosidl_typesupport_cpp.so" to ""\n'}
[39.260568] (mocap4r2_marker_viz_srvs) StdoutLine: {'line': b'-- Installing: /home/strain-drone/Documents/drone_position_hold/ros2_ws/install/mocap4r2_marker_viz_srvs/share/mocap4r2_marker_viz_srvs/environment/pythonpath.sh\n'}
[39.260677] (mocap4r2_marker_viz_srvs) StdoutLine: {'line': b'-- Installing: /home/strain-drone/Documents/drone_position_hold/ros2_ws/install/mocap4r2_marker_viz_srvs/share/mocap4r2_marker_viz_srvs/environment/pythonpath.dsv\n'}
[39.260764] (mocap4r2_marker_viz_srvs) StdoutLine: {'line': b'-- Installing: /home/strain-drone/Documents/drone_position_hold/ros2_ws/install/mocap4r2_marker_viz_srvs/lib/python3.12/site-packages/mocap4r2_marker_viz_srvs-0.0.7-py3.12.egg-info\n'}
[39.260843] (mocap4r2_marker_viz_srvs) StdoutLine: {'line': b'-- Installing: /home/strain-drone/Documents/drone_position_hold/ros2_ws/install/mocap4r2_marker_viz_srvs/lib/python3.12/site-packages/mocap4r2_marker_viz_srvs-0.0.7-py3.12.egg-info/dependency_links.txt\n'}
[39.260955] (mocap4r2_marker_viz_srvs) StdoutLine: {'line': b'-- Installing: /home/strain-drone/Documents/drone_position_hold/ros2_ws/install/mocap4r2_marker_viz_srvs/lib/python3.12/site-packages/mocap4r2_marker_viz_srvs-0.0.7-py3.12.egg-info/PKG-INFO\n'}
[39.261066] (mocap4r2_marker_viz_srvs) StdoutLine: {'line': b'-- Installing: /home/strain-drone/Documents/drone_position_hold/ros2_ws/install/mocap4r2_marker_viz_srvs/lib/python3.12/site-packages/mocap4r2_marker_viz_srvs-0.0.7-py3.12.egg-info/top_level.txt\n'}
[39.261143] (mocap4r2_marker_viz_srvs) StdoutLine: {'line': b'-- Installing: /home/strain-drone/Documents/drone_position_hold/ros2_ws/install/mocap4r2_marker_viz_srvs/lib/python3.12/site-packages/mocap4r2_marker_viz_srvs-0.0.7-py3.12.egg-info/SOURCES.txt\n'}
[39.261233] (mocap4r2_marker_viz_srvs) StdoutLine: {'line': b'-- Installing: /home/strain-drone/Documents/drone_position_hold/ros2_ws/install/mocap4r2_marker_viz_srvs/lib/python3.12/site-packages/mocap4r2_marker_viz_srvs\n'}
[39.261347] (mocap4r2_marker_viz_srvs) StdoutLine: {'line': b'-- Installing: /home/strain-drone/Documents/drone_position_hold/ros2_ws/install/mocap4r2_marker_viz_srvs/lib/python3.12/site-packages/mocap4r2_marker_viz_srvs/mocap4r2_marker_viz_srvs_s__rosidl_typesupport_fastrtps_c.so\n'}
[39.261443] (mocap4r2_marker_viz_srvs) StdoutLine: {'line': b'-- Installing: /home/strain-drone/Documents/drone_position_hold/ros2_ws/install/mocap4r2_marker_viz_srvs/lib/python3.12/site-packages/mocap4r2_marker_viz_srvs/mocap4r2_marker_viz_srvs_s__rosidl_typesupport_c.so\n'}
[39.261559] (mocap4r2_marker_viz_srvs) StdoutLine: {'line': b'-- Installing: /home/strain-drone/Documents/drone_position_hold/ros2_ws/install/mocap4r2_marker_viz_srvs/lib/python3.12/site-packages/mocap4r2_marker_viz_srvs/srv\n'}
[39.261659] (mocap4r2_marker_viz_srvs) StdoutLine: {'line': b'-- Installing: /home/strain-drone/Documents/drone_position_hold/ros2_ws/install/mocap4r2_marker_viz_srvs/lib/python3.12/site-packages/mocap4r2_marker_viz_srvs/srv/_reset_marker_color_s.c\n'}
[39.261767] (mocap4r2_marker_viz_srvs) StdoutLine: {'line': b'-- Installing: /home/strain-drone/Documents/drone_position_hold/ros2_ws/install/mocap4r2_marker_viz_srvs/lib/python3.12/site-packages/mocap4r2_marker_viz_srvs/srv/_set_marker_color_s.c\n'}
[39.261867] (mocap4r2_marker_viz_srvs) StdoutLine: {'line': b'-- Installing: /home/strain-drone/Documents/drone_position_hold/ros2_ws/install/mocap4r2_marker_viz_srvs/lib/python3.12/site-packages/mocap4r2_marker_viz_srvs/srv/_reset_marker_color.py\n'}
[39.261989] (mocap4r2_marker_viz_srvs) StdoutLine: {'line': b'-- Installing: /home/strain-drone/Documents/drone_position_hold/ros2_ws/install/mocap4r2_marker_viz_srvs/lib/python3.12/site-packages/mocap4r2_marker_viz_srvs/srv/__init__.py\n'}
[39.262091] (mocap4r2_marker_viz_srvs) StdoutLine: {'line': b'-- Installing: /home/strain-drone/Documents/drone_position_hold/ros2_ws/install/mocap4r2_marker_viz_srvs/lib/python3.12/site-packages/mocap4r2_marker_viz_srvs/srv/_set_marker_color.py\n'}
[39.262210] (mocap4r2_marker_viz_srvs) StdoutLine: {'line': b'-- Installing: /home/strain-drone/Documents/drone_position_hold/ros2_ws/install/mocap4r2_marker_viz_srvs/lib/python3.12/site-packages/mocap4r2_marker_viz_srvs/mocap4r2_marker_viz_srvs_s__rosidl_typesupport_introspection_c.so\n'}
[39.262291] (mocap4r2_marker_viz_srvs) StdoutLine: {'line': b'-- Installing: /home/strain-drone/Documents/drone_position_hold/ros2_ws/install/mocap4r2_marker_viz_srvs/lib/python3.12/site-packages/mocap4r2_marker_viz_srvs/_mocap4r2_marker_viz_srvs_s.ep.rosidl_typesupport_fastrtps_c.c\n'}
[39.262374] (mocap4r2_marker_viz_srvs) StdoutLine: {'line': b'-- Installing: /home/strain-drone/Documents/drone_position_hold/ros2_ws/install/mocap4r2_marker_viz_srvs/lib/python3.12/site-packages/mocap4r2_marker_viz_srvs/__init__.py\n'}
[39.262460] (mocap4r2_marker_viz_srvs) StdoutLine: {'line': b'-- Installing: /home/strain-drone/Documents/drone_position_hold/ros2_ws/install/mocap4r2_marker_viz_srvs/lib/python3.12/site-packages/mocap4r2_marker_viz_srvs/_mocap4r2_marker_viz_srvs_s.ep.rosidl_typesupport_introspection_c.c\n'}
[39.262560] (mocap4r2_marker_viz_srvs) StdoutLine: {'line': b'-- Installing: /home/strain-drone/Documents/drone_position_hold/ros2_ws/install/mocap4r2_marker_viz_srvs/lib/python3.12/site-packages/mocap4r2_marker_viz_srvs/_mocap4r2_marker_viz_srvs_s.ep.rosidl_typesupport_c.c\n'}
[39.270111] (mavros_config) JobEnded: {'identifier': 'mavros_config', 'rc': 0}
[39.270815] (natnet_ros2) JobStarted: {'identifier': 'natnet_ros2'}
[39.277321] (natnet_ros2) JobProgress: {'identifier': 'natnet_ros2', 'progress': 'cmake'}
[39.278167] (natnet_ros2) Command: {'cmd': ['/usr/bin/cmake', '/home/strain-drone/Documents/drone_position_hold/ros2_ws/src/natnet_ros2', '-DCMAKE_INSTALL_PREFIX=/home/strain-drone/Documents/drone_position_hold/ros2_ws/install/natnet_ros2'], 'cwd': '/home/strain-drone/Documents/drone_position_hold/ros2_ws/build/natnet_ros2', 'env': OrderedDict({'LESSOPEN': '| /usr/bin/lesspipe %s', 'USER': 'strain-drone', 'SSH_CLIENT': '100.119.134.77 59684 22', 'XDG_SESSION_TYPE': 'tty', 'SHLVL': '1', 'LD_LIBRARY_PATH': '/opt/ros/jazzy/opt/rviz_ogre_vendor/lib:/opt/ros/jazzy/lib/aarch64-linux-gnu:/opt/ros/jazzy/opt/gz_math_vendor/lib:/opt/ros/jazzy/opt/gz_utils_vendor/lib:/opt/ros/jazzy/opt/gz_cmake_vendor/lib:/opt/ros/jazzy/lib:/home/strain-drone/Documents/drone_position_hold/ros2_ws/src/natnet_ros2/deps/NatNetSDK/lib', 'HOME': '/home/strain-drone', 'OLDPWD': '/home/strain-drone', 'SSH_TTY': '/dev/pts/0', 'ROS_PYTHON_VERSION': '3', 'PS1': '(venv-ardupilot) \\[\\e]0;\\u@\\h: \\w\\a\\]${debian_chroot:+($debian_chroot)}\\[\\033[01;32m\\]\\u@\\h\\[\\033[00m\\]:\\[\\033[01;34m\\]\\w\\[\\033[00m\\]\\$', 'DBUS_SESSION_BUS_ADDRESS': 'unix:path=/run/user/1002/bus', 'DEBUGINFOD_URLS': 'https://debuginfod.ubuntu.com', 'ROS_DISTRO': 'jazzy', 'LOGNAME': 'strain-drone', '_': '/usr/bin/colcon', 'ROS_VERSION': '2', 'XDG_SESSION_CLASS': 'user', 'TERM': 'xterm-256color', 'XDG_SESSION_ID': '3', 'PATH': '/usr/lib/ccache:/home/strain-drone/Documents/ardupilot/Tools/autotest:/opt/gcc-arm-none-eabi-10-2020-q4-major/bin:/home/strain-drone/venv-ardupilot/bin:/home/strain-drone/.local/bin:/opt/ros/jazzy/bin:/usr/local/sbin:/usr/local/bin:/usr/sbin:/usr/bin:/sbin:/bin:/usr/games:/usr/local/games:/snap/bin:/home/strain-drone/.local/bin:/home/strain-drone/.local/bin', 'XDG_RUNTIME_DIR': '/run/user/1002', 'LANG': 'en_US.UTF-8', 'VIRTUAL_ENV_PROMPT': '(venv-ardupilot)', 'LS_COLORS': 'rs=0:di=01;34:ln=01;36:mh=00:pi=40;33:so=01;35:do=01;35:bd=40;33;01:cd=40;33;01:or=40;31;01:mi=00:su=37;41:sg=30;43:ca=00:tw=30;42:ow=34;42:st=37;44:ex=01;32:*.tar=01;31:*.tgz=01;31:*.arc=01;31:*.arj=01;31:*.taz=01;31:*.lha=01;31:*.lz4=01;31:*.lzh=01;31:*.lzma=01;31:*.tlz=01;31:*.txz=01;31:*.tzo=01;31:*.t7z=01;31:*.zip=01;31:*.z=01;31:*.dz=01;31:*.gz=01;31:*.lrz=01;31:*.lz=01;31:*.lzo=01;31:*.xz=01;31:*.zst=01;31:*.tzst=01;31:*.bz2=01;31:*.bz=01;31:*.tbz=01;31:*.tbz2=01;31:*.tz=01;31:*.deb=01;31:*.rpm=01;31:*.jar=01;31:*.war=01;31:*.ear=01;31:*.sar=01;31:*.rar=01;31:*.alz=01;31:*.ace=01;31:*.zoo=01;31:*.cpio=01;31:*.7z=01;31:*.rz=01;31:*.cab=01;31:*.wim=01;31:*.swm=01;31:*.dwm=01;31:*.esd=01;31:*.avif=01;35:*.jpg=01;35:*.jpeg=01;35:*.mjpg=01;35:*.mjpeg=01;35:*.gif=01;35:*.bmp=01;35:*.pbm=01;35:*.pgm=01;35:*.ppm=01;35:*.tga=01;35:*.xbm=01;35:*.xpm=01;35:*.tif=01;35:*.tiff=01;35:*.png=01;35:*.svg=01;35:*.svgz=01;35:*.mng=01;35:*.pcx=01;35:*.mov=01;35:*.mpg=01;35:*.mpeg=01;35:*.m2v=01;35:*.mkv=01;35:*.webm=01;35:*.webp=01;35:*.ogm=01;35:*.mp4=01;35:*.m4v=01;35:*.mp4v=01;35:*.vob=01;35:*.qt=01;35:*.nuv=01;35:*.wmv=01;35:*.asf=01;35:*.rm=01;35:*.rmvb=01;35:*.flc=01;35:*.avi=01;35:*.fli=01;35:*.flv=01;35:*.gl=01;35:*.dl=01;35:*.xcf=01;35:*.xwd=01;35:*.yuv=01;35:*.cgm=01;35:*.emf=01;35:*.ogv=01;35:*.ogx=01;35:*.aac=00;36:*.au=00;36:*.flac=00;36:*.m4a=00;36:*.mid=00;36:*.midi=00;36:*.mka=00;36:*.mp3=00;36:*.mpc=00;36:*.ogg=00;36:*.ra=00;36:*.wav=00;36:*.oga=00;36:*.opus=00;36:*.spx=00;36:*.xspf=00;36:*~=00;90:*#=00;90:*.bak=00;90:*.crdownload=00;90:*.dpkg-dist=00;90:*.dpkg-new=00;90:*.dpkg-old=00;90:*.dpkg-tmp=00;90:*.old=00;90:*.orig=00;90:*.part=00;90:*.rej=00;90:*.rpmnew=00;90:*.rpmorig=00;90:*.rpmsave=00;90:*.swp=00;90:*.tmp=00;90:*.ucf-dist=00;90:*.ucf-new=00;90:*.ucf-old=00;90:', 'ROS_DOMAIN_ID': '1', 'AMENT_PREFIX_PATH': '/opt/ros/jazzy', 'SHELL': '/bin/bash', 'LESSCLOSE': '/usr/bin/lesspipe %s %s', 'VIRTUAL_ENV': '/home/strain-drone/venv-ardupilot', 'ROS_AUTOMATIC_DISCOVERY_RANGE': 'SUBNET', 'PWD': '/home/strain-drone/Documents/drone_position_hold/ros2_ws/build/natnet_ros2', 'LC_ALL': 'en_US.UTF-8', 'SSH_CONNECTION': '100.119.134.77 59684 100.96.124.69 22', 'XDG_DATA_DIRS': '/usr/share/gnome:/usr/local/share:/usr/share:/var/lib/snapd/desktop', 'PYTHONPATH': '/opt/ros/jazzy/lib/python3.12/site-packages', 'COLCON': '1', 'CMAKE_PREFIX_PATH': '/opt/ros/jazzy/opt/gz_math_vendor:/opt/ros/jazzy/opt/gz_utils_vendor:/opt/ros/jazzy/opt/gz_cmake_vendor:/opt/ros/jazzy'}), 'shell': False}
[39.325139] (-) TimerEvent: {}
[39.354091] (mocap4r2_marker_viz_srvs) StdoutLine: {'line': b"Listing '/home/strain-drone/Documents/drone_position_hold/ros2_ws/install/mocap4r2_marker_viz_srvs/lib/python3.12/site-packages/mocap4r2_marker_viz_srvs'...\n"}
[39.354626] (mocap4r2_marker_viz_srvs) StdoutLine: {'line': b"Compiling '/home/strain-drone/Documents/drone_position_hold/ros2_ws/install/mocap4r2_marker_viz_srvs/lib/python3.12/site-packages/mocap4r2_marker_viz_srvs/__init__.py'...\n"}
[39.354800] (mocap4r2_marker_viz_srvs) StdoutLine: {'line': b"Listing '/home/strain-drone/Documents/drone_position_hold/ros2_ws/install/mocap4r2_marker_viz_srvs/lib/python3.12/site-packages/mocap4r2_marker_viz_srvs/srv'...\n"}
[39.355020] (mocap4r2_marker_viz_srvs) StdoutLine: {'line': b"Compiling '/home/strain-drone/Documents/drone_position_hold/ros2_ws/install/mocap4r2_marker_viz_srvs/lib/python3.12/site-packages/mocap4r2_marker_viz_srvs/srv/__init__.py'...\n"}
[39.355194] (mocap4r2_marker_viz_srvs) StdoutLine: {'line': b"Compiling '/home/strain-drone/Documents/drone_position_hold/ros2_ws/install/mocap4r2_marker_viz_srvs/lib/python3.12/site-packages/mocap4r2_marker_viz_srvs/srv/_reset_marker_color.py'...\n"}
[39.355331] (mocap4r2_marker_viz_srvs) StdoutLine: {'line': b"Compiling '/home/strain-drone/Documents/drone_position_hold/ros2_ws/install/mocap4r2_marker_viz_srvs/lib/python3.12/site-packages/mocap4r2_marker_viz_srvs/srv/_set_marker_color.py'...\n"}
[39.375623] (mocap4r2_marker_viz_srvs) StdoutLine: {'line': b'-- Installing: /home/strain-drone/Documents/drone_position_hold/ros2_ws/install/mocap4r2_marker_viz_srvs/lib/python3.12/site-packages/mocap4r2_marker_viz_srvs/mocap4r2_marker_viz_srvs_s__rosidl_typesupport_fastrtps_c.so\n'}
[39.376793] (mocap4r2_marker_viz_srvs) StdoutLine: {'line': b'-- Set non-toolchain portion of runtime path of "/home/strain-drone/Documents/drone_position_hold/ros2_ws/install/mocap4r2_marker_viz_srvs/lib/python3.12/site-packages/mocap4r2_marker_viz_srvs/mocap4r2_marker_viz_srvs_s__rosidl_typesupport_fastrtps_c.so" to ""\n'}
[39.378177] (mocap4r2_marker_viz_srvs) StdoutLine: {'line': b'-- Installing: /home/strain-drone/Documents/drone_position_hold/ros2_ws/install/mocap4r2_marker_viz_srvs/lib/python3.12/site-packages/mocap4r2_marker_viz_srvs/mocap4r2_marker_viz_srvs_s__rosidl_typesupport_introspection_c.so\n'}
[39.378574] (mocap4r2_marker_viz_srvs) StdoutLine: {'line': b'-- Set non-toolchain portion of runtime path of "/home/strain-drone/Documents/drone_position_hold/ros2_ws/install/mocap4r2_marker_viz_srvs/lib/python3.12/site-packages/mocap4r2_marker_viz_srvs/mocap4r2_marker_viz_srvs_s__rosidl_typesupport_introspection_c.so" to ""\n'}
[39.378786] (mocap4r2_marker_viz_srvs) StdoutLine: {'line': b'-- Installing: /home/strain-drone/Documents/drone_position_hold/ros2_ws/install/mocap4r2_marker_viz_srvs/lib/python3.12/site-packages/mocap4r2_marker_viz_srvs/mocap4r2_marker_viz_srvs_s__rosidl_typesupport_c.so\n'}
[39.378882] (mocap4r2_marker_viz_srvs) StdoutLine: {'line': b'-- Set non-toolchain portion of runtime path of "/home/strain-drone/Documents/drone_position_hold/ros2_ws/install/mocap4r2_marker_viz_srvs/lib/python3.12/site-packages/mocap4r2_marker_viz_srvs/mocap4r2_marker_viz_srvs_s__rosidl_typesupport_c.so" to ""\n'}
[39.380366] (mocap4r2_marker_viz_srvs) StdoutLine: {'line': b'-- Installing: /home/strain-drone/Documents/drone_position_hold/ros2_ws/install/mocap4r2_marker_viz_srvs/lib/libmocap4r2_marker_viz_srvs__rosidl_generator_py.so\n'}
[39.380632] (mocap4r2_marker_viz_srvs) StdoutLine: {'line': b'-- Set non-toolchain portion of runtime path of "/home/strain-drone/Documents/drone_position_hold/ros2_ws/install/mocap4r2_marker_viz_srvs/lib/libmocap4r2_marker_viz_srvs__rosidl_generator_py.so" to ""\n'}
[39.380782] (mocap4r2_marker_viz_srvs) StdoutLine: {'line': b'-- Installing: /home/strain-drone/Documents/drone_position_hold/ros2_ws/install/mocap4r2_marker_viz_srvs/share/mocap4r2_marker_viz_srvs/srv/SetMarkerColor.idl\n'}
[39.382256] (mocap4r2_marker_viz_srvs) StdoutLine: {'line': b'-- Installing: /home/strain-drone/Documents/drone_position_hold/ros2_ws/install/mocap4r2_marker_viz_srvs/share/mocap4r2_marker_viz_srvs/srv/ResetMarkerColor.idl\n'}
[39.382414] (mocap4r2_marker_viz_srvs) StdoutLine: {'line': b'-- Installing: /home/strain-drone/Documents/drone_position_hold/ros2_ws/install/mocap4r2_marker_viz_srvs/share/mocap4r2_marker_viz_srvs/srv/SetMarkerColor.srv\n'}
[39.382527] (mocap4r2_marker_viz_srvs) StdoutLine: {'line': b'-- Installing: /home/strain-drone/Documents/drone_position_hold/ros2_ws/install/mocap4r2_marker_viz_srvs/share/mocap4r2_marker_viz_srvs/srv/ResetMarkerColor.srv\n'}
[39.382624] (mocap4r2_marker_viz_srvs) StdoutLine: {'line': b'-- Installing: /home/strain-drone/Documents/drone_position_hold/ros2_ws/install/mocap4r2_marker_viz_srvs/share/ament_index/resource_index/package_run_dependencies/mocap4r2_marker_viz_srvs\n'}
[39.382845] (mocap4r2_marker_viz_srvs) StdoutLine: {'line': b'-- Installing: /home/strain-drone/Documents/drone_position_hold/ros2_ws/install/mocap4r2_marker_viz_srvs/share/ament_index/resource_index/parent_prefix_path/mocap4r2_marker_viz_srvs\n'}
[39.383486] (mocap4r2_marker_viz_srvs) StdoutLine: {'line': b'-- Installing: /home/strain-drone/Documents/drone_position_hold/ros2_ws/install/mocap4r2_marker_viz_srvs/share/mocap4r2_marker_viz_srvs/environment/ament_prefix_path.sh\n'}
[39.383621] (mocap4r2_marker_viz_srvs) StdoutLine: {'line': b'-- Installing: /home/strain-drone/Documents/drone_position_hold/ros2_ws/install/mocap4r2_marker_viz_srvs/share/mocap4r2_marker_viz_srvs/environment/ament_prefix_path.dsv\n'}
[39.384444] (mocap4r2_marker_viz_srvs) StdoutLine: {'line': b'-- Installing: /home/strain-drone/Documents/drone_position_hold/ros2_ws/install/mocap4r2_marker_viz_srvs/share/mocap4r2_marker_viz_srvs/environment/path.sh\n'}
[39.384605] (mocap4r2_marker_viz_srvs) StdoutLine: {'line': b'-- Installing: /home/strain-drone/Documents/drone_position_hold/ros2_ws/install/mocap4r2_marker_viz_srvs/share/mocap4r2_marker_viz_srvs/environment/path.dsv\n'}
[39.384750] (mocap4r2_marker_viz_srvs) StdoutLine: {'line': b'-- Installing: /home/strain-drone/Documents/drone_position_hold/ros2_ws/install/mocap4r2_marker_viz_srvs/share/mocap4r2_marker_viz_srvs/local_setup.bash\n'}
[39.384862] (mocap4r2_marker_viz_srvs) StdoutLine: {'line': b'-- Installing: /home/strain-drone/Documents/drone_position_hold/ros2_ws/install/mocap4r2_marker_viz_srvs/share/mocap4r2_marker_viz_srvs/local_setup.sh\n'}
[39.386269] (mocap4r2_marker_viz_srvs) StdoutLine: {'line': b'-- Installing: /home/strain-drone/Documents/drone_position_hold/ros2_ws/install/mocap4r2_marker_viz_srvs/share/mocap4r2_marker_viz_srvs/local_setup.zsh\n'}
[39.386448] (mocap4r2_marker_viz_srvs) StdoutLine: {'line': b'-- Installing: /home/strain-drone/Documents/drone_position_hold/ros2_ws/install/mocap4r2_marker_viz_srvs/share/mocap4r2_marker_viz_srvs/local_setup.dsv\n'}
[39.386602] (mocap4r2_marker_viz_srvs) StdoutLine: {'line': b'-- Installing: /home/strain-drone/Documents/drone_position_hold/ros2_ws/install/mocap4r2_marker_viz_srvs/share/mocap4r2_marker_viz_srvs/package.dsv\n'}
[39.386736] (mocap4r2_marker_viz_srvs) StdoutLine: {'line': b'-- Installing: /home/strain-drone/Documents/drone_position_hold/ros2_ws/install/mocap4r2_marker_viz_srvs/share/ament_index/resource_index/packages/mocap4r2_marker_viz_srvs\n'}
[39.386849] (mocap4r2_marker_viz_srvs) StdoutLine: {'line': b'-- Installing: /home/strain-drone/Documents/drone_position_hold/ros2_ws/install/mocap4r2_marker_viz_srvs/share/mocap4r2_marker_viz_srvs/cmake/export_mocap4r2_marker_viz_srvs__rosidl_generator_cExport.cmake\n'}
[39.389840] (mocap4r2_marker_viz_srvs) StdoutLine: {'line': b'-- Installing: /home/strain-drone/Documents/drone_position_hold/ros2_ws/install/mocap4r2_marker_viz_srvs/share/mocap4r2_marker_viz_srvs/cmake/export_mocap4r2_marker_viz_srvs__rosidl_generator_cExport-noconfig.cmake\n'}
[39.390059] (mocap4r2_marker_viz_srvs) StdoutLine: {'line': b'-- Installing: /home/strain-drone/Documents/drone_position_hold/ros2_ws/install/mocap4r2_marker_viz_srvs/share/mocap4r2_marker_viz_srvs/cmake/export_mocap4r2_marker_viz_srvs__rosidl_typesupport_fastrtps_cExport.cmake\n'}
[39.390194] (mocap4r2_marker_viz_srvs) StdoutLine: {'line': b'-- Installing: /home/strain-drone/Documents/drone_position_hold/ros2_ws/install/mocap4r2_marker_viz_srvs/share/mocap4r2_marker_viz_srvs/cmake/export_mocap4r2_marker_viz_srvs__rosidl_typesupport_fastrtps_cExport-noconfig.cmake\n'}
[39.390288] (mocap4r2_marker_viz_srvs) StdoutLine: {'line': b'-- Installing: /home/strain-drone/Documents/drone_position_hold/ros2_ws/install/mocap4r2_marker_viz_srvs/share/mocap4r2_marker_viz_srvs/cmake/mocap4r2_marker_viz_srvs__rosidl_typesupport_introspection_cExport.cmake\n'}
[39.390421] (mocap4r2_marker_viz_srvs) StdoutLine: {'line': b'-- Installing: /home/strain-drone/Documents/drone_position_hold/ros2_ws/install/mocap4r2_marker_viz_srvs/share/mocap4r2_marker_viz_srvs/cmake/mocap4r2_marker_viz_srvs__rosidl_typesupport_introspection_cExport-noconfig.cmake\n'}
[39.390625] (mocap4r2_marker_viz_srvs) StdoutLine: {'line': b'-- Installing: /home/strain-drone/Documents/drone_position_hold/ros2_ws/install/mocap4r2_marker_viz_srvs/share/mocap4r2_marker_viz_srvs/cmake/mocap4r2_marker_viz_srvs__rosidl_typesupport_cExport.cmake\n'}
[39.391010] (mocap4r2_marker_viz_srvs) StdoutLine: {'line': b'-- Installing: /home/strain-drone/Documents/drone_position_hold/ros2_ws/install/mocap4r2_marker_viz_srvs/share/mocap4r2_marker_viz_srvs/cmake/mocap4r2_marker_viz_srvs__rosidl_typesupport_cExport-noconfig.cmake\n'}
[39.391151] (mocap4r2_marker_viz_srvs) StdoutLine: {'line': b'-- Installing: /home/strain-drone/Documents/drone_position_hold/ros2_ws/install/mocap4r2_marker_viz_srvs/share/mocap4r2_marker_viz_srvs/cmake/export_mocap4r2_marker_viz_srvs__rosidl_generator_cppExport.cmake\n'}
[39.391252] (mocap4r2_marker_viz_srvs) StdoutLine: {'line': b'-- Installing: /home/strain-drone/Documents/drone_position_hold/ros2_ws/install/mocap4r2_marker_viz_srvs/share/mocap4r2_marker_viz_srvs/cmake/export_mocap4r2_marker_viz_srvs__rosidl_typesupport_fastrtps_cppExport.cmake\n'}
[39.391377] (mocap4r2_marker_viz_srvs) StdoutLine: {'line': b'-- Installing: /home/strain-drone/Documents/drone_position_hold/ros2_ws/install/mocap4r2_marker_viz_srvs/share/mocap4r2_marker_viz_srvs/cmake/export_mocap4r2_marker_viz_srvs__rosidl_typesupport_fastrtps_cppExport-noconfig.cmake\n'}
[39.391507] (mocap4r2_marker_viz_srvs) StdoutLine: {'line': b'-- Installing: /home/strain-drone/Documents/drone_position_hold/ros2_ws/install/mocap4r2_marker_viz_srvs/share/mocap4r2_marker_viz_srvs/cmake/mocap4r2_marker_viz_srvs__rosidl_typesupport_introspection_cppExport.cmake\n'}
[39.391611] (mocap4r2_marker_viz_srvs) StdoutLine: {'line': b'-- Installing: /home/strain-drone/Documents/drone_position_hold/ros2_ws/install/mocap4r2_marker_viz_srvs/share/mocap4r2_marker_viz_srvs/cmake/mocap4r2_marker_viz_srvs__rosidl_typesupport_introspection_cppExport-noconfig.cmake\n'}
[39.391706] (mocap4r2_marker_viz_srvs) StdoutLine: {'line': b'-- Installing: /home/strain-drone/Documents/drone_position_hold/ros2_ws/install/mocap4r2_marker_viz_srvs/share/mocap4r2_marker_viz_srvs/cmake/mocap4r2_marker_viz_srvs__rosidl_typesupport_cppExport.cmake\n'}
[39.391794] (mocap4r2_marker_viz_srvs) StdoutLine: {'line': b'-- Installing: /home/strain-drone/Documents/drone_position_hold/ros2_ws/install/mocap4r2_marker_viz_srvs/share/mocap4r2_marker_viz_srvs/cmake/mocap4r2_marker_viz_srvs__rosidl_typesupport_cppExport-noconfig.cmake\n'}
[39.391885] (mocap4r2_marker_viz_srvs) StdoutLine: {'line': b'-- Installing: /home/strain-drone/Documents/drone_position_hold/ros2_ws/install/mocap4r2_marker_viz_srvs/share/mocap4r2_marker_viz_srvs/cmake/export_mocap4r2_marker_viz_srvs__rosidl_generator_pyExport.cmake\n'}
[39.395340] (mocap4r2_marker_viz_srvs) StdoutLine: {'line': b'-- Installing: /home/strain-drone/Documents/drone_position_hold/ros2_ws/install/mocap4r2_marker_viz_srvs/share/mocap4r2_marker_viz_srvs/cmake/export_mocap4r2_marker_viz_srvs__rosidl_generator_pyExport-noconfig.cmake\n'}
[39.395499] (mocap4r2_marker_viz_srvs) StdoutLine: {'line': b'-- Installing: /home/strain-drone/Documents/drone_position_hold/ros2_ws/install/mocap4r2_marker_viz_srvs/share/mocap4r2_marker_viz_srvs/cmake/rosidl_cmake-extras.cmake\n'}
[39.395604] (mocap4r2_marker_viz_srvs) StdoutLine: {'line': b'-- Installing: /home/strain-drone/Documents/drone_position_hold/ros2_ws/install/mocap4r2_marker_viz_srvs/share/mocap4r2_marker_viz_srvs/cmake/ament_cmake_export_dependencies-extras.cmake\n'}
[39.395752] (mocap4r2_marker_viz_srvs) StdoutLine: {'line': b'-- Installing: /home/strain-drone/Documents/drone_position_hold/ros2_ws/install/mocap4r2_marker_viz_srvs/share/mocap4r2_marker_viz_srvs/cmake/ament_cmake_export_include_directories-extras.cmake\n'}
[39.395840] (mocap4r2_marker_viz_srvs) StdoutLine: {'line': b'-- Installing: /home/strain-drone/Documents/drone_position_hold/ros2_ws/install/mocap4r2_marker_viz_srvs/share/mocap4r2_marker_viz_srvs/cmake/ament_cmake_export_libraries-extras.cmake\n'}
[39.395940] (mocap4r2_marker_viz_srvs) StdoutLine: {'line': b'-- Installing: /home/strain-drone/Documents/drone_position_hold/ros2_ws/install/mocap4r2_marker_viz_srvs/share/mocap4r2_marker_viz_srvs/cmake/ament_cmake_export_targets-extras.cmake\n'}
[39.397448] (mocap4r2_marker_viz_srvs) StdoutLine: {'line': b'-- Installing: /home/strain-drone/Documents/drone_position_hold/ros2_ws/install/mocap4r2_marker_viz_srvs/share/mocap4r2_marker_viz_srvs/cmake/rosidl_cmake_export_typesupport_targets-extras.cmake\n'}
[39.397745] (mocap4r2_marker_viz_srvs) StdoutLine: {'line': b'-- Installing: /home/strain-drone/Documents/drone_position_hold/ros2_ws/install/mocap4r2_marker_viz_srvs/share/mocap4r2_marker_viz_srvs/cmake/rosidl_cmake_export_typesupport_libraries-extras.cmake\n'}
[39.398002] (mocap4r2_marker_viz_srvs) StdoutLine: {'line': b'-- Installing: /home/strain-drone/Documents/drone_position_hold/ros2_ws/install/mocap4r2_marker_viz_srvs/share/mocap4r2_marker_viz_srvs/cmake/mocap4r2_marker_viz_srvsConfig.cmake\n'}
[39.398335] (mocap4r2_marker_viz_srvs) StdoutLine: {'line': b'-- Installing: /home/strain-drone/Documents/drone_position_hold/ros2_ws/install/mocap4r2_marker_viz_srvs/share/mocap4r2_marker_viz_srvs/cmake/mocap4r2_marker_viz_srvsConfig-version.cmake\n'}
[39.399343] (mocap4r2_marker_viz_srvs) StdoutLine: {'line': b'-- Installing: /home/strain-drone/Documents/drone_position_hold/ros2_ws/install/mocap4r2_marker_viz_srvs/share/mocap4r2_marker_viz_srvs/package.xml\n'}
[39.402505] (mocap4r2_marker_viz_srvs) CommandEnded: {'returncode': 0}
[39.405554] (mocap4r2_control) StdoutLine: {'line': b'-- Found rclcpp_lifecycle: 28.1.9 (/opt/ros/jazzy/share/rclcpp_lifecycle/cmake)\n'}
[39.425232] (-) TimerEvent: {}
[39.430395] (natnet_ros2) StdoutLine: {'line': b'-- The C compiler identification is GNU 13.3.0\n'}
[39.449043] (mocap4r2_marker_viz_srvs) JobEnded: {'identifier': 'mocap4r2_marker_viz_srvs', 'rc': 0}
[39.451243] (position_publisher) JobStarted: {'identifier': 'position_publisher'}
[39.498414] (mocap4r2_control) StdoutLine: {'line': b'-- Found mocap4r2_control_msgs: 0.0.7 (/home/strain-drone/Documents/drone_position_hold/ros2_ws/install/mocap4r2_control_msgs/share/mocap4r2_control_msgs/cmake)\n'}
[39.525385] (-) TimerEvent: {}
[39.573033] (natnet_ros2) StdoutLine: {'line': b'-- The CXX compiler identification is GNU 13.3.0\n'}
[39.618540] (mocap4r2_control) StdoutLine: {'line': b'-- Found ament_lint_auto: 0.17.2 (/opt/ros/jazzy/share/ament_lint_auto/cmake)\n'}
[39.625125] (natnet_ros2) StdoutLine: {'line': b'-- Detecting C compiler ABI info\n'}
[39.625504] (-) TimerEvent: {}
[39.668145] (mocap4r2_msgs) StdoutLine: {'line': b'[ 86%] \x1b[32mBuilding C object CMakeFiles/mocap4r2_msgs__rosidl_generator_py.dir/rosidl_generator_py/mocap4r2_msgs/msg/_rigid_body_s.c.o\x1b[0m\n'}
[39.725647] (-) TimerEvent: {}
[39.821689] (natnet_ros2) StdoutLine: {'line': b'-- Detecting C compiler ABI info - done\n'}
[39.825785] (-) TimerEvent: {}
[39.839976] (natnet_ros2) StdoutLine: {'line': b'-- Check for working C compiler: /usr/lib/ccache/cc - skipped\n'}
[39.840483] (natnet_ros2) StdoutLine: {'line': b'-- Detecting C compile features\n'}
[39.841374] (natnet_ros2) StdoutLine: {'line': b'-- Detecting C compile features - done\n'}
[39.865620] (natnet_ros2) StdoutLine: {'line': b'-- Detecting CXX compiler ABI info\n'}
[39.925957] (-) TimerEvent: {}
[39.930042] (mocap4r2_control) StdoutLine: {'line': b"-- Found gtest sources under '/opt/ros/jazzy/src/gtest_vendor': C++ tests using 'Google Test' will be built\n"}
[39.938326] (mocap4r2_control) StdoutLine: {'line': b'-- Performing Test CMAKE_HAVE_LIBC_PTHREAD\n'}
[40.026097] (-) TimerEvent: {}
[40.086038] (natnet_ros2) StdoutLine: {'line': b'-- Detecting CXX compiler ABI info - done\n'}
[40.108096] (natnet_ros2) StdoutLine: {'line': b'-- Check for working CXX compiler: /usr/lib/ccache/c++ - skipped\n'}
[40.108453] (natnet_ros2) StdoutLine: {'line': b'-- Detecting CXX compile features\n'}
[40.109746] (natnet_ros2) StdoutLine: {'line': b'-- Detecting CXX compile features - done\n'}
[40.113105] (natnet_ros2) StdoutLine: {'line': b'-- Found ament_cmake: 2.5.4 (/opt/ros/jazzy/share/ament_cmake/cmake)\n'}
[40.128023] (-) TimerEvent: {}
[40.195034] (mocap4r2_msgs) StdoutLine: {'line': b'[ 87%] \x1b[32mBuilding C object CMakeFiles/mocap4r2_msgs__rosidl_generator_py.dir/rosidl_generator_py/mocap4r2_msgs/msg/_rigid_bodies_s.c.o\x1b[0m\n'}
[40.227224] (mocap4r2_control) StdoutLine: {'line': b'-- Performing Test CMAKE_HAVE_LIBC_PTHREAD - Success\n'}
[40.228191] (mocap4r2_control) StdoutLine: {'line': b'-- Found Threads: TRUE  \n'}
[40.228450] (-) TimerEvent: {}
[40.248139] (mocap4r2_control) StdoutLine: {'line': b"-- Added test 'copyright' to check source files copyright and LICENSE\n"}
[40.254932] (mocap4r2_control) StdoutLine: {'line': b"-- Added test 'cppcheck' to perform static code analysis on C / C++ code\n"}
[40.255880] (mocap4r2_control) StdoutLine: {'line': b'-- Configured cppcheck include dirs: /home/strain-drone/Documents/drone_position_hold/ros2_ws/src/mocap4r2/mocap4r2_control/mocap4r2_control/include\n'}
[40.256304] (mocap4r2_control) StdoutLine: {'line': b'-- Configured cppcheck exclude dirs and/or files: \n'}
[40.261050] (mocap4r2_control) StdoutLine: {'line': b"-- Added test 'cpplint' to check C / C++ code against the Google style\n"}
[40.261315] (mocap4r2_control) StdoutLine: {'line': b'-- Configured cpplint exclude dirs and/or files: \n'}
[40.263156] (mocap4r2_control) StdoutLine: {'line': b"-- Added test 'flake8' to check Python code syntax and style conventions\n"}
[40.263560] (mocap4r2_control) StdoutLine: {'line': b"-- Configured 'flake8' exclude dirs and/or files: \n"}
[40.265875] (mocap4r2_control) StdoutLine: {'line': b"-- Added test 'lint_cmake' to check CMake code style\n"}
[40.269750] (mocap4r2_control) StdoutLine: {'line': b"-- Added test 'pep257' to check Python code against some of the docstring style conventions in PEP 257\n"}
[40.272618] (mocap4r2_control) StdoutLine: {'line': b"-- Added test 'uncrustify' to check C / C++ code style\n"}
[40.273237] (mocap4r2_control) StdoutLine: {'line': b'-- Configured uncrustify additional arguments: \n'}
[40.278029] (mocap4r2_control) StdoutLine: {'line': b"-- Added test 'xmllint' to check XML markup files\n"}
[40.282899] (mocap4r2_control) StdoutLine: {'line': b'-- Configuring done (3.4s)\n'}
[40.328613] (-) TimerEvent: {}
[40.348973] (mocap4r2_control) StdoutLine: {'line': b'-- Generating done (0.0s)\n'}
[40.371892] (mocap4r2_control) StdoutLine: {'line': b'-- Build files have been written to: /home/strain-drone/Documents/drone_position_hold/ros2_ws/build/mocap4r2_control\n'}
[40.413848] (mocap4r2_control) CommandEnded: {'returncode': 0}
[40.414435] (mocap4r2_control) JobProgress: {'identifier': 'mocap4r2_control', 'progress': 'build'}
[40.414470] (mocap4r2_control) Command: {'cmd': ['/usr/bin/cmake', '--build', '/home/strain-drone/Documents/drone_position_hold/ros2_ws/build/mocap4r2_control', '--', '-j4', '-l4'], 'cwd': '/home/strain-drone/Documents/drone_position_hold/ros2_ws/build/mocap4r2_control', 'env': OrderedDict({'LESSOPEN': '| /usr/bin/lesspipe %s', 'USER': 'strain-drone', 'SSH_CLIENT': '100.119.134.77 59684 22', 'XDG_SESSION_TYPE': 'tty', 'SHLVL': '1', 'LD_LIBRARY_PATH': '/home/strain-drone/Documents/drone_position_hold/ros2_ws/install/mocap4r2_control_msgs/lib:/opt/ros/jazzy/opt/rviz_ogre_vendor/lib:/opt/ros/jazzy/lib/aarch64-linux-gnu:/opt/ros/jazzy/opt/gz_math_vendor/lib:/opt/ros/jazzy/opt/gz_utils_vendor/lib:/opt/ros/jazzy/opt/gz_cmake_vendor/lib:/opt/ros/jazzy/lib:/home/strain-drone/Documents/drone_position_hold/ros2_ws/src/natnet_ros2/deps/NatNetSDK/lib', 'HOME': '/home/strain-drone', 'OLDPWD': '/home/strain-drone', 'SSH_TTY': '/dev/pts/0', 'ROS_PYTHON_VERSION': '3', 'PS1': '(venv-ardupilot) \\[\\e]0;\\u@\\h: \\w\\a\\]${debian_chroot:+($debian_chroot)}\\[\\033[01;32m\\]\\u@\\h\\[\\033[00m\\]:\\[\\033[01;34m\\]\\w\\[\\033[00m\\]\\$', 'DBUS_SESSION_BUS_ADDRESS': 'unix:path=/run/user/1002/bus', 'DEBUGINFOD_URLS': 'https://debuginfod.ubuntu.com', 'ROS_DISTRO': 'jazzy', 'LOGNAME': 'strain-drone', '_': '/usr/bin/colcon', 'ROS_VERSION': '2', 'XDG_SESSION_CLASS': 'user', 'TERM': 'xterm-256color', 'XDG_SESSION_ID': '3', 'PATH': '/usr/lib/ccache:/home/strain-drone/Documents/ardupilot/Tools/autotest:/opt/gcc-arm-none-eabi-10-2020-q4-major/bin:/home/strain-drone/venv-ardupilot/bin:/home/strain-drone/.local/bin:/opt/ros/jazzy/bin:/usr/local/sbin:/usr/local/bin:/usr/sbin:/usr/bin:/sbin:/bin:/usr/games:/usr/local/games:/snap/bin:/home/strain-drone/.local/bin:/home/strain-drone/.local/bin', 'XDG_RUNTIME_DIR': '/run/user/1002', 'LANG': 'en_US.UTF-8', 'VIRTUAL_ENV_PROMPT': '(venv-ardupilot)', 'LS_COLORS': 'rs=0:di=01;34:ln=01;36:mh=00:pi=40;33:so=01;35:do=01;35:bd=40;33;01:cd=40;33;01:or=40;31;01:mi=00:su=37;41:sg=30;43:ca=00:tw=30;42:ow=34;42:st=37;44:ex=01;32:*.tar=01;31:*.tgz=01;31:*.arc=01;31:*.arj=01;31:*.taz=01;31:*.lha=01;31:*.lz4=01;31:*.lzh=01;31:*.lzma=01;31:*.tlz=01;31:*.txz=01;31:*.tzo=01;31:*.t7z=01;31:*.zip=01;31:*.z=01;31:*.dz=01;31:*.gz=01;31:*.lrz=01;31:*.lz=01;31:*.lzo=01;31:*.xz=01;31:*.zst=01;31:*.tzst=01;31:*.bz2=01;31:*.bz=01;31:*.tbz=01;31:*.tbz2=01;31:*.tz=01;31:*.deb=01;31:*.rpm=01;31:*.jar=01;31:*.war=01;31:*.ear=01;31:*.sar=01;31:*.rar=01;31:*.alz=01;31:*.ace=01;31:*.zoo=01;31:*.cpio=01;31:*.7z=01;31:*.rz=01;31:*.cab=01;31:*.wim=01;31:*.swm=01;31:*.dwm=01;31:*.esd=01;31:*.avif=01;35:*.jpg=01;35:*.jpeg=01;35:*.mjpg=01;35:*.mjpeg=01;35:*.gif=01;35:*.bmp=01;35:*.pbm=01;35:*.pgm=01;35:*.ppm=01;35:*.tga=01;35:*.xbm=01;35:*.xpm=01;35:*.tif=01;35:*.tiff=01;35:*.png=01;35:*.svg=01;35:*.svgz=01;35:*.mng=01;35:*.pcx=01;35:*.mov=01;35:*.mpg=01;35:*.mpeg=01;35:*.m2v=01;35:*.mkv=01;35:*.webm=01;35:*.webp=01;35:*.ogm=01;35:*.mp4=01;35:*.m4v=01;35:*.mp4v=01;35:*.vob=01;35:*.qt=01;35:*.nuv=01;35:*.wmv=01;35:*.asf=01;35:*.rm=01;35:*.rmvb=01;35:*.flc=01;35:*.avi=01;35:*.fli=01;35:*.flv=01;35:*.gl=01;35:*.dl=01;35:*.xcf=01;35:*.xwd=01;35:*.yuv=01;35:*.cgm=01;35:*.emf=01;35:*.ogv=01;35:*.ogx=01;35:*.aac=00;36:*.au=00;36:*.flac=00;36:*.m4a=00;36:*.mid=00;36:*.midi=00;36:*.mka=00;36:*.mp3=00;36:*.mpc=00;36:*.ogg=00;36:*.ra=00;36:*.wav=00;36:*.oga=00;36:*.opus=00;36:*.spx=00;36:*.xspf=00;36:*~=00;90:*#=00;90:*.bak=00;90:*.crdownload=00;90:*.dpkg-dist=00;90:*.dpkg-new=00;90:*.dpkg-old=00;90:*.dpkg-tmp=00;90:*.old=00;90:*.orig=00;90:*.part=00;90:*.rej=00;90:*.rpmnew=00;90:*.rpmorig=00;90:*.rpmsave=00;90:*.swp=00;90:*.tmp=00;90:*.ucf-dist=00;90:*.ucf-new=00;90:*.ucf-old=00;90:', 'ROS_DOMAIN_ID': '1', 'AMENT_PREFIX_PATH': '/home/strain-drone/Documents/drone_position_hold/ros2_ws/install/mocap4r2_control_msgs:/opt/ros/jazzy', 'SHELL': '/bin/bash', 'LESSCLOSE': '/usr/bin/lesspipe %s %s', 'VIRTUAL_ENV': '/home/strain-drone/venv-ardupilot', 'ROS_AUTOMATIC_DISCOVERY_RANGE': 'SUBNET', 'PWD': '/home/strain-drone/Documents/drone_position_hold/ros2_ws/build/mocap4r2_control', 'LC_ALL': 'en_US.UTF-8', 'SSH_CONNECTION': '100.119.134.77 59684 100.96.124.69 22', 'XDG_DATA_DIRS': '/usr/share/gnome:/usr/local/share:/usr/share:/var/lib/snapd/desktop', 'PYTHONPATH': '/home/strain-drone/Documents/drone_position_hold/ros2_ws/install/mocap4r2_control_msgs/lib/python3.12/site-packages:/opt/ros/jazzy/lib/python3.12/site-packages', 'COLCON': '1', 'CMAKE_PREFIX_PATH': '/home/strain-drone/Documents/drone_position_hold/ros2_ws/install/mocap4r2_control_msgs:/opt/ros/jazzy/opt/gz_math_vendor:/opt/ros/jazzy/opt/gz_utils_vendor:/opt/ros/jazzy/opt/gz_cmake_vendor:/opt/ros/jazzy'}), 'shell': False}
[40.429300] (-) TimerEvent: {}
[40.433071] (natnet_ros2) StdoutLine: {'line': b'-- Found Python3: /home/strain-drone/venv-ardupilot/bin/python3 (found version "3.12.3") found components: Interpreter \n'}
[40.529459] (-) TimerEvent: {}
[40.536556] (mocap4r2_control) StdoutLine: {'line': b'[  7%] \x1b[32mBuilding CXX object CMakeFiles/mocap4r2_control.dir/src/mocap4r2_control/ControlledLifecycleNode.cpp.o\x1b[0m\n'}
[40.629583] (-) TimerEvent: {}
[40.662288] (natnet_ros2) StdoutLine: {'line': b'-- Found rclcpp: 28.1.9 (/opt/ros/jazzy/share/rclcpp/cmake)\n'}
[40.670087] (mocap4r2_msgs) StdoutLine: {'line': b'[ 89%] \x1b[32mBuilding C object CMakeFiles/mocap4r2_msgs__rosidl_generator_py.dir/rosidl_generator_py/mocap4r2_msgs/msg/_imus_info_s.c.o\x1b[0m\n'}
[40.719538] (natnet_ros2) StdoutLine: {'line': b'-- Found rosidl_generator_c: 4.6.5 (/opt/ros/jazzy/share/rosidl_generator_c/cmake)\n'}
[40.729717] (-) TimerEvent: {}
[40.743610] (natnet_ros2) StdoutLine: {'line': b'-- Found rosidl_generator_cpp: 4.6.5 (/opt/ros/jazzy/share/rosidl_generator_cpp/cmake)\n'}
[40.770373] (natnet_ros2) StdoutLine: {'line': b'-- Using all available rosidl_typesupport_c: rosidl_typesupport_fastrtps_c;rosidl_typesupport_introspection_c\n'}
[40.800709] (natnet_ros2) StdoutLine: {'line': b'-- Using all available rosidl_typesupport_cpp: rosidl_typesupport_fastrtps_cpp;rosidl_typesupport_introspection_cpp\n'}
[40.831234] (-) TimerEvent: {}
[40.913185] (natnet_ros2) StdoutLine: {'line': b'-- Found rmw_implementation_cmake: 7.3.2 (/opt/ros/jazzy/share/rmw_implementation_cmake/cmake)\n'}
[40.917430] (natnet_ros2) StdoutLine: {'line': b'-- Found rmw_fastrtps_cpp: 8.4.2 (/opt/ros/jazzy/share/rmw_fastrtps_cpp/cmake)\n'}
[40.931352] (-) TimerEvent: {}
[41.032233] (-) TimerEvent: {}
[41.080284] (natnet_ros2) StdoutLine: {'line': b'-- Found OpenSSL: /usr/lib/aarch64-linux-gnu/libcrypto.so (found version "3.0.13")  \n'}
[41.101013] (mocap4r2_msgs) StdoutLine: {'line': b'[ 90%] \x1b[32mBuilding C object CMakeFiles/mocap4r2_msgs__rosidl_generator_py.dir/rosidl_generator_py/mocap4r2_msgs/msg/_markers_s.c.o\x1b[0m\n'}
[41.118234] (natnet_ros2) StdoutLine: {'line': b'-- Found FastRTPS: /opt/ros/jazzy/include (Required is at least version "2.13") \n'}
[41.132400] (-) TimerEvent: {}
[41.166015] (natnet_ros2) StdoutLine: {'line': b"-- Using RMW implementation 'rmw_fastrtps_cpp' as default\n"}
[41.231023] (position_publisher) Command: {'cmd': ['/usr/bin/python3', '-W', 'ignore:setup.py install is deprecated', '-W', 'ignore:easy_install command is deprecated', 'setup.py', 'egg_info', '--egg-base', '../../build/position_publisher', 'build', '--build-base', '/home/strain-drone/Documents/drone_position_hold/ros2_ws/build/position_publisher/build', 'install', '--record', '/home/strain-drone/Documents/drone_position_hold/ros2_ws/build/position_publisher/install.log', '--single-version-externally-managed', 'install_data'], 'cwd': '/home/strain-drone/Documents/drone_position_hold/ros2_ws/src/position_publisher', 'env': {'LESSOPEN': '| /usr/bin/lesspipe %s', 'USER': 'strain-drone', 'SSH_CLIENT': '100.119.134.77 59684 22', 'XDG_SESSION_TYPE': 'tty', 'SHLVL': '1', 'LD_LIBRARY_PATH': '/opt/ros/jazzy/opt/rviz_ogre_vendor/lib:/opt/ros/jazzy/lib/aarch64-linux-gnu:/opt/ros/jazzy/opt/gz_math_vendor/lib:/opt/ros/jazzy/opt/gz_utils_vendor/lib:/opt/ros/jazzy/opt/gz_cmake_vendor/lib:/opt/ros/jazzy/lib:/home/strain-drone/Documents/drone_position_hold/ros2_ws/src/natnet_ros2/deps/NatNetSDK/lib', 'HOME': '/home/strain-drone', 'OLDPWD': '/home/strain-drone', 'SSH_TTY': '/dev/pts/0', 'ROS_PYTHON_VERSION': '3', 'PS1': '(venv-ardupilot) \\[\\e]0;\\u@\\h: \\w\\a\\]${debian_chroot:+($debian_chroot)}\\[\\033[01;32m\\]\\u@\\h\\[\\033[00m\\]:\\[\\033[01;34m\\]\\w\\[\\033[00m\\]\\$', 'DBUS_SESSION_BUS_ADDRESS': 'unix:path=/run/user/1002/bus', 'DEBUGINFOD_URLS': 'https://debuginfod.ubuntu.com', 'ROS_DISTRO': 'jazzy', 'LOGNAME': 'strain-drone', '_': '/usr/bin/colcon', 'ROS_VERSION': '2', 'XDG_SESSION_CLASS': 'user', 'TERM': 'xterm-256color', 'XDG_SESSION_ID': '3', 'PATH': '/usr/lib/ccache:/home/strain-drone/Documents/ardupilot/Tools/autotest:/opt/gcc-arm-none-eabi-10-2020-q4-major/bin:/home/strain-drone/venv-ardupilot/bin:/home/strain-drone/.local/bin:/opt/ros/jazzy/bin:/usr/local/sbin:/usr/local/bin:/usr/sbin:/usr/bin:/sbin:/bin:/usr/games:/usr/local/games:/snap/bin:/home/strain-drone/.local/bin:/home/strain-drone/.local/bin', 'XDG_RUNTIME_DIR': '/run/user/1002', 'LANG': 'en_US.UTF-8', 'VIRTUAL_ENV_PROMPT': '(venv-ardupilot)', 'LS_COLORS': 'rs=0:di=01;34:ln=01;36:mh=00:pi=40;33:so=01;35:do=01;35:bd=40;33;01:cd=40;33;01:or=40;31;01:mi=00:su=37;41:sg=30;43:ca=00:tw=30;42:ow=34;42:st=37;44:ex=01;32:*.tar=01;31:*.tgz=01;31:*.arc=01;31:*.arj=01;31:*.taz=01;31:*.lha=01;31:*.lz4=01;31:*.lzh=01;31:*.lzma=01;31:*.tlz=01;31:*.txz=01;31:*.tzo=01;31:*.t7z=01;31:*.zip=01;31:*.z=01;31:*.dz=01;31:*.gz=01;31:*.lrz=01;31:*.lz=01;31:*.lzo=01;31:*.xz=01;31:*.zst=01;31:*.tzst=01;31:*.bz2=01;31:*.bz=01;31:*.tbz=01;31:*.tbz2=01;31:*.tz=01;31:*.deb=01;31:*.rpm=01;31:*.jar=01;31:*.war=01;31:*.ear=01;31:*.sar=01;31:*.rar=01;31:*.alz=01;31:*.ace=01;31:*.zoo=01;31:*.cpio=01;31:*.7z=01;31:*.rz=01;31:*.cab=01;31:*.wim=01;31:*.swm=01;31:*.dwm=01;31:*.esd=01;31:*.avif=01;35:*.jpg=01;35:*.jpeg=01;35:*.mjpg=01;35:*.mjpeg=01;35:*.gif=01;35:*.bmp=01;35:*.pbm=01;35:*.pgm=01;35:*.ppm=01;35:*.tga=01;35:*.xbm=01;35:*.xpm=01;35:*.tif=01;35:*.tiff=01;35:*.png=01;35:*.svg=01;35:*.svgz=01;35:*.mng=01;35:*.pcx=01;35:*.mov=01;35:*.mpg=01;35:*.mpeg=01;35:*.m2v=01;35:*.mkv=01;35:*.webm=01;35:*.webp=01;35:*.ogm=01;35:*.mp4=01;35:*.m4v=01;35:*.mp4v=01;35:*.vob=01;35:*.qt=01;35:*.nuv=01;35:*.wmv=01;35:*.asf=01;35:*.rm=01;35:*.rmvb=01;35:*.flc=01;35:*.avi=01;35:*.fli=01;35:*.flv=01;35:*.gl=01;35:*.dl=01;35:*.xcf=01;35:*.xwd=01;35:*.yuv=01;35:*.cgm=01;35:*.emf=01;35:*.ogv=01;35:*.ogx=01;35:*.aac=00;36:*.au=00;36:*.flac=00;36:*.m4a=00;36:*.mid=00;36:*.midi=00;36:*.mka=00;36:*.mp3=00;36:*.mpc=00;36:*.ogg=00;36:*.ra=00;36:*.wav=00;36:*.oga=00;36:*.opus=00;36:*.spx=00;36:*.xspf=00;36:*~=00;90:*#=00;90:*.bak=00;90:*.crdownload=00;90:*.dpkg-dist=00;90:*.dpkg-new=00;90:*.dpkg-old=00;90:*.dpkg-tmp=00;90:*.old=00;90:*.orig=00;90:*.part=00;90:*.rej=00;90:*.rpmnew=00;90:*.rpmorig=00;90:*.rpmsave=00;90:*.swp=00;90:*.tmp=00;90:*.ucf-dist=00;90:*.ucf-new=00;90:*.ucf-old=00;90:', 'ROS_DOMAIN_ID': '1', 'AMENT_PREFIX_PATH': '/opt/ros/jazzy', 'SHELL': '/bin/bash', 'LESSCLOSE': '/usr/bin/lesspipe %s %s', 'VIRTUAL_ENV': '/home/strain-drone/venv-ardupilot', 'ROS_AUTOMATIC_DISCOVERY_RANGE': 'SUBNET', 'PWD': '/home/strain-drone/Documents/drone_position_hold/ros2_ws/build/position_publisher', 'LC_ALL': 'en_US.UTF-8', 'SSH_CONNECTION': '100.119.134.77 59684 100.96.124.69 22', 'XDG_DATA_DIRS': '/usr/share/gnome:/usr/local/share:/usr/share:/var/lib/snapd/desktop', 'PYTHONPATH': '/home/strain-drone/Documents/drone_position_hold/ros2_ws/build/position_publisher/prefix_override:/usr/lib/python3/dist-packages/colcon_core/task/python/colcon_distutils_commands:/home/strain-drone/Documents/drone_position_hold/ros2_ws/install/position_publisher/lib/python3.12/site-packages:/opt/ros/jazzy/lib/python3.12/site-packages', 'COLCON': '1', 'CMAKE_PREFIX_PATH': '/opt/ros/jazzy/opt/gz_math_vendor:/opt/ros/jazzy/opt/gz_utils_vendor:/opt/ros/jazzy/opt/gz_cmake_vendor'}, 'shell': False}
[41.235078] (-) TimerEvent: {}
[41.295037] (natnet_ros2) StdoutLine: {'line': b'-- Found rclcpp_lifecycle: 28.1.9 (/opt/ros/jazzy/share/rclcpp_lifecycle/cmake)\n'}
[41.335192] (-) TimerEvent: {}
[41.348449] (natnet_ros2) StdoutLine: {'line': b'-- Found tf2: 0.36.16 (/opt/ros/jazzy/share/tf2/cmake)\n'}
[41.421465] (natnet_ros2) StdoutLine: {'line': b'-- Found tf2_ros: 0.36.16 (/opt/ros/jazzy/share/tf2_ros/cmake)\n'}
[41.435312] (-) TimerEvent: {}
[41.535965] (-) TimerEvent: {}
[41.544709] (mocap4r2_msgs) StdoutLine: {'line': b'[ 91%] \x1b[32m\x1b[1mLinking C shared library libmocap4r2_msgs__rosidl_generator_py.so\x1b[0m\n'}
[41.636081] (-) TimerEvent: {}
[41.654462] (mocap4r2_msgs) StdoutLine: {'line': b'[ 91%] Built target mocap4r2_msgs__rosidl_generator_py\n'}
[41.700074] (mocap4r2_msgs) StdoutLine: {'line': b'[ 93%] \x1b[32mBuilding C object CMakeFiles/mocap4r2_msgs_s__rosidl_typesupport_fastrtps_c.dir/rosidl_generator_py/mocap4r2_msgs/_mocap4r2_msgs_s.ep.rosidl_typesupport_fastrtps_c.c.o\x1b[0m\n'}
[41.730602] (position_publisher) StdoutLine: {'line': b'running egg_info\n'}
[41.731934] (position_publisher) StdoutLine: {'line': b'creating ../../build/position_publisher/position_publisher.egg-info\n'}
[41.736186] (-) TimerEvent: {}
[41.753178] (natnet_ros2) StdoutLine: {'line': b'-- Found sensor_msgs: 5.3.6 (/opt/ros/jazzy/share/sensor_msgs/cmake)\n'}
[41.764634] (position_publisher) StdoutLine: {'line': b'writing ../../build/position_publisher/position_publisher.egg-info/PKG-INFO\n'}
[41.765095] (position_publisher) StdoutLine: {'line': b'writing dependency_links to ../../build/position_publisher/position_publisher.egg-info/dependency_links.txt\n'}
[41.765789] (position_publisher) StdoutLine: {'line': b'writing entry points to ../../build/position_publisher/position_publisher.egg-info/entry_points.txt\n'}
[41.766305] (position_publisher) StdoutLine: {'line': b'writing requirements to ../../build/position_publisher/position_publisher.egg-info/requires.txt\n'}
[41.766754] (position_publisher) StdoutLine: {'line': b'writing top-level names to ../../build/position_publisher/position_publisher.egg-info/top_level.txt\n'}
[41.767423] (position_publisher) StdoutLine: {'line': b"writing manifest file '../../build/position_publisher/position_publisher.egg-info/SOURCES.txt'\n"}
[41.811992] (natnet_ros2) StdoutLine: {'line': b'-- Found rosidl_default_generators: 1.6.0 (/opt/ros/jazzy/share/rosidl_default_generators/cmake)\n'}
[41.833066] (natnet_ros2) StdoutLine: {'line': b'-- Found rosidl_adapter: 4.6.5 (/opt/ros/jazzy/share/rosidl_adapter/cmake)\n'}
[41.836299] (-) TimerEvent: {}
[41.838682] (position_publisher) StdoutLine: {'line': b"reading manifest file '../../build/position_publisher/position_publisher.egg-info/SOURCES.txt'\n"}
[41.840243] (natnet_ros2) StdoutLine: {'line': b'-- Found ament_cmake_auto: 2.5.4 (/opt/ros/jazzy/share/ament_cmake_auto/cmake)\n'}
[41.840498] (position_publisher) StdoutLine: {'line': b"writing manifest file '../../build/position_publisher/position_publisher.egg-info/SOURCES.txt'\n"}
[41.840995] (position_publisher) StdoutLine: {'line': b'running build\n'}
[41.841318] (position_publisher) StdoutLine: {'line': b'running build_py\n'}
[41.841957] (position_publisher) StdoutLine: {'line': b'creating /home/strain-drone/Documents/drone_position_hold/ros2_ws/build/position_publisher/build\n'}
[41.842088] (position_publisher) StdoutLine: {'line': b'creating /home/strain-drone/Documents/drone_position_hold/ros2_ws/build/position_publisher/build/lib\n'}
[41.842407] (position_publisher) StdoutLine: {'line': b'creating /home/strain-drone/Documents/drone_position_hold/ros2_ws/build/position_publisher/build/lib/position_publisher\n'}
[41.842894] (position_publisher) StdoutLine: {'line': b'copying position_publisher/drone_commander.py -> /home/strain-drone/Documents/drone_position_hold/ros2_ws/build/position_publisher/build/lib/position_publisher\n'}
[41.844143] (position_publisher) StdoutLine: {'line': b'copying position_publisher/__init__.py -> /home/strain-drone/Documents/drone_position_hold/ros2_ws/build/position_publisher/build/lib/position_publisher\n'}
[41.844285] (position_publisher) StdoutLine: {'line': b'copying position_publisher/position_publisher.py -> /home/strain-drone/Documents/drone_position_hold/ros2_ws/build/position_publisher/build/lib/position_publisher\n'}
[41.845969] (position_publisher) StdoutLine: {'line': b'running install\n'}
[41.854037] (natnet_ros2) StdoutLine: {'line': b'-- Found rclpy: 7.1.4 (/opt/ros/jazzy/share/rclpy/cmake)\n'}
[41.857163] (position_publisher) StdoutLine: {'line': b'running install_lib\n'}
[41.893125] (position_publisher) StdoutLine: {'line': b'creating /home/strain-drone/Documents/drone_position_hold/ros2_ws/install/position_publisher/lib/python3.12/site-packages/position_publisher\n'}
[41.894222] (position_publisher) StdoutLine: {'line': b'copying /home/strain-drone/Documents/drone_position_hold/ros2_ws/build/position_publisher/build/lib/position_publisher/drone_commander.py -> /home/strain-drone/Documents/drone_position_hold/ros2_ws/install/position_publisher/lib/python3.12/site-packages/position_publisher\n'}
[41.894448] (position_publisher) StdoutLine: {'line': b'copying /home/strain-drone/Documents/drone_position_hold/ros2_ws/build/position_publisher/build/lib/position_publisher/__init__.py -> /home/strain-drone/Documents/drone_position_hold/ros2_ws/install/position_publisher/lib/python3.12/site-packages/position_publisher\n'}
[41.896006] (position_publisher) StdoutLine: {'line': b'copying /home/strain-drone/Documents/drone_position_hold/ros2_ws/build/position_publisher/build/lib/position_publisher/position_publisher.py -> /home/strain-drone/Documents/drone_position_hold/ros2_ws/install/position_publisher/lib/python3.12/site-packages/position_publisher\n'}
[41.896538] (position_publisher) StdoutLine: {'line': b'byte-compiling /home/strain-drone/Documents/drone_position_hold/ros2_ws/install/position_publisher/lib/python3.12/site-packages/position_publisher/drone_commander.py to drone_commander.cpython-312.pyc\n'}
[41.899635] (position_publisher) StdoutLine: {'line': b'byte-compiling /home/strain-drone/Documents/drone_position_hold/ros2_ws/install/position_publisher/lib/python3.12/site-packages/position_publisher/__init__.py to __init__.cpython-312.pyc\n'}
[41.899899] (position_publisher) StdoutLine: {'line': b'byte-compiling /home/strain-drone/Documents/drone_position_hold/ros2_ws/install/position_publisher/lib/python3.12/site-packages/position_publisher/position_publisher.py to position_publisher.cpython-312.pyc\n'}
[41.907569] (position_publisher) StdoutLine: {'line': b'running install_data\n'}
[41.907844] (position_publisher) StdoutLine: {'line': b'creating /home/strain-drone/Documents/drone_position_hold/ros2_ws/install/position_publisher/share/ament_index\n'}
[41.908520] (position_publisher) StdoutLine: {'line': b'creating /home/strain-drone/Documents/drone_position_hold/ros2_ws/install/position_publisher/share/ament_index/resource_index\n'}
[41.908706] (position_publisher) StdoutLine: {'line': b'creating /home/strain-drone/Documents/drone_position_hold/ros2_ws/install/position_publisher/share/ament_index/resource_index/packages\n'}
[41.909591] (position_publisher) StdoutLine: {'line': b'copying resource/position_publisher -> /home/strain-drone/Documents/drone_position_hold/ros2_ws/install/position_publisher/share/ament_index/resource_index/packages\n'}
[41.909791] (position_publisher) StdoutLine: {'line': b'copying package.xml -> /home/strain-drone/Documents/drone_position_hold/ros2_ws/install/position_publisher/share/position_publisher\n'}
[41.910324] (position_publisher) StdoutLine: {'line': b'running install_egg_info\n'}
[41.938019] (-) TimerEvent: {}
[41.950729] (position_publisher) StdoutLine: {'line': b'Copying ../../build/position_publisher/position_publisher.egg-info to /home/strain-drone/Documents/drone_position_hold/ros2_ws/install/position_publisher/lib/python3.12/site-packages/position_publisher-0.0.0-py3.12.egg-info\n'}
[41.952890] (position_publisher) StdoutLine: {'line': b'running install_scripts\n'}
[42.040034] (-) TimerEvent: {}
[42.103368] (mocap4r2_msgs) StdoutLine: {'line': b'[ 94%] \x1b[32m\x1b[1mLinking C shared module rosidl_generator_py/mocap4r2_msgs/mocap4r2_msgs_s__rosidl_typesupport_fastrtps_c.so\x1b[0m\n'}
[42.140141] (-) TimerEvent: {}
[42.195508] (mocap4r2_msgs) StdoutLine: {'line': b'[ 94%] Built target mocap4r2_msgs_s__rosidl_typesupport_fastrtps_c\n'}
[42.240290] (-) TimerEvent: {}
[42.241825] (mocap4r2_msgs) StdoutLine: {'line': b'[ 95%] \x1b[32mBuilding C object CMakeFiles/mocap4r2_msgs_s__rosidl_typesupport_c.dir/rosidl_generator_py/mocap4r2_msgs/_mocap4r2_msgs_s.ep.rosidl_typesupport_c.c.o\x1b[0m\n'}
[42.247727] (position_publisher) StdoutLine: {'line': b'Installing drone_commander script to /home/strain-drone/Documents/drone_position_hold/ros2_ws/install/position_publisher/lib/position_publisher\n'}
[42.248024] (position_publisher) StdoutLine: {'line': b'Installing position_publisher script to /home/strain-drone/Documents/drone_position_hold/ros2_ws/install/position_publisher/lib/position_publisher\n'}
[42.250092] (position_publisher) StdoutLine: {'line': b"writing list of installed files to '/home/strain-drone/Documents/drone_position_hold/ros2_ws/build/position_publisher/install.log'\n"}
[42.340472] (-) TimerEvent: {}
[42.380079] (position_publisher) CommandEnded: {'returncode': 0}
[42.390452] (position_publisher) JobEnded: {'identifier': 'position_publisher', 'rc': 0}
[42.394002] (visualizer) JobStarted: {'identifier': 'visualizer'}
[42.440603] (-) TimerEvent: {}
[42.543010] (-) TimerEvent: {}
[42.643476] (-) TimerEvent: {}
[42.679872] (mocap4r2_msgs) StdoutLine: {'line': b'[ 97%] \x1b[32m\x1b[1mLinking C shared module rosidl_generator_py/mocap4r2_msgs/mocap4r2_msgs_s__rosidl_typesupport_c.so\x1b[0m\n'}
[42.743605] (-) TimerEvent: {}
[42.762817] (mocap4r2_msgs) StdoutLine: {'line': b'[ 97%] Built target mocap4r2_msgs_s__rosidl_typesupport_c\n'}
[42.812098] (mocap4r2_msgs) StdoutLine: {'line': b'[ 98%] \x1b[32mBuilding C object CMakeFiles/mocap4r2_msgs_s__rosidl_typesupport_introspection_c.dir/rosidl_generator_py/mocap4r2_msgs/_mocap4r2_msgs_s.ep.rosidl_typesupport_introspection_c.c.o\x1b[0m\n'}
[42.843734] (-) TimerEvent: {}
[42.946052] (-) TimerEvent: {}
[43.046678] (-) TimerEvent: {}
[43.148256] (-) TimerEvent: {}
[43.250998] (-) TimerEvent: {}
[43.291284] (mocap4r2_msgs) StdoutLine: {'line': b'[100%] \x1b[32m\x1b[1mLinking C shared module rosidl_generator_py/mocap4r2_msgs/mocap4r2_msgs_s__rosidl_typesupport_introspection_c.so\x1b[0m\n'}
[43.351339] (-) TimerEvent: {}
[43.354471] (natnet_ros2) StdoutLine: {'line': b'-- Found ament_cmake_ros: 0.12.0 (/opt/ros/jazzy/share/ament_cmake_ros/cmake)\n'}
[43.378409] (mocap4r2_msgs) StdoutLine: {'line': b'[100%] Built target mocap4r2_msgs_s__rosidl_typesupport_introspection_c\n'}
[43.403663] (mocap4r2_msgs) CommandEnded: {'returncode': 0}
[43.404653] (mocap4r2_msgs) JobProgress: {'identifier': 'mocap4r2_msgs', 'progress': 'install'}
[43.406184] (mocap4r2_msgs) Command: {'cmd': ['/usr/bin/cmake', '--install', '/home/strain-drone/Documents/drone_position_hold/ros2_ws/build/mocap4r2_msgs'], 'cwd': '/home/strain-drone/Documents/drone_position_hold/ros2_ws/build/mocap4r2_msgs', 'env': OrderedDict({'LESSOPEN': '| /usr/bin/lesspipe %s', 'USER': 'strain-drone', 'SSH_CLIENT': '100.119.134.77 59684 22', 'XDG_SESSION_TYPE': 'tty', 'SHLVL': '1', 'LD_LIBRARY_PATH': '/opt/ros/jazzy/opt/rviz_ogre_vendor/lib:/opt/ros/jazzy/lib/aarch64-linux-gnu:/opt/ros/jazzy/opt/gz_math_vendor/lib:/opt/ros/jazzy/opt/gz_utils_vendor/lib:/opt/ros/jazzy/opt/gz_cmake_vendor/lib:/opt/ros/jazzy/lib:/home/strain-drone/Documents/drone_position_hold/ros2_ws/src/natnet_ros2/deps/NatNetSDK/lib', 'HOME': '/home/strain-drone', 'OLDPWD': '/home/strain-drone', 'SSH_TTY': '/dev/pts/0', 'ROS_PYTHON_VERSION': '3', 'PS1': '(venv-ardupilot) \\[\\e]0;\\u@\\h: \\w\\a\\]${debian_chroot:+($debian_chroot)}\\[\\033[01;32m\\]\\u@\\h\\[\\033[00m\\]:\\[\\033[01;34m\\]\\w\\[\\033[00m\\]\\$', 'DBUS_SESSION_BUS_ADDRESS': 'unix:path=/run/user/1002/bus', 'DEBUGINFOD_URLS': 'https://debuginfod.ubuntu.com', 'ROS_DISTRO': 'jazzy', 'LOGNAME': 'strain-drone', '_': '/usr/bin/colcon', 'ROS_VERSION': '2', 'XDG_SESSION_CLASS': 'user', 'TERM': 'xterm-256color', 'XDG_SESSION_ID': '3', 'PATH': '/usr/lib/ccache:/home/strain-drone/Documents/ardupilot/Tools/autotest:/opt/gcc-arm-none-eabi-10-2020-q4-major/bin:/home/strain-drone/venv-ardupilot/bin:/home/strain-drone/.local/bin:/opt/ros/jazzy/bin:/usr/local/sbin:/usr/local/bin:/usr/sbin:/usr/bin:/sbin:/bin:/usr/games:/usr/local/games:/snap/bin:/home/strain-drone/.local/bin:/home/strain-drone/.local/bin', 'XDG_RUNTIME_DIR': '/run/user/1002', 'LANG': 'en_US.UTF-8', 'VIRTUAL_ENV_PROMPT': '(venv-ardupilot)', 'LS_COLORS': 'rs=0:di=01;34:ln=01;36:mh=00:pi=40;33:so=01;35:do=01;35:bd=40;33;01:cd=40;33;01:or=40;31;01:mi=00:su=37;41:sg=30;43:ca=00:tw=30;42:ow=34;42:st=37;44:ex=01;32:*.tar=01;31:*.tgz=01;31:*.arc=01;31:*.arj=01;31:*.taz=01;31:*.lha=01;31:*.lz4=01;31:*.lzh=01;31:*.lzma=01;31:*.tlz=01;31:*.txz=01;31:*.tzo=01;31:*.t7z=01;31:*.zip=01;31:*.z=01;31:*.dz=01;31:*.gz=01;31:*.lrz=01;31:*.lz=01;31:*.lzo=01;31:*.xz=01;31:*.zst=01;31:*.tzst=01;31:*.bz2=01;31:*.bz=01;31:*.tbz=01;31:*.tbz2=01;31:*.tz=01;31:*.deb=01;31:*.rpm=01;31:*.jar=01;31:*.war=01;31:*.ear=01;31:*.sar=01;31:*.rar=01;31:*.alz=01;31:*.ace=01;31:*.zoo=01;31:*.cpio=01;31:*.7z=01;31:*.rz=01;31:*.cab=01;31:*.wim=01;31:*.swm=01;31:*.dwm=01;31:*.esd=01;31:*.avif=01;35:*.jpg=01;35:*.jpeg=01;35:*.mjpg=01;35:*.mjpeg=01;35:*.gif=01;35:*.bmp=01;35:*.pbm=01;35:*.pgm=01;35:*.ppm=01;35:*.tga=01;35:*.xbm=01;35:*.xpm=01;35:*.tif=01;35:*.tiff=01;35:*.png=01;35:*.svg=01;35:*.svgz=01;35:*.mng=01;35:*.pcx=01;35:*.mov=01;35:*.mpg=01;35:*.mpeg=01;35:*.m2v=01;35:*.mkv=01;35:*.webm=01;35:*.webp=01;35:*.ogm=01;35:*.mp4=01;35:*.m4v=01;35:*.mp4v=01;35:*.vob=01;35:*.qt=01;35:*.nuv=01;35:*.wmv=01;35:*.asf=01;35:*.rm=01;35:*.rmvb=01;35:*.flc=01;35:*.avi=01;35:*.fli=01;35:*.flv=01;35:*.gl=01;35:*.dl=01;35:*.xcf=01;35:*.xwd=01;35:*.yuv=01;35:*.cgm=01;35:*.emf=01;35:*.ogv=01;35:*.ogx=01;35:*.aac=00;36:*.au=00;36:*.flac=00;36:*.m4a=00;36:*.mid=00;36:*.midi=00;36:*.mka=00;36:*.mp3=00;36:*.mpc=00;36:*.ogg=00;36:*.ra=00;36:*.wav=00;36:*.oga=00;36:*.opus=00;36:*.spx=00;36:*.xspf=00;36:*~=00;90:*#=00;90:*.bak=00;90:*.crdownload=00;90:*.dpkg-dist=00;90:*.dpkg-new=00;90:*.dpkg-old=00;90:*.dpkg-tmp=00;90:*.old=00;90:*.orig=00;90:*.part=00;90:*.rej=00;90:*.rpmnew=00;90:*.rpmorig=00;90:*.rpmsave=00;90:*.swp=00;90:*.tmp=00;90:*.ucf-dist=00;90:*.ucf-new=00;90:*.ucf-old=00;90:', 'ROS_DOMAIN_ID': '1', 'AMENT_PREFIX_PATH': '/opt/ros/jazzy', 'SHELL': '/bin/bash', 'LESSCLOSE': '/usr/bin/lesspipe %s %s', 'VIRTUAL_ENV': '/home/strain-drone/venv-ardupilot', 'ROS_AUTOMATIC_DISCOVERY_RANGE': 'SUBNET', 'PWD': '/home/strain-drone/Documents/drone_position_hold/ros2_ws/build/mocap4r2_msgs', 'LC_ALL': 'en_US.UTF-8', 'SSH_CONNECTION': '100.119.134.77 59684 100.96.124.69 22', 'XDG_DATA_DIRS': '/usr/share/gnome:/usr/local/share:/usr/share:/var/lib/snapd/desktop', 'PYTHONPATH': '/opt/ros/jazzy/lib/python3.12/site-packages', 'COLCON': '1', 'CMAKE_PREFIX_PATH': '/opt/ros/jazzy/opt/gz_math_vendor:/opt/ros/jazzy/opt/gz_utils_vendor:/opt/ros/jazzy/opt/gz_cmake_vendor:/opt/ros/jazzy'}), 'shell': False}
[43.427387] (mocap4r2_msgs) StdoutLine: {'line': b'-- Install configuration: ""\n'}
[43.427752] (mocap4r2_msgs) StdoutLine: {'line': b'-- Installing: /home/strain-drone/Documents/drone_position_hold/ros2_ws/install/mocap4r2_msgs/share/ament_index/resource_index/rosidl_interfaces/mocap4r2_msgs\n'}
[43.428307] (mocap4r2_msgs) StdoutLine: {'line': b'-- Installing: /home/strain-drone/Documents/drone_position_hold/ros2_ws/install/mocap4r2_msgs/share/mocap4r2_msgs/msg/Marker.json\n'}
[43.428596] (mocap4r2_msgs) StdoutLine: {'line': b'-- Installing: /home/strain-drone/Documents/drone_position_hold/ros2_ws/install/mocap4r2_msgs/share/mocap4r2_msgs/msg/Markers.json\n'}
[43.428850] (mocap4r2_msgs) StdoutLine: {'line': b'-- Installing: /home/strain-drone/Documents/drone_position_hold/ros2_ws/install/mocap4r2_msgs/share/mocap4r2_msgs/msg/ImusInfo.json\n'}
[43.429143] (mocap4r2_msgs) StdoutLine: {'line': b'-- Installing: /home/strain-drone/Documents/drone_position_hold/ros2_ws/install/mocap4r2_msgs/share/mocap4r2_msgs/msg/RigidBody.json\n'}
[43.429430] (mocap4r2_msgs) StdoutLine: {'line': b'-- Installing: /home/strain-drone/Documents/drone_position_hold/ros2_ws/install/mocap4r2_msgs/share/mocap4r2_msgs/msg/RigidBodies.json\n'}
[43.429722] (mocap4r2_msgs) StdoutLine: {'line': b'-- Installing: /home/strain-drone/Documents/drone_position_hold/ros2_ws/install/mocap4r2_msgs/include/mocap4r2_msgs/mocap4r2_msgs\n'}
[43.430132] (mocap4r2_msgs) StdoutLine: {'line': b'-- Installing: /home/strain-drone/Documents/drone_position_hold/ros2_ws/install/mocap4r2_msgs/include/mocap4r2_msgs/mocap4r2_msgs/msg\n'}
[43.430390] (mocap4r2_msgs) StdoutLine: {'line': b'-- Installing: /home/strain-drone/Documents/drone_position_hold/ros2_ws/install/mocap4r2_msgs/include/mocap4r2_msgs/mocap4r2_msgs/msg/rigid_bodies.h\n'}
[43.430790] (mocap4r2_msgs) StdoutLine: {'line': b'-- Installing: /home/strain-drone/Documents/drone_position_hold/ros2_ws/install/mocap4r2_msgs/include/mocap4r2_msgs/mocap4r2_msgs/msg/rigid_body.h\n'}
[43.431480] (mocap4r2_msgs) StdoutLine: {'line': b'-- Installing: /home/strain-drone/Documents/drone_position_hold/ros2_ws/install/mocap4r2_msgs/include/mocap4r2_msgs/mocap4r2_msgs/msg/rosidl_generator_c__visibility_control.h\n'}
[43.431684] (mocap4r2_msgs) StdoutLine: {'line': b'-- Installing: /home/strain-drone/Documents/drone_position_hold/ros2_ws/install/mocap4r2_msgs/include/mocap4r2_msgs/mocap4r2_msgs/msg/imus_info.h\n'}
[43.432475] (mocap4r2_msgs) StdoutLine: {'line': b'-- Installing: /home/strain-drone/Documents/drone_position_hold/ros2_ws/install/mocap4r2_msgs/include/mocap4r2_msgs/mocap4r2_msgs/msg/markers.h\n'}
[43.433010] (mocap4r2_msgs) StdoutLine: {'line': b'-- Installing: /home/strain-drone/Documents/drone_position_hold/ros2_ws/install/mocap4r2_msgs/include/mocap4r2_msgs/mocap4r2_msgs/msg/detail\n'}
[43.433440] (mocap4r2_msgs) StdoutLine: {'line': b'-- Installing: /home/strain-drone/Documents/drone_position_hold/ros2_ws/install/mocap4r2_msgs/include/mocap4r2_msgs/mocap4r2_msgs/msg/detail/rigid_body__struct.h\n'}
[43.434343] (mocap4r2_msgs) StdoutLine: {'line': b'-- Installing: /home/strain-drone/Documents/drone_position_hold/ros2_ws/install/mocap4r2_msgs/include/mocap4r2_msgs/mocap4r2_msgs/msg/detail/markers__description.c\n'}
[43.434904] (mocap4r2_msgs) StdoutLine: {'line': b'-- Installing: /home/strain-drone/Documents/drone_position_hold/ros2_ws/install/mocap4r2_msgs/include/mocap4r2_msgs/mocap4r2_msgs/msg/detail/rigid_body__description.c\n'}
[43.435614] (mocap4r2_msgs) StdoutLine: {'line': b'-- Installing: /home/strain-drone/Documents/drone_position_hold/ros2_ws/install/mocap4r2_msgs/include/mocap4r2_msgs/mocap4r2_msgs/msg/detail/rigid_bodies__functions.c\n'}
[43.436162] (mocap4r2_msgs) StdoutLine: {'line': b'-- Installing: /home/strain-drone/Documents/drone_position_hold/ros2_ws/install/mocap4r2_msgs/include/mocap4r2_msgs/mocap4r2_msgs/msg/detail/marker__functions.c\n'}
[43.436722] (mocap4r2_msgs) StdoutLine: {'line': b'-- Installing: /home/strain-drone/Documents/drone_position_hold/ros2_ws/install/mocap4r2_msgs/include/mocap4r2_msgs/mocap4r2_msgs/msg/detail/marker__description.c\n'}
[43.437275] (mocap4r2_msgs) StdoutLine: {'line': b'-- Installing: /home/strain-drone/Documents/drone_position_hold/ros2_ws/install/mocap4r2_msgs/include/mocap4r2_msgs/mocap4r2_msgs/msg/detail/marker__type_support.h\n'}
[43.438244] (mocap4r2_msgs) StdoutLine: {'line': b'-- Installing: /home/strain-drone/Documents/drone_position_hold/ros2_ws/install/mocap4r2_msgs/include/mocap4r2_msgs/mocap4r2_msgs/msg/detail/rigid_bodies__type_support.h\n'}
[43.438455] (mocap4r2_msgs) StdoutLine: {'line': b'-- Installing: /home/strain-drone/Documents/drone_position_hold/ros2_ws/install/mocap4r2_msgs/include/mocap4r2_msgs/mocap4r2_msgs/msg/detail/markers__functions.h\n'}
[43.438701] (mocap4r2_msgs) StdoutLine: {'line': b'-- Installing: /home/strain-drone/Documents/drone_position_hold/ros2_ws/install/mocap4r2_msgs/include/mocap4r2_msgs/mocap4r2_msgs/msg/detail/imus_info__type_support.c\n'}
[43.438817] (mocap4r2_msgs) StdoutLine: {'line': b'-- Installing: /home/strain-drone/Documents/drone_position_hold/ros2_ws/install/mocap4r2_msgs/include/mocap4r2_msgs/mocap4r2_msgs/msg/detail/rigid_bodies__description.c\n'}
[43.440019] (mocap4r2_msgs) StdoutLine: {'line': b'-- Installing: /home/strain-drone/Documents/drone_position_hold/ros2_ws/install/mocap4r2_msgs/include/mocap4r2_msgs/mocap4r2_msgs/msg/detail/rigid_body__type_support.h\n'}
[43.440381] (mocap4r2_msgs) StdoutLine: {'line': b'-- Installing: /home/strain-drone/Documents/drone_position_hold/ros2_ws/install/mocap4r2_msgs/include/mocap4r2_msgs/mocap4r2_msgs/msg/detail/rigid_body__functions.h\n'}
[43.440583] (mocap4r2_msgs) StdoutLine: {'line': b'-- Installing: /home/strain-drone/Documents/drone_position_hold/ros2_ws/install/mocap4r2_msgs/include/mocap4r2_msgs/mocap4r2_msgs/msg/detail/imus_info__functions.h\n'}
[43.441125] (mocap4r2_msgs) StdoutLine: {'line': b'-- Installing: /home/strain-drone/Documents/drone_position_hold/ros2_ws/install/mocap4r2_msgs/include/mocap4r2_msgs/mocap4r2_msgs/msg/detail/imus_info__type_support.h\n'}
[43.441869] (mocap4r2_msgs) StdoutLine: {'line': b'-- Installing: /home/strain-drone/Documents/drone_position_hold/ros2_ws/install/mocap4r2_msgs/include/mocap4r2_msgs/mocap4r2_msgs/msg/detail/rigid_body__functions.c\n'}
[43.442080] (mocap4r2_msgs) StdoutLine: {'line': b'-- Installing: /home/strain-drone/Documents/drone_position_hold/ros2_ws/install/mocap4r2_msgs/include/mocap4r2_msgs/mocap4r2_msgs/msg/detail/markers__functions.c\n'}
[43.442205] (mocap4r2_msgs) StdoutLine: {'line': b'-- Installing: /home/strain-drone/Documents/drone_position_hold/ros2_ws/install/mocap4r2_msgs/include/mocap4r2_msgs/mocap4r2_msgs/msg/detail/rigid_bodies__functions.h\n'}
[43.442305] (mocap4r2_msgs) StdoutLine: {'line': b'-- Installing: /home/strain-drone/Documents/drone_position_hold/ros2_ws/install/mocap4r2_msgs/include/mocap4r2_msgs/mocap4r2_msgs/msg/detail/imus_info__description.c\n'}
[43.442394] (mocap4r2_msgs) StdoutLine: {'line': b'-- Installing: /home/strain-drone/Documents/drone_position_hold/ros2_ws/install/mocap4r2_msgs/include/mocap4r2_msgs/mocap4r2_msgs/msg/detail/imus_info__struct.h\n'}
[43.442479] (mocap4r2_msgs) StdoutLine: {'line': b'-- Installing: /home/strain-drone/Documents/drone_position_hold/ros2_ws/install/mocap4r2_msgs/include/mocap4r2_msgs/mocap4r2_msgs/msg/detail/rigid_body__type_support.c\n'}
[43.442562] (mocap4r2_msgs) StdoutLine: {'line': b'-- Installing: /home/strain-drone/Documents/drone_position_hold/ros2_ws/install/mocap4r2_msgs/include/mocap4r2_msgs/mocap4r2_msgs/msg/detail/marker__struct.h\n'}
[43.443894] (mocap4r2_msgs) StdoutLine: {'line': b'-- Installing: /home/strain-drone/Documents/drone_position_hold/ros2_ws/install/mocap4r2_msgs/include/mocap4r2_msgs/mocap4r2_msgs/msg/detail/marker__type_support.c\n'}
[43.444701] (mocap4r2_msgs) StdoutLine: {'line': b'-- Installing: /home/strain-drone/Documents/drone_position_hold/ros2_ws/install/mocap4r2_msgs/include/mocap4r2_msgs/mocap4r2_msgs/msg/detail/marker__functions.h\n'}
[43.445275] (mocap4r2_msgs) StdoutLine: {'line': b'-- Installing: /home/strain-drone/Documents/drone_position_hold/ros2_ws/install/mocap4r2_msgs/include/mocap4r2_msgs/mocap4r2_msgs/msg/detail/rigid_bodies__type_support.c\n'}
[43.445945] (mocap4r2_msgs) StdoutLine: {'line': b'-- Installing: /home/strain-drone/Documents/drone_position_hold/ros2_ws/install/mocap4r2_msgs/include/mocap4r2_msgs/mocap4r2_msgs/msg/detail/markers__type_support.h\n'}
[43.446174] (mocap4r2_msgs) StdoutLine: {'line': b'-- Installing: /home/strain-drone/Documents/drone_position_hold/ros2_ws/install/mocap4r2_msgs/include/mocap4r2_msgs/mocap4r2_msgs/msg/detail/rigid_bodies__struct.h\n'}
[43.446295] (mocap4r2_msgs) StdoutLine: {'line': b'-- Installing: /home/strain-drone/Documents/drone_position_hold/ros2_ws/install/mocap4r2_msgs/include/mocap4r2_msgs/mocap4r2_msgs/msg/detail/markers__struct.h\n'}
[43.446398] (mocap4r2_msgs) StdoutLine: {'line': b'-- Installing: /home/strain-drone/Documents/drone_position_hold/ros2_ws/install/mocap4r2_msgs/include/mocap4r2_msgs/mocap4r2_msgs/msg/detail/markers__type_support.c\n'}
[43.446489] (mocap4r2_msgs) StdoutLine: {'line': b'-- Installing: /home/strain-drone/Documents/drone_position_hold/ros2_ws/install/mocap4r2_msgs/include/mocap4r2_msgs/mocap4r2_msgs/msg/detail/imus_info__functions.c\n'}
[43.446577] (mocap4r2_msgs) StdoutLine: {'line': b'-- Installing: /home/strain-drone/Documents/drone_position_hold/ros2_ws/install/mocap4r2_msgs/include/mocap4r2_msgs/mocap4r2_msgs/msg/marker.h\n'}
[43.448131] (mocap4r2_msgs) StdoutLine: {'line': b'-- Installing: /home/strain-drone/Documents/drone_position_hold/ros2_ws/install/mocap4r2_msgs/share/mocap4r2_msgs/environment/library_path.sh\n'}
[43.448590] (mocap4r2_msgs) StdoutLine: {'line': b'-- Installing: /home/strain-drone/Documents/drone_position_hold/ros2_ws/install/mocap4r2_msgs/share/mocap4r2_msgs/environment/library_path.dsv\n'}
[43.449312] (mocap4r2_msgs) StdoutLine: {'line': b'-- Installing: /home/strain-drone/Documents/drone_position_hold/ros2_ws/install/mocap4r2_msgs/lib/libmocap4r2_msgs__rosidl_generator_c.so\n'}
[43.449817] (mocap4r2_msgs) StdoutLine: {'line': b'-- Set non-toolchain portion of runtime path of "/home/strain-drone/Documents/drone_position_hold/ros2_ws/install/mocap4r2_msgs/lib/libmocap4r2_msgs__rosidl_generator_c.so" to ""\n'}
[43.450538] (mocap4r2_msgs) StdoutLine: {'line': b'-- Up-to-date: /home/strain-drone/Documents/drone_position_hold/ros2_ws/install/mocap4r2_msgs/include/mocap4r2_msgs/mocap4r2_msgs\n'}
[43.450763] (mocap4r2_msgs) StdoutLine: {'line': b'-- Up-to-date: /home/strain-drone/Documents/drone_position_hold/ros2_ws/install/mocap4r2_msgs/include/mocap4r2_msgs/mocap4r2_msgs/msg\n'}
[43.451455] (-) TimerEvent: {}
[43.452854] (mocap4r2_msgs) StdoutLine: {'line': b'-- Installing: /home/strain-drone/Documents/drone_position_hold/ros2_ws/install/mocap4r2_msgs/include/mocap4r2_msgs/mocap4r2_msgs/msg/rosidl_typesupport_fastrtps_c__visibility_control.h\n'}
[43.453604] (mocap4r2_msgs) StdoutLine: {'line': b'-- Up-to-date: /home/strain-drone/Documents/drone_position_hold/ros2_ws/install/mocap4r2_msgs/include/mocap4r2_msgs/mocap4r2_msgs/msg/detail\n'}
[43.454047] (mocap4r2_msgs) StdoutLine: {'line': b'-- Installing: /home/strain-drone/Documents/drone_position_hold/ros2_ws/install/mocap4r2_msgs/include/mocap4r2_msgs/mocap4r2_msgs/msg/detail/marker__rosidl_typesupport_fastrtps_c.h\n'}
[43.455272] (mocap4r2_msgs) StdoutLine: {'line': b'-- Installing: /home/strain-drone/Documents/drone_position_hold/ros2_ws/install/mocap4r2_msgs/include/mocap4r2_msgs/mocap4r2_msgs/msg/detail/rigid_body__rosidl_typesupport_fastrtps_c.h\n'}
[43.455529] (mocap4r2_msgs) StdoutLine: {'line': b'-- Installing: /home/strain-drone/Documents/drone_position_hold/ros2_ws/install/mocap4r2_msgs/include/mocap4r2_msgs/mocap4r2_msgs/msg/detail/rigid_bodies__rosidl_typesupport_fastrtps_c.h\n'}
[43.457054] (mocap4r2_msgs) StdoutLine: {'line': b'-- Installing: /home/strain-drone/Documents/drone_position_hold/ros2_ws/install/mocap4r2_msgs/include/mocap4r2_msgs/mocap4r2_msgs/msg/detail/markers__rosidl_typesupport_fastrtps_c.h\n'}
[43.457230] (mocap4r2_msgs) StdoutLine: {'line': b'-- Installing: /home/strain-drone/Documents/drone_position_hold/ros2_ws/install/mocap4r2_msgs/include/mocap4r2_msgs/mocap4r2_msgs/msg/detail/imus_info__rosidl_typesupport_fastrtps_c.h\n'}
[43.457358] (mocap4r2_msgs) StdoutLine: {'line': b'-- Installing: /home/strain-drone/Documents/drone_position_hold/ros2_ws/install/mocap4r2_msgs/lib/libmocap4r2_msgs__rosidl_typesupport_fastrtps_c.so\n'}
[43.457518] (mocap4r2_msgs) StdoutLine: {'line': b'-- Set non-toolchain portion of runtime path of "/home/strain-drone/Documents/drone_position_hold/ros2_ws/install/mocap4r2_msgs/lib/libmocap4r2_msgs__rosidl_typesupport_fastrtps_c.so" to ""\n'}
[43.457636] (mocap4r2_msgs) StdoutLine: {'line': b'-- Up-to-date: /home/strain-drone/Documents/drone_position_hold/ros2_ws/install/mocap4r2_msgs/include/mocap4r2_msgs/mocap4r2_msgs\n'}
[43.458155] (mocap4r2_msgs) StdoutLine: {'line': b'-- Up-to-date: /home/strain-drone/Documents/drone_position_hold/ros2_ws/install/mocap4r2_msgs/include/mocap4r2_msgs/mocap4r2_msgs/msg\n'}
[43.458658] (mocap4r2_msgs) StdoutLine: {'line': b'-- Up-to-date: /home/strain-drone/Documents/drone_position_hold/ros2_ws/install/mocap4r2_msgs/include/mocap4r2_msgs/mocap4r2_msgs/msg/detail\n'}
[43.459355] (mocap4r2_msgs) StdoutLine: {'line': b'-- Installing: /home/strain-drone/Documents/drone_position_hold/ros2_ws/install/mocap4r2_msgs/include/mocap4r2_msgs/mocap4r2_msgs/msg/detail/imus_info__rosidl_typesupport_introspection_c.h\n'}
[43.459519] (mocap4r2_msgs) StdoutLine: {'line': b'-- Installing: /home/strain-drone/Documents/drone_position_hold/ros2_ws/install/mocap4r2_msgs/include/mocap4r2_msgs/mocap4r2_msgs/msg/detail/rigid_body__rosidl_typesupport_introspection_c.h\n'}
[43.460955] (mocap4r2_msgs) StdoutLine: {'line': b'-- Installing: /home/strain-drone/Documents/drone_position_hold/ros2_ws/install/mocap4r2_msgs/include/mocap4r2_msgs/mocap4r2_msgs/msg/detail/imus_info__type_support.c\n'}
[43.461156] (mocap4r2_msgs) StdoutLine: {'line': b'-- Installing: /home/strain-drone/Documents/drone_position_hold/ros2_ws/install/mocap4r2_msgs/include/mocap4r2_msgs/mocap4r2_msgs/msg/detail/marker__rosidl_typesupport_introspection_c.h\n'}
[43.461283] (mocap4r2_msgs) StdoutLine: {'line': b'-- Installing: /home/strain-drone/Documents/drone_position_hold/ros2_ws/install/mocap4r2_msgs/include/mocap4r2_msgs/mocap4r2_msgs/msg/detail/rigid_bodies__rosidl_typesupport_introspection_c.h\n'}
[43.461391] (mocap4r2_msgs) StdoutLine: {'line': b'-- Installing: /home/strain-drone/Documents/drone_position_hold/ros2_ws/install/mocap4r2_msgs/include/mocap4r2_msgs/mocap4r2_msgs/msg/detail/rigid_body__type_support.c\n'}
[43.462345] (mocap4r2_msgs) StdoutLine: {'line': b'-- Installing: /home/strain-drone/Documents/drone_position_hold/ros2_ws/install/mocap4r2_msgs/include/mocap4r2_msgs/mocap4r2_msgs/msg/detail/markers__rosidl_typesupport_introspection_c.h\n'}
[43.463148] (mocap4r2_msgs) StdoutLine: {'line': b'-- Installing: /home/strain-drone/Documents/drone_position_hold/ros2_ws/install/mocap4r2_msgs/include/mocap4r2_msgs/mocap4r2_msgs/msg/detail/marker__type_support.c\n'}
[43.463841] (mocap4r2_msgs) StdoutLine: {'line': b'-- Installing: /home/strain-drone/Documents/drone_position_hold/ros2_ws/install/mocap4r2_msgs/include/mocap4r2_msgs/mocap4r2_msgs/msg/detail/rigid_bodies__type_support.c\n'}
[43.464084] (mocap4r2_msgs) StdoutLine: {'line': b'-- Installing: /home/strain-drone/Documents/drone_position_hold/ros2_ws/install/mocap4r2_msgs/include/mocap4r2_msgs/mocap4r2_msgs/msg/detail/markers__type_support.c\n'}
[43.464515] (mocap4r2_msgs) StdoutLine: {'line': b'-- Installing: /home/strain-drone/Documents/drone_position_hold/ros2_ws/install/mocap4r2_msgs/include/mocap4r2_msgs/mocap4r2_msgs/msg/rosidl_typesupport_introspection_c__visibility_control.h\n'}
[43.465067] (mocap4r2_msgs) StdoutLine: {'line': b'-- Installing: /home/strain-drone/Documents/drone_position_hold/ros2_ws/install/mocap4r2_msgs/lib/libmocap4r2_msgs__rosidl_typesupport_introspection_c.so\n'}
[43.465872] (mocap4r2_msgs) StdoutLine: {'line': b'-- Set non-toolchain portion of runtime path of "/home/strain-drone/Documents/drone_position_hold/ros2_ws/install/mocap4r2_msgs/lib/libmocap4r2_msgs__rosidl_typesupport_introspection_c.so" to ""\n'}
[43.466426] (mocap4r2_msgs) StdoutLine: {'line': b'-- Installing: /home/strain-drone/Documents/drone_position_hold/ros2_ws/install/mocap4r2_msgs/lib/libmocap4r2_msgs__rosidl_typesupport_c.so\n'}
[43.466927] (mocap4r2_msgs) StdoutLine: {'line': b'-- Set non-toolchain portion of runtime path of "/home/strain-drone/Documents/drone_position_hold/ros2_ws/install/mocap4r2_msgs/lib/libmocap4r2_msgs__rosidl_typesupport_c.so" to ""\n'}
[43.467494] (mocap4r2_msgs) StdoutLine: {'line': b'-- Up-to-date: /home/strain-drone/Documents/drone_position_hold/ros2_ws/install/mocap4r2_msgs/include/mocap4r2_msgs/mocap4r2_msgs\n'}
[43.468083] (mocap4r2_msgs) StdoutLine: {'line': b'-- Up-to-date: /home/strain-drone/Documents/drone_position_hold/ros2_ws/install/mocap4r2_msgs/include/mocap4r2_msgs/mocap4r2_msgs/msg\n'}
[43.468536] (mocap4r2_msgs) StdoutLine: {'line': b'-- Installing: /home/strain-drone/Documents/drone_position_hold/ros2_ws/install/mocap4r2_msgs/include/mocap4r2_msgs/mocap4r2_msgs/msg/imus_info.hpp\n'}
[43.468656] (mocap4r2_msgs) StdoutLine: {'line': b'-- Installing: /home/strain-drone/Documents/drone_position_hold/ros2_ws/install/mocap4r2_msgs/include/mocap4r2_msgs/mocap4r2_msgs/msg/markers.hpp\n'}
[43.468760] (mocap4r2_msgs) StdoutLine: {'line': b'-- Installing: /home/strain-drone/Documents/drone_position_hold/ros2_ws/install/mocap4r2_msgs/include/mocap4r2_msgs/mocap4r2_msgs/msg/marker.hpp\n'}
[43.468850] (mocap4r2_msgs) StdoutLine: {'line': b'-- Installing: /home/strain-drone/Documents/drone_position_hold/ros2_ws/install/mocap4r2_msgs/include/mocap4r2_msgs/mocap4r2_msgs/msg/rigid_body.hpp\n'}
[43.468967] (mocap4r2_msgs) StdoutLine: {'line': b'-- Up-to-date: /home/strain-drone/Documents/drone_position_hold/ros2_ws/install/mocap4r2_msgs/include/mocap4r2_msgs/mocap4r2_msgs/msg/detail\n'}
[43.469074] (mocap4r2_msgs) StdoutLine: {'line': b'-- Installing: /home/strain-drone/Documents/drone_position_hold/ros2_ws/install/mocap4r2_msgs/include/mocap4r2_msgs/mocap4r2_msgs/msg/detail/rigid_body__builder.hpp\n'}
[43.469180] (mocap4r2_msgs) StdoutLine: {'line': b'-- Installing: /home/strain-drone/Documents/drone_position_hold/ros2_ws/install/mocap4r2_msgs/include/mocap4r2_msgs/mocap4r2_msgs/msg/detail/marker__builder.hpp\n'}
[43.469269] (mocap4r2_msgs) StdoutLine: {'line': b'-- Installing: /home/strain-drone/Documents/drone_position_hold/ros2_ws/install/mocap4r2_msgs/include/mocap4r2_msgs/mocap4r2_msgs/msg/detail/markers__type_support.hpp\n'}
[43.469353] (mocap4r2_msgs) StdoutLine: {'line': b'-- Installing: /home/strain-drone/Documents/drone_position_hold/ros2_ws/install/mocap4r2_msgs/include/mocap4r2_msgs/mocap4r2_msgs/msg/detail/imus_info__type_support.hpp\n'}
[43.469437] (mocap4r2_msgs) StdoutLine: {'line': b'-- Installing: /home/strain-drone/Documents/drone_position_hold/ros2_ws/install/mocap4r2_msgs/include/mocap4r2_msgs/mocap4r2_msgs/msg/detail/imus_info__builder.hpp\n'}
[43.469521] (mocap4r2_msgs) StdoutLine: {'line': b'-- Installing: /home/strain-drone/Documents/drone_position_hold/ros2_ws/install/mocap4r2_msgs/include/mocap4r2_msgs/mocap4r2_msgs/msg/detail/rigid_bodies__struct.hpp\n'}
[43.469626] (mocap4r2_msgs) StdoutLine: {'line': b'-- Installing: /home/strain-drone/Documents/drone_position_hold/ros2_ws/install/mocap4r2_msgs/include/mocap4r2_msgs/mocap4r2_msgs/msg/detail/imus_info__traits.hpp\n'}
[43.469711] (mocap4r2_msgs) StdoutLine: {'line': b'-- Installing: /home/strain-drone/Documents/drone_position_hold/ros2_ws/install/mocap4r2_msgs/include/mocap4r2_msgs/mocap4r2_msgs/msg/detail/rigid_body__struct.hpp\n'}
[43.469814] (mocap4r2_msgs) StdoutLine: {'line': b'-- Installing: /home/strain-drone/Documents/drone_position_hold/ros2_ws/install/mocap4r2_msgs/include/mocap4r2_msgs/mocap4r2_msgs/msg/detail/imus_info__struct.hpp\n'}
[43.469892] (mocap4r2_msgs) StdoutLine: {'line': b'-- Installing: /home/strain-drone/Documents/drone_position_hold/ros2_ws/install/mocap4r2_msgs/include/mocap4r2_msgs/mocap4r2_msgs/msg/detail/marker__type_support.hpp\n'}
[43.472256] (mocap4r2_msgs) StdoutLine: {'line': b'-- Installing: /home/strain-drone/Documents/drone_position_hold/ros2_ws/install/mocap4r2_msgs/include/mocap4r2_msgs/mocap4r2_msgs/msg/detail/markers__traits.hpp\n'}
[43.472394] (mocap4r2_msgs) StdoutLine: {'line': b'-- Installing: /home/strain-drone/Documents/drone_position_hold/ros2_ws/install/mocap4r2_msgs/include/mocap4r2_msgs/mocap4r2_msgs/msg/detail/rigid_body__traits.hpp\n'}
[43.472484] (mocap4r2_msgs) StdoutLine: {'line': b'-- Installing: /home/strain-drone/Documents/drone_position_hold/ros2_ws/install/mocap4r2_msgs/include/mocap4r2_msgs/mocap4r2_msgs/msg/detail/rigid_bodies__traits.hpp\n'}
[43.472584] (mocap4r2_msgs) StdoutLine: {'line': b'-- Installing: /home/strain-drone/Documents/drone_position_hold/ros2_ws/install/mocap4r2_msgs/include/mocap4r2_msgs/mocap4r2_msgs/msg/detail/markers__struct.hpp\n'}
[43.472694] (mocap4r2_msgs) StdoutLine: {'line': b'-- Installing: /home/strain-drone/Documents/drone_position_hold/ros2_ws/install/mocap4r2_msgs/include/mocap4r2_msgs/mocap4r2_msgs/msg/detail/marker__traits.hpp\n'}
[43.472799] (mocap4r2_msgs) StdoutLine: {'line': b'-- Installing: /home/strain-drone/Documents/drone_position_hold/ros2_ws/install/mocap4r2_msgs/include/mocap4r2_msgs/mocap4r2_msgs/msg/detail/rigid_bodies__builder.hpp\n'}
[43.472891] (mocap4r2_msgs) StdoutLine: {'line': b'-- Installing: /home/strain-drone/Documents/drone_position_hold/ros2_ws/install/mocap4r2_msgs/include/mocap4r2_msgs/mocap4r2_msgs/msg/detail/marker__struct.hpp\n'}
[43.473042] (mocap4r2_msgs) StdoutLine: {'line': b'-- Installing: /home/strain-drone/Documents/drone_position_hold/ros2_ws/install/mocap4r2_msgs/include/mocap4r2_msgs/mocap4r2_msgs/msg/detail/rigid_body__type_support.hpp\n'}
[43.473156] (mocap4r2_msgs) StdoutLine: {'line': b'-- Installing: /home/strain-drone/Documents/drone_position_hold/ros2_ws/install/mocap4r2_msgs/include/mocap4r2_msgs/mocap4r2_msgs/msg/detail/rigid_bodies__type_support.hpp\n'}
[43.473253] (mocap4r2_msgs) StdoutLine: {'line': b'-- Installing: /home/strain-drone/Documents/drone_position_hold/ros2_ws/install/mocap4r2_msgs/include/mocap4r2_msgs/mocap4r2_msgs/msg/detail/markers__builder.hpp\n'}
[43.473350] (mocap4r2_msgs) StdoutLine: {'line': b'-- Installing: /home/strain-drone/Documents/drone_position_hold/ros2_ws/install/mocap4r2_msgs/include/mocap4r2_msgs/mocap4r2_msgs/msg/rigid_bodies.hpp\n'}
[43.473449] (mocap4r2_msgs) StdoutLine: {'line': b'-- Installing: /home/strain-drone/Documents/drone_position_hold/ros2_ws/install/mocap4r2_msgs/include/mocap4r2_msgs/mocap4r2_msgs/msg/rosidl_generator_cpp__visibility_control.hpp\n'}
[43.473555] (mocap4r2_msgs) StdoutLine: {'line': b'-- Up-to-date: /home/strain-drone/Documents/drone_position_hold/ros2_ws/install/mocap4r2_msgs/include/mocap4r2_msgs/mocap4r2_msgs\n'}
[43.473665] (mocap4r2_msgs) StdoutLine: {'line': b'-- Up-to-date: /home/strain-drone/Documents/drone_position_hold/ros2_ws/install/mocap4r2_msgs/include/mocap4r2_msgs/mocap4r2_msgs/msg\n'}
[43.473763] (mocap4r2_msgs) StdoutLine: {'line': b'-- Up-to-date: /home/strain-drone/Documents/drone_position_hold/ros2_ws/install/mocap4r2_msgs/include/mocap4r2_msgs/mocap4r2_msgs/msg/detail\n'}
[43.473884] (mocap4r2_msgs) StdoutLine: {'line': b'-- Installing: /home/strain-drone/Documents/drone_position_hold/ros2_ws/install/mocap4r2_msgs/include/mocap4r2_msgs/mocap4r2_msgs/msg/detail/dds_fastrtps\n'}
[43.474045] (mocap4r2_msgs) StdoutLine: {'line': b'-- Installing: /home/strain-drone/Documents/drone_position_hold/ros2_ws/install/mocap4r2_msgs/include/mocap4r2_msgs/mocap4r2_msgs/msg/detail/rigid_bodies__rosidl_typesupport_fastrtps_cpp.hpp\n'}
[43.474194] (mocap4r2_msgs) StdoutLine: {'line': b'-- Installing: /home/strain-drone/Documents/drone_position_hold/ros2_ws/install/mocap4r2_msgs/include/mocap4r2_msgs/mocap4r2_msgs/msg/detail/imus_info__rosidl_typesupport_fastrtps_cpp.hpp\n'}
[43.474311] (mocap4r2_msgs) StdoutLine: {'line': b'-- Installing: /home/strain-drone/Documents/drone_position_hold/ros2_ws/install/mocap4r2_msgs/include/mocap4r2_msgs/mocap4r2_msgs/msg/detail/markers__rosidl_typesupport_fastrtps_cpp.hpp\n'}
[43.474441] (mocap4r2_msgs) StdoutLine: {'line': b'-- Installing: /home/strain-drone/Documents/drone_position_hold/ros2_ws/install/mocap4r2_msgs/include/mocap4r2_msgs/mocap4r2_msgs/msg/detail/rigid_body__rosidl_typesupport_fastrtps_cpp.hpp\n'}
[43.474570] (mocap4r2_msgs) StdoutLine: {'line': b'-- Installing: /home/strain-drone/Documents/drone_position_hold/ros2_ws/install/mocap4r2_msgs/include/mocap4r2_msgs/mocap4r2_msgs/msg/detail/marker__rosidl_typesupport_fastrtps_cpp.hpp\n'}
[43.474673] (mocap4r2_msgs) StdoutLine: {'line': b'-- Installing: /home/strain-drone/Documents/drone_position_hold/ros2_ws/install/mocap4r2_msgs/include/mocap4r2_msgs/mocap4r2_msgs/msg/rosidl_typesupport_fastrtps_cpp__visibility_control.h\n'}
[43.474770] (mocap4r2_msgs) StdoutLine: {'line': b'-- Installing: /home/strain-drone/Documents/drone_position_hold/ros2_ws/install/mocap4r2_msgs/lib/libmocap4r2_msgs__rosidl_typesupport_fastrtps_cpp.so\n'}
[43.474879] (mocap4r2_msgs) StdoutLine: {'line': b'-- Set non-toolchain portion of runtime path of "/home/strain-drone/Documents/drone_position_hold/ros2_ws/install/mocap4r2_msgs/lib/libmocap4r2_msgs__rosidl_typesupport_fastrtps_cpp.so" to ""\n'}
[43.479351] (mocap4r2_msgs) StdoutLine: {'line': b'-- Up-to-date: /home/strain-drone/Documents/drone_position_hold/ros2_ws/install/mocap4r2_msgs/include/mocap4r2_msgs/mocap4r2_msgs\n'}
[43.479519] (mocap4r2_msgs) StdoutLine: {'line': b'-- Up-to-date: /home/strain-drone/Documents/drone_position_hold/ros2_ws/install/mocap4r2_msgs/include/mocap4r2_msgs/mocap4r2_msgs/msg\n'}
[43.479638] (mocap4r2_msgs) StdoutLine: {'line': b'-- Up-to-date: /home/strain-drone/Documents/drone_position_hold/ros2_ws/install/mocap4r2_msgs/include/mocap4r2_msgs/mocap4r2_msgs/msg/detail\n'}
[43.479749] (mocap4r2_msgs) StdoutLine: {'line': b'-- Installing: /home/strain-drone/Documents/drone_position_hold/ros2_ws/install/mocap4r2_msgs/include/mocap4r2_msgs/mocap4r2_msgs/msg/detail/rigid_bodies__rosidl_typesupport_introspection_cpp.hpp\n'}
[43.479864] (mocap4r2_msgs) StdoutLine: {'line': b'-- Installing: /home/strain-drone/Documents/drone_position_hold/ros2_ws/install/mocap4r2_msgs/include/mocap4r2_msgs/mocap4r2_msgs/msg/detail/rigid_bodies__type_support.cpp\n'}
[43.480013] (mocap4r2_msgs) StdoutLine: {'line': b'-- Installing: /home/strain-drone/Documents/drone_position_hold/ros2_ws/install/mocap4r2_msgs/include/mocap4r2_msgs/mocap4r2_msgs/msg/detail/rigid_body__rosidl_typesupport_introspection_cpp.hpp\n'}
[43.480125] (mocap4r2_msgs) StdoutLine: {'line': b'-- Installing: /home/strain-drone/Documents/drone_position_hold/ros2_ws/install/mocap4r2_msgs/include/mocap4r2_msgs/mocap4r2_msgs/msg/detail/markers__type_support.cpp\n'}
[43.480240] (mocap4r2_msgs) StdoutLine: {'line': b'-- Installing: /home/strain-drone/Documents/drone_position_hold/ros2_ws/install/mocap4r2_msgs/include/mocap4r2_msgs/mocap4r2_msgs/msg/detail/markers__rosidl_typesupport_introspection_cpp.hpp\n'}
[43.480345] (mocap4r2_msgs) StdoutLine: {'line': b'-- Installing: /home/strain-drone/Documents/drone_position_hold/ros2_ws/install/mocap4r2_msgs/include/mocap4r2_msgs/mocap4r2_msgs/msg/detail/imus_info__type_support.cpp\n'}
[43.480440] (mocap4r2_msgs) StdoutLine: {'line': b'-- Installing: /home/strain-drone/Documents/drone_position_hold/ros2_ws/install/mocap4r2_msgs/include/mocap4r2_msgs/mocap4r2_msgs/msg/detail/marker__type_support.cpp\n'}
[43.480544] (mocap4r2_msgs) StdoutLine: {'line': b'-- Installing: /home/strain-drone/Documents/drone_position_hold/ros2_ws/install/mocap4r2_msgs/include/mocap4r2_msgs/mocap4r2_msgs/msg/detail/marker__rosidl_typesupport_introspection_cpp.hpp\n'}
[43.480672] (mocap4r2_msgs) StdoutLine: {'line': b'-- Installing: /home/strain-drone/Documents/drone_position_hold/ros2_ws/install/mocap4r2_msgs/include/mocap4r2_msgs/mocap4r2_msgs/msg/detail/rigid_body__type_support.cpp\n'}
[43.480772] (mocap4r2_msgs) StdoutLine: {'line': b'-- Installing: /home/strain-drone/Documents/drone_position_hold/ros2_ws/install/mocap4r2_msgs/include/mocap4r2_msgs/mocap4r2_msgs/msg/detail/imus_info__rosidl_typesupport_introspection_cpp.hpp\n'}
[43.480872] (mocap4r2_msgs) StdoutLine: {'line': b'-- Installing: /home/strain-drone/Documents/drone_position_hold/ros2_ws/install/mocap4r2_msgs/lib/libmocap4r2_msgs__rosidl_typesupport_introspection_cpp.so\n'}
[43.481102] (mocap4r2_msgs) StdoutLine: {'line': b'-- Set non-toolchain portion of runtime path of "/home/strain-drone/Documents/drone_position_hold/ros2_ws/install/mocap4r2_msgs/lib/libmocap4r2_msgs__rosidl_typesupport_introspection_cpp.so" to ""\n'}
[43.481246] (mocap4r2_msgs) StdoutLine: {'line': b'-- Installing: /home/strain-drone/Documents/drone_position_hold/ros2_ws/install/mocap4r2_msgs/lib/libmocap4r2_msgs__rosidl_typesupport_cpp.so\n'}
[43.481361] (mocap4r2_msgs) StdoutLine: {'line': b'-- Set non-toolchain portion of runtime path of "/home/strain-drone/Documents/drone_position_hold/ros2_ws/install/mocap4r2_msgs/lib/libmocap4r2_msgs__rosidl_typesupport_cpp.so" to ""\n'}
[43.481464] (mocap4r2_msgs) StdoutLine: {'line': b'-- Installing: /home/strain-drone/Documents/drone_position_hold/ros2_ws/install/mocap4r2_msgs/share/mocap4r2_msgs/environment/pythonpath.sh\n'}
[43.481563] (mocap4r2_msgs) StdoutLine: {'line': b'-- Installing: /home/strain-drone/Documents/drone_position_hold/ros2_ws/install/mocap4r2_msgs/share/mocap4r2_msgs/environment/pythonpath.dsv\n'}
[43.481666] (mocap4r2_msgs) StdoutLine: {'line': b'-- Installing: /home/strain-drone/Documents/drone_position_hold/ros2_ws/install/mocap4r2_msgs/lib/python3.12/site-packages/mocap4r2_msgs-0.0.3-py3.12.egg-info\n'}
[43.481770] (mocap4r2_msgs) StdoutLine: {'line': b'-- Installing: /home/strain-drone/Documents/drone_position_hold/ros2_ws/install/mocap4r2_msgs/lib/python3.12/site-packages/mocap4r2_msgs-0.0.3-py3.12.egg-info/dependency_links.txt\n'}
[43.484984] (mocap4r2_msgs) StdoutLine: {'line': b'-- Installing: /home/strain-drone/Documents/drone_position_hold/ros2_ws/install/mocap4r2_msgs/lib/python3.12/site-packages/mocap4r2_msgs-0.0.3-py3.12.egg-info/PKG-INFO\n'}
[43.485343] (mocap4r2_msgs) StdoutLine: {'line': b'-- Installing: /home/strain-drone/Documents/drone_position_hold/ros2_ws/install/mocap4r2_msgs/lib/python3.12/site-packages/mocap4r2_msgs-0.0.3-py3.12.egg-info/top_level.txt\n'}
[43.485495] (mocap4r2_msgs) StdoutLine: {'line': b'-- Installing: /home/strain-drone/Documents/drone_position_hold/ros2_ws/install/mocap4r2_msgs/lib/python3.12/site-packages/mocap4r2_msgs-0.0.3-py3.12.egg-info/SOURCES.txt\n'}
[43.485609] (mocap4r2_msgs) StdoutLine: {'line': b'-- Installing: /home/strain-drone/Documents/drone_position_hold/ros2_ws/install/mocap4r2_msgs/lib/python3.12/site-packages/mocap4r2_msgs\n'}
[43.485784] (mocap4r2_msgs) StdoutLine: {'line': b'-- Installing: /home/strain-drone/Documents/drone_position_hold/ros2_ws/install/mocap4r2_msgs/lib/python3.12/site-packages/mocap4r2_msgs/mocap4r2_msgs_s__rosidl_typesupport_fastrtps_c.so\n'}
[43.485905] (mocap4r2_msgs) StdoutLine: {'line': b'-- Installing: /home/strain-drone/Documents/drone_position_hold/ros2_ws/install/mocap4r2_msgs/lib/python3.12/site-packages/mocap4r2_msgs/_mocap4r2_msgs_s.ep.rosidl_typesupport_c.c\n'}
[43.486071] (mocap4r2_msgs) StdoutLine: {'line': b'-- Installing: /home/strain-drone/Documents/drone_position_hold/ros2_ws/install/mocap4r2_msgs/lib/python3.12/site-packages/mocap4r2_msgs/_mocap4r2_msgs_s.ep.rosidl_typesupport_introspection_c.c\n'}
[43.486186] (mocap4r2_msgs) StdoutLine: {'line': b'-- Installing: /home/strain-drone/Documents/drone_position_hold/ros2_ws/install/mocap4r2_msgs/lib/python3.12/site-packages/mocap4r2_msgs/mocap4r2_msgs_s__rosidl_typesupport_c.so\n'}
[43.486318] (mocap4r2_msgs) StdoutLine: {'line': b'-- Installing: /home/strain-drone/Documents/drone_position_hold/ros2_ws/install/mocap4r2_msgs/lib/python3.12/site-packages/mocap4r2_msgs/__init__.py\n'}
[43.486411] (mocap4r2_msgs) StdoutLine: {'line': b'-- Installing: /home/strain-drone/Documents/drone_position_hold/ros2_ws/install/mocap4r2_msgs/lib/python3.12/site-packages/mocap4r2_msgs/mocap4r2_msgs_s__rosidl_typesupport_introspection_c.so\n'}
[43.486501] (mocap4r2_msgs) StdoutLine: {'line': b'-- Installing: /home/strain-drone/Documents/drone_position_hold/ros2_ws/install/mocap4r2_msgs/lib/python3.12/site-packages/mocap4r2_msgs/msg\n'}
[43.486594] (mocap4r2_msgs) StdoutLine: {'line': b'-- Installing: /home/strain-drone/Documents/drone_position_hold/ros2_ws/install/mocap4r2_msgs/lib/python3.12/site-packages/mocap4r2_msgs/msg/_rigid_bodies_s.c\n'}
[43.486678] (mocap4r2_msgs) StdoutLine: {'line': b'-- Installing: /home/strain-drone/Documents/drone_position_hold/ros2_ws/install/mocap4r2_msgs/lib/python3.12/site-packages/mocap4r2_msgs/msg/_rigid_body.py\n'}
[43.486779] (mocap4r2_msgs) StdoutLine: {'line': b'-- Installing: /home/strain-drone/Documents/drone_position_hold/ros2_ws/install/mocap4r2_msgs/lib/python3.12/site-packages/mocap4r2_msgs/msg/_markers_s.c\n'}
[43.486865] (mocap4r2_msgs) StdoutLine: {'line': b'-- Installing: /home/strain-drone/Documents/drone_position_hold/ros2_ws/install/mocap4r2_msgs/lib/python3.12/site-packages/mocap4r2_msgs/msg/_imus_info_s.c\n'}
[43.487042] (mocap4r2_msgs) StdoutLine: {'line': b'-- Installing: /home/strain-drone/Documents/drone_position_hold/ros2_ws/install/mocap4r2_msgs/lib/python3.12/site-packages/mocap4r2_msgs/msg/_rigid_bodies.py\n'}
[43.487191] (mocap4r2_msgs) StdoutLine: {'line': b'-- Installing: /home/strain-drone/Documents/drone_position_hold/ros2_ws/install/mocap4r2_msgs/lib/python3.12/site-packages/mocap4r2_msgs/msg/_marker.py\n'}
[43.487297] (mocap4r2_msgs) StdoutLine: {'line': b'-- Installing: /home/strain-drone/Documents/drone_position_hold/ros2_ws/install/mocap4r2_msgs/lib/python3.12/site-packages/mocap4r2_msgs/msg/__init__.py\n'}
[43.487403] (mocap4r2_msgs) StdoutLine: {'line': b'-- Installing: /home/strain-drone/Documents/drone_position_hold/ros2_ws/install/mocap4r2_msgs/lib/python3.12/site-packages/mocap4r2_msgs/msg/_imus_info.py\n'}
[43.487508] (mocap4r2_msgs) StdoutLine: {'line': b'-- Installing: /home/strain-drone/Documents/drone_position_hold/ros2_ws/install/mocap4r2_msgs/lib/python3.12/site-packages/mocap4r2_msgs/msg/_markers.py\n'}
[43.487615] (mocap4r2_msgs) StdoutLine: {'line': b'-- Installing: /home/strain-drone/Documents/drone_position_hold/ros2_ws/install/mocap4r2_msgs/lib/python3.12/site-packages/mocap4r2_msgs/msg/_rigid_body_s.c\n'}
[43.487719] (mocap4r2_msgs) StdoutLine: {'line': b'-- Installing: /home/strain-drone/Documents/drone_position_hold/ros2_ws/install/mocap4r2_msgs/lib/python3.12/site-packages/mocap4r2_msgs/msg/_marker_s.c\n'}
[43.487841] (mocap4r2_msgs) StdoutLine: {'line': b'-- Installing: /home/strain-drone/Documents/drone_position_hold/ros2_ws/install/mocap4r2_msgs/lib/python3.12/site-packages/mocap4r2_msgs/_mocap4r2_msgs_s.ep.rosidl_typesupport_fastrtps_c.c\n'}
[43.551607] (-) TimerEvent: {}
[43.571190] (mocap4r2_msgs) StdoutLine: {'line': b"Listing '/home/strain-drone/Documents/drone_position_hold/ros2_ws/install/mocap4r2_msgs/lib/python3.12/site-packages/mocap4r2_msgs'...\n"}
[43.573053] (mocap4r2_msgs) StdoutLine: {'line': b"Compiling '/home/strain-drone/Documents/drone_position_hold/ros2_ws/install/mocap4r2_msgs/lib/python3.12/site-packages/mocap4r2_msgs/__init__.py'...\n"}
[43.573630] (mocap4r2_msgs) StdoutLine: {'line': b"Listing '/home/strain-drone/Documents/drone_position_hold/ros2_ws/install/mocap4r2_msgs/lib/python3.12/site-packages/mocap4r2_msgs/msg'...\n"}
[43.573842] (mocap4r2_msgs) StdoutLine: {'line': b"Compiling '/home/strain-drone/Documents/drone_position_hold/ros2_ws/install/mocap4r2_msgs/lib/python3.12/site-packages/mocap4r2_msgs/msg/__init__.py'...\n"}
[43.577296] (mocap4r2_msgs) StdoutLine: {'line': b"Compiling '/home/strain-drone/Documents/drone_position_hold/ros2_ws/install/mocap4r2_msgs/lib/python3.12/site-packages/mocap4r2_msgs/msg/_imus_info.py'...\n"}
[43.577481] (mocap4r2_msgs) StdoutLine: {'line': b"Compiling '/home/strain-drone/Documents/drone_position_hold/ros2_ws/install/mocap4r2_msgs/lib/python3.12/site-packages/mocap4r2_msgs/msg/_marker.py'...\n"}
[43.577610] (mocap4r2_msgs) StdoutLine: {'line': b"Compiling '/home/strain-drone/Documents/drone_position_hold/ros2_ws/install/mocap4r2_msgs/lib/python3.12/site-packages/mocap4r2_msgs/msg/_markers.py'...\n"}
[43.577723] (mocap4r2_msgs) StdoutLine: {'line': b"Compiling '/home/strain-drone/Documents/drone_position_hold/ros2_ws/install/mocap4r2_msgs/lib/python3.12/site-packages/mocap4r2_msgs/msg/_rigid_bodies.py'...\n"}
[43.577847] (mocap4r2_msgs) StdoutLine: {'line': b"Compiling '/home/strain-drone/Documents/drone_position_hold/ros2_ws/install/mocap4r2_msgs/lib/python3.12/site-packages/mocap4r2_msgs/msg/_rigid_body.py'...\n"}
[43.596189] (mocap4r2_msgs) StdoutLine: {'line': b'-- Installing: /home/strain-drone/Documents/drone_position_hold/ros2_ws/install/mocap4r2_msgs/lib/python3.12/site-packages/mocap4r2_msgs/mocap4r2_msgs_s__rosidl_typesupport_fastrtps_c.so\n'}
[43.596524] (mocap4r2_msgs) StdoutLine: {'line': b'-- Set non-toolchain portion of runtime path of "/home/strain-drone/Documents/drone_position_hold/ros2_ws/install/mocap4r2_msgs/lib/python3.12/site-packages/mocap4r2_msgs/mocap4r2_msgs_s__rosidl_typesupport_fastrtps_c.so" to ""\n'}
[43.596944] (mocap4r2_msgs) StdoutLine: {'line': b'-- Installing: /home/strain-drone/Documents/drone_position_hold/ros2_ws/install/mocap4r2_msgs/lib/python3.12/site-packages/mocap4r2_msgs/mocap4r2_msgs_s__rosidl_typesupport_introspection_c.so\n'}
[43.597927] (mocap4r2_msgs) StdoutLine: {'line': b'-- Set non-toolchain portion of runtime path of "/home/strain-drone/Documents/drone_position_hold/ros2_ws/install/mocap4r2_msgs/lib/python3.12/site-packages/mocap4r2_msgs/mocap4r2_msgs_s__rosidl_typesupport_introspection_c.so" to ""\n'}
[43.598613] (mocap4r2_msgs) StdoutLine: {'line': b'-- Installing: /home/strain-drone/Documents/drone_position_hold/ros2_ws/install/mocap4r2_msgs/lib/python3.12/site-packages/mocap4r2_msgs/mocap4r2_msgs_s__rosidl_typesupport_c.so\n'}
[43.599975] (mocap4r2_msgs) StdoutLine: {'line': b'-- Set non-toolchain portion of runtime path of "/home/strain-drone/Documents/drone_position_hold/ros2_ws/install/mocap4r2_msgs/lib/python3.12/site-packages/mocap4r2_msgs/mocap4r2_msgs_s__rosidl_typesupport_c.so" to ""\n'}
[43.600272] (mocap4r2_msgs) StdoutLine: {'line': b'-- Installing: /home/strain-drone/Documents/drone_position_hold/ros2_ws/install/mocap4r2_msgs/lib/libmocap4r2_msgs__rosidl_generator_py.so\n'}
[43.603003] (mocap4r2_msgs) StdoutLine: {'line': b'-- Set non-toolchain portion of runtime path of "/home/strain-drone/Documents/drone_position_hold/ros2_ws/install/mocap4r2_msgs/lib/libmocap4r2_msgs__rosidl_generator_py.so" to ""\n'}
[43.603387] (mocap4r2_msgs) StdoutLine: {'line': b'-- Installing: /home/strain-drone/Documents/drone_position_hold/ros2_ws/install/mocap4r2_msgs/share/mocap4r2_msgs/msg/Marker.idl\n'}
[43.603605] (mocap4r2_msgs) StdoutLine: {'line': b'-- Installing: /home/strain-drone/Documents/drone_position_hold/ros2_ws/install/mocap4r2_msgs/share/mocap4r2_msgs/msg/Markers.idl\n'}
[43.603743] (mocap4r2_msgs) StdoutLine: {'line': b'-- Installing: /home/strain-drone/Documents/drone_position_hold/ros2_ws/install/mocap4r2_msgs/share/mocap4r2_msgs/msg/ImusInfo.idl\n'}
[43.603949] (mocap4r2_msgs) StdoutLine: {'line': b'-- Installing: /home/strain-drone/Documents/drone_position_hold/ros2_ws/install/mocap4r2_msgs/share/mocap4r2_msgs/msg/RigidBody.idl\n'}
[43.604127] (mocap4r2_msgs) StdoutLine: {'line': b'-- Installing: /home/strain-drone/Documents/drone_position_hold/ros2_ws/install/mocap4r2_msgs/share/mocap4r2_msgs/msg/RigidBodies.idl\n'}
[43.604242] (mocap4r2_msgs) StdoutLine: {'line': b'-- Installing: /home/strain-drone/Documents/drone_position_hold/ros2_ws/install/mocap4r2_msgs/share/mocap4r2_msgs/msg/Marker.msg\n'}
[43.604398] (mocap4r2_msgs) StdoutLine: {'line': b'-- Installing: /home/strain-drone/Documents/drone_position_hold/ros2_ws/install/mocap4r2_msgs/share/mocap4r2_msgs/msg/Markers.msg\n'}
[43.604515] (mocap4r2_msgs) StdoutLine: {'line': b'-- Installing: /home/strain-drone/Documents/drone_position_hold/ros2_ws/install/mocap4r2_msgs/share/mocap4r2_msgs/msg/ImusInfo.msg\n'}
[43.604696] (mocap4r2_msgs) StdoutLine: {'line': b'-- Installing: /home/strain-drone/Documents/drone_position_hold/ros2_ws/install/mocap4r2_msgs/share/mocap4r2_msgs/msg/RigidBody.msg\n'}
[43.604961] (mocap4r2_msgs) StdoutLine: {'line': b'-- Installing: /home/strain-drone/Documents/drone_position_hold/ros2_ws/install/mocap4r2_msgs/share/mocap4r2_msgs/msg/RigidBodies.msg\n'}
[43.606038] (mocap4r2_msgs) StdoutLine: {'line': b'-- Installing: /home/strain-drone/Documents/drone_position_hold/ros2_ws/install/mocap4r2_msgs/share/mocap4r2_msgs/mocap4r2_bridge_mapping_rule.yaml\n'}
[43.606488] (mocap4r2_msgs) StdoutLine: {'line': b'-- Installing: /home/strain-drone/Documents/drone_position_hold/ros2_ws/install/mocap4r2_msgs/share/ament_index/resource_index/package_run_dependencies/mocap4r2_msgs\n'}
[43.607988] (mocap4r2_msgs) StdoutLine: {'line': b'-- Installing: /home/strain-drone/Documents/drone_position_hold/ros2_ws/install/mocap4r2_msgs/share/ament_index/resource_index/parent_prefix_path/mocap4r2_msgs\n'}
[43.608315] (mocap4r2_msgs) StdoutLine: {'line': b'-- Installing: /home/strain-drone/Documents/drone_position_hold/ros2_ws/install/mocap4r2_msgs/share/mocap4r2_msgs/environment/ament_prefix_path.sh\n'}
[43.608483] (mocap4r2_msgs) StdoutLine: {'line': b'-- Installing: /home/strain-drone/Documents/drone_position_hold/ros2_ws/install/mocap4r2_msgs/share/mocap4r2_msgs/environment/ament_prefix_path.dsv\n'}
[43.610272] (mocap4r2_msgs) StdoutLine: {'line': b'-- Installing: /home/strain-drone/Documents/drone_position_hold/ros2_ws/install/mocap4r2_msgs/share/mocap4r2_msgs/environment/path.sh\n'}
[43.610615] (mocap4r2_msgs) StdoutLine: {'line': b'-- Installing: /home/strain-drone/Documents/drone_position_hold/ros2_ws/install/mocap4r2_msgs/share/mocap4r2_msgs/environment/path.dsv\n'}
[43.610768] (mocap4r2_msgs) StdoutLine: {'line': b'-- Installing: /home/strain-drone/Documents/drone_position_hold/ros2_ws/install/mocap4r2_msgs/share/mocap4r2_msgs/local_setup.bash\n'}
[43.610893] (mocap4r2_msgs) StdoutLine: {'line': b'-- Installing: /home/strain-drone/Documents/drone_position_hold/ros2_ws/install/mocap4r2_msgs/share/mocap4r2_msgs/local_setup.sh\n'}
[43.611122] (mocap4r2_msgs) StdoutLine: {'line': b'-- Installing: /home/strain-drone/Documents/drone_position_hold/ros2_ws/install/mocap4r2_msgs/share/mocap4r2_msgs/local_setup.zsh\n'}
[43.611255] (mocap4r2_msgs) StdoutLine: {'line': b'-- Installing: /home/strain-drone/Documents/drone_position_hold/ros2_ws/install/mocap4r2_msgs/share/mocap4r2_msgs/local_setup.dsv\n'}
[43.611370] (mocap4r2_msgs) StdoutLine: {'line': b'-- Installing: /home/strain-drone/Documents/drone_position_hold/ros2_ws/install/mocap4r2_msgs/share/mocap4r2_msgs/package.dsv\n'}
[43.612993] (mocap4r2_msgs) StdoutLine: {'line': b'-- Installing: /home/strain-drone/Documents/drone_position_hold/ros2_ws/install/mocap4r2_msgs/share/ament_index/resource_index/packages/mocap4r2_msgs\n'}
[43.613397] (mocap4r2_msgs) StdoutLine: {'line': b'-- Installing: /home/strain-drone/Documents/drone_position_hold/ros2_ws/install/mocap4r2_msgs/share/mocap4r2_msgs/cmake/export_mocap4r2_msgs__rosidl_generator_cExport.cmake\n'}
[43.613538] (mocap4r2_msgs) StdoutLine: {'line': b'-- Installing: /home/strain-drone/Documents/drone_position_hold/ros2_ws/install/mocap4r2_msgs/share/mocap4r2_msgs/cmake/export_mocap4r2_msgs__rosidl_generator_cExport-noconfig.cmake\n'}
[43.613674] (mocap4r2_msgs) StdoutLine: {'line': b'-- Installing: /home/strain-drone/Documents/drone_position_hold/ros2_ws/install/mocap4r2_msgs/share/mocap4r2_msgs/cmake/export_mocap4r2_msgs__rosidl_typesupport_fastrtps_cExport.cmake\n'}
[43.613875] (mocap4r2_msgs) StdoutLine: {'line': b'-- Installing: /home/strain-drone/Documents/drone_position_hold/ros2_ws/install/mocap4r2_msgs/share/mocap4r2_msgs/cmake/export_mocap4r2_msgs__rosidl_typesupport_fastrtps_cExport-noconfig.cmake\n'}
[43.617009] (mocap4r2_msgs) StdoutLine: {'line': b'-- Installing: /home/strain-drone/Documents/drone_position_hold/ros2_ws/install/mocap4r2_msgs/share/mocap4r2_msgs/cmake/mocap4r2_msgs__rosidl_typesupport_introspection_cExport.cmake\n'}
[43.617385] (mocap4r2_msgs) StdoutLine: {'line': b'-- Installing: /home/strain-drone/Documents/drone_position_hold/ros2_ws/install/mocap4r2_msgs/share/mocap4r2_msgs/cmake/mocap4r2_msgs__rosidl_typesupport_introspection_cExport-noconfig.cmake\n'}
[43.617524] (mocap4r2_msgs) StdoutLine: {'line': b'-- Installing: /home/strain-drone/Documents/drone_position_hold/ros2_ws/install/mocap4r2_msgs/share/mocap4r2_msgs/cmake/mocap4r2_msgs__rosidl_typesupport_cExport.cmake\n'}
[43.617651] (mocap4r2_msgs) StdoutLine: {'line': b'-- Installing: /home/strain-drone/Documents/drone_position_hold/ros2_ws/install/mocap4r2_msgs/share/mocap4r2_msgs/cmake/mocap4r2_msgs__rosidl_typesupport_cExport-noconfig.cmake\n'}
[43.617781] (mocap4r2_msgs) StdoutLine: {'line': b'-- Installing: /home/strain-drone/Documents/drone_position_hold/ros2_ws/install/mocap4r2_msgs/share/mocap4r2_msgs/cmake/export_mocap4r2_msgs__rosidl_generator_cppExport.cmake\n'}
[43.617901] (mocap4r2_msgs) StdoutLine: {'line': b'-- Installing: /home/strain-drone/Documents/drone_position_hold/ros2_ws/install/mocap4r2_msgs/share/mocap4r2_msgs/cmake/export_mocap4r2_msgs__rosidl_typesupport_fastrtps_cppExport.cmake\n'}
[43.618207] (mocap4r2_msgs) StdoutLine: {'line': b'-- Installing: /home/strain-drone/Documents/drone_position_hold/ros2_ws/install/mocap4r2_msgs/share/mocap4r2_msgs/cmake/export_mocap4r2_msgs__rosidl_typesupport_fastrtps_cppExport-noconfig.cmake\n'}
[43.618367] (mocap4r2_msgs) StdoutLine: {'line': b'-- Installing: /home/strain-drone/Documents/drone_position_hold/ros2_ws/install/mocap4r2_msgs/share/mocap4r2_msgs/cmake/mocap4r2_msgs__rosidl_typesupport_introspection_cppExport.cmake\n'}
[43.618557] (mocap4r2_msgs) StdoutLine: {'line': b'-- Installing: /home/strain-drone/Documents/drone_position_hold/ros2_ws/install/mocap4r2_msgs/share/mocap4r2_msgs/cmake/mocap4r2_msgs__rosidl_typesupport_introspection_cppExport-noconfig.cmake\n'}
[43.619413] (mocap4r2_msgs) StdoutLine: {'line': b'-- Installing: /home/strain-drone/Documents/drone_position_hold/ros2_ws/install/mocap4r2_msgs/share/mocap4r2_msgs/cmake/mocap4r2_msgs__rosidl_typesupport_cppExport.cmake\n'}
[43.619682] (mocap4r2_msgs) StdoutLine: {'line': b'-- Installing: /home/strain-drone/Documents/drone_position_hold/ros2_ws/install/mocap4r2_msgs/share/mocap4r2_msgs/cmake/mocap4r2_msgs__rosidl_typesupport_cppExport-noconfig.cmake\n'}
[43.619880] (mocap4r2_msgs) StdoutLine: {'line': b'-- Installing: /home/strain-drone/Documents/drone_position_hold/ros2_ws/install/mocap4r2_msgs/share/mocap4r2_msgs/cmake/export_mocap4r2_msgs__rosidl_generator_pyExport.cmake\n'}
[43.620377] (mocap4r2_msgs) StdoutLine: {'line': b'-- Installing: /home/strain-drone/Documents/drone_position_hold/ros2_ws/install/mocap4r2_msgs/share/mocap4r2_msgs/cmake/export_mocap4r2_msgs__rosidl_generator_pyExport-noconfig.cmake\n'}
[43.620990] (mocap4r2_msgs) StdoutLine: {'line': b'-- Installing: /home/strain-drone/Documents/drone_position_hold/ros2_ws/install/mocap4r2_msgs/share/mocap4r2_msgs/cmake/rosidl_cmake-extras.cmake\n'}
[43.623032] (mocap4r2_msgs) StdoutLine: {'line': b'-- Installing: /home/strain-drone/Documents/drone_position_hold/ros2_ws/install/mocap4r2_msgs/share/mocap4r2_msgs/cmake/ament_cmake_export_dependencies-extras.cmake\n'}
[43.623357] (mocap4r2_msgs) StdoutLine: {'line': b'-- Installing: /home/strain-drone/Documents/drone_position_hold/ros2_ws/install/mocap4r2_msgs/share/mocap4r2_msgs/cmake/ament_cmake_export_include_directories-extras.cmake\n'}
[43.623521] (mocap4r2_msgs) StdoutLine: {'line': b'-- Installing: /home/strain-drone/Documents/drone_position_hold/ros2_ws/install/mocap4r2_msgs/share/mocap4r2_msgs/cmake/ament_cmake_export_libraries-extras.cmake\n'}
[43.623739] (mocap4r2_msgs) StdoutLine: {'line': b'-- Installing: /home/strain-drone/Documents/drone_position_hold/ros2_ws/install/mocap4r2_msgs/share/mocap4r2_msgs/cmake/ament_cmake_export_targets-extras.cmake\n'}
[43.623865] (mocap4r2_msgs) StdoutLine: {'line': b'-- Installing: /home/strain-drone/Documents/drone_position_hold/ros2_ws/install/mocap4r2_msgs/share/mocap4r2_msgs/cmake/rosidl_cmake_export_typesupport_targets-extras.cmake\n'}
[43.624370] (mocap4r2_msgs) StdoutLine: {'line': b'-- Installing: /home/strain-drone/Documents/drone_position_hold/ros2_ws/install/mocap4r2_msgs/share/mocap4r2_msgs/cmake/rosidl_cmake_export_typesupport_libraries-extras.cmake\n'}
[43.624578] (mocap4r2_msgs) StdoutLine: {'line': b'-- Installing: /home/strain-drone/Documents/drone_position_hold/ros2_ws/install/mocap4r2_msgs/share/mocap4r2_msgs/cmake/mocap4r2_msgsConfig.cmake\n'}
[43.627074] (mocap4r2_msgs) StdoutLine: {'line': b'-- Installing: /home/strain-drone/Documents/drone_position_hold/ros2_ws/install/mocap4r2_msgs/share/mocap4r2_msgs/cmake/mocap4r2_msgsConfig-version.cmake\n'}
[43.627367] (mocap4r2_msgs) StdoutLine: {'line': b'-- Installing: /home/strain-drone/Documents/drone_position_hold/ros2_ws/install/mocap4r2_msgs/share/mocap4r2_msgs/package.xml\n'}
[43.630603] (mocap4r2_msgs) CommandEnded: {'returncode': 0}
[43.651965] (-) TimerEvent: {}
[43.677201] (mocap4r2_msgs) JobEnded: {'identifier': 'mocap4r2_msgs', 'rc': 0}
[43.678273] (mocap4r2_marker_publisher) JobStarted: {'identifier': 'mocap4r2_marker_publisher'}
[43.695616] (mocap4r2_marker_publisher) JobProgress: {'identifier': 'mocap4r2_marker_publisher', 'progress': 'cmake'}
[43.696684] (mocap4r2_marker_publisher) Command: {'cmd': ['/usr/bin/cmake', '/home/strain-drone/Documents/drone_position_hold/ros2_ws/src/mocap4r2/mocap4r2_marker_viz/mocap4r2_marker_publisher', '-DCMAKE_INSTALL_PREFIX=/home/strain-drone/Documents/drone_position_hold/ros2_ws/install/mocap4r2_marker_publisher'], 'cwd': '/home/strain-drone/Documents/drone_position_hold/ros2_ws/build/mocap4r2_marker_publisher', 'env': OrderedDict({'LESSOPEN': '| /usr/bin/lesspipe %s', 'USER': 'strain-drone', 'SSH_CLIENT': '100.119.134.77 59684 22', 'XDG_SESSION_TYPE': 'tty', 'SHLVL': '1', 'LD_LIBRARY_PATH': '/home/strain-drone/Documents/drone_position_hold/ros2_ws/install/mocap4r2_msgs/lib:/opt/ros/jazzy/opt/rviz_ogre_vendor/lib:/opt/ros/jazzy/lib/aarch64-linux-gnu:/opt/ros/jazzy/opt/gz_math_vendor/lib:/opt/ros/jazzy/opt/gz_utils_vendor/lib:/opt/ros/jazzy/opt/gz_cmake_vendor/lib:/opt/ros/jazzy/lib:/home/strain-drone/Documents/drone_position_hold/ros2_ws/src/natnet_ros2/deps/NatNetSDK/lib', 'HOME': '/home/strain-drone', 'OLDPWD': '/home/strain-drone', 'SSH_TTY': '/dev/pts/0', 'ROS_PYTHON_VERSION': '3', 'PS1': '(venv-ardupilot) \\[\\e]0;\\u@\\h: \\w\\a\\]${debian_chroot:+($debian_chroot)}\\[\\033[01;32m\\]\\u@\\h\\[\\033[00m\\]:\\[\\033[01;34m\\]\\w\\[\\033[00m\\]\\$', 'DBUS_SESSION_BUS_ADDRESS': 'unix:path=/run/user/1002/bus', 'DEBUGINFOD_URLS': 'https://debuginfod.ubuntu.com', 'ROS_DISTRO': 'jazzy', 'LOGNAME': 'strain-drone', '_': '/usr/bin/colcon', 'ROS_VERSION': '2', 'XDG_SESSION_CLASS': 'user', 'TERM': 'xterm-256color', 'XDG_SESSION_ID': '3', 'PATH': '/usr/lib/ccache:/home/strain-drone/Documents/ardupilot/Tools/autotest:/opt/gcc-arm-none-eabi-10-2020-q4-major/bin:/home/strain-drone/venv-ardupilot/bin:/home/strain-drone/.local/bin:/opt/ros/jazzy/bin:/usr/local/sbin:/usr/local/bin:/usr/sbin:/usr/bin:/sbin:/bin:/usr/games:/usr/local/games:/snap/bin:/home/strain-drone/.local/bin:/home/strain-drone/.local/bin', 'XDG_RUNTIME_DIR': '/run/user/1002', 'LANG': 'en_US.UTF-8', 'VIRTUAL_ENV_PROMPT': '(venv-ardupilot)', 'LS_COLORS': 'rs=0:di=01;34:ln=01;36:mh=00:pi=40;33:so=01;35:do=01;35:bd=40;33;01:cd=40;33;01:or=40;31;01:mi=00:su=37;41:sg=30;43:ca=00:tw=30;42:ow=34;42:st=37;44:ex=01;32:*.tar=01;31:*.tgz=01;31:*.arc=01;31:*.arj=01;31:*.taz=01;31:*.lha=01;31:*.lz4=01;31:*.lzh=01;31:*.lzma=01;31:*.tlz=01;31:*.txz=01;31:*.tzo=01;31:*.t7z=01;31:*.zip=01;31:*.z=01;31:*.dz=01;31:*.gz=01;31:*.lrz=01;31:*.lz=01;31:*.lzo=01;31:*.xz=01;31:*.zst=01;31:*.tzst=01;31:*.bz2=01;31:*.bz=01;31:*.tbz=01;31:*.tbz2=01;31:*.tz=01;31:*.deb=01;31:*.rpm=01;31:*.jar=01;31:*.war=01;31:*.ear=01;31:*.sar=01;31:*.rar=01;31:*.alz=01;31:*.ace=01;31:*.zoo=01;31:*.cpio=01;31:*.7z=01;31:*.rz=01;31:*.cab=01;31:*.wim=01;31:*.swm=01;31:*.dwm=01;31:*.esd=01;31:*.avif=01;35:*.jpg=01;35:*.jpeg=01;35:*.mjpg=01;35:*.mjpeg=01;35:*.gif=01;35:*.bmp=01;35:*.pbm=01;35:*.pgm=01;35:*.ppm=01;35:*.tga=01;35:*.xbm=01;35:*.xpm=01;35:*.tif=01;35:*.tiff=01;35:*.png=01;35:*.svg=01;35:*.svgz=01;35:*.mng=01;35:*.pcx=01;35:*.mov=01;35:*.mpg=01;35:*.mpeg=01;35:*.m2v=01;35:*.mkv=01;35:*.webm=01;35:*.webp=01;35:*.ogm=01;35:*.mp4=01;35:*.m4v=01;35:*.mp4v=01;35:*.vob=01;35:*.qt=01;35:*.nuv=01;35:*.wmv=01;35:*.asf=01;35:*.rm=01;35:*.rmvb=01;35:*.flc=01;35:*.avi=01;35:*.fli=01;35:*.flv=01;35:*.gl=01;35:*.dl=01;35:*.xcf=01;35:*.xwd=01;35:*.yuv=01;35:*.cgm=01;35:*.emf=01;35:*.ogv=01;35:*.ogx=01;35:*.aac=00;36:*.au=00;36:*.flac=00;36:*.m4a=00;36:*.mid=00;36:*.midi=00;36:*.mka=00;36:*.mp3=00;36:*.mpc=00;36:*.ogg=00;36:*.ra=00;36:*.wav=00;36:*.oga=00;36:*.opus=00;36:*.spx=00;36:*.xspf=00;36:*~=00;90:*#=00;90:*.bak=00;90:*.crdownload=00;90:*.dpkg-dist=00;90:*.dpkg-new=00;90:*.dpkg-old=00;90:*.dpkg-tmp=00;90:*.old=00;90:*.orig=00;90:*.part=00;90:*.rej=00;90:*.rpmnew=00;90:*.rpmorig=00;90:*.rpmsave=00;90:*.swp=00;90:*.tmp=00;90:*.ucf-dist=00;90:*.ucf-new=00;90:*.ucf-old=00;90:', 'ROS_DOMAIN_ID': '1', 'AMENT_PREFIX_PATH': '/home/strain-drone/Documents/drone_position_hold/ros2_ws/install/mocap4r2_msgs:/opt/ros/jazzy', 'SHELL': '/bin/bash', 'LESSCLOSE': '/usr/bin/lesspipe %s %s', 'VIRTUAL_ENV': '/home/strain-drone/venv-ardupilot', 'ROS_AUTOMATIC_DISCOVERY_RANGE': 'SUBNET', 'PWD': '/home/strain-drone/Documents/drone_position_hold/ros2_ws/build/mocap4r2_marker_publisher', 'LC_ALL': 'en_US.UTF-8', 'SSH_CONNECTION': '100.119.134.77 59684 100.96.124.69 22', 'XDG_DATA_DIRS': '/usr/share/gnome:/usr/local/share:/usr/share:/var/lib/snapd/desktop', 'PYTHONPATH': '/home/strain-drone/Documents/drone_position_hold/ros2_ws/install/mocap4r2_msgs/lib/python3.12/site-packages:/opt/ros/jazzy/lib/python3.12/site-packages', 'COLCON': '1', 'CMAKE_PREFIX_PATH': '/home/strain-drone/Documents/drone_position_hold/ros2_ws/install/mocap4r2_msgs:/opt/ros/jazzy/opt/gz_math_vendor:/opt/ros/jazzy/opt/gz_utils_vendor:/opt/ros/jazzy/opt/gz_cmake_vendor:/opt/ros/jazzy'}), 'shell': False}
[43.752183] (-) TimerEvent: {}
[43.848792] (mocap4r2_marker_publisher) StdoutLine: {'line': b'-- The C compiler identification is GNU 13.3.0\n'}
[43.852294] (-) TimerEvent: {}
[43.952727] (-) TimerEvent: {}
[44.001699] (mocap4r2_marker_publisher) StdoutLine: {'line': b'-- The CXX compiler identification is GNU 13.3.0\n'}
[44.052496] (mocap4r2_marker_publisher) StdoutLine: {'line': b'-- Detecting C compiler ABI info\n'}
[44.052821] (-) TimerEvent: {}
[44.153655] (-) TimerEvent: {}
[44.255996] (-) TimerEvent: {}
[44.265670] (mocap4r2_marker_publisher) StdoutLine: {'line': b'-- Detecting C compiler ABI info - done\n'}
[44.284164] (mocap4r2_marker_publisher) StdoutLine: {'line': b'-- Check for working C compiler: /usr/lib/ccache/cc - skipped\n'}
[44.285416] (mocap4r2_marker_publisher) StdoutLine: {'line': b'-- Detecting C compile features\n'}
[44.290078] (mocap4r2_marker_publisher) StdoutLine: {'line': b'-- Detecting C compile features - done\n'}
[44.319199] (mocap4r2_marker_publisher) StdoutLine: {'line': b'-- Detecting CXX compiler ABI info\n'}
[44.356178] (-) TimerEvent: {}
[44.456764] (-) TimerEvent: {}
[44.480119] (visualizer) Command: {'cmd': ['/usr/bin/python3', '-W', 'ignore:setup.py install is deprecated', '-W', 'ignore:easy_install command is deprecated', 'setup.py', 'egg_info', '--egg-base', '../../build/visualizer', 'build', '--build-base', '/home/strain-drone/Documents/drone_position_hold/ros2_ws/build/visualizer/build', 'install', '--record', '/home/strain-drone/Documents/drone_position_hold/ros2_ws/build/visualizer/install.log', '--single-version-externally-managed', 'install_data'], 'cwd': '/home/strain-drone/Documents/drone_position_hold/ros2_ws/src/visualizer', 'env': {'LESSOPEN': '| /usr/bin/lesspipe %s', 'USER': 'strain-drone', 'SSH_CLIENT': '100.119.134.77 59684 22', 'XDG_SESSION_TYPE': 'tty', 'SHLVL': '1', 'LD_LIBRARY_PATH': '/opt/ros/jazzy/opt/rviz_ogre_vendor/lib:/opt/ros/jazzy/lib/aarch64-linux-gnu:/opt/ros/jazzy/opt/gz_math_vendor/lib:/opt/ros/jazzy/opt/gz_utils_vendor/lib:/opt/ros/jazzy/opt/gz_cmake_vendor/lib:/opt/ros/jazzy/lib:/home/strain-drone/Documents/drone_position_hold/ros2_ws/src/natnet_ros2/deps/NatNetSDK/lib', 'HOME': '/home/strain-drone', 'OLDPWD': '/home/strain-drone', 'SSH_TTY': '/dev/pts/0', 'ROS_PYTHON_VERSION': '3', 'PS1': '(venv-ardupilot) \\[\\e]0;\\u@\\h: \\w\\a\\]${debian_chroot:+($debian_chroot)}\\[\\033[01;32m\\]\\u@\\h\\[\\033[00m\\]:\\[\\033[01;34m\\]\\w\\[\\033[00m\\]\\$', 'DBUS_SESSION_BUS_ADDRESS': 'unix:path=/run/user/1002/bus', 'DEBUGINFOD_URLS': 'https://debuginfod.ubuntu.com', 'ROS_DISTRO': 'jazzy', 'LOGNAME': 'strain-drone', '_': '/usr/bin/colcon', 'ROS_VERSION': '2', 'XDG_SESSION_CLASS': 'user', 'TERM': 'xterm-256color', 'XDG_SESSION_ID': '3', 'PATH': '/usr/lib/ccache:/home/strain-drone/Documents/ardupilot/Tools/autotest:/opt/gcc-arm-none-eabi-10-2020-q4-major/bin:/home/strain-drone/venv-ardupilot/bin:/home/strain-drone/.local/bin:/opt/ros/jazzy/bin:/usr/local/sbin:/usr/local/bin:/usr/sbin:/usr/bin:/sbin:/bin:/usr/games:/usr/local/games:/snap/bin:/home/strain-drone/.local/bin:/home/strain-drone/.local/bin', 'XDG_RUNTIME_DIR': '/run/user/1002', 'LANG': 'en_US.UTF-8', 'VIRTUAL_ENV_PROMPT': '(venv-ardupilot)', 'LS_COLORS': 'rs=0:di=01;34:ln=01;36:mh=00:pi=40;33:so=01;35:do=01;35:bd=40;33;01:cd=40;33;01:or=40;31;01:mi=00:su=37;41:sg=30;43:ca=00:tw=30;42:ow=34;42:st=37;44:ex=01;32:*.tar=01;31:*.tgz=01;31:*.arc=01;31:*.arj=01;31:*.taz=01;31:*.lha=01;31:*.lz4=01;31:*.lzh=01;31:*.lzma=01;31:*.tlz=01;31:*.txz=01;31:*.tzo=01;31:*.t7z=01;31:*.zip=01;31:*.z=01;31:*.dz=01;31:*.gz=01;31:*.lrz=01;31:*.lz=01;31:*.lzo=01;31:*.xz=01;31:*.zst=01;31:*.tzst=01;31:*.bz2=01;31:*.bz=01;31:*.tbz=01;31:*.tbz2=01;31:*.tz=01;31:*.deb=01;31:*.rpm=01;31:*.jar=01;31:*.war=01;31:*.ear=01;31:*.sar=01;31:*.rar=01;31:*.alz=01;31:*.ace=01;31:*.zoo=01;31:*.cpio=01;31:*.7z=01;31:*.rz=01;31:*.cab=01;31:*.wim=01;31:*.swm=01;31:*.dwm=01;31:*.esd=01;31:*.avif=01;35:*.jpg=01;35:*.jpeg=01;35:*.mjpg=01;35:*.mjpeg=01;35:*.gif=01;35:*.bmp=01;35:*.pbm=01;35:*.pgm=01;35:*.ppm=01;35:*.tga=01;35:*.xbm=01;35:*.xpm=01;35:*.tif=01;35:*.tiff=01;35:*.png=01;35:*.svg=01;35:*.svgz=01;35:*.mng=01;35:*.pcx=01;35:*.mov=01;35:*.mpg=01;35:*.mpeg=01;35:*.m2v=01;35:*.mkv=01;35:*.webm=01;35:*.webp=01;35:*.ogm=01;35:*.mp4=01;35:*.m4v=01;35:*.mp4v=01;35:*.vob=01;35:*.qt=01;35:*.nuv=01;35:*.wmv=01;35:*.asf=01;35:*.rm=01;35:*.rmvb=01;35:*.flc=01;35:*.avi=01;35:*.fli=01;35:*.flv=01;35:*.gl=01;35:*.dl=01;35:*.xcf=01;35:*.xwd=01;35:*.yuv=01;35:*.cgm=01;35:*.emf=01;35:*.ogv=01;35:*.ogx=01;35:*.aac=00;36:*.au=00;36:*.flac=00;36:*.m4a=00;36:*.mid=00;36:*.midi=00;36:*.mka=00;36:*.mp3=00;36:*.mpc=00;36:*.ogg=00;36:*.ra=00;36:*.wav=00;36:*.oga=00;36:*.opus=00;36:*.spx=00;36:*.xspf=00;36:*~=00;90:*#=00;90:*.bak=00;90:*.crdownload=00;90:*.dpkg-dist=00;90:*.dpkg-new=00;90:*.dpkg-old=00;90:*.dpkg-tmp=00;90:*.old=00;90:*.orig=00;90:*.part=00;90:*.rej=00;90:*.rpmnew=00;90:*.rpmorig=00;90:*.rpmsave=00;90:*.swp=00;90:*.tmp=00;90:*.ucf-dist=00;90:*.ucf-new=00;90:*.ucf-old=00;90:', 'ROS_DOMAIN_ID': '1', 'AMENT_PREFIX_PATH': '/opt/ros/jazzy', 'SHELL': '/bin/bash', 'LESSCLOSE': '/usr/bin/lesspipe %s %s', 'VIRTUAL_ENV': '/home/strain-drone/venv-ardupilot', 'ROS_AUTOMATIC_DISCOVERY_RANGE': 'SUBNET', 'PWD': '/home/strain-drone/Documents/drone_position_hold/ros2_ws/build/visualizer', 'LC_ALL': 'en_US.UTF-8', 'SSH_CONNECTION': '100.119.134.77 59684 100.96.124.69 22', 'XDG_DATA_DIRS': '/usr/share/gnome:/usr/local/share:/usr/share:/var/lib/snapd/desktop', 'PYTHONPATH': '/home/strain-drone/Documents/drone_position_hold/ros2_ws/build/visualizer/prefix_override:/usr/lib/python3/dist-packages/colcon_core/task/python/colcon_distutils_commands:/home/strain-drone/Documents/drone_position_hold/ros2_ws/install/visualizer/lib/python3.12/site-packages:/opt/ros/jazzy/lib/python3.12/site-packages', 'COLCON': '1', 'CMAKE_PREFIX_PATH': '/opt/ros/jazzy/opt/gz_math_vendor:/opt/ros/jazzy/opt/gz_utils_vendor:/opt/ros/jazzy/opt/gz_cmake_vendor'}, 'shell': False}
[44.556930] (-) TimerEvent: {}
[44.577833] (mocap4r2_marker_publisher) StdoutLine: {'line': b'-- Detecting CXX compiler ABI info - done\n'}
[44.597179] (mocap4r2_marker_publisher) StdoutLine: {'line': b'-- Check for working CXX compiler: /usr/lib/ccache/c++ - skipped\n'}
[44.598816] (mocap4r2_marker_publisher) StdoutLine: {'line': b'-- Detecting CXX compile features\n'}
[44.602004] (mocap4r2_marker_publisher) StdoutLine: {'line': b'-- Detecting CXX compile features - done\n'}
[44.606034] (mocap4r2_marker_publisher) StdoutLine: {'line': b'-- Found ament_cmake: 2.5.4 (/opt/ros/jazzy/share/ament_cmake/cmake)\n'}
[44.658022] (-) TimerEvent: {}
[44.758549] (-) TimerEvent: {}
[44.859031] (-) TimerEvent: {}
[44.942025] (mocap4r2_marker_publisher) StdoutLine: {'line': b'-- Found Python3: /home/strain-drone/venv-ardupilot/bin/python3 (found version "3.12.3") found components: Interpreter \n'}
[44.959166] (-) TimerEvent: {}
[45.059782] (-) TimerEvent: {}
[45.132921] (visualizer) StdoutLine: {'line': b'running egg_info\n'}
[45.133817] (visualizer) StdoutLine: {'line': b'creating ../../build/visualizer/visualizer.egg-info\n'}
[45.159943] (-) TimerEvent: {}
[45.175169] (visualizer) StdoutLine: {'line': b'writing ../../build/visualizer/visualizer.egg-info/PKG-INFO\n'}
[45.175478] (visualizer) StdoutLine: {'line': b'writing dependency_links to ../../build/visualizer/visualizer.egg-info/dependency_links.txt\n'}
[45.176338] (visualizer) StdoutLine: {'line': b'writing entry points to ../../build/visualizer/visualizer.egg-info/entry_points.txt\n'}
[45.177176] (visualizer) StdoutLine: {'line': b'writing requirements to ../../build/visualizer/visualizer.egg-info/requires.txt\n'}
[45.178146] (visualizer) StdoutLine: {'line': b'writing top-level names to ../../build/visualizer/visualizer.egg-info/top_level.txt\n'}
[45.178365] (visualizer) StdoutLine: {'line': b"writing manifest file '../../build/visualizer/visualizer.egg-info/SOURCES.txt'\n"}
[45.186995] (mocap4r2_marker_publisher) StdoutLine: {'line': b'-- Found rclcpp: 28.1.9 (/opt/ros/jazzy/share/rclcpp/cmake)\n'}
[45.258080] (mocap4r2_marker_publisher) StdoutLine: {'line': b'-- Found rosidl_generator_c: 4.6.5 (/opt/ros/jazzy/share/rosidl_generator_c/cmake)\n'}
[45.260043] (-) TimerEvent: {}
[45.268584] (visualizer) StdoutLine: {'line': b"reading manifest file '../../build/visualizer/visualizer.egg-info/SOURCES.txt'\n"}
[45.271027] (visualizer) StdoutLine: {'line': b"writing manifest file '../../build/visualizer/visualizer.egg-info/SOURCES.txt'\n"}
[45.271816] (visualizer) StdoutLine: {'line': b'running build\n'}
[45.272097] (visualizer) StdoutLine: {'line': b'running build_py\n'}
[45.273110] (visualizer) StdoutLine: {'line': b'creating /home/strain-drone/Documents/drone_position_hold/ros2_ws/build/visualizer/build\n'}
[45.273671] (visualizer) StdoutLine: {'line': b'creating /home/strain-drone/Documents/drone_position_hold/ros2_ws/build/visualizer/build/lib\n'}
[45.273824] (visualizer) StdoutLine: {'line': b'creating /home/strain-drone/Documents/drone_position_hold/ros2_ws/build/visualizer/build/lib/visualizer\n'}
[45.274689] (visualizer) StdoutLine: {'line': b'copying visualizer/__init__.py -> /home/strain-drone/Documents/drone_position_hold/ros2_ws/build/visualizer/build/lib/visualizer\n'}
[45.275223] (visualizer) StdoutLine: {'line': b'copying visualizer/run_visualizer.py -> /home/strain-drone/Documents/drone_position_hold/ros2_ws/build/visualizer/build/lib/visualizer\n'}
[45.276777] (visualizer) StdoutLine: {'line': b'running install\n'}
[45.283525] (mocap4r2_marker_publisher) StdoutLine: {'line': b'-- Found rosidl_generator_cpp: 4.6.5 (/opt/ros/jazzy/share/rosidl_generator_cpp/cmake)\n'}
[45.289300] (visualizer) StdoutLine: {'line': b'running install_lib\n'}
[45.316316] (natnet_ros2) StdoutLine: {'line': b'-- Using all available rosidl_typesupport_c: rosidl_typesupport_fastrtps_c;rosidl_typesupport_introspection_c\n'}
[45.316666] (mocap4r2_marker_publisher) StdoutLine: {'line': b'-- Using all available rosidl_typesupport_c: rosidl_typesupport_fastrtps_c;rosidl_typesupport_introspection_c\n'}
[45.337176] (visualizer) StdoutLine: {'line': b'creating /home/strain-drone/Documents/drone_position_hold/ros2_ws/install/visualizer/lib/python3.12/site-packages/visualizer\n'}
[45.339053] (visualizer) StdoutLine: {'line': b'copying /home/strain-drone/Documents/drone_position_hold/ros2_ws/build/visualizer/build/lib/visualizer/__init__.py -> /home/strain-drone/Documents/drone_position_hold/ros2_ws/install/visualizer/lib/python3.12/site-packages/visualizer\n'}
[45.339285] (visualizer) StdoutLine: {'line': b'copying /home/strain-drone/Documents/drone_position_hold/ros2_ws/build/visualizer/build/lib/visualizer/run_visualizer.py -> /home/strain-drone/Documents/drone_position_hold/ros2_ws/install/visualizer/lib/python3.12/site-packages/visualizer\n'}
[45.339499] (visualizer) StdoutLine: {'line': b'byte-compiling /home/strain-drone/Documents/drone_position_hold/ros2_ws/install/visualizer/lib/python3.12/site-packages/visualizer/__init__.py to __init__.cpython-312.pyc\n'}
[45.339609] (visualizer) StdoutLine: {'line': b'byte-compiling /home/strain-drone/Documents/drone_position_hold/ros2_ws/install/visualizer/lib/python3.12/site-packages/visualizer/run_visualizer.py to run_visualizer.cpython-312.pyc\n'}
[45.346787] (visualizer) StdoutLine: {'line': b'running install_data\n'}
[45.347291] (visualizer) StdoutLine: {'line': b'creating /home/strain-drone/Documents/drone_position_hold/ros2_ws/install/visualizer/share/ament_index\n'}
[45.347490] (visualizer) StdoutLine: {'line': b'creating /home/strain-drone/Documents/drone_position_hold/ros2_ws/install/visualizer/share/ament_index/resource_index\n'}
[45.347619] (visualizer) StdoutLine: {'line': b'creating /home/strain-drone/Documents/drone_position_hold/ros2_ws/install/visualizer/share/ament_index/resource_index/packages\n'}
[45.347825] (visualizer) StdoutLine: {'line': b'copying resource/visualizer -> /home/strain-drone/Documents/drone_position_hold/ros2_ws/install/visualizer/share/ament_index/resource_index/packages\n'}
[45.348660] (visualizer) StdoutLine: {'line': b'copying package.xml -> /home/strain-drone/Documents/drone_position_hold/ros2_ws/install/visualizer/share/visualizer\n'}
[45.348834] (visualizer) StdoutLine: {'line': b'running install_egg_info\n'}
[45.348975] (mocap4r2_marker_publisher) StdoutLine: {'line': b'-- Using all available rosidl_typesupport_cpp: rosidl_typesupport_fastrtps_cpp;rosidl_typesupport_introspection_cpp\n'}
[45.363039] (-) TimerEvent: {}
[45.390341] (visualizer) StdoutLine: {'line': b'Copying ../../build/visualizer/visualizer.egg-info to /home/strain-drone/Documents/drone_position_hold/ros2_ws/install/visualizer/lib/python3.12/site-packages/visualizer-0.0.0-py3.12.egg-info\n'}
[45.392464] (visualizer) StdoutLine: {'line': b'running install_scripts\n'}
[45.463175] (-) TimerEvent: {}
[45.490411] (mocap4r2_marker_publisher) StdoutLine: {'line': b'-- Found rmw_implementation_cmake: 7.3.2 (/opt/ros/jazzy/share/rmw_implementation_cmake/cmake)\n'}
[45.496382] (mocap4r2_marker_publisher) StdoutLine: {'line': b'-- Found rmw_fastrtps_cpp: 8.4.2 (/opt/ros/jazzy/share/rmw_fastrtps_cpp/cmake)\n'}
[45.563309] (-) TimerEvent: {}
[45.664683] (-) TimerEvent: {}
[45.691312] (visualizer) StdoutLine: {'line': b'Installing run_visualizer script to /home/strain-drone/Documents/drone_position_hold/ros2_ws/install/visualizer/lib/visualizer\n'}
[45.697031] (visualizer) StdoutLine: {'line': b"writing list of installed files to '/home/strain-drone/Documents/drone_position_hold/ros2_ws/build/visualizer/install.log'\n"}
[45.709032] (mocap4r2_marker_publisher) StdoutLine: {'line': b'-- Found OpenSSL: /usr/lib/aarch64-linux-gnu/libcrypto.so (found version "3.0.13")  \n'}
[45.747296] (mocap4r2_marker_publisher) StdoutLine: {'line': b'-- Found FastRTPS: /opt/ros/jazzy/include (Required is at least version "2.13") \n'}
[45.764863] (-) TimerEvent: {}
[45.806026] (mocap4r2_marker_publisher) StdoutLine: {'line': b"-- Using RMW implementation 'rmw_fastrtps_cpp' as default\n"}
[45.821014] (visualizer) CommandEnded: {'returncode': 0}
[45.832801] (visualizer) JobEnded: {'identifier': 'visualizer', 'rc': 0}
[45.834493] (mocap4r2_marker_viz) JobStarted: {'identifier': 'mocap4r2_marker_viz'}
[45.860368] (mocap4r2_marker_viz) JobProgress: {'identifier': 'mocap4r2_marker_viz', 'progress': 'cmake'}
[45.861462] (mocap4r2_marker_viz) Command: {'cmd': ['/usr/bin/cmake', '/home/strain-drone/Documents/drone_position_hold/ros2_ws/src/mocap4r2/mocap4r2_marker_viz/mocap4r2_marker_viz', '-DCMAKE_INSTALL_PREFIX=/home/strain-drone/Documents/drone_position_hold/ros2_ws/install/mocap4r2_marker_viz'], 'cwd': '/home/strain-drone/Documents/drone_position_hold/ros2_ws/build/mocap4r2_marker_viz', 'env': OrderedDict({'LESSOPEN': '| /usr/bin/lesspipe %s', 'USER': 'strain-drone', 'SSH_CLIENT': '100.119.134.77 59684 22', 'XDG_SESSION_TYPE': 'tty', 'SHLVL': '1', 'LD_LIBRARY_PATH': '/home/strain-drone/Documents/drone_position_hold/ros2_ws/install/mocap4r2_msgs/lib:/home/strain-drone/Documents/drone_position_hold/ros2_ws/install/mocap4r2_marker_viz_srvs/lib:/opt/ros/jazzy/opt/rviz_ogre_vendor/lib:/opt/ros/jazzy/lib/aarch64-linux-gnu:/opt/ros/jazzy/opt/gz_math_vendor/lib:/opt/ros/jazzy/opt/gz_utils_vendor/lib:/opt/ros/jazzy/opt/gz_cmake_vendor/lib:/opt/ros/jazzy/lib:/home/strain-drone/Documents/drone_position_hold/ros2_ws/src/natnet_ros2/deps/NatNetSDK/lib', 'HOME': '/home/strain-drone', 'OLDPWD': '/home/strain-drone', 'SSH_TTY': '/dev/pts/0', 'ROS_PYTHON_VERSION': '3', 'PS1': '(venv-ardupilot) \\[\\e]0;\\u@\\h: \\w\\a\\]${debian_chroot:+($debian_chroot)}\\[\\033[01;32m\\]\\u@\\h\\[\\033[00m\\]:\\[\\033[01;34m\\]\\w\\[\\033[00m\\]\\$', 'DBUS_SESSION_BUS_ADDRESS': 'unix:path=/run/user/1002/bus', 'DEBUGINFOD_URLS': 'https://debuginfod.ubuntu.com', 'ROS_DISTRO': 'jazzy', 'LOGNAME': 'strain-drone', '_': '/usr/bin/colcon', 'ROS_VERSION': '2', 'XDG_SESSION_CLASS': 'user', 'TERM': 'xterm-256color', 'XDG_SESSION_ID': '3', 'PATH': '/usr/lib/ccache:/home/strain-drone/Documents/ardupilot/Tools/autotest:/opt/gcc-arm-none-eabi-10-2020-q4-major/bin:/home/strain-drone/venv-ardupilot/bin:/home/strain-drone/.local/bin:/opt/ros/jazzy/bin:/usr/local/sbin:/usr/local/bin:/usr/sbin:/usr/bin:/sbin:/bin:/usr/games:/usr/local/games:/snap/bin:/home/strain-drone/.local/bin:/home/strain-drone/.local/bin', 'XDG_RUNTIME_DIR': '/run/user/1002', 'LANG': 'en_US.UTF-8', 'VIRTUAL_ENV_PROMPT': '(venv-ardupilot)', 'LS_COLORS': 'rs=0:di=01;34:ln=01;36:mh=00:pi=40;33:so=01;35:do=01;35:bd=40;33;01:cd=40;33;01:or=40;31;01:mi=00:su=37;41:sg=30;43:ca=00:tw=30;42:ow=34;42:st=37;44:ex=01;32:*.tar=01;31:*.tgz=01;31:*.arc=01;31:*.arj=01;31:*.taz=01;31:*.lha=01;31:*.lz4=01;31:*.lzh=01;31:*.lzma=01;31:*.tlz=01;31:*.txz=01;31:*.tzo=01;31:*.t7z=01;31:*.zip=01;31:*.z=01;31:*.dz=01;31:*.gz=01;31:*.lrz=01;31:*.lz=01;31:*.lzo=01;31:*.xz=01;31:*.zst=01;31:*.tzst=01;31:*.bz2=01;31:*.bz=01;31:*.tbz=01;31:*.tbz2=01;31:*.tz=01;31:*.deb=01;31:*.rpm=01;31:*.jar=01;31:*.war=01;31:*.ear=01;31:*.sar=01;31:*.rar=01;31:*.alz=01;31:*.ace=01;31:*.zoo=01;31:*.cpio=01;31:*.7z=01;31:*.rz=01;31:*.cab=01;31:*.wim=01;31:*.swm=01;31:*.dwm=01;31:*.esd=01;31:*.avif=01;35:*.jpg=01;35:*.jpeg=01;35:*.mjpg=01;35:*.mjpeg=01;35:*.gif=01;35:*.bmp=01;35:*.pbm=01;35:*.pgm=01;35:*.ppm=01;35:*.tga=01;35:*.xbm=01;35:*.xpm=01;35:*.tif=01;35:*.tiff=01;35:*.png=01;35:*.svg=01;35:*.svgz=01;35:*.mng=01;35:*.pcx=01;35:*.mov=01;35:*.mpg=01;35:*.mpeg=01;35:*.m2v=01;35:*.mkv=01;35:*.webm=01;35:*.webp=01;35:*.ogm=01;35:*.mp4=01;35:*.m4v=01;35:*.mp4v=01;35:*.vob=01;35:*.qt=01;35:*.nuv=01;35:*.wmv=01;35:*.asf=01;35:*.rm=01;35:*.rmvb=01;35:*.flc=01;35:*.avi=01;35:*.fli=01;35:*.flv=01;35:*.gl=01;35:*.dl=01;35:*.xcf=01;35:*.xwd=01;35:*.yuv=01;35:*.cgm=01;35:*.emf=01;35:*.ogv=01;35:*.ogx=01;35:*.aac=00;36:*.au=00;36:*.flac=00;36:*.m4a=00;36:*.mid=00;36:*.midi=00;36:*.mka=00;36:*.mp3=00;36:*.mpc=00;36:*.ogg=00;36:*.ra=00;36:*.wav=00;36:*.oga=00;36:*.opus=00;36:*.spx=00;36:*.xspf=00;36:*~=00;90:*#=00;90:*.bak=00;90:*.crdownload=00;90:*.dpkg-dist=00;90:*.dpkg-new=00;90:*.dpkg-old=00;90:*.dpkg-tmp=00;90:*.old=00;90:*.orig=00;90:*.part=00;90:*.rej=00;90:*.rpmnew=00;90:*.rpmorig=00;90:*.rpmsave=00;90:*.swp=00;90:*.tmp=00;90:*.ucf-dist=00;90:*.ucf-new=00;90:*.ucf-old=00;90:', 'ROS_DOMAIN_ID': '1', 'AMENT_PREFIX_PATH': '/home/strain-drone/Documents/drone_position_hold/ros2_ws/install/mocap4r2_msgs:/home/strain-drone/Documents/drone_position_hold/ros2_ws/install/mocap4r2_marker_viz_srvs:/opt/ros/jazzy', 'SHELL': '/bin/bash', 'LESSCLOSE': '/usr/bin/lesspipe %s %s', 'VIRTUAL_ENV': '/home/strain-drone/venv-ardupilot', 'ROS_AUTOMATIC_DISCOVERY_RANGE': 'SUBNET', 'PWD': '/home/strain-drone/Documents/drone_position_hold/ros2_ws/build/mocap4r2_marker_viz', 'LC_ALL': 'en_US.UTF-8', 'SSH_CONNECTION': '100.119.134.77 59684 100.96.124.69 22', 'XDG_DATA_DIRS': '/usr/share/gnome:/usr/local/share:/usr/share:/var/lib/snapd/desktop', 'PYTHONPATH': '/home/strain-drone/Documents/drone_position_hold/ros2_ws/install/mocap4r2_msgs/lib/python3.12/site-packages:/home/strain-drone/Documents/drone_position_hold/ros2_ws/install/mocap4r2_marker_viz_srvs/lib/python3.12/site-packages:/opt/ros/jazzy/lib/python3.12/site-packages', 'COLCON': '1', 'CMAKE_PREFIX_PATH': '/home/strain-drone/Documents/drone_position_hold/ros2_ws/install/mocap4r2_msgs:/home/strain-drone/Documents/drone_position_hold/ros2_ws/install/mocap4r2_marker_viz_srvs:/opt/ros/jazzy/opt/gz_math_vendor:/opt/ros/jazzy/opt/gz_utils_vendor:/opt/ros/jazzy/opt/gz_cmake_vendor:/opt/ros/jazzy'}), 'shell': False}
[45.867265] (-) TimerEvent: {}
[45.947445] (mocap4r2_marker_publisher) StdoutLine: {'line': b'-- Found mocap4r2_msgs: 0.0.3 (/home/strain-drone/Documents/drone_position_hold/ros2_ws/install/mocap4r2_msgs/share/mocap4r2_msgs/cmake)\n'}
[45.967415] (-) TimerEvent: {}
[46.014668] (mocap4r2_marker_viz) StdoutLine: {'line': b'-- The C compiler identification is GNU 13.3.0\n'}
[46.058186] (mocap4r2_marker_publisher) StdoutLine: {'line': b'-- Found ament_lint_auto: 0.17.2 (/opt/ros/jazzy/share/ament_lint_auto/cmake)\n'}
[46.065036] (natnet_ros2) StdoutLine: {'line': b'-- Using all available rosidl_typesupport_cpp: rosidl_typesupport_fastrtps_cpp;rosidl_typesupport_introspection_cpp\n'}
[46.067578] (-) TimerEvent: {}
[46.071792] (natnet_ros2) StdoutLine: {'line': b'-- Found python_cmake_module: 0.11.1 (/opt/ros/jazzy/share/python_cmake_module/cmake)\n'}
[46.170102] (mocap4r2_marker_viz) StdoutLine: {'line': b'-- The CXX compiler identification is GNU 13.3.0\n'}
[46.170439] (-) TimerEvent: {}
[46.223677] (mocap4r2_marker_viz) StdoutLine: {'line': b'-- Detecting C compiler ABI info\n'}
[46.270629] (-) TimerEvent: {}
[46.365055] (mocap4r2_marker_publisher) StdoutLine: {'line': b"-- Added test 'copyright' to check source files copyright and LICENSE\n"}
[46.366307] (mocap4r2_marker_publisher) StdoutLine: {'line': b"-- Added test 'cppcheck' to perform static code analysis on C / C++ code\n"}
[46.367105] (mocap4r2_marker_publisher) StdoutLine: {'line': b'-- Configured cppcheck include dirs: \n'}
[46.367509] (mocap4r2_marker_publisher) StdoutLine: {'line': b'-- Configured cppcheck exclude dirs and/or files: \n'}
[46.369968] (mocap4r2_marker_publisher) StdoutLine: {'line': b"-- Added test 'cpplint' to check C / C++ code against the Google style\n"}
[46.370597] (mocap4r2_marker_publisher) StdoutLine: {'line': b'-- Configured cpplint exclude dirs and/or files: \n'}
[46.370799] (-) TimerEvent: {}
[46.373253] (mocap4r2_marker_publisher) StdoutLine: {'line': b"-- Added test 'lint_cmake' to check CMake code style\n"}
[46.375849] (mocap4r2_marker_publisher) StdoutLine: {'line': b"-- Added test 'uncrustify' to check C / C++ code style\n"}
[46.377805] (mocap4r2_marker_publisher) StdoutLine: {'line': b'-- Configured uncrustify additional arguments: \n'}
[46.378172] (mocap4r2_marker_publisher) StdoutLine: {'line': b"-- Added test 'xmllint' to check XML markup files\n"}
[46.381510] (mocap4r2_marker_publisher) StdoutLine: {'line': b'-- Configuring done (2.7s)\n'}
[46.414391] (mocap4r2_marker_publisher) StdoutLine: {'line': b'-- Generating done (0.0s)\n'}
[46.426575] (mocap4r2_marker_publisher) StdoutLine: {'line': b'-- Build files have been written to: /home/strain-drone/Documents/drone_position_hold/ros2_ws/build/mocap4r2_marker_publisher\n'}
[46.441065] (natnet_ros2) StdoutLine: {'line': b'-- Found PythonExtra: /home/strain-drone/venv-ardupilot/bin/python3  \n'}
[46.444759] (mocap4r2_marker_viz) StdoutLine: {'line': b'-- Detecting C compiler ABI info - done\n'}
[46.459338] (mocap4r2_marker_publisher) CommandEnded: {'returncode': 0}
[46.462308] (mocap4r2_marker_publisher) JobProgress: {'identifier': 'mocap4r2_marker_publisher', 'progress': 'build'}
[46.462382] (mocap4r2_marker_publisher) Command: {'cmd': ['/usr/bin/cmake', '--build', '/home/strain-drone/Documents/drone_position_hold/ros2_ws/build/mocap4r2_marker_publisher', '--', '-j4', '-l4'], 'cwd': '/home/strain-drone/Documents/drone_position_hold/ros2_ws/build/mocap4r2_marker_publisher', 'env': OrderedDict({'LESSOPEN': '| /usr/bin/lesspipe %s', 'USER': 'strain-drone', 'SSH_CLIENT': '100.119.134.77 59684 22', 'XDG_SESSION_TYPE': 'tty', 'SHLVL': '1', 'LD_LIBRARY_PATH': '/home/strain-drone/Documents/drone_position_hold/ros2_ws/install/mocap4r2_msgs/lib:/opt/ros/jazzy/opt/rviz_ogre_vendor/lib:/opt/ros/jazzy/lib/aarch64-linux-gnu:/opt/ros/jazzy/opt/gz_math_vendor/lib:/opt/ros/jazzy/opt/gz_utils_vendor/lib:/opt/ros/jazzy/opt/gz_cmake_vendor/lib:/opt/ros/jazzy/lib:/home/strain-drone/Documents/drone_position_hold/ros2_ws/src/natnet_ros2/deps/NatNetSDK/lib', 'HOME': '/home/strain-drone', 'OLDPWD': '/home/strain-drone', 'SSH_TTY': '/dev/pts/0', 'ROS_PYTHON_VERSION': '3', 'PS1': '(venv-ardupilot) \\[\\e]0;\\u@\\h: \\w\\a\\]${debian_chroot:+($debian_chroot)}\\[\\033[01;32m\\]\\u@\\h\\[\\033[00m\\]:\\[\\033[01;34m\\]\\w\\[\\033[00m\\]\\$', 'DBUS_SESSION_BUS_ADDRESS': 'unix:path=/run/user/1002/bus', 'DEBUGINFOD_URLS': 'https://debuginfod.ubuntu.com', 'ROS_DISTRO': 'jazzy', 'LOGNAME': 'strain-drone', '_': '/usr/bin/colcon', 'ROS_VERSION': '2', 'XDG_SESSION_CLASS': 'user', 'TERM': 'xterm-256color', 'XDG_SESSION_ID': '3', 'PATH': '/usr/lib/ccache:/home/strain-drone/Documents/ardupilot/Tools/autotest:/opt/gcc-arm-none-eabi-10-2020-q4-major/bin:/home/strain-drone/venv-ardupilot/bin:/home/strain-drone/.local/bin:/opt/ros/jazzy/bin:/usr/local/sbin:/usr/local/bin:/usr/sbin:/usr/bin:/sbin:/bin:/usr/games:/usr/local/games:/snap/bin:/home/strain-drone/.local/bin:/home/strain-drone/.local/bin', 'XDG_RUNTIME_DIR': '/run/user/1002', 'LANG': 'en_US.UTF-8', 'VIRTUAL_ENV_PROMPT': '(venv-ardupilot)', 'LS_COLORS': 'rs=0:di=01;34:ln=01;36:mh=00:pi=40;33:so=01;35:do=01;35:bd=40;33;01:cd=40;33;01:or=40;31;01:mi=00:su=37;41:sg=30;43:ca=00:tw=30;42:ow=34;42:st=37;44:ex=01;32:*.tar=01;31:*.tgz=01;31:*.arc=01;31:*.arj=01;31:*.taz=01;31:*.lha=01;31:*.lz4=01;31:*.lzh=01;31:*.lzma=01;31:*.tlz=01;31:*.txz=01;31:*.tzo=01;31:*.t7z=01;31:*.zip=01;31:*.z=01;31:*.dz=01;31:*.gz=01;31:*.lrz=01;31:*.lz=01;31:*.lzo=01;31:*.xz=01;31:*.zst=01;31:*.tzst=01;31:*.bz2=01;31:*.bz=01;31:*.tbz=01;31:*.tbz2=01;31:*.tz=01;31:*.deb=01;31:*.rpm=01;31:*.jar=01;31:*.war=01;31:*.ear=01;31:*.sar=01;31:*.rar=01;31:*.alz=01;31:*.ace=01;31:*.zoo=01;31:*.cpio=01;31:*.7z=01;31:*.rz=01;31:*.cab=01;31:*.wim=01;31:*.swm=01;31:*.dwm=01;31:*.esd=01;31:*.avif=01;35:*.jpg=01;35:*.jpeg=01;35:*.mjpg=01;35:*.mjpeg=01;35:*.gif=01;35:*.bmp=01;35:*.pbm=01;35:*.pgm=01;35:*.ppm=01;35:*.tga=01;35:*.xbm=01;35:*.xpm=01;35:*.tif=01;35:*.tiff=01;35:*.png=01;35:*.svg=01;35:*.svgz=01;35:*.mng=01;35:*.pcx=01;35:*.mov=01;35:*.mpg=01;35:*.mpeg=01;35:*.m2v=01;35:*.mkv=01;35:*.webm=01;35:*.webp=01;35:*.ogm=01;35:*.mp4=01;35:*.m4v=01;35:*.mp4v=01;35:*.vob=01;35:*.qt=01;35:*.nuv=01;35:*.wmv=01;35:*.asf=01;35:*.rm=01;35:*.rmvb=01;35:*.flc=01;35:*.avi=01;35:*.fli=01;35:*.flv=01;35:*.gl=01;35:*.dl=01;35:*.xcf=01;35:*.xwd=01;35:*.yuv=01;35:*.cgm=01;35:*.emf=01;35:*.ogv=01;35:*.ogx=01;35:*.aac=00;36:*.au=00;36:*.flac=00;36:*.m4a=00;36:*.mid=00;36:*.midi=00;36:*.mka=00;36:*.mp3=00;36:*.mpc=00;36:*.ogg=00;36:*.ra=00;36:*.wav=00;36:*.oga=00;36:*.opus=00;36:*.spx=00;36:*.xspf=00;36:*~=00;90:*#=00;90:*.bak=00;90:*.crdownload=00;90:*.dpkg-dist=00;90:*.dpkg-new=00;90:*.dpkg-old=00;90:*.dpkg-tmp=00;90:*.old=00;90:*.orig=00;90:*.part=00;90:*.rej=00;90:*.rpmnew=00;90:*.rpmorig=00;90:*.rpmsave=00;90:*.swp=00;90:*.tmp=00;90:*.ucf-dist=00;90:*.ucf-new=00;90:*.ucf-old=00;90:', 'ROS_DOMAIN_ID': '1', 'AMENT_PREFIX_PATH': '/home/strain-drone/Documents/drone_position_hold/ros2_ws/install/mocap4r2_msgs:/opt/ros/jazzy', 'SHELL': '/bin/bash', 'LESSCLOSE': '/usr/bin/lesspipe %s %s', 'VIRTUAL_ENV': '/home/strain-drone/venv-ardupilot', 'ROS_AUTOMATIC_DISCOVERY_RANGE': 'SUBNET', 'PWD': '/home/strain-drone/Documents/drone_position_hold/ros2_ws/build/mocap4r2_marker_publisher', 'LC_ALL': 'en_US.UTF-8', 'SSH_CONNECTION': '100.119.134.77 59684 100.96.124.69 22', 'XDG_DATA_DIRS': '/usr/share/gnome:/usr/local/share:/usr/share:/var/lib/snapd/desktop', 'PYTHONPATH': '/home/strain-drone/Documents/drone_position_hold/ros2_ws/install/mocap4r2_msgs/lib/python3.12/site-packages:/opt/ros/jazzy/lib/python3.12/site-packages', 'COLCON': '1', 'CMAKE_PREFIX_PATH': '/home/strain-drone/Documents/drone_position_hold/ros2_ws/install/mocap4r2_msgs:/opt/ros/jazzy/opt/gz_math_vendor:/opt/ros/jazzy/opt/gz_utils_vendor:/opt/ros/jazzy/opt/gz_cmake_vendor:/opt/ros/jazzy'}), 'shell': False}
[46.471237] (mocap4r2_marker_viz) StdoutLine: {'line': b'-- Check for working C compiler: /usr/lib/ccache/cc - skipped\n'}
[46.471550] (-) TimerEvent: {}
[46.474231] (mocap4r2_marker_viz) StdoutLine: {'line': b'-- Detecting C compile features\n'}
[46.474530] (mocap4r2_marker_viz) StdoutLine: {'line': b'-- Detecting C compile features - done\n'}
[46.529702] (mocap4r2_marker_viz) StdoutLine: {'line': b'-- Detecting CXX compiler ABI info\n'}
[46.572574] (-) TimerEvent: {}
[46.581747] (mocap4r2_marker_publisher) StdoutLine: {'line': b'[ 50%] \x1b[32mBuilding CXX object CMakeFiles/mocap4r2_marker_publisher.dir/src/mocap4r2_marker_publisher.cpp.o\x1b[0m\n'}
[46.674067] (-) TimerEvent: {}
[46.755572] (mocap4r2_marker_viz) StdoutLine: {'line': b'-- Detecting CXX compiler ABI info - done\n'}
[46.774240] (-) TimerEvent: {}
[46.775698] (mocap4r2_marker_viz) StdoutLine: {'line': b'-- Check for working CXX compiler: /usr/lib/ccache/c++ - skipped\n'}
[46.776780] (mocap4r2_marker_viz) StdoutLine: {'line': b'-- Detecting CXX compile features\n'}
[46.778072] (mocap4r2_marker_viz) StdoutLine: {'line': b'-- Detecting CXX compile features - done\n'}
[46.783156] (mocap4r2_marker_viz) StdoutLine: {'line': b'-- Found ament_cmake: 2.5.4 (/opt/ros/jazzy/share/ament_cmake/cmake)\n'}
[46.877002] (-) TimerEvent: {}
[46.977469] (-) TimerEvent: {}
[47.077966] (-) TimerEvent: {}
[47.178442] (-) TimerEvent: {}
[47.181045] (mocap4r2_marker_viz) StdoutLine: {'line': b'-- Found Python3: /home/strain-drone/venv-ardupilot/bin/python3 (found version "3.12.3") found components: Interpreter \n'}
[47.282992] (-) TimerEvent: {}
[47.383498] (-) TimerEvent: {}
[47.440483] (natnet_ros2) StdoutLine: {'line': b'-- Found Python3: /home/strain-drone/venv-ardupilot/bin/python3 (found version "3.12.3") found components: Interpreter Development NumPy Development.Module Development.Embed \n'}
[47.459889] (mocap4r2_marker_viz) StdoutLine: {'line': b'-- Found rclcpp: 28.1.9 (/opt/ros/jazzy/share/rclcpp/cmake)\n'}
[47.483645] (-) TimerEvent: {}
[47.530078] (mocap4r2_marker_viz) StdoutLine: {'line': b'-- Found rosidl_generator_c: 4.6.5 (/opt/ros/jazzy/share/rosidl_generator_c/cmake)\n'}
[47.553781] (mocap4r2_marker_viz) StdoutLine: {'line': b'-- Found rosidl_generator_cpp: 4.6.5 (/opt/ros/jazzy/share/rosidl_generator_cpp/cmake)\n'}
[47.554595] (natnet_ros2) StdoutLine: {'line': b'SDK already installed.\n'}
[47.564350] (natnet_ros2) StderrLine: {'line': b'\x1b[0mCMake Deprecation Warning at /opt/ros/jazzy/share/rosidl_cmake/cmake/rosidl_target_interfaces.cmake:32 (message):\n'}
[47.565337] (natnet_ros2) StderrLine: {'line': b'  Use rosidl_get_typesupport_target() and target_link_libraries() instead of\n'}
[47.565554] (natnet_ros2) StderrLine: {'line': b'  rosidl_target_interfaces().  i.e:\n'}
[47.566332] (natnet_ros2) StderrLine: {'line': b'\n'}
[47.568281] (natnet_ros2) StderrLine: {'line': b'    rosidl_get_typesupport_target(cpp_typesupport_target "${PROJECT_NAME}" "rosidl_typesupport_cpp")\n'}
[47.568435] (natnet_ros2) StderrLine: {'line': b'    target_link_libraries(${PROJECT_NAME}_node "${cpp_typesupport_target}")\n'}
[47.568571] (natnet_ros2) StderrLine: {'line': b'\n'}
[47.568679] (natnet_ros2) StderrLine: {'line': b'Call Stack (most recent call first):\n'}
[47.568765] (natnet_ros2) StderrLine: {'line': b'  CMakeLists.txt:80 (rosidl_target_interfaces)\n'}
[47.568847] (natnet_ros2) StderrLine: {'line': b'\n'}
[47.568983] (natnet_ros2) StderrLine: {'line': b'\x1b[0m\n'}
[47.572029] (natnet_ros2) StdoutLine: {'line': b'-- Found ament_cmake_copyright: 0.17.2 (/opt/ros/jazzy/share/ament_cmake_copyright/cmake)\n'}
[47.575578] (natnet_ros2) StdoutLine: {'line': b'-- Found ament_cmake_cppcheck: 0.17.2 (/opt/ros/jazzy/share/ament_cmake_cppcheck/cmake)\n'}
[47.585024] (natnet_ros2) StdoutLine: {'line': b'-- Found ament_cmake_cpplint: 0.17.2 (/opt/ros/jazzy/share/ament_cmake_cpplint/cmake)\n'}
[47.585378] (-) TimerEvent: {}
[47.586011] (mocap4r2_marker_viz) StdoutLine: {'line': b'-- Using all available rosidl_typesupport_c: rosidl_typesupport_fastrtps_c;rosidl_typesupport_introspection_c\n'}
[47.587387] (natnet_ros2) StdoutLine: {'line': b'-- Found ament_cmake_lint_cmake: 0.17.2 (/opt/ros/jazzy/share/ament_cmake_lint_cmake/cmake)\n'}
[47.592048] (natnet_ros2) StdoutLine: {'line': b'-- Found ament_cmake_xmllint: 0.17.2 (/opt/ros/jazzy/share/ament_cmake_xmllint/cmake)\n'}
[47.594972] (natnet_ros2) StdoutLine: {'line': b'-- Found ament_cmake_uncrustify: 0.17.2 (/opt/ros/jazzy/share/ament_cmake_uncrustify/cmake)\n'}
[47.604075] (natnet_ros2) StderrLine: {'line': b'\x1b[0mIn this package, headers install destination is set to `include` by ament_auto_package. It is recommended to install `include/natnet_ros2` instead and will be the default behavior of ament_auto_package from ROS 2 Kilted Kaiju. On distributions before Kilted, ament_auto_package behaves the same way when you use USE_SCOPED_HEADER_INSTALL_DIR option.\x1b[0m\n'}
[47.614222] (natnet_ros2) StdoutLine: {'line': b'-- Configuring done (8.3s)\n'}
[47.619504] (mocap4r2_marker_viz) StdoutLine: {'line': b'-- Using all available rosidl_typesupport_cpp: rosidl_typesupport_fastrtps_cpp;rosidl_typesupport_introspection_cpp\n'}
[47.685554] (-) TimerEvent: {}
[47.746032] (natnet_ros2) StdoutLine: {'line': b'-- Generating done (0.1s)\n'}
[47.760077] (mocap4r2_marker_viz) StdoutLine: {'line': b'-- Found rmw_implementation_cmake: 7.3.2 (/opt/ros/jazzy/share/rmw_implementation_cmake/cmake)\n'}
[47.762642] (mocap4r2_marker_viz) StdoutLine: {'line': b'-- Found rmw_fastrtps_cpp: 8.4.2 (/opt/ros/jazzy/share/rmw_fastrtps_cpp/cmake)\n'}
[47.785148] (natnet_ros2) StdoutLine: {'line': b'-- Build files have been written to: /home/strain-drone/Documents/drone_position_hold/ros2_ws/build/natnet_ros2\n'}
[47.785632] (-) TimerEvent: {}
[47.835183] (natnet_ros2) CommandEnded: {'returncode': 0}
[47.836359] (natnet_ros2) JobProgress: {'identifier': 'natnet_ros2', 'progress': 'build'}
[47.837055] (natnet_ros2) Command: {'cmd': ['/usr/bin/cmake', '--build', '/home/strain-drone/Documents/drone_position_hold/ros2_ws/build/natnet_ros2', '--', '-j4', '-l4'], 'cwd': '/home/strain-drone/Documents/drone_position_hold/ros2_ws/build/natnet_ros2', 'env': OrderedDict({'LESSOPEN': '| /usr/bin/lesspipe %s', 'USER': 'strain-drone', 'SSH_CLIENT': '100.119.134.77 59684 22', 'XDG_SESSION_TYPE': 'tty', 'SHLVL': '1', 'LD_LIBRARY_PATH': '/opt/ros/jazzy/opt/rviz_ogre_vendor/lib:/opt/ros/jazzy/lib/aarch64-linux-gnu:/opt/ros/jazzy/opt/gz_math_vendor/lib:/opt/ros/jazzy/opt/gz_utils_vendor/lib:/opt/ros/jazzy/opt/gz_cmake_vendor/lib:/opt/ros/jazzy/lib:/home/strain-drone/Documents/drone_position_hold/ros2_ws/src/natnet_ros2/deps/NatNetSDK/lib', 'HOME': '/home/strain-drone', 'OLDPWD': '/home/strain-drone', 'SSH_TTY': '/dev/pts/0', 'ROS_PYTHON_VERSION': '3', 'PS1': '(venv-ardupilot) \\[\\e]0;\\u@\\h: \\w\\a\\]${debian_chroot:+($debian_chroot)}\\[\\033[01;32m\\]\\u@\\h\\[\\033[00m\\]:\\[\\033[01;34m\\]\\w\\[\\033[00m\\]\\$', 'DBUS_SESSION_BUS_ADDRESS': 'unix:path=/run/user/1002/bus', 'DEBUGINFOD_URLS': 'https://debuginfod.ubuntu.com', 'ROS_DISTRO': 'jazzy', 'LOGNAME': 'strain-drone', '_': '/usr/bin/colcon', 'ROS_VERSION': '2', 'XDG_SESSION_CLASS': 'user', 'TERM': 'xterm-256color', 'XDG_SESSION_ID': '3', 'PATH': '/usr/lib/ccache:/home/strain-drone/Documents/ardupilot/Tools/autotest:/opt/gcc-arm-none-eabi-10-2020-q4-major/bin:/home/strain-drone/venv-ardupilot/bin:/home/strain-drone/.local/bin:/opt/ros/jazzy/bin:/usr/local/sbin:/usr/local/bin:/usr/sbin:/usr/bin:/sbin:/bin:/usr/games:/usr/local/games:/snap/bin:/home/strain-drone/.local/bin:/home/strain-drone/.local/bin', 'XDG_RUNTIME_DIR': '/run/user/1002', 'LANG': 'en_US.UTF-8', 'VIRTUAL_ENV_PROMPT': '(venv-ardupilot)', 'LS_COLORS': 'rs=0:di=01;34:ln=01;36:mh=00:pi=40;33:so=01;35:do=01;35:bd=40;33;01:cd=40;33;01:or=40;31;01:mi=00:su=37;41:sg=30;43:ca=00:tw=30;42:ow=34;42:st=37;44:ex=01;32:*.tar=01;31:*.tgz=01;31:*.arc=01;31:*.arj=01;31:*.taz=01;31:*.lha=01;31:*.lz4=01;31:*.lzh=01;31:*.lzma=01;31:*.tlz=01;31:*.txz=01;31:*.tzo=01;31:*.t7z=01;31:*.zip=01;31:*.z=01;31:*.dz=01;31:*.gz=01;31:*.lrz=01;31:*.lz=01;31:*.lzo=01;31:*.xz=01;31:*.zst=01;31:*.tzst=01;31:*.bz2=01;31:*.bz=01;31:*.tbz=01;31:*.tbz2=01;31:*.tz=01;31:*.deb=01;31:*.rpm=01;31:*.jar=01;31:*.war=01;31:*.ear=01;31:*.sar=01;31:*.rar=01;31:*.alz=01;31:*.ace=01;31:*.zoo=01;31:*.cpio=01;31:*.7z=01;31:*.rz=01;31:*.cab=01;31:*.wim=01;31:*.swm=01;31:*.dwm=01;31:*.esd=01;31:*.avif=01;35:*.jpg=01;35:*.jpeg=01;35:*.mjpg=01;35:*.mjpeg=01;35:*.gif=01;35:*.bmp=01;35:*.pbm=01;35:*.pgm=01;35:*.ppm=01;35:*.tga=01;35:*.xbm=01;35:*.xpm=01;35:*.tif=01;35:*.tiff=01;35:*.png=01;35:*.svg=01;35:*.svgz=01;35:*.mng=01;35:*.pcx=01;35:*.mov=01;35:*.mpg=01;35:*.mpeg=01;35:*.m2v=01;35:*.mkv=01;35:*.webm=01;35:*.webp=01;35:*.ogm=01;35:*.mp4=01;35:*.m4v=01;35:*.mp4v=01;35:*.vob=01;35:*.qt=01;35:*.nuv=01;35:*.wmv=01;35:*.asf=01;35:*.rm=01;35:*.rmvb=01;35:*.flc=01;35:*.avi=01;35:*.fli=01;35:*.flv=01;35:*.gl=01;35:*.dl=01;35:*.xcf=01;35:*.xwd=01;35:*.yuv=01;35:*.cgm=01;35:*.emf=01;35:*.ogv=01;35:*.ogx=01;35:*.aac=00;36:*.au=00;36:*.flac=00;36:*.m4a=00;36:*.mid=00;36:*.midi=00;36:*.mka=00;36:*.mp3=00;36:*.mpc=00;36:*.ogg=00;36:*.ra=00;36:*.wav=00;36:*.oga=00;36:*.opus=00;36:*.spx=00;36:*.xspf=00;36:*~=00;90:*#=00;90:*.bak=00;90:*.crdownload=00;90:*.dpkg-dist=00;90:*.dpkg-new=00;90:*.dpkg-old=00;90:*.dpkg-tmp=00;90:*.old=00;90:*.orig=00;90:*.part=00;90:*.rej=00;90:*.rpmnew=00;90:*.rpmorig=00;90:*.rpmsave=00;90:*.swp=00;90:*.tmp=00;90:*.ucf-dist=00;90:*.ucf-new=00;90:*.ucf-old=00;90:', 'ROS_DOMAIN_ID': '1', 'AMENT_PREFIX_PATH': '/opt/ros/jazzy', 'SHELL': '/bin/bash', 'LESSCLOSE': '/usr/bin/lesspipe %s %s', 'VIRTUAL_ENV': '/home/strain-drone/venv-ardupilot', 'ROS_AUTOMATIC_DISCOVERY_RANGE': 'SUBNET', 'PWD': '/home/strain-drone/Documents/drone_position_hold/ros2_ws/build/natnet_ros2', 'LC_ALL': 'en_US.UTF-8', 'SSH_CONNECTION': '100.119.134.77 59684 100.96.124.69 22', 'XDG_DATA_DIRS': '/usr/share/gnome:/usr/local/share:/usr/share:/var/lib/snapd/desktop', 'PYTHONPATH': '/opt/ros/jazzy/lib/python3.12/site-packages', 'COLCON': '1', 'CMAKE_PREFIX_PATH': '/opt/ros/jazzy/opt/gz_math_vendor:/opt/ros/jazzy/opt/gz_utils_vendor:/opt/ros/jazzy/opt/gz_cmake_vendor:/opt/ros/jazzy'}), 'shell': False}
[47.885813] (-) TimerEvent: {}
[47.958250] (mocap4r2_marker_viz) StdoutLine: {'line': b'-- Found OpenSSL: /usr/lib/aarch64-linux-gnu/libcrypto.so (found version "3.0.13")  \n'}
[47.964799] (natnet_ros2) StdoutLine: {'line': b'[  2%] \x1b[34m\x1b[1mGenerating type hashes for ROS interfaces\x1b[0m\n'}
[47.985999] (-) TimerEvent: {}
[47.999694] (mocap4r2_marker_viz) StdoutLine: {'line': b'-- Found FastRTPS: /opt/ros/jazzy/include (Required is at least version "2.13") \n'}
[48.052589] (mocap4r2_marker_viz) StdoutLine: {'line': b"-- Using RMW implementation 'rmw_fastrtps_cpp' as default\n"}
[48.088018] (-) TimerEvent: {}
[48.189007] (-) TimerEvent: {}
[48.226025] (mocap4r2_marker_viz) StdoutLine: {'line': b'-- Found mocap4r2_marker_viz_srvs: 0.0.7 (/home/strain-drone/Documents/drone_position_hold/ros2_ws/install/mocap4r2_marker_viz_srvs/share/mocap4r2_marker_viz_srvs/cmake)\n'}
[48.289150] (-) TimerEvent: {}
[48.292714] (mocap4r2_marker_viz) StdoutLine: {'line': b'-- Found mocap4r2_msgs: 0.0.3 (/home/strain-drone/Documents/drone_position_hold/ros2_ws/install/mocap4r2_msgs/share/mocap4r2_msgs/cmake)\n'}
[48.389289] (-) TimerEvent: {}
[48.396495] (mocap4r2_marker_viz) StdoutLine: {'line': b'-- Found visualization_msgs: 5.3.6 (/opt/ros/jazzy/share/visualization_msgs/cmake)\n'}
[48.399175] (natnet_ros2) StdoutLine: {'line': b'[  2%] Built target natnet_ros2__rosidl_generator_type_description\n'}
[48.473768] (natnet_ros2) StdoutLine: {'line': b'[  2%] Built target ament_cmake_python_copy_natnet_ros2_py\n'}
[48.489457] (-) TimerEvent: {}
[48.524268] (natnet_ros2) StdoutLine: {'line': b'[  5%] \x1b[34m\x1b[1mGenerating C++ code for ROS interfaces\x1b[0m\n'}
[48.563930] (mocap4r2_marker_viz) StdoutLine: {'line': b'-- Found ament_lint_auto: 0.17.2 (/opt/ros/jazzy/share/ament_lint_auto/cmake)\n'}
[48.589602] (-) TimerEvent: {}
[48.691084] (-) TimerEvent: {}
[48.792744] (-) TimerEvent: {}
[48.868481] (mocap4r2_marker_viz) StdoutLine: {'line': b"-- Added test 'cppcheck' to perform static code analysis on C / C++ code\n"}
[48.868950] (mocap4r2_marker_viz) StdoutLine: {'line': b'-- Configured cppcheck include dirs: $<BUILD_INTERFACE:/home/strain-drone/Documents/drone_position_hold/ros2_ws/src/mocap4r2/mocap4r2_marker_viz/mocap4r2_marker_viz/include>\n'}
[48.869150] (mocap4r2_marker_viz) StdoutLine: {'line': b'-- Configured cppcheck exclude dirs and/or files: \n'}
[48.872114] (mocap4r2_marker_viz) StdoutLine: {'line': b"-- Added test 'cpplint' to check C / C++ code against the Google style\n"}
[48.872460] (mocap4r2_marker_viz) StdoutLine: {'line': b'-- Configured cpplint exclude dirs and/or files: \n'}
[48.874444] (mocap4r2_marker_viz) StdoutLine: {'line': b"-- Added test 'flake8' to check Python code syntax and style conventions\n"}
[48.874756] (mocap4r2_marker_viz) StdoutLine: {'line': b"-- Configured 'flake8' exclude dirs and/or files: \n"}
[48.875001] (mocap4r2_marker_viz) StdoutLine: {'line': b"-- Added test 'lint_cmake' to check CMake code style\n"}
[48.875864] (mocap4r2_marker_viz) StdoutLine: {'line': b"-- Added test 'pep257' to check Python code against some of the docstring style conventions in PEP 257\n"}
[48.878472] (mocap4r2_marker_viz) StdoutLine: {'line': b"-- Added test 'uncrustify' to check C / C++ code style\n"}
[48.881012] (mocap4r2_marker_viz) StdoutLine: {'line': b'-- Configured uncrustify additional arguments: \n'}
[48.881483] (mocap4r2_marker_viz) StdoutLine: {'line': b"-- Added test 'xmllint' to check XML markup files\n"}
[48.883388] (mocap4r2_marker_viz) StdoutLine: {'line': b'-- Configuring done (3.0s)\n'}
[48.892886] (-) TimerEvent: {}
[48.925699] (mocap4r2_marker_viz) StdoutLine: {'line': b'-- Generating done (0.0s)\n'}
[48.940108] (mocap4r2_marker_viz) StdoutLine: {'line': b'-- Build files have been written to: /home/strain-drone/Documents/drone_position_hold/ros2_ws/build/mocap4r2_marker_viz\n'}
[48.970081] (mocap4r2_marker_viz) CommandEnded: {'returncode': 0}
[48.971067] (mocap4r2_marker_viz) JobProgress: {'identifier': 'mocap4r2_marker_viz', 'progress': 'build'}
[48.971679] (mocap4r2_marker_viz) Command: {'cmd': ['/usr/bin/cmake', '--build', '/home/strain-drone/Documents/drone_position_hold/ros2_ws/build/mocap4r2_marker_viz', '--', '-j4', '-l4'], 'cwd': '/home/strain-drone/Documents/drone_position_hold/ros2_ws/build/mocap4r2_marker_viz', 'env': OrderedDict({'LESSOPEN': '| /usr/bin/lesspipe %s', 'USER': 'strain-drone', 'SSH_CLIENT': '100.119.134.77 59684 22', 'XDG_SESSION_TYPE': 'tty', 'SHLVL': '1', 'LD_LIBRARY_PATH': '/home/strain-drone/Documents/drone_position_hold/ros2_ws/install/mocap4r2_msgs/lib:/home/strain-drone/Documents/drone_position_hold/ros2_ws/install/mocap4r2_marker_viz_srvs/lib:/opt/ros/jazzy/opt/rviz_ogre_vendor/lib:/opt/ros/jazzy/lib/aarch64-linux-gnu:/opt/ros/jazzy/opt/gz_math_vendor/lib:/opt/ros/jazzy/opt/gz_utils_vendor/lib:/opt/ros/jazzy/opt/gz_cmake_vendor/lib:/opt/ros/jazzy/lib:/home/strain-drone/Documents/drone_position_hold/ros2_ws/src/natnet_ros2/deps/NatNetSDK/lib', 'HOME': '/home/strain-drone', 'OLDPWD': '/home/strain-drone', 'SSH_TTY': '/dev/pts/0', 'ROS_PYTHON_VERSION': '3', 'PS1': '(venv-ardupilot) \\[\\e]0;\\u@\\h: \\w\\a\\]${debian_chroot:+($debian_chroot)}\\[\\033[01;32m\\]\\u@\\h\\[\\033[00m\\]:\\[\\033[01;34m\\]\\w\\[\\033[00m\\]\\$', 'DBUS_SESSION_BUS_ADDRESS': 'unix:path=/run/user/1002/bus', 'DEBUGINFOD_URLS': 'https://debuginfod.ubuntu.com', 'ROS_DISTRO': 'jazzy', 'LOGNAME': 'strain-drone', '_': '/usr/bin/colcon', 'ROS_VERSION': '2', 'XDG_SESSION_CLASS': 'user', 'TERM': 'xterm-256color', 'XDG_SESSION_ID': '3', 'PATH': '/usr/lib/ccache:/home/strain-drone/Documents/ardupilot/Tools/autotest:/opt/gcc-arm-none-eabi-10-2020-q4-major/bin:/home/strain-drone/venv-ardupilot/bin:/home/strain-drone/.local/bin:/opt/ros/jazzy/bin:/usr/local/sbin:/usr/local/bin:/usr/sbin:/usr/bin:/sbin:/bin:/usr/games:/usr/local/games:/snap/bin:/home/strain-drone/.local/bin:/home/strain-drone/.local/bin', 'XDG_RUNTIME_DIR': '/run/user/1002', 'LANG': 'en_US.UTF-8', 'VIRTUAL_ENV_PROMPT': '(venv-ardupilot)', 'LS_COLORS': 'rs=0:di=01;34:ln=01;36:mh=00:pi=40;33:so=01;35:do=01;35:bd=40;33;01:cd=40;33;01:or=40;31;01:mi=00:su=37;41:sg=30;43:ca=00:tw=30;42:ow=34;42:st=37;44:ex=01;32:*.tar=01;31:*.tgz=01;31:*.arc=01;31:*.arj=01;31:*.taz=01;31:*.lha=01;31:*.lz4=01;31:*.lzh=01;31:*.lzma=01;31:*.tlz=01;31:*.txz=01;31:*.tzo=01;31:*.t7z=01;31:*.zip=01;31:*.z=01;31:*.dz=01;31:*.gz=01;31:*.lrz=01;31:*.lz=01;31:*.lzo=01;31:*.xz=01;31:*.zst=01;31:*.tzst=01;31:*.bz2=01;31:*.bz=01;31:*.tbz=01;31:*.tbz2=01;31:*.tz=01;31:*.deb=01;31:*.rpm=01;31:*.jar=01;31:*.war=01;31:*.ear=01;31:*.sar=01;31:*.rar=01;31:*.alz=01;31:*.ace=01;31:*.zoo=01;31:*.cpio=01;31:*.7z=01;31:*.rz=01;31:*.cab=01;31:*.wim=01;31:*.swm=01;31:*.dwm=01;31:*.esd=01;31:*.avif=01;35:*.jpg=01;35:*.jpeg=01;35:*.mjpg=01;35:*.mjpeg=01;35:*.gif=01;35:*.bmp=01;35:*.pbm=01;35:*.pgm=01;35:*.ppm=01;35:*.tga=01;35:*.xbm=01;35:*.xpm=01;35:*.tif=01;35:*.tiff=01;35:*.png=01;35:*.svg=01;35:*.svgz=01;35:*.mng=01;35:*.pcx=01;35:*.mov=01;35:*.mpg=01;35:*.mpeg=01;35:*.m2v=01;35:*.mkv=01;35:*.webm=01;35:*.webp=01;35:*.ogm=01;35:*.mp4=01;35:*.m4v=01;35:*.mp4v=01;35:*.vob=01;35:*.qt=01;35:*.nuv=01;35:*.wmv=01;35:*.asf=01;35:*.rm=01;35:*.rmvb=01;35:*.flc=01;35:*.avi=01;35:*.fli=01;35:*.flv=01;35:*.gl=01;35:*.dl=01;35:*.xcf=01;35:*.xwd=01;35:*.yuv=01;35:*.cgm=01;35:*.emf=01;35:*.ogv=01;35:*.ogx=01;35:*.aac=00;36:*.au=00;36:*.flac=00;36:*.m4a=00;36:*.mid=00;36:*.midi=00;36:*.mka=00;36:*.mp3=00;36:*.mpc=00;36:*.ogg=00;36:*.ra=00;36:*.wav=00;36:*.oga=00;36:*.opus=00;36:*.spx=00;36:*.xspf=00;36:*~=00;90:*#=00;90:*.bak=00;90:*.crdownload=00;90:*.dpkg-dist=00;90:*.dpkg-new=00;90:*.dpkg-old=00;90:*.dpkg-tmp=00;90:*.old=00;90:*.orig=00;90:*.part=00;90:*.rej=00;90:*.rpmnew=00;90:*.rpmorig=00;90:*.rpmsave=00;90:*.swp=00;90:*.tmp=00;90:*.ucf-dist=00;90:*.ucf-new=00;90:*.ucf-old=00;90:', 'ROS_DOMAIN_ID': '1', 'AMENT_PREFIX_PATH': '/home/strain-drone/Documents/drone_position_hold/ros2_ws/install/mocap4r2_msgs:/home/strain-drone/Documents/drone_position_hold/ros2_ws/install/mocap4r2_marker_viz_srvs:/opt/ros/jazzy', 'SHELL': '/bin/bash', 'LESSCLOSE': '/usr/bin/lesspipe %s %s', 'VIRTUAL_ENV': '/home/strain-drone/venv-ardupilot', 'ROS_AUTOMATIC_DISCOVERY_RANGE': 'SUBNET', 'PWD': '/home/strain-drone/Documents/drone_position_hold/ros2_ws/build/mocap4r2_marker_viz', 'LC_ALL': 'en_US.UTF-8', 'SSH_CONNECTION': '100.119.134.77 59684 100.96.124.69 22', 'XDG_DATA_DIRS': '/usr/share/gnome:/usr/local/share:/usr/share:/var/lib/snapd/desktop', 'PYTHONPATH': '/home/strain-drone/Documents/drone_position_hold/ros2_ws/install/mocap4r2_msgs/lib/python3.12/site-packages:/home/strain-drone/Documents/drone_position_hold/ros2_ws/install/mocap4r2_marker_viz_srvs/lib/python3.12/site-packages:/opt/ros/jazzy/lib/python3.12/site-packages', 'COLCON': '1', 'CMAKE_PREFIX_PATH': '/home/strain-drone/Documents/drone_position_hold/ros2_ws/install/mocap4r2_msgs:/home/strain-drone/Documents/drone_position_hold/ros2_ws/install/mocap4r2_marker_viz_srvs:/opt/ros/jazzy/opt/gz_math_vendor:/opt/ros/jazzy/opt/gz_utils_vendor:/opt/ros/jazzy/opt/gz_cmake_vendor:/opt/ros/jazzy'}), 'shell': False}
[48.993455] (-) TimerEvent: {}
[49.095191] (-) TimerEvent: {}
[49.103579] (mocap4r2_marker_viz) StdoutLine: {'line': b'[ 25%] \x1b[32mBuilding CXX object CMakeFiles/mocap4r2_marker_viz_NODE.dir/src/mocap4r2_marker_viz_node.cpp.o\x1b[0m\n'}
[49.195337] (-) TimerEvent: {}
[49.228796] (natnet_ros2) StdoutLine: {'line': b'[  5%] Built target natnet_ros2__cpp\n'}
[49.252317] (natnet_ros2) StdoutLine: {'line': b'[  7%] \x1b[34m\x1b[1mGenerating C code for ROS interfaces\x1b[0m\n'}
[49.295472] (-) TimerEvent: {}
[49.395972] (-) TimerEvent: {}
[49.499026] (-) TimerEvent: {}
[49.599499] (-) TimerEvent: {}
[49.700275] (-) TimerEvent: {}
[49.801112] (-) TimerEvent: {}
[49.903986] (-) TimerEvent: {}
[49.965880] (natnet_ros2) StdoutLine: {'line': b'[ 10%] \x1b[32mBuilding C object CMakeFiles/natnet_ros2__rosidl_generator_c.dir/rosidl_generator_c/natnet_ros2/srv/detail/marker_poses__description.c.o\x1b[0m\n'}
[50.004236] (-) TimerEvent: {}
[50.108435] (-) TimerEvent: {}
[50.136073] (natnet_ros2) StdoutLine: {'line': b'[ 12%] \x1b[32mBuilding C object CMakeFiles/natnet_ros2__rosidl_generator_c.dir/rosidl_generator_c/natnet_ros2/srv/detail/marker_poses__functions.c.o\x1b[0m\n'}
[50.208602] (-) TimerEvent: {}
[50.312042] (-) TimerEvent: {}
[50.363633] (natnet_ros2) StdoutLine: {'line': b'[ 15%] \x1b[32mBuilding C object CMakeFiles/natnet_ros2__rosidl_generator_c.dir/rosidl_generator_c/natnet_ros2/srv/detail/marker_poses__type_support.c.o\x1b[0m\n'}
[50.412191] (-) TimerEvent: {}
[50.512762] (-) TimerEvent: {}
[50.514832] (natnet_ros2) StdoutLine: {'line': b'[ 17%] \x1b[32m\x1b[1mLinking C shared library libnatnet_ros2__rosidl_generator_c.so\x1b[0m\n'}
[50.615112] (-) TimerEvent: {}
[50.624929] (natnet_ros2) StdoutLine: {'line': b'[ 17%] Built target natnet_ros2__rosidl_generator_c\n'}
[50.715247] (-) TimerEvent: {}
[50.815793] (-) TimerEvent: {}
[50.918029] (-) TimerEvent: {}
[51.018584] (-) TimerEvent: {}
[51.119139] (-) TimerEvent: {}
[51.219653] (-) TimerEvent: {}
[51.239895] (natnet_ros2) StdoutLine: {'line': b'running egg_info\n'}
[51.296504] (natnet_ros2) StdoutLine: {'line': b'creating natnet_ros2_py.egg-info\n'}
[51.298623] (natnet_ros2) StdoutLine: {'line': b'writing natnet_ros2_py.egg-info/PKG-INFO\n'}
[51.299093] (natnet_ros2) StdoutLine: {'line': b'writing dependency_links to natnet_ros2_py.egg-info/dependency_links.txt\n'}
[51.300281] (natnet_ros2) StdoutLine: {'line': b'writing top-level names to natnet_ros2_py.egg-info/top_level.txt\n'}
[51.302017] (natnet_ros2) StdoutLine: {'line': b"writing manifest file 'natnet_ros2_py.egg-info/SOURCES.txt'\n"}
[51.319801] (-) TimerEvent: {}
[51.422255] (-) TimerEvent: {}
[51.469014] (natnet_ros2) StdoutLine: {'line': b"reading manifest file 'natnet_ros2_py.egg-info/SOURCES.txt'\n"}
[51.469389] (natnet_ros2) StdoutLine: {'line': b"writing manifest file 'natnet_ros2_py.egg-info/SOURCES.txt'\n"}
[51.522436] (-) TimerEvent: {}
[51.595596] (natnet_ros2) StdoutLine: {'line': b'[ 17%] Built target ament_cmake_python_build_natnet_ros2_py_egg\n'}
[51.620968] (natnet_ros2) StdoutLine: {'line': b'[ 20%] \x1b[34m\x1b[1mGenerating C++ type support dispatch for ROS interfaces\x1b[0m\n'}
[51.622590] (-) TimerEvent: {}
[51.725282] (-) TimerEvent: {}
[51.826606] (-) TimerEvent: {}
[51.929019] (-) TimerEvent: {}
[52.030241] (-) TimerEvent: {}
[52.131594] (-) TimerEvent: {}
[52.154095] (natnet_ros2) StdoutLine: {'line': b'[ 23%] \x1b[32mBuilding CXX object CMakeFiles/natnet_ros2__rosidl_typesupport_cpp.dir/rosidl_typesupport_cpp/natnet_ros2/srv/marker_poses__type_support.cpp.o\x1b[0m\n'}
[52.234045] (-) TimerEvent: {}
[52.334581] (-) TimerEvent: {}
[52.435136] (-) TimerEvent: {}
[52.538215] (-) TimerEvent: {}
[52.638797] (-) TimerEvent: {}
[52.740024] (-) TimerEvent: {}
[52.841237] (-) TimerEvent: {}
[52.944282] (-) TimerEvent: {}
[53.044816] (-) TimerEvent: {}
[53.148290] (-) TimerEvent: {}
[53.249370] (-) TimerEvent: {}
[53.261411] (natnet_ros2) StdoutLine: {'line': b'[ 25%] \x1b[32m\x1b[1mLinking CXX shared library libnatnet_ros2__rosidl_typesupport_cpp.so\x1b[0m\n'}
[53.350073] (-) TimerEvent: {}
[53.454250] (-) TimerEvent: {}
[53.494062] (natnet_ros2) StdoutLine: {'line': b'[ 25%] Built target natnet_ros2__rosidl_typesupport_cpp\n'}
[53.521093] (natnet_ros2) StdoutLine: {'line': b'[ 28%] \x1b[34m\x1b[1mGenerating C type support for eProsima Fast-RTPS\x1b[0m\n'}
[53.554387] (-) TimerEvent: {}
[53.655428] (-) TimerEvent: {}
[53.759252] (-) TimerEvent: {}
[53.859745] (-) TimerEvent: {}
[53.960960] (-) TimerEvent: {}
[54.062640] (-) TimerEvent: {}
[54.165283] (-) TimerEvent: {}
[54.190736] (natnet_ros2) StdoutLine: {'line': b'[ 30%] \x1b[32mBuilding CXX object CMakeFiles/natnet_ros2__rosidl_typesupport_fastrtps_c.dir/rosidl_typesupport_fastrtps_c/natnet_ros2/srv/detail/marker_poses__type_support_c.cpp.o\x1b[0m\n'}
[54.265430] (-) TimerEvent: {}
[54.365938] (-) TimerEvent: {}
[54.470022] (-) TimerEvent: {}
[54.570519] (-) TimerEvent: {}
[54.671049] (-) TimerEvent: {}
[54.772280] (-) TimerEvent: {}
[54.874576] (-) TimerEvent: {}
[54.979049] (-) TimerEvent: {}
[55.079588] (-) TimerEvent: {}
[55.180164] (-) TimerEvent: {}
[55.280943] (-) TimerEvent: {}
[55.382008] (-) TimerEvent: {}
[55.484290] (-) TimerEvent: {}
[55.588331] (-) TimerEvent: {}
[55.641558] (natnet_ros2) StdoutLine: {'line': b'[ 33%] \x1b[32m\x1b[1mLinking CXX shared library libnatnet_ros2__rosidl_typesupport_fastrtps_c.so\x1b[0m\n'}
[55.688508] (-) TimerEvent: {}
[55.785393] (natnet_ros2) StdoutLine: {'line': b'[ 33%] Built target natnet_ros2__rosidl_typesupport_fastrtps_c\n'}
[55.788662] (-) TimerEvent: {}
[55.812253] (natnet_ros2) StdoutLine: {'line': b'[ 35%] \x1b[34m\x1b[1mGenerating C++ type support for eProsima Fast-RTPS\x1b[0m\n'}
[55.888827] (-) TimerEvent: {}
[55.992293] (-) TimerEvent: {}
[56.093321] (-) TimerEvent: {}
[56.197182] (-) TimerEvent: {}
[56.297654] (-) TimerEvent: {}
[56.398128] (-) TimerEvent: {}
[56.498648] (-) TimerEvent: {}
[56.528808] (natnet_ros2) StdoutLine: {'line': b'[ 38%] \x1b[32mBuilding CXX object CMakeFiles/natnet_ros2__rosidl_typesupport_fastrtps_cpp.dir/rosidl_typesupport_fastrtps_cpp/natnet_ros2/srv/detail/dds_fastrtps/marker_poses__type_support.cpp.o\x1b[0m\n'}
[56.598816] (-) TimerEvent: {}
[56.700085] (-) TimerEvent: {}
[56.800572] (-) TimerEvent: {}
[56.904303] (-) TimerEvent: {}
[57.004847] (-) TimerEvent: {}
[57.106419] (-) TimerEvent: {}
[57.207881] (-) TimerEvent: {}
[57.310166] (-) TimerEvent: {}
[57.412978] (-) TimerEvent: {}
[57.514578] (-) TimerEvent: {}
[57.618289] (-) TimerEvent: {}
[57.718834] (-) TimerEvent: {}
[57.820390] (-) TimerEvent: {}
[57.923266] (-) TimerEvent: {}
[58.023973] (-) TimerEvent: {}
[58.127312] (-) TimerEvent: {}
[58.228119] (-) TimerEvent: {}
[58.330286] (-) TimerEvent: {}
[58.432086] (-) TimerEvent: {}
[58.437527] (natnet_ros2) StdoutLine: {'line': b'[ 41%] \x1b[32m\x1b[1mLinking CXX shared library libnatnet_ros2__rosidl_typesupport_fastrtps_cpp.so\x1b[0m\n'}
[58.474003] (mocap4r2_marker_publisher) StdoutLine: {'line': b'[100%] \x1b[32m\x1b[1mLinking CXX executable mocap4r2_marker_publisher\x1b[0m\n'}
[58.534081] (-) TimerEvent: {}
[58.634823] (-) TimerEvent: {}
[58.682786] (natnet_ros2) StdoutLine: {'line': b'[ 41%] Built target natnet_ros2__rosidl_typesupport_fastrtps_cpp\n'}
[58.719568] (natnet_ros2) StdoutLine: {'line': b'[ 43%] \x1b[34m\x1b[1mGenerating C introspection for ROS interfaces\x1b[0m\n'}
[58.737024] (-) TimerEvent: {}
[58.837768] (-) TimerEvent: {}
[58.940075] (-) TimerEvent: {}
[59.041252] (-) TimerEvent: {}
[59.143334] (-) TimerEvent: {}
[59.219459] (mocap4r2_marker_publisher) StdoutLine: {'line': b'[100%] Built target mocap4r2_marker_publisher\n'}
[59.243494] (-) TimerEvent: {}
[59.249588] (mocap4r2_marker_publisher) CommandEnded: {'returncode': 0}
[59.251100] (mocap4r2_marker_publisher) JobProgress: {'identifier': 'mocap4r2_marker_publisher', 'progress': 'install'}
[59.251567] (mocap4r2_marker_publisher) Command: {'cmd': ['/usr/bin/cmake', '--install', '/home/strain-drone/Documents/drone_position_hold/ros2_ws/build/mocap4r2_marker_publisher'], 'cwd': '/home/strain-drone/Documents/drone_position_hold/ros2_ws/build/mocap4r2_marker_publisher', 'env': OrderedDict({'LESSOPEN': '| /usr/bin/lesspipe %s', 'USER': 'strain-drone', 'SSH_CLIENT': '100.119.134.77 59684 22', 'XDG_SESSION_TYPE': 'tty', 'SHLVL': '1', 'LD_LIBRARY_PATH': '/home/strain-drone/Documents/drone_position_hold/ros2_ws/install/mocap4r2_msgs/lib:/opt/ros/jazzy/opt/rviz_ogre_vendor/lib:/opt/ros/jazzy/lib/aarch64-linux-gnu:/opt/ros/jazzy/opt/gz_math_vendor/lib:/opt/ros/jazzy/opt/gz_utils_vendor/lib:/opt/ros/jazzy/opt/gz_cmake_vendor/lib:/opt/ros/jazzy/lib:/home/strain-drone/Documents/drone_position_hold/ros2_ws/src/natnet_ros2/deps/NatNetSDK/lib', 'HOME': '/home/strain-drone', 'OLDPWD': '/home/strain-drone', 'SSH_TTY': '/dev/pts/0', 'ROS_PYTHON_VERSION': '3', 'PS1': '(venv-ardupilot) \\[\\e]0;\\u@\\h: \\w\\a\\]${debian_chroot:+($debian_chroot)}\\[\\033[01;32m\\]\\u@\\h\\[\\033[00m\\]:\\[\\033[01;34m\\]\\w\\[\\033[00m\\]\\$', 'DBUS_SESSION_BUS_ADDRESS': 'unix:path=/run/user/1002/bus', 'DEBUGINFOD_URLS': 'https://debuginfod.ubuntu.com', 'ROS_DISTRO': 'jazzy', 'LOGNAME': 'strain-drone', '_': '/usr/bin/colcon', 'ROS_VERSION': '2', 'XDG_SESSION_CLASS': 'user', 'TERM': 'xterm-256color', 'XDG_SESSION_ID': '3', 'PATH': '/usr/lib/ccache:/home/strain-drone/Documents/ardupilot/Tools/autotest:/opt/gcc-arm-none-eabi-10-2020-q4-major/bin:/home/strain-drone/venv-ardupilot/bin:/home/strain-drone/.local/bin:/opt/ros/jazzy/bin:/usr/local/sbin:/usr/local/bin:/usr/sbin:/usr/bin:/sbin:/bin:/usr/games:/usr/local/games:/snap/bin:/home/strain-drone/.local/bin:/home/strain-drone/.local/bin', 'XDG_RUNTIME_DIR': '/run/user/1002', 'LANG': 'en_US.UTF-8', 'VIRTUAL_ENV_PROMPT': '(venv-ardupilot)', 'LS_COLORS': 'rs=0:di=01;34:ln=01;36:mh=00:pi=40;33:so=01;35:do=01;35:bd=40;33;01:cd=40;33;01:or=40;31;01:mi=00:su=37;41:sg=30;43:ca=00:tw=30;42:ow=34;42:st=37;44:ex=01;32:*.tar=01;31:*.tgz=01;31:*.arc=01;31:*.arj=01;31:*.taz=01;31:*.lha=01;31:*.lz4=01;31:*.lzh=01;31:*.lzma=01;31:*.tlz=01;31:*.txz=01;31:*.tzo=01;31:*.t7z=01;31:*.zip=01;31:*.z=01;31:*.dz=01;31:*.gz=01;31:*.lrz=01;31:*.lz=01;31:*.lzo=01;31:*.xz=01;31:*.zst=01;31:*.tzst=01;31:*.bz2=01;31:*.bz=01;31:*.tbz=01;31:*.tbz2=01;31:*.tz=01;31:*.deb=01;31:*.rpm=01;31:*.jar=01;31:*.war=01;31:*.ear=01;31:*.sar=01;31:*.rar=01;31:*.alz=01;31:*.ace=01;31:*.zoo=01;31:*.cpio=01;31:*.7z=01;31:*.rz=01;31:*.cab=01;31:*.wim=01;31:*.swm=01;31:*.dwm=01;31:*.esd=01;31:*.avif=01;35:*.jpg=01;35:*.jpeg=01;35:*.mjpg=01;35:*.mjpeg=01;35:*.gif=01;35:*.bmp=01;35:*.pbm=01;35:*.pgm=01;35:*.ppm=01;35:*.tga=01;35:*.xbm=01;35:*.xpm=01;35:*.tif=01;35:*.tiff=01;35:*.png=01;35:*.svg=01;35:*.svgz=01;35:*.mng=01;35:*.pcx=01;35:*.mov=01;35:*.mpg=01;35:*.mpeg=01;35:*.m2v=01;35:*.mkv=01;35:*.webm=01;35:*.webp=01;35:*.ogm=01;35:*.mp4=01;35:*.m4v=01;35:*.mp4v=01;35:*.vob=01;35:*.qt=01;35:*.nuv=01;35:*.wmv=01;35:*.asf=01;35:*.rm=01;35:*.rmvb=01;35:*.flc=01;35:*.avi=01;35:*.fli=01;35:*.flv=01;35:*.gl=01;35:*.dl=01;35:*.xcf=01;35:*.xwd=01;35:*.yuv=01;35:*.cgm=01;35:*.emf=01;35:*.ogv=01;35:*.ogx=01;35:*.aac=00;36:*.au=00;36:*.flac=00;36:*.m4a=00;36:*.mid=00;36:*.midi=00;36:*.mka=00;36:*.mp3=00;36:*.mpc=00;36:*.ogg=00;36:*.ra=00;36:*.wav=00;36:*.oga=00;36:*.opus=00;36:*.spx=00;36:*.xspf=00;36:*~=00;90:*#=00;90:*.bak=00;90:*.crdownload=00;90:*.dpkg-dist=00;90:*.dpkg-new=00;90:*.dpkg-old=00;90:*.dpkg-tmp=00;90:*.old=00;90:*.orig=00;90:*.part=00;90:*.rej=00;90:*.rpmnew=00;90:*.rpmorig=00;90:*.rpmsave=00;90:*.swp=00;90:*.tmp=00;90:*.ucf-dist=00;90:*.ucf-new=00;90:*.ucf-old=00;90:', 'ROS_DOMAIN_ID': '1', 'AMENT_PREFIX_PATH': '/home/strain-drone/Documents/drone_position_hold/ros2_ws/install/mocap4r2_msgs:/opt/ros/jazzy', 'SHELL': '/bin/bash', 'LESSCLOSE': '/usr/bin/lesspipe %s %s', 'VIRTUAL_ENV': '/home/strain-drone/venv-ardupilot', 'ROS_AUTOMATIC_DISCOVERY_RANGE': 'SUBNET', 'PWD': '/home/strain-drone/Documents/drone_position_hold/ros2_ws/build/mocap4r2_marker_publisher', 'LC_ALL': 'en_US.UTF-8', 'SSH_CONNECTION': '100.119.134.77 59684 100.96.124.69 22', 'XDG_DATA_DIRS': '/usr/share/gnome:/usr/local/share:/usr/share:/var/lib/snapd/desktop', 'PYTHONPATH': '/home/strain-drone/Documents/drone_position_hold/ros2_ws/install/mocap4r2_msgs/lib/python3.12/site-packages:/opt/ros/jazzy/lib/python3.12/site-packages', 'COLCON': '1', 'CMAKE_PREFIX_PATH': '/home/strain-drone/Documents/drone_position_hold/ros2_ws/install/mocap4r2_msgs:/opt/ros/jazzy/opt/gz_math_vendor:/opt/ros/jazzy/opt/gz_utils_vendor:/opt/ros/jazzy/opt/gz_cmake_vendor:/opt/ros/jazzy'}), 'shell': False}
[59.273732] (mocap4r2_marker_publisher) StdoutLine: {'line': b'-- Install configuration: ""\n'}
[59.274104] (mocap4r2_marker_publisher) StdoutLine: {'line': b'-- Installing: /home/strain-drone/Documents/drone_position_hold/ros2_ws/install/mocap4r2_marker_publisher/lib/mocap4r2_marker_publisher/mocap4r2_marker_publisher\n'}
[59.278673] (mocap4r2_marker_publisher) StdoutLine: {'line': b'-- Set non-toolchain portion of runtime path of "/home/strain-drone/Documents/drone_position_hold/ros2_ws/install/mocap4r2_marker_publisher/lib/mocap4r2_marker_publisher/mocap4r2_marker_publisher" to ""\n'}
[59.279022] (mocap4r2_marker_publisher) StdoutLine: {'line': b'-- Installing: /home/strain-drone/Documents/drone_position_hold/ros2_ws/install/mocap4r2_marker_publisher/share/ament_index/resource_index/package_run_dependencies/mocap4r2_marker_publisher\n'}
[59.280554] (mocap4r2_marker_publisher) StdoutLine: {'line': b'-- Installing: /home/strain-drone/Documents/drone_position_hold/ros2_ws/install/mocap4r2_marker_publisher/share/ament_index/resource_index/parent_prefix_path/mocap4r2_marker_publisher\n'}
[59.280868] (mocap4r2_marker_publisher) StdoutLine: {'line': b'-- Installing: /home/strain-drone/Documents/drone_position_hold/ros2_ws/install/mocap4r2_marker_publisher/share/mocap4r2_marker_publisher/environment/ament_prefix_path.sh\n'}
[59.283399] (mocap4r2_marker_publisher) StdoutLine: {'line': b'-- Installing: /home/strain-drone/Documents/drone_position_hold/ros2_ws/install/mocap4r2_marker_publisher/share/mocap4r2_marker_publisher/environment/ament_prefix_path.dsv\n'}
[59.283578] (mocap4r2_marker_publisher) StdoutLine: {'line': b'-- Installing: /home/strain-drone/Documents/drone_position_hold/ros2_ws/install/mocap4r2_marker_publisher/share/mocap4r2_marker_publisher/environment/path.sh\n'}
[59.283687] (mocap4r2_marker_publisher) StdoutLine: {'line': b'-- Installing: /home/strain-drone/Documents/drone_position_hold/ros2_ws/install/mocap4r2_marker_publisher/share/mocap4r2_marker_publisher/environment/path.dsv\n'}
[59.283822] (mocap4r2_marker_publisher) StdoutLine: {'line': b'-- Installing: /home/strain-drone/Documents/drone_position_hold/ros2_ws/install/mocap4r2_marker_publisher/share/mocap4r2_marker_publisher/local_setup.bash\n'}
[59.283956] (mocap4r2_marker_publisher) StdoutLine: {'line': b'-- Installing: /home/strain-drone/Documents/drone_position_hold/ros2_ws/install/mocap4r2_marker_publisher/share/mocap4r2_marker_publisher/local_setup.sh\n'}
[59.284080] (mocap4r2_marker_publisher) StdoutLine: {'line': b'-- Installing: /home/strain-drone/Documents/drone_position_hold/ros2_ws/install/mocap4r2_marker_publisher/share/mocap4r2_marker_publisher/local_setup.zsh\n'}
[59.284335] (mocap4r2_marker_publisher) StdoutLine: {'line': b'-- Installing: /home/strain-drone/Documents/drone_position_hold/ros2_ws/install/mocap4r2_marker_publisher/share/mocap4r2_marker_publisher/local_setup.dsv\n'}
[59.285655] (mocap4r2_marker_publisher) StdoutLine: {'line': b'-- Installing: /home/strain-drone/Documents/drone_position_hold/ros2_ws/install/mocap4r2_marker_publisher/share/mocap4r2_marker_publisher/package.dsv\n'}
[59.286049] (mocap4r2_marker_publisher) StdoutLine: {'line': b'-- Installing: /home/strain-drone/Documents/drone_position_hold/ros2_ws/install/mocap4r2_marker_publisher/share/ament_index/resource_index/packages/mocap4r2_marker_publisher\n'}
[59.287296] (mocap4r2_marker_publisher) StdoutLine: {'line': b'-- Installing: /home/strain-drone/Documents/drone_position_hold/ros2_ws/install/mocap4r2_marker_publisher/share/mocap4r2_marker_publisher/cmake/mocap4r2_marker_publisherConfig.cmake\n'}
[59.288174] (mocap4r2_marker_publisher) StdoutLine: {'line': b'-- Installing: /home/strain-drone/Documents/drone_position_hold/ros2_ws/install/mocap4r2_marker_publisher/share/mocap4r2_marker_publisher/cmake/mocap4r2_marker_publisherConfig-version.cmake\n'}
[59.288443] (mocap4r2_marker_publisher) StdoutLine: {'line': b'-- Installing: /home/strain-drone/Documents/drone_position_hold/ros2_ws/install/mocap4r2_marker_publisher/share/mocap4r2_marker_publisher/package.xml\n'}
[59.294139] (mocap4r2_marker_publisher) CommandEnded: {'returncode': 0}
[59.322771] (mocap4r2_marker_publisher) JobEnded: {'identifier': 'mocap4r2_marker_publisher', 'rc': 0}
[59.326820] (mocap4r2_robot_gt) JobStarted: {'identifier': 'mocap4r2_robot_gt'}
[59.344029] (-) TimerEvent: {}
[59.360090] (mocap4r2_robot_gt) JobProgress: {'identifier': 'mocap4r2_robot_gt', 'progress': 'cmake'}
[59.360772] (mocap4r2_robot_gt) Command: {'cmd': ['/usr/bin/cmake', '/home/strain-drone/Documents/drone_position_hold/ros2_ws/src/mocap4r2/mocap4r2_robot_gt/mocap4r2_robot_gt', '-DCMAKE_INSTALL_PREFIX=/home/strain-drone/Documents/drone_position_hold/ros2_ws/install/mocap4r2_robot_gt'], 'cwd': '/home/strain-drone/Documents/drone_position_hold/ros2_ws/build/mocap4r2_robot_gt', 'env': OrderedDict({'LESSOPEN': '| /usr/bin/lesspipe %s', 'USER': 'strain-drone', 'SSH_CLIENT': '100.119.134.77 59684 22', 'XDG_SESSION_TYPE': 'tty', 'SHLVL': '1', 'LD_LIBRARY_PATH': '/home/strain-drone/Documents/drone_position_hold/ros2_ws/install/mocap4r2_robot_gt_msgs/lib:/home/strain-drone/Documents/drone_position_hold/ros2_ws/install/mocap4r2_msgs/lib:/opt/ros/jazzy/opt/rviz_ogre_vendor/lib:/opt/ros/jazzy/lib/aarch64-linux-gnu:/opt/ros/jazzy/opt/gz_math_vendor/lib:/opt/ros/jazzy/opt/gz_utils_vendor/lib:/opt/ros/jazzy/opt/gz_cmake_vendor/lib:/opt/ros/jazzy/lib:/home/strain-drone/Documents/drone_position_hold/ros2_ws/src/natnet_ros2/deps/NatNetSDK/lib', 'HOME': '/home/strain-drone', 'OLDPWD': '/home/strain-drone', 'SSH_TTY': '/dev/pts/0', 'ROS_PYTHON_VERSION': '3', 'PS1': '(venv-ardupilot) \\[\\e]0;\\u@\\h: \\w\\a\\]${debian_chroot:+($debian_chroot)}\\[\\033[01;32m\\]\\u@\\h\\[\\033[00m\\]:\\[\\033[01;34m\\]\\w\\[\\033[00m\\]\\$', 'DBUS_SESSION_BUS_ADDRESS': 'unix:path=/run/user/1002/bus', 'DEBUGINFOD_URLS': 'https://debuginfod.ubuntu.com', 'ROS_DISTRO': 'jazzy', 'LOGNAME': 'strain-drone', '_': '/usr/bin/colcon', 'ROS_VERSION': '2', 'XDG_SESSION_CLASS': 'user', 'TERM': 'xterm-256color', 'XDG_SESSION_ID': '3', 'PATH': '/usr/lib/ccache:/home/strain-drone/Documents/ardupilot/Tools/autotest:/opt/gcc-arm-none-eabi-10-2020-q4-major/bin:/home/strain-drone/venv-ardupilot/bin:/home/strain-drone/.local/bin:/opt/ros/jazzy/bin:/usr/local/sbin:/usr/local/bin:/usr/sbin:/usr/bin:/sbin:/bin:/usr/games:/usr/local/games:/snap/bin:/home/strain-drone/.local/bin:/home/strain-drone/.local/bin', 'XDG_RUNTIME_DIR': '/run/user/1002', 'LANG': 'en_US.UTF-8', 'VIRTUAL_ENV_PROMPT': '(venv-ardupilot)', 'LS_COLORS': 'rs=0:di=01;34:ln=01;36:mh=00:pi=40;33:so=01;35:do=01;35:bd=40;33;01:cd=40;33;01:or=40;31;01:mi=00:su=37;41:sg=30;43:ca=00:tw=30;42:ow=34;42:st=37;44:ex=01;32:*.tar=01;31:*.tgz=01;31:*.arc=01;31:*.arj=01;31:*.taz=01;31:*.lha=01;31:*.lz4=01;31:*.lzh=01;31:*.lzma=01;31:*.tlz=01;31:*.txz=01;31:*.tzo=01;31:*.t7z=01;31:*.zip=01;31:*.z=01;31:*.dz=01;31:*.gz=01;31:*.lrz=01;31:*.lz=01;31:*.lzo=01;31:*.xz=01;31:*.zst=01;31:*.tzst=01;31:*.bz2=01;31:*.bz=01;31:*.tbz=01;31:*.tbz2=01;31:*.tz=01;31:*.deb=01;31:*.rpm=01;31:*.jar=01;31:*.war=01;31:*.ear=01;31:*.sar=01;31:*.rar=01;31:*.alz=01;31:*.ace=01;31:*.zoo=01;31:*.cpio=01;31:*.7z=01;31:*.rz=01;31:*.cab=01;31:*.wim=01;31:*.swm=01;31:*.dwm=01;31:*.esd=01;31:*.avif=01;35:*.jpg=01;35:*.jpeg=01;35:*.mjpg=01;35:*.mjpeg=01;35:*.gif=01;35:*.bmp=01;35:*.pbm=01;35:*.pgm=01;35:*.ppm=01;35:*.tga=01;35:*.xbm=01;35:*.xpm=01;35:*.tif=01;35:*.tiff=01;35:*.png=01;35:*.svg=01;35:*.svgz=01;35:*.mng=01;35:*.pcx=01;35:*.mov=01;35:*.mpg=01;35:*.mpeg=01;35:*.m2v=01;35:*.mkv=01;35:*.webm=01;35:*.webp=01;35:*.ogm=01;35:*.mp4=01;35:*.m4v=01;35:*.mp4v=01;35:*.vob=01;35:*.qt=01;35:*.nuv=01;35:*.wmv=01;35:*.asf=01;35:*.rm=01;35:*.rmvb=01;35:*.flc=01;35:*.avi=01;35:*.fli=01;35:*.flv=01;35:*.gl=01;35:*.dl=01;35:*.xcf=01;35:*.xwd=01;35:*.yuv=01;35:*.cgm=01;35:*.emf=01;35:*.ogv=01;35:*.ogx=01;35:*.aac=00;36:*.au=00;36:*.flac=00;36:*.m4a=00;36:*.mid=00;36:*.midi=00;36:*.mka=00;36:*.mp3=00;36:*.mpc=00;36:*.ogg=00;36:*.ra=00;36:*.wav=00;36:*.oga=00;36:*.opus=00;36:*.spx=00;36:*.xspf=00;36:*~=00;90:*#=00;90:*.bak=00;90:*.crdownload=00;90:*.dpkg-dist=00;90:*.dpkg-new=00;90:*.dpkg-old=00;90:*.dpkg-tmp=00;90:*.old=00;90:*.orig=00;90:*.part=00;90:*.rej=00;90:*.rpmnew=00;90:*.rpmorig=00;90:*.rpmsave=00;90:*.swp=00;90:*.tmp=00;90:*.ucf-dist=00;90:*.ucf-new=00;90:*.ucf-old=00;90:', 'ROS_DOMAIN_ID': '1', 'AMENT_PREFIX_PATH': '/home/strain-drone/Documents/drone_position_hold/ros2_ws/install/mocap4r2_robot_gt_msgs:/home/strain-drone/Documents/drone_position_hold/ros2_ws/install/mocap4r2_msgs:/opt/ros/jazzy', 'SHELL': '/bin/bash', 'LESSCLOSE': '/usr/bin/lesspipe %s %s', 'VIRTUAL_ENV': '/home/strain-drone/venv-ardupilot', 'ROS_AUTOMATIC_DISCOVERY_RANGE': 'SUBNET', 'PWD': '/home/strain-drone/Documents/drone_position_hold/ros2_ws/build/mocap4r2_robot_gt', 'LC_ALL': 'en_US.UTF-8', 'SSH_CONNECTION': '100.119.134.77 59684 100.96.124.69 22', 'XDG_DATA_DIRS': '/usr/share/gnome:/usr/local/share:/usr/share:/var/lib/snapd/desktop', 'PYTHONPATH': '/home/strain-drone/Documents/drone_position_hold/ros2_ws/install/mocap4r2_robot_gt_msgs/lib/python3.12/site-packages:/home/strain-drone/Documents/drone_position_hold/ros2_ws/install/mocap4r2_msgs/lib/python3.12/site-packages:/opt/ros/jazzy/lib/python3.12/site-packages', 'COLCON': '1', 'CMAKE_PREFIX_PATH': '/home/strain-drone/Documents/drone_position_hold/ros2_ws/install/mocap4r2_robot_gt_msgs:/home/strain-drone/Documents/drone_position_hold/ros2_ws/install/mocap4r2_msgs:/opt/ros/jazzy/opt/gz_math_vendor:/opt/ros/jazzy/opt/gz_utils_vendor:/opt/ros/jazzy/opt/gz_cmake_vendor:/opt/ros/jazzy'}), 'shell': False}
[59.444205] (-) TimerEvent: {}
[59.476064] (natnet_ros2) StdoutLine: {'line': b'[ 46%] \x1b[32mBuilding C object CMakeFiles/natnet_ros2__rosidl_typesupport_introspection_c.dir/rosidl_typesupport_introspection_c/natnet_ros2/srv/detail/marker_poses__type_support.c.o\x1b[0m\n'}
[59.523792] (mocap4r2_robot_gt) StdoutLine: {'line': b'-- The C compiler identification is GNU 13.3.0\n'}
[59.545068] (-) TimerEvent: {}
[59.645629] (-) TimerEvent: {}
[59.683486] (mocap4r2_robot_gt) StdoutLine: {'line': b'-- The CXX compiler identification is GNU 13.3.0\n'}
[59.689222] (natnet_ros2) StdoutLine: {'line': b'[ 48%] \x1b[32m\x1b[1mLinking C shared library libnatnet_ros2__rosidl_typesupport_introspection_c.so\x1b[0m\n'}
[59.738583] (mocap4r2_robot_gt) StdoutLine: {'line': b'-- Detecting C compiler ABI info\n'}
[59.745772] (-) TimerEvent: {}
[59.774278] (natnet_ros2) StdoutLine: {'line': b'[ 48%] Built target natnet_ros2__rosidl_typesupport_introspection_c\n'}
[59.797815] (natnet_ros2) StdoutLine: {'line': b'[ 51%] \x1b[34m\x1b[1mGenerating C type support dispatch for ROS interfaces\x1b[0m\n'}
[59.845956] (-) TimerEvent: {}
[59.949034] (-) TimerEvent: {}
[59.952024] (mocap4r2_robot_gt) StdoutLine: {'line': b'-- Detecting C compiler ABI info - done\n'}
[59.970327] (mocap4r2_robot_gt) StdoutLine: {'line': b'-- Check for working C compiler: /usr/lib/ccache/cc - skipped\n'}
[59.971010] (mocap4r2_robot_gt) StdoutLine: {'line': b'-- Detecting C compile features\n'}
[59.971970] (mocap4r2_robot_gt) StdoutLine: {'line': b'-- Detecting C compile features - done\n'}
[59.998629] (mocap4r2_robot_gt) StdoutLine: {'line': b'-- Detecting CXX compiler ABI info\n'}
[60.052035] (-) TimerEvent: {}
[60.152590] (-) TimerEvent: {}
[60.224211] (mocap4r2_robot_gt) StdoutLine: {'line': b'-- Detecting CXX compiler ABI info - done\n'}
[60.240465] (mocap4r2_robot_gt) StdoutLine: {'line': b'-- Check for working CXX compiler: /usr/lib/ccache/c++ - skipped\n'}
[60.241155] (mocap4r2_robot_gt) StdoutLine: {'line': b'-- Detecting CXX compile features\n'}
[60.242287] (mocap4r2_robot_gt) StdoutLine: {'line': b'-- Detecting CXX compile features - done\n'}
[60.247400] (mocap4r2_robot_gt) StdoutLine: {'line': b'-- Found ament_cmake: 2.5.4 (/opt/ros/jazzy/share/ament_cmake/cmake)\n'}
[60.255067] (-) TimerEvent: {}
[60.355636] (-) TimerEvent: {}
[60.382954] (natnet_ros2) StdoutLine: {'line': b'[ 53%] \x1b[32mBuilding CXX object CMakeFiles/natnet_ros2__rosidl_typesupport_c.dir/rosidl_typesupport_c/natnet_ros2/srv/marker_poses__type_support.cpp.o\x1b[0m\n'}
[60.455828] (-) TimerEvent: {}
[60.556509] (-) TimerEvent: {}
[60.573341] (natnet_ros2) StdoutLine: {'line': b'[ 56%] \x1b[32m\x1b[1mLinking CXX shared library libnatnet_ros2__rosidl_typesupport_c.so\x1b[0m\n'}
[60.643452] (mocap4r2_robot_gt) StdoutLine: {'line': b'-- Found Python3: /home/strain-drone/venv-ardupilot/bin/python3 (found version "3.12.3") found components: Interpreter \n'}
[60.656667] (-) TimerEvent: {}
[60.686125] (natnet_ros2) StdoutLine: {'line': b'[ 56%] Built target natnet_ros2__rosidl_typesupport_c\n'}
[60.711296] (natnet_ros2) StdoutLine: {'line': b'[ 58%] \x1b[34m\x1b[1mGenerating C++ introspection for ROS interfaces\x1b[0m\n'}
[60.759007] (-) TimerEvent: {}
[60.859499] (-) TimerEvent: {}
[60.920281] (mocap4r2_robot_gt) StdoutLine: {'line': b'-- Found rclcpp: 28.1.9 (/opt/ros/jazzy/share/rclcpp/cmake)\n'}
[60.959679] (-) TimerEvent: {}
[60.995400] (mocap4r2_robot_gt) StdoutLine: {'line': b'-- Found rosidl_generator_c: 4.6.5 (/opt/ros/jazzy/share/rosidl_generator_c/cmake)\n'}
[61.025018] (mocap4r2_robot_gt) StdoutLine: {'line': b'-- Found rosidl_generator_cpp: 4.6.5 (/opt/ros/jazzy/share/rosidl_generator_cpp/cmake)\n'}
[61.058129] (mocap4r2_robot_gt) StdoutLine: {'line': b'-- Using all available rosidl_typesupport_c: rosidl_typesupport_fastrtps_c;rosidl_typesupport_introspection_c\n'}
[61.059826] (-) TimerEvent: {}
[61.093307] (mocap4r2_robot_gt) StdoutLine: {'line': b'-- Using all available rosidl_typesupport_cpp: rosidl_typesupport_fastrtps_cpp;rosidl_typesupport_introspection_cpp\n'}
[61.159997] (-) TimerEvent: {}
[61.250966] (mocap4r2_robot_gt) StdoutLine: {'line': b'-- Found rmw_implementation_cmake: 7.3.2 (/opt/ros/jazzy/share/rmw_implementation_cmake/cmake)\n'}
[61.257765] (mocap4r2_robot_gt) StdoutLine: {'line': b'-- Found rmw_fastrtps_cpp: 8.4.2 (/opt/ros/jazzy/share/rmw_fastrtps_cpp/cmake)\n'}
[61.260140] (-) TimerEvent: {}
[61.302097] (natnet_ros2) StdoutLine: {'line': b'[ 61%] \x1b[32mBuilding CXX object CMakeFiles/natnet_ros2__rosidl_typesupport_introspection_cpp.dir/rosidl_typesupport_introspection_cpp/natnet_ros2/srv/detail/marker_poses__type_support.cpp.o\x1b[0m\n'}
[61.360284] (-) TimerEvent: {}
[61.449297] (mocap4r2_robot_gt) StdoutLine: {'line': b'-- Found OpenSSL: /usr/lib/aarch64-linux-gnu/libcrypto.so (found version "3.0.13")  \n'}
[61.463042] (-) TimerEvent: {}
[61.491209] (mocap4r2_robot_gt) StdoutLine: {'line': b'-- Found FastRTPS: /opt/ros/jazzy/include (Required is at least version "2.13") \n'}
[61.540326] (mocap4r2_robot_gt) StdoutLine: {'line': b"-- Using RMW implementation 'rmw_fastrtps_cpp' as default\n"}
[61.563193] (-) TimerEvent: {}
[61.664519] (-) TimerEvent: {}
[61.687066] (mocap4r2_robot_gt) StdoutLine: {'line': b'-- Found rclcpp_components: 28.1.9 (/opt/ros/jazzy/share/rclcpp_components/cmake)\n'}
[61.756074] (mocap4r2_robot_gt) StdoutLine: {'line': b'-- Found mocap4r2_msgs: 0.0.3 (/home/strain-drone/Documents/drone_position_hold/ros2_ws/install/mocap4r2_msgs/share/mocap4r2_msgs/cmake)\n'}
[61.764697] (-) TimerEvent: {}
[61.844779] (mocap4r2_robot_gt) StdoutLine: {'line': b'-- Found mocap4r2_robot_gt_msgs: 0.0.7 (/home/strain-drone/Documents/drone_position_hold/ros2_ws/install/mocap4r2_robot_gt_msgs/share/mocap4r2_robot_gt_msgs/cmake)\n'}
[61.864831] (-) TimerEvent: {}
[61.886653] (mocap4r2_robot_gt) StdoutLine: {'line': b'-- Found tf2_ros: 0.36.16 (/opt/ros/jazzy/share/tf2_ros/cmake)\n'}
[61.965001] (-) TimerEvent: {}
[62.065500] (-) TimerEvent: {}
[62.165963] (-) TimerEvent: {}
[62.266477] (-) TimerEvent: {}
[62.309413] (mocap4r2_robot_gt) StdoutLine: {'line': b'-- Found tf2_geometry_msgs: 0.36.16 (/opt/ros/jazzy/share/tf2_geometry_msgs/cmake)\n'}
[62.351785] (mocap4r2_robot_gt) StdoutLine: {'line': b'-- Found eigen3_cmake_module: 0.3.0 (/opt/ros/jazzy/share/eigen3_cmake_module/cmake)\n'}
[62.357101] (mocap4r2_robot_gt) StdoutLine: {'line': b'-- Found Eigen3: TRUE (found version "3.4.0") \n'}
[62.357508] (mocap4r2_robot_gt) StdoutLine: {'line': b'-- Ensuring Eigen3 include directory is part of orocos-kdl CMake target\n'}
[62.366701] (-) TimerEvent: {}
[62.381572] (mocap4r2_robot_gt) StdoutLine: {'line': b'-- Found ament_lint_auto: 0.17.2 (/opt/ros/jazzy/share/ament_lint_auto/cmake)\n'}
[62.386702] (natnet_ros2) StdoutLine: {'line': b'[ 64%] \x1b[32m\x1b[1mLinking CXX shared library libnatnet_ros2__rosidl_typesupport_introspection_cpp.so\x1b[0m\n'}
[62.466898] (-) TimerEvent: {}
[62.568187] (-) TimerEvent: {}
[62.592504] (natnet_ros2) StdoutLine: {'line': b'[ 64%] Built target natnet_ros2__rosidl_typesupport_introspection_cpp\n'}
[62.641091] (natnet_ros2) StdoutLine: {'line': b'[ 66%] \x1b[32mBuilding CXX object CMakeFiles/natnet_ros2_node.dir/src/natnet_ros2.cpp.o\x1b[0m\n'}
[62.659378] (mocap4r2_robot_gt) StdoutLine: {'line': b"-- Added test 'cppcheck' to perform static code analysis on C / C++ code\n"}
[62.661424] (mocap4r2_robot_gt) StdoutLine: {'line': b'-- Configured cppcheck include dirs: /home/strain-drone/Documents/drone_position_hold/ros2_ws/src/mocap4r2/mocap4r2_robot_gt/mocap4r2_robot_gt/include\n'}
[62.661702] (mocap4r2_robot_gt) StdoutLine: {'line': b'-- Configured cppcheck exclude dirs and/or files: \n'}
[62.665329] (mocap4r2_robot_gt) StdoutLine: {'line': b"-- Added test 'lint_cmake' to check CMake code style\n"}
[62.668298] (-) TimerEvent: {}
[62.669788] (mocap4r2_robot_gt) StdoutLine: {'line': b"-- Added test 'uncrustify' to check C / C++ code style\n"}
[62.670073] (mocap4r2_robot_gt) StdoutLine: {'line': b'-- Configured uncrustify additional arguments: \n'}
[62.671036] (mocap4r2_robot_gt) StdoutLine: {'line': b"-- Added test 'xmllint' to check XML markup files\n"}
[62.679237] (mocap4r2_robot_gt) StdoutLine: {'line': b'-- Configuring done (3.3s)\n'}
[62.750107] (mocap4r2_robot_gt) StdoutLine: {'line': b'-- Generating done (0.0s)\n'}
[62.768457] (-) TimerEvent: {}
[62.772522] (mocap4r2_robot_gt) StdoutLine: {'line': b'-- Build files have been written to: /home/strain-drone/Documents/drone_position_hold/ros2_ws/build/mocap4r2_robot_gt\n'}
[62.808137] (mocap4r2_robot_gt) CommandEnded: {'returncode': 0}
[62.810826] (mocap4r2_robot_gt) JobProgress: {'identifier': 'mocap4r2_robot_gt', 'progress': 'build'}
[62.810986] (mocap4r2_robot_gt) Command: {'cmd': ['/usr/bin/cmake', '--build', '/home/strain-drone/Documents/drone_position_hold/ros2_ws/build/mocap4r2_robot_gt', '--', '-j4', '-l4'], 'cwd': '/home/strain-drone/Documents/drone_position_hold/ros2_ws/build/mocap4r2_robot_gt', 'env': OrderedDict({'LESSOPEN': '| /usr/bin/lesspipe %s', 'USER': 'strain-drone', 'SSH_CLIENT': '100.119.134.77 59684 22', 'XDG_SESSION_TYPE': 'tty', 'SHLVL': '1', 'LD_LIBRARY_PATH': '/home/strain-drone/Documents/drone_position_hold/ros2_ws/install/mocap4r2_robot_gt_msgs/lib:/home/strain-drone/Documents/drone_position_hold/ros2_ws/install/mocap4r2_msgs/lib:/opt/ros/jazzy/opt/rviz_ogre_vendor/lib:/opt/ros/jazzy/lib/aarch64-linux-gnu:/opt/ros/jazzy/opt/gz_math_vendor/lib:/opt/ros/jazzy/opt/gz_utils_vendor/lib:/opt/ros/jazzy/opt/gz_cmake_vendor/lib:/opt/ros/jazzy/lib:/home/strain-drone/Documents/drone_position_hold/ros2_ws/src/natnet_ros2/deps/NatNetSDK/lib', 'HOME': '/home/strain-drone', 'OLDPWD': '/home/strain-drone', 'SSH_TTY': '/dev/pts/0', 'ROS_PYTHON_VERSION': '3', 'PS1': '(venv-ardupilot) \\[\\e]0;\\u@\\h: \\w\\a\\]${debian_chroot:+($debian_chroot)}\\[\\033[01;32m\\]\\u@\\h\\[\\033[00m\\]:\\[\\033[01;34m\\]\\w\\[\\033[00m\\]\\$', 'DBUS_SESSION_BUS_ADDRESS': 'unix:path=/run/user/1002/bus', 'DEBUGINFOD_URLS': 'https://debuginfod.ubuntu.com', 'ROS_DISTRO': 'jazzy', 'LOGNAME': 'strain-drone', '_': '/usr/bin/colcon', 'ROS_VERSION': '2', 'XDG_SESSION_CLASS': 'user', 'TERM': 'xterm-256color', 'XDG_SESSION_ID': '3', 'PATH': '/usr/lib/ccache:/home/strain-drone/Documents/ardupilot/Tools/autotest:/opt/gcc-arm-none-eabi-10-2020-q4-major/bin:/home/strain-drone/venv-ardupilot/bin:/home/strain-drone/.local/bin:/opt/ros/jazzy/bin:/usr/local/sbin:/usr/local/bin:/usr/sbin:/usr/bin:/sbin:/bin:/usr/games:/usr/local/games:/snap/bin:/home/strain-drone/.local/bin:/home/strain-drone/.local/bin', 'XDG_RUNTIME_DIR': '/run/user/1002', 'LANG': 'en_US.UTF-8', 'VIRTUAL_ENV_PROMPT': '(venv-ardupilot)', 'LS_COLORS': 'rs=0:di=01;34:ln=01;36:mh=00:pi=40;33:so=01;35:do=01;35:bd=40;33;01:cd=40;33;01:or=40;31;01:mi=00:su=37;41:sg=30;43:ca=00:tw=30;42:ow=34;42:st=37;44:ex=01;32:*.tar=01;31:*.tgz=01;31:*.arc=01;31:*.arj=01;31:*.taz=01;31:*.lha=01;31:*.lz4=01;31:*.lzh=01;31:*.lzma=01;31:*.tlz=01;31:*.txz=01;31:*.tzo=01;31:*.t7z=01;31:*.zip=01;31:*.z=01;31:*.dz=01;31:*.gz=01;31:*.lrz=01;31:*.lz=01;31:*.lzo=01;31:*.xz=01;31:*.zst=01;31:*.tzst=01;31:*.bz2=01;31:*.bz=01;31:*.tbz=01;31:*.tbz2=01;31:*.tz=01;31:*.deb=01;31:*.rpm=01;31:*.jar=01;31:*.war=01;31:*.ear=01;31:*.sar=01;31:*.rar=01;31:*.alz=01;31:*.ace=01;31:*.zoo=01;31:*.cpio=01;31:*.7z=01;31:*.rz=01;31:*.cab=01;31:*.wim=01;31:*.swm=01;31:*.dwm=01;31:*.esd=01;31:*.avif=01;35:*.jpg=01;35:*.jpeg=01;35:*.mjpg=01;35:*.mjpeg=01;35:*.gif=01;35:*.bmp=01;35:*.pbm=01;35:*.pgm=01;35:*.ppm=01;35:*.tga=01;35:*.xbm=01;35:*.xpm=01;35:*.tif=01;35:*.tiff=01;35:*.png=01;35:*.svg=01;35:*.svgz=01;35:*.mng=01;35:*.pcx=01;35:*.mov=01;35:*.mpg=01;35:*.mpeg=01;35:*.m2v=01;35:*.mkv=01;35:*.webm=01;35:*.webp=01;35:*.ogm=01;35:*.mp4=01;35:*.m4v=01;35:*.mp4v=01;35:*.vob=01;35:*.qt=01;35:*.nuv=01;35:*.wmv=01;35:*.asf=01;35:*.rm=01;35:*.rmvb=01;35:*.flc=01;35:*.avi=01;35:*.fli=01;35:*.flv=01;35:*.gl=01;35:*.dl=01;35:*.xcf=01;35:*.xwd=01;35:*.yuv=01;35:*.cgm=01;35:*.emf=01;35:*.ogv=01;35:*.ogx=01;35:*.aac=00;36:*.au=00;36:*.flac=00;36:*.m4a=00;36:*.mid=00;36:*.midi=00;36:*.mka=00;36:*.mp3=00;36:*.mpc=00;36:*.ogg=00;36:*.ra=00;36:*.wav=00;36:*.oga=00;36:*.opus=00;36:*.spx=00;36:*.xspf=00;36:*~=00;90:*#=00;90:*.bak=00;90:*.crdownload=00;90:*.dpkg-dist=00;90:*.dpkg-new=00;90:*.dpkg-old=00;90:*.dpkg-tmp=00;90:*.old=00;90:*.orig=00;90:*.part=00;90:*.rej=00;90:*.rpmnew=00;90:*.rpmorig=00;90:*.rpmsave=00;90:*.swp=00;90:*.tmp=00;90:*.ucf-dist=00;90:*.ucf-new=00;90:*.ucf-old=00;90:', 'ROS_DOMAIN_ID': '1', 'AMENT_PREFIX_PATH': '/home/strain-drone/Documents/drone_position_hold/ros2_ws/install/mocap4r2_robot_gt_msgs:/home/strain-drone/Documents/drone_position_hold/ros2_ws/install/mocap4r2_msgs:/opt/ros/jazzy', 'SHELL': '/bin/bash', 'LESSCLOSE': '/usr/bin/lesspipe %s %s', 'VIRTUAL_ENV': '/home/strain-drone/venv-ardupilot', 'ROS_AUTOMATIC_DISCOVERY_RANGE': 'SUBNET', 'PWD': '/home/strain-drone/Documents/drone_position_hold/ros2_ws/build/mocap4r2_robot_gt', 'LC_ALL': 'en_US.UTF-8', 'SSH_CONNECTION': '100.119.134.77 59684 100.96.124.69 22', 'XDG_DATA_DIRS': '/usr/share/gnome:/usr/local/share:/usr/share:/var/lib/snapd/desktop', 'PYTHONPATH': '/home/strain-drone/Documents/drone_position_hold/ros2_ws/install/mocap4r2_robot_gt_msgs/lib/python3.12/site-packages:/home/strain-drone/Documents/drone_position_hold/ros2_ws/install/mocap4r2_msgs/lib/python3.12/site-packages:/opt/ros/jazzy/lib/python3.12/site-packages', 'COLCON': '1', 'CMAKE_PREFIX_PATH': '/home/strain-drone/Documents/drone_position_hold/ros2_ws/install/mocap4r2_robot_gt_msgs:/home/strain-drone/Documents/drone_position_hold/ros2_ws/install/mocap4r2_msgs:/opt/ros/jazzy/opt/gz_math_vendor:/opt/ros/jazzy/opt/gz_utils_vendor:/opt/ros/jazzy/opt/gz_cmake_vendor:/opt/ros/jazzy'}), 'shell': False}
[62.868593] (-) TimerEvent: {}
[62.927529] (mocap4r2_robot_gt) StdoutLine: {'line': b'[ 12%] \x1b[32mBuilding CXX object CMakeFiles/gt_component.dir/src/mocap4r2_robot_gt/gt_component.cpp.o\x1b[0m\n'}
[62.970023] (-) TimerEvent: {}
[63.070744] (-) TimerEvent: {}
[63.173588] (-) TimerEvent: {}
[63.277266] (-) TimerEvent: {}
[63.384094] (-) TimerEvent: {}
[63.485256] (-) TimerEvent: {}
[63.589251] (-) TimerEvent: {}
[63.620775] (mocap4r2_control) StdoutLine: {'line': b'[ 14%] \x1b[32mBuilding CXX object CMakeFiles/mocap4r2_control.dir/src/mocap4r2_control/ControllerNode.cpp.o\x1b[0m\n'}
[63.689419] (-) TimerEvent: {}
[63.790068] (-) TimerEvent: {}
[63.891554] (-) TimerEvent: {}
[63.993014] (-) TimerEvent: {}
[64.093467] (-) TimerEvent: {}
[64.195855] (-) TimerEvent: {}
[64.296356] (-) TimerEvent: {}
[64.396892] (-) TimerEvent: {}
[64.497399] (-) TimerEvent: {}
[64.600312] (-) TimerEvent: {}
[64.702036] (-) TimerEvent: {}
[64.804056] (-) TimerEvent: {}
[64.904598] (-) TimerEvent: {}
[65.008043] (-) TimerEvent: {}
[65.108584] (-) TimerEvent: {}
[65.209126] (-) TimerEvent: {}
[65.309666] (-) TimerEvent: {}
[65.410249] (-) TimerEvent: {}
[65.510773] (-) TimerEvent: {}
[65.614035] (-) TimerEvent: {}
[65.714564] (-) TimerEvent: {}
[65.815043] (-) TimerEvent: {}
[65.915548] (-) TimerEvent: {}
[66.016094] (-) TimerEvent: {}
[66.116594] (-) TimerEvent: {}
[66.218053] (-) TimerEvent: {}
[66.318565] (-) TimerEvent: {}
[66.421050] (-) TimerEvent: {}
[66.521603] (-) TimerEvent: {}
[66.622157] (-) TimerEvent: {}
[66.722695] (-) TimerEvent: {}
[66.826039] (-) TimerEvent: {}
[66.926570] (-) TimerEvent: {}
[67.027128] (-) TimerEvent: {}
[67.128107] (-) TimerEvent: {}
[67.230285] (-) TimerEvent: {}
[67.334336] (-) TimerEvent: {}
[67.435419] (-) TimerEvent: {}
[67.536845] (-) TimerEvent: {}
[67.638074] (-) TimerEvent: {}
[67.739242] (-) TimerEvent: {}
[67.842305] (-) TimerEvent: {}
[67.942968] (-) TimerEvent: {}
[68.043532] (-) TimerEvent: {}
[68.144127] (-) TimerEvent: {}
[68.247291] (-) TimerEvent: {}
[68.347894] (-) TimerEvent: {}
[68.448485] (-) TimerEvent: {}
[68.549032] (-) TimerEvent: {}
[68.649586] (-) TimerEvent: {}
[68.751253] (-) TimerEvent: {}
[68.851838] (-) TimerEvent: {}
[68.953244] (-) TimerEvent: {}
[69.053838] (-) TimerEvent: {}
[69.156046] (-) TimerEvent: {}
[69.256595] (-) TimerEvent: {}
[69.357123] (-) TimerEvent: {}
[69.459043] (-) TimerEvent: {}
[69.559577] (-) TimerEvent: {}
[69.660171] (-) TimerEvent: {}
[69.763336] (-) TimerEvent: {}
[69.863990] (-) TimerEvent: {}
[69.964552] (-) TimerEvent: {}
[70.065158] (-) TimerEvent: {}
[70.167050] (-) TimerEvent: {}
[70.267626] (-) TimerEvent: {}
[70.368203] (-) TimerEvent: {}
[70.470313] (-) TimerEvent: {}
[70.570843] (-) TimerEvent: {}
[70.671347] (-) TimerEvent: {}
[70.774283] (-) TimerEvent: {}
[70.874820] (-) TimerEvent: {}
[70.976144] (-) TimerEvent: {}
[71.078355] (-) TimerEvent: {}
[71.180035] (-) TimerEvent: {}
[71.280543] (-) TimerEvent: {}
[71.381034] (-) TimerEvent: {}
[71.483047] (-) TimerEvent: {}
[71.583523] (-) TimerEvent: {}
[71.684030] (-) TimerEvent: {}
[71.787025] (-) TimerEvent: {}
[71.887557] (-) TimerEvent: {}
[71.988096] (-) TimerEvent: {}
[72.088617] (-) TimerEvent: {}
[72.189163] (-) TimerEvent: {}
[72.292039] (-) TimerEvent: {}
[72.392575] (-) TimerEvent: {}
[72.493127] (-) TimerEvent: {}
[72.593614] (-) TimerEvent: {}
[72.694140] (-) TimerEvent: {}
[72.795012] (-) TimerEvent: {}
[72.898311] (-) TimerEvent: {}
[72.999766] (-) TimerEvent: {}
[73.102327] (-) TimerEvent: {}
[73.202937] (-) TimerEvent: {}
[73.303523] (-) TimerEvent: {}
[73.405033] (-) TimerEvent: {}
[73.505542] (-) TimerEvent: {}
[73.609052] (-) TimerEvent: {}
[73.709629] (-) TimerEvent: {}
[73.810197] (-) TimerEvent: {}
[73.910734] (-) TimerEvent: {}
[74.011250] (-) TimerEvent: {}
[74.111731] (-) TimerEvent: {}
[74.214083] (-) TimerEvent: {}
[74.314680] (-) TimerEvent: {}
[74.415264] (-) TimerEvent: {}
[74.517100] (-) TimerEvent: {}
[74.617680] (-) TimerEvent: {}
[74.718333] (-) TimerEvent: {}
[74.820033] (-) TimerEvent: {}
[74.922029] (-) TimerEvent: {}
[75.022564] (-) TimerEvent: {}
[75.123047] (-) TimerEvent: {}
[75.224061] (-) TimerEvent: {}
[75.326027] (-) TimerEvent: {}
[75.426551] (-) TimerEvent: {}
[75.527478] (-) TimerEvent: {}
[75.628474] (-) TimerEvent: {}
[75.729252] (-) TimerEvent: {}
[75.829768] (-) TimerEvent: {}
[75.930246] (-) TimerEvent: {}
[76.033046] (-) TimerEvent: {}
[76.133585] (-) TimerEvent: {}
[76.234142] (-) TimerEvent: {}
[76.334714] (-) TimerEvent: {}
[76.437041] (-) TimerEvent: {}
[76.537548] (-) TimerEvent: {}
[76.638047] (-) TimerEvent: {}
[76.740033] (-) TimerEvent: {}
[76.840536] (-) TimerEvent: {}
[76.941021] (-) TimerEvent: {}
[77.043034] (-) TimerEvent: {}
[77.143542] (-) TimerEvent: {}
[77.244046] (-) TimerEvent: {}
[77.346022] (-) TimerEvent: {}
[77.446523] (-) TimerEvent: {}
[77.547073] (-) TimerEvent: {}
[77.649043] (-) TimerEvent: {}
[77.749647] (-) TimerEvent: {}
[77.852296] (-) TimerEvent: {}
[77.953623] (-) TimerEvent: {}
[78.056311] (-) TimerEvent: {}
[78.101548] (mocap4r2_marker_viz) StdoutLine: {'line': b'[ 50%] \x1b[32m\x1b[1mLinking CXX static library libmocap4r2_marker_viz_NODE.a\x1b[0m\n'}
[78.156486] (-) TimerEvent: {}
[78.257982] (-) TimerEvent: {}
[78.359171] (-) TimerEvent: {}
[78.462185] (-) TimerEvent: {}
[78.562656] (-) TimerEvent: {}
[78.663133] (-) TimerEvent: {}
[78.764096] (-) TimerEvent: {}
[78.866319] (-) TimerEvent: {}
[78.966898] (-) TimerEvent: {}
[79.067423] (-) TimerEvent: {}
[79.167964] (-) TimerEvent: {}
[79.269970] (-) TimerEvent: {}
[79.358225] (mocap4r2_marker_viz) StdoutLine: {'line': b'[ 50%] Built target mocap4r2_marker_viz_NODE\n'}
[79.370596] (-) TimerEvent: {}
[79.417084] (mocap4r2_marker_viz) StdoutLine: {'line': b'[ 75%] \x1b[32mBuilding CXX object CMakeFiles/mocap4r2_marker_viz.dir/src/mocap4r2_marker_viz_main.cpp.o\x1b[0m\n'}
[79.470735] (-) TimerEvent: {}
[79.571836] (-) TimerEvent: {}
[79.673035] (-) TimerEvent: {}
[79.774751] (-) TimerEvent: {}
[79.876602] (-) TimerEvent: {}
[79.979241] (-) TimerEvent: {}
[80.083023] (-) TimerEvent: {}
[80.183566] (-) TimerEvent: {}
[80.284188] (-) TimerEvent: {}
[80.385621] (-) TimerEvent: {}
[80.486826] (-) TimerEvent: {}
[80.591295] (-) TimerEvent: {}
[80.691712] (-) TimerEvent: {}
[80.792296] (-) TimerEvent: {}
[80.892792] (-) TimerEvent: {}
[80.995301] (-) TimerEvent: {}
[81.098049] (-) TimerEvent: {}
[81.198624] (-) TimerEvent: {}
[81.299838] (-) TimerEvent: {}
[81.401395] (-) TimerEvent: {}
[81.503341] (-) TimerEvent: {}
[81.606963] (-) TimerEvent: {}
[81.708427] (-) TimerEvent: {}
[81.732134] (natnet_ros2) StderrLine: {'line': b'\x1b[01m\x1b[K/home/strain-drone/Documents/drone_position_hold/ros2_ws/src/natnet_ros2/src/natnet_ros2.cpp:\x1b[m\x1b[K In member function \xe2\x80\x98\x1b[01m\x1b[Kvoid NatNetNode::\x1b[01;32m\x1b[Kget_node_params\x1b[m\x1b[K()\x1b[m\x1b[K\xe2\x80\x99:\n'}
[81.732874] (natnet_ros2) StderrLine: {'line': b'\x1b[01m\x1b[K/home/strain-drone/Documents/drone_position_hold/ros2_ws/src/natnet_ros2/src/natnet_ros2.cpp:71:52:\x1b[m\x1b[K \x1b[01;35m\x1b[Kwarning: \x1b[m\x1b[Kconverting to \xe2\x80\x98\x1b[01m\x1b[Kconst rcl_interfaces::msg::ParameterDescriptor\x1b[m\x1b[K\xe2\x80\x99 {aka \xe2\x80\x98\x1b[01m\x1b[Kconst rcl_interfaces::msg::ParameterDescriptor_<std::allocator<void> >\x1b[m\x1b[K\xe2\x80\x99} from initializer list would use explicit constructor \xe2\x80\x98\x1b[01m\x1b[Krcl_interfaces::msg::ParameterDescriptor_<ContainerAllocator>::\x1b[01;32m\x1b[KParameterDescriptor_\x1b[m\x1b[K(rosidl_runtime_cpp::MessageInitialization) \x1b[35m\x1b[K[with ContainerAllocator = std::allocator<void>]\x1b[m\x1b[K\x1b[m\x1b[K\xe2\x80\x99\n'}
[81.733361] (natnet_ros2) StderrLine: {'line': b'   71 |         \x1b[01;35m\x1b[Kdeclare_parameter<std::vector<std::string>>("object_names", {})\x1b[m\x1b[K;\n'}
[81.733766] (natnet_ros2) StderrLine: {'line': b'      |         \x1b[01;35m\x1b[K~~~~~~~~~~~~~~~~~~~~~~~~~~~~~~~~~~~~~~~~~~~^~~~~~~~~~~~~~~~~~~~\x1b[m\x1b[K\n'}
[81.737068] (natnet_ros2) StderrLine: {'line': b'\x1b[01m\x1b[K/home/strain-drone/Documents/drone_position_hold/ros2_ws/src/natnet_ros2/src/natnet_ros2.cpp:71:52:\x1b[m\x1b[K \x1b[01;36m\x1b[Knote: \x1b[m\x1b[Kin C++11 and above a default constructor can be explicit\n'}
[81.773722] (natnet_ros2) StdoutLine: {'line': b'[ 69%] \x1b[32mBuilding CXX object CMakeFiles/natnet_ros2_node.dir/src/nn_filter.cpp.o\x1b[0m\n'}
[81.808562] (-) TimerEvent: {}
[81.909194] (-) TimerEvent: {}
[81.990122] (mocap4r2_control) StdoutLine: {'line': b'[ 21%] \x1b[32mBuilding CXX object CMakeFiles/mocap4r2_control.dir/src/mocap4r2_control/AuxiliarNode.cpp.o\x1b[0m\n'}
[82.011062] (-) TimerEvent: {}
[82.111681] (-) TimerEvent: {}
[82.212799] (-) TimerEvent: {}
[82.314343] (-) TimerEvent: {}
[82.417269] (-) TimerEvent: {}
[82.517768] (-) TimerEvent: {}
[82.618824] (-) TimerEvent: {}
[82.723027] (-) TimerEvent: {}
[82.823623] (-) TimerEvent: {}
[82.924498] (-) TimerEvent: {}
[83.028288] (-) TimerEvent: {}
[83.058890] (natnet_ros2) StdoutLine: {'line': b'[ 71%] \x1b[32m\x1b[1mLinking CXX executable natnet_ros2_node\x1b[0m\n'}
[83.128435] (-) TimerEvent: {}
[83.230295] (-) TimerEvent: {}
[83.333020] (-) TimerEvent: {}
[83.433497] (-) TimerEvent: {}
[83.535369] (-) TimerEvent: {}
[83.638606] (-) TimerEvent: {}
[83.741443] (-) TimerEvent: {}
[83.846043] (-) TimerEvent: {}
[83.946731] (-) TimerEvent: {}
[84.047680] (-) TimerEvent: {}
[84.150035] (-) TimerEvent: {}
[84.252276] (-) TimerEvent: {}
[84.355133] (-) TimerEvent: {}
[84.455696] (-) TimerEvent: {}
[84.556293] (-) TimerEvent: {}
[84.658123] (-) TimerEvent: {}
[84.758662] (-) TimerEvent: {}
[84.820114] (natnet_ros2) StdoutLine: {'line': b'[ 71%] Built target natnet_ros2_node\n'}
[84.858839] (-) TimerEvent: {}
[84.869389] (natnet_ros2) StdoutLine: {'line': b'[ 71%] Built target natnet_ros2\n'}
[84.944131] (natnet_ros2) StdoutLine: {'line': b'[ 71%] Built target ament_cmake_python_copy_natnet_ros2\n'}
[84.959055] (-) TimerEvent: {}
[84.998845] (natnet_ros2) StdoutLine: {'line': b'[ 74%] \x1b[32mBuilding CXX object CMakeFiles/marker_poses_server.dir/src/marker_poses_server.cpp.o\x1b[0m\n'}
[85.062019] (-) TimerEvent: {}
[85.162500] (-) TimerEvent: {}
[85.263801] (-) TimerEvent: {}
[85.365013] (-) TimerEvent: {}
[85.466292] (-) TimerEvent: {}
[85.567412] (-) TimerEvent: {}
[85.668639] (-) TimerEvent: {}
[85.769934] (-) TimerEvent: {}
[85.871046] (-) TimerEvent: {}
[85.974019] (-) TimerEvent: {}
[86.074544] (-) TimerEvent: {}
[86.178040] (-) TimerEvent: {}
[86.278609] (-) TimerEvent: {}
[86.379171] (-) TimerEvent: {}
[86.480419] (-) TimerEvent: {}
[86.592363] (-) TimerEvent: {}
[86.695336] (-) TimerEvent: {}
[86.796082] (-) TimerEvent: {}
[86.900341] (-) TimerEvent: {}
[87.001030] (-) TimerEvent: {}
[87.101610] (-) TimerEvent: {}
[87.202191] (-) TimerEvent: {}
[87.302680] (-) TimerEvent: {}
[87.326173] (mocap4r2_robot_gt) StdoutLine: {'line': b'[ 25%] \x1b[32m\x1b[1mLinking CXX shared library libgt_component.so\x1b[0m\n'}
[87.402837] (-) TimerEvent: {}
[87.503446] (-) TimerEvent: {}
[87.606136] (-) TimerEvent: {}
[87.707256] (-) TimerEvent: {}
[87.811234] (-) TimerEvent: {}
[87.915110] (-) TimerEvent: {}
[88.018102] (-) TimerEvent: {}
[88.118850] (-) TimerEvent: {}
[88.219705] (-) TimerEvent: {}
[88.322162] (-) TimerEvent: {}
[88.423046] (-) TimerEvent: {}
[88.526458] (-) TimerEvent: {}
[88.627534] (-) TimerEvent: {}
[88.730281] (-) TimerEvent: {}
[88.833017] (-) TimerEvent: {}
[88.934010] (-) TimerEvent: {}
[88.969143] (mocap4r2_robot_gt) StdoutLine: {'line': b'[ 25%] Built target gt_component\n'}
[89.022188] (mocap4r2_robot_gt) StdoutLine: {'line': b'[ 37%] \x1b[32mBuilding CXX object CMakeFiles/set_gt_component.dir/src/mocap4r2_robot_gt/set_gt_component.cpp.o\x1b[0m\n'}
[89.034155] (-) TimerEvent: {}
[89.135082] (mocap4r2_marker_viz) StdoutLine: {'line': b'[100%] \x1b[32m\x1b[1mLinking CXX executable mocap4r2_marker_viz\x1b[0m\n'}
[89.135442] (-) TimerEvent: {}
[89.235846] (-) TimerEvent: {}
[89.336391] (-) TimerEvent: {}
[89.439055] (-) TimerEvent: {}
[89.539611] (-) TimerEvent: {}
[89.640683] (-) TimerEvent: {}
[89.745039] (-) TimerEvent: {}
[89.845579] (-) TimerEvent: {}
[89.946149] (-) TimerEvent: {}
[90.047412] (-) TimerEvent: {}
[90.151256] (-) TimerEvent: {}
[90.252615] (-) TimerEvent: {}
[90.354020] (-) TimerEvent: {}
[90.455362] (-) TimerEvent: {}
[90.558243] (-) TimerEvent: {}
[90.659519] (-) TimerEvent: {}
[90.760794] (-) TimerEvent: {}
[90.819761] (mocap4r2_marker_viz) StdoutLine: {'line': b'[100%] Built target mocap4r2_marker_viz\n'}
[90.850313] (mocap4r2_marker_viz) CommandEnded: {'returncode': 0}
[90.851045] (mocap4r2_marker_viz) JobProgress: {'identifier': 'mocap4r2_marker_viz', 'progress': 'install'}
[90.851110] (mocap4r2_marker_viz) Command: {'cmd': ['/usr/bin/cmake', '--install', '/home/strain-drone/Documents/drone_position_hold/ros2_ws/build/mocap4r2_marker_viz'], 'cwd': '/home/strain-drone/Documents/drone_position_hold/ros2_ws/build/mocap4r2_marker_viz', 'env': OrderedDict({'LESSOPEN': '| /usr/bin/lesspipe %s', 'USER': 'strain-drone', 'SSH_CLIENT': '100.119.134.77 59684 22', 'XDG_SESSION_TYPE': 'tty', 'SHLVL': '1', 'LD_LIBRARY_PATH': '/home/strain-drone/Documents/drone_position_hold/ros2_ws/install/mocap4r2_msgs/lib:/home/strain-drone/Documents/drone_position_hold/ros2_ws/install/mocap4r2_marker_viz_srvs/lib:/opt/ros/jazzy/opt/rviz_ogre_vendor/lib:/opt/ros/jazzy/lib/aarch64-linux-gnu:/opt/ros/jazzy/opt/gz_math_vendor/lib:/opt/ros/jazzy/opt/gz_utils_vendor/lib:/opt/ros/jazzy/opt/gz_cmake_vendor/lib:/opt/ros/jazzy/lib:/home/strain-drone/Documents/drone_position_hold/ros2_ws/src/natnet_ros2/deps/NatNetSDK/lib', 'HOME': '/home/strain-drone', 'OLDPWD': '/home/strain-drone', 'SSH_TTY': '/dev/pts/0', 'ROS_PYTHON_VERSION': '3', 'PS1': '(venv-ardupilot) \\[\\e]0;\\u@\\h: \\w\\a\\]${debian_chroot:+($debian_chroot)}\\[\\033[01;32m\\]\\u@\\h\\[\\033[00m\\]:\\[\\033[01;34m\\]\\w\\[\\033[00m\\]\\$', 'DBUS_SESSION_BUS_ADDRESS': 'unix:path=/run/user/1002/bus', 'DEBUGINFOD_URLS': 'https://debuginfod.ubuntu.com', 'ROS_DISTRO': 'jazzy', 'LOGNAME': 'strain-drone', '_': '/usr/bin/colcon', 'ROS_VERSION': '2', 'XDG_SESSION_CLASS': 'user', 'TERM': 'xterm-256color', 'XDG_SESSION_ID': '3', 'PATH': '/usr/lib/ccache:/home/strain-drone/Documents/ardupilot/Tools/autotest:/opt/gcc-arm-none-eabi-10-2020-q4-major/bin:/home/strain-drone/venv-ardupilot/bin:/home/strain-drone/.local/bin:/opt/ros/jazzy/bin:/usr/local/sbin:/usr/local/bin:/usr/sbin:/usr/bin:/sbin:/bin:/usr/games:/usr/local/games:/snap/bin:/home/strain-drone/.local/bin:/home/strain-drone/.local/bin', 'XDG_RUNTIME_DIR': '/run/user/1002', 'LANG': 'en_US.UTF-8', 'VIRTUAL_ENV_PROMPT': '(venv-ardupilot)', 'LS_COLORS': 'rs=0:di=01;34:ln=01;36:mh=00:pi=40;33:so=01;35:do=01;35:bd=40;33;01:cd=40;33;01:or=40;31;01:mi=00:su=37;41:sg=30;43:ca=00:tw=30;42:ow=34;42:st=37;44:ex=01;32:*.tar=01;31:*.tgz=01;31:*.arc=01;31:*.arj=01;31:*.taz=01;31:*.lha=01;31:*.lz4=01;31:*.lzh=01;31:*.lzma=01;31:*.tlz=01;31:*.txz=01;31:*.tzo=01;31:*.t7z=01;31:*.zip=01;31:*.z=01;31:*.dz=01;31:*.gz=01;31:*.lrz=01;31:*.lz=01;31:*.lzo=01;31:*.xz=01;31:*.zst=01;31:*.tzst=01;31:*.bz2=01;31:*.bz=01;31:*.tbz=01;31:*.tbz2=01;31:*.tz=01;31:*.deb=01;31:*.rpm=01;31:*.jar=01;31:*.war=01;31:*.ear=01;31:*.sar=01;31:*.rar=01;31:*.alz=01;31:*.ace=01;31:*.zoo=01;31:*.cpio=01;31:*.7z=01;31:*.rz=01;31:*.cab=01;31:*.wim=01;31:*.swm=01;31:*.dwm=01;31:*.esd=01;31:*.avif=01;35:*.jpg=01;35:*.jpeg=01;35:*.mjpg=01;35:*.mjpeg=01;35:*.gif=01;35:*.bmp=01;35:*.pbm=01;35:*.pgm=01;35:*.ppm=01;35:*.tga=01;35:*.xbm=01;35:*.xpm=01;35:*.tif=01;35:*.tiff=01;35:*.png=01;35:*.svg=01;35:*.svgz=01;35:*.mng=01;35:*.pcx=01;35:*.mov=01;35:*.mpg=01;35:*.mpeg=01;35:*.m2v=01;35:*.mkv=01;35:*.webm=01;35:*.webp=01;35:*.ogm=01;35:*.mp4=01;35:*.m4v=01;35:*.mp4v=01;35:*.vob=01;35:*.qt=01;35:*.nuv=01;35:*.wmv=01;35:*.asf=01;35:*.rm=01;35:*.rmvb=01;35:*.flc=01;35:*.avi=01;35:*.fli=01;35:*.flv=01;35:*.gl=01;35:*.dl=01;35:*.xcf=01;35:*.xwd=01;35:*.yuv=01;35:*.cgm=01;35:*.emf=01;35:*.ogv=01;35:*.ogx=01;35:*.aac=00;36:*.au=00;36:*.flac=00;36:*.m4a=00;36:*.mid=00;36:*.midi=00;36:*.mka=00;36:*.mp3=00;36:*.mpc=00;36:*.ogg=00;36:*.ra=00;36:*.wav=00;36:*.oga=00;36:*.opus=00;36:*.spx=00;36:*.xspf=00;36:*~=00;90:*#=00;90:*.bak=00;90:*.crdownload=00;90:*.dpkg-dist=00;90:*.dpkg-new=00;90:*.dpkg-old=00;90:*.dpkg-tmp=00;90:*.old=00;90:*.orig=00;90:*.part=00;90:*.rej=00;90:*.rpmnew=00;90:*.rpmorig=00;90:*.rpmsave=00;90:*.swp=00;90:*.tmp=00;90:*.ucf-dist=00;90:*.ucf-new=00;90:*.ucf-old=00;90:', 'ROS_DOMAIN_ID': '1', 'AMENT_PREFIX_PATH': '/home/strain-drone/Documents/drone_position_hold/ros2_ws/install/mocap4r2_msgs:/home/strain-drone/Documents/drone_position_hold/ros2_ws/install/mocap4r2_marker_viz_srvs:/opt/ros/jazzy', 'SHELL': '/bin/bash', 'LESSCLOSE': '/usr/bin/lesspipe %s %s', 'VIRTUAL_ENV': '/home/strain-drone/venv-ardupilot', 'ROS_AUTOMATIC_DISCOVERY_RANGE': 'SUBNET', 'PWD': '/home/strain-drone/Documents/drone_position_hold/ros2_ws/build/mocap4r2_marker_viz', 'LC_ALL': 'en_US.UTF-8', 'SSH_CONNECTION': '100.119.134.77 59684 100.96.124.69 22', 'XDG_DATA_DIRS': '/usr/share/gnome:/usr/local/share:/usr/share:/var/lib/snapd/desktop', 'PYTHONPATH': '/home/strain-drone/Documents/drone_position_hold/ros2_ws/install/mocap4r2_msgs/lib/python3.12/site-packages:/home/strain-drone/Documents/drone_position_hold/ros2_ws/install/mocap4r2_marker_viz_srvs/lib/python3.12/site-packages:/opt/ros/jazzy/lib/python3.12/site-packages', 'COLCON': '1', 'CMAKE_PREFIX_PATH': '/home/strain-drone/Documents/drone_position_hold/ros2_ws/install/mocap4r2_msgs:/home/strain-drone/Documents/drone_position_hold/ros2_ws/install/mocap4r2_marker_viz_srvs:/opt/ros/jazzy/opt/gz_math_vendor:/opt/ros/jazzy/opt/gz_utils_vendor:/opt/ros/jazzy/opt/gz_cmake_vendor:/opt/ros/jazzy'}), 'shell': False}
[90.862286] (-) TimerEvent: {}
[90.874831] (mocap4r2_marker_viz) StdoutLine: {'line': b'-- Install configuration: ""\n'}
[90.875960] (mocap4r2_marker_viz) StdoutLine: {'line': b'-- Installing: /home/strain-drone/Documents/drone_position_hold/ros2_ws/install/mocap4r2_marker_viz/lib/libmocap4r2_marker_viz_NODE.a\n'}
[90.907037] (mocap4r2_marker_viz) StdoutLine: {'line': b'-- Installing: /home/strain-drone/Documents/drone_position_hold/ros2_ws/install/mocap4r2_marker_viz/lib/mocap4r2_marker_viz/mocap4r2_marker_viz\n'}
[90.920669] (mocap4r2_marker_viz) StdoutLine: {'line': b'-- Set non-toolchain portion of runtime path of "/home/strain-drone/Documents/drone_position_hold/ros2_ws/install/mocap4r2_marker_viz/lib/mocap4r2_marker_viz/mocap4r2_marker_viz" to ""\n'}
[90.921409] (mocap4r2_marker_viz) StdoutLine: {'line': b'-- Installing: /home/strain-drone/Documents/drone_position_hold/ros2_ws/install/mocap4r2_marker_viz/share/mocap4r2_marker_viz/launch\n'}
[90.922363] (mocap4r2_marker_viz) StdoutLine: {'line': b'-- Installing: /home/strain-drone/Documents/drone_position_hold/ros2_ws/install/mocap4r2_marker_viz/share/mocap4r2_marker_viz/launch/mocap4r2_marker_viz.launch.py\n'}
[90.924105] (mocap4r2_marker_viz) StdoutLine: {'line': b'-- Installing: /home/strain-drone/Documents/drone_position_hold/ros2_ws/install/mocap4r2_marker_viz/share/mocap4r2_marker_viz/rviz\n'}
[90.924848] (mocap4r2_marker_viz) StdoutLine: {'line': b'-- Installing: /home/strain-drone/Documents/drone_position_hold/ros2_ws/install/mocap4r2_marker_viz/share/mocap4r2_marker_viz/rviz/config.rviz\n'}
[90.926988] (mocap4r2_marker_viz) StdoutLine: {'line': b'-- Installing: /home/strain-drone/Documents/drone_position_hold/ros2_ws/install/mocap4r2_marker_viz/share/ament_index/resource_index/package_run_dependencies/mocap4r2_marker_viz\n'}
[90.928210] (mocap4r2_marker_viz) StdoutLine: {'line': b'-- Installing: /home/strain-drone/Documents/drone_position_hold/ros2_ws/install/mocap4r2_marker_viz/share/ament_index/resource_index/parent_prefix_path/mocap4r2_marker_viz\n'}
[90.928712] (mocap4r2_marker_viz) StdoutLine: {'line': b'-- Installing: /home/strain-drone/Documents/drone_position_hold/ros2_ws/install/mocap4r2_marker_viz/share/mocap4r2_marker_viz/environment/ament_prefix_path.sh\n'}
[90.929692] (mocap4r2_marker_viz) StdoutLine: {'line': b'-- Installing: /home/strain-drone/Documents/drone_position_hold/ros2_ws/install/mocap4r2_marker_viz/share/mocap4r2_marker_viz/environment/ament_prefix_path.dsv\n'}
[90.931150] (mocap4r2_marker_viz) StdoutLine: {'line': b'-- Installing: /home/strain-drone/Documents/drone_position_hold/ros2_ws/install/mocap4r2_marker_viz/share/mocap4r2_marker_viz/environment/path.sh\n'}
[90.931515] (mocap4r2_marker_viz) StdoutLine: {'line': b'-- Installing: /home/strain-drone/Documents/drone_position_hold/ros2_ws/install/mocap4r2_marker_viz/share/mocap4r2_marker_viz/environment/path.dsv\n'}
[90.933227] (mocap4r2_marker_viz) StdoutLine: {'line': b'-- Installing: /home/strain-drone/Documents/drone_position_hold/ros2_ws/install/mocap4r2_marker_viz/share/mocap4r2_marker_viz/local_setup.bash\n'}
[90.933710] (mocap4r2_marker_viz) StdoutLine: {'line': b'-- Installing: /home/strain-drone/Documents/drone_position_hold/ros2_ws/install/mocap4r2_marker_viz/share/mocap4r2_marker_viz/local_setup.sh\n'}
[90.934641] (mocap4r2_marker_viz) StdoutLine: {'line': b'-- Installing: /home/strain-drone/Documents/drone_position_hold/ros2_ws/install/mocap4r2_marker_viz/share/mocap4r2_marker_viz/local_setup.zsh\n'}
[90.935522] (mocap4r2_marker_viz) StdoutLine: {'line': b'-- Installing: /home/strain-drone/Documents/drone_position_hold/ros2_ws/install/mocap4r2_marker_viz/share/mocap4r2_marker_viz/local_setup.dsv\n'}
[90.936442] (mocap4r2_marker_viz) StdoutLine: {'line': b'-- Installing: /home/strain-drone/Documents/drone_position_hold/ros2_ws/install/mocap4r2_marker_viz/share/mocap4r2_marker_viz/package.dsv\n'}
[90.937537] (mocap4r2_marker_viz) StdoutLine: {'line': b'-- Installing: /home/strain-drone/Documents/drone_position_hold/ros2_ws/install/mocap4r2_marker_viz/share/ament_index/resource_index/packages/mocap4r2_marker_viz\n'}
[90.938562] (mocap4r2_marker_viz) StdoutLine: {'line': b'-- Installing: /home/strain-drone/Documents/drone_position_hold/ros2_ws/install/mocap4r2_marker_viz/share/mocap4r2_marker_viz/cmake/mocap4r2_marker_vizConfig.cmake\n'}
[90.939367] (mocap4r2_marker_viz) StdoutLine: {'line': b'-- Installing: /home/strain-drone/Documents/drone_position_hold/ros2_ws/install/mocap4r2_marker_viz/share/mocap4r2_marker_viz/cmake/mocap4r2_marker_vizConfig-version.cmake\n'}
[90.940242] (mocap4r2_marker_viz) StdoutLine: {'line': b'-- Installing: /home/strain-drone/Documents/drone_position_hold/ros2_ws/install/mocap4r2_marker_viz/share/mocap4r2_marker_viz/package.xml\n'}
[90.947512] (mocap4r2_marker_viz) CommandEnded: {'returncode': 0}
[90.962455] (-) TimerEvent: {}
[90.979699] (mocap4r2_marker_viz) JobEnded: {'identifier': 'mocap4r2_marker_viz', 'rc': 0}
[90.980603] (mocap4r2cli) JobStarted: {'identifier': 'mocap4r2cli'}
[91.064034] (-) TimerEvent: {}
[91.164525] (-) TimerEvent: {}
[91.267034] (-) TimerEvent: {}
[91.367561] (-) TimerEvent: {}
[91.469016] (-) TimerEvent: {}
[91.569547] (-) TimerEvent: {}
[91.673341] (-) TimerEvent: {}
[91.738370] (mocap4r2_control) StdoutLine: {'line': b'[ 28%] \x1b[32m\x1b[1mLinking CXX shared library libmocap4r2_control.so\x1b[0m\n'}
[91.773465] (-) TimerEvent: {}
[91.874729] (-) TimerEvent: {}
[91.979422] (-) TimerEvent: {}
[92.081215] (-) TimerEvent: {}
[92.185571] (-) TimerEvent: {}
[92.289061] (-) TimerEvent: {}
[92.389769] (-) TimerEvent: {}
[92.493549] (-) TimerEvent: {}
[92.596027] (-) TimerEvent: {}
[92.696628] (-) TimerEvent: {}
[92.798367] (-) TimerEvent: {}
[92.902264] (-) TimerEvent: {}
[93.002733] (-) TimerEvent: {}
[93.062470] (mocap4r2_control) StdoutLine: {'line': b'[ 28%] Built target mocap4r2_control\n'}
[93.102874] (-) TimerEvent: {}
[93.110090] (mocap4r2_control) StdoutLine: {'line': b'[ 35%] \x1b[32mBuilding CXX object gtest/CMakeFiles/gtest.dir/src/gtest-all.cc.o\x1b[0m\n'}
[93.204003] (-) TimerEvent: {}
[93.305202] (-) TimerEvent: {}
[93.407177] (-) TimerEvent: {}
[93.508352] (-) TimerEvent: {}
[93.610042] (-) TimerEvent: {}
[93.625901] (mocap4r2cli) Command: {'cmd': ['/usr/bin/python3', '-W', 'ignore:setup.py install is deprecated', '-W', 'ignore:easy_install command is deprecated', 'setup.py', 'egg_info', '--egg-base', '../../../build/mocap4r2cli', 'build', '--build-base', '/home/strain-drone/Documents/drone_position_hold/ros2_ws/build/mocap4r2cli/build', 'install', '--record', '/home/strain-drone/Documents/drone_position_hold/ros2_ws/build/mocap4r2cli/install.log', '--single-version-externally-managed', 'install_data'], 'cwd': '/home/strain-drone/Documents/drone_position_hold/ros2_ws/src/mocap4r2/mocap4r2cli', 'env': {'LESSOPEN': '| /usr/bin/lesspipe %s', 'USER': 'strain-drone', 'SSH_CLIENT': '100.119.134.77 59684 22', 'XDG_SESSION_TYPE': 'tty', 'SHLVL': '1', 'LD_LIBRARY_PATH': '/home/strain-drone/Documents/drone_position_hold/ros2_ws/install/mocap4r2_control_msgs/lib:/opt/ros/jazzy/opt/rviz_ogre_vendor/lib:/opt/ros/jazzy/lib/aarch64-linux-gnu:/opt/ros/jazzy/opt/gz_math_vendor/lib:/opt/ros/jazzy/opt/gz_utils_vendor/lib:/opt/ros/jazzy/opt/gz_cmake_vendor/lib:/opt/ros/jazzy/lib:/home/strain-drone/Documents/drone_position_hold/ros2_ws/src/natnet_ros2/deps/NatNetSDK/lib', 'HOME': '/home/strain-drone', 'OLDPWD': '/home/strain-drone', 'SSH_TTY': '/dev/pts/0', 'ROS_PYTHON_VERSION': '3', 'PS1': '(venv-ardupilot) \\[\\e]0;\\u@\\h: \\w\\a\\]${debian_chroot:+($debian_chroot)}\\[\\033[01;32m\\]\\u@\\h\\[\\033[00m\\]:\\[\\033[01;34m\\]\\w\\[\\033[00m\\]\\$', 'DBUS_SESSION_BUS_ADDRESS': 'unix:path=/run/user/1002/bus', 'DEBUGINFOD_URLS': 'https://debuginfod.ubuntu.com', 'ROS_DISTRO': 'jazzy', 'LOGNAME': 'strain-drone', '_': '/usr/bin/colcon', 'ROS_VERSION': '2', 'XDG_SESSION_CLASS': 'user', 'TERM': 'xterm-256color', 'XDG_SESSION_ID': '3', 'PATH': '/usr/lib/ccache:/home/strain-drone/Documents/ardupilot/Tools/autotest:/opt/gcc-arm-none-eabi-10-2020-q4-major/bin:/home/strain-drone/venv-ardupilot/bin:/home/strain-drone/.local/bin:/opt/ros/jazzy/bin:/usr/local/sbin:/usr/local/bin:/usr/sbin:/usr/bin:/sbin:/bin:/usr/games:/usr/local/games:/snap/bin:/home/strain-drone/.local/bin:/home/strain-drone/.local/bin', 'XDG_RUNTIME_DIR': '/run/user/1002', 'LANG': 'en_US.UTF-8', 'VIRTUAL_ENV_PROMPT': '(venv-ardupilot)', 'LS_COLORS': 'rs=0:di=01;34:ln=01;36:mh=00:pi=40;33:so=01;35:do=01;35:bd=40;33;01:cd=40;33;01:or=40;31;01:mi=00:su=37;41:sg=30;43:ca=00:tw=30;42:ow=34;42:st=37;44:ex=01;32:*.tar=01;31:*.tgz=01;31:*.arc=01;31:*.arj=01;31:*.taz=01;31:*.lha=01;31:*.lz4=01;31:*.lzh=01;31:*.lzma=01;31:*.tlz=01;31:*.txz=01;31:*.tzo=01;31:*.t7z=01;31:*.zip=01;31:*.z=01;31:*.dz=01;31:*.gz=01;31:*.lrz=01;31:*.lz=01;31:*.lzo=01;31:*.xz=01;31:*.zst=01;31:*.tzst=01;31:*.bz2=01;31:*.bz=01;31:*.tbz=01;31:*.tbz2=01;31:*.tz=01;31:*.deb=01;31:*.rpm=01;31:*.jar=01;31:*.war=01;31:*.ear=01;31:*.sar=01;31:*.rar=01;31:*.alz=01;31:*.ace=01;31:*.zoo=01;31:*.cpio=01;31:*.7z=01;31:*.rz=01;31:*.cab=01;31:*.wim=01;31:*.swm=01;31:*.dwm=01;31:*.esd=01;31:*.avif=01;35:*.jpg=01;35:*.jpeg=01;35:*.mjpg=01;35:*.mjpeg=01;35:*.gif=01;35:*.bmp=01;35:*.pbm=01;35:*.pgm=01;35:*.ppm=01;35:*.tga=01;35:*.xbm=01;35:*.xpm=01;35:*.tif=01;35:*.tiff=01;35:*.png=01;35:*.svg=01;35:*.svgz=01;35:*.mng=01;35:*.pcx=01;35:*.mov=01;35:*.mpg=01;35:*.mpeg=01;35:*.m2v=01;35:*.mkv=01;35:*.webm=01;35:*.webp=01;35:*.ogm=01;35:*.mp4=01;35:*.m4v=01;35:*.mp4v=01;35:*.vob=01;35:*.qt=01;35:*.nuv=01;35:*.wmv=01;35:*.asf=01;35:*.rm=01;35:*.rmvb=01;35:*.flc=01;35:*.avi=01;35:*.fli=01;35:*.flv=01;35:*.gl=01;35:*.dl=01;35:*.xcf=01;35:*.xwd=01;35:*.yuv=01;35:*.cgm=01;35:*.emf=01;35:*.ogv=01;35:*.ogx=01;35:*.aac=00;36:*.au=00;36:*.flac=00;36:*.m4a=00;36:*.mid=00;36:*.midi=00;36:*.mka=00;36:*.mp3=00;36:*.mpc=00;36:*.ogg=00;36:*.ra=00;36:*.wav=00;36:*.oga=00;36:*.opus=00;36:*.spx=00;36:*.xspf=00;36:*~=00;90:*#=00;90:*.bak=00;90:*.crdownload=00;90:*.dpkg-dist=00;90:*.dpkg-new=00;90:*.dpkg-old=00;90:*.dpkg-tmp=00;90:*.old=00;90:*.orig=00;90:*.part=00;90:*.rej=00;90:*.rpmnew=00;90:*.rpmorig=00;90:*.rpmsave=00;90:*.swp=00;90:*.tmp=00;90:*.ucf-dist=00;90:*.ucf-new=00;90:*.ucf-old=00;90:', 'ROS_DOMAIN_ID': '1', 'AMENT_PREFIX_PATH': '/home/strain-drone/Documents/drone_position_hold/ros2_ws/install/mocap4r2_control_msgs:/opt/ros/jazzy', 'SHELL': '/bin/bash', 'LESSCLOSE': '/usr/bin/lesspipe %s %s', 'VIRTUAL_ENV': '/home/strain-drone/venv-ardupilot', 'ROS_AUTOMATIC_DISCOVERY_RANGE': 'SUBNET', 'PWD': '/home/strain-drone/Documents/drone_position_hold/ros2_ws/build/mocap4r2cli', 'LC_ALL': 'en_US.UTF-8', 'SSH_CONNECTION': '100.119.134.77 59684 100.96.124.69 22', 'XDG_DATA_DIRS': '/usr/share/gnome:/usr/local/share:/usr/share:/var/lib/snapd/desktop', 'PYTHONPATH': '/home/strain-drone/Documents/drone_position_hold/ros2_ws/build/mocap4r2cli/prefix_override:/usr/lib/python3/dist-packages/colcon_core/task/python/colcon_distutils_commands:/home/strain-drone/Documents/drone_position_hold/ros2_ws/install/mocap4r2cli/lib/python3.12/site-packages:/home/strain-drone/Documents/drone_position_hold/ros2_ws/install/mocap4r2_control_msgs/lib/python3.12/site-packages:/opt/ros/jazzy/lib/python3.12/site-packages', 'COLCON': '1', 'CMAKE_PREFIX_PATH': '/home/strain-drone/Documents/drone_position_hold/ros2_ws/install/mocap4r2_control_msgs:/opt/ros/jazzy/opt/gz_math_vendor:/opt/ros/jazzy/opt/gz_utils_vendor:/opt/ros/jazzy/opt/gz_cmake_vendor'}, 'shell': False}
[93.710167] (-) TimerEvent: {}
[93.811022] (-) TimerEvent: {}
[93.914009] (-) TimerEvent: {}
[94.014494] (-) TimerEvent: {}
[94.115015] (-) TimerEvent: {}
[94.215493] (-) TimerEvent: {}
[94.318002] (-) TimerEvent: {}
[94.324974] (mocap4r2cli) StdoutLine: {'line': b'running egg_info\n'}
[94.328019] (mocap4r2cli) StdoutLine: {'line': b'creating ../../../build/mocap4r2cli/mocap4r2cli.egg-info\n'}
[94.376076] (mocap4r2cli) StdoutLine: {'line': b'writing ../../../build/mocap4r2cli/mocap4r2cli.egg-info/PKG-INFO\n'}
[94.376408] (mocap4r2cli) StdoutLine: {'line': b'writing dependency_links to ../../../build/mocap4r2cli/mocap4r2cli.egg-info/dependency_links.txt\n'}
[94.377461] (mocap4r2cli) StdoutLine: {'line': b'writing entry points to ../../../build/mocap4r2cli/mocap4r2cli.egg-info/entry_points.txt\n'}
[94.378760] (mocap4r2cli) StdoutLine: {'line': b'writing requirements to ../../../build/mocap4r2cli/mocap4r2cli.egg-info/requires.txt\n'}
[94.379700] (mocap4r2cli) StdoutLine: {'line': b'writing top-level names to ../../../build/mocap4r2cli/mocap4r2cli.egg-info/top_level.txt\n'}
[94.379959] (mocap4r2cli) StdoutLine: {'line': b"writing manifest file '../../../build/mocap4r2cli/mocap4r2cli.egg-info/SOURCES.txt'\n"}
[94.420016] (-) TimerEvent: {}
[94.493317] (mocap4r2cli) StdoutLine: {'line': b"reading manifest file '../../../build/mocap4r2cli/mocap4r2cli.egg-info/SOURCES.txt'\n"}
[94.494453] (mocap4r2cli) StdoutLine: {'line': b"adding license file 'LICENSE'\n"}
[94.496763] (mocap4r2cli) StdoutLine: {'line': b"writing manifest file '../../../build/mocap4r2cli/mocap4r2cli.egg-info/SOURCES.txt'\n"}
[94.497560] (mocap4r2cli) StdoutLine: {'line': b'running build\n'}
[94.497842] (mocap4r2cli) StdoutLine: {'line': b'running build_py\n'}
[94.499397] (mocap4r2cli) StdoutLine: {'line': b'creating /home/strain-drone/Documents/drone_position_hold/ros2_ws/build/mocap4r2cli/build\n'}
[94.499702] (mocap4r2cli) StdoutLine: {'line': b'creating /home/strain-drone/Documents/drone_position_hold/ros2_ws/build/mocap4r2cli/build/lib\n'}
[94.499832] (mocap4r2cli) StdoutLine: {'line': b'creating /home/strain-drone/Documents/drone_position_hold/ros2_ws/build/mocap4r2cli/build/lib/mocap4r2cli\n'}
[94.501263] (mocap4r2cli) StdoutLine: {'line': b'copying mocap4r2cli/__init__.py -> /home/strain-drone/Documents/drone_position_hold/ros2_ws/build/mocap4r2cli/build/lib/mocap4r2cli\n'}
[94.501566] (mocap4r2cli) StdoutLine: {'line': b'creating /home/strain-drone/Documents/drone_position_hold/ros2_ws/build/mocap4r2cli/build/lib/mocap4r2cli/command\n'}
[94.502375] (mocap4r2cli) StdoutLine: {'line': b'copying mocap4r2cli/command/mocap4r2.py -> /home/strain-drone/Documents/drone_position_hold/ros2_ws/build/mocap4r2cli/build/lib/mocap4r2cli/command\n'}
[94.505256] (mocap4r2cli) StdoutLine: {'line': b'copying mocap4r2cli/command/__init__.py -> /home/strain-drone/Documents/drone_position_hold/ros2_ws/build/mocap4r2cli/build/lib/mocap4r2cli/command\n'}
[94.505561] (mocap4r2cli) StdoutLine: {'line': b'creating /home/strain-drone/Documents/drone_position_hold/ros2_ws/build/mocap4r2cli/build/lib/mocap4r2cli/api\n'}
[94.506230] (mocap4r2cli) StdoutLine: {'line': b'copying mocap4r2cli/api/__init__.py -> /home/strain-drone/Documents/drone_position_hold/ros2_ws/build/mocap4r2cli/build/lib/mocap4r2cli/api\n'}
[94.508245] (mocap4r2cli) StdoutLine: {'line': b'creating /home/strain-drone/Documents/drone_position_hold/ros2_ws/build/mocap4r2cli/build/lib/mocap4r2cli/verb\n'}
[94.508548] (mocap4r2cli) StdoutLine: {'line': b'copying mocap4r2cli/verb/status.py -> /home/strain-drone/Documents/drone_position_hold/ros2_ws/build/mocap4r2cli/build/lib/mocap4r2cli/verb\n'}
[94.510450] (mocap4r2cli) StdoutLine: {'line': b'copying mocap4r2cli/verb/start.py -> /home/strain-drone/Documents/drone_position_hold/ros2_ws/build/mocap4r2cli/build/lib/mocap4r2cli/verb\n'}
[94.511667] (mocap4r2cli) StdoutLine: {'line': b'copying mocap4r2cli/verb/__init__.py -> /home/strain-drone/Documents/drone_position_hold/ros2_ws/build/mocap4r2cli/build/lib/mocap4r2cli/verb\n'}
[94.513768] (mocap4r2cli) StdoutLine: {'line': b'copying mocap4r2cli/verb/stop.py -> /home/strain-drone/Documents/drone_position_hold/ros2_ws/build/mocap4r2cli/build/lib/mocap4r2cli/verb\n'}
[94.515492] (mocap4r2cli) StdoutLine: {'line': b'running install\n'}
[94.522047] (-) TimerEvent: {}
[94.532645] (mocap4r2cli) StdoutLine: {'line': b'running install_lib\n'}
[94.580465] (mocap4r2cli) StdoutLine: {'line': b'creating /home/strain-drone/Documents/drone_position_hold/ros2_ws/install/mocap4r2cli/lib/python3.12/site-packages/mocap4r2cli\n'}
[94.581511] (mocap4r2cli) StdoutLine: {'line': b'creating /home/strain-drone/Documents/drone_position_hold/ros2_ws/install/mocap4r2cli/lib/python3.12/site-packages/mocap4r2cli/command\n'}
[94.582373] (mocap4r2cli) StdoutLine: {'line': b'copying /home/strain-drone/Documents/drone_position_hold/ros2_ws/build/mocap4r2cli/build/lib/mocap4r2cli/command/mocap4r2.py -> /home/strain-drone/Documents/drone_position_hold/ros2_ws/install/mocap4r2cli/lib/python3.12/site-packages/mocap4r2cli/command\n'}
[94.583339] (mocap4r2cli) StdoutLine: {'line': b'copying /home/strain-drone/Documents/drone_position_hold/ros2_ws/build/mocap4r2cli/build/lib/mocap4r2cli/command/__init__.py -> /home/strain-drone/Documents/drone_position_hold/ros2_ws/install/mocap4r2cli/lib/python3.12/site-packages/mocap4r2cli/command\n'}
[94.584338] (mocap4r2cli) StdoutLine: {'line': b'creating /home/strain-drone/Documents/drone_position_hold/ros2_ws/install/mocap4r2cli/lib/python3.12/site-packages/mocap4r2cli/api\n'}
[94.585134] (mocap4r2cli) StdoutLine: {'line': b'copying /home/strain-drone/Documents/drone_position_hold/ros2_ws/build/mocap4r2cli/build/lib/mocap4r2cli/api/__init__.py -> /home/strain-drone/Documents/drone_position_hold/ros2_ws/install/mocap4r2cli/lib/python3.12/site-packages/mocap4r2cli/api\n'}
[94.586969] (mocap4r2cli) StdoutLine: {'line': b'creating /home/strain-drone/Documents/drone_position_hold/ros2_ws/install/mocap4r2cli/lib/python3.12/site-packages/mocap4r2cli/verb\n'}
[94.587294] (mocap4r2cli) StdoutLine: {'line': b'copying /home/strain-drone/Documents/drone_position_hold/ros2_ws/build/mocap4r2cli/build/lib/mocap4r2cli/verb/status.py -> /home/strain-drone/Documents/drone_position_hold/ros2_ws/install/mocap4r2cli/lib/python3.12/site-packages/mocap4r2cli/verb\n'}
[94.587477] (mocap4r2cli) StdoutLine: {'line': b'copying /home/strain-drone/Documents/drone_position_hold/ros2_ws/build/mocap4r2cli/build/lib/mocap4r2cli/verb/start.py -> /home/strain-drone/Documents/drone_position_hold/ros2_ws/install/mocap4r2cli/lib/python3.12/site-packages/mocap4r2cli/verb\n'}
[94.588770] (mocap4r2cli) StdoutLine: {'line': b'copying /home/strain-drone/Documents/drone_position_hold/ros2_ws/build/mocap4r2cli/build/lib/mocap4r2cli/verb/__init__.py -> /home/strain-drone/Documents/drone_position_hold/ros2_ws/install/mocap4r2cli/lib/python3.12/site-packages/mocap4r2cli/verb\n'}
[94.589110] (mocap4r2cli) StdoutLine: {'line': b'copying /home/strain-drone/Documents/drone_position_hold/ros2_ws/build/mocap4r2cli/build/lib/mocap4r2cli/verb/stop.py -> /home/strain-drone/Documents/drone_position_hold/ros2_ws/install/mocap4r2cli/lib/python3.12/site-packages/mocap4r2cli/verb\n'}
[94.591418] (mocap4r2cli) StdoutLine: {'line': b'copying /home/strain-drone/Documents/drone_position_hold/ros2_ws/build/mocap4r2cli/build/lib/mocap4r2cli/__init__.py -> /home/strain-drone/Documents/drone_position_hold/ros2_ws/install/mocap4r2cli/lib/python3.12/site-packages/mocap4r2cli\n'}
[94.591875] (mocap4r2cli) StdoutLine: {'line': b'byte-compiling /home/strain-drone/Documents/drone_position_hold/ros2_ws/install/mocap4r2cli/lib/python3.12/site-packages/mocap4r2cli/command/mocap4r2.py to mocap4r2.cpython-312.pyc\n'}
[94.593560] (mocap4r2cli) StdoutLine: {'line': b'byte-compiling /home/strain-drone/Documents/drone_position_hold/ros2_ws/install/mocap4r2cli/lib/python3.12/site-packages/mocap4r2cli/command/__init__.py to __init__.cpython-312.pyc\n'}
[94.594835] (mocap4r2cli) StdoutLine: {'line': b'byte-compiling /home/strain-drone/Documents/drone_position_hold/ros2_ws/install/mocap4r2cli/lib/python3.12/site-packages/mocap4r2cli/api/__init__.py to __init__.cpython-312.pyc\n'}
[94.597774] (mocap4r2cli) StdoutLine: {'line': b'byte-compiling /home/strain-drone/Documents/drone_position_hold/ros2_ws/install/mocap4r2cli/lib/python3.12/site-packages/mocap4r2cli/verb/status.py to status.cpython-312.pyc\n'}
[94.598263] (mocap4r2cli) StdoutLine: {'line': b'byte-compiling /home/strain-drone/Documents/drone_position_hold/ros2_ws/install/mocap4r2cli/lib/python3.12/site-packages/mocap4r2cli/verb/start.py to start.cpython-312.pyc\n'}
[94.600156] (mocap4r2cli) StdoutLine: {'line': b'byte-compiling /home/strain-drone/Documents/drone_position_hold/ros2_ws/install/mocap4r2cli/lib/python3.12/site-packages/mocap4r2cli/verb/__init__.py to __init__.cpython-312.pyc\n'}
[94.605500] (mocap4r2cli) StdoutLine: {'line': b'byte-compiling /home/strain-drone/Documents/drone_position_hold/ros2_ws/install/mocap4r2cli/lib/python3.12/site-packages/mocap4r2cli/verb/stop.py to stop.cpython-312.pyc\n'}
[94.606060] (mocap4r2cli) StdoutLine: {'line': b'byte-compiling /home/strain-drone/Documents/drone_position_hold/ros2_ws/install/mocap4r2cli/lib/python3.12/site-packages/mocap4r2cli/__init__.py to __init__.cpython-312.pyc\n'}
[94.607708] (mocap4r2cli) StdoutLine: {'line': b'running install_data\n'}
[94.608833] (mocap4r2cli) StdoutLine: {'line': b'copying package.xml -> /home/strain-drone/Documents/drone_position_hold/ros2_ws/install/mocap4r2cli/share/mocap4r2cli\n'}
[94.610575] (mocap4r2cli) StdoutLine: {'line': b'creating /home/strain-drone/Documents/drone_position_hold/ros2_ws/install/mocap4r2cli/share/ament_index\n'}
[94.611015] (mocap4r2cli) StdoutLine: {'line': b'creating /home/strain-drone/Documents/drone_position_hold/ros2_ws/install/mocap4r2cli/share/ament_index/resource_index\n'}
[94.613081] (mocap4r2cli) StdoutLine: {'line': b'creating /home/strain-drone/Documents/drone_position_hold/ros2_ws/install/mocap4r2cli/share/ament_index/resource_index/packages\n'}
[94.613462] (mocap4r2cli) StdoutLine: {'line': b'copying resource/mocap4r2cli -> /home/strain-drone/Documents/drone_position_hold/ros2_ws/install/mocap4r2cli/share/ament_index/resource_index/packages\n'}
[94.615051] (mocap4r2cli) StdoutLine: {'line': b'running install_egg_info\n'}
[94.622196] (-) TimerEvent: {}
[94.676150] (mocap4r2cli) StdoutLine: {'line': b'Copying ../../../build/mocap4r2cli/mocap4r2cli.egg-info to /home/strain-drone/Documents/drone_position_hold/ros2_ws/install/mocap4r2cli/lib/python3.12/site-packages/mocap4r2cli-0.0.1-py3.12.egg-info\n'}
[94.679255] (mocap4r2cli) StdoutLine: {'line': b'running install_scripts\n'}
[94.725010] (-) TimerEvent: {}
[94.825543] (-) TimerEvent: {}
[94.927010] (-) TimerEvent: {}
[95.028351] (-) TimerEvent: {}
[95.049111] (mocap4r2cli) StdoutLine: {'line': b"writing list of installed files to '/home/strain-drone/Documents/drone_position_hold/ros2_ws/build/mocap4r2cli/install.log'\n"}
[95.128505] (-) TimerEvent: {}
[95.186987] (mocap4r2cli) CommandEnded: {'returncode': 0}
[95.202561] (mocap4r2cli) JobEnded: {'identifier': 'mocap4r2cli', 'rc': 0}
[95.228649] (-) TimerEvent: {}
[95.329168] (-) TimerEvent: {}
[95.429626] (-) TimerEvent: {}
[95.530113] (-) TimerEvent: {}
[95.630583] (-) TimerEvent: {}
[95.731498] (-) TimerEvent: {}
[95.831948] (-) TimerEvent: {}
[95.932456] (-) TimerEvent: {}
[96.022218] (natnet_ros2) StdoutLine: {'line': b'[ 76%] \x1b[32m\x1b[1mLinking CXX executable marker_poses_server\x1b[0m\n'}
[96.032666] (-) TimerEvent: {}
[96.133442] (-) TimerEvent: {}
[96.235471] (-) TimerEvent: {}
[96.336350] (-) TimerEvent: {}
[96.438031] (-) TimerEvent: {}
[96.538700] (-) TimerEvent: {}
[96.639821] (-) TimerEvent: {}
[96.706123] (natnet_ros2) StdoutLine: {'line': b'[ 76%] Built target marker_poses_server\n'}
[96.743021] (-) TimerEvent: {}
[96.843496] (-) TimerEvent: {}
[96.944891] (-) TimerEvent: {}
[97.045429] (-) TimerEvent: {}
[97.146338] (-) TimerEvent: {}
[97.158939] (natnet_ros2) StdoutLine: {'line': b'running egg_info\n'}
[97.202311] (natnet_ros2) StdoutLine: {'line': b'creating natnet_ros2.egg-info\n'}
[97.202732] (natnet_ros2) StdoutLine: {'line': b'writing natnet_ros2.egg-info/PKG-INFO\n'}
[97.203692] (natnet_ros2) StdoutLine: {'line': b'writing dependency_links to natnet_ros2.egg-info/dependency_links.txt\n'}
[97.204579] (natnet_ros2) StdoutLine: {'line': b'writing top-level names to natnet_ros2.egg-info/top_level.txt\n'}
[97.204904] (natnet_ros2) StdoutLine: {'line': b"writing manifest file 'natnet_ros2.egg-info/SOURCES.txt'\n"}
[97.246457] (-) TimerEvent: {}
[97.320749] (natnet_ros2) StdoutLine: {'line': b"reading manifest file 'natnet_ros2.egg-info/SOURCES.txt'\n"}
[97.322277] (natnet_ros2) StdoutLine: {'line': b"writing manifest file 'natnet_ros2.egg-info/SOURCES.txt'\n"}
[97.346639] (-) TimerEvent: {}
[97.431994] (natnet_ros2) StdoutLine: {'line': b'[ 76%] Built target ament_cmake_python_build_natnet_ros2_egg\n'}
[97.446794] (-) TimerEvent: {}
[97.479887] (natnet_ros2) StdoutLine: {'line': b'[ 79%] \x1b[34m\x1b[1mGenerating Python code for ROS interfaces\x1b[0m\n'}
[97.546967] (-) TimerEvent: {}
[97.647451] (-) TimerEvent: {}
[97.748273] (-) TimerEvent: {}
[97.848747] (-) TimerEvent: {}
[97.949534] (-) TimerEvent: {}
[98.050032] (-) TimerEvent: {}
[98.150639] (-) TimerEvent: {}
[98.216665] (natnet_ros2) StdoutLine: {'line': b'[ 79%] Built target natnet_ros2__py\n'}
[98.250805] (-) TimerEvent: {}
[98.264840] (natnet_ros2) StdoutLine: {'line': b'[ 82%] \x1b[32mBuilding C object CMakeFiles/natnet_ros2__rosidl_generator_py.dir/rosidl_generator_py/natnet_ros2/srv/_marker_poses_s.c.o\x1b[0m\n'}
[98.350965] (-) TimerEvent: {}
[98.451969] (-) TimerEvent: {}
[98.552432] (-) TimerEvent: {}
[98.652952] (-) TimerEvent: {}
[98.753419] (-) TimerEvent: {}
[98.801614] (natnet_ros2) StdoutLine: {'line': b'[ 84%] \x1b[32m\x1b[1mLinking C shared library libnatnet_ros2__rosidl_generator_py.so\x1b[0m\n'}
[98.853621] (-) TimerEvent: {}
[98.911448] (natnet_ros2) StdoutLine: {'line': b'[ 84%] Built target natnet_ros2__rosidl_generator_py\n'}
[98.953748] (-) TimerEvent: {}
[98.954832] (natnet_ros2) StdoutLine: {'line': b'[ 87%] \x1b[32mBuilding C object CMakeFiles/natnet_ros2_s__rosidl_typesupport_fastrtps_c.dir/rosidl_generator_py/natnet_ros2/_natnet_ros2_s.ep.rosidl_typesupport_fastrtps_c.c.o\x1b[0m\n'}
[99.056023] (-) TimerEvent: {}
[99.156527] (-) TimerEvent: {}
[99.257022] (-) TimerEvent: {}
[99.336174] (natnet_ros2) StdoutLine: {'line': b'[ 89%] \x1b[32m\x1b[1mLinking C shared module rosidl_generator_py/natnet_ros2/natnet_ros2_s__rosidl_typesupport_fastrtps_c.so\x1b[0m\n'}
[99.357160] (-) TimerEvent: {}
[99.411429] (natnet_ros2) StdoutLine: {'line': b'[ 89%] Built target natnet_ros2_s__rosidl_typesupport_fastrtps_c\n'}
[99.452887] (natnet_ros2) StdoutLine: {'line': b'[ 92%] \x1b[32mBuilding C object CMakeFiles/natnet_ros2_s__rosidl_typesupport_c.dir/rosidl_generator_py/natnet_ros2/_natnet_ros2_s.ep.rosidl_typesupport_c.c.o\x1b[0m\n'}
[99.458020] (-) TimerEvent: {}
[99.558448] (-) TimerEvent: {}
[99.660192] (-) TimerEvent: {}
[99.761401] (-) TimerEvent: {}
[99.818120] (natnet_ros2) StdoutLine: {'line': b'[ 94%] \x1b[32m\x1b[1mLinking C shared module rosidl_generator_py/natnet_ros2/natnet_ros2_s__rosidl_typesupport_c.so\x1b[0m\n'}
[99.862044] (-) TimerEvent: {}
[99.890029] (natnet_ros2) StdoutLine: {'line': b'[ 94%] Built target natnet_ros2_s__rosidl_typesupport_c\n'}
[99.937024] (natnet_ros2) StdoutLine: {'line': b'[ 97%] \x1b[32mBuilding C object CMakeFiles/natnet_ros2_s__rosidl_typesupport_introspection_c.dir/rosidl_generator_py/natnet_ros2/_natnet_ros2_s.ep.rosidl_typesupport_introspection_c.c.o\x1b[0m\n'}
[99.962177] (-) TimerEvent: {}
[100.063128] (-) TimerEvent: {}
[100.163647] (-) TimerEvent: {}
[100.264179] (-) TimerEvent: {}
[100.289865] (natnet_ros2) StdoutLine: {'line': b'[100%] \x1b[32m\x1b[1mLinking C shared module rosidl_generator_py/natnet_ros2/natnet_ros2_s__rosidl_typesupport_introspection_c.so\x1b[0m\n'}
[100.355379] (natnet_ros2) StdoutLine: {'line': b'[100%] Built target natnet_ros2_s__rosidl_typesupport_introspection_c\n'}
[100.364300] (-) TimerEvent: {}
[100.380120] (natnet_ros2) CommandEnded: {'returncode': 0}
[100.381058] (natnet_ros2) JobProgress: {'identifier': 'natnet_ros2', 'progress': 'install'}
[100.382315] (natnet_ros2) Command: {'cmd': ['/usr/bin/cmake', '--install', '/home/strain-drone/Documents/drone_position_hold/ros2_ws/build/natnet_ros2'], 'cwd': '/home/strain-drone/Documents/drone_position_hold/ros2_ws/build/natnet_ros2', 'env': OrderedDict({'LESSOPEN': '| /usr/bin/lesspipe %s', 'USER': 'strain-drone', 'SSH_CLIENT': '100.119.134.77 59684 22', 'XDG_SESSION_TYPE': 'tty', 'SHLVL': '1', 'LD_LIBRARY_PATH': '/opt/ros/jazzy/opt/rviz_ogre_vendor/lib:/opt/ros/jazzy/lib/aarch64-linux-gnu:/opt/ros/jazzy/opt/gz_math_vendor/lib:/opt/ros/jazzy/opt/gz_utils_vendor/lib:/opt/ros/jazzy/opt/gz_cmake_vendor/lib:/opt/ros/jazzy/lib:/home/strain-drone/Documents/drone_position_hold/ros2_ws/src/natnet_ros2/deps/NatNetSDK/lib', 'HOME': '/home/strain-drone', 'OLDPWD': '/home/strain-drone', 'SSH_TTY': '/dev/pts/0', 'ROS_PYTHON_VERSION': '3', 'PS1': '(venv-ardupilot) \\[\\e]0;\\u@\\h: \\w\\a\\]${debian_chroot:+($debian_chroot)}\\[\\033[01;32m\\]\\u@\\h\\[\\033[00m\\]:\\[\\033[01;34m\\]\\w\\[\\033[00m\\]\\$', 'DBUS_SESSION_BUS_ADDRESS': 'unix:path=/run/user/1002/bus', 'DEBUGINFOD_URLS': 'https://debuginfod.ubuntu.com', 'ROS_DISTRO': 'jazzy', 'LOGNAME': 'strain-drone', '_': '/usr/bin/colcon', 'ROS_VERSION': '2', 'XDG_SESSION_CLASS': 'user', 'TERM': 'xterm-256color', 'XDG_SESSION_ID': '3', 'PATH': '/usr/lib/ccache:/home/strain-drone/Documents/ardupilot/Tools/autotest:/opt/gcc-arm-none-eabi-10-2020-q4-major/bin:/home/strain-drone/venv-ardupilot/bin:/home/strain-drone/.local/bin:/opt/ros/jazzy/bin:/usr/local/sbin:/usr/local/bin:/usr/sbin:/usr/bin:/sbin:/bin:/usr/games:/usr/local/games:/snap/bin:/home/strain-drone/.local/bin:/home/strain-drone/.local/bin', 'XDG_RUNTIME_DIR': '/run/user/1002', 'LANG': 'en_US.UTF-8', 'VIRTUAL_ENV_PROMPT': '(venv-ardupilot)', 'LS_COLORS': 'rs=0:di=01;34:ln=01;36:mh=00:pi=40;33:so=01;35:do=01;35:bd=40;33;01:cd=40;33;01:or=40;31;01:mi=00:su=37;41:sg=30;43:ca=00:tw=30;42:ow=34;42:st=37;44:ex=01;32:*.tar=01;31:*.tgz=01;31:*.arc=01;31:*.arj=01;31:*.taz=01;31:*.lha=01;31:*.lz4=01;31:*.lzh=01;31:*.lzma=01;31:*.tlz=01;31:*.txz=01;31:*.tzo=01;31:*.t7z=01;31:*.zip=01;31:*.z=01;31:*.dz=01;31:*.gz=01;31:*.lrz=01;31:*.lz=01;31:*.lzo=01;31:*.xz=01;31:*.zst=01;31:*.tzst=01;31:*.bz2=01;31:*.bz=01;31:*.tbz=01;31:*.tbz2=01;31:*.tz=01;31:*.deb=01;31:*.rpm=01;31:*.jar=01;31:*.war=01;31:*.ear=01;31:*.sar=01;31:*.rar=01;31:*.alz=01;31:*.ace=01;31:*.zoo=01;31:*.cpio=01;31:*.7z=01;31:*.rz=01;31:*.cab=01;31:*.wim=01;31:*.swm=01;31:*.dwm=01;31:*.esd=01;31:*.avif=01;35:*.jpg=01;35:*.jpeg=01;35:*.mjpg=01;35:*.mjpeg=01;35:*.gif=01;35:*.bmp=01;35:*.pbm=01;35:*.pgm=01;35:*.ppm=01;35:*.tga=01;35:*.xbm=01;35:*.xpm=01;35:*.tif=01;35:*.tiff=01;35:*.png=01;35:*.svg=01;35:*.svgz=01;35:*.mng=01;35:*.pcx=01;35:*.mov=01;35:*.mpg=01;35:*.mpeg=01;35:*.m2v=01;35:*.mkv=01;35:*.webm=01;35:*.webp=01;35:*.ogm=01;35:*.mp4=01;35:*.m4v=01;35:*.mp4v=01;35:*.vob=01;35:*.qt=01;35:*.nuv=01;35:*.wmv=01;35:*.asf=01;35:*.rm=01;35:*.rmvb=01;35:*.flc=01;35:*.avi=01;35:*.fli=01;35:*.flv=01;35:*.gl=01;35:*.dl=01;35:*.xcf=01;35:*.xwd=01;35:*.yuv=01;35:*.cgm=01;35:*.emf=01;35:*.ogv=01;35:*.ogx=01;35:*.aac=00;36:*.au=00;36:*.flac=00;36:*.m4a=00;36:*.mid=00;36:*.midi=00;36:*.mka=00;36:*.mp3=00;36:*.mpc=00;36:*.ogg=00;36:*.ra=00;36:*.wav=00;36:*.oga=00;36:*.opus=00;36:*.spx=00;36:*.xspf=00;36:*~=00;90:*#=00;90:*.bak=00;90:*.crdownload=00;90:*.dpkg-dist=00;90:*.dpkg-new=00;90:*.dpkg-old=00;90:*.dpkg-tmp=00;90:*.old=00;90:*.orig=00;90:*.part=00;90:*.rej=00;90:*.rpmnew=00;90:*.rpmorig=00;90:*.rpmsave=00;90:*.swp=00;90:*.tmp=00;90:*.ucf-dist=00;90:*.ucf-new=00;90:*.ucf-old=00;90:', 'ROS_DOMAIN_ID': '1', 'AMENT_PREFIX_PATH': '/opt/ros/jazzy', 'SHELL': '/bin/bash', 'LESSCLOSE': '/usr/bin/lesspipe %s %s', 'VIRTUAL_ENV': '/home/strain-drone/venv-ardupilot', 'ROS_AUTOMATIC_DISCOVERY_RANGE': 'SUBNET', 'PWD': '/home/strain-drone/Documents/drone_position_hold/ros2_ws/build/natnet_ros2', 'LC_ALL': 'en_US.UTF-8', 'SSH_CONNECTION': '100.119.134.77 59684 100.96.124.69 22', 'XDG_DATA_DIRS': '/usr/share/gnome:/usr/local/share:/usr/share:/var/lib/snapd/desktop', 'PYTHONPATH': '/opt/ros/jazzy/lib/python3.12/site-packages', 'COLCON': '1', 'CMAKE_PREFIX_PATH': '/opt/ros/jazzy/opt/gz_math_vendor:/opt/ros/jazzy/opt/gz_utils_vendor:/opt/ros/jazzy/opt/gz_cmake_vendor:/opt/ros/jazzy'}), 'shell': False}
[100.398445] (natnet_ros2) StdoutLine: {'line': b'-- Install configuration: ""\n'}
[100.398776] (natnet_ros2) StdoutLine: {'line': b'-- Installing: /home/strain-drone/Documents/drone_position_hold/ros2_ws/install/natnet_ros2/share/ament_index/resource_index/rosidl_interfaces/natnet_ros2\n'}
[100.399191] (natnet_ros2) StdoutLine: {'line': b'-- Installing: /home/strain-drone/Documents/drone_position_hold/ros2_ws/install/natnet_ros2/share/natnet_ros2/srv/MarkerPoses.json\n'}
[100.399418] (natnet_ros2) StdoutLine: {'line': b'-- Installing: /home/strain-drone/Documents/drone_position_hold/ros2_ws/install/natnet_ros2/include/natnet_ros2/natnet_ros2\n'}
[100.399616] (natnet_ros2) StdoutLine: {'line': b'-- Installing: /home/strain-drone/Documents/drone_position_hold/ros2_ws/install/natnet_ros2/include/natnet_ros2/natnet_ros2/srv\n'}
[100.399734] (natnet_ros2) StdoutLine: {'line': b'-- Installing: /home/strain-drone/Documents/drone_position_hold/ros2_ws/install/natnet_ros2/include/natnet_ros2/natnet_ros2/srv/detail\n'}
[100.399853] (natnet_ros2) StdoutLine: {'line': b'-- Installing: /home/strain-drone/Documents/drone_position_hold/ros2_ws/install/natnet_ros2/include/natnet_ros2/natnet_ros2/srv/detail/marker_poses__functions.h\n'}
[100.400059] (natnet_ros2) StdoutLine: {'line': b'-- Installing: /home/strain-drone/Documents/drone_position_hold/ros2_ws/install/natnet_ros2/include/natnet_ros2/natnet_ros2/srv/detail/marker_poses__type_support.h\n'}
[100.400210] (natnet_ros2) StdoutLine: {'line': b'-- Installing: /home/strain-drone/Documents/drone_position_hold/ros2_ws/install/natnet_ros2/include/natnet_ros2/natnet_ros2/srv/detail/marker_poses__description.c\n'}
[100.400406] (natnet_ros2) StdoutLine: {'line': b'-- Installing: /home/strain-drone/Documents/drone_position_hold/ros2_ws/install/natnet_ros2/include/natnet_ros2/natnet_ros2/srv/detail/marker_poses__type_support.c\n'}
[100.400546] (natnet_ros2) StdoutLine: {'line': b'-- Installing: /home/strain-drone/Documents/drone_position_hold/ros2_ws/install/natnet_ros2/include/natnet_ros2/natnet_ros2/srv/detail/marker_poses__struct.h\n'}
[100.400686] (natnet_ros2) StdoutLine: {'line': b'-- Installing: /home/strain-drone/Documents/drone_position_hold/ros2_ws/install/natnet_ros2/include/natnet_ros2/natnet_ros2/srv/detail/marker_poses__functions.c\n'}
[100.400875] (natnet_ros2) StdoutLine: {'line': b'-- Installing: /home/strain-drone/Documents/drone_position_hold/ros2_ws/install/natnet_ros2/include/natnet_ros2/natnet_ros2/srv/marker_poses.h\n'}
[100.401031] (natnet_ros2) StdoutLine: {'line': b'-- Installing: /home/strain-drone/Documents/drone_position_hold/ros2_ws/install/natnet_ros2/include/natnet_ros2/natnet_ros2/msg\n'}
[100.401155] (natnet_ros2) StdoutLine: {'line': b'-- Installing: /home/strain-drone/Documents/drone_position_hold/ros2_ws/install/natnet_ros2/include/natnet_ros2/natnet_ros2/msg/rosidl_generator_c__visibility_control.h\n'}
[100.401445] (natnet_ros2) StdoutLine: {'line': b'-- Installing: /home/strain-drone/Documents/drone_position_hold/ros2_ws/install/natnet_ros2/share/natnet_ros2/environment/library_path.sh\n'}
[100.401644] (natnet_ros2) StdoutLine: {'line': b'-- Installing: /home/strain-drone/Documents/drone_position_hold/ros2_ws/install/natnet_ros2/share/natnet_ros2/environment/library_path.dsv\n'}
[100.401924] (natnet_ros2) StdoutLine: {'line': b'-- Installing: /home/strain-drone/Documents/drone_position_hold/ros2_ws/install/natnet_ros2/lib/libnatnet_ros2__rosidl_generator_c.so\n'}
[100.402670] (natnet_ros2) StdoutLine: {'line': b'-- Set non-toolchain portion of runtime path of "/home/strain-drone/Documents/drone_position_hold/ros2_ws/install/natnet_ros2/lib/libnatnet_ros2__rosidl_generator_c.so" to ""\n'}
[100.402840] (natnet_ros2) StdoutLine: {'line': b'-- Up-to-date: /home/strain-drone/Documents/drone_position_hold/ros2_ws/install/natnet_ros2/include/natnet_ros2/natnet_ros2\n'}
[100.402993] (natnet_ros2) StdoutLine: {'line': b'-- Up-to-date: /home/strain-drone/Documents/drone_position_hold/ros2_ws/install/natnet_ros2/include/natnet_ros2/natnet_ros2/srv\n'}
[100.403094] (natnet_ros2) StdoutLine: {'line': b'-- Up-to-date: /home/strain-drone/Documents/drone_position_hold/ros2_ws/install/natnet_ros2/include/natnet_ros2/natnet_ros2/srv/detail\n'}
[100.403184] (natnet_ros2) StdoutLine: {'line': b'-- Installing: /home/strain-drone/Documents/drone_position_hold/ros2_ws/install/natnet_ros2/include/natnet_ros2/natnet_ros2/srv/detail/marker_poses__rosidl_typesupport_fastrtps_c.h\n'}
[100.403318] (natnet_ros2) StdoutLine: {'line': b'-- Up-to-date: /home/strain-drone/Documents/drone_position_hold/ros2_ws/install/natnet_ros2/include/natnet_ros2/natnet_ros2/msg\n'}
[100.403415] (natnet_ros2) StdoutLine: {'line': b'-- Installing: /home/strain-drone/Documents/drone_position_hold/ros2_ws/install/natnet_ros2/include/natnet_ros2/natnet_ros2/msg/rosidl_typesupport_fastrtps_c__visibility_control.h\n'}
[100.403541] (natnet_ros2) StdoutLine: {'line': b'-- Installing: /home/strain-drone/Documents/drone_position_hold/ros2_ws/install/natnet_ros2/lib/libnatnet_ros2__rosidl_typesupport_fastrtps_c.so\n'}
[100.404117] (natnet_ros2) StdoutLine: {'line': b'-- Set non-toolchain portion of runtime path of "/home/strain-drone/Documents/drone_position_hold/ros2_ws/install/natnet_ros2/lib/libnatnet_ros2__rosidl_typesupport_fastrtps_c.so" to ""\n'}
[100.404300] (natnet_ros2) StdoutLine: {'line': b'-- Up-to-date: /home/strain-drone/Documents/drone_position_hold/ros2_ws/install/natnet_ros2/include/natnet_ros2/natnet_ros2\n'}
[100.404403] (natnet_ros2) StdoutLine: {'line': b'-- Up-to-date: /home/strain-drone/Documents/drone_position_hold/ros2_ws/install/natnet_ros2/include/natnet_ros2/natnet_ros2/srv\n'}
[100.404503] (natnet_ros2) StdoutLine: {'line': b'-- Up-to-date: /home/strain-drone/Documents/drone_position_hold/ros2_ws/install/natnet_ros2/include/natnet_ros2/natnet_ros2/srv/detail\n'}
[100.404632] (natnet_ros2) StdoutLine: {'line': b'-- Installing: /home/strain-drone/Documents/drone_position_hold/ros2_ws/install/natnet_ros2/include/natnet_ros2/natnet_ros2/srv/detail/marker_poses__struct.hpp\n'}
[100.404743] (natnet_ros2) StdoutLine: {'line': b'-- Installing: /home/strain-drone/Documents/drone_position_hold/ros2_ws/install/natnet_ros2/include/natnet_ros2/natnet_ros2/srv/detail/marker_poses__type_support.hpp\n'}
[100.404853] (natnet_ros2) StdoutLine: {'line': b'-- Installing: /home/strain-drone/Documents/drone_position_hold/ros2_ws/install/natnet_ros2/include/natnet_ros2/natnet_ros2/srv/detail/marker_poses__builder.hpp\n'}
[100.404954] (natnet_ros2) StdoutLine: {'line': b'-- Installing: /home/strain-drone/Documents/drone_position_hold/ros2_ws/install/natnet_ros2/include/natnet_ros2/natnet_ros2/srv/detail/marker_poses__traits.hpp\n'}
[100.405076] (natnet_ros2) StdoutLine: {'line': b'-- Installing: /home/strain-drone/Documents/drone_position_hold/ros2_ws/install/natnet_ros2/include/natnet_ros2/natnet_ros2/srv/marker_poses.hpp\n'}
[100.405191] (natnet_ros2) StdoutLine: {'line': b'-- Up-to-date: /home/strain-drone/Documents/drone_position_hold/ros2_ws/install/natnet_ros2/include/natnet_ros2/natnet_ros2/msg\n'}
[100.405309] (natnet_ros2) StdoutLine: {'line': b'-- Installing: /home/strain-drone/Documents/drone_position_hold/ros2_ws/install/natnet_ros2/include/natnet_ros2/natnet_ros2/msg/rosidl_generator_cpp__visibility_control.hpp\n'}
[100.405429] (natnet_ros2) StdoutLine: {'line': b'-- Up-to-date: /home/strain-drone/Documents/drone_position_hold/ros2_ws/install/natnet_ros2/include/natnet_ros2/natnet_ros2\n'}
[100.405552] (natnet_ros2) StdoutLine: {'line': b'-- Up-to-date: /home/strain-drone/Documents/drone_position_hold/ros2_ws/install/natnet_ros2/include/natnet_ros2/natnet_ros2/srv\n'}
[100.405648] (natnet_ros2) StdoutLine: {'line': b'-- Up-to-date: /home/strain-drone/Documents/drone_position_hold/ros2_ws/install/natnet_ros2/include/natnet_ros2/natnet_ros2/srv/detail\n'}
[100.405788] (natnet_ros2) StdoutLine: {'line': b'-- Installing: /home/strain-drone/Documents/drone_position_hold/ros2_ws/install/natnet_ros2/include/natnet_ros2/natnet_ros2/srv/detail/dds_fastrtps\n'}
[100.405955] (natnet_ros2) StdoutLine: {'line': b'-- Installing: /home/strain-drone/Documents/drone_position_hold/ros2_ws/install/natnet_ros2/include/natnet_ros2/natnet_ros2/srv/detail/marker_poses__rosidl_typesupport_fastrtps_cpp.hpp\n'}
[100.406120] (natnet_ros2) StdoutLine: {'line': b'-- Up-to-date: /home/strain-drone/Documents/drone_position_hold/ros2_ws/install/natnet_ros2/include/natnet_ros2/natnet_ros2/msg\n'}
[100.406210] (natnet_ros2) StdoutLine: {'line': b'-- Installing: /home/strain-drone/Documents/drone_position_hold/ros2_ws/install/natnet_ros2/include/natnet_ros2/natnet_ros2/msg/rosidl_typesupport_fastrtps_cpp__visibility_control.h\n'}
[100.406340] (natnet_ros2) StdoutLine: {'line': b'-- Installing: /home/strain-drone/Documents/drone_position_hold/ros2_ws/install/natnet_ros2/lib/libnatnet_ros2__rosidl_typesupport_fastrtps_cpp.so\n'}
[100.407206] (natnet_ros2) StdoutLine: {'line': b'-- Set non-toolchain portion of runtime path of "/home/strain-drone/Documents/drone_position_hold/ros2_ws/install/natnet_ros2/lib/libnatnet_ros2__rosidl_typesupport_fastrtps_cpp.so" to ""\n'}
[100.407412] (natnet_ros2) StdoutLine: {'line': b'-- Up-to-date: /home/strain-drone/Documents/drone_position_hold/ros2_ws/install/natnet_ros2/include/natnet_ros2/natnet_ros2\n'}
[100.407520] (natnet_ros2) StdoutLine: {'line': b'-- Up-to-date: /home/strain-drone/Documents/drone_position_hold/ros2_ws/install/natnet_ros2/include/natnet_ros2/natnet_ros2/srv\n'}
[100.407609] (natnet_ros2) StdoutLine: {'line': b'-- Up-to-date: /home/strain-drone/Documents/drone_position_hold/ros2_ws/install/natnet_ros2/include/natnet_ros2/natnet_ros2/srv/detail\n'}
[100.407735] (natnet_ros2) StdoutLine: {'line': b'-- Installing: /home/strain-drone/Documents/drone_position_hold/ros2_ws/install/natnet_ros2/include/natnet_ros2/natnet_ros2/srv/detail/marker_poses__rosidl_typesupport_introspection_c.h\n'}
[100.407834] (natnet_ros2) StdoutLine: {'line': b'-- Installing: /home/strain-drone/Documents/drone_position_hold/ros2_ws/install/natnet_ros2/include/natnet_ros2/natnet_ros2/srv/detail/marker_poses__type_support.c\n'}
[100.407964] (natnet_ros2) StdoutLine: {'line': b'-- Up-to-date: /home/strain-drone/Documents/drone_position_hold/ros2_ws/install/natnet_ros2/include/natnet_ros2/natnet_ros2/msg\n'}
[100.408067] (natnet_ros2) StdoutLine: {'line': b'-- Installing: /home/strain-drone/Documents/drone_position_hold/ros2_ws/install/natnet_ros2/include/natnet_ros2/natnet_ros2/msg/rosidl_typesupport_introspection_c__visibility_control.h\n'}
[100.408190] (natnet_ros2) StdoutLine: {'line': b'-- Installing: /home/strain-drone/Documents/drone_position_hold/ros2_ws/install/natnet_ros2/lib/libnatnet_ros2__rosidl_typesupport_introspection_c.so\n'}
[100.408805] (natnet_ros2) StdoutLine: {'line': b'-- Set non-toolchain portion of runtime path of "/home/strain-drone/Documents/drone_position_hold/ros2_ws/install/natnet_ros2/lib/libnatnet_ros2__rosidl_typesupport_introspection_c.so" to ""\n'}
[100.408963] (natnet_ros2) StdoutLine: {'line': b'-- Installing: /home/strain-drone/Documents/drone_position_hold/ros2_ws/install/natnet_ros2/lib/libnatnet_ros2__rosidl_typesupport_c.so\n'}
[100.409541] (natnet_ros2) StdoutLine: {'line': b'-- Set non-toolchain portion of runtime path of "/home/strain-drone/Documents/drone_position_hold/ros2_ws/install/natnet_ros2/lib/libnatnet_ros2__rosidl_typesupport_c.so" to ""\n'}
[100.409677] (natnet_ros2) StdoutLine: {'line': b'-- Up-to-date: /home/strain-drone/Documents/drone_position_hold/ros2_ws/install/natnet_ros2/include/natnet_ros2/natnet_ros2\n'}
[100.409764] (natnet_ros2) StdoutLine: {'line': b'-- Up-to-date: /home/strain-drone/Documents/drone_position_hold/ros2_ws/install/natnet_ros2/include/natnet_ros2/natnet_ros2/srv\n'}
[100.409906] (natnet_ros2) StdoutLine: {'line': b'-- Up-to-date: /home/strain-drone/Documents/drone_position_hold/ros2_ws/install/natnet_ros2/include/natnet_ros2/natnet_ros2/srv/detail\n'}
[100.410018] (natnet_ros2) StdoutLine: {'line': b'-- Installing: /home/strain-drone/Documents/drone_position_hold/ros2_ws/install/natnet_ros2/include/natnet_ros2/natnet_ros2/srv/detail/marker_poses__rosidl_typesupport_introspection_cpp.hpp\n'}
[100.410141] (natnet_ros2) StdoutLine: {'line': b'-- Installing: /home/strain-drone/Documents/drone_position_hold/ros2_ws/install/natnet_ros2/include/natnet_ros2/natnet_ros2/srv/detail/marker_poses__type_support.cpp\n'}
[100.410269] (natnet_ros2) StdoutLine: {'line': b'-- Installing: /home/strain-drone/Documents/drone_position_hold/ros2_ws/install/natnet_ros2/lib/libnatnet_ros2__rosidl_typesupport_introspection_cpp.so\n'}
[100.411087] (natnet_ros2) StdoutLine: {'line': b'-- Set non-toolchain portion of runtime path of "/home/strain-drone/Documents/drone_position_hold/ros2_ws/install/natnet_ros2/lib/libnatnet_ros2__rosidl_typesupport_introspection_cpp.so" to ""\n'}
[100.411258] (natnet_ros2) StdoutLine: {'line': b'-- Installing: /home/strain-drone/Documents/drone_position_hold/ros2_ws/install/natnet_ros2/lib/libnatnet_ros2__rosidl_typesupport_cpp.so\n'}
[100.411893] (natnet_ros2) StdoutLine: {'line': b'-- Set non-toolchain portion of runtime path of "/home/strain-drone/Documents/drone_position_hold/ros2_ws/install/natnet_ros2/lib/libnatnet_ros2__rosidl_typesupport_cpp.so" to ""\n'}
[100.412061] (natnet_ros2) StdoutLine: {'line': b'-- Installing: /home/strain-drone/Documents/drone_position_hold/ros2_ws/install/natnet_ros2/share/natnet_ros2/environment/pythonpath.sh\n'}
[100.413381] (natnet_ros2) StdoutLine: {'line': b'-- Installing: /home/strain-drone/Documents/drone_position_hold/ros2_ws/install/natnet_ros2/share/natnet_ros2/environment/pythonpath.dsv\n'}
[100.413622] (natnet_ros2) StdoutLine: {'line': b'-- Installing: /home/strain-drone/Documents/drone_position_hold/ros2_ws/install/natnet_ros2/lib/python3.12/site-packages/natnet_ros2-1.0.0-py3.12.egg-info\n'}
[100.413719] (natnet_ros2) StdoutLine: {'line': b'-- Installing: /home/strain-drone/Documents/drone_position_hold/ros2_ws/install/natnet_ros2/lib/python3.12/site-packages/natnet_ros2-1.0.0-py3.12.egg-info/dependency_links.txt\n'}
[100.413802] (natnet_ros2) StdoutLine: {'line': b'-- Installing: /home/strain-drone/Documents/drone_position_hold/ros2_ws/install/natnet_ros2/lib/python3.12/site-packages/natnet_ros2-1.0.0-py3.12.egg-info/PKG-INFO\n'}
[100.413883] (natnet_ros2) StdoutLine: {'line': b'-- Installing: /home/strain-drone/Documents/drone_position_hold/ros2_ws/install/natnet_ros2/lib/python3.12/site-packages/natnet_ros2-1.0.0-py3.12.egg-info/top_level.txt\n'}
[100.413999] (natnet_ros2) StdoutLine: {'line': b'-- Installing: /home/strain-drone/Documents/drone_position_hold/ros2_ws/install/natnet_ros2/lib/python3.12/site-packages/natnet_ros2-1.0.0-py3.12.egg-info/SOURCES.txt\n'}
[100.414083] (natnet_ros2) StdoutLine: {'line': b'-- Installing: /home/strain-drone/Documents/drone_position_hold/ros2_ws/install/natnet_ros2/lib/python3.12/site-packages/natnet_ros2\n'}
[100.414229] (natnet_ros2) StdoutLine: {'line': b'-- Installing: /home/strain-drone/Documents/drone_position_hold/ros2_ws/install/natnet_ros2/lib/python3.12/site-packages/natnet_ros2/_natnet_ros2_s.ep.rosidl_typesupport_introspection_c.c\n'}
[100.414323] (natnet_ros2) StdoutLine: {'line': b'-- Installing: /home/strain-drone/Documents/drone_position_hold/ros2_ws/install/natnet_ros2/lib/python3.12/site-packages/natnet_ros2/_natnet_ros2_s.ep.rosidl_typesupport_c.c\n'}
[100.414409] (natnet_ros2) StdoutLine: {'line': b'-- Installing: /home/strain-drone/Documents/drone_position_hold/ros2_ws/install/natnet_ros2/lib/python3.12/site-packages/natnet_ros2/srv\n'}
[100.414485] (natnet_ros2) StdoutLine: {'line': b'-- Installing: /home/strain-drone/Documents/drone_position_hold/ros2_ws/install/natnet_ros2/lib/python3.12/site-packages/natnet_ros2/srv/_marker_poses.py\n'}
[100.414623] (natnet_ros2) StdoutLine: {'line': b'-- Installing: /home/strain-drone/Documents/drone_position_hold/ros2_ws/install/natnet_ros2/lib/python3.12/site-packages/natnet_ros2/srv/_marker_poses_s.c\n'}
[100.414721] (natnet_ros2) StdoutLine: {'line': b'-- Installing: /home/strain-drone/Documents/drone_position_hold/ros2_ws/install/natnet_ros2/lib/python3.12/site-packages/natnet_ros2/srv/__init__.py\n'}
[100.414817] (natnet_ros2) StdoutLine: {'line': b'-- Installing: /home/strain-drone/Documents/drone_position_hold/ros2_ws/install/natnet_ros2/lib/python3.12/site-packages/natnet_ros2/natnet_ros2_s__rosidl_typesupport_fastrtps_c.so\n'}
[100.414944] (natnet_ros2) StdoutLine: {'line': b'-- Installing: /home/strain-drone/Documents/drone_position_hold/ros2_ws/install/natnet_ros2/lib/python3.12/site-packages/natnet_ros2/natnet_ros2_s__rosidl_typesupport_c.so\n'}
[100.415278] (natnet_ros2) StdoutLine: {'line': b'-- Installing: /home/strain-drone/Documents/drone_position_hold/ros2_ws/install/natnet_ros2/lib/python3.12/site-packages/natnet_ros2/__init__.py\n'}
[100.415406] (natnet_ros2) StdoutLine: {'line': b'-- Installing: /home/strain-drone/Documents/drone_position_hold/ros2_ws/install/natnet_ros2/lib/python3.12/site-packages/natnet_ros2/_natnet_ros2_s.ep.rosidl_typesupport_fastrtps_c.c\n'}
[100.415576] (natnet_ros2) StdoutLine: {'line': b'-- Installing: /home/strain-drone/Documents/drone_position_hold/ros2_ws/install/natnet_ros2/lib/python3.12/site-packages/natnet_ros2/natnet_ros2_s__rosidl_typesupport_introspection_c.so\n'}
[100.464880] (-) TimerEvent: {}
[100.509727] (natnet_ros2) StdoutLine: {'line': b"Listing '/home/strain-drone/Documents/drone_position_hold/ros2_ws/install/natnet_ros2/lib/python3.12/site-packages/natnet_ros2'...\n"}
[100.510726] (natnet_ros2) StdoutLine: {'line': b"Compiling '/home/strain-drone/Documents/drone_position_hold/ros2_ws/install/natnet_ros2/lib/python3.12/site-packages/natnet_ros2/__init__.py'...\n"}
[100.511533] (natnet_ros2) StdoutLine: {'line': b"Listing '/home/strain-drone/Documents/drone_position_hold/ros2_ws/install/natnet_ros2/lib/python3.12/site-packages/natnet_ros2/srv'...\n"}
[100.512769] (natnet_ros2) StdoutLine: {'line': b"Compiling '/home/strain-drone/Documents/drone_position_hold/ros2_ws/install/natnet_ros2/lib/python3.12/site-packages/natnet_ros2/srv/__init__.py'...\n"}
[100.513260] (natnet_ros2) StdoutLine: {'line': b"Compiling '/home/strain-drone/Documents/drone_position_hold/ros2_ws/install/natnet_ros2/lib/python3.12/site-packages/natnet_ros2/srv/_marker_poses.py'...\n"}
[100.532180] (natnet_ros2) StdoutLine: {'line': b'-- Installing: /home/strain-drone/Documents/drone_position_hold/ros2_ws/install/natnet_ros2/lib/python3.12/site-packages/natnet_ros2/natnet_ros2_s__rosidl_typesupport_fastrtps_c.so\n'}
[100.532637] (natnet_ros2) StdoutLine: {'line': b'-- Set non-toolchain portion of runtime path of "/home/strain-drone/Documents/drone_position_hold/ros2_ws/install/natnet_ros2/lib/python3.12/site-packages/natnet_ros2/natnet_ros2_s__rosidl_typesupport_fastrtps_c.so" to ""\n'}
[100.533162] (natnet_ros2) StdoutLine: {'line': b'-- Installing: /home/strain-drone/Documents/drone_position_hold/ros2_ws/install/natnet_ros2/lib/python3.12/site-packages/natnet_ros2/natnet_ros2_s__rosidl_typesupport_introspection_c.so\n'}
[100.533745] (natnet_ros2) StdoutLine: {'line': b'-- Set non-toolchain portion of runtime path of "/home/strain-drone/Documents/drone_position_hold/ros2_ws/install/natnet_ros2/lib/python3.12/site-packages/natnet_ros2/natnet_ros2_s__rosidl_typesupport_introspection_c.so" to ""\n'}
[100.534189] (natnet_ros2) StdoutLine: {'line': b'-- Installing: /home/strain-drone/Documents/drone_position_hold/ros2_ws/install/natnet_ros2/lib/python3.12/site-packages/natnet_ros2/natnet_ros2_s__rosidl_typesupport_c.so\n'}
[100.534837] (natnet_ros2) StdoutLine: {'line': b'-- Set non-toolchain portion of runtime path of "/home/strain-drone/Documents/drone_position_hold/ros2_ws/install/natnet_ros2/lib/python3.12/site-packages/natnet_ros2/natnet_ros2_s__rosidl_typesupport_c.so" to ""\n'}
[100.535137] (natnet_ros2) StdoutLine: {'line': b'-- Installing: /home/strain-drone/Documents/drone_position_hold/ros2_ws/install/natnet_ros2/lib/libnatnet_ros2__rosidl_generator_py.so\n'}
[100.535704] (natnet_ros2) StdoutLine: {'line': b'-- Set non-toolchain portion of runtime path of "/home/strain-drone/Documents/drone_position_hold/ros2_ws/install/natnet_ros2/lib/libnatnet_ros2__rosidl_generator_py.so" to ""\n'}
[100.535990] (natnet_ros2) StdoutLine: {'line': b'-- Installing: /home/strain-drone/Documents/drone_position_hold/ros2_ws/install/natnet_ros2/share/natnet_ros2/srv/MarkerPoses.idl\n'}
[100.536207] (natnet_ros2) StdoutLine: {'line': b'-- Installing: /home/strain-drone/Documents/drone_position_hold/ros2_ws/install/natnet_ros2/share/natnet_ros2/srv/MarkerPoses.srv\n'}
[100.536415] (natnet_ros2) StdoutLine: {'line': b'-- Up-to-date: /home/strain-drone/Documents/drone_position_hold/ros2_ws/install/natnet_ros2/include/natnet_ros2\n'}
[100.536747] (natnet_ros2) StdoutLine: {'line': b'-- Installing: /home/strain-drone/Documents/drone_position_hold/ros2_ws/install/natnet_ros2/include/natnet_ros2/nn_filter.hpp\n'}
[100.536904] (natnet_ros2) StdoutLine: {'line': b'-- Installing: /home/strain-drone/Documents/drone_position_hold/ros2_ws/install/natnet_ros2/include/natnet_ros2/object_data.hpp\n'}
[100.537055] (natnet_ros2) StdoutLine: {'line': b'-- Installing: /home/strain-drone/Documents/drone_position_hold/ros2_ws/install/natnet_ros2/include/natnet_ros2/natnet_ros2.hpp\n'}
[100.537244] (natnet_ros2) StdoutLine: {'line': b'-- Installing: /home/strain-drone/Documents/drone_position_hold/ros2_ws/install/natnet_ros2/share/natnet_ros2/launch\n'}
[100.537739] (natnet_ros2) StdoutLine: {'line': b'-- Installing: /home/strain-drone/Documents/drone_position_hold/ros2_ws/install/natnet_ros2/share/natnet_ros2/launch/natnet_ros2.launch.py\n'}
[100.538314] (natnet_ros2) StdoutLine: {'line': b'-- Installing: /home/strain-drone/Documents/drone_position_hold/ros2_ws/install/natnet_ros2/share/natnet_ros2/launch/gui_natnet_ros2.launch.py\n'}
[100.538763] (natnet_ros2) StdoutLine: {'line': b'-- Installing: /home/strain-drone/Documents/drone_position_hold/ros2_ws/install/natnet_ros2/share/natnet_ros2/config\n'}
[100.539216] (natnet_ros2) StdoutLine: {'line': b'-- Installing: /home/strain-drone/Documents/drone_position_hold/ros2_ws/install/natnet_ros2/share/natnet_ros2/config/initiate.yaml\n'}
[100.539695] (natnet_ros2) StdoutLine: {'line': b'-- Installing: /home/strain-drone/Documents/drone_position_hold/ros2_ws/install/natnet_ros2/share/natnet_ros2/config/conf_autogen.yaml\n'}
[100.540092] (natnet_ros2) StdoutLine: {'line': b'-- Installing: /home/strain-drone/Documents/drone_position_hold/ros2_ws/install/natnet_ros2/share/natnet_ros2/ui\n'}
[100.540554] (natnet_ros2) StdoutLine: {'line': b'-- Installing: /home/strain-drone/Documents/drone_position_hold/ros2_ws/install/natnet_ros2/share/natnet_ros2/ui/helper.ui\n'}
[100.543905] (natnet_ros2) StdoutLine: {'line': b'-- Installing: /home/strain-drone/Documents/drone_position_hold/ros2_ws/install/natnet_ros2/share/natnet_ros2/ui/ros-logo.png\n'}
[100.545063] (natnet_ros2) StdoutLine: {'line': b'-- Installing: /home/strain-drone/Documents/drone_position_hold/ros2_ws/install/natnet_ros2/share/natnet_ros2/ui/logo.png\n'}
[100.546454] (natnet_ros2) StdoutLine: {'line': b'-- Installing: /home/strain-drone/Documents/drone_position_hold/ros2_ws/install/natnet_ros2/lib/natnet_ros2/natnet_ros2_node\n'}
[100.549830] (mocap4r2_robot_gt) StdoutLine: {'line': b'[ 50%] \x1b[32m\x1b[1mLinking CXX shared library libset_gt_component.so\x1b[0m\n'}
[100.553293] (natnet_ros2) StdoutLine: {'line': b'-- Set non-toolchain portion of runtime path of "/home/strain-drone/Documents/drone_position_hold/ros2_ws/install/natnet_ros2/lib/natnet_ros2/natnet_ros2_node" to ""\n'}
[100.553702] (natnet_ros2) StdoutLine: {'line': b'-- Installing: /home/strain-drone/Documents/drone_position_hold/ros2_ws/install/natnet_ros2/bin/natnet_ros2_node\n'}
[100.560364] (natnet_ros2) StdoutLine: {'line': b'-- Set non-toolchain portion of runtime path of "/home/strain-drone/Documents/drone_position_hold/ros2_ws/install/natnet_ros2/bin/natnet_ros2_node" to ""\n'}
[100.560837] (natnet_ros2) StdoutLine: {'line': b'-- Installing: /home/strain-drone/Documents/drone_position_hold/ros2_ws/install/natnet_ros2/lib/natnet_ros2/marker_poses_server\n'}
[100.563250] (natnet_ros2) StdoutLine: {'line': b'-- Set non-toolchain portion of runtime path of "/home/strain-drone/Documents/drone_position_hold/ros2_ws/install/natnet_ros2/lib/natnet_ros2/marker_poses_server" to ""\n'}
[100.564981] (-) TimerEvent: {}
[100.567217] (natnet_ros2) StdoutLine: {'line': b'-- Installing: /home/strain-drone/Documents/drone_position_hold/ros2_ws/install/natnet_ros2/bin/marker_poses_server\n'}
[100.567584] (natnet_ros2) StdoutLine: {'line': b'-- Set non-toolchain portion of runtime path of "/home/strain-drone/Documents/drone_position_hold/ros2_ws/install/natnet_ros2/bin/marker_poses_server" to ""\n'}
[100.567749] (natnet_ros2) StdoutLine: {'line': b'-- Installing: /home/strain-drone/Documents/drone_position_hold/ros2_ws/install/natnet_ros2/lib/python3.12/site-packages/natnet_ros2_py-1.0.0-py3.12.egg-info\n'}
[100.567883] (natnet_ros2) StdoutLine: {'line': b'-- Installing: /home/strain-drone/Documents/drone_position_hold/ros2_ws/install/natnet_ros2/lib/python3.12/site-packages/natnet_ros2_py-1.0.0-py3.12.egg-info/dependency_links.txt\n'}
[100.568076] (natnet_ros2) StdoutLine: {'line': b'-- Installing: /home/strain-drone/Documents/drone_position_hold/ros2_ws/install/natnet_ros2/lib/python3.12/site-packages/natnet_ros2_py-1.0.0-py3.12.egg-info/PKG-INFO\n'}
[100.568201] (natnet_ros2) StdoutLine: {'line': b'-- Installing: /home/strain-drone/Documents/drone_position_hold/ros2_ws/install/natnet_ros2/lib/python3.12/site-packages/natnet_ros2_py-1.0.0-py3.12.egg-info/top_level.txt\n'}
[100.568376] (natnet_ros2) StdoutLine: {'line': b'-- Installing: /home/strain-drone/Documents/drone_position_hold/ros2_ws/install/natnet_ros2/lib/python3.12/site-packages/natnet_ros2_py-1.0.0-py3.12.egg-info/SOURCES.txt\n'}
[100.568483] (natnet_ros2) StdoutLine: {'line': b'-- Installing: /home/strain-drone/Documents/drone_position_hold/ros2_ws/install/natnet_ros2/lib/python3.12/site-packages/natnet_ros2_py\n'}
[100.568587] (natnet_ros2) StdoutLine: {'line': b'-- Installing: /home/strain-drone/Documents/drone_position_hold/ros2_ws/install/natnet_ros2/lib/python3.12/site-packages/natnet_ros2_py/node_module.py\n'}
[100.568677] (natnet_ros2) StdoutLine: {'line': b'-- Installing: /home/strain-drone/Documents/drone_position_hold/ros2_ws/install/natnet_ros2/lib/python3.12/site-packages/natnet_ros2_py/__init__.py\n'}
[100.653787] (natnet_ros2) StdoutLine: {'line': b"Listing '/home/strain-drone/Documents/drone_position_hold/ros2_ws/install/natnet_ros2/lib/python3.12/site-packages/natnet_ros2_py'...\n"}
[100.654430] (natnet_ros2) StdoutLine: {'line': b"Compiling '/home/strain-drone/Documents/drone_position_hold/ros2_ws/install/natnet_ros2/lib/python3.12/site-packages/natnet_ros2_py/__init__.py'...\n"}
[100.654972] (natnet_ros2) StdoutLine: {'line': b"Compiling '/home/strain-drone/Documents/drone_position_hold/ros2_ws/install/natnet_ros2/lib/python3.12/site-packages/natnet_ros2_py/node_module.py'...\n"}
[100.665191] (-) TimerEvent: {}
[100.688124] (natnet_ros2) StdoutLine: {'line': b'-- Installing: /home/strain-drone/Documents/drone_position_hold/ros2_ws/install/natnet_ros2/lib/natnet_ros2/helper_node_r2.py\n'}
[100.692292] (natnet_ros2) StdoutLine: {'line': b'-- Up-to-date: /home/strain-drone/Documents/drone_position_hold/ros2_ws/install/natnet_ros2/include\n'}
[100.693211] (natnet_ros2) StdoutLine: {'line': b'-- Up-to-date: /home/strain-drone/Documents/drone_position_hold/ros2_ws/install/natnet_ros2/include/natnet_ros2\n'}
[100.693430] (natnet_ros2) StdoutLine: {'line': b'-- Up-to-date: /home/strain-drone/Documents/drone_position_hold/ros2_ws/install/natnet_ros2/include/natnet_ros2/nn_filter.hpp\n'}
[100.693608] (natnet_ros2) StdoutLine: {'line': b'-- Up-to-date: /home/strain-drone/Documents/drone_position_hold/ros2_ws/install/natnet_ros2/include/natnet_ros2/object_data.hpp\n'}
[100.693860] (natnet_ros2) StdoutLine: {'line': b'-- Up-to-date: /home/strain-drone/Documents/drone_position_hold/ros2_ws/install/natnet_ros2/include/natnet_ros2/natnet_ros2.hpp\n'}
[100.694134] (natnet_ros2) StdoutLine: {'line': b'-- Installing: /home/strain-drone/Documents/drone_position_hold/ros2_ws/install/natnet_ros2/share/ament_index/resource_index/package_run_dependencies/natnet_ros2\n'}
[100.694349] (natnet_ros2) StdoutLine: {'line': b'-- Installing: /home/strain-drone/Documents/drone_position_hold/ros2_ws/install/natnet_ros2/share/ament_index/resource_index/parent_prefix_path/natnet_ros2\n'}
[100.694594] (natnet_ros2) StdoutLine: {'line': b'-- Installing: /home/strain-drone/Documents/drone_position_hold/ros2_ws/install/natnet_ros2/share/natnet_ros2/environment/ament_prefix_path.sh\n'}
[100.695313] (natnet_ros2) StdoutLine: {'line': b'-- Installing: /home/strain-drone/Documents/drone_position_hold/ros2_ws/install/natnet_ros2/share/natnet_ros2/environment/ament_prefix_path.dsv\n'}
[100.695574] (natnet_ros2) StdoutLine: {'line': b'-- Installing: /home/strain-drone/Documents/drone_position_hold/ros2_ws/install/natnet_ros2/share/natnet_ros2/environment/path.sh\n'}
[100.695795] (natnet_ros2) StdoutLine: {'line': b'-- Installing: /home/strain-drone/Documents/drone_position_hold/ros2_ws/install/natnet_ros2/share/natnet_ros2/environment/path.dsv\n'}
[100.696233] (natnet_ros2) StdoutLine: {'line': b'-- Installing: /home/strain-drone/Documents/drone_position_hold/ros2_ws/install/natnet_ros2/share/natnet_ros2/local_setup.bash\n'}
[100.696475] (natnet_ros2) StdoutLine: {'line': b'-- Installing: /home/strain-drone/Documents/drone_position_hold/ros2_ws/install/natnet_ros2/share/natnet_ros2/local_setup.sh\n'}
[100.696628] (natnet_ros2) StdoutLine: {'line': b'-- Installing: /home/strain-drone/Documents/drone_position_hold/ros2_ws/install/natnet_ros2/share/natnet_ros2/local_setup.zsh\n'}
[100.697285] (natnet_ros2) StdoutLine: {'line': b'-- Installing: /home/strain-drone/Documents/drone_position_hold/ros2_ws/install/natnet_ros2/share/natnet_ros2/local_setup.dsv\n'}
[100.697573] (natnet_ros2) StdoutLine: {'line': b'-- Installing: /home/strain-drone/Documents/drone_position_hold/ros2_ws/install/natnet_ros2/share/natnet_ros2/package.dsv\n'}
[100.697731] (natnet_ros2) StdoutLine: {'line': b'-- Installing: /home/strain-drone/Documents/drone_position_hold/ros2_ws/install/natnet_ros2/share/ament_index/resource_index/packages/natnet_ros2\n'}
[100.698066] (natnet_ros2) StdoutLine: {'line': b'-- Installing: /home/strain-drone/Documents/drone_position_hold/ros2_ws/install/natnet_ros2/share/natnet_ros2/cmake/export_natnet_ros2__rosidl_generator_cExport.cmake\n'}
[100.698987] (natnet_ros2) StdoutLine: {'line': b'-- Installing: /home/strain-drone/Documents/drone_position_hold/ros2_ws/install/natnet_ros2/share/natnet_ros2/cmake/export_natnet_ros2__rosidl_generator_cExport-noconfig.cmake\n'}
[100.699788] (natnet_ros2) StdoutLine: {'line': b'-- Installing: /home/strain-drone/Documents/drone_position_hold/ros2_ws/install/natnet_ros2/share/natnet_ros2/cmake/export_natnet_ros2__rosidl_typesupport_fastrtps_cExport.cmake\n'}
[100.700462] (natnet_ros2) StdoutLine: {'line': b'-- Installing: /home/strain-drone/Documents/drone_position_hold/ros2_ws/install/natnet_ros2/share/natnet_ros2/cmake/export_natnet_ros2__rosidl_typesupport_fastrtps_cExport-noconfig.cmake\n'}
[100.701401] (natnet_ros2) StdoutLine: {'line': b'-- Installing: /home/strain-drone/Documents/drone_position_hold/ros2_ws/install/natnet_ros2/share/natnet_ros2/cmake/export_natnet_ros2__rosidl_generator_cppExport.cmake\n'}
[100.702085] (natnet_ros2) StdoutLine: {'line': b'-- Installing: /home/strain-drone/Documents/drone_position_hold/ros2_ws/install/natnet_ros2/share/natnet_ros2/cmake/export_natnet_ros2__rosidl_typesupport_fastrtps_cppExport.cmake\n'}
[100.702721] (natnet_ros2) StdoutLine: {'line': b'-- Installing: /home/strain-drone/Documents/drone_position_hold/ros2_ws/install/natnet_ros2/share/natnet_ros2/cmake/export_natnet_ros2__rosidl_typesupport_fastrtps_cppExport-noconfig.cmake\n'}
[100.703654] (natnet_ros2) StdoutLine: {'line': b'-- Installing: /home/strain-drone/Documents/drone_position_hold/ros2_ws/install/natnet_ros2/share/natnet_ros2/cmake/natnet_ros2__rosidl_typesupport_introspection_cExport.cmake\n'}
[100.704217] (natnet_ros2) StdoutLine: {'line': b'-- Installing: /home/strain-drone/Documents/drone_position_hold/ros2_ws/install/natnet_ros2/share/natnet_ros2/cmake/natnet_ros2__rosidl_typesupport_introspection_cExport-noconfig.cmake\n'}
[100.704853] (natnet_ros2) StdoutLine: {'line': b'-- Installing: /home/strain-drone/Documents/drone_position_hold/ros2_ws/install/natnet_ros2/share/natnet_ros2/cmake/natnet_ros2__rosidl_typesupport_cExport.cmake\n'}
[100.705362] (natnet_ros2) StdoutLine: {'line': b'-- Installing: /home/strain-drone/Documents/drone_position_hold/ros2_ws/install/natnet_ros2/share/natnet_ros2/cmake/natnet_ros2__rosidl_typesupport_cExport-noconfig.cmake\n'}
[100.706125] (natnet_ros2) StdoutLine: {'line': b'-- Installing: /home/strain-drone/Documents/drone_position_hold/ros2_ws/install/natnet_ros2/share/natnet_ros2/cmake/natnet_ros2__rosidl_typesupport_introspection_cppExport.cmake\n'}
[100.706794] (natnet_ros2) StdoutLine: {'line': b'-- Installing: /home/strain-drone/Documents/drone_position_hold/ros2_ws/install/natnet_ros2/share/natnet_ros2/cmake/natnet_ros2__rosidl_typesupport_introspection_cppExport-noconfig.cmake\n'}
[100.707398] (natnet_ros2) StdoutLine: {'line': b'-- Installing: /home/strain-drone/Documents/drone_position_hold/ros2_ws/install/natnet_ros2/share/natnet_ros2/cmake/natnet_ros2__rosidl_typesupport_cppExport.cmake\n'}
[100.709150] (natnet_ros2) StdoutLine: {'line': b'-- Installing: /home/strain-drone/Documents/drone_position_hold/ros2_ws/install/natnet_ros2/share/natnet_ros2/cmake/natnet_ros2__rosidl_typesupport_cppExport-noconfig.cmake\n'}
[100.709637] (natnet_ros2) StdoutLine: {'line': b'-- Installing: /home/strain-drone/Documents/drone_position_hold/ros2_ws/install/natnet_ros2/share/natnet_ros2/cmake/export_natnet_ros2__rosidl_generator_pyExport.cmake\n'}
[100.709873] (natnet_ros2) StdoutLine: {'line': b'-- Installing: /home/strain-drone/Documents/drone_position_hold/ros2_ws/install/natnet_ros2/share/natnet_ros2/cmake/export_natnet_ros2__rosidl_generator_pyExport-noconfig.cmake\n'}
[100.712245] (natnet_ros2) StdoutLine: {'line': b'-- Installing: /home/strain-drone/Documents/drone_position_hold/ros2_ws/install/natnet_ros2/share/natnet_ros2/cmake/rosidl_cmake-extras.cmake\n'}
[100.713107] (natnet_ros2) StdoutLine: {'line': b'-- Installing: /home/strain-drone/Documents/drone_position_hold/ros2_ws/install/natnet_ros2/share/natnet_ros2/cmake/ament_cmake_export_dependencies-extras.cmake\n'}
[100.713465] (natnet_ros2) StdoutLine: {'line': b'-- Installing: /home/strain-drone/Documents/drone_position_hold/ros2_ws/install/natnet_ros2/share/natnet_ros2/cmake/ament_cmake_export_include_directories-extras.cmake\n'}
[100.713683] (natnet_ros2) StdoutLine: {'line': b'-- Installing: /home/strain-drone/Documents/drone_position_hold/ros2_ws/install/natnet_ros2/share/natnet_ros2/cmake/ament_cmake_export_libraries-extras.cmake\n'}
[100.713939] (natnet_ros2) StdoutLine: {'line': b'-- Installing: /home/strain-drone/Documents/drone_position_hold/ros2_ws/install/natnet_ros2/share/natnet_ros2/cmake/ament_cmake_export_targets-extras.cmake\n'}
[100.714291] (natnet_ros2) StdoutLine: {'line': b'-- Installing: /home/strain-drone/Documents/drone_position_hold/ros2_ws/install/natnet_ros2/share/natnet_ros2/cmake/rosidl_cmake_export_typesupport_targets-extras.cmake\n'}
[100.714594] (natnet_ros2) StdoutLine: {'line': b'-- Installing: /home/strain-drone/Documents/drone_position_hold/ros2_ws/install/natnet_ros2/share/natnet_ros2/cmake/rosidl_cmake_export_typesupport_libraries-extras.cmake\n'}
[100.715274] (natnet_ros2) StdoutLine: {'line': b'-- Installing: /home/strain-drone/Documents/drone_position_hold/ros2_ws/install/natnet_ros2/share/natnet_ros2/cmake/natnet_ros2Config.cmake\n'}
[100.715465] (natnet_ros2) StdoutLine: {'line': b'-- Installing: /home/strain-drone/Documents/drone_position_hold/ros2_ws/install/natnet_ros2/share/natnet_ros2/cmake/natnet_ros2Config-version.cmake\n'}
[100.715708] (natnet_ros2) StdoutLine: {'line': b'-- Installing: /home/strain-drone/Documents/drone_position_hold/ros2_ws/install/natnet_ros2/share/natnet_ros2/package.xml\n'}
[100.721429] (natnet_ros2) CommandEnded: {'returncode': 0}
[100.765298] (-) TimerEvent: {}
[100.810462] (natnet_ros2) JobEnded: {'identifier': 'natnet_ros2', 'rc': 0}
[100.865612] (-) TimerEvent: {}
[100.966726] (-) TimerEvent: {}
[101.055540] (mocap4r2_robot_gt) StdoutLine: {'line': b'[ 50%] Built target set_gt_component\n'}
[101.066866] (-) TimerEvent: {}
[101.097701] (mocap4r2_robot_gt) StdoutLine: {'line': b'[ 62%] \x1b[32mBuilding CXX object CMakeFiles/gt_program.dir/src/gt_program.cpp.o\x1b[0m\n'}
[101.160051] (mocap4r2_control) StdoutLine: {'line': b'[ 42%] \x1b[32m\x1b[1mLinking CXX static library libgtest.a\x1b[0m\n'}
[101.166989] (-) TimerEvent: {}
[101.267367] (-) TimerEvent: {}
[101.367784] (-) TimerEvent: {}
[101.389742] (mocap4r2_control) StdoutLine: {'line': b'[ 42%] Built target gtest\n'}
[101.425437] (mocap4r2_control) StdoutLine: {'line': b'[ 50%] \x1b[32mBuilding CXX object CMakeFiles/auxiliar_main.dir/src/auxiliar_main.cpp.o\x1b[0m\n'}
[101.467899] (-) TimerEvent: {}
[101.568272] (-) TimerEvent: {}
[101.668814] (-) TimerEvent: {}
[101.769189] (-) TimerEvent: {}
[101.869752] (-) TimerEvent: {}
[101.970804] (-) TimerEvent: {}
[102.071211] (-) TimerEvent: {}
[102.171545] (-) TimerEvent: {}
[102.271892] (-) TimerEvent: {}
[102.372260] (-) TimerEvent: {}
[102.472639] (-) TimerEvent: {}
[102.573031] (-) TimerEvent: {}
[102.673407] (-) TimerEvent: {}
[102.773767] (-) TimerEvent: {}
[102.874201] (-) TimerEvent: {}
[102.974570] (-) TimerEvent: {}
[103.074975] (-) TimerEvent: {}
[103.175378] (-) TimerEvent: {}
[103.275743] (-) TimerEvent: {}
[103.376155] (-) TimerEvent: {}
[103.476546] (-) TimerEvent: {}
[103.577141] (-) TimerEvent: {}
[103.677577] (-) TimerEvent: {}
[103.777952] (-) TimerEvent: {}
[103.878365] (-) TimerEvent: {}
[103.978747] (-) TimerEvent: {}
[104.079135] (-) TimerEvent: {}
[104.179517] (-) TimerEvent: {}
[104.279870] (-) TimerEvent: {}
[104.380233] (-) TimerEvent: {}
[104.480601] (-) TimerEvent: {}
[104.581220] (-) TimerEvent: {}
[104.681662] (-) TimerEvent: {}
[104.782051] (-) TimerEvent: {}
[104.882440] (-) TimerEvent: {}
[104.982861] (-) TimerEvent: {}
[105.083412] (-) TimerEvent: {}
[105.183796] (-) TimerEvent: {}
[105.284201] (-) TimerEvent: {}
[105.384599] (-) TimerEvent: {}
[105.485021] (-) TimerEvent: {}
[105.585465] (-) TimerEvent: {}
[105.685863] (-) TimerEvent: {}
[105.786273] (-) TimerEvent: {}
[105.886698] (-) TimerEvent: {}
[105.987072] (-) TimerEvent: {}
[106.087423] (-) TimerEvent: {}
[106.187782] (-) TimerEvent: {}
[106.288147] (-) TimerEvent: {}
[106.388520] (-) TimerEvent: {}
[106.488905] (-) TimerEvent: {}
[106.589273] (-) TimerEvent: {}
[106.689603] (-) TimerEvent: {}
[106.784647] (mocap4r2_control) StdoutLine: {'line': b'[ 57%] \x1b[32m\x1b[1mLinking CXX executable auxiliar_main\x1b[0m\n'}
[106.789730] (-) TimerEvent: {}
[106.890281] (-) TimerEvent: {}
[106.991179] (-) TimerEvent: {}
[107.091784] (-) TimerEvent: {}
[107.192506] (-) TimerEvent: {}
[107.247610] (mocap4r2_robot_gt) StdoutLine: {'line': b'[ 75%] \x1b[32m\x1b[1mLinking CXX executable gt_program\x1b[0m\n'}
[107.292757] (-) TimerEvent: {}
[107.393869] (-) TimerEvent: {}
[107.494602] (-) TimerEvent: {}
[107.595234] (-) TimerEvent: {}
[107.696431] (-) TimerEvent: {}
[107.717955] (mocap4r2_control) StdoutLine: {'line': b'[ 57%] Built target auxiliar_main\n'}
[107.777306] (mocap4r2_control) StdoutLine: {'line': b'[ 64%] \x1b[32mBuilding CXX object gtest/CMakeFiles/gtest_main.dir/src/gtest_main.cc.o\x1b[0m\n'}
[107.796778] (-) TimerEvent: {}
[107.897902] (-) TimerEvent: {}
[107.998864] (-) TimerEvent: {}
[108.099518] (-) TimerEvent: {}
[108.200039] (-) TimerEvent: {}
[108.300456] (-) TimerEvent: {}
[108.310509] (mocap4r2_robot_gt) StdoutLine: {'line': b'[ 75%] Built target gt_program\n'}
[108.350091] (mocap4r2_robot_gt) StdoutLine: {'line': b'[ 87%] \x1b[32mBuilding CXX object CMakeFiles/set_gt_cli.dir/src/set_gt_cli.cpp.o\x1b[0m\n'}
[108.400591] (-) TimerEvent: {}
[108.501001] (-) TimerEvent: {}
[108.601392] (-) TimerEvent: {}
[108.701780] (-) TimerEvent: {}
[108.802207] (-) TimerEvent: {}
[108.902590] (-) TimerEvent: {}
[109.002993] (-) TimerEvent: {}
[109.066999] (mocap4r2_control) StdoutLine: {'line': b'[ 71%] \x1b[32m\x1b[1mLinking CXX static library libgtest_main.a\x1b[0m\n'}
[109.103126] (-) TimerEvent: {}
[109.127871] (mocap4r2_control) StdoutLine: {'line': b'[ 71%] Built target gtest_main\n'}
[109.168241] (mocap4r2_control) StdoutLine: {'line': b'[ 78%] \x1b[32mBuilding CXX object test/CMakeFiles/test_control.dir/test_control.cpp.o\x1b[0m\n'}
[109.203236] (-) TimerEvent: {}
[109.303596] (-) TimerEvent: {}
[109.403970] (-) TimerEvent: {}
[109.504366] (-) TimerEvent: {}
[109.604753] (-) TimerEvent: {}
[109.705213] (-) TimerEvent: {}
[109.805608] (-) TimerEvent: {}
[109.906097] (-) TimerEvent: {}
[110.006548] (-) TimerEvent: {}
[110.106987] (-) TimerEvent: {}
[110.207409] (-) TimerEvent: {}
[110.307841] (-) TimerEvent: {}
[110.408263] (-) TimerEvent: {}
[110.508665] (-) TimerEvent: {}
[110.609139] (-) TimerEvent: {}
[110.709583] (-) TimerEvent: {}
[110.810019] (-) TimerEvent: {}
[110.910429] (-) TimerEvent: {}
[111.010857] (-) TimerEvent: {}
[111.111280] (-) TimerEvent: {}
[111.211672] (-) TimerEvent: {}
[111.312119] (-) TimerEvent: {}
[111.412507] (-) TimerEvent: {}
[111.512925] (-) TimerEvent: {}
[111.613315] (-) TimerEvent: {}
[111.713708] (-) TimerEvent: {}
[111.814151] (-) TimerEvent: {}
[111.914539] (-) TimerEvent: {}
[112.014941] (-) TimerEvent: {}
[112.115334] (-) TimerEvent: {}
[112.215748] (-) TimerEvent: {}
[112.316169] (-) TimerEvent: {}
[112.416571] (-) TimerEvent: {}
[112.516980] (-) TimerEvent: {}
[112.617378] (-) TimerEvent: {}
[112.717774] (-) TimerEvent: {}
[112.818221] (-) TimerEvent: {}
[112.918629] (-) TimerEvent: {}
[113.019017] (-) TimerEvent: {}
[113.119404] (-) TimerEvent: {}
[113.219787] (-) TimerEvent: {}
[113.320195] (-) TimerEvent: {}
[113.420575] (-) TimerEvent: {}
[113.520995] (-) TimerEvent: {}
[113.621410] (-) TimerEvent: {}
[113.721825] (-) TimerEvent: {}
[113.822305] (-) TimerEvent: {}
[113.922730] (-) TimerEvent: {}
[114.023170] (-) TimerEvent: {}
[114.123574] (-) TimerEvent: {}
[114.224000] (-) TimerEvent: {}
[114.317988] (mocap4r2_robot_gt) StdoutLine: {'line': b'[100%] \x1b[32m\x1b[1mLinking CXX executable set_gt_cli\x1b[0m\n'}
[114.324130] (-) TimerEvent: {}
[114.424565] (-) TimerEvent: {}
[114.525090] (-) TimerEvent: {}
[114.625576] (-) TimerEvent: {}
[114.677105] (mocap4r2_robot_gt) StdoutLine: {'line': b'[100%] Built target set_gt_cli\n'}
[114.699046] (mocap4r2_robot_gt) CommandEnded: {'returncode': 0}
[114.699891] (mocap4r2_robot_gt) JobProgress: {'identifier': 'mocap4r2_robot_gt', 'progress': 'install'}
[114.700299] (mocap4r2_robot_gt) Command: {'cmd': ['/usr/bin/cmake', '--install', '/home/strain-drone/Documents/drone_position_hold/ros2_ws/build/mocap4r2_robot_gt'], 'cwd': '/home/strain-drone/Documents/drone_position_hold/ros2_ws/build/mocap4r2_robot_gt', 'env': OrderedDict({'LESSOPEN': '| /usr/bin/lesspipe %s', 'USER': 'strain-drone', 'SSH_CLIENT': '100.119.134.77 59684 22', 'XDG_SESSION_TYPE': 'tty', 'SHLVL': '1', 'LD_LIBRARY_PATH': '/home/strain-drone/Documents/drone_position_hold/ros2_ws/install/mocap4r2_robot_gt_msgs/lib:/home/strain-drone/Documents/drone_position_hold/ros2_ws/install/mocap4r2_msgs/lib:/opt/ros/jazzy/opt/rviz_ogre_vendor/lib:/opt/ros/jazzy/lib/aarch64-linux-gnu:/opt/ros/jazzy/opt/gz_math_vendor/lib:/opt/ros/jazzy/opt/gz_utils_vendor/lib:/opt/ros/jazzy/opt/gz_cmake_vendor/lib:/opt/ros/jazzy/lib:/home/strain-drone/Documents/drone_position_hold/ros2_ws/src/natnet_ros2/deps/NatNetSDK/lib', 'HOME': '/home/strain-drone', 'OLDPWD': '/home/strain-drone', 'SSH_TTY': '/dev/pts/0', 'ROS_PYTHON_VERSION': '3', 'PS1': '(venv-ardupilot) \\[\\e]0;\\u@\\h: \\w\\a\\]${debian_chroot:+($debian_chroot)}\\[\\033[01;32m\\]\\u@\\h\\[\\033[00m\\]:\\[\\033[01;34m\\]\\w\\[\\033[00m\\]\\$', 'DBUS_SESSION_BUS_ADDRESS': 'unix:path=/run/user/1002/bus', 'DEBUGINFOD_URLS': 'https://debuginfod.ubuntu.com', 'ROS_DISTRO': 'jazzy', 'LOGNAME': 'strain-drone', '_': '/usr/bin/colcon', 'ROS_VERSION': '2', 'XDG_SESSION_CLASS': 'user', 'TERM': 'xterm-256color', 'XDG_SESSION_ID': '3', 'PATH': '/usr/lib/ccache:/home/strain-drone/Documents/ardupilot/Tools/autotest:/opt/gcc-arm-none-eabi-10-2020-q4-major/bin:/home/strain-drone/venv-ardupilot/bin:/home/strain-drone/.local/bin:/opt/ros/jazzy/bin:/usr/local/sbin:/usr/local/bin:/usr/sbin:/usr/bin:/sbin:/bin:/usr/games:/usr/local/games:/snap/bin:/home/strain-drone/.local/bin:/home/strain-drone/.local/bin', 'XDG_RUNTIME_DIR': '/run/user/1002', 'LANG': 'en_US.UTF-8', 'VIRTUAL_ENV_PROMPT': '(venv-ardupilot)', 'LS_COLORS': 'rs=0:di=01;34:ln=01;36:mh=00:pi=40;33:so=01;35:do=01;35:bd=40;33;01:cd=40;33;01:or=40;31;01:mi=00:su=37;41:sg=30;43:ca=00:tw=30;42:ow=34;42:st=37;44:ex=01;32:*.tar=01;31:*.tgz=01;31:*.arc=01;31:*.arj=01;31:*.taz=01;31:*.lha=01;31:*.lz4=01;31:*.lzh=01;31:*.lzma=01;31:*.tlz=01;31:*.txz=01;31:*.tzo=01;31:*.t7z=01;31:*.zip=01;31:*.z=01;31:*.dz=01;31:*.gz=01;31:*.lrz=01;31:*.lz=01;31:*.lzo=01;31:*.xz=01;31:*.zst=01;31:*.tzst=01;31:*.bz2=01;31:*.bz=01;31:*.tbz=01;31:*.tbz2=01;31:*.tz=01;31:*.deb=01;31:*.rpm=01;31:*.jar=01;31:*.war=01;31:*.ear=01;31:*.sar=01;31:*.rar=01;31:*.alz=01;31:*.ace=01;31:*.zoo=01;31:*.cpio=01;31:*.7z=01;31:*.rz=01;31:*.cab=01;31:*.wim=01;31:*.swm=01;31:*.dwm=01;31:*.esd=01;31:*.avif=01;35:*.jpg=01;35:*.jpeg=01;35:*.mjpg=01;35:*.mjpeg=01;35:*.gif=01;35:*.bmp=01;35:*.pbm=01;35:*.pgm=01;35:*.ppm=01;35:*.tga=01;35:*.xbm=01;35:*.xpm=01;35:*.tif=01;35:*.tiff=01;35:*.png=01;35:*.svg=01;35:*.svgz=01;35:*.mng=01;35:*.pcx=01;35:*.mov=01;35:*.mpg=01;35:*.mpeg=01;35:*.m2v=01;35:*.mkv=01;35:*.webm=01;35:*.webp=01;35:*.ogm=01;35:*.mp4=01;35:*.m4v=01;35:*.mp4v=01;35:*.vob=01;35:*.qt=01;35:*.nuv=01;35:*.wmv=01;35:*.asf=01;35:*.rm=01;35:*.rmvb=01;35:*.flc=01;35:*.avi=01;35:*.fli=01;35:*.flv=01;35:*.gl=01;35:*.dl=01;35:*.xcf=01;35:*.xwd=01;35:*.yuv=01;35:*.cgm=01;35:*.emf=01;35:*.ogv=01;35:*.ogx=01;35:*.aac=00;36:*.au=00;36:*.flac=00;36:*.m4a=00;36:*.mid=00;36:*.midi=00;36:*.mka=00;36:*.mp3=00;36:*.mpc=00;36:*.ogg=00;36:*.ra=00;36:*.wav=00;36:*.oga=00;36:*.opus=00;36:*.spx=00;36:*.xspf=00;36:*~=00;90:*#=00;90:*.bak=00;90:*.crdownload=00;90:*.dpkg-dist=00;90:*.dpkg-new=00;90:*.dpkg-old=00;90:*.dpkg-tmp=00;90:*.old=00;90:*.orig=00;90:*.part=00;90:*.rej=00;90:*.rpmnew=00;90:*.rpmorig=00;90:*.rpmsave=00;90:*.swp=00;90:*.tmp=00;90:*.ucf-dist=00;90:*.ucf-new=00;90:*.ucf-old=00;90:', 'ROS_DOMAIN_ID': '1', 'AMENT_PREFIX_PATH': '/home/strain-drone/Documents/drone_position_hold/ros2_ws/install/mocap4r2_robot_gt_msgs:/home/strain-drone/Documents/drone_position_hold/ros2_ws/install/mocap4r2_msgs:/opt/ros/jazzy', 'SHELL': '/bin/bash', 'LESSCLOSE': '/usr/bin/lesspipe %s %s', 'VIRTUAL_ENV': '/home/strain-drone/venv-ardupilot', 'ROS_AUTOMATIC_DISCOVERY_RANGE': 'SUBNET', 'PWD': '/home/strain-drone/Documents/drone_position_hold/ros2_ws/build/mocap4r2_robot_gt', 'LC_ALL': 'en_US.UTF-8', 'SSH_CONNECTION': '100.119.134.77 59684 100.96.124.69 22', 'XDG_DATA_DIRS': '/usr/share/gnome:/usr/local/share:/usr/share:/var/lib/snapd/desktop', 'PYTHONPATH': '/home/strain-drone/Documents/drone_position_hold/ros2_ws/install/mocap4r2_robot_gt_msgs/lib/python3.12/site-packages:/home/strain-drone/Documents/drone_position_hold/ros2_ws/install/mocap4r2_msgs/lib/python3.12/site-packages:/opt/ros/jazzy/lib/python3.12/site-packages', 'COLCON': '1', 'CMAKE_PREFIX_PATH': '/home/strain-drone/Documents/drone_position_hold/ros2_ws/install/mocap4r2_robot_gt_msgs:/home/strain-drone/Documents/drone_position_hold/ros2_ws/install/mocap4r2_msgs:/opt/ros/jazzy/opt/gz_math_vendor:/opt/ros/jazzy/opt/gz_utils_vendor:/opt/ros/jazzy/opt/gz_cmake_vendor:/opt/ros/jazzy'}), 'shell': False}
[114.715924] (mocap4r2_robot_gt) StdoutLine: {'line': b'-- Install configuration: ""\n'}
[114.716278] (mocap4r2_robot_gt) StdoutLine: {'line': b'-- Installing: /home/strain-drone/Documents/drone_position_hold/ros2_ws/install/mocap4r2_robot_gt/lib/libgt_component.so\n'}
[114.725700] (-) TimerEvent: {}
[114.728670] (mocap4r2_robot_gt) StdoutLine: {'line': b'-- Set non-toolchain portion of runtime path of "/home/strain-drone/Documents/drone_position_hold/ros2_ws/install/mocap4r2_robot_gt/lib/libgt_component.so" to ""\n'}
[114.729056] (mocap4r2_robot_gt) StdoutLine: {'line': b'-- Installing: /home/strain-drone/Documents/drone_position_hold/ros2_ws/install/mocap4r2_robot_gt/lib/mocap4r2_robot_gt/gt_program\n'}
[114.729707] (mocap4r2_robot_gt) StdoutLine: {'line': b'-- Set non-toolchain portion of runtime path of "/home/strain-drone/Documents/drone_position_hold/ros2_ws/install/mocap4r2_robot_gt/lib/mocap4r2_robot_gt/gt_program" to ""\n'}
[114.729894] (mocap4r2_robot_gt) StdoutLine: {'line': b'-- Installing: /home/strain-drone/Documents/drone_position_hold/ros2_ws/install/mocap4r2_robot_gt/lib/libset_gt_component.so\n'}
[114.732573] (mocap4r2_robot_gt) StdoutLine: {'line': b'-- Set non-toolchain portion of runtime path of "/home/strain-drone/Documents/drone_position_hold/ros2_ws/install/mocap4r2_robot_gt/lib/libset_gt_component.so" to ""\n'}
[114.732833] (mocap4r2_robot_gt) StdoutLine: {'line': b'-- Installing: /home/strain-drone/Documents/drone_position_hold/ros2_ws/install/mocap4r2_robot_gt/lib/mocap4r2_robot_gt/set_gt_cli\n'}
[114.733475] (mocap4r2_robot_gt) StdoutLine: {'line': b'-- Set non-toolchain portion of runtime path of "/home/strain-drone/Documents/drone_position_hold/ros2_ws/install/mocap4r2_robot_gt/lib/mocap4r2_robot_gt/set_gt_cli" to ""\n'}
[114.733748] (mocap4r2_robot_gt) StdoutLine: {'line': b'-- Installing: /home/strain-drone/Documents/drone_position_hold/ros2_ws/install/mocap4r2_robot_gt/share/ament_index/resource_index/package_run_dependencies/mocap4r2_robot_gt\n'}
[114.734058] (mocap4r2_robot_gt) StdoutLine: {'line': b'-- Installing: /home/strain-drone/Documents/drone_position_hold/ros2_ws/install/mocap4r2_robot_gt/share/ament_index/resource_index/parent_prefix_path/mocap4r2_robot_gt\n'}
[114.734365] (mocap4r2_robot_gt) StdoutLine: {'line': b'-- Installing: /home/strain-drone/Documents/drone_position_hold/ros2_ws/install/mocap4r2_robot_gt/share/mocap4r2_robot_gt/environment/ament_prefix_path.sh\n'}
[114.734558] (mocap4r2_robot_gt) StdoutLine: {'line': b'-- Installing: /home/strain-drone/Documents/drone_position_hold/ros2_ws/install/mocap4r2_robot_gt/share/mocap4r2_robot_gt/environment/ament_prefix_path.dsv\n'}
[114.734749] (mocap4r2_robot_gt) StdoutLine: {'line': b'-- Installing: /home/strain-drone/Documents/drone_position_hold/ros2_ws/install/mocap4r2_robot_gt/share/mocap4r2_robot_gt/environment/path.sh\n'}
[114.734949] (mocap4r2_robot_gt) StdoutLine: {'line': b'-- Installing: /home/strain-drone/Documents/drone_position_hold/ros2_ws/install/mocap4r2_robot_gt/share/mocap4r2_robot_gt/environment/path.dsv\n'}
[114.735151] (mocap4r2_robot_gt) StdoutLine: {'line': b'-- Installing: /home/strain-drone/Documents/drone_position_hold/ros2_ws/install/mocap4r2_robot_gt/share/mocap4r2_robot_gt/local_setup.bash\n'}
[114.735343] (mocap4r2_robot_gt) StdoutLine: {'line': b'-- Installing: /home/strain-drone/Documents/drone_position_hold/ros2_ws/install/mocap4r2_robot_gt/share/mocap4r2_robot_gt/local_setup.sh\n'}
[114.735554] (mocap4r2_robot_gt) StdoutLine: {'line': b'-- Installing: /home/strain-drone/Documents/drone_position_hold/ros2_ws/install/mocap4r2_robot_gt/share/mocap4r2_robot_gt/local_setup.zsh\n'}
[114.735746] (mocap4r2_robot_gt) StdoutLine: {'line': b'-- Installing: /home/strain-drone/Documents/drone_position_hold/ros2_ws/install/mocap4r2_robot_gt/share/mocap4r2_robot_gt/local_setup.dsv\n'}
[114.735941] (mocap4r2_robot_gt) StdoutLine: {'line': b'-- Installing: /home/strain-drone/Documents/drone_position_hold/ros2_ws/install/mocap4r2_robot_gt/share/mocap4r2_robot_gt/package.dsv\n'}
[114.736239] (mocap4r2_robot_gt) StdoutLine: {'line': b'-- Installing: /home/strain-drone/Documents/drone_position_hold/ros2_ws/install/mocap4r2_robot_gt/share/ament_index/resource_index/packages/mocap4r2_robot_gt\n'}
[114.736485] (mocap4r2_robot_gt) StdoutLine: {'line': b'-- Installing: /home/strain-drone/Documents/drone_position_hold/ros2_ws/install/mocap4r2_robot_gt/share/ament_index/resource_index/rclcpp_components/mocap4r2_robot_gt\n'}
[114.736760] (mocap4r2_robot_gt) StdoutLine: {'line': b'-- Installing: /home/strain-drone/Documents/drone_position_hold/ros2_ws/install/mocap4r2_robot_gt/share/mocap4r2_robot_gt/cmake/mocap4r2_robot_gtConfig.cmake\n'}
[114.736921] (mocap4r2_robot_gt) StdoutLine: {'line': b'-- Installing: /home/strain-drone/Documents/drone_position_hold/ros2_ws/install/mocap4r2_robot_gt/share/mocap4r2_robot_gt/cmake/mocap4r2_robot_gtConfig-version.cmake\n'}
[114.737119] (mocap4r2_robot_gt) StdoutLine: {'line': b'-- Installing: /home/strain-drone/Documents/drone_position_hold/ros2_ws/install/mocap4r2_robot_gt/share/mocap4r2_robot_gt/package.xml\n'}
[114.740395] (mocap4r2_robot_gt) CommandEnded: {'returncode': 0}
[114.766210] (mocap4r2_robot_gt) JobEnded: {'identifier': 'mocap4r2_robot_gt', 'rc': 0}
[114.825819] (-) TimerEvent: {}
[114.926197] (-) TimerEvent: {}
[115.026533] (-) TimerEvent: {}
[115.126880] (-) TimerEvent: {}
[115.227237] (-) TimerEvent: {}
[115.327571] (-) TimerEvent: {}
[115.427903] (-) TimerEvent: {}
[115.528244] (-) TimerEvent: {}
[115.628577] (-) TimerEvent: {}
[115.728948] (-) TimerEvent: {}
[115.829298] (-) TimerEvent: {}
[115.929633] (-) TimerEvent: {}
[116.029972] (-) TimerEvent: {}
[116.130289] (-) TimerEvent: {}
[116.230644] (-) TimerEvent: {}
[116.331002] (-) TimerEvent: {}
[116.431373] (-) TimerEvent: {}
[116.531736] (-) TimerEvent: {}
[116.632093] (-) TimerEvent: {}
[116.732425] (-) TimerEvent: {}
[116.832764] (-) TimerEvent: {}
[116.933129] (-) TimerEvent: {}
[117.033471] (-) TimerEvent: {}
[117.133800] (-) TimerEvent: {}
[117.234170] (-) TimerEvent: {}
[117.334541] (-) TimerEvent: {}
[117.434902] (-) TimerEvent: {}
[117.535291] (-) TimerEvent: {}
[117.635664] (-) TimerEvent: {}
[117.736024] (-) TimerEvent: {}
[117.836391] (-) TimerEvent: {}
[117.936748] (-) TimerEvent: {}
[118.037124] (-) TimerEvent: {}
[118.137489] (-) TimerEvent: {}
[118.237935] (-) TimerEvent: {}
[118.338289] (-) TimerEvent: {}
[118.438604] (-) TimerEvent: {}
[118.538940] (-) TimerEvent: {}
[118.639283] (-) TimerEvent: {}
[118.739603] (-) TimerEvent: {}
[118.839949] (-) TimerEvent: {}
[118.940301] (-) TimerEvent: {}
[119.040630] (-) TimerEvent: {}
[119.140966] (-) TimerEvent: {}
[119.241304] (-) TimerEvent: {}
[119.341635] (-) TimerEvent: {}
[119.441987] (-) TimerEvent: {}
[119.542305] (-) TimerEvent: {}
[119.642624] (-) TimerEvent: {}
[119.742952] (-) TimerEvent: {}
[119.843281] (-) TimerEvent: {}
[119.943600] (-) TimerEvent: {}
[120.043944] (-) TimerEvent: {}
[120.144285] (-) TimerEvent: {}
[120.244617] (-) TimerEvent: {}
[120.344957] (-) TimerEvent: {}
[120.445283] (-) TimerEvent: {}
[120.545616] (-) TimerEvent: {}
[120.645948] (-) TimerEvent: {}
[120.746268] (-) TimerEvent: {}
[120.846593] (-) TimerEvent: {}
[120.946936] (-) TimerEvent: {}
[121.047264] (-) TimerEvent: {}
[121.147583] (-) TimerEvent: {}
[121.247896] (-) TimerEvent: {}
[121.348244] (-) TimerEvent: {}
[121.448576] (-) TimerEvent: {}
[121.548904] (-) TimerEvent: {}
[121.649236] (-) TimerEvent: {}
[121.749570] (-) TimerEvent: {}
[121.849934] (-) TimerEvent: {}
[121.950269] (-) TimerEvent: {}
[122.050626] (-) TimerEvent: {}
[122.151029] (-) TimerEvent: {}
[122.251348] (-) TimerEvent: {}
[122.351686] (-) TimerEvent: {}
[122.452113] (-) TimerEvent: {}
[122.552554] (-) TimerEvent: {}
[122.652973] (-) TimerEvent: {}
[122.753361] (-) TimerEvent: {}
[122.853775] (-) TimerEvent: {}
[122.954288] (-) TimerEvent: {}
[123.054903] (-) TimerEvent: {}
[123.155339] (-) TimerEvent: {}
[123.255761] (-) TimerEvent: {}
[123.356438] (-) TimerEvent: {}
[123.454646] (mocap4r2_control) StdoutLine: {'line': b'[ 85%] \x1b[32m\x1b[1mLinking CXX executable test_control\x1b[0m\n'}
[123.456480] (-) TimerEvent: {}
[123.557017] (-) TimerEvent: {}
[123.657551] (-) TimerEvent: {}
[123.758205] (-) TimerEvent: {}
[123.858802] (-) TimerEvent: {}
[123.959381] (-) TimerEvent: {}
[124.060095] (-) TimerEvent: {}
[124.160892] (-) TimerEvent: {}
[124.261443] (-) TimerEvent: {}
[124.362051] (-) TimerEvent: {}
[124.463019] (-) TimerEvent: {}
[124.563791] (-) TimerEvent: {}
[124.664206] (-) TimerEvent: {}
[124.764610] (-) TimerEvent: {}
[124.864940] (-) TimerEvent: {}
[124.866073] (mocap4r2_control) StdoutLine: {'line': b'[ 85%] Built target test_control\n'}
[124.904239] (mocap4r2_control) StdoutLine: {'line': b'[ 92%] \x1b[32mBuilding CXX object test/CMakeFiles/test_auxiliar.dir/test_auxiliar.cpp.o\x1b[0m\n'}
[124.965060] (-) TimerEvent: {}
[125.065396] (-) TimerEvent: {}
[125.165722] (-) TimerEvent: {}
[125.266071] (-) TimerEvent: {}
[125.366443] (-) TimerEvent: {}
[125.466825] (-) TimerEvent: {}
[125.567187] (-) TimerEvent: {}
[125.667540] (-) TimerEvent: {}
[125.767998] (-) TimerEvent: {}
[125.868609] (-) TimerEvent: {}
[125.968958] (-) TimerEvent: {}
[126.069297] (-) TimerEvent: {}
[126.169635] (-) TimerEvent: {}
[126.269990] (-) TimerEvent: {}
[126.370349] (-) TimerEvent: {}
[126.470690] (-) TimerEvent: {}
[126.571046] (-) TimerEvent: {}
[126.671380] (-) TimerEvent: {}
[126.771727] (-) TimerEvent: {}
[126.872106] (-) TimerEvent: {}
[126.972449] (-) TimerEvent: {}
[127.072790] (-) TimerEvent: {}
[127.173158] (-) TimerEvent: {}
[127.273494] (-) TimerEvent: {}
[127.373832] (-) TimerEvent: {}
[127.474211] (-) TimerEvent: {}
[127.574566] (-) TimerEvent: {}
[127.674946] (-) TimerEvent: {}
[127.775288] (-) TimerEvent: {}
[127.875636] (-) TimerEvent: {}
[127.975988] (-) TimerEvent: {}
[128.076312] (-) TimerEvent: {}
[128.176656] (-) TimerEvent: {}
[128.277032] (-) TimerEvent: {}
[128.377391] (-) TimerEvent: {}
[128.477744] (-) TimerEvent: {}
[128.578121] (-) TimerEvent: {}
[128.678466] (-) TimerEvent: {}
[128.778820] (-) TimerEvent: {}
[128.879180] (-) TimerEvent: {}
[128.979522] (-) TimerEvent: {}
[129.079867] (-) TimerEvent: {}
[129.180225] (-) TimerEvent: {}
[129.280559] (-) TimerEvent: {}
[129.380896] (-) TimerEvent: {}
[129.481236] (-) TimerEvent: {}
[129.581563] (-) TimerEvent: {}
[129.681896] (-) TimerEvent: {}
[129.782240] (-) TimerEvent: {}
[129.882582] (-) TimerEvent: {}
[129.982926] (-) TimerEvent: {}
[130.083261] (-) TimerEvent: {}
[130.183605] (-) TimerEvent: {}
[130.283961] (-) TimerEvent: {}
[130.384297] (-) TimerEvent: {}
[130.484623] (-) TimerEvent: {}
[130.584965] (-) TimerEvent: {}
[130.685298] (-) TimerEvent: {}
[130.785636] (-) TimerEvent: {}
[130.885984] (-) TimerEvent: {}
[130.986321] (-) TimerEvent: {}
[131.086651] (-) TimerEvent: {}
[131.186978] (-) TimerEvent: {}
[131.287314] (-) TimerEvent: {}
[131.387651] (-) TimerEvent: {}
[131.487987] (-) TimerEvent: {}
[131.588331] (-) TimerEvent: {}
[131.688676] (-) TimerEvent: {}
[131.789017] (-) TimerEvent: {}
[131.889375] (-) TimerEvent: {}
[131.989726] (-) TimerEvent: {}
[132.090122] (-) TimerEvent: {}
[132.190488] (-) TimerEvent: {}
[132.290885] (-) TimerEvent: {}
[132.391311] (-) TimerEvent: {}
[132.491667] (-) TimerEvent: {}
[132.592014] (-) TimerEvent: {}
[132.692365] (-) TimerEvent: {}
[132.792708] (-) TimerEvent: {}
[132.893117] (-) TimerEvent: {}
[132.993607] (-) TimerEvent: {}
[133.093966] (-) TimerEvent: {}
[133.194294] (-) TimerEvent: {}
[133.294616] (-) TimerEvent: {}
[133.394957] (-) TimerEvent: {}
[133.495294] (-) TimerEvent: {}
[133.595636] (-) TimerEvent: {}
[133.695987] (-) TimerEvent: {}
[133.796341] (-) TimerEvent: {}
[133.896691] (-) TimerEvent: {}
[133.997034] (-) TimerEvent: {}
[134.097370] (-) TimerEvent: {}
[134.197704] (-) TimerEvent: {}
[134.298073] (-) TimerEvent: {}
[134.398407] (-) TimerEvent: {}
[134.498741] (-) TimerEvent: {}
[134.599110] (-) TimerEvent: {}
[134.699440] (-) TimerEvent: {}
[134.799766] (-) TimerEvent: {}
[134.900108] (-) TimerEvent: {}
[135.000430] (-) TimerEvent: {}
[135.100759] (-) TimerEvent: {}
[135.201104] (-) TimerEvent: {}
[135.301425] (-) TimerEvent: {}
[135.401761] (-) TimerEvent: {}
[135.502114] (-) TimerEvent: {}
[135.602437] (-) TimerEvent: {}
[135.702759] (-) TimerEvent: {}
[135.803110] (-) TimerEvent: {}
[135.903436] (-) TimerEvent: {}
[136.003768] (-) TimerEvent: {}
[136.104133] (-) TimerEvent: {}
[136.204420] (-) TimerEvent: {}
[136.304764] (-) TimerEvent: {}
[136.405107] (-) TimerEvent: {}
[136.505432] (-) TimerEvent: {}
[136.605794] (-) TimerEvent: {}
[136.706227] (-) TimerEvent: {}
[136.806601] (-) TimerEvent: {}
[136.906986] (-) TimerEvent: {}
[137.007348] (-) TimerEvent: {}
[137.107763] (-) TimerEvent: {}
[137.208260] (-) TimerEvent: {}
[137.308792] (-) TimerEvent: {}
[137.409406] (-) TimerEvent: {}
[137.456307] (mocap4r2_control) StdoutLine: {'line': b'[100%] \x1b[32m\x1b[1mLinking CXX executable test_auxiliar\x1b[0m\n'}
[137.509517] (-) TimerEvent: {}
[137.610044] (-) TimerEvent: {}
[137.710672] (-) TimerEvent: {}
[137.811512] (-) TimerEvent: {}
[137.912151] (-) TimerEvent: {}
[138.013069] (-) TimerEvent: {}
[138.113855] (-) TimerEvent: {}
[138.214524] (-) TimerEvent: {}
[138.315320] (-) TimerEvent: {}
[138.415791] (-) TimerEvent: {}
[138.516205] (-) TimerEvent: {}
[138.616545] (-) TimerEvent: {}
[138.691801] (mocap4r2_control) StdoutLine: {'line': b'[100%] Built target test_auxiliar\n'}
[138.712995] (mocap4r2_control) CommandEnded: {'returncode': 0}
[138.713842] (mocap4r2_control) JobProgress: {'identifier': 'mocap4r2_control', 'progress': 'install'}
[138.714214] (mocap4r2_control) Command: {'cmd': ['/usr/bin/cmake', '--install', '/home/strain-drone/Documents/drone_position_hold/ros2_ws/build/mocap4r2_control'], 'cwd': '/home/strain-drone/Documents/drone_position_hold/ros2_ws/build/mocap4r2_control', 'env': OrderedDict({'LESSOPEN': '| /usr/bin/lesspipe %s', 'USER': 'strain-drone', 'SSH_CLIENT': '100.119.134.77 59684 22', 'XDG_SESSION_TYPE': 'tty', 'SHLVL': '1', 'LD_LIBRARY_PATH': '/home/strain-drone/Documents/drone_position_hold/ros2_ws/install/mocap4r2_control_msgs/lib:/opt/ros/jazzy/opt/rviz_ogre_vendor/lib:/opt/ros/jazzy/lib/aarch64-linux-gnu:/opt/ros/jazzy/opt/gz_math_vendor/lib:/opt/ros/jazzy/opt/gz_utils_vendor/lib:/opt/ros/jazzy/opt/gz_cmake_vendor/lib:/opt/ros/jazzy/lib:/home/strain-drone/Documents/drone_position_hold/ros2_ws/src/natnet_ros2/deps/NatNetSDK/lib', 'HOME': '/home/strain-drone', 'OLDPWD': '/home/strain-drone', 'SSH_TTY': '/dev/pts/0', 'ROS_PYTHON_VERSION': '3', 'PS1': '(venv-ardupilot) \\[\\e]0;\\u@\\h: \\w\\a\\]${debian_chroot:+($debian_chroot)}\\[\\033[01;32m\\]\\u@\\h\\[\\033[00m\\]:\\[\\033[01;34m\\]\\w\\[\\033[00m\\]\\$', 'DBUS_SESSION_BUS_ADDRESS': 'unix:path=/run/user/1002/bus', 'DEBUGINFOD_URLS': 'https://debuginfod.ubuntu.com', 'ROS_DISTRO': 'jazzy', 'LOGNAME': 'strain-drone', '_': '/usr/bin/colcon', 'ROS_VERSION': '2', 'XDG_SESSION_CLASS': 'user', 'TERM': 'xterm-256color', 'XDG_SESSION_ID': '3', 'PATH': '/usr/lib/ccache:/home/strain-drone/Documents/ardupilot/Tools/autotest:/opt/gcc-arm-none-eabi-10-2020-q4-major/bin:/home/strain-drone/venv-ardupilot/bin:/home/strain-drone/.local/bin:/opt/ros/jazzy/bin:/usr/local/sbin:/usr/local/bin:/usr/sbin:/usr/bin:/sbin:/bin:/usr/games:/usr/local/games:/snap/bin:/home/strain-drone/.local/bin:/home/strain-drone/.local/bin', 'XDG_RUNTIME_DIR': '/run/user/1002', 'LANG': 'en_US.UTF-8', 'VIRTUAL_ENV_PROMPT': '(venv-ardupilot)', 'LS_COLORS': 'rs=0:di=01;34:ln=01;36:mh=00:pi=40;33:so=01;35:do=01;35:bd=40;33;01:cd=40;33;01:or=40;31;01:mi=00:su=37;41:sg=30;43:ca=00:tw=30;42:ow=34;42:st=37;44:ex=01;32:*.tar=01;31:*.tgz=01;31:*.arc=01;31:*.arj=01;31:*.taz=01;31:*.lha=01;31:*.lz4=01;31:*.lzh=01;31:*.lzma=01;31:*.tlz=01;31:*.txz=01;31:*.tzo=01;31:*.t7z=01;31:*.zip=01;31:*.z=01;31:*.dz=01;31:*.gz=01;31:*.lrz=01;31:*.lz=01;31:*.lzo=01;31:*.xz=01;31:*.zst=01;31:*.tzst=01;31:*.bz2=01;31:*.bz=01;31:*.tbz=01;31:*.tbz2=01;31:*.tz=01;31:*.deb=01;31:*.rpm=01;31:*.jar=01;31:*.war=01;31:*.ear=01;31:*.sar=01;31:*.rar=01;31:*.alz=01;31:*.ace=01;31:*.zoo=01;31:*.cpio=01;31:*.7z=01;31:*.rz=01;31:*.cab=01;31:*.wim=01;31:*.swm=01;31:*.dwm=01;31:*.esd=01;31:*.avif=01;35:*.jpg=01;35:*.jpeg=01;35:*.mjpg=01;35:*.mjpeg=01;35:*.gif=01;35:*.bmp=01;35:*.pbm=01;35:*.pgm=01;35:*.ppm=01;35:*.tga=01;35:*.xbm=01;35:*.xpm=01;35:*.tif=01;35:*.tiff=01;35:*.png=01;35:*.svg=01;35:*.svgz=01;35:*.mng=01;35:*.pcx=01;35:*.mov=01;35:*.mpg=01;35:*.mpeg=01;35:*.m2v=01;35:*.mkv=01;35:*.webm=01;35:*.webp=01;35:*.ogm=01;35:*.mp4=01;35:*.m4v=01;35:*.mp4v=01;35:*.vob=01;35:*.qt=01;35:*.nuv=01;35:*.wmv=01;35:*.asf=01;35:*.rm=01;35:*.rmvb=01;35:*.flc=01;35:*.avi=01;35:*.fli=01;35:*.flv=01;35:*.gl=01;35:*.dl=01;35:*.xcf=01;35:*.xwd=01;35:*.yuv=01;35:*.cgm=01;35:*.emf=01;35:*.ogv=01;35:*.ogx=01;35:*.aac=00;36:*.au=00;36:*.flac=00;36:*.m4a=00;36:*.mid=00;36:*.midi=00;36:*.mka=00;36:*.mp3=00;36:*.mpc=00;36:*.ogg=00;36:*.ra=00;36:*.wav=00;36:*.oga=00;36:*.opus=00;36:*.spx=00;36:*.xspf=00;36:*~=00;90:*#=00;90:*.bak=00;90:*.crdownload=00;90:*.dpkg-dist=00;90:*.dpkg-new=00;90:*.dpkg-old=00;90:*.dpkg-tmp=00;90:*.old=00;90:*.orig=00;90:*.part=00;90:*.rej=00;90:*.rpmnew=00;90:*.rpmorig=00;90:*.rpmsave=00;90:*.swp=00;90:*.tmp=00;90:*.ucf-dist=00;90:*.ucf-new=00;90:*.ucf-old=00;90:', 'ROS_DOMAIN_ID': '1', 'AMENT_PREFIX_PATH': '/home/strain-drone/Documents/drone_position_hold/ros2_ws/install/mocap4r2_control_msgs:/opt/ros/jazzy', 'SHELL': '/bin/bash', 'LESSCLOSE': '/usr/bin/lesspipe %s %s', 'VIRTUAL_ENV': '/home/strain-drone/venv-ardupilot', 'ROS_AUTOMATIC_DISCOVERY_RANGE': 'SUBNET', 'PWD': '/home/strain-drone/Documents/drone_position_hold/ros2_ws/build/mocap4r2_control', 'LC_ALL': 'en_US.UTF-8', 'SSH_CONNECTION': '100.119.134.77 59684 100.96.124.69 22', 'XDG_DATA_DIRS': '/usr/share/gnome:/usr/local/share:/usr/share:/var/lib/snapd/desktop', 'PYTHONPATH': '/home/strain-drone/Documents/drone_position_hold/ros2_ws/install/mocap4r2_control_msgs/lib/python3.12/site-packages:/opt/ros/jazzy/lib/python3.12/site-packages', 'COLCON': '1', 'CMAKE_PREFIX_PATH': '/home/strain-drone/Documents/drone_position_hold/ros2_ws/install/mocap4r2_control_msgs:/opt/ros/jazzy/opt/gz_math_vendor:/opt/ros/jazzy/opt/gz_utils_vendor:/opt/ros/jazzy/opt/gz_cmake_vendor:/opt/ros/jazzy'}), 'shell': False}
[138.716601] (-) TimerEvent: {}
[138.729308] (mocap4r2_control) StdoutLine: {'line': b'-- Install configuration: ""\n'}
[138.729588] (mocap4r2_control) StdoutLine: {'line': b'-- Installing: /home/strain-drone/Documents/drone_position_hold/ros2_ws/install/mocap4r2_control/include/\n'}
[138.729704] (mocap4r2_control) StdoutLine: {'line': b'-- Installing: /home/strain-drone/Documents/drone_position_hold/ros2_ws/install/mocap4r2_control/include//mocap4r2_control\n'}
[138.729829] (mocap4r2_control) StdoutLine: {'line': b'-- Installing: /home/strain-drone/Documents/drone_position_hold/ros2_ws/install/mocap4r2_control/include//mocap4r2_control/AuxiliarNode.hpp\n'}
[138.729964] (mocap4r2_control) StdoutLine: {'line': b'-- Installing: /home/strain-drone/Documents/drone_position_hold/ros2_ws/install/mocap4r2_control/include//mocap4r2_control/ControlledLifecycleNode.hpp\n'}
[138.730242] (mocap4r2_control) StdoutLine: {'line': b'-- Installing: /home/strain-drone/Documents/drone_position_hold/ros2_ws/install/mocap4r2_control/include//mocap4r2_control/ControllerNode.hpp\n'}
[138.730435] (mocap4r2_control) StdoutLine: {'line': b'-- Installing: /home/strain-drone/Documents/drone_position_hold/ros2_ws/install/mocap4r2_control/share/mocap4r2_control/config\n'}
[138.730610] (mocap4r2_control) StdoutLine: {'line': b'-- Installing: /home/strain-drone/Documents/drone_position_hold/ros2_ws/install/mocap4r2_control/share/mocap4r2_control/config/config_example.yaml\n'}
[138.731933] (mocap4r2_control) StdoutLine: {'line': b'-- Installing: /home/strain-drone/Documents/drone_position_hold/ros2_ws/install/mocap4r2_control/share/mocap4r2_control/launch\n'}
[138.732059] (mocap4r2_control) StdoutLine: {'line': b'-- Installing: /home/strain-drone/Documents/drone_position_hold/ros2_ws/install/mocap4r2_control/share/mocap4r2_control/launch/auxiliar.launch.py\n'}
[138.733025] (mocap4r2_control) StdoutLine: {'line': b'-- Installing: /home/strain-drone/Documents/drone_position_hold/ros2_ws/install/mocap4r2_control/lib/libmocap4r2_control.so\n'}
[138.745442] (mocap4r2_control) StdoutLine: {'line': b'-- Set non-toolchain portion of runtime path of "/home/strain-drone/Documents/drone_position_hold/ros2_ws/install/mocap4r2_control/lib/libmocap4r2_control.so" to ""\n'}
[138.745659] (mocap4r2_control) StdoutLine: {'line': b'-- Installing: /home/strain-drone/Documents/drone_position_hold/ros2_ws/install/mocap4r2_control/lib/mocap4r2_control/auxiliar_main\n'}
[138.746400] (mocap4r2_control) StdoutLine: {'line': b'-- Set non-toolchain portion of runtime path of "/home/strain-drone/Documents/drone_position_hold/ros2_ws/install/mocap4r2_control/lib/mocap4r2_control/auxiliar_main" to ""\n'}
[138.746534] (mocap4r2_control) StdoutLine: {'line': b'-- Installing: /home/strain-drone/Documents/drone_position_hold/ros2_ws/install/mocap4r2_control/share/mocap4r2_control/environment/library_path.sh\n'}
[138.746714] (mocap4r2_control) StdoutLine: {'line': b'-- Installing: /home/strain-drone/Documents/drone_position_hold/ros2_ws/install/mocap4r2_control/share/mocap4r2_control/environment/library_path.dsv\n'}
[138.747029] (mocap4r2_control) StdoutLine: {'line': b'-- Installing: /home/strain-drone/Documents/drone_position_hold/ros2_ws/install/mocap4r2_control/share/ament_index/resource_index/package_run_dependencies/mocap4r2_control\n'}
[138.747275] (mocap4r2_control) StdoutLine: {'line': b'-- Installing: /home/strain-drone/Documents/drone_position_hold/ros2_ws/install/mocap4r2_control/share/ament_index/resource_index/parent_prefix_path/mocap4r2_control\n'}
[138.747452] (mocap4r2_control) StdoutLine: {'line': b'-- Installing: /home/strain-drone/Documents/drone_position_hold/ros2_ws/install/mocap4r2_control/share/mocap4r2_control/environment/ament_prefix_path.sh\n'}
[138.747614] (mocap4r2_control) StdoutLine: {'line': b'-- Installing: /home/strain-drone/Documents/drone_position_hold/ros2_ws/install/mocap4r2_control/share/mocap4r2_control/environment/ament_prefix_path.dsv\n'}
[138.747789] (mocap4r2_control) StdoutLine: {'line': b'-- Installing: /home/strain-drone/Documents/drone_position_hold/ros2_ws/install/mocap4r2_control/share/mocap4r2_control/environment/path.sh\n'}
[138.747974] (mocap4r2_control) StdoutLine: {'line': b'-- Installing: /home/strain-drone/Documents/drone_position_hold/ros2_ws/install/mocap4r2_control/share/mocap4r2_control/environment/path.dsv\n'}
[138.748141] (mocap4r2_control) StdoutLine: {'line': b'-- Installing: /home/strain-drone/Documents/drone_position_hold/ros2_ws/install/mocap4r2_control/share/mocap4r2_control/local_setup.bash\n'}
[138.748306] (mocap4r2_control) StdoutLine: {'line': b'-- Installing: /home/strain-drone/Documents/drone_position_hold/ros2_ws/install/mocap4r2_control/share/mocap4r2_control/local_setup.sh\n'}
[138.748480] (mocap4r2_control) StdoutLine: {'line': b'-- Installing: /home/strain-drone/Documents/drone_position_hold/ros2_ws/install/mocap4r2_control/share/mocap4r2_control/local_setup.zsh\n'}
[138.748643] (mocap4r2_control) StdoutLine: {'line': b'-- Installing: /home/strain-drone/Documents/drone_position_hold/ros2_ws/install/mocap4r2_control/share/mocap4r2_control/local_setup.dsv\n'}
[138.748807] (mocap4r2_control) StdoutLine: {'line': b'-- Installing: /home/strain-drone/Documents/drone_position_hold/ros2_ws/install/mocap4r2_control/share/mocap4r2_control/package.dsv\n'}
[138.749051] (mocap4r2_control) StdoutLine: {'line': b'-- Installing: /home/strain-drone/Documents/drone_position_hold/ros2_ws/install/mocap4r2_control/share/ament_index/resource_index/packages/mocap4r2_control\n'}
[138.749276] (mocap4r2_control) StdoutLine: {'line': b'-- Installing: /home/strain-drone/Documents/drone_position_hold/ros2_ws/install/mocap4r2_control/share/mocap4r2_control/cmake/ament_cmake_export_include_directories-extras.cmake\n'}
[138.749452] (mocap4r2_control) StdoutLine: {'line': b'-- Installing: /home/strain-drone/Documents/drone_position_hold/ros2_ws/install/mocap4r2_control/share/mocap4r2_control/cmake/ament_cmake_export_libraries-extras.cmake\n'}
[138.749633] (mocap4r2_control) StdoutLine: {'line': b'-- Installing: /home/strain-drone/Documents/drone_position_hold/ros2_ws/install/mocap4r2_control/share/mocap4r2_control/cmake/ament_cmake_export_dependencies-extras.cmake\n'}
[138.749817] (mocap4r2_control) StdoutLine: {'line': b'-- Installing: /home/strain-drone/Documents/drone_position_hold/ros2_ws/install/mocap4r2_control/share/mocap4r2_control/cmake/mocap4r2_controlConfig.cmake\n'}
[138.749989] (mocap4r2_control) StdoutLine: {'line': b'-- Installing: /home/strain-drone/Documents/drone_position_hold/ros2_ws/install/mocap4r2_control/share/mocap4r2_control/cmake/mocap4r2_controlConfig-version.cmake\n'}
[138.750164] (mocap4r2_control) StdoutLine: {'line': b'-- Installing: /home/strain-drone/Documents/drone_position_hold/ros2_ws/install/mocap4r2_control/share/mocap4r2_control/package.xml\n'}
[138.753290] (mocap4r2_control) CommandEnded: {'returncode': 0}
[138.778335] (mocap4r2_control) JobEnded: {'identifier': 'mocap4r2_control', 'rc': 0}
[138.779904] (mocap4r2_dummy_driver) JobStarted: {'identifier': 'mocap4r2_dummy_driver'}
[138.783979] (mocap4r2_vicon_driver) JobStarted: {'identifier': 'mocap4r2_vicon_driver'}
[138.789682] (rqt_mocap4r2_control) JobStarted: {'identifier': 'rqt_mocap4r2_control'}
[138.799792] (mocap4r2_dummy_driver) JobProgress: {'identifier': 'mocap4r2_dummy_driver', 'progress': 'cmake'}
[138.801776] (mocap4r2_dummy_driver) Command: {'cmd': ['/usr/bin/cmake', '/home/strain-drone/Documents/drone_position_hold/ros2_ws/src/mocap4r2/mocap4r2_dummy_driver', '-DCMAKE_INSTALL_PREFIX=/home/strain-drone/Documents/drone_position_hold/ros2_ws/install/mocap4r2_dummy_driver'], 'cwd': '/home/strain-drone/Documents/drone_position_hold/ros2_ws/build/mocap4r2_dummy_driver', 'env': OrderedDict({'LESSOPEN': '| /usr/bin/lesspipe %s', 'USER': 'strain-drone', 'SSH_CLIENT': '100.119.134.77 59684 22', 'XDG_SESSION_TYPE': 'tty', 'SHLVL': '1', 'LD_LIBRARY_PATH': '/home/strain-drone/Documents/drone_position_hold/ros2_ws/install/mocap4r2_control/lib:/home/strain-drone/Documents/drone_position_hold/ros2_ws/install/mocap4r2_msgs/lib:/home/strain-drone/Documents/drone_position_hold/ros2_ws/install/mocap4r2_control_msgs/lib:/opt/ros/jazzy/opt/rviz_ogre_vendor/lib:/opt/ros/jazzy/lib/aarch64-linux-gnu:/opt/ros/jazzy/opt/gz_math_vendor/lib:/opt/ros/jazzy/opt/gz_utils_vendor/lib:/opt/ros/jazzy/opt/gz_cmake_vendor/lib:/opt/ros/jazzy/lib:/home/strain-drone/Documents/drone_position_hold/ros2_ws/src/natnet_ros2/deps/NatNetSDK/lib', 'HOME': '/home/strain-drone', 'OLDPWD': '/home/strain-drone', 'SSH_TTY': '/dev/pts/0', 'ROS_PYTHON_VERSION': '3', 'PS1': '(venv-ardupilot) \\[\\e]0;\\u@\\h: \\w\\a\\]${debian_chroot:+($debian_chroot)}\\[\\033[01;32m\\]\\u@\\h\\[\\033[00m\\]:\\[\\033[01;34m\\]\\w\\[\\033[00m\\]\\$', 'DBUS_SESSION_BUS_ADDRESS': 'unix:path=/run/user/1002/bus', 'DEBUGINFOD_URLS': 'https://debuginfod.ubuntu.com', 'ROS_DISTRO': 'jazzy', 'LOGNAME': 'strain-drone', '_': '/usr/bin/colcon', 'ROS_VERSION': '2', 'XDG_SESSION_CLASS': 'user', 'TERM': 'xterm-256color', 'XDG_SESSION_ID': '3', 'PATH': '/usr/lib/ccache:/home/strain-drone/Documents/ardupilot/Tools/autotest:/opt/gcc-arm-none-eabi-10-2020-q4-major/bin:/home/strain-drone/venv-ardupilot/bin:/home/strain-drone/.local/bin:/opt/ros/jazzy/bin:/usr/local/sbin:/usr/local/bin:/usr/sbin:/usr/bin:/sbin:/bin:/usr/games:/usr/local/games:/snap/bin:/home/strain-drone/.local/bin:/home/strain-drone/.local/bin', 'XDG_RUNTIME_DIR': '/run/user/1002', 'LANG': 'en_US.UTF-8', 'VIRTUAL_ENV_PROMPT': '(venv-ardupilot)', 'LS_COLORS': 'rs=0:di=01;34:ln=01;36:mh=00:pi=40;33:so=01;35:do=01;35:bd=40;33;01:cd=40;33;01:or=40;31;01:mi=00:su=37;41:sg=30;43:ca=00:tw=30;42:ow=34;42:st=37;44:ex=01;32:*.tar=01;31:*.tgz=01;31:*.arc=01;31:*.arj=01;31:*.taz=01;31:*.lha=01;31:*.lz4=01;31:*.lzh=01;31:*.lzma=01;31:*.tlz=01;31:*.txz=01;31:*.tzo=01;31:*.t7z=01;31:*.zip=01;31:*.z=01;31:*.dz=01;31:*.gz=01;31:*.lrz=01;31:*.lz=01;31:*.lzo=01;31:*.xz=01;31:*.zst=01;31:*.tzst=01;31:*.bz2=01;31:*.bz=01;31:*.tbz=01;31:*.tbz2=01;31:*.tz=01;31:*.deb=01;31:*.rpm=01;31:*.jar=01;31:*.war=01;31:*.ear=01;31:*.sar=01;31:*.rar=01;31:*.alz=01;31:*.ace=01;31:*.zoo=01;31:*.cpio=01;31:*.7z=01;31:*.rz=01;31:*.cab=01;31:*.wim=01;31:*.swm=01;31:*.dwm=01;31:*.esd=01;31:*.avif=01;35:*.jpg=01;35:*.jpeg=01;35:*.mjpg=01;35:*.mjpeg=01;35:*.gif=01;35:*.bmp=01;35:*.pbm=01;35:*.pgm=01;35:*.ppm=01;35:*.tga=01;35:*.xbm=01;35:*.xpm=01;35:*.tif=01;35:*.tiff=01;35:*.png=01;35:*.svg=01;35:*.svgz=01;35:*.mng=01;35:*.pcx=01;35:*.mov=01;35:*.mpg=01;35:*.mpeg=01;35:*.m2v=01;35:*.mkv=01;35:*.webm=01;35:*.webp=01;35:*.ogm=01;35:*.mp4=01;35:*.m4v=01;35:*.mp4v=01;35:*.vob=01;35:*.qt=01;35:*.nuv=01;35:*.wmv=01;35:*.asf=01;35:*.rm=01;35:*.rmvb=01;35:*.flc=01;35:*.avi=01;35:*.fli=01;35:*.flv=01;35:*.gl=01;35:*.dl=01;35:*.xcf=01;35:*.xwd=01;35:*.yuv=01;35:*.cgm=01;35:*.emf=01;35:*.ogv=01;35:*.ogx=01;35:*.aac=00;36:*.au=00;36:*.flac=00;36:*.m4a=00;36:*.mid=00;36:*.midi=00;36:*.mka=00;36:*.mp3=00;36:*.mpc=00;36:*.ogg=00;36:*.ra=00;36:*.wav=00;36:*.oga=00;36:*.opus=00;36:*.spx=00;36:*.xspf=00;36:*~=00;90:*#=00;90:*.bak=00;90:*.crdownload=00;90:*.dpkg-dist=00;90:*.dpkg-new=00;90:*.dpkg-old=00;90:*.dpkg-tmp=00;90:*.old=00;90:*.orig=00;90:*.part=00;90:*.rej=00;90:*.rpmnew=00;90:*.rpmorig=00;90:*.rpmsave=00;90:*.swp=00;90:*.tmp=00;90:*.ucf-dist=00;90:*.ucf-new=00;90:*.ucf-old=00;90:', 'ROS_DOMAIN_ID': '1', 'AMENT_PREFIX_PATH': '/home/strain-drone/Documents/drone_position_hold/ros2_ws/install/mocap4r2_control:/home/strain-drone/Documents/drone_position_hold/ros2_ws/install/mocap4r2_msgs:/home/strain-drone/Documents/drone_position_hold/ros2_ws/install/mocap4r2_control_msgs:/opt/ros/jazzy', 'SHELL': '/bin/bash', 'LESSCLOSE': '/usr/bin/lesspipe %s %s', 'VIRTUAL_ENV': '/home/strain-drone/venv-ardupilot', 'ROS_AUTOMATIC_DISCOVERY_RANGE': 'SUBNET', 'PWD': '/home/strain-drone/Documents/drone_position_hold/ros2_ws/build/mocap4r2_dummy_driver', 'LC_ALL': 'en_US.UTF-8', 'SSH_CONNECTION': '100.119.134.77 59684 100.96.124.69 22', 'XDG_DATA_DIRS': '/usr/share/gnome:/usr/local/share:/usr/share:/var/lib/snapd/desktop', 'PYTHONPATH': '/home/strain-drone/Documents/drone_position_hold/ros2_ws/install/mocap4r2_msgs/lib/python3.12/site-packages:/home/strain-drone/Documents/drone_position_hold/ros2_ws/install/mocap4r2_control_msgs/lib/python3.12/site-packages:/opt/ros/jazzy/lib/python3.12/site-packages', 'COLCON': '1', 'CMAKE_PREFIX_PATH': '/home/strain-drone/Documents/drone_position_hold/ros2_ws/install/mocap4r2_control:/home/strain-drone/Documents/drone_position_hold/ros2_ws/install/mocap4r2_msgs:/home/strain-drone/Documents/drone_position_hold/ros2_ws/install/mocap4r2_control_msgs:/opt/ros/jazzy/opt/gz_math_vendor:/opt/ros/jazzy/opt/gz_utils_vendor:/opt/ros/jazzy/opt/gz_cmake_vendor:/opt/ros/jazzy'}), 'shell': False}
[138.806400] (mocap4r2_vicon_driver) JobProgress: {'identifier': 'mocap4r2_vicon_driver', 'progress': 'cmake'}
[138.807069] (mocap4r2_vicon_driver) Command: {'cmd': ['/usr/bin/cmake', '/home/strain-drone/Documents/drone_position_hold/ros2_ws/src/mocap4ros2_vicon/mocap4r2_vicon_driver', '-DCMAKE_INSTALL_PREFIX=/home/strain-drone/Documents/drone_position_hold/ros2_ws/install/mocap4r2_vicon_driver'], 'cwd': '/home/strain-drone/Documents/drone_position_hold/ros2_ws/build/mocap4r2_vicon_driver', 'env': OrderedDict({'LESSOPEN': '| /usr/bin/lesspipe %s', 'USER': 'strain-drone', 'SSH_CLIENT': '100.119.134.77 59684 22', 'XDG_SESSION_TYPE': 'tty', 'SHLVL': '1', 'LD_LIBRARY_PATH': '/home/strain-drone/Documents/drone_position_hold/ros2_ws/install/mocap4r2_control/lib:/home/strain-drone/Documents/drone_position_hold/ros2_ws/install/mocap4r2_msgs/lib:/home/strain-drone/Documents/drone_position_hold/ros2_ws/install/mocap4r2_control_msgs/lib:/opt/ros/jazzy/opt/rviz_ogre_vendor/lib:/opt/ros/jazzy/lib/aarch64-linux-gnu:/opt/ros/jazzy/opt/gz_math_vendor/lib:/opt/ros/jazzy/opt/gz_utils_vendor/lib:/opt/ros/jazzy/opt/gz_cmake_vendor/lib:/opt/ros/jazzy/lib:/home/strain-drone/Documents/drone_position_hold/ros2_ws/src/natnet_ros2/deps/NatNetSDK/lib', 'HOME': '/home/strain-drone', 'OLDPWD': '/home/strain-drone', 'SSH_TTY': '/dev/pts/0', 'ROS_PYTHON_VERSION': '3', 'PS1': '(venv-ardupilot) \\[\\e]0;\\u@\\h: \\w\\a\\]${debian_chroot:+($debian_chroot)}\\[\\033[01;32m\\]\\u@\\h\\[\\033[00m\\]:\\[\\033[01;34m\\]\\w\\[\\033[00m\\]\\$', 'DBUS_SESSION_BUS_ADDRESS': 'unix:path=/run/user/1002/bus', 'DEBUGINFOD_URLS': 'https://debuginfod.ubuntu.com', 'ROS_DISTRO': 'jazzy', 'LOGNAME': 'strain-drone', '_': '/usr/bin/colcon', 'ROS_VERSION': '2', 'XDG_SESSION_CLASS': 'user', 'TERM': 'xterm-256color', 'XDG_SESSION_ID': '3', 'PATH': '/usr/lib/ccache:/home/strain-drone/Documents/ardupilot/Tools/autotest:/opt/gcc-arm-none-eabi-10-2020-q4-major/bin:/home/strain-drone/venv-ardupilot/bin:/home/strain-drone/.local/bin:/opt/ros/jazzy/bin:/usr/local/sbin:/usr/local/bin:/usr/sbin:/usr/bin:/sbin:/bin:/usr/games:/usr/local/games:/snap/bin:/home/strain-drone/.local/bin:/home/strain-drone/.local/bin', 'XDG_RUNTIME_DIR': '/run/user/1002', 'LANG': 'en_US.UTF-8', 'VIRTUAL_ENV_PROMPT': '(venv-ardupilot)', 'LS_COLORS': 'rs=0:di=01;34:ln=01;36:mh=00:pi=40;33:so=01;35:do=01;35:bd=40;33;01:cd=40;33;01:or=40;31;01:mi=00:su=37;41:sg=30;43:ca=00:tw=30;42:ow=34;42:st=37;44:ex=01;32:*.tar=01;31:*.tgz=01;31:*.arc=01;31:*.arj=01;31:*.taz=01;31:*.lha=01;31:*.lz4=01;31:*.lzh=01;31:*.lzma=01;31:*.tlz=01;31:*.txz=01;31:*.tzo=01;31:*.t7z=01;31:*.zip=01;31:*.z=01;31:*.dz=01;31:*.gz=01;31:*.lrz=01;31:*.lz=01;31:*.lzo=01;31:*.xz=01;31:*.zst=01;31:*.tzst=01;31:*.bz2=01;31:*.bz=01;31:*.tbz=01;31:*.tbz2=01;31:*.tz=01;31:*.deb=01;31:*.rpm=01;31:*.jar=01;31:*.war=01;31:*.ear=01;31:*.sar=01;31:*.rar=01;31:*.alz=01;31:*.ace=01;31:*.zoo=01;31:*.cpio=01;31:*.7z=01;31:*.rz=01;31:*.cab=01;31:*.wim=01;31:*.swm=01;31:*.dwm=01;31:*.esd=01;31:*.avif=01;35:*.jpg=01;35:*.jpeg=01;35:*.mjpg=01;35:*.mjpeg=01;35:*.gif=01;35:*.bmp=01;35:*.pbm=01;35:*.pgm=01;35:*.ppm=01;35:*.tga=01;35:*.xbm=01;35:*.xpm=01;35:*.tif=01;35:*.tiff=01;35:*.png=01;35:*.svg=01;35:*.svgz=01;35:*.mng=01;35:*.pcx=01;35:*.mov=01;35:*.mpg=01;35:*.mpeg=01;35:*.m2v=01;35:*.mkv=01;35:*.webm=01;35:*.webp=01;35:*.ogm=01;35:*.mp4=01;35:*.m4v=01;35:*.mp4v=01;35:*.vob=01;35:*.qt=01;35:*.nuv=01;35:*.wmv=01;35:*.asf=01;35:*.rm=01;35:*.rmvb=01;35:*.flc=01;35:*.avi=01;35:*.fli=01;35:*.flv=01;35:*.gl=01;35:*.dl=01;35:*.xcf=01;35:*.xwd=01;35:*.yuv=01;35:*.cgm=01;35:*.emf=01;35:*.ogv=01;35:*.ogx=01;35:*.aac=00;36:*.au=00;36:*.flac=00;36:*.m4a=00;36:*.mid=00;36:*.midi=00;36:*.mka=00;36:*.mp3=00;36:*.mpc=00;36:*.ogg=00;36:*.ra=00;36:*.wav=00;36:*.oga=00;36:*.opus=00;36:*.spx=00;36:*.xspf=00;36:*~=00;90:*#=00;90:*.bak=00;90:*.crdownload=00;90:*.dpkg-dist=00;90:*.dpkg-new=00;90:*.dpkg-old=00;90:*.dpkg-tmp=00;90:*.old=00;90:*.orig=00;90:*.part=00;90:*.rej=00;90:*.rpmnew=00;90:*.rpmorig=00;90:*.rpmsave=00;90:*.swp=00;90:*.tmp=00;90:*.ucf-dist=00;90:*.ucf-new=00;90:*.ucf-old=00;90:', 'ROS_DOMAIN_ID': '1', 'AMENT_PREFIX_PATH': '/home/strain-drone/Documents/drone_position_hold/ros2_ws/install/mocap4r2_control:/home/strain-drone/Documents/drone_position_hold/ros2_ws/install/mocap4r2_msgs:/home/strain-drone/Documents/drone_position_hold/ros2_ws/install/mocap4r2_control_msgs:/opt/ros/jazzy', 'SHELL': '/bin/bash', 'LESSCLOSE': '/usr/bin/lesspipe %s %s', 'VIRTUAL_ENV': '/home/strain-drone/venv-ardupilot', 'ROS_AUTOMATIC_DISCOVERY_RANGE': 'SUBNET', 'PWD': '/home/strain-drone/Documents/drone_position_hold/ros2_ws/build/mocap4r2_vicon_driver', 'LC_ALL': 'en_US.UTF-8', 'SSH_CONNECTION': '100.119.134.77 59684 100.96.124.69 22', 'XDG_DATA_DIRS': '/usr/share/gnome:/usr/local/share:/usr/share:/var/lib/snapd/desktop', 'PYTHONPATH': '/home/strain-drone/Documents/drone_position_hold/ros2_ws/install/mocap4r2_msgs/lib/python3.12/site-packages:/home/strain-drone/Documents/drone_position_hold/ros2_ws/install/mocap4r2_control_msgs/lib/python3.12/site-packages:/opt/ros/jazzy/lib/python3.12/site-packages', 'COLCON': '1', 'CMAKE_PREFIX_PATH': '/home/strain-drone/Documents/drone_position_hold/ros2_ws/install/mocap4r2_control:/home/strain-drone/Documents/drone_position_hold/ros2_ws/install/mocap4r2_msgs:/home/strain-drone/Documents/drone_position_hold/ros2_ws/install/mocap4r2_control_msgs:/opt/ros/jazzy/opt/gz_math_vendor:/opt/ros/jazzy/opt/gz_utils_vendor:/opt/ros/jazzy/opt/gz_cmake_vendor:/opt/ros/jazzy'}), 'shell': False}
[138.810373] (rqt_mocap4r2_control) JobProgress: {'identifier': 'rqt_mocap4r2_control', 'progress': 'cmake'}
[138.811271] (rqt_mocap4r2_control) Command: {'cmd': ['/usr/bin/cmake', '/home/strain-drone/Documents/drone_position_hold/ros2_ws/src/mocap4r2/mocap4r2_control/rqt_mocap4r2_control', '-DCMAKE_INSTALL_PREFIX=/home/strain-drone/Documents/drone_position_hold/ros2_ws/install/rqt_mocap4r2_control'], 'cwd': '/home/strain-drone/Documents/drone_position_hold/ros2_ws/build/rqt_mocap4r2_control', 'env': OrderedDict({'LESSOPEN': '| /usr/bin/lesspipe %s', 'USER': 'strain-drone', 'SSH_CLIENT': '100.119.134.77 59684 22', 'XDG_SESSION_TYPE': 'tty', 'SHLVL': '1', 'LD_LIBRARY_PATH': '/home/strain-drone/Documents/drone_position_hold/ros2_ws/install/mocap4r2_control/lib:/home/strain-drone/Documents/drone_position_hold/ros2_ws/install/mocap4r2_control_msgs/lib:/opt/ros/jazzy/opt/rviz_ogre_vendor/lib:/opt/ros/jazzy/lib/aarch64-linux-gnu:/opt/ros/jazzy/opt/gz_math_vendor/lib:/opt/ros/jazzy/opt/gz_utils_vendor/lib:/opt/ros/jazzy/opt/gz_cmake_vendor/lib:/opt/ros/jazzy/lib:/home/strain-drone/Documents/drone_position_hold/ros2_ws/src/natnet_ros2/deps/NatNetSDK/lib', 'HOME': '/home/strain-drone', 'OLDPWD': '/home/strain-drone', 'SSH_TTY': '/dev/pts/0', 'ROS_PYTHON_VERSION': '3', 'PS1': '(venv-ardupilot) \\[\\e]0;\\u@\\h: \\w\\a\\]${debian_chroot:+($debian_chroot)}\\[\\033[01;32m\\]\\u@\\h\\[\\033[00m\\]:\\[\\033[01;34m\\]\\w\\[\\033[00m\\]\\$', 'DBUS_SESSION_BUS_ADDRESS': 'unix:path=/run/user/1002/bus', 'DEBUGINFOD_URLS': 'https://debuginfod.ubuntu.com', 'ROS_DISTRO': 'jazzy', 'LOGNAME': 'strain-drone', '_': '/usr/bin/colcon', 'ROS_VERSION': '2', 'XDG_SESSION_CLASS': 'user', 'TERM': 'xterm-256color', 'XDG_SESSION_ID': '3', 'PATH': '/usr/lib/ccache:/home/strain-drone/Documents/ardupilot/Tools/autotest:/opt/gcc-arm-none-eabi-10-2020-q4-major/bin:/home/strain-drone/venv-ardupilot/bin:/home/strain-drone/.local/bin:/opt/ros/jazzy/bin:/usr/local/sbin:/usr/local/bin:/usr/sbin:/usr/bin:/sbin:/bin:/usr/games:/usr/local/games:/snap/bin:/home/strain-drone/.local/bin:/home/strain-drone/.local/bin', 'XDG_RUNTIME_DIR': '/run/user/1002', 'LANG': 'en_US.UTF-8', 'VIRTUAL_ENV_PROMPT': '(venv-ardupilot)', 'LS_COLORS': 'rs=0:di=01;34:ln=01;36:mh=00:pi=40;33:so=01;35:do=01;35:bd=40;33;01:cd=40;33;01:or=40;31;01:mi=00:su=37;41:sg=30;43:ca=00:tw=30;42:ow=34;42:st=37;44:ex=01;32:*.tar=01;31:*.tgz=01;31:*.arc=01;31:*.arj=01;31:*.taz=01;31:*.lha=01;31:*.lz4=01;31:*.lzh=01;31:*.lzma=01;31:*.tlz=01;31:*.txz=01;31:*.tzo=01;31:*.t7z=01;31:*.zip=01;31:*.z=01;31:*.dz=01;31:*.gz=01;31:*.lrz=01;31:*.lz=01;31:*.lzo=01;31:*.xz=01;31:*.zst=01;31:*.tzst=01;31:*.bz2=01;31:*.bz=01;31:*.tbz=01;31:*.tbz2=01;31:*.tz=01;31:*.deb=01;31:*.rpm=01;31:*.jar=01;31:*.war=01;31:*.ear=01;31:*.sar=01;31:*.rar=01;31:*.alz=01;31:*.ace=01;31:*.zoo=01;31:*.cpio=01;31:*.7z=01;31:*.rz=01;31:*.cab=01;31:*.wim=01;31:*.swm=01;31:*.dwm=01;31:*.esd=01;31:*.avif=01;35:*.jpg=01;35:*.jpeg=01;35:*.mjpg=01;35:*.mjpeg=01;35:*.gif=01;35:*.bmp=01;35:*.pbm=01;35:*.pgm=01;35:*.ppm=01;35:*.tga=01;35:*.xbm=01;35:*.xpm=01;35:*.tif=01;35:*.tiff=01;35:*.png=01;35:*.svg=01;35:*.svgz=01;35:*.mng=01;35:*.pcx=01;35:*.mov=01;35:*.mpg=01;35:*.mpeg=01;35:*.m2v=01;35:*.mkv=01;35:*.webm=01;35:*.webp=01;35:*.ogm=01;35:*.mp4=01;35:*.m4v=01;35:*.mp4v=01;35:*.vob=01;35:*.qt=01;35:*.nuv=01;35:*.wmv=01;35:*.asf=01;35:*.rm=01;35:*.rmvb=01;35:*.flc=01;35:*.avi=01;35:*.fli=01;35:*.flv=01;35:*.gl=01;35:*.dl=01;35:*.xcf=01;35:*.xwd=01;35:*.yuv=01;35:*.cgm=01;35:*.emf=01;35:*.ogv=01;35:*.ogx=01;35:*.aac=00;36:*.au=00;36:*.flac=00;36:*.m4a=00;36:*.mid=00;36:*.midi=00;36:*.mka=00;36:*.mp3=00;36:*.mpc=00;36:*.ogg=00;36:*.ra=00;36:*.wav=00;36:*.oga=00;36:*.opus=00;36:*.spx=00;36:*.xspf=00;36:*~=00;90:*#=00;90:*.bak=00;90:*.crdownload=00;90:*.dpkg-dist=00;90:*.dpkg-new=00;90:*.dpkg-old=00;90:*.dpkg-tmp=00;90:*.old=00;90:*.orig=00;90:*.part=00;90:*.rej=00;90:*.rpmnew=00;90:*.rpmorig=00;90:*.rpmsave=00;90:*.swp=00;90:*.tmp=00;90:*.ucf-dist=00;90:*.ucf-new=00;90:*.ucf-old=00;90:', 'ROS_DOMAIN_ID': '1', 'AMENT_PREFIX_PATH': '/home/strain-drone/Documents/drone_position_hold/ros2_ws/install/mocap4r2_control:/home/strain-drone/Documents/drone_position_hold/ros2_ws/install/mocap4r2_control_msgs:/opt/ros/jazzy', 'SHELL': '/bin/bash', 'LESSCLOSE': '/usr/bin/lesspipe %s %s', 'VIRTUAL_ENV': '/home/strain-drone/venv-ardupilot', 'ROS_AUTOMATIC_DISCOVERY_RANGE': 'SUBNET', 'PWD': '/home/strain-drone/Documents/drone_position_hold/ros2_ws/build/rqt_mocap4r2_control', 'LC_ALL': 'en_US.UTF-8', 'SSH_CONNECTION': '100.119.134.77 59684 100.96.124.69 22', 'XDG_DATA_DIRS': '/usr/share/gnome:/usr/local/share:/usr/share:/var/lib/snapd/desktop', 'PYTHONPATH': '/home/strain-drone/Documents/drone_position_hold/ros2_ws/install/mocap4r2_control_msgs/lib/python3.12/site-packages:/opt/ros/jazzy/lib/python3.12/site-packages', 'COLCON': '1', 'CMAKE_PREFIX_PATH': '/home/strain-drone/Documents/drone_position_hold/ros2_ws/install/mocap4r2_control:/home/strain-drone/Documents/drone_position_hold/ros2_ws/install/mocap4r2_control_msgs:/opt/ros/jazzy/opt/gz_math_vendor:/opt/ros/jazzy/opt/gz_utils_vendor:/opt/ros/jazzy/opt/gz_cmake_vendor:/opt/ros/jazzy'}), 'shell': False}
[138.816729] (-) TimerEvent: {}
[138.919187] (-) TimerEvent: {}
[138.950359] (mocap4r2_dummy_driver) StdoutLine: {'line': b'-- The C compiler identification is GNU 13.3.0\n'}
[138.952206] (mocap4r2_vicon_driver) StdoutLine: {'line': b'-- The C compiler identification is GNU 13.3.0\n'}
[138.956103] (rqt_mocap4r2_control) StdoutLine: {'line': b'-- The C compiler identification is GNU 13.3.0\n'}
[139.022022] (-) TimerEvent: {}
[139.122196] (rqt_mocap4r2_control) StdoutLine: {'line': b'-- The CXX compiler identification is GNU 13.3.0\n'}
[139.122550] (-) TimerEvent: {}
[139.123094] (mocap4r2_dummy_driver) StdoutLine: {'line': b'-- The CXX compiler identification is GNU 13.3.0\n'}
[139.127238] (mocap4r2_vicon_driver) StdoutLine: {'line': b'-- The CXX compiler identification is GNU 13.3.0\n'}
[139.160712] (rqt_mocap4r2_control) StdoutLine: {'line': b'-- Detecting C compiler ABI info\n'}
[139.162553] (mocap4r2_dummy_driver) StdoutLine: {'line': b'-- Detecting C compiler ABI info\n'}
[139.164848] (mocap4r2_vicon_driver) StdoutLine: {'line': b'-- Detecting C compiler ABI info\n'}
[139.222711] (-) TimerEvent: {}
[139.323313] (-) TimerEvent: {}
[139.346103] (mocap4r2_vicon_driver) StdoutLine: {'line': b'-- Detecting C compiler ABI info - done\n'}
[139.346405] (mocap4r2_dummy_driver) StdoutLine: {'line': b'-- Detecting C compiler ABI info - done\n'}
[139.349292] (rqt_mocap4r2_control) StdoutLine: {'line': b'-- Detecting C compiler ABI info - done\n'}
[139.360442] (mocap4r2_vicon_driver) StdoutLine: {'line': b'-- Check for working C compiler: /usr/lib/ccache/cc - skipped\n'}
[139.360754] (mocap4r2_dummy_driver) StdoutLine: {'line': b'-- Check for working C compiler: /usr/lib/ccache/cc - skipped\n'}
[139.360988] (mocap4r2_vicon_driver) StdoutLine: {'line': b'-- Detecting C compile features\n'}
[139.361091] (mocap4r2_dummy_driver) StdoutLine: {'line': b'-- Detecting C compile features\n'}
[139.361402] (mocap4r2_vicon_driver) StdoutLine: {'line': b'-- Detecting C compile features - done\n'}
[139.361578] (mocap4r2_dummy_driver) StdoutLine: {'line': b'-- Detecting C compile features - done\n'}
[139.363555] (rqt_mocap4r2_control) StdoutLine: {'line': b'-- Check for working C compiler: /usr/lib/ccache/cc - skipped\n'}
[139.363953] (rqt_mocap4r2_control) StdoutLine: {'line': b'-- Detecting C compile features\n'}
[139.364984] (rqt_mocap4r2_control) StdoutLine: {'line': b'-- Detecting C compile features - done\n'}
[139.383246] (mocap4r2_dummy_driver) StdoutLine: {'line': b'-- Detecting CXX compiler ABI info\n'}
[139.383641] (mocap4r2_vicon_driver) StdoutLine: {'line': b'-- Detecting CXX compiler ABI info\n'}
[139.384380] (rqt_mocap4r2_control) StdoutLine: {'line': b'-- Detecting CXX compiler ABI info\n'}
[139.423466] (-) TimerEvent: {}
[139.524072] (-) TimerEvent: {}
[139.588594] (rqt_mocap4r2_control) StdoutLine: {'line': b'-- Detecting CXX compiler ABI info - done\n'}
[139.588933] (mocap4r2_vicon_driver) StdoutLine: {'line': b'-- Detecting CXX compiler ABI info - done\n'}
[139.589160] (mocap4r2_dummy_driver) StdoutLine: {'line': b'-- Detecting CXX compiler ABI info - done\n'}
[139.603221] (rqt_mocap4r2_control) StdoutLine: {'line': b'-- Check for working CXX compiler: /usr/lib/ccache/c++ - skipped\n'}
[139.603522] (mocap4r2_vicon_driver) StdoutLine: {'line': b'-- Check for working CXX compiler: /usr/lib/ccache/c++ - skipped\n'}
[139.603785] (mocap4r2_vicon_driver) StdoutLine: {'line': b'-- Detecting CXX compile features\n'}
[139.603927] (rqt_mocap4r2_control) StdoutLine: {'line': b'-- Detecting CXX compile features\n'}
[139.604084] (mocap4r2_dummy_driver) StdoutLine: {'line': b'-- Check for working CXX compiler: /usr/lib/ccache/c++ - skipped\n'}
[139.604374] (mocap4r2_dummy_driver) StdoutLine: {'line': b'-- Detecting CXX compile features\n'}
[139.604518] (mocap4r2_vicon_driver) StdoutLine: {'line': b'-- Detecting CXX compile features - done\n'}
[139.604634] (rqt_mocap4r2_control) StdoutLine: {'line': b'-- Detecting CXX compile features - done\n'}
[139.605120] (mocap4r2_dummy_driver) StdoutLine: {'line': b'-- Detecting CXX compile features - done\n'}
[139.608172] (rqt_mocap4r2_control) StdoutLine: {'line': b'-- Found ament_cmake: 2.5.4 (/opt/ros/jazzy/share/ament_cmake/cmake)\n'}
[139.608344] (mocap4r2_vicon_driver) StdoutLine: {'line': b'-- Found ament_cmake: 2.5.4 (/opt/ros/jazzy/share/ament_cmake/cmake)\n'}
[139.608710] (mocap4r2_dummy_driver) StdoutLine: {'line': b'-- Found ament_cmake: 2.5.4 (/opt/ros/jazzy/share/ament_cmake/cmake)\n'}
[139.624158] (-) TimerEvent: {}
[139.724654] (-) TimerEvent: {}
[139.826990] (-) TimerEvent: {}
[139.915247] (rqt_mocap4r2_control) StdoutLine: {'line': b'-- Found Python3: /home/strain-drone/venv-ardupilot/bin/python3 (found version "3.12.3") found components: Interpreter \n'}
[139.915838] (mocap4r2_vicon_driver) StdoutLine: {'line': b'-- Found Python3: /home/strain-drone/venv-ardupilot/bin/python3 (found version "3.12.3") found components: Interpreter \n'}
[139.916480] (mocap4r2_dummy_driver) StdoutLine: {'line': b'-- Found Python3: /home/strain-drone/venv-ardupilot/bin/python3 (found version "3.12.3") found components: Interpreter \n'}
[139.927187] (-) TimerEvent: {}
[140.028705] (-) TimerEvent: {}
[140.129520] (-) TimerEvent: {}
[140.133332] (rqt_mocap4r2_control) StdoutLine: {'line': b'-- Found rclcpp: 28.1.9 (/opt/ros/jazzy/share/rclcpp/cmake)\n'}
[140.134336] (mocap4r2_dummy_driver) StdoutLine: {'line': b'-- Found rclcpp: 28.1.9 (/opt/ros/jazzy/share/rclcpp/cmake)\n'}
[140.135150] (mocap4r2_vicon_driver) StdoutLine: {'line': b'-- Found rclcpp: 28.1.9 (/opt/ros/jazzy/share/rclcpp/cmake)\n'}
[140.188469] (rqt_mocap4r2_control) StdoutLine: {'line': b'-- Found rosidl_generator_c: 4.6.5 (/opt/ros/jazzy/share/rosidl_generator_c/cmake)\n'}
[140.190502] (mocap4r2_vicon_driver) StdoutLine: {'line': b'-- Found rosidl_generator_c: 4.6.5 (/opt/ros/jazzy/share/rosidl_generator_c/cmake)\n'}
[140.190760] (mocap4r2_dummy_driver) StdoutLine: {'line': b'-- Found rosidl_generator_c: 4.6.5 (/opt/ros/jazzy/share/rosidl_generator_c/cmake)\n'}
[140.209228] (rqt_mocap4r2_control) StdoutLine: {'line': b'-- Found rosidl_generator_cpp: 4.6.5 (/opt/ros/jazzy/share/rosidl_generator_cpp/cmake)\n'}
[140.211002] (mocap4r2_vicon_driver) StdoutLine: {'line': b'-- Found rosidl_generator_cpp: 4.6.5 (/opt/ros/jazzy/share/rosidl_generator_cpp/cmake)\n'}
[140.211204] (mocap4r2_dummy_driver) StdoutLine: {'line': b'-- Found rosidl_generator_cpp: 4.6.5 (/opt/ros/jazzy/share/rosidl_generator_cpp/cmake)\n'}
[140.229612] (-) TimerEvent: {}
[140.232805] (rqt_mocap4r2_control) StdoutLine: {'line': b'-- Using all available rosidl_typesupport_c: rosidl_typesupport_fastrtps_c;rosidl_typesupport_introspection_c\n'}
[140.234798] (mocap4r2_vicon_driver) StdoutLine: {'line': b'-- Using all available rosidl_typesupport_c: rosidl_typesupport_fastrtps_c;rosidl_typesupport_introspection_c\n'}
[140.235064] (mocap4r2_dummy_driver) StdoutLine: {'line': b'-- Using all available rosidl_typesupport_c: rosidl_typesupport_fastrtps_c;rosidl_typesupport_introspection_c\n'}
[140.259249] (rqt_mocap4r2_control) StdoutLine: {'line': b'-- Using all available rosidl_typesupport_cpp: rosidl_typesupport_fastrtps_cpp;rosidl_typesupport_introspection_cpp\n'}
[140.261624] (mocap4r2_vicon_driver) StdoutLine: {'line': b'-- Using all available rosidl_typesupport_cpp: rosidl_typesupport_fastrtps_cpp;rosidl_typesupport_introspection_cpp\n'}
[140.261971] (mocap4r2_dummy_driver) StdoutLine: {'line': b'-- Using all available rosidl_typesupport_cpp: rosidl_typesupport_fastrtps_cpp;rosidl_typesupport_introspection_cpp\n'}
[140.329721] (-) TimerEvent: {}
[140.364655] (rqt_mocap4r2_control) StdoutLine: {'line': b'-- Found rmw_implementation_cmake: 7.3.2 (/opt/ros/jazzy/share/rmw_implementation_cmake/cmake)\n'}
[140.368754] (rqt_mocap4r2_control) StdoutLine: {'line': b'-- Found rmw_fastrtps_cpp: 8.4.2 (/opt/ros/jazzy/share/rmw_fastrtps_cpp/cmake)\n'}
[140.369035] (mocap4r2_vicon_driver) StdoutLine: {'line': b'-- Found rmw_implementation_cmake: 7.3.2 (/opt/ros/jazzy/share/rmw_implementation_cmake/cmake)\n'}
[140.369164] (mocap4r2_dummy_driver) StdoutLine: {'line': b'-- Found rmw_implementation_cmake: 7.3.2 (/opt/ros/jazzy/share/rmw_implementation_cmake/cmake)\n'}
[140.373315] (mocap4r2_dummy_driver) StdoutLine: {'line': b'-- Found rmw_fastrtps_cpp: 8.4.2 (/opt/ros/jazzy/share/rmw_fastrtps_cpp/cmake)\n'}
[140.373548] (mocap4r2_vicon_driver) StdoutLine: {'line': b'-- Found rmw_fastrtps_cpp: 8.4.2 (/opt/ros/jazzy/share/rmw_fastrtps_cpp/cmake)\n'}
[140.430694] (-) TimerEvent: {}
[140.519273] (rqt_mocap4r2_control) StdoutLine: {'line': b'-- Found OpenSSL: /usr/lib/aarch64-linux-gnu/libcrypto.so (found version "3.0.13")  \n'}
[140.521803] (mocap4r2_dummy_driver) StdoutLine: {'line': b'-- Found OpenSSL: /usr/lib/aarch64-linux-gnu/libcrypto.so (found version "3.0.13")  \n'}
[140.522152] (mocap4r2_vicon_driver) StdoutLine: {'line': b'-- Found OpenSSL: /usr/lib/aarch64-linux-gnu/libcrypto.so (found version "3.0.13")  \n'}
[140.531030] (-) TimerEvent: {}
[140.547562] (rqt_mocap4r2_control) StdoutLine: {'line': b'-- Found FastRTPS: /opt/ros/jazzy/include (Required is at least version "2.13") \n'}
[140.550981] (mocap4r2_dummy_driver) StdoutLine: {'line': b'-- Found FastRTPS: /opt/ros/jazzy/include (Required is at least version "2.13") \n'}
[140.551393] (mocap4r2_vicon_driver) StdoutLine: {'line': b'-- Found FastRTPS: /opt/ros/jazzy/include (Required is at least version "2.13") \n'}
[140.587261] (rqt_mocap4r2_control) StdoutLine: {'line': b"-- Using RMW implementation 'rmw_fastrtps_cpp' as default\n"}
[140.590217] (mocap4r2_vicon_driver) StdoutLine: {'line': b"-- Using RMW implementation 'rmw_fastrtps_cpp' as default\n"}
[140.590664] (mocap4r2_dummy_driver) StdoutLine: {'line': b"-- Using RMW implementation 'rmw_fastrtps_cpp' as default\n"}
[140.631120] (-) TimerEvent: {}
[140.690444] (rqt_mocap4r2_control) StdoutLine: {'line': b'-- Found qt_gui_cpp: 2.7.5 (/opt/ros/jazzy/share/qt_gui_cpp/cmake)\n'}
[140.693430] (mocap4r2_vicon_driver) StdoutLine: {'line': b'-- Found rclcpp_lifecycle: 28.1.9 (/opt/ros/jazzy/share/rclcpp_lifecycle/cmake)\n'}
[140.693671] (mocap4r2_dummy_driver) StdoutLine: {'line': b'-- Found rclcpp_lifecycle: 28.1.9 (/opt/ros/jazzy/share/rclcpp_lifecycle/cmake)\n'}
[140.720941] (rqt_mocap4r2_control) StdoutLine: {'line': b'-- Found rqt_gui_cpp: 1.6.0 (/opt/ros/jazzy/share/rqt_gui_cpp/cmake)\n'}
[140.727656] (rqt_mocap4r2_control) StdoutLine: {'line': b'-- Found mocap4r2_control: 0.0.7 (/home/strain-drone/Documents/drone_position_hold/ros2_ws/install/mocap4r2_control/share/mocap4r2_control/cmake)\n'}
[140.731208] (-) TimerEvent: {}
[140.736932] (mocap4r2_dummy_driver) StdoutLine: {'line': b'-- Found mocap4r2_msgs: 0.0.3 (/home/strain-drone/Documents/drone_position_hold/ros2_ws/install/mocap4r2_msgs/share/mocap4r2_msgs/cmake)\n'}
[140.737275] (mocap4r2_vicon_driver) StdoutLine: {'line': b'-- Found mocap4r2_msgs: 0.0.3 (/home/strain-drone/Documents/drone_position_hold/ros2_ws/install/mocap4r2_msgs/share/mocap4r2_msgs/cmake)\n'}
[140.809318] (mocap4r2_vicon_driver) StdoutLine: {'line': b'-- Found mocap4r2_control: 0.0.7 (/home/strain-drone/Documents/drone_position_hold/ros2_ws/install/mocap4r2_control/share/mocap4r2_control/cmake)\n'}
[140.809592] (mocap4r2_dummy_driver) StdoutLine: {'line': b'-- Found mocap4r2_control: 0.0.7 (/home/strain-drone/Documents/drone_position_hold/ros2_ws/install/mocap4r2_control/share/mocap4r2_control/cmake)\n'}
[140.831316] (-) TimerEvent: {}
[140.861718] (mocap4r2_dummy_driver) StdoutLine: {'line': b'-- Found ament_lint_auto: 0.17.2 (/opt/ros/jazzy/share/ament_lint_auto/cmake)\n'}
[140.910141] (rqt_mocap4r2_control) StdoutLine: {'line': b'-- Found sensor_msgs: 5.3.6 (/opt/ros/jazzy/share/sensor_msgs/cmake)\n'}
[140.931459] (-) TimerEvent: {}
[141.032021] (-) TimerEvent: {}
[141.102149] (mocap4r2_dummy_driver) StdoutLine: {'line': b"-- Added test 'copyright' to check source files copyright and LICENSE\n"}
[141.106571] (mocap4r2_dummy_driver) StdoutLine: {'line': b"-- Added test 'cppcheck' to perform static code analysis on C / C++ code\n"}
[141.107406] (mocap4r2_dummy_driver) StdoutLine: {'line': b'-- Configured cppcheck include dirs: /home/strain-drone/Documents/drone_position_hold/ros2_ws/src/mocap4r2/mocap4r2_dummy_driver/include\n'}
[141.107637] (mocap4r2_dummy_driver) StdoutLine: {'line': b'-- Configured cppcheck exclude dirs and/or files: \n'}
[141.109902] (mocap4r2_dummy_driver) StdoutLine: {'line': b"-- Added test 'cpplint' to check C / C++ code against the Google style\n"}
[141.110191] (mocap4r2_dummy_driver) StdoutLine: {'line': b'-- Configured cpplint exclude dirs and/or files: \n'}
[141.111371] (mocap4r2_dummy_driver) StdoutLine: {'line': b"-- Added test 'flake8' to check Python code syntax and style conventions\n"}
[141.111608] (mocap4r2_dummy_driver) StdoutLine: {'line': b"-- Configured 'flake8' exclude dirs and/or files: \n"}
[141.112870] (mocap4r2_dummy_driver) StdoutLine: {'line': b"-- Added test 'lint_cmake' to check CMake code style\n"}
[141.114439] (mocap4r2_dummy_driver) StdoutLine: {'line': b"-- Added test 'pep257' to check Python code against some of the docstring style conventions in PEP 257\n"}
[141.116964] (mocap4r2_dummy_driver) StdoutLine: {'line': b"-- Added test 'uncrustify' to check C / C++ code style\n"}
[141.117426] (mocap4r2_dummy_driver) StdoutLine: {'line': b'-- Configured uncrustify additional arguments: \n'}
[141.118773] (mocap4r2_dummy_driver) StdoutLine: {'line': b"-- Added test 'xmllint' to check XML markup files\n"}
[141.123338] (mocap4r2_dummy_driver) StdoutLine: {'line': b'-- Configuring done (2.3s)\n'}
[141.133143] (-) TimerEvent: {}
[141.146103] (mocap4r2_vicon_driver) StdoutLine: {'line': b'-- Found Boost: /usr/lib/aarch64-linux-gnu/cmake/Boost-1.83.0/BoostConfig.cmake (found version "1.83.0") found components: thread date_time chrono \n'}
[141.170217] (rqt_mocap4r2_control) StdoutLine: {'line': b'-- Configuring done (2.3s)\n'}
[141.215112] (mocap4r2_dummy_driver) StdoutLine: {'line': b'-- Generating done (0.1s)\n'}
[141.217145] (rqt_mocap4r2_control) StdoutLine: {'line': b'-- Generating done (0.0s)\n'}
[141.217639] (mocap4r2_vicon_driver) StdoutLine: {'line': b'-- Found ament_cmake_copyright: 0.17.2 (/opt/ros/jazzy/share/ament_cmake_copyright/cmake)\n'}
[141.220906] (mocap4r2_vicon_driver) StdoutLine: {'line': b'-- Found ament_cmake_cppcheck: 0.17.2 (/opt/ros/jazzy/share/ament_cmake_cppcheck/cmake)\n'}
[141.224987] (mocap4r2_dummy_driver) StdoutLine: {'line': b'-- Build files have been written to: /home/strain-drone/Documents/drone_position_hold/ros2_ws/build/mocap4r2_dummy_driver\n'}
[141.225336] (mocap4r2_vicon_driver) StdoutLine: {'line': b'-- Found ament_cmake_cpplint: 0.17.2 (/opt/ros/jazzy/share/ament_cmake_cpplint/cmake)\n'}
[141.227653] (rqt_mocap4r2_control) StdoutLine: {'line': b'-- Build files have been written to: /home/strain-drone/Documents/drone_position_hold/ros2_ws/build/rqt_mocap4r2_control\n'}
[141.228600] (mocap4r2_vicon_driver) StdoutLine: {'line': b'-- Found ament_cmake_lint_cmake: 0.17.2 (/opt/ros/jazzy/share/ament_cmake_lint_cmake/cmake)\n'}
[141.233086] (mocap4r2_vicon_driver) StdoutLine: {'line': b'-- Found ament_cmake_xmllint: 0.17.2 (/opt/ros/jazzy/share/ament_cmake_xmllint/cmake)\n'}
[141.233451] (-) TimerEvent: {}
[141.237732] (mocap4r2_vicon_driver) StdoutLine: {'line': b'-- Found ament_cmake_uncrustify: 0.17.2 (/opt/ros/jazzy/share/ament_cmake_uncrustify/cmake)\n'}
[141.258671] (mocap4r2_vicon_driver) StdoutLine: {'line': b'-- Found ament_cmake_gtest: 2.5.4 (/opt/ros/jazzy/share/ament_cmake_gtest/cmake)\n'}
[141.260364] (mocap4r2_dummy_driver) CommandEnded: {'returncode': 0}
[141.260901] (mocap4r2_dummy_driver) JobProgress: {'identifier': 'mocap4r2_dummy_driver', 'progress': 'build'}
[141.260983] (mocap4r2_dummy_driver) Command: {'cmd': ['/usr/bin/cmake', '--build', '/home/strain-drone/Documents/drone_position_hold/ros2_ws/build/mocap4r2_dummy_driver', '--', '-j4', '-l4'], 'cwd': '/home/strain-drone/Documents/drone_position_hold/ros2_ws/build/mocap4r2_dummy_driver', 'env': OrderedDict({'LESSOPEN': '| /usr/bin/lesspipe %s', 'USER': 'strain-drone', 'SSH_CLIENT': '100.119.134.77 59684 22', 'XDG_SESSION_TYPE': 'tty', 'SHLVL': '1', 'LD_LIBRARY_PATH': '/home/strain-drone/Documents/drone_position_hold/ros2_ws/install/mocap4r2_control/lib:/home/strain-drone/Documents/drone_position_hold/ros2_ws/install/mocap4r2_msgs/lib:/home/strain-drone/Documents/drone_position_hold/ros2_ws/install/mocap4r2_control_msgs/lib:/opt/ros/jazzy/opt/rviz_ogre_vendor/lib:/opt/ros/jazzy/lib/aarch64-linux-gnu:/opt/ros/jazzy/opt/gz_math_vendor/lib:/opt/ros/jazzy/opt/gz_utils_vendor/lib:/opt/ros/jazzy/opt/gz_cmake_vendor/lib:/opt/ros/jazzy/lib:/home/strain-drone/Documents/drone_position_hold/ros2_ws/src/natnet_ros2/deps/NatNetSDK/lib', 'HOME': '/home/strain-drone', 'OLDPWD': '/home/strain-drone', 'SSH_TTY': '/dev/pts/0', 'ROS_PYTHON_VERSION': '3', 'PS1': '(venv-ardupilot) \\[\\e]0;\\u@\\h: \\w\\a\\]${debian_chroot:+($debian_chroot)}\\[\\033[01;32m\\]\\u@\\h\\[\\033[00m\\]:\\[\\033[01;34m\\]\\w\\[\\033[00m\\]\\$', 'DBUS_SESSION_BUS_ADDRESS': 'unix:path=/run/user/1002/bus', 'DEBUGINFOD_URLS': 'https://debuginfod.ubuntu.com', 'ROS_DISTRO': 'jazzy', 'LOGNAME': 'strain-drone', '_': '/usr/bin/colcon', 'ROS_VERSION': '2', 'XDG_SESSION_CLASS': 'user', 'TERM': 'xterm-256color', 'XDG_SESSION_ID': '3', 'PATH': '/usr/lib/ccache:/home/strain-drone/Documents/ardupilot/Tools/autotest:/opt/gcc-arm-none-eabi-10-2020-q4-major/bin:/home/strain-drone/venv-ardupilot/bin:/home/strain-drone/.local/bin:/opt/ros/jazzy/bin:/usr/local/sbin:/usr/local/bin:/usr/sbin:/usr/bin:/sbin:/bin:/usr/games:/usr/local/games:/snap/bin:/home/strain-drone/.local/bin:/home/strain-drone/.local/bin', 'XDG_RUNTIME_DIR': '/run/user/1002', 'LANG': 'en_US.UTF-8', 'VIRTUAL_ENV_PROMPT': '(venv-ardupilot)', 'LS_COLORS': 'rs=0:di=01;34:ln=01;36:mh=00:pi=40;33:so=01;35:do=01;35:bd=40;33;01:cd=40;33;01:or=40;31;01:mi=00:su=37;41:sg=30;43:ca=00:tw=30;42:ow=34;42:st=37;44:ex=01;32:*.tar=01;31:*.tgz=01;31:*.arc=01;31:*.arj=01;31:*.taz=01;31:*.lha=01;31:*.lz4=01;31:*.lzh=01;31:*.lzma=01;31:*.tlz=01;31:*.txz=01;31:*.tzo=01;31:*.t7z=01;31:*.zip=01;31:*.z=01;31:*.dz=01;31:*.gz=01;31:*.lrz=01;31:*.lz=01;31:*.lzo=01;31:*.xz=01;31:*.zst=01;31:*.tzst=01;31:*.bz2=01;31:*.bz=01;31:*.tbz=01;31:*.tbz2=01;31:*.tz=01;31:*.deb=01;31:*.rpm=01;31:*.jar=01;31:*.war=01;31:*.ear=01;31:*.sar=01;31:*.rar=01;31:*.alz=01;31:*.ace=01;31:*.zoo=01;31:*.cpio=01;31:*.7z=01;31:*.rz=01;31:*.cab=01;31:*.wim=01;31:*.swm=01;31:*.dwm=01;31:*.esd=01;31:*.avif=01;35:*.jpg=01;35:*.jpeg=01;35:*.mjpg=01;35:*.mjpeg=01;35:*.gif=01;35:*.bmp=01;35:*.pbm=01;35:*.pgm=01;35:*.ppm=01;35:*.tga=01;35:*.xbm=01;35:*.xpm=01;35:*.tif=01;35:*.tiff=01;35:*.png=01;35:*.svg=01;35:*.svgz=01;35:*.mng=01;35:*.pcx=01;35:*.mov=01;35:*.mpg=01;35:*.mpeg=01;35:*.m2v=01;35:*.mkv=01;35:*.webm=01;35:*.webp=01;35:*.ogm=01;35:*.mp4=01;35:*.m4v=01;35:*.mp4v=01;35:*.vob=01;35:*.qt=01;35:*.nuv=01;35:*.wmv=01;35:*.asf=01;35:*.rm=01;35:*.rmvb=01;35:*.flc=01;35:*.avi=01;35:*.fli=01;35:*.flv=01;35:*.gl=01;35:*.dl=01;35:*.xcf=01;35:*.xwd=01;35:*.yuv=01;35:*.cgm=01;35:*.emf=01;35:*.ogv=01;35:*.ogx=01;35:*.aac=00;36:*.au=00;36:*.flac=00;36:*.m4a=00;36:*.mid=00;36:*.midi=00;36:*.mka=00;36:*.mp3=00;36:*.mpc=00;36:*.ogg=00;36:*.ra=00;36:*.wav=00;36:*.oga=00;36:*.opus=00;36:*.spx=00;36:*.xspf=00;36:*~=00;90:*#=00;90:*.bak=00;90:*.crdownload=00;90:*.dpkg-dist=00;90:*.dpkg-new=00;90:*.dpkg-old=00;90:*.dpkg-tmp=00;90:*.old=00;90:*.orig=00;90:*.part=00;90:*.rej=00;90:*.rpmnew=00;90:*.rpmorig=00;90:*.rpmsave=00;90:*.swp=00;90:*.tmp=00;90:*.ucf-dist=00;90:*.ucf-new=00;90:*.ucf-old=00;90:', 'ROS_DOMAIN_ID': '1', 'AMENT_PREFIX_PATH': '/home/strain-drone/Documents/drone_position_hold/ros2_ws/install/mocap4r2_control:/home/strain-drone/Documents/drone_position_hold/ros2_ws/install/mocap4r2_msgs:/home/strain-drone/Documents/drone_position_hold/ros2_ws/install/mocap4r2_control_msgs:/opt/ros/jazzy', 'SHELL': '/bin/bash', 'LESSCLOSE': '/usr/bin/lesspipe %s %s', 'VIRTUAL_ENV': '/home/strain-drone/venv-ardupilot', 'ROS_AUTOMATIC_DISCOVERY_RANGE': 'SUBNET', 'PWD': '/home/strain-drone/Documents/drone_position_hold/ros2_ws/build/mocap4r2_dummy_driver', 'LC_ALL': 'en_US.UTF-8', 'SSH_CONNECTION': '100.119.134.77 59684 100.96.124.69 22', 'XDG_DATA_DIRS': '/usr/share/gnome:/usr/local/share:/usr/share:/var/lib/snapd/desktop', 'PYTHONPATH': '/home/strain-drone/Documents/drone_position_hold/ros2_ws/install/mocap4r2_msgs/lib/python3.12/site-packages:/home/strain-drone/Documents/drone_position_hold/ros2_ws/install/mocap4r2_control_msgs/lib/python3.12/site-packages:/opt/ros/jazzy/lib/python3.12/site-packages', 'COLCON': '1', 'CMAKE_PREFIX_PATH': '/home/strain-drone/Documents/drone_position_hold/ros2_ws/install/mocap4r2_control:/home/strain-drone/Documents/drone_position_hold/ros2_ws/install/mocap4r2_msgs:/home/strain-drone/Documents/drone_position_hold/ros2_ws/install/mocap4r2_control_msgs:/opt/ros/jazzy/opt/gz_math_vendor:/opt/ros/jazzy/opt/gz_utils_vendor:/opt/ros/jazzy/opt/gz_cmake_vendor:/opt/ros/jazzy'}), 'shell': False}
[141.263374] (mocap4r2_vicon_driver) StdoutLine: {'line': b"-- Found gtest sources under '/opt/ros/jazzy/src/gtest_vendor': C++ tests using 'Google Test' will be built\n"}
[141.263898] (rqt_mocap4r2_control) CommandEnded: {'returncode': 0}
[141.264849] (rqt_mocap4r2_control) JobProgress: {'identifier': 'rqt_mocap4r2_control', 'progress': 'build'}
[141.266284] (rqt_mocap4r2_control) Command: {'cmd': ['/usr/bin/cmake', '--build', '/home/strain-drone/Documents/drone_position_hold/ros2_ws/build/rqt_mocap4r2_control', '--', '-j4', '-l4'], 'cwd': '/home/strain-drone/Documents/drone_position_hold/ros2_ws/build/rqt_mocap4r2_control', 'env': OrderedDict({'LESSOPEN': '| /usr/bin/lesspipe %s', 'USER': 'strain-drone', 'SSH_CLIENT': '100.119.134.77 59684 22', 'XDG_SESSION_TYPE': 'tty', 'SHLVL': '1', 'LD_LIBRARY_PATH': '/home/strain-drone/Documents/drone_position_hold/ros2_ws/install/mocap4r2_control/lib:/home/strain-drone/Documents/drone_position_hold/ros2_ws/install/mocap4r2_control_msgs/lib:/opt/ros/jazzy/opt/rviz_ogre_vendor/lib:/opt/ros/jazzy/lib/aarch64-linux-gnu:/opt/ros/jazzy/opt/gz_math_vendor/lib:/opt/ros/jazzy/opt/gz_utils_vendor/lib:/opt/ros/jazzy/opt/gz_cmake_vendor/lib:/opt/ros/jazzy/lib:/home/strain-drone/Documents/drone_position_hold/ros2_ws/src/natnet_ros2/deps/NatNetSDK/lib', 'HOME': '/home/strain-drone', 'OLDPWD': '/home/strain-drone', 'SSH_TTY': '/dev/pts/0', 'ROS_PYTHON_VERSION': '3', 'PS1': '(venv-ardupilot) \\[\\e]0;\\u@\\h: \\w\\a\\]${debian_chroot:+($debian_chroot)}\\[\\033[01;32m\\]\\u@\\h\\[\\033[00m\\]:\\[\\033[01;34m\\]\\w\\[\\033[00m\\]\\$', 'DBUS_SESSION_BUS_ADDRESS': 'unix:path=/run/user/1002/bus', 'DEBUGINFOD_URLS': 'https://debuginfod.ubuntu.com', 'ROS_DISTRO': 'jazzy', 'LOGNAME': 'strain-drone', '_': '/usr/bin/colcon', 'ROS_VERSION': '2', 'XDG_SESSION_CLASS': 'user', 'TERM': 'xterm-256color', 'XDG_SESSION_ID': '3', 'PATH': '/usr/lib/ccache:/home/strain-drone/Documents/ardupilot/Tools/autotest:/opt/gcc-arm-none-eabi-10-2020-q4-major/bin:/home/strain-drone/venv-ardupilot/bin:/home/strain-drone/.local/bin:/opt/ros/jazzy/bin:/usr/local/sbin:/usr/local/bin:/usr/sbin:/usr/bin:/sbin:/bin:/usr/games:/usr/local/games:/snap/bin:/home/strain-drone/.local/bin:/home/strain-drone/.local/bin', 'XDG_RUNTIME_DIR': '/run/user/1002', 'LANG': 'en_US.UTF-8', 'VIRTUAL_ENV_PROMPT': '(venv-ardupilot)', 'LS_COLORS': 'rs=0:di=01;34:ln=01;36:mh=00:pi=40;33:so=01;35:do=01;35:bd=40;33;01:cd=40;33;01:or=40;31;01:mi=00:su=37;41:sg=30;43:ca=00:tw=30;42:ow=34;42:st=37;44:ex=01;32:*.tar=01;31:*.tgz=01;31:*.arc=01;31:*.arj=01;31:*.taz=01;31:*.lha=01;31:*.lz4=01;31:*.lzh=01;31:*.lzma=01;31:*.tlz=01;31:*.txz=01;31:*.tzo=01;31:*.t7z=01;31:*.zip=01;31:*.z=01;31:*.dz=01;31:*.gz=01;31:*.lrz=01;31:*.lz=01;31:*.lzo=01;31:*.xz=01;31:*.zst=01;31:*.tzst=01;31:*.bz2=01;31:*.bz=01;31:*.tbz=01;31:*.tbz2=01;31:*.tz=01;31:*.deb=01;31:*.rpm=01;31:*.jar=01;31:*.war=01;31:*.ear=01;31:*.sar=01;31:*.rar=01;31:*.alz=01;31:*.ace=01;31:*.zoo=01;31:*.cpio=01;31:*.7z=01;31:*.rz=01;31:*.cab=01;31:*.wim=01;31:*.swm=01;31:*.dwm=01;31:*.esd=01;31:*.avif=01;35:*.jpg=01;35:*.jpeg=01;35:*.mjpg=01;35:*.mjpeg=01;35:*.gif=01;35:*.bmp=01;35:*.pbm=01;35:*.pgm=01;35:*.ppm=01;35:*.tga=01;35:*.xbm=01;35:*.xpm=01;35:*.tif=01;35:*.tiff=01;35:*.png=01;35:*.svg=01;35:*.svgz=01;35:*.mng=01;35:*.pcx=01;35:*.mov=01;35:*.mpg=01;35:*.mpeg=01;35:*.m2v=01;35:*.mkv=01;35:*.webm=01;35:*.webp=01;35:*.ogm=01;35:*.mp4=01;35:*.m4v=01;35:*.mp4v=01;35:*.vob=01;35:*.qt=01;35:*.nuv=01;35:*.wmv=01;35:*.asf=01;35:*.rm=01;35:*.rmvb=01;35:*.flc=01;35:*.avi=01;35:*.fli=01;35:*.flv=01;35:*.gl=01;35:*.dl=01;35:*.xcf=01;35:*.xwd=01;35:*.yuv=01;35:*.cgm=01;35:*.emf=01;35:*.ogv=01;35:*.ogx=01;35:*.aac=00;36:*.au=00;36:*.flac=00;36:*.m4a=00;36:*.mid=00;36:*.midi=00;36:*.mka=00;36:*.mp3=00;36:*.mpc=00;36:*.ogg=00;36:*.ra=00;36:*.wav=00;36:*.oga=00;36:*.opus=00;36:*.spx=00;36:*.xspf=00;36:*~=00;90:*#=00;90:*.bak=00;90:*.crdownload=00;90:*.dpkg-dist=00;90:*.dpkg-new=00;90:*.dpkg-old=00;90:*.dpkg-tmp=00;90:*.old=00;90:*.orig=00;90:*.part=00;90:*.rej=00;90:*.rpmnew=00;90:*.rpmorig=00;90:*.rpmsave=00;90:*.swp=00;90:*.tmp=00;90:*.ucf-dist=00;90:*.ucf-new=00;90:*.ucf-old=00;90:', 'ROS_DOMAIN_ID': '1', 'AMENT_PREFIX_PATH': '/home/strain-drone/Documents/drone_position_hold/ros2_ws/install/mocap4r2_control:/home/strain-drone/Documents/drone_position_hold/ros2_ws/install/mocap4r2_control_msgs:/opt/ros/jazzy', 'SHELL': '/bin/bash', 'LESSCLOSE': '/usr/bin/lesspipe %s %s', 'VIRTUAL_ENV': '/home/strain-drone/venv-ardupilot', 'ROS_AUTOMATIC_DISCOVERY_RANGE': 'SUBNET', 'PWD': '/home/strain-drone/Documents/drone_position_hold/ros2_ws/build/rqt_mocap4r2_control', 'LC_ALL': 'en_US.UTF-8', 'SSH_CONNECTION': '100.119.134.77 59684 100.96.124.69 22', 'XDG_DATA_DIRS': '/usr/share/gnome:/usr/local/share:/usr/share:/var/lib/snapd/desktop', 'PYTHONPATH': '/home/strain-drone/Documents/drone_position_hold/ros2_ws/install/mocap4r2_control_msgs/lib/python3.12/site-packages:/opt/ros/jazzy/lib/python3.12/site-packages', 'COLCON': '1', 'CMAKE_PREFIX_PATH': '/home/strain-drone/Documents/drone_position_hold/ros2_ws/install/mocap4r2_control:/home/strain-drone/Documents/drone_position_hold/ros2_ws/install/mocap4r2_control_msgs:/opt/ros/jazzy/opt/gz_math_vendor:/opt/ros/jazzy/opt/gz_utils_vendor:/opt/ros/jazzy/opt/gz_cmake_vendor:/opt/ros/jazzy'}), 'shell': False}
[141.270265] (mocap4r2_vicon_driver) StdoutLine: {'line': b'-- Found Threads: TRUE  \n'}
[141.333572] (-) TimerEvent: {}
[141.356626] (rqt_mocap4r2_control) StdoutLine: {'line': b'[ 12%] \x1b[34m\x1b[1mGenerating ui_mocap4r2_control.h\x1b[0m\n'}
[141.357147] (rqt_mocap4r2_control) StdoutLine: {'line': b'[ 25%] \x1b[34m\x1b[1mGenerating include/rqt_mocap4r2_control/moc_SystemController.cpp\x1b[0m\n'}
[141.366720] (rqt_mocap4r2_control) StdoutLine: {'line': b'[ 37%] \x1b[34m\x1b[1mGenerating include/rqt_mocap4r2_control/moc_mocap4r2_control.cpp\x1b[0m\n'}
[141.380221] (mocap4r2_dummy_driver) StdoutLine: {'line': b'[ 25%] \x1b[32mBuilding CXX object CMakeFiles/mocap4r2_dummy_driver.dir/src/mocap4r2_dummy_driver/mocap4r2_dummy_driver.cpp.o\x1b[0m\n'}
[141.433786] (-) TimerEvent: {}
[141.455606] (rqt_mocap4r2_control) StderrLine: {'line': b'/home/strain-drone/Documents/drone_position_hold/ros2_ws/src/mocap4r2/mocap4r2_control/rqt_mocap4r2_control/include/rqt_mocap4r2_control/SystemController.hpp:0: Note: No relevant classes found. No output generated.\n'}
[141.469468] (mocap4r2_vicon_driver) StdoutLine: {'line': b'-- Configuring done (2.6s)\n'}
[141.533878] (-) TimerEvent: {}
[141.634255] (-) TimerEvent: {}
[141.721116] (mocap4r2_vicon_driver) StdoutLine: {'line': b'-- Generating done (0.2s)\n'}
[141.735702] (-) TimerEvent: {}
[141.737105] (mocap4r2_vicon_driver) StdoutLine: {'line': b'-- Build files have been written to: /home/strain-drone/Documents/drone_position_hold/ros2_ws/build/mocap4r2_vicon_driver\n'}
[141.749019] (rqt_mocap4r2_control) StdoutLine: {'line': b'[ 50%] \x1b[32mBuilding CXX object CMakeFiles/rqt_mocap4r2_control.dir/src/rqt_mocap4r2_control/mocap4r2_control.cpp.o\x1b[0m\n'}
[141.759997] (rqt_mocap4r2_control) StdoutLine: {'line': b'[ 62%] \x1b[32mBuilding CXX object CMakeFiles/rqt_mocap4r2_control.dir/src/rqt_mocap4r2_control/SystemController.cpp.o\x1b[0m\n'}
[141.760941] (rqt_mocap4r2_control) StdoutLine: {'line': b'[ 75%] \x1b[32mBuilding CXX object CMakeFiles/rqt_mocap4r2_control.dir/include/rqt_mocap4r2_control/moc_SystemController.cpp.o\x1b[0m\n'}
[141.765836] (rqt_mocap4r2_control) StdoutLine: {'line': b'[ 87%] \x1b[32mBuilding CXX object CMakeFiles/rqt_mocap4r2_control.dir/include/rqt_mocap4r2_control/moc_mocap4r2_control.cpp.o\x1b[0m\n'}
[141.799352] (mocap4r2_vicon_driver) CommandEnded: {'returncode': 0}
[141.799886] (mocap4r2_vicon_driver) JobProgress: {'identifier': 'mocap4r2_vicon_driver', 'progress': 'build'}
[141.799934] (mocap4r2_vicon_driver) Command: {'cmd': ['/usr/bin/cmake', '--build', '/home/strain-drone/Documents/drone_position_hold/ros2_ws/build/mocap4r2_vicon_driver', '--', '-j4', '-l4'], 'cwd': '/home/strain-drone/Documents/drone_position_hold/ros2_ws/build/mocap4r2_vicon_driver', 'env': OrderedDict({'LESSOPEN': '| /usr/bin/lesspipe %s', 'USER': 'strain-drone', 'SSH_CLIENT': '100.119.134.77 59684 22', 'XDG_SESSION_TYPE': 'tty', 'SHLVL': '1', 'LD_LIBRARY_PATH': '/home/strain-drone/Documents/drone_position_hold/ros2_ws/install/mocap4r2_control/lib:/home/strain-drone/Documents/drone_position_hold/ros2_ws/install/mocap4r2_msgs/lib:/home/strain-drone/Documents/drone_position_hold/ros2_ws/install/mocap4r2_control_msgs/lib:/opt/ros/jazzy/opt/rviz_ogre_vendor/lib:/opt/ros/jazzy/lib/aarch64-linux-gnu:/opt/ros/jazzy/opt/gz_math_vendor/lib:/opt/ros/jazzy/opt/gz_utils_vendor/lib:/opt/ros/jazzy/opt/gz_cmake_vendor/lib:/opt/ros/jazzy/lib:/home/strain-drone/Documents/drone_position_hold/ros2_ws/src/natnet_ros2/deps/NatNetSDK/lib', 'HOME': '/home/strain-drone', 'OLDPWD': '/home/strain-drone', 'SSH_TTY': '/dev/pts/0', 'ROS_PYTHON_VERSION': '3', 'PS1': '(venv-ardupilot) \\[\\e]0;\\u@\\h: \\w\\a\\]${debian_chroot:+($debian_chroot)}\\[\\033[01;32m\\]\\u@\\h\\[\\033[00m\\]:\\[\\033[01;34m\\]\\w\\[\\033[00m\\]\\$', 'DBUS_SESSION_BUS_ADDRESS': 'unix:path=/run/user/1002/bus', 'DEBUGINFOD_URLS': 'https://debuginfod.ubuntu.com', 'ROS_DISTRO': 'jazzy', 'LOGNAME': 'strain-drone', '_': '/usr/bin/colcon', 'ROS_VERSION': '2', 'XDG_SESSION_CLASS': 'user', 'TERM': 'xterm-256color', 'XDG_SESSION_ID': '3', 'PATH': '/usr/lib/ccache:/home/strain-drone/Documents/ardupilot/Tools/autotest:/opt/gcc-arm-none-eabi-10-2020-q4-major/bin:/home/strain-drone/venv-ardupilot/bin:/home/strain-drone/.local/bin:/opt/ros/jazzy/bin:/usr/local/sbin:/usr/local/bin:/usr/sbin:/usr/bin:/sbin:/bin:/usr/games:/usr/local/games:/snap/bin:/home/strain-drone/.local/bin:/home/strain-drone/.local/bin', 'XDG_RUNTIME_DIR': '/run/user/1002', 'LANG': 'en_US.UTF-8', 'VIRTUAL_ENV_PROMPT': '(venv-ardupilot)', 'LS_COLORS': 'rs=0:di=01;34:ln=01;36:mh=00:pi=40;33:so=01;35:do=01;35:bd=40;33;01:cd=40;33;01:or=40;31;01:mi=00:su=37;41:sg=30;43:ca=00:tw=30;42:ow=34;42:st=37;44:ex=01;32:*.tar=01;31:*.tgz=01;31:*.arc=01;31:*.arj=01;31:*.taz=01;31:*.lha=01;31:*.lz4=01;31:*.lzh=01;31:*.lzma=01;31:*.tlz=01;31:*.txz=01;31:*.tzo=01;31:*.t7z=01;31:*.zip=01;31:*.z=01;31:*.dz=01;31:*.gz=01;31:*.lrz=01;31:*.lz=01;31:*.lzo=01;31:*.xz=01;31:*.zst=01;31:*.tzst=01;31:*.bz2=01;31:*.bz=01;31:*.tbz=01;31:*.tbz2=01;31:*.tz=01;31:*.deb=01;31:*.rpm=01;31:*.jar=01;31:*.war=01;31:*.ear=01;31:*.sar=01;31:*.rar=01;31:*.alz=01;31:*.ace=01;31:*.zoo=01;31:*.cpio=01;31:*.7z=01;31:*.rz=01;31:*.cab=01;31:*.wim=01;31:*.swm=01;31:*.dwm=01;31:*.esd=01;31:*.avif=01;35:*.jpg=01;35:*.jpeg=01;35:*.mjpg=01;35:*.mjpeg=01;35:*.gif=01;35:*.bmp=01;35:*.pbm=01;35:*.pgm=01;35:*.ppm=01;35:*.tga=01;35:*.xbm=01;35:*.xpm=01;35:*.tif=01;35:*.tiff=01;35:*.png=01;35:*.svg=01;35:*.svgz=01;35:*.mng=01;35:*.pcx=01;35:*.mov=01;35:*.mpg=01;35:*.mpeg=01;35:*.m2v=01;35:*.mkv=01;35:*.webm=01;35:*.webp=01;35:*.ogm=01;35:*.mp4=01;35:*.m4v=01;35:*.mp4v=01;35:*.vob=01;35:*.qt=01;35:*.nuv=01;35:*.wmv=01;35:*.asf=01;35:*.rm=01;35:*.rmvb=01;35:*.flc=01;35:*.avi=01;35:*.fli=01;35:*.flv=01;35:*.gl=01;35:*.dl=01;35:*.xcf=01;35:*.xwd=01;35:*.yuv=01;35:*.cgm=01;35:*.emf=01;35:*.ogv=01;35:*.ogx=01;35:*.aac=00;36:*.au=00;36:*.flac=00;36:*.m4a=00;36:*.mid=00;36:*.midi=00;36:*.mka=00;36:*.mp3=00;36:*.mpc=00;36:*.ogg=00;36:*.ra=00;36:*.wav=00;36:*.oga=00;36:*.opus=00;36:*.spx=00;36:*.xspf=00;36:*~=00;90:*#=00;90:*.bak=00;90:*.crdownload=00;90:*.dpkg-dist=00;90:*.dpkg-new=00;90:*.dpkg-old=00;90:*.dpkg-tmp=00;90:*.old=00;90:*.orig=00;90:*.part=00;90:*.rej=00;90:*.rpmnew=00;90:*.rpmorig=00;90:*.rpmsave=00;90:*.swp=00;90:*.tmp=00;90:*.ucf-dist=00;90:*.ucf-new=00;90:*.ucf-old=00;90:', 'ROS_DOMAIN_ID': '1', 'AMENT_PREFIX_PATH': '/home/strain-drone/Documents/drone_position_hold/ros2_ws/install/mocap4r2_control:/home/strain-drone/Documents/drone_position_hold/ros2_ws/install/mocap4r2_msgs:/home/strain-drone/Documents/drone_position_hold/ros2_ws/install/mocap4r2_control_msgs:/opt/ros/jazzy', 'SHELL': '/bin/bash', 'LESSCLOSE': '/usr/bin/lesspipe %s %s', 'VIRTUAL_ENV': '/home/strain-drone/venv-ardupilot', 'ROS_AUTOMATIC_DISCOVERY_RANGE': 'SUBNET', 'PWD': '/home/strain-drone/Documents/drone_position_hold/ros2_ws/build/mocap4r2_vicon_driver', 'LC_ALL': 'en_US.UTF-8', 'SSH_CONNECTION': '100.119.134.77 59684 100.96.124.69 22', 'XDG_DATA_DIRS': '/usr/share/gnome:/usr/local/share:/usr/share:/var/lib/snapd/desktop', 'PYTHONPATH': '/home/strain-drone/Documents/drone_position_hold/ros2_ws/install/mocap4r2_msgs/lib/python3.12/site-packages:/home/strain-drone/Documents/drone_position_hold/ros2_ws/install/mocap4r2_control_msgs/lib/python3.12/site-packages:/opt/ros/jazzy/lib/python3.12/site-packages', 'COLCON': '1', 'CMAKE_PREFIX_PATH': '/home/strain-drone/Documents/drone_position_hold/ros2_ws/install/mocap4r2_control:/home/strain-drone/Documents/drone_position_hold/ros2_ws/install/mocap4r2_msgs:/home/strain-drone/Documents/drone_position_hold/ros2_ws/install/mocap4r2_control_msgs:/opt/ros/jazzy/opt/gz_math_vendor:/opt/ros/jazzy/opt/gz_utils_vendor:/opt/ros/jazzy/opt/gz_cmake_vendor:/opt/ros/jazzy'}), 'shell': False}
[141.835846] (-) TimerEvent: {}
[141.939240] (-) TimerEvent: {}
[141.971141] (mocap4r2_vicon_driver) StdoutLine: {'line': b'[  3%] \x1b[32mBuilding CXX object gtest/CMakeFiles/gtest.dir/src/gtest-all.cc.o\x1b[0m\n'}
[141.990993] (mocap4r2_vicon_driver) StdoutLine: {'line': b'[  6%] \x1b[32mBuilding CXX object CMakeFiles/vicon_sdk.dir/ThirdParty/DataStream/ViconCGStream/Dummy.cpp.o\x1b[0m\n'}
[141.991366] (mocap4r2_vicon_driver) StdoutLine: {'line': b'[ 10%] \x1b[32mBuilding CXX object CMakeFiles/vicon_sdk.dir/ThirdParty/DataStream/ViconCGStreamClient/CGStreamReaderWriter.cpp.o\x1b[0m\n'}
[141.994036] (mocap4r2_vicon_driver) StdoutLine: {'line': b'[ 13%] \x1b[32mBuilding CXX object gtest/CMakeFiles/gtest_main.dir/src/gtest_main.cc.o\x1b[0m\n'}
[142.039374] (-) TimerEvent: {}
[142.136084] (mocap4r2_vicon_driver) StdoutLine: {'line': b'[ 16%] \x1b[32mBuilding CXX object CMakeFiles/vicon_sdk.dir/ThirdParty/DataStream/ViconCGStreamClient/ViconCGStreamBayer.cpp.o\x1b[0m\n'}
[142.142006] (-) TimerEvent: {}
[142.242425] (-) TimerEvent: {}
[142.346019] (-) TimerEvent: {}
[142.411425] (mocap4r2_vicon_driver) StdoutLine: {'line': b'[ 20%] \x1b[32mBuilding CXX object CMakeFiles/vicon_sdk.dir/ThirdParty/DataStream/ViconCGStreamClient/ViconCGStreamClient.cpp.o\x1b[0m\n'}
[142.446163] (-) TimerEvent: {}
[142.546647] (-) TimerEvent: {}
[142.651999] (-) TimerEvent: {}
[142.752426] (-) TimerEvent: {}
[142.856058] (-) TimerEvent: {}
[142.956547] (-) TimerEvent: {}
[143.060004] (-) TimerEvent: {}
[143.163235] (-) TimerEvent: {}
[143.264289] (-) TimerEvent: {}
[143.368365] (-) TimerEvent: {}
[143.470034] (-) TimerEvent: {}
[143.574043] (-) TimerEvent: {}
[143.679038] (-) TimerEvent: {}
[143.779579] (-) TimerEvent: {}
[143.880034] (-) TimerEvent: {}
[143.980728] (-) TimerEvent: {}
[144.083439] (-) TimerEvent: {}
[144.183907] (-) TimerEvent: {}
[144.286453] (-) TimerEvent: {}
[144.389042] (-) TimerEvent: {}
[144.489660] (-) TimerEvent: {}
[144.591181] (-) TimerEvent: {}
[144.692471] (-) TimerEvent: {}
[144.796551] (-) TimerEvent: {}
[144.898006] (-) TimerEvent: {}
[144.999288] (-) TimerEvent: {}
[145.100730] (-) TimerEvent: {}
[145.204355] (-) TimerEvent: {}
[145.305643] (-) TimerEvent: {}
[145.406837] (-) TimerEvent: {}
[145.509060] (-) TimerEvent: {}
[145.560065] (mocap4r2_vicon_driver) StdoutLine: {'line': b'[ 23%] \x1b[32m\x1b[1mLinking CXX static library libgtest_main.a\x1b[0m\n'}
[145.609200] (-) TimerEvent: {}
[145.712035] (-) TimerEvent: {}
[145.747138] (mocap4r2_vicon_driver) StdoutLine: {'line': b'[ 23%] Built target gtest_main\n'}
[145.790551] (mocap4r2_vicon_driver) StdoutLine: {'line': b'[ 26%] \x1b[32mBuilding CXX object CMakeFiles/vicon_sdk.dir/ThirdParty/DataStream/ViconCGStreamClientSDK/CGClient.cpp.o\x1b[0m\n'}
[145.813003] (-) TimerEvent: {}
[145.916051] (-) TimerEvent: {}
[146.017370] (-) TimerEvent: {}
[146.118657] (-) TimerEvent: {}
[146.222187] (-) TimerEvent: {}
[146.323020] (-) TimerEvent: {}
[146.425027] (-) TimerEvent: {}
[146.528026] (-) TimerEvent: {}
[146.628546] (-) TimerEvent: {}
[146.732052] (-) TimerEvent: {}
[146.836061] (-) TimerEvent: {}
[146.938035] (-) TimerEvent: {}
[147.038691] (-) TimerEvent: {}
[147.144068] (-) TimerEvent: {}
[147.244619] (-) TimerEvent: {}
[147.348039] (-) TimerEvent: {}
[147.455038] (-) TimerEvent: {}
[147.555551] (-) TimerEvent: {}
[147.657677] (-) TimerEvent: {}
[147.762052] (-) TimerEvent: {}
[147.865034] (-) TimerEvent: {}
[147.966442] (-) TimerEvent: {}
[148.067204] (-) TimerEvent: {}
[148.174039] (-) TimerEvent: {}
[148.276034] (-) TimerEvent: {}
[148.376537] (-) TimerEvent: {}
[148.478612] (-) TimerEvent: {}
[148.581020] (-) TimerEvent: {}
[148.681870] (-) TimerEvent: {}
[148.786026] (-) TimerEvent: {}
[148.887265] (-) TimerEvent: {}
[148.989036] (-) TimerEvent: {}
[149.094049] (-) TimerEvent: {}
[149.194589] (-) TimerEvent: {}
[149.301040] (-) TimerEvent: {}
[149.401549] (-) TimerEvent: {}
[149.502033] (-) TimerEvent: {}
[149.606111] (-) TimerEvent: {}
[149.706684] (-) TimerEvent: {}
[149.810042] (-) TimerEvent: {}
[149.910587] (-) TimerEvent: {}
[150.013053] (-) TimerEvent: {}
[150.119018] (-) TimerEvent: {}
[150.221028] (-) TimerEvent: {}
[150.321550] (-) TimerEvent: {}
[150.427074] (-) TimerEvent: {}
[150.529034] (-) TimerEvent: {}
[150.629549] (-) TimerEvent: {}
[150.731054] (-) TimerEvent: {}
[150.837051] (-) TimerEvent: {}
[150.937613] (-) TimerEvent: {}
[151.040033] (-) TimerEvent: {}
[151.142033] (-) TimerEvent: {}
[151.247035] (-) TimerEvent: {}
[151.347587] (-) TimerEvent: {}
[151.451034] (-) TimerEvent: {}
[151.551553] (-) TimerEvent: {}
[151.655043] (-) TimerEvent: {}
[151.755609] (-) TimerEvent: {}
[151.856326] (-) TimerEvent: {}
[151.959327] (-) TimerEvent: {}
[152.065027] (-) TimerEvent: {}
[152.165836] (-) TimerEvent: {}
[152.269039] (-) TimerEvent: {}
[152.374041] (-) TimerEvent: {}
[152.474577] (-) TimerEvent: {}
[152.578049] (-) TimerEvent: {}
[152.678542] (-) TimerEvent: {}
[152.782029] (-) TimerEvent: {}
[152.882532] (-) TimerEvent: {}
[152.984275] (-) TimerEvent: {}
[153.086442] (-) TimerEvent: {}
[153.191306] (-) TimerEvent: {}
[153.294023] (-) TimerEvent: {}
[153.399035] (-) TimerEvent: {}
[153.499567] (-) TimerEvent: {}
[153.603028] (-) TimerEvent: {}
[153.703523] (-) TimerEvent: {}
[153.809032] (-) TimerEvent: {}
[153.909552] (-) TimerEvent: {}
[154.010498] (-) TimerEvent: {}
[154.113061] (-) TimerEvent: {}
[154.216061] (-) TimerEvent: {}
[154.316618] (-) TimerEvent: {}
[154.417123] (-) TimerEvent: {}
[154.518400] (-) TimerEvent: {}
[154.619613] (-) TimerEvent: {}
[154.723241] (-) TimerEvent: {}
[154.830019] (-) TimerEvent: {}
[154.930514] (-) TimerEvent: {}
[155.031029] (-) TimerEvent: {}
[155.131513] (-) TimerEvent: {}
[155.232378] (-) TimerEvent: {}
[155.335028] (-) TimerEvent: {}
[155.435828] (-) TimerEvent: {}
[155.537119] (-) TimerEvent: {}
[155.641029] (-) TimerEvent: {}
[155.746028] (-) TimerEvent: {}
[155.846513] (-) TimerEvent: {}
[155.947662] (-) TimerEvent: {}
[156.048991] (-) TimerEvent: {}
[156.150456] (-) TimerEvent: {}
[156.257022] (-) TimerEvent: {}
[156.358028] (-) TimerEvent: {}
[156.459220] (-) TimerEvent: {}
[156.559979] (-) TimerEvent: {}
[156.662469] (-) TimerEvent: {}
[156.764237] (-) TimerEvent: {}
[156.871026] (-) TimerEvent: {}
[156.971542] (-) TimerEvent: {}
[157.075033] (-) TimerEvent: {}
[157.175536] (-) TimerEvent: {}
[157.278034] (-) TimerEvent: {}
[157.378712] (-) TimerEvent: {}
[157.484020] (-) TimerEvent: {}
[157.584504] (-) TimerEvent: {}
[157.685765] (-) TimerEvent: {}
[157.793056] (-) TimerEvent: {}
[157.893592] (-) TimerEvent: {}
[157.994119] (-) TimerEvent: {}
[158.095453] (-) TimerEvent: {}
[158.196482] (-) TimerEvent: {}
[158.300055] (-) TimerEvent: {}
[158.400562] (-) TimerEvent: {}
[158.504976] (-) TimerEvent: {}
[158.605485] (-) TimerEvent: {}
[158.708024] (-) TimerEvent: {}
[158.813018] (-) TimerEvent: {}
[158.914031] (-) TimerEvent: {}
[159.020047] (-) TimerEvent: {}
[159.121465] (-) TimerEvent: {}
[159.222795] (-) TimerEvent: {}
[159.327020] (-) TimerEvent: {}
[159.427510] (-) TimerEvent: {}
[159.530022] (-) TimerEvent: {}
[159.630554] (-) TimerEvent: {}
[159.731347] (-) TimerEvent: {}
[159.832595] (-) TimerEvent: {}
[159.935038] (-) TimerEvent: {}
[160.038027] (-) TimerEvent: {}
[160.138543] (-) TimerEvent: {}
[160.244056] (-) TimerEvent: {}
[160.344757] (-) TimerEvent: {}
[160.446234] (-) TimerEvent: {}
[160.550026] (-) TimerEvent: {}
[160.650536] (-) TimerEvent: {}
[160.754026] (-) TimerEvent: {}
[160.857027] (-) TimerEvent: {}
[160.960026] (-) TimerEvent: {}
[161.060544] (-) TimerEvent: {}
[161.164029] (-) TimerEvent: {}
[161.267029] (-) TimerEvent: {}
[161.367550] (-) TimerEvent: {}
[161.471026] (-) TimerEvent: {}
[161.571558] (-) TimerEvent: {}
[161.672312] (-) TimerEvent: {}
[161.776032] (-) TimerEvent: {}
[161.880053] (-) TimerEvent: {}
[161.980560] (-) TimerEvent: {}
[162.081037] (-) TimerEvent: {}
[162.181543] (-) TimerEvent: {}
[162.282041] (-) TimerEvent: {}
[162.382557] (-) TimerEvent: {}
[162.485036] (-) TimerEvent: {}
[162.585552] (-) TimerEvent: {}
[162.686031] (-) TimerEvent: {}
[162.786545] (-) TimerEvent: {}
[162.890035] (-) TimerEvent: {}
[162.990523] (-) TimerEvent: {}
[163.091035] (-) TimerEvent: {}
[163.191530] (-) TimerEvent: {}
[163.291999] (-) TimerEvent: {}
[163.392500] (-) TimerEvent: {}
[163.493115] (-) TimerEvent: {}
[163.595254] (-) TimerEvent: {}
[163.699081] (-) TimerEvent: {}
[163.799757] (-) TimerEvent: {}
[163.900315] (-) TimerEvent: {}
[164.000872] (-) TimerEvent: {}
[164.076780] (mocap4r2_vicon_driver) StdoutLine: {'line': b'[ 30%] \x1b[32m\x1b[1mLinking CXX static library libgtest.a\x1b[0m\n'}
[164.102866] (-) TimerEvent: {}
[164.203467] (-) TimerEvent: {}
[164.307031] (-) TimerEvent: {}
[164.407587] (-) TimerEvent: {}
[164.508461] (-) TimerEvent: {}
[164.525380] (mocap4r2_vicon_driver) StdoutLine: {'line': b'[ 30%] Built target gtest\n'}
[164.608622] (-) TimerEvent: {}
[164.710063] (-) TimerEvent: {}
[164.817031] (-) TimerEvent: {}
[164.917583] (-) TimerEvent: {}
[165.021054] (-) TimerEvent: {}
[165.121603] (-) TimerEvent: {}
[165.223040] (-) TimerEvent: {}
[165.324380] (-) TimerEvent: {}
[165.428332] (-) TimerEvent: {}
[165.531028] (-) TimerEvent: {}
[165.633026] (-) TimerEvent: {}
[165.734391] (-) TimerEvent: {}
[165.835833] (-) TimerEvent: {}
[165.940038] (-) TimerEvent: {}
[166.040584] (-) TimerEvent: {}
[166.141509] (-) TimerEvent: {}
[166.243033] (-) TimerEvent: {}
[166.343855] (-) TimerEvent: {}
[166.445648] (-) TimerEvent: {}
[166.547944] (-) TimerEvent: {}
[166.650022] (-) TimerEvent: {}
[166.753736] (-) TimerEvent: {}
[166.854292] (-) TimerEvent: {}
[166.956384] (-) TimerEvent: {}
[167.056931] (-) TimerEvent: {}
[167.160028] (-) TimerEvent: {}
[167.260521] (-) TimerEvent: {}
[167.363396] (-) TimerEvent: {}
[167.466261] (-) TimerEvent: {}
[167.568184] (-) TimerEvent: {}
[167.671027] (-) TimerEvent: {}
[167.771510] (-) TimerEvent: {}
[167.872011] (-) TimerEvent: {}
[167.906837] (mocap4r2_dummy_driver) StdoutLine: {'line': b'[ 50%] \x1b[32m\x1b[1mLinking CXX static library libmocap4r2_dummy_driver.a\x1b[0m\n'}
[167.974145] (-) TimerEvent: {}
[168.074654] (-) TimerEvent: {}
[168.175192] (-) TimerEvent: {}
[168.278269] (-) TimerEvent: {}
[168.378807] (-) TimerEvent: {}
[168.481988] (-) TimerEvent: {}
[168.500529] (mocap4r2_dummy_driver) StdoutLine: {'line': b'[ 50%] Built target mocap4r2_dummy_driver\n'}
[168.574585] (mocap4r2_dummy_driver) StdoutLine: {'line': b'[ 75%] \x1b[32mBuilding CXX object CMakeFiles/mocap4r2_dummy_driver_main.dir/src/mocap4r2_dummy_driver_main.cpp.o\x1b[0m\n'}
[168.582118] (-) TimerEvent: {}
[168.682669] (-) TimerEvent: {}
[168.785028] (-) TimerEvent: {}
[168.887020] (-) TimerEvent: {}
[168.987475] (-) TimerEvent: {}
[169.087977] (-) TimerEvent: {}
[169.188417] (-) TimerEvent: {}
[169.288939] (-) TimerEvent: {}
[169.391284] (-) TimerEvent: {}
[169.492062] (-) TimerEvent: {}
[169.594407] (-) TimerEvent: {}
[169.699015] (-) TimerEvent: {}
[169.800542] (-) TimerEvent: {}
[169.901118] (-) TimerEvent: {}
[170.005021] (-) TimerEvent: {}
[170.106965] (-) TimerEvent: {}
[170.208623] (-) TimerEvent: {}
[170.310002] (-) TimerEvent: {}
[170.411659] (-) TimerEvent: {}
[170.513279] (-) TimerEvent: {}
[170.613804] (-) TimerEvent: {}
[170.714862] (-) TimerEvent: {}
[170.815389] (-) TimerEvent: {}
[170.916814] (-) TimerEvent: {}
[171.018842] (-) TimerEvent: {}
[171.120105] (-) TimerEvent: {}
[171.220903] (-) TimerEvent: {}
[171.324393] (-) TimerEvent: {}
[171.425357] (-) TimerEvent: {}
[171.529840] (-) TimerEvent: {}
[171.631603] (-) TimerEvent: {}
[171.732035] (-) TimerEvent: {}
[171.832536] (-) TimerEvent: {}
[171.933318] (-) TimerEvent: {}
[172.033863] (-) TimerEvent: {}
[172.134481] (-) TimerEvent: {}
[172.240047] (-) TimerEvent: {}
[172.340560] (-) TimerEvent: {}
[172.442106] (-) TimerEvent: {}
[172.543679] (-) TimerEvent: {}
[172.648481] (-) TimerEvent: {}
[172.750517] (-) TimerEvent: {}
[172.851218] (-) TimerEvent: {}
[172.957066] (-) TimerEvent: {}
[173.057674] (-) TimerEvent: {}
[173.159168] (-) TimerEvent: {}
[173.193239] (rqt_mocap4r2_control) StdoutLine: {'line': b'[100%] \x1b[32m\x1b[1mLinking CXX shared library librqt_mocap4r2_control.so\x1b[0m\n'}
[173.260390] (-) TimerEvent: {}
[173.363275] (-) TimerEvent: {}
[173.463950] (-) TimerEvent: {}
[173.569381] (-) TimerEvent: {}
[173.670181] (-) TimerEvent: {}
[173.775826] (-) TimerEvent: {}
[173.880065] (-) TimerEvent: {}
[173.980931] (-) TimerEvent: {}
[174.081764] (-) TimerEvent: {}
[174.186370] (-) TimerEvent: {}
[174.286947] (-) TimerEvent: {}
[174.388030] (-) TimerEvent: {}
[174.488444] (-) TimerEvent: {}
[174.589802] (-) TimerEvent: {}
[174.690597] (-) TimerEvent: {}
[174.795037] (-) TimerEvent: {}
[174.895601] (-) TimerEvent: {}
[174.996723] (-) TimerEvent: {}
[175.098215] (-) TimerEvent: {}
[175.201320] (-) TimerEvent: {}
[175.304029] (-) TimerEvent: {}
[175.405055] (-) TimerEvent: {}
[175.508405] (-) TimerEvent: {}
[175.609580] (-) TimerEvent: {}
[175.712281] (-) TimerEvent: {}
[175.813794] (-) TimerEvent: {}
[175.917035] (-) TimerEvent: {}
[176.017625] (-) TimerEvent: {}
[176.119034] (-) TimerEvent: {}
[176.221041] (-) TimerEvent: {}
[176.321627] (-) TimerEvent: {}
[176.422219] (-) TimerEvent: {}
[176.525303] (-) TimerEvent: {}
[176.625899] (-) TimerEvent: {}
[176.726827] (-) TimerEvent: {}
[176.830353] (-) TimerEvent: {}
[176.930987] (-) TimerEvent: {}
[177.033294] (-) TimerEvent: {}
[177.135267] (-) TimerEvent: {}
[177.237291] (-) TimerEvent: {}
[177.340292] (-) TimerEvent: {}
[177.440874] (-) TimerEvent: {}
[177.544354] (-) TimerEvent: {}
[177.646411] (-) TimerEvent: {}
[177.749017] (-) TimerEvent: {}
[177.849514] (-) TimerEvent: {}
[177.950030] (-) TimerEvent: {}
[178.052019] (-) TimerEvent: {}
[178.153286] (-) TimerEvent: {}
[178.254679] (-) TimerEvent: {}
[178.356710] (-) TimerEvent: {}
[178.459306] (-) TimerEvent: {}
[178.560701] (-) TimerEvent: {}
[178.664371] (-) TimerEvent: {}
[178.764980] (-) TimerEvent: {}
[178.866344] (-) TimerEvent: {}
[178.969491] (-) TimerEvent: {}
[179.074035] (-) TimerEvent: {}
[179.174615] (-) TimerEvent: {}
[179.275261] (-) TimerEvent: {}
[179.375997] (-) TimerEvent: {}
[179.433382] (rqt_mocap4r2_control) StdoutLine: {'line': b'[100%] Built target rqt_mocap4r2_control\n'}
[179.456558] (rqt_mocap4r2_control) CommandEnded: {'returncode': 0}
[179.459190] (rqt_mocap4r2_control) JobProgress: {'identifier': 'rqt_mocap4r2_control', 'progress': 'install'}
[179.459247] (rqt_mocap4r2_control) Command: {'cmd': ['/usr/bin/cmake', '--install', '/home/strain-drone/Documents/drone_position_hold/ros2_ws/build/rqt_mocap4r2_control'], 'cwd': '/home/strain-drone/Documents/drone_position_hold/ros2_ws/build/rqt_mocap4r2_control', 'env': OrderedDict({'LESSOPEN': '| /usr/bin/lesspipe %s', 'USER': 'strain-drone', 'SSH_CLIENT': '100.119.134.77 59684 22', 'XDG_SESSION_TYPE': 'tty', 'SHLVL': '1', 'LD_LIBRARY_PATH': '/home/strain-drone/Documents/drone_position_hold/ros2_ws/install/mocap4r2_control/lib:/home/strain-drone/Documents/drone_position_hold/ros2_ws/install/mocap4r2_control_msgs/lib:/opt/ros/jazzy/opt/rviz_ogre_vendor/lib:/opt/ros/jazzy/lib/aarch64-linux-gnu:/opt/ros/jazzy/opt/gz_math_vendor/lib:/opt/ros/jazzy/opt/gz_utils_vendor/lib:/opt/ros/jazzy/opt/gz_cmake_vendor/lib:/opt/ros/jazzy/lib:/home/strain-drone/Documents/drone_position_hold/ros2_ws/src/natnet_ros2/deps/NatNetSDK/lib', 'HOME': '/home/strain-drone', 'OLDPWD': '/home/strain-drone', 'SSH_TTY': '/dev/pts/0', 'ROS_PYTHON_VERSION': '3', 'PS1': '(venv-ardupilot) \\[\\e]0;\\u@\\h: \\w\\a\\]${debian_chroot:+($debian_chroot)}\\[\\033[01;32m\\]\\u@\\h\\[\\033[00m\\]:\\[\\033[01;34m\\]\\w\\[\\033[00m\\]\\$', 'DBUS_SESSION_BUS_ADDRESS': 'unix:path=/run/user/1002/bus', 'DEBUGINFOD_URLS': 'https://debuginfod.ubuntu.com', 'ROS_DISTRO': 'jazzy', 'LOGNAME': 'strain-drone', '_': '/usr/bin/colcon', 'ROS_VERSION': '2', 'XDG_SESSION_CLASS': 'user', 'TERM': 'xterm-256color', 'XDG_SESSION_ID': '3', 'PATH': '/usr/lib/ccache:/home/strain-drone/Documents/ardupilot/Tools/autotest:/opt/gcc-arm-none-eabi-10-2020-q4-major/bin:/home/strain-drone/venv-ardupilot/bin:/home/strain-drone/.local/bin:/opt/ros/jazzy/bin:/usr/local/sbin:/usr/local/bin:/usr/sbin:/usr/bin:/sbin:/bin:/usr/games:/usr/local/games:/snap/bin:/home/strain-drone/.local/bin:/home/strain-drone/.local/bin', 'XDG_RUNTIME_DIR': '/run/user/1002', 'LANG': 'en_US.UTF-8', 'VIRTUAL_ENV_PROMPT': '(venv-ardupilot)', 'LS_COLORS': 'rs=0:di=01;34:ln=01;36:mh=00:pi=40;33:so=01;35:do=01;35:bd=40;33;01:cd=40;33;01:or=40;31;01:mi=00:su=37;41:sg=30;43:ca=00:tw=30;42:ow=34;42:st=37;44:ex=01;32:*.tar=01;31:*.tgz=01;31:*.arc=01;31:*.arj=01;31:*.taz=01;31:*.lha=01;31:*.lz4=01;31:*.lzh=01;31:*.lzma=01;31:*.tlz=01;31:*.txz=01;31:*.tzo=01;31:*.t7z=01;31:*.zip=01;31:*.z=01;31:*.dz=01;31:*.gz=01;31:*.lrz=01;31:*.lz=01;31:*.lzo=01;31:*.xz=01;31:*.zst=01;31:*.tzst=01;31:*.bz2=01;31:*.bz=01;31:*.tbz=01;31:*.tbz2=01;31:*.tz=01;31:*.deb=01;31:*.rpm=01;31:*.jar=01;31:*.war=01;31:*.ear=01;31:*.sar=01;31:*.rar=01;31:*.alz=01;31:*.ace=01;31:*.zoo=01;31:*.cpio=01;31:*.7z=01;31:*.rz=01;31:*.cab=01;31:*.wim=01;31:*.swm=01;31:*.dwm=01;31:*.esd=01;31:*.avif=01;35:*.jpg=01;35:*.jpeg=01;35:*.mjpg=01;35:*.mjpeg=01;35:*.gif=01;35:*.bmp=01;35:*.pbm=01;35:*.pgm=01;35:*.ppm=01;35:*.tga=01;35:*.xbm=01;35:*.xpm=01;35:*.tif=01;35:*.tiff=01;35:*.png=01;35:*.svg=01;35:*.svgz=01;35:*.mng=01;35:*.pcx=01;35:*.mov=01;35:*.mpg=01;35:*.mpeg=01;35:*.m2v=01;35:*.mkv=01;35:*.webm=01;35:*.webp=01;35:*.ogm=01;35:*.mp4=01;35:*.m4v=01;35:*.mp4v=01;35:*.vob=01;35:*.qt=01;35:*.nuv=01;35:*.wmv=01;35:*.asf=01;35:*.rm=01;35:*.rmvb=01;35:*.flc=01;35:*.avi=01;35:*.fli=01;35:*.flv=01;35:*.gl=01;35:*.dl=01;35:*.xcf=01;35:*.xwd=01;35:*.yuv=01;35:*.cgm=01;35:*.emf=01;35:*.ogv=01;35:*.ogx=01;35:*.aac=00;36:*.au=00;36:*.flac=00;36:*.m4a=00;36:*.mid=00;36:*.midi=00;36:*.mka=00;36:*.mp3=00;36:*.mpc=00;36:*.ogg=00;36:*.ra=00;36:*.wav=00;36:*.oga=00;36:*.opus=00;36:*.spx=00;36:*.xspf=00;36:*~=00;90:*#=00;90:*.bak=00;90:*.crdownload=00;90:*.dpkg-dist=00;90:*.dpkg-new=00;90:*.dpkg-old=00;90:*.dpkg-tmp=00;90:*.old=00;90:*.orig=00;90:*.part=00;90:*.rej=00;90:*.rpmnew=00;90:*.rpmorig=00;90:*.rpmsave=00;90:*.swp=00;90:*.tmp=00;90:*.ucf-dist=00;90:*.ucf-new=00;90:*.ucf-old=00;90:', 'ROS_DOMAIN_ID': '1', 'AMENT_PREFIX_PATH': '/home/strain-drone/Documents/drone_position_hold/ros2_ws/install/mocap4r2_control:/home/strain-drone/Documents/drone_position_hold/ros2_ws/install/mocap4r2_control_msgs:/opt/ros/jazzy', 'SHELL': '/bin/bash', 'LESSCLOSE': '/usr/bin/lesspipe %s %s', 'VIRTUAL_ENV': '/home/strain-drone/venv-ardupilot', 'ROS_AUTOMATIC_DISCOVERY_RANGE': 'SUBNET', 'PWD': '/home/strain-drone/Documents/drone_position_hold/ros2_ws/build/rqt_mocap4r2_control', 'LC_ALL': 'en_US.UTF-8', 'SSH_CONNECTION': '100.119.134.77 59684 100.96.124.69 22', 'XDG_DATA_DIRS': '/usr/share/gnome:/usr/local/share:/usr/share:/var/lib/snapd/desktop', 'PYTHONPATH': '/home/strain-drone/Documents/drone_position_hold/ros2_ws/install/mocap4r2_control_msgs/lib/python3.12/site-packages:/opt/ros/jazzy/lib/python3.12/site-packages', 'COLCON': '1', 'CMAKE_PREFIX_PATH': '/home/strain-drone/Documents/drone_position_hold/ros2_ws/install/mocap4r2_control:/home/strain-drone/Documents/drone_position_hold/ros2_ws/install/mocap4r2_control_msgs:/opt/ros/jazzy/opt/gz_math_vendor:/opt/ros/jazzy/opt/gz_utils_vendor:/opt/ros/jazzy/opt/gz_cmake_vendor:/opt/ros/jazzy'}), 'shell': False}
[179.476142] (-) TimerEvent: {}
[179.477608] (rqt_mocap4r2_control) StdoutLine: {'line': b'-- Install configuration: ""\n'}
[179.478087] (rqt_mocap4r2_control) StdoutLine: {'line': b'-- Installing: /home/strain-drone/Documents/drone_position_hold/ros2_ws/install/rqt_mocap4r2_control/lib/rqt_mocap4r2_control/librqt_mocap4r2_control.so\n'}
[179.493974] (rqt_mocap4r2_control) StdoutLine: {'line': b'-- Set non-toolchain portion of runtime path of "/home/strain-drone/Documents/drone_position_hold/ros2_ws/install/rqt_mocap4r2_control/lib/rqt_mocap4r2_control/librqt_mocap4r2_control.so" to ""\n'}
[179.494403] (rqt_mocap4r2_control) StdoutLine: {'line': b'-- Installing: /home/strain-drone/Documents/drone_position_hold/ros2_ws/install/rqt_mocap4r2_control/lib/rqt_mocap4r2_control/rqt_mocap4r2_control\n'}
[179.496099] (rqt_mocap4r2_control) StdoutLine: {'line': b'-- Installing: /home/strain-drone/Documents/drone_position_hold/ros2_ws/install/rqt_mocap4r2_control/include\n'}
[179.496374] (rqt_mocap4r2_control) StdoutLine: {'line': b'-- Installing: /home/strain-drone/Documents/drone_position_hold/ros2_ws/install/rqt_mocap4r2_control/include/rqt_mocap4r2_control\n'}
[179.496532] (rqt_mocap4r2_control) StdoutLine: {'line': b'-- Installing: /home/strain-drone/Documents/drone_position_hold/ros2_ws/install/rqt_mocap4r2_control/include/rqt_mocap4r2_control/utils.hpp\n'}
[179.496662] (rqt_mocap4r2_control) StdoutLine: {'line': b'-- Installing: /home/strain-drone/Documents/drone_position_hold/ros2_ws/install/rqt_mocap4r2_control/include/rqt_mocap4r2_control/mocap4r2_control.hpp\n'}
[179.496826] (rqt_mocap4r2_control) StdoutLine: {'line': b'-- Installing: /home/strain-drone/Documents/drone_position_hold/ros2_ws/install/rqt_mocap4r2_control/include/rqt_mocap4r2_control/SystemController.hpp\n'}
[179.497145] (rqt_mocap4r2_control) StdoutLine: {'line': b'-- Installing: /home/strain-drone/Documents/drone_position_hold/ros2_ws/install/rqt_mocap4r2_control/share/rqt_mocap4r2_control/plugin.xml\n'}
[179.497360] (rqt_mocap4r2_control) StdoutLine: {'line': b'-- Up-to-date: /home/strain-drone/Documents/drone_position_hold/ros2_ws/install/rqt_mocap4r2_control/share/rqt_mocap4r2_control/plugin.xml\n'}
[179.497585] (rqt_mocap4r2_control) StdoutLine: {'line': b'-- Installing: /home/strain-drone/Documents/drone_position_hold/ros2_ws/install/rqt_mocap4r2_control/share/rqt_mocap4r2_control/environment/library_path.sh\n'}
[179.497855] (rqt_mocap4r2_control) StdoutLine: {'line': b'-- Installing: /home/strain-drone/Documents/drone_position_hold/ros2_ws/install/rqt_mocap4r2_control/share/rqt_mocap4r2_control/environment/library_path.dsv\n'}
[179.498426] (rqt_mocap4r2_control) StdoutLine: {'line': b'-- Installing: /home/strain-drone/Documents/drone_position_hold/ros2_ws/install/rqt_mocap4r2_control/share/ament_index/resource_index/package_run_dependencies/rqt_mocap4r2_control\n'}
[179.498874] (rqt_mocap4r2_control) StdoutLine: {'line': b'-- Installing: /home/strain-drone/Documents/drone_position_hold/ros2_ws/install/rqt_mocap4r2_control/share/ament_index/resource_index/parent_prefix_path/rqt_mocap4r2_control\n'}
[179.499285] (rqt_mocap4r2_control) StdoutLine: {'line': b'-- Installing: /home/strain-drone/Documents/drone_position_hold/ros2_ws/install/rqt_mocap4r2_control/share/rqt_mocap4r2_control/environment/ament_prefix_path.sh\n'}
[179.499656] (rqt_mocap4r2_control) StdoutLine: {'line': b'-- Installing: /home/strain-drone/Documents/drone_position_hold/ros2_ws/install/rqt_mocap4r2_control/share/rqt_mocap4r2_control/environment/ament_prefix_path.dsv\n'}
[179.500003] (rqt_mocap4r2_control) StdoutLine: {'line': b'-- Installing: /home/strain-drone/Documents/drone_position_hold/ros2_ws/install/rqt_mocap4r2_control/share/rqt_mocap4r2_control/environment/path.sh\n'}
[179.500340] (rqt_mocap4r2_control) StdoutLine: {'line': b'-- Installing: /home/strain-drone/Documents/drone_position_hold/ros2_ws/install/rqt_mocap4r2_control/share/rqt_mocap4r2_control/environment/path.dsv\n'}
[179.500674] (rqt_mocap4r2_control) StdoutLine: {'line': b'-- Installing: /home/strain-drone/Documents/drone_position_hold/ros2_ws/install/rqt_mocap4r2_control/share/rqt_mocap4r2_control/local_setup.bash\n'}
[179.501017] (rqt_mocap4r2_control) StdoutLine: {'line': b'-- Installing: /home/strain-drone/Documents/drone_position_hold/ros2_ws/install/rqt_mocap4r2_control/share/rqt_mocap4r2_control/local_setup.sh\n'}
[179.502034] (rqt_mocap4r2_control) StdoutLine: {'line': b'-- Installing: /home/strain-drone/Documents/drone_position_hold/ros2_ws/install/rqt_mocap4r2_control/share/rqt_mocap4r2_control/local_setup.zsh\n'}
[179.502256] (rqt_mocap4r2_control) StdoutLine: {'line': b'-- Installing: /home/strain-drone/Documents/drone_position_hold/ros2_ws/install/rqt_mocap4r2_control/share/rqt_mocap4r2_control/local_setup.dsv\n'}
[179.502378] (rqt_mocap4r2_control) StdoutLine: {'line': b'-- Installing: /home/strain-drone/Documents/drone_position_hold/ros2_ws/install/rqt_mocap4r2_control/share/rqt_mocap4r2_control/package.dsv\n'}
[179.502591] (rqt_mocap4r2_control) StdoutLine: {'line': b'-- Installing: /home/strain-drone/Documents/drone_position_hold/ros2_ws/install/rqt_mocap4r2_control/share/ament_index/resource_index/packages/rqt_mocap4r2_control\n'}
[179.502810] (rqt_mocap4r2_control) StdoutLine: {'line': b'-- Installing: /home/strain-drone/Documents/drone_position_hold/ros2_ws/install/rqt_mocap4r2_control/share/ament_index/resource_index/rqt_gui__pluginlib__plugin/rqt_mocap4r2_control\n'}
[179.503240] (rqt_mocap4r2_control) StdoutLine: {'line': b'-- Installing: /home/strain-drone/Documents/drone_position_hold/ros2_ws/install/rqt_mocap4r2_control/share/rqt_mocap4r2_control/cmake/ament_cmake_export_include_directories-extras.cmake\n'}
[179.503594] (rqt_mocap4r2_control) StdoutLine: {'line': b'-- Installing: /home/strain-drone/Documents/drone_position_hold/ros2_ws/install/rqt_mocap4r2_control/share/rqt_mocap4r2_control/cmake/ament_cmake_export_libraries-extras.cmake\n'}
[179.503973] (rqt_mocap4r2_control) StdoutLine: {'line': b'-- Installing: /home/strain-drone/Documents/drone_position_hold/ros2_ws/install/rqt_mocap4r2_control/share/rqt_mocap4r2_control/cmake/rqt_mocap4r2_controlConfig.cmake\n'}
[179.504263] (rqt_mocap4r2_control) StdoutLine: {'line': b'-- Installing: /home/strain-drone/Documents/drone_position_hold/ros2_ws/install/rqt_mocap4r2_control/share/rqt_mocap4r2_control/cmake/rqt_mocap4r2_controlConfig-version.cmake\n'}
[179.504677] (rqt_mocap4r2_control) StdoutLine: {'line': b'-- Installing: /home/strain-drone/Documents/drone_position_hold/ros2_ws/install/rqt_mocap4r2_control/share/rqt_mocap4r2_control/package.xml\n'}
[179.508319] (rqt_mocap4r2_control) CommandEnded: {'returncode': 0}
[179.535784] (rqt_mocap4r2_control) JobEnded: {'identifier': 'rqt_mocap4r2_control', 'rc': 0}
[179.576265] (-) TimerEvent: {}
[179.676671] (-) TimerEvent: {}
[179.777083] (-) TimerEvent: {}
[179.877484] (-) TimerEvent: {}
[179.977890] (-) TimerEvent: {}
[180.078300] (-) TimerEvent: {}
[180.178673] (-) TimerEvent: {}
[180.279114] (-) TimerEvent: {}
[180.379592] (-) TimerEvent: {}
[180.492391] (-) TimerEvent: {}
[180.592684] (-) TimerEvent: {}
[180.675250] (mocap4r2_dummy_driver) StdoutLine: {'line': b'[100%] \x1b[32m\x1b[1mLinking CXX executable mocap4r2_dummy_driver_main\x1b[0m\n'}
[180.692829] (-) TimerEvent: {}
[180.805846] (-) TimerEvent: {}
[180.906706] (-) TimerEvent: {}
[181.007529] (-) TimerEvent: {}
[181.108059] (-) TimerEvent: {}
[181.208852] (-) TimerEvent: {}
[181.309789] (-) TimerEvent: {}
[181.410535] (-) TimerEvent: {}
[181.511273] (-) TimerEvent: {}
[181.612295] (-) TimerEvent: {}
[181.713424] (-) TimerEvent: {}
[181.813899] (-) TimerEvent: {}
[181.897309] (mocap4r2_dummy_driver) StdoutLine: {'line': b'[100%] Built target mocap4r2_dummy_driver_main\n'}
[181.914016] (-) TimerEvent: {}
[181.920257] (mocap4r2_dummy_driver) CommandEnded: {'returncode': 0}
[181.921101] (mocap4r2_dummy_driver) JobProgress: {'identifier': 'mocap4r2_dummy_driver', 'progress': 'install'}
[181.921478] (mocap4r2_dummy_driver) Command: {'cmd': ['/usr/bin/cmake', '--install', '/home/strain-drone/Documents/drone_position_hold/ros2_ws/build/mocap4r2_dummy_driver'], 'cwd': '/home/strain-drone/Documents/drone_position_hold/ros2_ws/build/mocap4r2_dummy_driver', 'env': OrderedDict({'LESSOPEN': '| /usr/bin/lesspipe %s', 'USER': 'strain-drone', 'SSH_CLIENT': '100.119.134.77 59684 22', 'XDG_SESSION_TYPE': 'tty', 'SHLVL': '1', 'LD_LIBRARY_PATH': '/home/strain-drone/Documents/drone_position_hold/ros2_ws/install/mocap4r2_control/lib:/home/strain-drone/Documents/drone_position_hold/ros2_ws/install/mocap4r2_msgs/lib:/home/strain-drone/Documents/drone_position_hold/ros2_ws/install/mocap4r2_control_msgs/lib:/opt/ros/jazzy/opt/rviz_ogre_vendor/lib:/opt/ros/jazzy/lib/aarch64-linux-gnu:/opt/ros/jazzy/opt/gz_math_vendor/lib:/opt/ros/jazzy/opt/gz_utils_vendor/lib:/opt/ros/jazzy/opt/gz_cmake_vendor/lib:/opt/ros/jazzy/lib:/home/strain-drone/Documents/drone_position_hold/ros2_ws/src/natnet_ros2/deps/NatNetSDK/lib', 'HOME': '/home/strain-drone', 'OLDPWD': '/home/strain-drone', 'SSH_TTY': '/dev/pts/0', 'ROS_PYTHON_VERSION': '3', 'PS1': '(venv-ardupilot) \\[\\e]0;\\u@\\h: \\w\\a\\]${debian_chroot:+($debian_chroot)}\\[\\033[01;32m\\]\\u@\\h\\[\\033[00m\\]:\\[\\033[01;34m\\]\\w\\[\\033[00m\\]\\$', 'DBUS_SESSION_BUS_ADDRESS': 'unix:path=/run/user/1002/bus', 'DEBUGINFOD_URLS': 'https://debuginfod.ubuntu.com', 'ROS_DISTRO': 'jazzy', 'LOGNAME': 'strain-drone', '_': '/usr/bin/colcon', 'ROS_VERSION': '2', 'XDG_SESSION_CLASS': 'user', 'TERM': 'xterm-256color', 'XDG_SESSION_ID': '3', 'PATH': '/usr/lib/ccache:/home/strain-drone/Documents/ardupilot/Tools/autotest:/opt/gcc-arm-none-eabi-10-2020-q4-major/bin:/home/strain-drone/venv-ardupilot/bin:/home/strain-drone/.local/bin:/opt/ros/jazzy/bin:/usr/local/sbin:/usr/local/bin:/usr/sbin:/usr/bin:/sbin:/bin:/usr/games:/usr/local/games:/snap/bin:/home/strain-drone/.local/bin:/home/strain-drone/.local/bin', 'XDG_RUNTIME_DIR': '/run/user/1002', 'LANG': 'en_US.UTF-8', 'VIRTUAL_ENV_PROMPT': '(venv-ardupilot)', 'LS_COLORS': 'rs=0:di=01;34:ln=01;36:mh=00:pi=40;33:so=01;35:do=01;35:bd=40;33;01:cd=40;33;01:or=40;31;01:mi=00:su=37;41:sg=30;43:ca=00:tw=30;42:ow=34;42:st=37;44:ex=01;32:*.tar=01;31:*.tgz=01;31:*.arc=01;31:*.arj=01;31:*.taz=01;31:*.lha=01;31:*.lz4=01;31:*.lzh=01;31:*.lzma=01;31:*.tlz=01;31:*.txz=01;31:*.tzo=01;31:*.t7z=01;31:*.zip=01;31:*.z=01;31:*.dz=01;31:*.gz=01;31:*.lrz=01;31:*.lz=01;31:*.lzo=01;31:*.xz=01;31:*.zst=01;31:*.tzst=01;31:*.bz2=01;31:*.bz=01;31:*.tbz=01;31:*.tbz2=01;31:*.tz=01;31:*.deb=01;31:*.rpm=01;31:*.jar=01;31:*.war=01;31:*.ear=01;31:*.sar=01;31:*.rar=01;31:*.alz=01;31:*.ace=01;31:*.zoo=01;31:*.cpio=01;31:*.7z=01;31:*.rz=01;31:*.cab=01;31:*.wim=01;31:*.swm=01;31:*.dwm=01;31:*.esd=01;31:*.avif=01;35:*.jpg=01;35:*.jpeg=01;35:*.mjpg=01;35:*.mjpeg=01;35:*.gif=01;35:*.bmp=01;35:*.pbm=01;35:*.pgm=01;35:*.ppm=01;35:*.tga=01;35:*.xbm=01;35:*.xpm=01;35:*.tif=01;35:*.tiff=01;35:*.png=01;35:*.svg=01;35:*.svgz=01;35:*.mng=01;35:*.pcx=01;35:*.mov=01;35:*.mpg=01;35:*.mpeg=01;35:*.m2v=01;35:*.mkv=01;35:*.webm=01;35:*.webp=01;35:*.ogm=01;35:*.mp4=01;35:*.m4v=01;35:*.mp4v=01;35:*.vob=01;35:*.qt=01;35:*.nuv=01;35:*.wmv=01;35:*.asf=01;35:*.rm=01;35:*.rmvb=01;35:*.flc=01;35:*.avi=01;35:*.fli=01;35:*.flv=01;35:*.gl=01;35:*.dl=01;35:*.xcf=01;35:*.xwd=01;35:*.yuv=01;35:*.cgm=01;35:*.emf=01;35:*.ogv=01;35:*.ogx=01;35:*.aac=00;36:*.au=00;36:*.flac=00;36:*.m4a=00;36:*.mid=00;36:*.midi=00;36:*.mka=00;36:*.mp3=00;36:*.mpc=00;36:*.ogg=00;36:*.ra=00;36:*.wav=00;36:*.oga=00;36:*.opus=00;36:*.spx=00;36:*.xspf=00;36:*~=00;90:*#=00;90:*.bak=00;90:*.crdownload=00;90:*.dpkg-dist=00;90:*.dpkg-new=00;90:*.dpkg-old=00;90:*.dpkg-tmp=00;90:*.old=00;90:*.orig=00;90:*.part=00;90:*.rej=00;90:*.rpmnew=00;90:*.rpmorig=00;90:*.rpmsave=00;90:*.swp=00;90:*.tmp=00;90:*.ucf-dist=00;90:*.ucf-new=00;90:*.ucf-old=00;90:', 'ROS_DOMAIN_ID': '1', 'AMENT_PREFIX_PATH': '/home/strain-drone/Documents/drone_position_hold/ros2_ws/install/mocap4r2_control:/home/strain-drone/Documents/drone_position_hold/ros2_ws/install/mocap4r2_msgs:/home/strain-drone/Documents/drone_position_hold/ros2_ws/install/mocap4r2_control_msgs:/opt/ros/jazzy', 'SHELL': '/bin/bash', 'LESSCLOSE': '/usr/bin/lesspipe %s %s', 'VIRTUAL_ENV': '/home/strain-drone/venv-ardupilot', 'ROS_AUTOMATIC_DISCOVERY_RANGE': 'SUBNET', 'PWD': '/home/strain-drone/Documents/drone_position_hold/ros2_ws/build/mocap4r2_dummy_driver', 'LC_ALL': 'en_US.UTF-8', 'SSH_CONNECTION': '100.119.134.77 59684 100.96.124.69 22', 'XDG_DATA_DIRS': '/usr/share/gnome:/usr/local/share:/usr/share:/var/lib/snapd/desktop', 'PYTHONPATH': '/home/strain-drone/Documents/drone_position_hold/ros2_ws/install/mocap4r2_msgs/lib/python3.12/site-packages:/home/strain-drone/Documents/drone_position_hold/ros2_ws/install/mocap4r2_control_msgs/lib/python3.12/site-packages:/opt/ros/jazzy/lib/python3.12/site-packages', 'COLCON': '1', 'CMAKE_PREFIX_PATH': '/home/strain-drone/Documents/drone_position_hold/ros2_ws/install/mocap4r2_control:/home/strain-drone/Documents/drone_position_hold/ros2_ws/install/mocap4r2_msgs:/home/strain-drone/Documents/drone_position_hold/ros2_ws/install/mocap4r2_control_msgs:/opt/ros/jazzy/opt/gz_math_vendor:/opt/ros/jazzy/opt/gz_utils_vendor:/opt/ros/jazzy/opt/gz_cmake_vendor:/opt/ros/jazzy'}), 'shell': False}
[181.940338] (mocap4r2_dummy_driver) StdoutLine: {'line': b'-- Install configuration: ""\n'}
[181.940708] (mocap4r2_dummy_driver) StdoutLine: {'line': b'-- Installing: /home/strain-drone/Documents/drone_position_hold/ros2_ws/install/mocap4r2_dummy_driver/share/mocap4r2_dummy_driver/launch\n'}
[181.940858] (mocap4r2_dummy_driver) StdoutLine: {'line': b'-- Installing: /home/strain-drone/Documents/drone_position_hold/ros2_ws/install/mocap4r2_dummy_driver/share/mocap4r2_dummy_driver/launch/dummy.launch.py\n'}
[181.942297] (mocap4r2_dummy_driver) StdoutLine: {'line': b'-- Installing: /home/strain-drone/Documents/drone_position_hold/ros2_ws/install/mocap4r2_dummy_driver/lib/libmocap4r2_dummy_driver.a\n'}
[181.948506] (mocap4r2_dummy_driver) StdoutLine: {'line': b'-- Installing: /home/strain-drone/Documents/drone_position_hold/ros2_ws/install/mocap4r2_dummy_driver/lib/mocap4r2_dummy_driver/mocap4r2_dummy_driver_main\n'}
[181.953081] (mocap4r2_dummy_driver) StdoutLine: {'line': b'-- Set non-toolchain portion of runtime path of "/home/strain-drone/Documents/drone_position_hold/ros2_ws/install/mocap4r2_dummy_driver/lib/mocap4r2_dummy_driver/mocap4r2_dummy_driver_main" to ""\n'}
[181.953702] (mocap4r2_dummy_driver) StdoutLine: {'line': b'-- Installing: /home/strain-drone/Documents/drone_position_hold/ros2_ws/install/mocap4r2_dummy_driver/share/ament_index/resource_index/package_run_dependencies/mocap4r2_dummy_driver\n'}
[181.954218] (mocap4r2_dummy_driver) StdoutLine: {'line': b'-- Installing: /home/strain-drone/Documents/drone_position_hold/ros2_ws/install/mocap4r2_dummy_driver/share/ament_index/resource_index/parent_prefix_path/mocap4r2_dummy_driver\n'}
[181.954653] (mocap4r2_dummy_driver) StdoutLine: {'line': b'-- Installing: /home/strain-drone/Documents/drone_position_hold/ros2_ws/install/mocap4r2_dummy_driver/share/mocap4r2_dummy_driver/environment/ament_prefix_path.sh\n'}
[181.954870] (mocap4r2_dummy_driver) StdoutLine: {'line': b'-- Installing: /home/strain-drone/Documents/drone_position_hold/ros2_ws/install/mocap4r2_dummy_driver/share/mocap4r2_dummy_driver/environment/ament_prefix_path.dsv\n'}
[181.955089] (mocap4r2_dummy_driver) StdoutLine: {'line': b'-- Installing: /home/strain-drone/Documents/drone_position_hold/ros2_ws/install/mocap4r2_dummy_driver/share/mocap4r2_dummy_driver/environment/path.sh\n'}
[181.955303] (mocap4r2_dummy_driver) StdoutLine: {'line': b'-- Installing: /home/strain-drone/Documents/drone_position_hold/ros2_ws/install/mocap4r2_dummy_driver/share/mocap4r2_dummy_driver/environment/path.dsv\n'}
[181.955512] (mocap4r2_dummy_driver) StdoutLine: {'line': b'-- Installing: /home/strain-drone/Documents/drone_position_hold/ros2_ws/install/mocap4r2_dummy_driver/share/mocap4r2_dummy_driver/local_setup.bash\n'}
[181.955731] (mocap4r2_dummy_driver) StdoutLine: {'line': b'-- Installing: /home/strain-drone/Documents/drone_position_hold/ros2_ws/install/mocap4r2_dummy_driver/share/mocap4r2_dummy_driver/local_setup.sh\n'}
[181.955973] (mocap4r2_dummy_driver) StdoutLine: {'line': b'-- Installing: /home/strain-drone/Documents/drone_position_hold/ros2_ws/install/mocap4r2_dummy_driver/share/mocap4r2_dummy_driver/local_setup.zsh\n'}
[181.956176] (mocap4r2_dummy_driver) StdoutLine: {'line': b'-- Installing: /home/strain-drone/Documents/drone_position_hold/ros2_ws/install/mocap4r2_dummy_driver/share/mocap4r2_dummy_driver/local_setup.dsv\n'}
[181.956381] (mocap4r2_dummy_driver) StdoutLine: {'line': b'-- Installing: /home/strain-drone/Documents/drone_position_hold/ros2_ws/install/mocap4r2_dummy_driver/share/mocap4r2_dummy_driver/package.dsv\n'}
[181.956689] (mocap4r2_dummy_driver) StdoutLine: {'line': b'-- Installing: /home/strain-drone/Documents/drone_position_hold/ros2_ws/install/mocap4r2_dummy_driver/share/ament_index/resource_index/packages/mocap4r2_dummy_driver\n'}
[181.956954] (mocap4r2_dummy_driver) StdoutLine: {'line': b'-- Installing: /home/strain-drone/Documents/drone_position_hold/ros2_ws/install/mocap4r2_dummy_driver/share/mocap4r2_dummy_driver/cmake/ament_cmake_export_dependencies-extras.cmake\n'}
[181.957224] (mocap4r2_dummy_driver) StdoutLine: {'line': b'-- Installing: /home/strain-drone/Documents/drone_position_hold/ros2_ws/install/mocap4r2_dummy_driver/share/mocap4r2_dummy_driver/cmake/mocap4r2_dummy_driverConfig.cmake\n'}
[181.957388] (mocap4r2_dummy_driver) StdoutLine: {'line': b'-- Installing: /home/strain-drone/Documents/drone_position_hold/ros2_ws/install/mocap4r2_dummy_driver/share/mocap4r2_dummy_driver/cmake/mocap4r2_dummy_driverConfig-version.cmake\n'}
[181.957593] (mocap4r2_dummy_driver) StdoutLine: {'line': b'-- Installing: /home/strain-drone/Documents/drone_position_hold/ros2_ws/install/mocap4r2_dummy_driver/share/mocap4r2_dummy_driver/package.xml\n'}
[181.960813] (mocap4r2_dummy_driver) CommandEnded: {'returncode': 0}
[181.981413] (mocap4r2_dummy_driver) JobEnded: {'identifier': 'mocap4r2_dummy_driver', 'rc': 0}
[182.014121] (-) TimerEvent: {}
[182.114455] (-) TimerEvent: {}
[182.119490] (mocap4r2_vicon_driver) StdoutLine: {'line': b'[ 33%] \x1b[32mBuilding CXX object CMakeFiles/vicon_sdk.dir/ThirdParty/DataStream/ViconDataStreamSDKCore/RetimerUtils.cpp.o\x1b[0m\n'}
[182.214578] (-) TimerEvent: {}
[182.315137] (-) TimerEvent: {}
[182.415496] (-) TimerEvent: {}
[182.516121] (-) TimerEvent: {}
[182.617096] (-) TimerEvent: {}
[182.717486] (-) TimerEvent: {}
[182.817852] (-) TimerEvent: {}
[182.918278] (-) TimerEvent: {}
[183.018631] (-) TimerEvent: {}
[183.118971] (-) TimerEvent: {}
[183.219320] (-) TimerEvent: {}
[183.319681] (-) TimerEvent: {}
[183.420052] (-) TimerEvent: {}
[183.520408] (-) TimerEvent: {}
[183.620766] (-) TimerEvent: {}
[183.721269] (-) TimerEvent: {}
[183.821621] (-) TimerEvent: {}
[183.921984] (-) TimerEvent: {}
[184.022343] (-) TimerEvent: {}
[184.122692] (-) TimerEvent: {}
[184.223061] (-) TimerEvent: {}
[184.323421] (-) TimerEvent: {}
[184.344754] (mocap4r2_vicon_driver) StdoutLine: {'line': b'[ 36%] \x1b[32mBuilding CXX object CMakeFiles/vicon_sdk.dir/ThirdParty/DataStream/ViconDataStreamSDKCore/RetimingClient.cpp.o\x1b[0m\n'}
[184.423529] (-) TimerEvent: {}
[184.523868] (-) TimerEvent: {}
[184.624259] (-) TimerEvent: {}
[184.724586] (-) TimerEvent: {}
[184.824944] (-) TimerEvent: {}
[184.925305] (-) TimerEvent: {}
[185.025648] (-) TimerEvent: {}
[185.125989] (-) TimerEvent: {}
[185.226351] (-) TimerEvent: {}
[185.326708] (-) TimerEvent: {}
[185.427084] (-) TimerEvent: {}
[185.527580] (-) TimerEvent: {}
[185.628345] (-) TimerEvent: {}
[185.728699] (-) TimerEvent: {}
[185.829076] (-) TimerEvent: {}
[185.929705] (-) TimerEvent: {}
[186.030350] (-) TimerEvent: {}
[186.130662] (-) TimerEvent: {}
[186.231003] (-) TimerEvent: {}
[186.331346] (-) TimerEvent: {}
[186.431668] (-) TimerEvent: {}
[186.531999] (-) TimerEvent: {}
[186.632346] (-) TimerEvent: {}
[186.732680] (-) TimerEvent: {}
[186.833019] (-) TimerEvent: {}
[186.933358] (-) TimerEvent: {}
[187.033732] (-) TimerEvent: {}
[187.134095] (-) TimerEvent: {}
[187.234434] (-) TimerEvent: {}
[187.334807] (-) TimerEvent: {}
[187.435226] (-) TimerEvent: {}
[187.535582] (-) TimerEvent: {}
[187.635953] (-) TimerEvent: {}
[187.736301] (-) TimerEvent: {}
[187.836671] (-) TimerEvent: {}
[187.937006] (-) TimerEvent: {}
[188.037354] (-) TimerEvent: {}
[188.137697] (-) TimerEvent: {}
[188.238088] (-) TimerEvent: {}
[188.338452] (-) TimerEvent: {}
[188.438798] (-) TimerEvent: {}
[188.539156] (-) TimerEvent: {}
[188.639502] (-) TimerEvent: {}
[188.739934] (-) TimerEvent: {}
[188.840298] (-) TimerEvent: {}
[188.940634] (-) TimerEvent: {}
[189.040977] (-) TimerEvent: {}
[189.141308] (-) TimerEvent: {}
[189.241661] (-) TimerEvent: {}
[189.342011] (-) TimerEvent: {}
[189.442362] (-) TimerEvent: {}
[189.542706] (-) TimerEvent: {}
[189.643055] (-) TimerEvent: {}
[189.743395] (-) TimerEvent: {}
[189.843722] (-) TimerEvent: {}
[189.944087] (-) TimerEvent: {}
[190.044437] (-) TimerEvent: {}
[190.144776] (-) TimerEvent: {}
[190.245128] (-) TimerEvent: {}
[190.345479] (-) TimerEvent: {}
[190.445825] (-) TimerEvent: {}
[190.546172] (-) TimerEvent: {}
[190.646504] (-) TimerEvent: {}
[190.746820] (-) TimerEvent: {}
[190.847174] (-) TimerEvent: {}
[190.947535] (-) TimerEvent: {}
[191.047899] (-) TimerEvent: {}
[191.148258] (-) TimerEvent: {}
[191.248611] (-) TimerEvent: {}
[191.349062] (-) TimerEvent: {}
[191.449531] (-) TimerEvent: {}
[191.549874] (-) TimerEvent: {}
[191.650234] (-) TimerEvent: {}
[191.750604] (-) TimerEvent: {}
[191.851024] (-) TimerEvent: {}
[191.951363] (-) TimerEvent: {}
[192.051696] (-) TimerEvent: {}
[192.152025] (-) TimerEvent: {}
[192.252354] (-) TimerEvent: {}
[192.352686] (-) TimerEvent: {}
[192.453046] (-) TimerEvent: {}
[192.553398] (-) TimerEvent: {}
[192.631634] (mocap4r2_vicon_driver) StdoutLine: {'line': b'[ 40%] \x1b[32mBuilding CXX object CMakeFiles/vicon_sdk.dir/ThirdParty/DataStream/ViconDataStreamSDKCore/RetimingCore.cpp.o\x1b[0m\n'}
[192.653557] (-) TimerEvent: {}
[192.753989] (-) TimerEvent: {}
[192.854314] (-) TimerEvent: {}
[192.954668] (-) TimerEvent: {}
[193.055006] (-) TimerEvent: {}
[193.155468] (-) TimerEvent: {}
[193.256287] (-) TimerEvent: {}
[193.356616] (-) TimerEvent: {}
[193.456967] (-) TimerEvent: {}
[193.557339] (-) TimerEvent: {}
[193.657784] (-) TimerEvent: {}
[193.758140] (-) TimerEvent: {}
[193.858593] (-) TimerEvent: {}
[193.958979] (-) TimerEvent: {}
[194.059366] (-) TimerEvent: {}
[194.159691] (-) TimerEvent: {}
[194.260017] (-) TimerEvent: {}
[194.360355] (-) TimerEvent: {}
[194.460717] (-) TimerEvent: {}
[194.561089] (-) TimerEvent: {}
[194.651084] (mocap4r2_vicon_driver) StdoutLine: {'line': b'[ 43%] \x1b[32mBuilding CXX object CMakeFiles/vicon_sdk.dir/ThirdParty/DataStream/ViconDataStreamSDKCore/SegmentPoseReader.cpp.o\x1b[0m\n'}
[194.661212] (-) TimerEvent: {}
[194.761602] (-) TimerEvent: {}
[194.861987] (-) TimerEvent: {}
[194.962358] (-) TimerEvent: {}
[195.062730] (-) TimerEvent: {}
[195.163146] (-) TimerEvent: {}
[195.263547] (-) TimerEvent: {}
[195.364066] (-) TimerEvent: {}
[195.464546] (-) TimerEvent: {}
[195.564942] (-) TimerEvent: {}
[195.666482] (-) TimerEvent: {}
[195.671542] (mocap4r2_vicon_driver) StdoutLine: {'line': b'[ 46%] \x1b[32mBuilding CXX object CMakeFiles/vicon_sdk.dir/ThirdParty/DataStream/ViconDataStreamSDKCore/CoreClientTimingLog.cpp.o\x1b[0m\n'}
[195.767204] (-) TimerEvent: {}
[195.867996] (-) TimerEvent: {}
[195.969019] (-) TimerEvent: {}
[196.069949] (-) TimerEvent: {}
[196.170809] (-) TimerEvent: {}
[196.271416] (-) TimerEvent: {}
[196.372305] (-) TimerEvent: {}
[196.472878] (-) TimerEvent: {}
[196.573946] (-) TimerEvent: {}
[196.674397] (-) TimerEvent: {}
[196.699029] (mocap4r2_vicon_driver) StdoutLine: {'line': b'[ 50%] \x1b[32mBuilding CXX object CMakeFiles/vicon_sdk.dir/ThirdParty/DataStream/ViconDataStreamSDKCore/CoreClient.cpp.o\x1b[0m\n'}
[196.774557] (-) TimerEvent: {}
[196.875061] (-) TimerEvent: {}
[196.975550] (-) TimerEvent: {}
[197.077021] (-) TimerEvent: {}
[197.177457] (-) TimerEvent: {}
[197.277928] (-) TimerEvent: {}
[197.380042] (-) TimerEvent: {}
[197.480531] (-) TimerEvent: {}
[197.581039] (-) TimerEvent: {}
[197.681543] (-) TimerEvent: {}
[197.783063] (-) TimerEvent: {}
[197.883564] (-) TimerEvent: {}
[197.986024] (-) TimerEvent: {}
[198.086509] (-) TimerEvent: {}
[198.187032] (-) TimerEvent: {}
[198.291062] (-) TimerEvent: {}
[198.391620] (-) TimerEvent: {}
[198.492383] (-) TimerEvent: {}
[198.593190] (-) TimerEvent: {}
[198.696342] (-) TimerEvent: {}
[198.796943] (-) TimerEvent: {}
[198.897450] (-) TimerEvent: {}
[198.997933] (-) TimerEvent: {}
[199.098411] (-) TimerEvent: {}
[199.200245] (-) TimerEvent: {}
[199.300984] (-) TimerEvent: {}
[199.404556] (-) TimerEvent: {}
[199.505038] (-) TimerEvent: {}
[199.605580] (-) TimerEvent: {}
[199.707322] (-) TimerEvent: {}
[199.809293] (-) TimerEvent: {}
[199.911213] (-) TimerEvent: {}
[200.011685] (-) TimerEvent: {}
[200.112166] (-) TimerEvent: {}
[200.215039] (-) TimerEvent: {}
[200.315533] (-) TimerEvent: {}
[200.416046] (-) TimerEvent: {}
[200.516540] (-) TimerEvent: {}
[200.617090] (-) TimerEvent: {}
[200.719277] (-) TimerEvent: {}
[200.819850] (-) TimerEvent: {}
[200.920356] (-) TimerEvent: {}
[201.023260] (-) TimerEvent: {}
[201.123769] (-) TimerEvent: {}
[201.224286] (-) TimerEvent: {}
[201.324826] (-) TimerEvent: {}
[201.425363] (-) TimerEvent: {}
[201.527253] (-) TimerEvent: {}
[201.627740] (-) TimerEvent: {}
[201.728319] (-) TimerEvent: {}
[201.830340] (-) TimerEvent: {}
[201.930806] (-) TimerEvent: {}
[202.033032] (-) TimerEvent: {}
[202.133518] (-) TimerEvent: {}
[202.234045] (-) TimerEvent: {}
[202.334602] (-) TimerEvent: {}
[202.436304] (-) TimerEvent: {}
[202.536858] (-) TimerEvent: {}
[202.640339] (-) TimerEvent: {}
[202.743272] (-) TimerEvent: {}
[202.844861] (-) TimerEvent: {}
[202.945390] (-) TimerEvent: {}
[203.046012] (-) TimerEvent: {}
[203.147224] (-) TimerEvent: {}
[203.250034] (-) TimerEvent: {}
[203.350575] (-) TimerEvent: {}
[203.451130] (-) TimerEvent: {}
[203.551666] (-) TimerEvent: {}
[203.652173] (-) TimerEvent: {}
[203.752718] (-) TimerEvent: {}
[203.854394] (-) TimerEvent: {}
[203.953232] (mocap4r2_vicon_driver) StdoutLine: {'line': b'[ 53%] \x1b[32mBuilding CXX object CMakeFiles/vicon_sdk.dir/ThirdParty/DataStream/ViconDataStreamSDKCore/WirelessConfiguration.cpp.o\x1b[0m\n'}
[203.956037] (-) TimerEvent: {}
[204.056569] (-) TimerEvent: {}
[204.157305] (-) TimerEvent: {}
[204.260739] (-) TimerEvent: {}
[204.361984] (-) TimerEvent: {}
[204.463237] (-) TimerEvent: {}
[204.566030] (-) TimerEvent: {}
[204.639078] (mocap4r2_vicon_driver) StdoutLine: {'line': b'[ 56%] \x1b[32mBuilding CXX object CMakeFiles/vicon_sdk.dir/ThirdParty/DataStream/ViconDataStreamSDKCoreUtils/AxisMapping.cpp.o\x1b[0m\n'}
[204.666175] (-) TimerEvent: {}
[204.766835] (-) TimerEvent: {}
[204.867524] (-) TimerEvent: {}
[204.970286] (-) TimerEvent: {}
[205.020643] (mocap4r2_vicon_driver) StderrLine: {'line': b'\x1b[01m\x1b[K/home/strain-drone/Documents/drone_position_hold/ros2_ws/src/mocap4ros2_vicon/mocap4r2_vicon_driver/ThirdParty/DataStream/ViconDataStreamSDKCore/RetimingCore.cpp:30:\x1b[m\x1b[K \x1b[01;35m\x1b[Kwarning: \x1b[m\x1b[Kignoring \xe2\x80\x98\x1b[01m\x1b[K#pragma warning \x1b[m\x1b[K\xe2\x80\x99 [\x1b[01;35m\x1b[K-Wunknown-pragmas\x1b[m\x1b[K]\n'}
[205.023043] (mocap4r2_vicon_driver) StderrLine: {'line': b'   30 | #pragma warning( push )\n'}
[205.023411] (mocap4r2_vicon_driver) StderrLine: {'line': b'      | \n'}
[205.023541] (mocap4r2_vicon_driver) StderrLine: {'line': b'\x1b[01m\x1b[K/home/strain-drone/Documents/drone_position_hold/ros2_ws/src/mocap4ros2_vicon/mocap4r2_vicon_driver/ThirdParty/DataStream/ViconDataStreamSDKCore/RetimingCore.cpp:31:\x1b[m\x1b[K \x1b[01;35m\x1b[Kwarning: \x1b[m\x1b[Kignoring \xe2\x80\x98\x1b[01m\x1b[K#pragma warning \x1b[m\x1b[K\xe2\x80\x99 [\x1b[01;35m\x1b[K-Wunknown-pragmas\x1b[m\x1b[K]\n'}
[205.023691] (mocap4r2_vicon_driver) StderrLine: {'line': b'   31 | #pragma warning( disable : 4265 )\n'}
[205.023847] (mocap4r2_vicon_driver) StderrLine: {'line': b'      | \n'}
[205.024417] (mocap4r2_vicon_driver) StderrLine: {'line': b'\x1b[01m\x1b[K/home/strain-drone/Documents/drone_position_hold/ros2_ws/src/mocap4ros2_vicon/mocap4r2_vicon_driver/ThirdParty/DataStream/ViconDataStreamSDKCore/RetimingCore.cpp:33:\x1b[m\x1b[K \x1b[01;35m\x1b[Kwarning: \x1b[m\x1b[Kignoring \xe2\x80\x98\x1b[01m\x1b[K#pragma warning \x1b[m\x1b[K\xe2\x80\x99 [\x1b[01;35m\x1b[K-Wunknown-pragmas\x1b[m\x1b[K]\n'}
[205.024635] (mocap4r2_vicon_driver) StderrLine: {'line': b'   33 | #pragma warning( pop )\n'}
[205.024768] (mocap4r2_vicon_driver) StderrLine: {'line': b'      | \n'}
[205.024934] (mocap4r2_vicon_driver) StderrLine: {'line': b'\x1b[01m\x1b[K/home/strain-drone/Documents/drone_position_hold/ros2_ws/src/mocap4ros2_vicon/mocap4r2_vicon_driver/ThirdParty/DataStream/ViconDataStreamSDKCore/RetimingCore.cpp:\x1b[m\x1b[K In member function \xe2\x80\x98\x1b[01m\x1b[Kstd::shared_ptr<const ViconDataStreamSDK::Core::VSubjectPose> ViconDataStreamSDK::Core::VRetimingCore::\x1b[01;32m\x1b[KPredict\x1b[m\x1b[K(std::shared_ptr<const ViconDataStreamSDK::Core::VSubjectPose>, std::shared_ptr<const ViconDataStreamSDK::Core::VSubjectPose>, double) const\x1b[m\x1b[K\xe2\x80\x99:\n'}
[205.025146] (mocap4r2_vicon_driver) StderrLine: {'line': b'\x1b[01m\x1b[K/home/strain-drone/Documents/drone_position_hold/ros2_ws/src/mocap4ros2_vicon/mocap4r2_vicon_driver/ThirdParty/DataStream/ViconDataStreamSDKCore/RetimingCore.cpp:194:23:\x1b[m\x1b[K \x1b[01;35m\x1b[Kwarning: \x1b[m\x1b[Kloop variable \xe2\x80\x98\x1b[01m\x1b[KLatency\x1b[m\x1b[K\xe2\x80\x99 creates a copy from type \xe2\x80\x98\x1b[01m\x1b[Kconst std::pair<const std::__cxx11::basic_string<char>, double>\x1b[m\x1b[K\xe2\x80\x99 [\x1b[01;35m\x1b[K-Wrange-loop-construct\x1b[m\x1b[K]\n'}
[205.025301] (mocap4r2_vicon_driver) StderrLine: {'line': b'  194 |       for( const auto \x1b[01;35m\x1b[KLatency\x1b[m\x1b[K : p1->Latencies )\n'}
[205.025421] (mocap4r2_vicon_driver) StderrLine: {'line': b'      |                       \x1b[01;35m\x1b[K^~~~~~~\x1b[m\x1b[K\n'}
[205.025534] (mocap4r2_vicon_driver) StderrLine: {'line': b'\x1b[01m\x1b[K/home/strain-drone/Documents/drone_position_hold/ros2_ws/src/mocap4ros2_vicon/mocap4r2_vicon_driver/ThirdParty/DataStream/ViconDataStreamSDKCore/RetimingCore.cpp:194:23:\x1b[m\x1b[K \x1b[01;36m\x1b[Knote: \x1b[m\x1b[Kuse reference type to prevent copying\n'}
[205.025654] (mocap4r2_vicon_driver) StderrLine: {'line': b'  194 |       for( const auto \x1b[01;36m\x1b[KLatency\x1b[m\x1b[K : p1->Latencies )\n'}
[205.025797] (mocap4r2_vicon_driver) StderrLine: {'line': b'      |                       \x1b[01;36m\x1b[K^~~~~~~\x1b[m\x1b[K\n'}
[205.025904] (mocap4r2_vicon_driver) StderrLine: {'line': b'      |                       \x1b[32m\x1b[K&\x1b[m\x1b[K\n'}
[205.030408] (mocap4r2_vicon_driver) StderrLine: {'line': b'\x1b[01m\x1b[K/home/strain-drone/Documents/drone_position_hold/ros2_ws/src/mocap4ros2_vicon/mocap4r2_vicon_driver/ThirdParty/DataStream/ViconDataStreamSDKCore/RetimingCore.cpp:204:23:\x1b[m\x1b[K \x1b[01;35m\x1b[Kwarning: \x1b[m\x1b[Kloop variable \xe2\x80\x98\x1b[01m\x1b[KSegIt\x1b[m\x1b[K\xe2\x80\x99 creates a copy from type \xe2\x80\x98\x1b[01m\x1b[Kconst std::pair<const std::__cxx11::basic_string<char>, std::shared_ptr<ViconDataStreamSDK::Core::VSegmentPose> >\x1b[m\x1b[K\xe2\x80\x99 [\x1b[01;35m\x1b[K-Wrange-loop-construct\x1b[m\x1b[K]\n'}
[205.030633] (mocap4r2_vicon_driver) StderrLine: {'line': b'  204 |       for( const auto \x1b[01;35m\x1b[KSegIt\x1b[m\x1b[K : p1->m_Segments )\n'}
[205.030747] (mocap4r2_vicon_driver) StderrLine: {'line': b'      |                       \x1b[01;35m\x1b[K^~~~~\x1b[m\x1b[K\n'}
[205.030867] (mocap4r2_vicon_driver) StderrLine: {'line': b'\x1b[01m\x1b[K/home/strain-drone/Documents/drone_position_hold/ros2_ws/src/mocap4ros2_vicon/mocap4r2_vicon_driver/ThirdParty/DataStream/ViconDataStreamSDKCore/RetimingCore.cpp:204:23:\x1b[m\x1b[K \x1b[01;36m\x1b[Knote: \x1b[m\x1b[Kuse reference type to prevent copying\n'}
[205.031092] (mocap4r2_vicon_driver) StderrLine: {'line': b'  204 |       for( const auto \x1b[01;36m\x1b[KSegIt\x1b[m\x1b[K : p1->m_Segments )\n'}
[205.031230] (mocap4r2_vicon_driver) StderrLine: {'line': b'      |                       \x1b[01;36m\x1b[K^~~~~\x1b[m\x1b[K\n'}
[205.031357] (mocap4r2_vicon_driver) StderrLine: {'line': b'      |                       \x1b[32m\x1b[K&\x1b[m\x1b[K\n'}
[205.031470] (mocap4r2_vicon_driver) StderrLine: {'line': b'\x1b[01m\x1b[K/home/strain-drone/Documents/drone_position_hold/ros2_ws/src/mocap4ros2_vicon/mocap4r2_vicon_driver/ThirdParty/DataStream/ViconDataStreamSDKCore/RetimingCore.cpp:207:25:\x1b[m\x1b[K \x1b[01;35m\x1b[Kwarning: \x1b[m\x1b[Kloop variable \xe2\x80\x98\x1b[01m\x1b[KSegIt2\x1b[m\x1b[K\xe2\x80\x99 creates a copy from type \xe2\x80\x98\x1b[01m\x1b[Kconst std::pair<const std::__cxx11::basic_string<char>, std::shared_ptr<ViconDataStreamSDK::Core::VSegmentPose> >\x1b[m\x1b[K\xe2\x80\x99 [\x1b[01;35m\x1b[K-Wrange-loop-construct\x1b[m\x1b[K]\n'}
[205.031582] (mocap4r2_vicon_driver) StderrLine: {'line': b'  207 |         for( const auto \x1b[01;35m\x1b[KSegIt2\x1b[m\x1b[K : p2->m_Segments )\n'}
[205.031715] (mocap4r2_vicon_driver) StderrLine: {'line': b'      |                         \x1b[01;35m\x1b[K^~~~~~\x1b[m\x1b[K\n'}
[205.031834] (mocap4r2_vicon_driver) StderrLine: {'line': b'\x1b[01m\x1b[K/home/strain-drone/Documents/drone_position_hold/ros2_ws/src/mocap4ros2_vicon/mocap4r2_vicon_driver/ThirdParty/DataStream/ViconDataStreamSDKCore/RetimingCore.cpp:207:25:\x1b[m\x1b[K \x1b[01;36m\x1b[Knote: \x1b[m\x1b[Kuse reference type to prevent copying\n'}
[205.032054] (mocap4r2_vicon_driver) StderrLine: {'line': b'  207 |         for( const auto \x1b[01;36m\x1b[KSegIt2\x1b[m\x1b[K : p2->m_Segments )\n'}
[205.032237] (mocap4r2_vicon_driver) StderrLine: {'line': b'      |                         \x1b[01;36m\x1b[K^~~~~~\x1b[m\x1b[K\n'}
[205.032373] (mocap4r2_vicon_driver) StderrLine: {'line': b'      |                         \x1b[32m\x1b[K&\x1b[m\x1b[K\n'}
[205.032515] (mocap4r2_vicon_driver) StderrLine: {'line': b'\x1b[01m\x1b[K/home/strain-drone/Documents/drone_position_hold/ros2_ws/src/mocap4ros2_vicon/mocap4r2_vicon_driver/ThirdParty/DataStream/ViconDataStreamSDKCore/RetimingCore.cpp:\x1b[m\x1b[K In static member function \xe2\x80\x98\x1b[01m\x1b[Kstatic std::string ViconDataStreamSDK::Core::VSubjectPose::\x1b[01;32m\x1b[KOutputHeader\x1b[m\x1b[K(const std::shared_ptr<ViconDataStreamSDK::Core::VSubjectPose>&)\x1b[m\x1b[K\xe2\x80\x99:\n'}
[205.032669] (mocap4r2_vicon_driver) StderrLine: {'line': b'\x1b[01m\x1b[K/home/strain-drone/Documents/drone_position_hold/ros2_ws/src/mocap4ros2_vicon/mocap4r2_vicon_driver/ThirdParty/DataStream/ViconDataStreamSDKCore/RetimingCore.cpp:394:23:\x1b[m\x1b[K \x1b[01;35m\x1b[Kwarning: \x1b[m\x1b[Kloop variable \xe2\x80\x98\x1b[01m\x1b[KLatency\x1b[m\x1b[K\xe2\x80\x99 creates a copy from type \xe2\x80\x98\x1b[01m\x1b[Kconst std::pair<const std::__cxx11::basic_string<char>, double>\x1b[m\x1b[K\xe2\x80\x99 [\x1b[01;35m\x1b[K-Wrange-loop-construct\x1b[m\x1b[K]\n'}
[205.032829] (mocap4r2_vicon_driver) StderrLine: {'line': b'  394 |       for( const auto \x1b[01;35m\x1b[KLatency\x1b[m\x1b[K : i_rPose->Latencies )\n'}
[205.035224] (mocap4r2_vicon_driver) StderrLine: {'line': b'      |                       \x1b[01;35m\x1b[K^~~~~~~\x1b[m\x1b[K\n'}
[205.035454] (mocap4r2_vicon_driver) StderrLine: {'line': b'\x1b[01m\x1b[K/home/strain-drone/Documents/drone_position_hold/ros2_ws/src/mocap4ros2_vicon/mocap4r2_vicon_driver/ThirdParty/DataStream/ViconDataStreamSDKCore/RetimingCore.cpp:394:23:\x1b[m\x1b[K \x1b[01;36m\x1b[Knote: \x1b[m\x1b[Kuse reference type to prevent copying\n'}
[205.035595] (mocap4r2_vicon_driver) StderrLine: {'line': b'  394 |       for( const auto \x1b[01;36m\x1b[KLatency\x1b[m\x1b[K : i_rPose->Latencies )\n'}
[205.035746] (mocap4r2_vicon_driver) StderrLine: {'line': b'      |                       \x1b[01;36m\x1b[K^~~~~~~\x1b[m\x1b[K\n'}
[205.035868] (mocap4r2_vicon_driver) StderrLine: {'line': b'      |                       \x1b[32m\x1b[K&\x1b[m\x1b[K\n'}
[205.036042] (mocap4r2_vicon_driver) StderrLine: {'line': b'\x1b[01m\x1b[K/home/strain-drone/Documents/drone_position_hold/ros2_ws/src/mocap4ros2_vicon/mocap4r2_vicon_driver/ThirdParty/DataStream/ViconDataStreamSDKCore/RetimingCore.cpp:\x1b[m\x1b[K In function \xe2\x80\x98\x1b[01m\x1b[Kstd::ostream& ViconDataStreamSDK::Core::\x1b[01;32m\x1b[Koperator<<\x1b[m\x1b[K(std::ostream&, const VSubjectPose&)\x1b[m\x1b[K\xe2\x80\x99:\n'}
[205.036193] (mocap4r2_vicon_driver) StderrLine: {'line': b'\x1b[01m\x1b[K/home/strain-drone/Documents/drone_position_hold/ros2_ws/src/mocap4ros2_vicon/mocap4r2_vicon_driver/ThirdParty/DataStream/ViconDataStreamSDKCore/RetimingCore.cpp:414:23:\x1b[m\x1b[K \x1b[01;35m\x1b[Kwarning: \x1b[m\x1b[Kloop variable \xe2\x80\x98\x1b[01m\x1b[KLatencySample\x1b[m\x1b[K\xe2\x80\x99 creates a copy from type \xe2\x80\x98\x1b[01m\x1b[Kconst std::pair<const std::__cxx11::basic_string<char>, double>\x1b[m\x1b[K\xe2\x80\x99 [\x1b[01;35m\x1b[K-Wrange-loop-construct\x1b[m\x1b[K]\n'}
[205.036309] (mocap4r2_vicon_driver) StderrLine: {'line': b'  414 |       for( const auto \x1b[01;35m\x1b[KLatencySample\x1b[m\x1b[K : i_Pose.Latencies )\n'}
[205.036410] (mocap4r2_vicon_driver) StderrLine: {'line': b'      |                       \x1b[01;35m\x1b[K^~~~~~~~~~~~~\x1b[m\x1b[K\n'}
[205.036554] (mocap4r2_vicon_driver) StderrLine: {'line': b'\x1b[01m\x1b[K/home/strain-drone/Documents/drone_position_hold/ros2_ws/src/mocap4ros2_vicon/mocap4r2_vicon_driver/ThirdParty/DataStream/ViconDataStreamSDKCore/RetimingCore.cpp:414:23:\x1b[m\x1b[K \x1b[01;36m\x1b[Knote: \x1b[m\x1b[Kuse reference type to prevent copying\n'}
[205.036691] (mocap4r2_vicon_driver) StderrLine: {'line': b'  414 |       for( const auto \x1b[01;36m\x1b[KLatencySample\x1b[m\x1b[K : i_Pose.Latencies )\n'}
[205.036812] (mocap4r2_vicon_driver) StderrLine: {'line': b'      |                       \x1b[01;36m\x1b[K^~~~~~~~~~~~~\x1b[m\x1b[K\n'}
[205.036935] (mocap4r2_vicon_driver) StderrLine: {'line': b'      |                       \x1b[32m\x1b[K&\x1b[m\x1b[K\n'}
[205.037073] (mocap4r2_vicon_driver) StderrLine: {'line': b'\x1b[01m\x1b[K/home/strain-drone/Documents/drone_position_hold/ros2_ws/src/mocap4ros2_vicon/mocap4r2_vicon_driver/ThirdParty/DataStream/ViconDataStreamSDKCore/RetimingCore.cpp:423:23:\x1b[m\x1b[K \x1b[01;35m\x1b[Kwarning: \x1b[m\x1b[Kloop variable \xe2\x80\x98\x1b[01m\x1b[KrSegment\x1b[m\x1b[K\xe2\x80\x99 creates a copy from type \xe2\x80\x98\x1b[01m\x1b[Kconst std::pair<const std::__cxx11::basic_string<char>, std::shared_ptr<ViconDataStreamSDK::Core::VSegmentPose> >\x1b[m\x1b[K\xe2\x80\x99 [\x1b[01;35m\x1b[K-Wrange-loop-construct\x1b[m\x1b[K]\n'}
[205.037230] (mocap4r2_vicon_driver) StderrLine: {'line': b'  423 |       for( const auto \x1b[01;35m\x1b[KrSegment\x1b[m\x1b[K : i_Pose.m_Segments )\n'}
[205.037370] (mocap4r2_vicon_driver) StderrLine: {'line': b'      |                       \x1b[01;35m\x1b[K^~~~~~~~\x1b[m\x1b[K\n'}
[205.037512] (mocap4r2_vicon_driver) StderrLine: {'line': b'\x1b[01m\x1b[K/home/strain-drone/Documents/drone_position_hold/ros2_ws/src/mocap4ros2_vicon/mocap4r2_vicon_driver/ThirdParty/DataStream/ViconDataStreamSDKCore/RetimingCore.cpp:423:23:\x1b[m\x1b[K \x1b[01;36m\x1b[Knote: \x1b[m\x1b[Kuse reference type to prevent copying\n'}
[205.037705] (mocap4r2_vicon_driver) StderrLine: {'line': b'  423 |       for( const auto \x1b[01;36m\x1b[KrSegment\x1b[m\x1b[K : i_Pose.m_Segments )\n'}
[205.037878] (mocap4r2_vicon_driver) StderrLine: {'line': b'      |                       \x1b[01;36m\x1b[K^~~~~~~~\x1b[m\x1b[K\n'}
[205.042348] (mocap4r2_vicon_driver) StderrLine: {'line': b'      |                       \x1b[32m\x1b[K&\x1b[m\x1b[K\n'}
[205.069352] (mocap4r2_vicon_driver) StdoutLine: {'line': b'[ 60%] \x1b[32mBuilding CXX object CMakeFiles/vicon_sdk.dir/ThirdParty/DataStream/ViconDataStreamSDKCoreUtils/ClientUtils.cpp.o\x1b[0m\n'}
[205.070403] (-) TimerEvent: {}
[205.170895] (-) TimerEvent: {}
[205.273029] (-) TimerEvent: {}
[205.373506] (-) TimerEvent: {}
[205.475170] (-) TimerEvent: {}
[205.575671] (-) TimerEvent: {}
[205.677448] (-) TimerEvent: {}
[205.779633] (-) TimerEvent: {}
[205.883328] (-) TimerEvent: {}
[205.923245] (mocap4r2_vicon_driver) StdoutLine: {'line': b'[ 63%] \x1b[32mBuilding CXX object CMakeFiles/vicon_sdk.dir/ThirdParty/DataStream/ViconDataStreamSDK_C/CClient.cpp.o\x1b[0m\n'}
[205.983463] (-) TimerEvent: {}
[206.085201] (-) TimerEvent: {}
[206.185989] (-) TimerEvent: {}
[206.288648] (-) TimerEvent: {}
[206.389543] (-) TimerEvent: {}
[206.493275] (-) TimerEvent: {}
[206.594605] (-) TimerEvent: {}
[206.695998] (-) TimerEvent: {}
[206.797118] (-) TimerEvent: {}
[206.899247] (-) TimerEvent: {}
[207.003022] (-) TimerEvent: {}
[207.103509] (-) TimerEvent: {}
[207.204005] (-) TimerEvent: {}
[207.304538] (-) TimerEvent: {}
[207.405018] (-) TimerEvent: {}
[207.411574] (mocap4r2_vicon_driver) StderrLine: {'line': b'\x1b[01m\x1b[K/home/strain-drone/Documents/drone_position_hold/ros2_ws/src/mocap4ros2_vicon/mocap4r2_vicon_driver/ThirdParty/DataStream/ViconDataStreamSDK_C/CClient.cpp:\x1b[m\x1b[K In function \xe2\x80\x98\x1b[01m\x1b[KCEnum\x1b[01;32m\x1b[K Client_EnableGreyscaleData\x1b[m\x1b[K(CClient*)\x1b[m\x1b[K\xe2\x80\x99:\n'}
[207.412030] (mocap4r2_vicon_driver) StderrLine: {'line': b'\x1b[01m\x1b[K/home/strain-drone/Documents/drone_position_hold/ros2_ws/src/mocap4ros2_vicon/mocap4r2_vicon_driver/ThirdParty/DataStream/ViconDataStreamSDK_C/CClient.cpp:688:44:\x1b[m\x1b[K \x1b[01;35m\x1b[Kwarning: \x1b[m\x1b[Kunused parameter \xe2\x80\x98\x1b[01m\x1b[Kclient\x1b[m\x1b[K\xe2\x80\x99 [\x1b[01;35m\x1b[K-Wunused-parameter\x1b[m\x1b[K]\n'}
[207.412195] (mocap4r2_vicon_driver) StderrLine: {'line': b'  688 | CEnum Client_EnableGreyscaleData( \x1b[01;35m\x1b[KCClient* client\x1b[m\x1b[K )\n'}
[207.412332] (mocap4r2_vicon_driver) StderrLine: {'line': b'      |                                   \x1b[01;35m\x1b[K~~~~~~~~~^~~~~~\x1b[m\x1b[K\n'}
[207.412456] (mocap4r2_vicon_driver) StderrLine: {'line': b'\x1b[01m\x1b[K/home/strain-drone/Documents/drone_position_hold/ros2_ws/src/mocap4ros2_vicon/mocap4r2_vicon_driver/ThirdParty/DataStream/ViconDataStreamSDK_C/CClient.cpp:\x1b[m\x1b[K In function \xe2\x80\x98\x1b[01m\x1b[KCEnum\x1b[01;32m\x1b[K Client_DisableGreyscaleData\x1b[m\x1b[K(CClient*)\x1b[m\x1b[K\xe2\x80\x99:\n'}
[207.412615] (mocap4r2_vicon_driver) StderrLine: {'line': b'\x1b[01m\x1b[K/home/strain-drone/Documents/drone_position_hold/ros2_ws/src/mocap4ros2_vicon/mocap4r2_vicon_driver/ThirdParty/DataStream/ViconDataStreamSDK_C/CClient.cpp:713:45:\x1b[m\x1b[K \x1b[01;35m\x1b[Kwarning: \x1b[m\x1b[Kunused parameter \xe2\x80\x98\x1b[01m\x1b[Kclient\x1b[m\x1b[K\xe2\x80\x99 [\x1b[01;35m\x1b[K-Wunused-parameter\x1b[m\x1b[K]\n'}
[207.412765] (mocap4r2_vicon_driver) StderrLine: {'line': b'  713 | CEnum Client_DisableGreyscaleData( \x1b[01;35m\x1b[KCClient* client\x1b[m\x1b[K )\n'}
[207.412897] (mocap4r2_vicon_driver) StderrLine: {'line': b'      |                                    \x1b[01;35m\x1b[K~~~~~~~~~^~~~~~\x1b[m\x1b[K\n'}
[207.413126] (mocap4r2_vicon_driver) StderrLine: {'line': b'\x1b[01m\x1b[K/home/strain-drone/Documents/drone_position_hold/ros2_ws/src/mocap4ros2_vicon/mocap4r2_vicon_driver/ThirdParty/DataStream/ViconDataStreamSDK_C/CClient.cpp:\x1b[m\x1b[K In function \xe2\x80\x98\x1b[01m\x1b[KCBool\x1b[01;32m\x1b[K Client_IsGreyscaleDataEnabled\x1b[m\x1b[K(CClient*)\x1b[m\x1b[K\xe2\x80\x99:\n'}
[207.413301] (mocap4r2_vicon_driver) StderrLine: {'line': b'\x1b[01m\x1b[K/home/strain-drone/Documents/drone_position_hold/ros2_ws/src/mocap4ros2_vicon/mocap4r2_vicon_driver/ThirdParty/DataStream/ViconDataStreamSDK_C/CClient.cpp:738:47:\x1b[m\x1b[K \x1b[01;35m\x1b[Kwarning: \x1b[m\x1b[Kunused parameter \xe2\x80\x98\x1b[01m\x1b[Kclient\x1b[m\x1b[K\xe2\x80\x99 [\x1b[01;35m\x1b[K-Wunused-parameter\x1b[m\x1b[K]\n'}
[207.413439] (mocap4r2_vicon_driver) StderrLine: {'line': b'  738 | CBool Client_IsGreyscaleDataEnabled( \x1b[01;35m\x1b[KCClient* client\x1b[m\x1b[K )\n'}
[207.413563] (mocap4r2_vicon_driver) StderrLine: {'line': b'      |                                      \x1b[01;35m\x1b[K~~~~~~~~~^~~~~~\x1b[m\x1b[K\n'}
[207.413684] (mocap4r2_vicon_driver) StderrLine: {'line': b'\x1b[01m\x1b[K/home/strain-drone/Documents/drone_position_hold/ros2_ws/src/mocap4ros2_vicon/mocap4r2_vicon_driver/ThirdParty/DataStream/ViconDataStreamSDK_C/CClient.cpp:\x1b[m\x1b[K In function \xe2\x80\x98\x1b[01m\x1b[KCBool\x1b[01;32m\x1b[K Client_IsVideoDataEnabled\x1b[m\x1b[K(CClient*)\x1b[m\x1b[K\xe2\x80\x99:\n'}
[207.413810] (mocap4r2_vicon_driver) StderrLine: {'line': b'\x1b[01m\x1b[K/home/strain-drone/Documents/drone_position_hold/ros2_ws/src/mocap4ros2_vicon/mocap4r2_vicon_driver/ThirdParty/DataStream/ViconDataStreamSDK_C/CClient.cpp:743:43:\x1b[m\x1b[K \x1b[01;35m\x1b[Kwarning: \x1b[m\x1b[Kunused parameter \xe2\x80\x98\x1b[01m\x1b[Kclient\x1b[m\x1b[K\xe2\x80\x99 [\x1b[01;35m\x1b[K-Wunused-parameter\x1b[m\x1b[K]\n'}
[207.413975] (mocap4r2_vicon_driver) StderrLine: {'line': b'  743 | CBool Client_IsVideoDataEnabled( \x1b[01;35m\x1b[KCClient* client\x1b[m\x1b[K )\n'}
[207.414145] (mocap4r2_vicon_driver) StderrLine: {'line': b'      |                                  \x1b[01;35m\x1b[K~~~~~~~~~^~~~~~\x1b[m\x1b[K\n'}
[207.414276] (mocap4r2_vicon_driver) StderrLine: {'line': b'\x1b[01m\x1b[K/home/strain-drone/Documents/drone_position_hold/ros2_ws/src/mocap4ros2_vicon/mocap4r2_vicon_driver/ThirdParty/DataStream/ViconDataStreamSDK_C/CClient.cpp:\x1b[m\x1b[K In function \xe2\x80\x98\x1b[01m\x1b[Kvoid\x1b[01;32m\x1b[K Client_SetBufferSize\x1b[m\x1b[K(CClient*, unsigned int)\x1b[m\x1b[K\xe2\x80\x99:\n'}
[207.414428] (mocap4r2_vicon_driver) StderrLine: {'line': b'\x1b[01m\x1b[K/home/strain-drone/Documents/drone_position_hold/ros2_ws/src/mocap4ros2_vicon/mocap4r2_vicon_driver/ThirdParty/DataStream/ViconDataStreamSDK_C/CClient.cpp:758:58:\x1b[m\x1b[K \x1b[01;35m\x1b[Kwarning: \x1b[m\x1b[Kunused parameter \xe2\x80\x98\x1b[01m\x1b[KbufferSize\x1b[m\x1b[K\xe2\x80\x99 [\x1b[01;35m\x1b[K-Wunused-parameter\x1b[m\x1b[K]\n'}
[207.414562] (mocap4r2_vicon_driver) StderrLine: {'line': b'  758 | void Client_SetBufferSize( CClient* client, \x1b[01;35m\x1b[Kunsigned int bufferSize\x1b[m\x1b[K )\n'}
[207.414690] (mocap4r2_vicon_driver) StderrLine: {'line': b'      |                                             \x1b[01;35m\x1b[K~~~~~~~~~~~~~^~~~~~~~~~\x1b[m\x1b[K\n'}
[207.437709] (mocap4r2_vicon_driver) StdoutLine: {'line': b'[ 66%] \x1b[32mBuilding CXX object CMakeFiles/vicon_sdk.dir/ThirdParty/DataStream/ViconDataStreamSDK_C/CRetimingClient.cpp.o\x1b[0m\n'}
[207.505166] (-) TimerEvent: {}
[207.607261] (-) TimerEvent: {}
[207.707828] (-) TimerEvent: {}
[207.811037] (-) TimerEvent: {}
[207.911667] (-) TimerEvent: {}
[208.013160] (-) TimerEvent: {}
[208.114407] (-) TimerEvent: {}
[208.216731] (-) TimerEvent: {}
[208.320106] (-) TimerEvent: {}
[208.420707] (-) TimerEvent: {}
[208.521224] (-) TimerEvent: {}
[208.623949] (-) TimerEvent: {}
[208.685876] (mocap4r2_vicon_driver) StdoutLine: {'line': b'[ 70%] \x1b[32mBuilding CXX object CMakeFiles/vicon_sdk.dir/ThirdParty/DataStream/ViconDataStreamSDK_CPP/DataStreamClient.cpp.o\x1b[0m\n'}
[208.724091] (-) TimerEvent: {}
[208.827250] (-) TimerEvent: {}
[208.927721] (-) TimerEvent: {}
[209.030255] (-) TimerEvent: {}
[209.131648] (-) TimerEvent: {}
[209.234796] (-) TimerEvent: {}
[209.336192] (-) TimerEvent: {}
[209.437562] (-) TimerEvent: {}
[209.540774] (-) TimerEvent: {}
[209.642266] (-) TimerEvent: {}
[209.745034] (-) TimerEvent: {}
[209.845553] (-) TimerEvent: {}
[209.946511] (-) TimerEvent: {}
[210.048223] (-) TimerEvent: {}
[210.148674] (-) TimerEvent: {}
[210.252016] (-) TimerEvent: {}
[210.352419] (-) TimerEvent: {}
[210.452849] (-) TimerEvent: {}
[210.553269] (-) TimerEvent: {}
[210.653692] (-) TimerEvent: {}
[210.754119] (-) TimerEvent: {}
[210.854586] (-) TimerEvent: {}
[210.955020] (-) TimerEvent: {}
[211.058012] (-) TimerEvent: {}
[211.158423] (-) TimerEvent: {}
[211.258900] (-) TimerEvent: {}
[211.359327] (-) TimerEvent: {}
[211.459761] (-) TimerEvent: {}
[211.560236] (-) TimerEvent: {}
[211.663041] (-) TimerEvent: {}
[211.763498] (-) TimerEvent: {}
[211.863942] (-) TimerEvent: {}
[211.964368] (-) TimerEvent: {}
[212.064802] (-) TimerEvent: {}
[212.165239] (-) TimerEvent: {}
[212.265636] (-) TimerEvent: {}
[212.366870] (-) TimerEvent: {}
[212.467387] (-) TimerEvent: {}
[212.567901] (-) TimerEvent: {}
[212.668418] (-) TimerEvent: {}
[212.768972] (-) TimerEvent: {}
[212.869439] (-) TimerEvent: {}
[212.971043] (-) TimerEvent: {}
[213.071514] (-) TimerEvent: {}
[213.171996] (-) TimerEvent: {}
[213.272444] (-) TimerEvent: {}
[213.372884] (-) TimerEvent: {}
[213.473769] (-) TimerEvent: {}
[213.574263] (-) TimerEvent: {}
[213.675097] (-) TimerEvent: {}
[213.775564] (-) TimerEvent: {}
[213.876212] (-) TimerEvent: {}
[213.976676] (-) TimerEvent: {}
[214.077122] (-) TimerEvent: {}
[214.177837] (-) TimerEvent: {}
[214.278339] (-) TimerEvent: {}
[214.379080] (-) TimerEvent: {}
[214.479695] (-) TimerEvent: {}
[214.580293] (-) TimerEvent: {}
[214.680684] (-) TimerEvent: {}
[214.781097] (-) TimerEvent: {}
[214.881900] (-) TimerEvent: {}
[214.982311] (-) TimerEvent: {}
[215.082692] (-) TimerEvent: {}
[215.183415] (-) TimerEvent: {}
[215.283808] (-) TimerEvent: {}
[215.384582] (-) TimerEvent: {}
[215.485005] (-) TimerEvent: {}
[215.585421] (-) TimerEvent: {}
[215.686115] (-) TimerEvent: {}
[215.786529] (-) TimerEvent: {}
[215.887313] (-) TimerEvent: {}
[215.987724] (-) TimerEvent: {}
[216.088119] (-) TimerEvent: {}
[216.188676] (-) TimerEvent: {}
[216.289107] (-) TimerEvent: {}
[216.389663] (-) TimerEvent: {}
[216.490102] (-) TimerEvent: {}
[216.590661] (-) TimerEvent: {}
[216.691080] (-) TimerEvent: {}
[216.791439] (-) TimerEvent: {}
[216.891792] (-) TimerEvent: {}
[216.992171] (-) TimerEvent: {}
[217.092533] (-) TimerEvent: {}
[217.192973] (-) TimerEvent: {}
[217.293381] (-) TimerEvent: {}
[217.393782] (-) TimerEvent: {}
[217.494186] (-) TimerEvent: {}
[217.594582] (-) TimerEvent: {}
[217.694960] (-) TimerEvent: {}
[217.795359] (-) TimerEvent: {}
[217.895886] (-) TimerEvent: {}
[217.996275] (-) TimerEvent: {}
[218.096650] (-) TimerEvent: {}
[218.197156] (-) TimerEvent: {}
[218.203525] (mocap4r2_vicon_driver) StdoutLine: {'line': b'[ 73%] \x1b[32mBuilding CXX object CMakeFiles/vicon_sdk.dir/ThirdParty/StreamCommon/CGStreamAsyncReaderWriter.cpp.o\x1b[0m\n'}
[218.243690] (mocap4r2_vicon_driver) StdoutLine: {'line': b'[ 76%] \x1b[32mBuilding CXX object CMakeFiles/vicon_sdk.dir/ThirdParty/DataStream/ViconDataStreamSDK_CPP/DataStreamRetimingClient.cpp.o\x1b[0m\n'}
[218.297260] (-) TimerEvent: {}
[218.397612] (-) TimerEvent: {}
[218.497973] (-) TimerEvent: {}
[218.598359] (-) TimerEvent: {}
[218.698767] (-) TimerEvent: {}
[218.799209] (-) TimerEvent: {}
[218.899590] (-) TimerEvent: {}
[218.999992] (-) TimerEvent: {}
[219.100736] (-) TimerEvent: {}
[219.201142] (-) TimerEvent: {}
[219.301603] (-) TimerEvent: {}
[219.401995] (-) TimerEvent: {}
[219.502382] (-) TimerEvent: {}
[219.602848] (-) TimerEvent: {}
[219.703387] (-) TimerEvent: {}
[219.803977] (-) TimerEvent: {}
[219.904703] (-) TimerEvent: {}
[220.005104] (-) TimerEvent: {}
[220.105485] (-) TimerEvent: {}
[220.205868] (-) TimerEvent: {}
[220.306370] (-) TimerEvent: {}
[220.406989] (-) TimerEvent: {}
[220.507424] (-) TimerEvent: {}
[220.607814] (-) TimerEvent: {}
[220.708249] (-) TimerEvent: {}
[220.808647] (-) TimerEvent: {}
[220.909069] (-) TimerEvent: {}
[221.009519] (-) TimerEvent: {}
[221.110181] (-) TimerEvent: {}
[221.210588] (-) TimerEvent: {}
[221.310981] (-) TimerEvent: {}
[221.411392] (-) TimerEvent: {}
[221.511760] (-) TimerEvent: {}
[221.612176] (-) TimerEvent: {}
[221.712574] (-) TimerEvent: {}
[221.812968] (-) TimerEvent: {}
[221.913374] (-) TimerEvent: {}
[222.013761] (-) TimerEvent: {}
[222.114158] (-) TimerEvent: {}
[222.214502] (-) TimerEvent: {}
[222.314859] (-) TimerEvent: {}
[222.415239] (-) TimerEvent: {}
[222.515596] (-) TimerEvent: {}
[222.615974] (-) TimerEvent: {}
[222.716361] (-) TimerEvent: {}
[222.816724] (-) TimerEvent: {}
[222.917148] (-) TimerEvent: {}
[223.017510] (-) TimerEvent: {}
[223.117863] (-) TimerEvent: {}
[223.218357] (-) TimerEvent: {}
[223.319283] (-) TimerEvent: {}
[223.419641] (-) TimerEvent: {}
[223.520012] (-) TimerEvent: {}
[223.620378] (-) TimerEvent: {}
[223.720749] (-) TimerEvent: {}
[223.821107] (-) TimerEvent: {}
[223.921442] (-) TimerEvent: {}
[224.021767] (-) TimerEvent: {}
[224.122167] (-) TimerEvent: {}
[224.222523] (-) TimerEvent: {}
[224.322864] (-) TimerEvent: {}
[224.423214] (-) TimerEvent: {}
[224.523550] (-) TimerEvent: {}
[224.623894] (-) TimerEvent: {}
[224.724230] (-) TimerEvent: {}
[224.824565] (-) TimerEvent: {}
[224.924895] (-) TimerEvent: {}
[225.025231] (-) TimerEvent: {}
[225.125558] (-) TimerEvent: {}
[225.225898] (-) TimerEvent: {}
[225.326258] (-) TimerEvent: {}
[225.426612] (-) TimerEvent: {}
[225.526986] (-) TimerEvent: {}
[225.627340] (-) TimerEvent: {}
[225.727656] (-) TimerEvent: {}
[225.827988] (-) TimerEvent: {}
[225.928326] (-) TimerEvent: {}
[226.001313] (mocap4r2_vicon_driver) StdoutLine: {'line': b'[ 80%] \x1b[32m\x1b[1mLinking CXX shared library libvicon_sdk.so\x1b[0m\n'}
[226.028439] (-) TimerEvent: {}
[226.128837] (-) TimerEvent: {}
[226.229323] (-) TimerEvent: {}
[226.329838] (-) TimerEvent: {}
[226.430310] (-) TimerEvent: {}
[226.530652] (-) TimerEvent: {}
[226.631039] (-) TimerEvent: {}
[226.731420] (-) TimerEvent: {}
[226.831745] (-) TimerEvent: {}
[226.873929] (mocap4r2_vicon_driver) StdoutLine: {'line': b'[ 80%] Built target vicon_sdk\n'}
[226.914224] (mocap4r2_vicon_driver) StdoutLine: {'line': b'[ 83%] \x1b[32mBuilding CXX object CMakeFiles/mocap4r2_vicon_driver.dir/src/mocap4r2_vicon_driver/mocap4r2_vicon_driver.cpp.o\x1b[0m\n'}
[226.931879] (-) TimerEvent: {}
[227.032296] (-) TimerEvent: {}
[227.132650] (-) TimerEvent: {}
[227.232973] (-) TimerEvent: {}
[227.333316] (-) TimerEvent: {}
[227.433702] (-) TimerEvent: {}
[227.534069] (-) TimerEvent: {}
[227.634434] (-) TimerEvent: {}
[227.734801] (-) TimerEvent: {}
[227.835163] (-) TimerEvent: {}
[227.935490] (-) TimerEvent: {}
[228.035821] (-) TimerEvent: {}
[228.136203] (-) TimerEvent: {}
[228.236592] (-) TimerEvent: {}
[228.336981] (-) TimerEvent: {}
[228.437326] (-) TimerEvent: {}
[228.537680] (-) TimerEvent: {}
[228.638019] (-) TimerEvent: {}
[228.738369] (-) TimerEvent: {}
[228.838716] (-) TimerEvent: {}
[228.939092] (-) TimerEvent: {}
[229.039501] (-) TimerEvent: {}
[229.139844] (-) TimerEvent: {}
[229.240255] (-) TimerEvent: {}
[229.340626] (-) TimerEvent: {}
[229.440986] (-) TimerEvent: {}
[229.541339] (-) TimerEvent: {}
[229.641701] (-) TimerEvent: {}
[229.742071] (-) TimerEvent: {}
[229.842417] (-) TimerEvent: {}
[229.942772] (-) TimerEvent: {}
[230.043149] (-) TimerEvent: {}
[230.143485] (-) TimerEvent: {}
[230.243823] (-) TimerEvent: {}
[230.344221] (-) TimerEvent: {}
[230.444602] (-) TimerEvent: {}
[230.544969] (-) TimerEvent: {}
[230.645331] (-) TimerEvent: {}
[230.745731] (-) TimerEvent: {}
[230.846277] (-) TimerEvent: {}
[230.946622] (-) TimerEvent: {}
[231.046977] (-) TimerEvent: {}
[231.147311] (-) TimerEvent: {}
[231.247645] (-) TimerEvent: {}
[231.347987] (-) TimerEvent: {}
[231.448313] (-) TimerEvent: {}
[231.548725] (-) TimerEvent: {}
[231.649080] (-) TimerEvent: {}
[231.749418] (-) TimerEvent: {}
[231.849755] (-) TimerEvent: {}
[231.950133] (-) TimerEvent: {}
[232.050493] (-) TimerEvent: {}
[232.150830] (-) TimerEvent: {}
[232.251169] (-) TimerEvent: {}
[232.351488] (-) TimerEvent: {}
[232.451821] (-) TimerEvent: {}
[232.552166] (-) TimerEvent: {}
[232.652538] (-) TimerEvent: {}
[232.752870] (-) TimerEvent: {}
[232.853214] (-) TimerEvent: {}
[232.953561] (-) TimerEvent: {}
[233.053932] (-) TimerEvent: {}
[233.154267] (-) TimerEvent: {}
[233.254632] (-) TimerEvent: {}
[233.355000] (-) TimerEvent: {}
[233.455349] (-) TimerEvent: {}
[233.555691] (-) TimerEvent: {}
[233.656100] (-) TimerEvent: {}
[233.756458] (-) TimerEvent: {}
[233.856789] (-) TimerEvent: {}
[233.957144] (-) TimerEvent: {}
[234.057475] (-) TimerEvent: {}
[234.157806] (-) TimerEvent: {}
[234.258156] (-) TimerEvent: {}
[234.358509] (-) TimerEvent: {}
[234.458841] (-) TimerEvent: {}
[234.559179] (-) TimerEvent: {}
[234.659506] (-) TimerEvent: {}
[234.759819] (-) TimerEvent: {}
[234.860152] (-) TimerEvent: {}
[234.960487] (-) TimerEvent: {}
[235.060813] (-) TimerEvent: {}
[235.161166] (-) TimerEvent: {}
[235.261485] (-) TimerEvent: {}
[235.361821] (-) TimerEvent: {}
[235.462194] (-) TimerEvent: {}
[235.562547] (-) TimerEvent: {}
[235.662885] (-) TimerEvent: {}
[235.763291] (-) TimerEvent: {}
[235.863713] (-) TimerEvent: {}
[235.964138] (-) TimerEvent: {}
[236.064520] (-) TimerEvent: {}
[236.165047] (-) TimerEvent: {}
[236.208513] (mocap4r2_vicon_driver) StdoutLine: {'line': b'[ 86%] \x1b[32m\x1b[1mLinking CXX static library libmocap4r2_vicon_driver.a\x1b[0m\n'}
[236.265122] (-) TimerEvent: {}
[236.365481] (-) TimerEvent: {}
[236.465854] (-) TimerEvent: {}
[236.507315] (mocap4r2_vicon_driver) StdoutLine: {'line': b'[ 86%] Built target mocap4r2_vicon_driver\n'}
[236.545573] (mocap4r2_vicon_driver) StdoutLine: {'line': b'[ 93%] \x1b[32mBuilding CXX object CMakeFiles/test_mocap4r2_vicon_driver.dir/test/test_mocap4r2_vicon_driver.cpp.o\x1b[0m\n'}
[236.545872] (mocap4r2_vicon_driver) StdoutLine: {'line': b'[ 93%] \x1b[32mBuilding CXX object CMakeFiles/mocap4r2_vicon_driver_main.dir/src/mocap4r2_vicon_driver_main.cpp.o\x1b[0m\n'}
[236.566087] (-) TimerEvent: {}
[236.666678] (-) TimerEvent: {}
[236.767033] (-) TimerEvent: {}
[236.867394] (-) TimerEvent: {}
[236.967743] (-) TimerEvent: {}
[237.068128] (-) TimerEvent: {}
[237.168561] (-) TimerEvent: {}
[237.268984] (-) TimerEvent: {}
[237.369379] (-) TimerEvent: {}
[237.469738] (-) TimerEvent: {}
[237.570133] (-) TimerEvent: {}
[237.670486] (-) TimerEvent: {}
[237.771019] (-) TimerEvent: {}
[237.871390] (-) TimerEvent: {}
[237.971786] (-) TimerEvent: {}
[238.072166] (-) TimerEvent: {}
[238.172599] (-) TimerEvent: {}
[238.272988] (-) TimerEvent: {}
[238.373365] (-) TimerEvent: {}
[238.473759] (-) TimerEvent: {}
[238.574320] (-) TimerEvent: {}
[238.674692] (-) TimerEvent: {}
[238.775077] (-) TimerEvent: {}
[238.875448] (-) TimerEvent: {}
[238.976191] (-) TimerEvent: {}
[239.076576] (-) TimerEvent: {}
[239.176970] (-) TimerEvent: {}
[239.277348] (-) TimerEvent: {}
[239.377741] (-) TimerEvent: {}
[239.478142] (-) TimerEvent: {}
[239.578522] (-) TimerEvent: {}
[239.678954] (-) TimerEvent: {}
[239.779329] (-) TimerEvent: {}
[239.879697] (-) TimerEvent: {}
[239.980074] (-) TimerEvent: {}
[240.080453] (-) TimerEvent: {}
[240.180831] (-) TimerEvent: {}
[240.281227] (-) TimerEvent: {}
[240.381625] (-) TimerEvent: {}
[240.482005] (-) TimerEvent: {}
[240.582381] (-) TimerEvent: {}
[240.682758] (-) TimerEvent: {}
[240.783150] (-) TimerEvent: {}
[240.883556] (-) TimerEvent: {}
[240.983956] (-) TimerEvent: {}
[241.084336] (-) TimerEvent: {}
[241.184733] (-) TimerEvent: {}
[241.285126] (-) TimerEvent: {}
[241.385505] (-) TimerEvent: {}
[241.485922] (-) TimerEvent: {}
[241.586312] (-) TimerEvent: {}
[241.686719] (-) TimerEvent: {}
[241.787142] (-) TimerEvent: {}
[241.887545] (-) TimerEvent: {}
[241.987961] (-) TimerEvent: {}
[242.088346] (-) TimerEvent: {}
[242.145820] (mocap4r2_vicon_driver) StdoutLine: {'line': b'[ 96%] \x1b[32m\x1b[1mLinking CXX executable mocap4r2_vicon_driver_main\x1b[0m\n'}
[242.187499] (mocap4r2_vicon_driver) StdoutLine: {'line': b'[100%] \x1b[32m\x1b[1mLinking CXX executable test_mocap4r2_vicon_driver\x1b[0m\n'}
[242.188430] (-) TimerEvent: {}
[242.289023] (-) TimerEvent: {}
[242.389988] (-) TimerEvent: {}
[242.490763] (-) TimerEvent: {}
[242.592171] (-) TimerEvent: {}
[242.693638] (-) TimerEvent: {}
[242.795045] (-) TimerEvent: {}
[242.896343] (-) TimerEvent: {}
[242.997494] (-) TimerEvent: {}
[243.098837] (-) TimerEvent: {}
[243.200096] (-) TimerEvent: {}
[243.300744] (-) TimerEvent: {}
[243.401259] (-) TimerEvent: {}
[243.406324] (mocap4r2_vicon_driver) StdoutLine: {'line': b'[100%] Built target test_mocap4r2_vicon_driver\n'}
[243.501443] (-) TimerEvent: {}
[243.601957] (-) TimerEvent: {}
[243.702506] (-) TimerEvent: {}
[243.803432] (-) TimerEvent: {}
[243.904316] (-) TimerEvent: {}
[244.005013] (-) TimerEvent: {}
[244.105434] (-) TimerEvent: {}
[244.205848] (-) TimerEvent: {}
[244.306282] (-) TimerEvent: {}
[244.406714] (-) TimerEvent: {}
[244.507183] (-) TimerEvent: {}
[244.607724] (-) TimerEvent: {}
[244.708249] (-) TimerEvent: {}
[244.763031] (mocap4r2_vicon_driver) StdoutLine: {'line': b'[100%] Built target mocap4r2_vicon_driver_main\n'}
[244.785342] (mocap4r2_vicon_driver) CommandEnded: {'returncode': 0}
[244.786131] (mocap4r2_vicon_driver) JobProgress: {'identifier': 'mocap4r2_vicon_driver', 'progress': 'install'}
[244.786513] (mocap4r2_vicon_driver) Command: {'cmd': ['/usr/bin/cmake', '--install', '/home/strain-drone/Documents/drone_position_hold/ros2_ws/build/mocap4r2_vicon_driver'], 'cwd': '/home/strain-drone/Documents/drone_position_hold/ros2_ws/build/mocap4r2_vicon_driver', 'env': OrderedDict({'LESSOPEN': '| /usr/bin/lesspipe %s', 'USER': 'strain-drone', 'SSH_CLIENT': '100.119.134.77 59684 22', 'XDG_SESSION_TYPE': 'tty', 'SHLVL': '1', 'LD_LIBRARY_PATH': '/home/strain-drone/Documents/drone_position_hold/ros2_ws/install/mocap4r2_control/lib:/home/strain-drone/Documents/drone_position_hold/ros2_ws/install/mocap4r2_msgs/lib:/home/strain-drone/Documents/drone_position_hold/ros2_ws/install/mocap4r2_control_msgs/lib:/opt/ros/jazzy/opt/rviz_ogre_vendor/lib:/opt/ros/jazzy/lib/aarch64-linux-gnu:/opt/ros/jazzy/opt/gz_math_vendor/lib:/opt/ros/jazzy/opt/gz_utils_vendor/lib:/opt/ros/jazzy/opt/gz_cmake_vendor/lib:/opt/ros/jazzy/lib:/home/strain-drone/Documents/drone_position_hold/ros2_ws/src/natnet_ros2/deps/NatNetSDK/lib', 'HOME': '/home/strain-drone', 'OLDPWD': '/home/strain-drone', 'SSH_TTY': '/dev/pts/0', 'ROS_PYTHON_VERSION': '3', 'PS1': '(venv-ardupilot) \\[\\e]0;\\u@\\h: \\w\\a\\]${debian_chroot:+($debian_chroot)}\\[\\033[01;32m\\]\\u@\\h\\[\\033[00m\\]:\\[\\033[01;34m\\]\\w\\[\\033[00m\\]\\$', 'DBUS_SESSION_BUS_ADDRESS': 'unix:path=/run/user/1002/bus', 'DEBUGINFOD_URLS': 'https://debuginfod.ubuntu.com', 'ROS_DISTRO': 'jazzy', 'LOGNAME': 'strain-drone', '_': '/usr/bin/colcon', 'ROS_VERSION': '2', 'XDG_SESSION_CLASS': 'user', 'TERM': 'xterm-256color', 'XDG_SESSION_ID': '3', 'PATH': '/usr/lib/ccache:/home/strain-drone/Documents/ardupilot/Tools/autotest:/opt/gcc-arm-none-eabi-10-2020-q4-major/bin:/home/strain-drone/venv-ardupilot/bin:/home/strain-drone/.local/bin:/opt/ros/jazzy/bin:/usr/local/sbin:/usr/local/bin:/usr/sbin:/usr/bin:/sbin:/bin:/usr/games:/usr/local/games:/snap/bin:/home/strain-drone/.local/bin:/home/strain-drone/.local/bin', 'XDG_RUNTIME_DIR': '/run/user/1002', 'LANG': 'en_US.UTF-8', 'VIRTUAL_ENV_PROMPT': '(venv-ardupilot)', 'LS_COLORS': 'rs=0:di=01;34:ln=01;36:mh=00:pi=40;33:so=01;35:do=01;35:bd=40;33;01:cd=40;33;01:or=40;31;01:mi=00:su=37;41:sg=30;43:ca=00:tw=30;42:ow=34;42:st=37;44:ex=01;32:*.tar=01;31:*.tgz=01;31:*.arc=01;31:*.arj=01;31:*.taz=01;31:*.lha=01;31:*.lz4=01;31:*.lzh=01;31:*.lzma=01;31:*.tlz=01;31:*.txz=01;31:*.tzo=01;31:*.t7z=01;31:*.zip=01;31:*.z=01;31:*.dz=01;31:*.gz=01;31:*.lrz=01;31:*.lz=01;31:*.lzo=01;31:*.xz=01;31:*.zst=01;31:*.tzst=01;31:*.bz2=01;31:*.bz=01;31:*.tbz=01;31:*.tbz2=01;31:*.tz=01;31:*.deb=01;31:*.rpm=01;31:*.jar=01;31:*.war=01;31:*.ear=01;31:*.sar=01;31:*.rar=01;31:*.alz=01;31:*.ace=01;31:*.zoo=01;31:*.cpio=01;31:*.7z=01;31:*.rz=01;31:*.cab=01;31:*.wim=01;31:*.swm=01;31:*.dwm=01;31:*.esd=01;31:*.avif=01;35:*.jpg=01;35:*.jpeg=01;35:*.mjpg=01;35:*.mjpeg=01;35:*.gif=01;35:*.bmp=01;35:*.pbm=01;35:*.pgm=01;35:*.ppm=01;35:*.tga=01;35:*.xbm=01;35:*.xpm=01;35:*.tif=01;35:*.tiff=01;35:*.png=01;35:*.svg=01;35:*.svgz=01;35:*.mng=01;35:*.pcx=01;35:*.mov=01;35:*.mpg=01;35:*.mpeg=01;35:*.m2v=01;35:*.mkv=01;35:*.webm=01;35:*.webp=01;35:*.ogm=01;35:*.mp4=01;35:*.m4v=01;35:*.mp4v=01;35:*.vob=01;35:*.qt=01;35:*.nuv=01;35:*.wmv=01;35:*.asf=01;35:*.rm=01;35:*.rmvb=01;35:*.flc=01;35:*.avi=01;35:*.fli=01;35:*.flv=01;35:*.gl=01;35:*.dl=01;35:*.xcf=01;35:*.xwd=01;35:*.yuv=01;35:*.cgm=01;35:*.emf=01;35:*.ogv=01;35:*.ogx=01;35:*.aac=00;36:*.au=00;36:*.flac=00;36:*.m4a=00;36:*.mid=00;36:*.midi=00;36:*.mka=00;36:*.mp3=00;36:*.mpc=00;36:*.ogg=00;36:*.ra=00;36:*.wav=00;36:*.oga=00;36:*.opus=00;36:*.spx=00;36:*.xspf=00;36:*~=00;90:*#=00;90:*.bak=00;90:*.crdownload=00;90:*.dpkg-dist=00;90:*.dpkg-new=00;90:*.dpkg-old=00;90:*.dpkg-tmp=00;90:*.old=00;90:*.orig=00;90:*.part=00;90:*.rej=00;90:*.rpmnew=00;90:*.rpmorig=00;90:*.rpmsave=00;90:*.swp=00;90:*.tmp=00;90:*.ucf-dist=00;90:*.ucf-new=00;90:*.ucf-old=00;90:', 'ROS_DOMAIN_ID': '1', 'AMENT_PREFIX_PATH': '/home/strain-drone/Documents/drone_position_hold/ros2_ws/install/mocap4r2_control:/home/strain-drone/Documents/drone_position_hold/ros2_ws/install/mocap4r2_msgs:/home/strain-drone/Documents/drone_position_hold/ros2_ws/install/mocap4r2_control_msgs:/opt/ros/jazzy', 'SHELL': '/bin/bash', 'LESSCLOSE': '/usr/bin/lesspipe %s %s', 'VIRTUAL_ENV': '/home/strain-drone/venv-ardupilot', 'ROS_AUTOMATIC_DISCOVERY_RANGE': 'SUBNET', 'PWD': '/home/strain-drone/Documents/drone_position_hold/ros2_ws/build/mocap4r2_vicon_driver', 'LC_ALL': 'en_US.UTF-8', 'SSH_CONNECTION': '100.119.134.77 59684 100.96.124.69 22', 'XDG_DATA_DIRS': '/usr/share/gnome:/usr/local/share:/usr/share:/var/lib/snapd/desktop', 'PYTHONPATH': '/home/strain-drone/Documents/drone_position_hold/ros2_ws/install/mocap4r2_msgs/lib/python3.12/site-packages:/home/strain-drone/Documents/drone_position_hold/ros2_ws/install/mocap4r2_control_msgs/lib/python3.12/site-packages:/opt/ros/jazzy/lib/python3.12/site-packages', 'COLCON': '1', 'CMAKE_PREFIX_PATH': '/home/strain-drone/Documents/drone_position_hold/ros2_ws/install/mocap4r2_control:/home/strain-drone/Documents/drone_position_hold/ros2_ws/install/mocap4r2_msgs:/home/strain-drone/Documents/drone_position_hold/ros2_ws/install/mocap4r2_control_msgs:/opt/ros/jazzy/opt/gz_math_vendor:/opt/ros/jazzy/opt/gz_utils_vendor:/opt/ros/jazzy/opt/gz_cmake_vendor:/opt/ros/jazzy'}), 'shell': False}
[244.803222] (mocap4r2_vicon_driver) StdoutLine: {'line': b'-- Install configuration: ""\n'}
[244.803550] (mocap4r2_vicon_driver) StdoutLine: {'line': b'-- Installing: /home/strain-drone/Documents/drone_position_hold/ros2_ws/install/mocap4r2_vicon_driver/include/\n'}
[244.803695] (mocap4r2_vicon_driver) StdoutLine: {'line': b'-- Installing: /home/strain-drone/Documents/drone_position_hold/ros2_ws/install/mocap4r2_vicon_driver/include//mocap4r2_vicon_driver\n'}
[244.803802] (mocap4r2_vicon_driver) StdoutLine: {'line': b'-- Installing: /home/strain-drone/Documents/drone_position_hold/ros2_ws/install/mocap4r2_vicon_driver/include//mocap4r2_vicon_driver/mocap4r2_vicon_driver.hpp\n'}
[244.803934] (mocap4r2_vicon_driver) StdoutLine: {'line': b'-- Installing: /home/strain-drone/Documents/drone_position_hold/ros2_ws/install/mocap4r2_vicon_driver/share/mocap4r2_vicon_driver/launch\n'}
[244.804821] (mocap4r2_vicon_driver) StdoutLine: {'line': b'-- Installing: /home/strain-drone/Documents/drone_position_hold/ros2_ws/install/mocap4r2_vicon_driver/share/mocap4r2_vicon_driver/launch/mocap4r2_vicon_driver_launch.py\n'}
[244.805279] (mocap4r2_vicon_driver) StdoutLine: {'line': b'-- Installing: /home/strain-drone/Documents/drone_position_hold/ros2_ws/install/mocap4r2_vicon_driver/share/mocap4r2_vicon_driver/config\n'}
[244.805689] (mocap4r2_vicon_driver) StdoutLine: {'line': b'-- Installing: /home/strain-drone/Documents/drone_position_hold/ros2_ws/install/mocap4r2_vicon_driver/share/mocap4r2_vicon_driver/config/mocap4r2_vicon_driver_params.yaml\n'}
[244.806316] (mocap4r2_vicon_driver) StdoutLine: {'line': b'-- Installing: /home/strain-drone/Documents/drone_position_hold/ros2_ws/install/mocap4r2_vicon_driver/lib/mocap4r2_vicon_driver/mocap4r2_vicon_driver_main\n'}
[244.808315] (-) TimerEvent: {}
[244.810817] (mocap4r2_vicon_driver) StdoutLine: {'line': b'-- Set non-toolchain portion of runtime path of "/home/strain-drone/Documents/drone_position_hold/ros2_ws/install/mocap4r2_vicon_driver/lib/mocap4r2_vicon_driver/mocap4r2_vicon_driver_main" to ""\n'}
[244.811084] (mocap4r2_vicon_driver) StdoutLine: {'line': b'-- Installing: /home/strain-drone/Documents/drone_position_hold/ros2_ws/install/mocap4r2_vicon_driver/lib/libmocap4r2_vicon_driver.a\n'}
[244.818032] (mocap4r2_vicon_driver) StdoutLine: {'line': b'-- Installing: /home/strain-drone/Documents/drone_position_hold/ros2_ws/install/mocap4r2_vicon_driver/lib/libvicon_sdk.so\n'}
[244.832861] (mocap4r2_vicon_driver) StdoutLine: {'line': b'-- Installing: /home/strain-drone/Documents/drone_position_hold/ros2_ws/install/mocap4r2_vicon_driver/share/mocap4r2_vicon_driver/environment/library_path.sh\n'}
[244.833127] (mocap4r2_vicon_driver) StdoutLine: {'line': b'-- Installing: /home/strain-drone/Documents/drone_position_hold/ros2_ws/install/mocap4r2_vicon_driver/share/mocap4r2_vicon_driver/environment/library_path.dsv\n'}
[244.833359] (mocap4r2_vicon_driver) StdoutLine: {'line': b'-- Installing: /home/strain-drone/Documents/drone_position_hold/ros2_ws/install/mocap4r2_vicon_driver/share/ament_index/resource_index/package_run_dependencies/mocap4r2_vicon_driver\n'}
[244.833621] (mocap4r2_vicon_driver) StdoutLine: {'line': b'-- Installing: /home/strain-drone/Documents/drone_position_hold/ros2_ws/install/mocap4r2_vicon_driver/share/ament_index/resource_index/parent_prefix_path/mocap4r2_vicon_driver\n'}
[244.833812] (mocap4r2_vicon_driver) StdoutLine: {'line': b'-- Installing: /home/strain-drone/Documents/drone_position_hold/ros2_ws/install/mocap4r2_vicon_driver/share/mocap4r2_vicon_driver/environment/ament_prefix_path.sh\n'}
[244.833995] (mocap4r2_vicon_driver) StdoutLine: {'line': b'-- Installing: /home/strain-drone/Documents/drone_position_hold/ros2_ws/install/mocap4r2_vicon_driver/share/mocap4r2_vicon_driver/environment/ament_prefix_path.dsv\n'}
[244.834176] (mocap4r2_vicon_driver) StdoutLine: {'line': b'-- Installing: /home/strain-drone/Documents/drone_position_hold/ros2_ws/install/mocap4r2_vicon_driver/share/mocap4r2_vicon_driver/environment/path.sh\n'}
[244.834346] (mocap4r2_vicon_driver) StdoutLine: {'line': b'-- Installing: /home/strain-drone/Documents/drone_position_hold/ros2_ws/install/mocap4r2_vicon_driver/share/mocap4r2_vicon_driver/environment/path.dsv\n'}
[244.834519] (mocap4r2_vicon_driver) StdoutLine: {'line': b'-- Installing: /home/strain-drone/Documents/drone_position_hold/ros2_ws/install/mocap4r2_vicon_driver/share/mocap4r2_vicon_driver/local_setup.bash\n'}
[244.834692] (mocap4r2_vicon_driver) StdoutLine: {'line': b'-- Installing: /home/strain-drone/Documents/drone_position_hold/ros2_ws/install/mocap4r2_vicon_driver/share/mocap4r2_vicon_driver/local_setup.sh\n'}
[244.834871] (mocap4r2_vicon_driver) StdoutLine: {'line': b'-- Installing: /home/strain-drone/Documents/drone_position_hold/ros2_ws/install/mocap4r2_vicon_driver/share/mocap4r2_vicon_driver/local_setup.zsh\n'}
[244.835049] (mocap4r2_vicon_driver) StdoutLine: {'line': b'-- Installing: /home/strain-drone/Documents/drone_position_hold/ros2_ws/install/mocap4r2_vicon_driver/share/mocap4r2_vicon_driver/local_setup.dsv\n'}
[244.835217] (mocap4r2_vicon_driver) StdoutLine: {'line': b'-- Installing: /home/strain-drone/Documents/drone_position_hold/ros2_ws/install/mocap4r2_vicon_driver/share/mocap4r2_vicon_driver/package.dsv\n'}
[244.835458] (mocap4r2_vicon_driver) StdoutLine: {'line': b'-- Installing: /home/strain-drone/Documents/drone_position_hold/ros2_ws/install/mocap4r2_vicon_driver/share/ament_index/resource_index/packages/mocap4r2_vicon_driver\n'}
[244.835676] (mocap4r2_vicon_driver) StdoutLine: {'line': b'-- Installing: /home/strain-drone/Documents/drone_position_hold/ros2_ws/install/mocap4r2_vicon_driver/share/mocap4r2_vicon_driver/cmake/ament_cmake_export_include_directories-extras.cmake\n'}
[244.835845] (mocap4r2_vicon_driver) StdoutLine: {'line': b'-- Installing: /home/strain-drone/Documents/drone_position_hold/ros2_ws/install/mocap4r2_vicon_driver/share/mocap4r2_vicon_driver/cmake/ament_cmake_export_libraries-extras.cmake\n'}
[244.836032] (mocap4r2_vicon_driver) StdoutLine: {'line': b'-- Installing: /home/strain-drone/Documents/drone_position_hold/ros2_ws/install/mocap4r2_vicon_driver/share/mocap4r2_vicon_driver/cmake/ament_cmake_export_dependencies-extras.cmake\n'}
[244.836208] (mocap4r2_vicon_driver) StdoutLine: {'line': b'-- Installing: /home/strain-drone/Documents/drone_position_hold/ros2_ws/install/mocap4r2_vicon_driver/share/mocap4r2_vicon_driver/cmake/mocap4r2_vicon_driverConfig.cmake\n'}
[244.836352] (mocap4r2_vicon_driver) StdoutLine: {'line': b'-- Installing: /home/strain-drone/Documents/drone_position_hold/ros2_ws/install/mocap4r2_vicon_driver/share/mocap4r2_vicon_driver/cmake/mocap4r2_vicon_driverConfig-version.cmake\n'}
[244.836514] (mocap4r2_vicon_driver) StdoutLine: {'line': b'-- Installing: /home/strain-drone/Documents/drone_position_hold/ros2_ws/install/mocap4r2_vicon_driver/share/mocap4r2_vicon_driver/package.xml\n'}
[244.839565] (mocap4r2_vicon_driver) CommandEnded: {'returncode': 0}
[244.867297] (mocap4r2_vicon_driver) JobEnded: {'identifier': 'mocap4r2_vicon_driver', 'rc': 0}
[244.869055] (-) EventReactorShutdown: {}
