[0.000000] (-) TimerEvent: {}
[0.000766] (mavros_config) JobQueued: {'identifier': 'mavros_config', 'dependencies': OrderedDict()}
[0.001111] (mocap4r2_control_msgs) JobQueued: {'identifier': 'mocap4r2_control_msgs', 'dependencies': OrderedDict()}
[0.001137] (mocap4r2_marker_viz_srvs) JobQueued: {'identifier': 'mocap4r2_marker_viz_srvs', 'dependencies': OrderedDict()}
[0.001157] (mocap4r2_msgs) JobQueued: {'identifier': 'mocap4r2_msgs', 'dependencies': OrderedDict()}
[0.001176] (mocap4r2_robot_gt_msgs) JobQueued: {'identifier': 'mocap4r2_robot_gt_msgs', 'dependencies': OrderedDict()}
[0.001194] (natnet_ros2) JobQueued: {'identifier': 'natnet_ros2', 'dependencies': OrderedDict()}
[0.001211] (position_publisher) JobQueued: {'identifier': 'position_publisher', 'dependencies': OrderedDict()}
[0.001227] (visualizer) JobQueued: {'identifier': 'visualizer', 'dependencies': OrderedDict()}
[0.001244] (mocap4r2_control) JobQueued: {'identifier': 'mocap4r2_control', 'dependencies': OrderedDict({'mocap4r2_control_msgs': '/home/strain-drone/Documents/drone_position_hold/ros2_ws/src/install/mocap4r2_control_msgs'})}
[0.001267] (mocap4r2_marker_publisher) JobQueued: {'identifier': 'mocap4r2_marker_publisher', 'dependencies': OrderedDict({'mocap4r2_msgs': '/home/strain-drone/Documents/drone_position_hold/ros2_ws/src/install/mocap4r2_msgs'})}
[0.001287] (mocap4r2_marker_viz) JobQueued: {'identifier': 'mocap4r2_marker_viz', 'dependencies': OrderedDict({'mocap4r2_marker_viz_srvs': '/home/strain-drone/Documents/drone_position_hold/ros2_ws/src/install/mocap4r2_marker_viz_srvs', 'mocap4r2_msgs': '/home/strain-drone/Documents/drone_position_hold/ros2_ws/src/install/mocap4r2_msgs'})}
[0.001320] (mocap4r2_robot_gt) JobQueued: {'identifier': 'mocap4r2_robot_gt', 'dependencies': OrderedDict({'mocap4r2_msgs': '/home/strain-drone/Documents/drone_position_hold/ros2_ws/src/install/mocap4r2_msgs', 'mocap4r2_robot_gt_msgs': '/home/strain-drone/Documents/drone_position_hold/ros2_ws/src/install/mocap4r2_robot_gt_msgs'})}
[0.001457] (mocap4r2cli) JobQueued: {'identifier': 'mocap4r2cli', 'dependencies': OrderedDict({'mocap4r2_control_msgs': '/home/strain-drone/Documents/drone_position_hold/ros2_ws/src/install/mocap4r2_control_msgs'})}
[0.001479] (mocap4r2_dummy_driver) JobQueued: {'identifier': 'mocap4r2_dummy_driver', 'dependencies': OrderedDict({'mocap4r2_control_msgs': '/home/strain-drone/Documents/drone_position_hold/ros2_ws/src/install/mocap4r2_control_msgs', 'mocap4r2_msgs': '/home/strain-drone/Documents/drone_position_hold/ros2_ws/src/install/mocap4r2_msgs', 'mocap4r2_control': '/home/strain-drone/Documents/drone_position_hold/ros2_ws/src/install/mocap4r2_control'})}
[0.001510] (mocap4r2_vicon_driver) JobQueued: {'identifier': 'mocap4r2_vicon_driver', 'dependencies': OrderedDict({'mocap4r2_control_msgs': '/home/strain-drone/Documents/drone_position_hold/ros2_ws/src/install/mocap4r2_control_msgs', 'mocap4r2_msgs': '/home/strain-drone/Documents/drone_position_hold/ros2_ws/src/install/mocap4r2_msgs', 'mocap4r2_control': '/home/strain-drone/Documents/drone_position_hold/ros2_ws/src/install/mocap4r2_control'})}
[0.001533] (rqt_mocap4r2_control) JobQueued: {'identifier': 'rqt_mocap4r2_control', 'dependencies': OrderedDict({'mocap4r2_control_msgs': '/home/strain-drone/Documents/drone_position_hold/ros2_ws/src/install/mocap4r2_control_msgs', 'mocap4r2_control': '/home/strain-drone/Documents/drone_position_hold/ros2_ws/src/install/mocap4r2_control'})}
[0.001555] (mocap4r2_control_msgs) JobStarted: {'identifier': 'mocap4r2_control_msgs'}
[0.008879] (mocap4r2_msgs) JobStarted: {'identifier': 'mocap4r2_msgs'}
[0.013765] (mocap4r2_marker_viz_srvs) JobStarted: {'identifier': 'mocap4r2_marker_viz_srvs'}
[0.018786] (mocap4r2_robot_gt_msgs) JobStarted: {'identifier': 'mocap4r2_robot_gt_msgs'}
[0.025848] (mocap4r2_control_msgs) JobProgress: {'identifier': 'mocap4r2_control_msgs', 'progress': 'cmake'}
[0.026654] (mocap4r2_control_msgs) Command: {'cmd': ['/usr/bin/cmake', '/home/strain-drone/Documents/drone_position_hold/ros2_ws/src/mocap4r2/mocap4r2_control/mocap4r2_control_msgs', '-DCMAKE_INSTALL_PREFIX=/home/strain-drone/Documents/drone_position_hold/ros2_ws/src/install/mocap4r2_control_msgs'], 'cwd': '/home/strain-drone/Documents/drone_position_hold/ros2_ws/src/build/mocap4r2_control_msgs', 'env': OrderedDict({'LESSOPEN': '| /usr/bin/lesspipe %s', 'USER': 'strain-drone', 'SSH_CLIENT': '100.125.10.128 53782 22', 'XDG_SESSION_TYPE': 'tty', 'GIT_ASKPASS': '/home/strain-drone/.vscode-server/cli/servers/Stable-b6a47e94e326b5c209d118cf0f994d6065585705/server/extensions/git/dist/askpass.sh', 'SHLVL': '2', 'LD_LIBRARY_PATH': '/opt/ros/jazzy/opt/rviz_ogre_vendor/lib:/opt/ros/jazzy/lib/aarch64-linux-gnu:/opt/ros/jazzy/opt/gz_math_vendor/lib:/opt/ros/jazzy/opt/gz_utils_vendor/lib:/opt/ros/jazzy/opt/gz_cmake_vendor/lib:/opt/ros/jazzy/lib:/home/strain-drone/Documents/drone_position_hold/ros2_ws/src/natnet_ros2/deps/NatNetSDK/lib:/home/strain-drone/Documents/drone_position_hold/ros2_ws/src/natnet_ros2/deps/NatNetSDK/lib', 'BROWSER': '/home/strain-drone/.vscode-server/cli/servers/Stable-b6a47e94e326b5c209d118cf0f994d6065585705/server/bin/helpers/browser.sh', 'HOME': '/home/strain-drone', 'TERM_PROGRAM_VERSION': '1.109.3', 'VSCODE_IPC_HOOK_CLI': '/run/user/1002/vscode-ipc-7f844f56-ced9-4e8e-9017-09603271f316.sock', 'ROS_PYTHON_VERSION': '3', 'VSCODE_GIT_ASKPASS_MAIN': '/home/strain-drone/.vscode-server/cli/servers/Stable-b6a47e94e326b5c209d118cf0f994d6065585705/server/extensions/git/dist/askpass-main.js', 'PS1': '\\[\x1b]633;A\x07\\]\\[\\e]0;\\u@\\h: \\w\\a\\]${debian_chroot:+($debian_chroot)}\\[\\033[01;32m\\]\\u@\\h\\[\\033[00m\\]:\\[\\033[01;34m\\]\\w\\[\\033[00m\\]\\$ \\[\x1b]633;B\x07\\]', 'VSCODE_GIT_ASKPASS_NODE': '/home/strain-drone/.vscode-server/cli/servers/Stable-b6a47e94e326b5c209d118cf0f994d6065585705/server/node', 'SSL_CERT_FILE': '/usr/lib/ssl/cert.pem', 'VSCODE_PYTHON_AUTOACTIVATE_GUARD': '1', 'DBUS_SESSION_BUS_ADDRESS': 'unix:path=/run/user/1002/bus', 'COLORTERM': 'truecolor', 'DEBUGINFOD_URLS': 'https://debuginfod.ubuntu.com', 'ROS_DISTRO': 'jazzy', 'LOGNAME': 'strain-drone', '_': '/usr/bin/colcon', 'ROS_VERSION': '2', 'XDG_SESSION_CLASS': 'user', 'TERM': 'xterm-256color', 'XDG_SESSION_ID': '12', 'PATH': '/home/strain-drone/.vscode-server/data/User/globalStorage/github.copilot-chat/debugCommand:/home/strain-drone/.vscode-server/data/User/globalStorage/github.copilot-chat/copilotCli:/home/strain-drone/.vscode-server/cli/servers/Stable-b6a47e94e326b5c209d118cf0f994d6065585705/server/bin/remote-cli:/usr/lib/ccache:/home/strain-drone/Documents/ardupilot/Tools/autotest:/opt/gcc-arm-none-eabi-10-2020-q4-major/bin:/home/strain-drone/venv-ardupilot/bin:/home/strain-drone/.local/bin:/opt/ros/jazzy/bin:/usr/lib/ccache:/home/strain-drone/Documents/ardupilot/Tools/autotest:/opt/gcc-arm-none-eabi-10-2020-q4-major/bin:/home/strain-drone/venv-ardupilot/bin:/home/strain-drone/.local/bin:/usr/local/sbin:/usr/local/bin:/usr/sbin:/usr/bin:/sbin:/bin:/usr/games:/usr/local/games:/snap/bin:/home/strain-drone/.local/bin:/home/strain-drone/.local/bin:/home/strain-drone/.local/bin:/home/strain-drone/.local/bin', 'XDG_RUNTIME_DIR': '/run/user/1002', 'SSL_CERT_DIR': '/usr/lib/ssl/certs', 'LANG': 'en_US.UTF-8', 'VIRTUAL_ENV_PROMPT': '(venv-ardupilot)', 'LS_COLORS': 'rs=0:di=01;34:ln=01;36:mh=00:pi=40;33:so=01;35:do=01;35:bd=40;33;01:cd=40;33;01:or=40;31;01:mi=00:su=37;41:sg=30;43:ca=00:tw=30;42:ow=34;42:st=37;44:ex=01;32:*.tar=01;31:*.tgz=01;31:*.arc=01;31:*.arj=01;31:*.taz=01;31:*.lha=01;31:*.lz4=01;31:*.lzh=01;31:*.lzma=01;31:*.tlz=01;31:*.txz=01;31:*.tzo=01;31:*.t7z=01;31:*.zip=01;31:*.z=01;31:*.dz=01;31:*.gz=01;31:*.lrz=01;31:*.lz=01;31:*.lzo=01;31:*.xz=01;31:*.zst=01;31:*.tzst=01;31:*.bz2=01;31:*.bz=01;31:*.tbz=01;31:*.tbz2=01;31:*.tz=01;31:*.deb=01;31:*.rpm=01;31:*.jar=01;31:*.war=01;31:*.ear=01;31:*.sar=01;31:*.rar=01;31:*.alz=01;31:*.ace=01;31:*.zoo=01;31:*.cpio=01;31:*.7z=01;31:*.rz=01;31:*.cab=01;31:*.wim=01;31:*.swm=01;31:*.dwm=01;31:*.esd=01;31:*.avif=01;35:*.jpg=01;35:*.jpeg=01;35:*.mjpg=01;35:*.mjpeg=01;35:*.gif=01;35:*.bmp=01;35:*.pbm=01;35:*.pgm=01;35:*.ppm=01;35:*.tga=01;35:*.xbm=01;35:*.xpm=01;35:*.tif=01;35:*.tiff=01;35:*.png=01;35:*.svg=01;35:*.svgz=01;35:*.mng=01;35:*.pcx=01;35:*.mov=01;35:*.mpg=01;35:*.mpeg=01;35:*.m2v=01;35:*.mkv=01;35:*.webm=01;35:*.webp=01;35:*.ogm=01;35:*.mp4=01;35:*.m4v=01;35:*.mp4v=01;35:*.vob=01;35:*.qt=01;35:*.nuv=01;35:*.wmv=01;35:*.asf=01;35:*.rm=01;35:*.rmvb=01;35:*.flc=01;35:*.avi=01;35:*.fli=01;35:*.flv=01;35:*.gl=01;35:*.dl=01;35:*.xcf=01;35:*.xwd=01;35:*.yuv=01;35:*.cgm=01;35:*.emf=01;35:*.ogv=01;35:*.ogx=01;35:*.aac=00;36:*.au=00;36:*.flac=00;36:*.m4a=00;36:*.mid=00;36:*.midi=00;36:*.mka=00;36:*.mp3=00;36:*.mpc=00;36:*.ogg=00;36:*.ra=00;36:*.wav=00;36:*.oga=00;36:*.opus=00;36:*.spx=00;36:*.xspf=00;36:*~=00;90:*#=00;90:*.bak=00;90:*.crdownload=00;90:*.dpkg-dist=00;90:*.dpkg-new=00;90:*.dpkg-old=00;90:*.dpkg-tmp=00;90:*.old=00;90:*.orig=00;90:*.part=00;90:*.rej=00;90:*.rpmnew=00;90:*.rpmorig=00;90:*.rpmsave=00;90:*.swp=00;90:*.tmp=00;90:*.ucf-dist=00;90:*.ucf-new=00;90:*.ucf-old=00;90:', 'VSCODE_GIT_IPC_HANDLE': '/run/user/1002/vscode-git-227cc40744.sock', 'TERM_PROGRAM': 'vscode', 'ROS_DOMAIN_ID': '1', 'AMENT_PREFIX_PATH': '/opt/ros/jazzy', 'SHELL': '/bin/bash', 'LESSCLOSE': '/usr/bin/lesspipe %s %s', 'VIRTUAL_ENV': '/home/strain-drone/venv-ardupilot', 'ROS_AUTOMATIC_DISCOVERY_RANGE': 'SUBNET', 'VSCODE_GIT_ASKPASS_EXTRA_ARGS': '', 'PWD': '/home/strain-drone/Documents/drone_position_hold/ros2_ws/src/build/mocap4r2_control_msgs', 'LC_ALL': 'en_US.UTF-8', 'SSH_CONNECTION': '100.125.10.128 53782 100.96.124.69 22', 'XDG_DATA_DIRS': '/usr/share/gnome:/usr/local/share:/usr/share:/var/lib/snapd/desktop', 'PYTHONPATH': '/opt/ros/jazzy/lib/python3.12/site-packages', 'COLCON': '1', 'CMAKE_PREFIX_PATH': '/opt/ros/jazzy/opt/gz_math_vendor:/opt/ros/jazzy/opt/gz_utils_vendor:/opt/ros/jazzy/opt/gz_cmake_vendor:/opt/ros/jazzy'}), 'shell': False}
[0.030603] (mocap4r2_msgs) JobProgress: {'identifier': 'mocap4r2_msgs', 'progress': 'cmake'}
[0.032125] (mocap4r2_msgs) Command: {'cmd': ['/usr/bin/cmake', '/home/strain-drone/Documents/drone_position_hold/ros2_ws/src/mocap4r2_msgs', '-DCMAKE_INSTALL_PREFIX=/home/strain-drone/Documents/drone_position_hold/ros2_ws/src/install/mocap4r2_msgs'], 'cwd': '/home/strain-drone/Documents/drone_position_hold/ros2_ws/src/build/mocap4r2_msgs', 'env': OrderedDict({'LESSOPEN': '| /usr/bin/lesspipe %s', 'USER': 'strain-drone', 'SSH_CLIENT': '100.125.10.128 53782 22', 'XDG_SESSION_TYPE': 'tty', 'GIT_ASKPASS': '/home/strain-drone/.vscode-server/cli/servers/Stable-b6a47e94e326b5c209d118cf0f994d6065585705/server/extensions/git/dist/askpass.sh', 'SHLVL': '2', 'LD_LIBRARY_PATH': '/opt/ros/jazzy/opt/rviz_ogre_vendor/lib:/opt/ros/jazzy/lib/aarch64-linux-gnu:/opt/ros/jazzy/opt/gz_math_vendor/lib:/opt/ros/jazzy/opt/gz_utils_vendor/lib:/opt/ros/jazzy/opt/gz_cmake_vendor/lib:/opt/ros/jazzy/lib:/home/strain-drone/Documents/drone_position_hold/ros2_ws/src/natnet_ros2/deps/NatNetSDK/lib:/home/strain-drone/Documents/drone_position_hold/ros2_ws/src/natnet_ros2/deps/NatNetSDK/lib', 'BROWSER': '/home/strain-drone/.vscode-server/cli/servers/Stable-b6a47e94e326b5c209d118cf0f994d6065585705/server/bin/helpers/browser.sh', 'HOME': '/home/strain-drone', 'TERM_PROGRAM_VERSION': '1.109.3', 'VSCODE_IPC_HOOK_CLI': '/run/user/1002/vscode-ipc-7f844f56-ced9-4e8e-9017-09603271f316.sock', 'ROS_PYTHON_VERSION': '3', 'VSCODE_GIT_ASKPASS_MAIN': '/home/strain-drone/.vscode-server/cli/servers/Stable-b6a47e94e326b5c209d118cf0f994d6065585705/server/extensions/git/dist/askpass-main.js', 'PS1': '\\[\x1b]633;A\x07\\]\\[\\e]0;\\u@\\h: \\w\\a\\]${debian_chroot:+($debian_chroot)}\\[\\033[01;32m\\]\\u@\\h\\[\\033[00m\\]:\\[\\033[01;34m\\]\\w\\[\\033[00m\\]\\$ \\[\x1b]633;B\x07\\]', 'VSCODE_GIT_ASKPASS_NODE': '/home/strain-drone/.vscode-server/cli/servers/Stable-b6a47e94e326b5c209d118cf0f994d6065585705/server/node', 'SSL_CERT_FILE': '/usr/lib/ssl/cert.pem', 'VSCODE_PYTHON_AUTOACTIVATE_GUARD': '1', 'DBUS_SESSION_BUS_ADDRESS': 'unix:path=/run/user/1002/bus', 'COLORTERM': 'truecolor', 'DEBUGINFOD_URLS': 'https://debuginfod.ubuntu.com', 'ROS_DISTRO': 'jazzy', 'LOGNAME': 'strain-drone', '_': '/usr/bin/colcon', 'ROS_VERSION': '2', 'XDG_SESSION_CLASS': 'user', 'TERM': 'xterm-256color', 'XDG_SESSION_ID': '12', 'PATH': '/home/strain-drone/.vscode-server/data/User/globalStorage/github.copilot-chat/debugCommand:/home/strain-drone/.vscode-server/data/User/globalStorage/github.copilot-chat/copilotCli:/home/strain-drone/.vscode-server/cli/servers/Stable-b6a47e94e326b5c209d118cf0f994d6065585705/server/bin/remote-cli:/usr/lib/ccache:/home/strain-drone/Documents/ardupilot/Tools/autotest:/opt/gcc-arm-none-eabi-10-2020-q4-major/bin:/home/strain-drone/venv-ardupilot/bin:/home/strain-drone/.local/bin:/opt/ros/jazzy/bin:/usr/lib/ccache:/home/strain-drone/Documents/ardupilot/Tools/autotest:/opt/gcc-arm-none-eabi-10-2020-q4-major/bin:/home/strain-drone/venv-ardupilot/bin:/home/strain-drone/.local/bin:/usr/local/sbin:/usr/local/bin:/usr/sbin:/usr/bin:/sbin:/bin:/usr/games:/usr/local/games:/snap/bin:/home/strain-drone/.local/bin:/home/strain-drone/.local/bin:/home/strain-drone/.local/bin:/home/strain-drone/.local/bin', 'XDG_RUNTIME_DIR': '/run/user/1002', 'SSL_CERT_DIR': '/usr/lib/ssl/certs', 'LANG': 'en_US.UTF-8', 'VIRTUAL_ENV_PROMPT': '(venv-ardupilot)', 'LS_COLORS': 'rs=0:di=01;34:ln=01;36:mh=00:pi=40;33:so=01;35:do=01;35:bd=40;33;01:cd=40;33;01:or=40;31;01:mi=00:su=37;41:sg=30;43:ca=00:tw=30;42:ow=34;42:st=37;44:ex=01;32:*.tar=01;31:*.tgz=01;31:*.arc=01;31:*.arj=01;31:*.taz=01;31:*.lha=01;31:*.lz4=01;31:*.lzh=01;31:*.lzma=01;31:*.tlz=01;31:*.txz=01;31:*.tzo=01;31:*.t7z=01;31:*.zip=01;31:*.z=01;31:*.dz=01;31:*.gz=01;31:*.lrz=01;31:*.lz=01;31:*.lzo=01;31:*.xz=01;31:*.zst=01;31:*.tzst=01;31:*.bz2=01;31:*.bz=01;31:*.tbz=01;31:*.tbz2=01;31:*.tz=01;31:*.deb=01;31:*.rpm=01;31:*.jar=01;31:*.war=01;31:*.ear=01;31:*.sar=01;31:*.rar=01;31:*.alz=01;31:*.ace=01;31:*.zoo=01;31:*.cpio=01;31:*.7z=01;31:*.rz=01;31:*.cab=01;31:*.wim=01;31:*.swm=01;31:*.dwm=01;31:*.esd=01;31:*.avif=01;35:*.jpg=01;35:*.jpeg=01;35:*.mjpg=01;35:*.mjpeg=01;35:*.gif=01;35:*.bmp=01;35:*.pbm=01;35:*.pgm=01;35:*.ppm=01;35:*.tga=01;35:*.xbm=01;35:*.xpm=01;35:*.tif=01;35:*.tiff=01;35:*.png=01;35:*.svg=01;35:*.svgz=01;35:*.mng=01;35:*.pcx=01;35:*.mov=01;35:*.mpg=01;35:*.mpeg=01;35:*.m2v=01;35:*.mkv=01;35:*.webm=01;35:*.webp=01;35:*.ogm=01;35:*.mp4=01;35:*.m4v=01;35:*.mp4v=01;35:*.vob=01;35:*.qt=01;35:*.nuv=01;35:*.wmv=01;35:*.asf=01;35:*.rm=01;35:*.rmvb=01;35:*.flc=01;35:*.avi=01;35:*.fli=01;35:*.flv=01;35:*.gl=01;35:*.dl=01;35:*.xcf=01;35:*.xwd=01;35:*.yuv=01;35:*.cgm=01;35:*.emf=01;35:*.ogv=01;35:*.ogx=01;35:*.aac=00;36:*.au=00;36:*.flac=00;36:*.m4a=00;36:*.mid=00;36:*.midi=00;36:*.mka=00;36:*.mp3=00;36:*.mpc=00;36:*.ogg=00;36:*.ra=00;36:*.wav=00;36:*.oga=00;36:*.opus=00;36:*.spx=00;36:*.xspf=00;36:*~=00;90:*#=00;90:*.bak=00;90:*.crdownload=00;90:*.dpkg-dist=00;90:*.dpkg-new=00;90:*.dpkg-old=00;90:*.dpkg-tmp=00;90:*.old=00;90:*.orig=00;90:*.part=00;90:*.rej=00;90:*.rpmnew=00;90:*.rpmorig=00;90:*.rpmsave=00;90:*.swp=00;90:*.tmp=00;90:*.ucf-dist=00;90:*.ucf-new=00;90:*.ucf-old=00;90:', 'VSCODE_GIT_IPC_HANDLE': '/run/user/1002/vscode-git-227cc40744.sock', 'TERM_PROGRAM': 'vscode', 'ROS_DOMAIN_ID': '1', 'AMENT_PREFIX_PATH': '/opt/ros/jazzy', 'SHELL': '/bin/bash', 'LESSCLOSE': '/usr/bin/lesspipe %s %s', 'VIRTUAL_ENV': '/home/strain-drone/venv-ardupilot', 'ROS_AUTOMATIC_DISCOVERY_RANGE': 'SUBNET', 'VSCODE_GIT_ASKPASS_EXTRA_ARGS': '', 'PWD': '/home/strain-drone/Documents/drone_position_hold/ros2_ws/src/build/mocap4r2_msgs', 'LC_ALL': 'en_US.UTF-8', 'SSH_CONNECTION': '100.125.10.128 53782 100.96.124.69 22', 'XDG_DATA_DIRS': '/usr/share/gnome:/usr/local/share:/usr/share:/var/lib/snapd/desktop', 'PYTHONPATH': '/opt/ros/jazzy/lib/python3.12/site-packages', 'COLCON': '1', 'CMAKE_PREFIX_PATH': '/opt/ros/jazzy/opt/gz_math_vendor:/opt/ros/jazzy/opt/gz_utils_vendor:/opt/ros/jazzy/opt/gz_cmake_vendor:/opt/ros/jazzy'}), 'shell': False}
[0.034717] (mocap4r2_marker_viz_srvs) JobProgress: {'identifier': 'mocap4r2_marker_viz_srvs', 'progress': 'cmake'}
[0.036505] (mocap4r2_marker_viz_srvs) Command: {'cmd': ['/usr/bin/cmake', '/home/strain-drone/Documents/drone_position_hold/ros2_ws/src/mocap4r2/mocap4r2_marker_viz/mocap4r2_marker_viz_srvs', '-DCMAKE_INSTALL_PREFIX=/home/strain-drone/Documents/drone_position_hold/ros2_ws/src/install/mocap4r2_marker_viz_srvs'], 'cwd': '/home/strain-drone/Documents/drone_position_hold/ros2_ws/src/build/mocap4r2_marker_viz_srvs', 'env': OrderedDict({'LESSOPEN': '| /usr/bin/lesspipe %s', 'USER': 'strain-drone', 'SSH_CLIENT': '100.125.10.128 53782 22', 'XDG_SESSION_TYPE': 'tty', 'GIT_ASKPASS': '/home/strain-drone/.vscode-server/cli/servers/Stable-b6a47e94e326b5c209d118cf0f994d6065585705/server/extensions/git/dist/askpass.sh', 'SHLVL': '2', 'LD_LIBRARY_PATH': '/opt/ros/jazzy/opt/rviz_ogre_vendor/lib:/opt/ros/jazzy/lib/aarch64-linux-gnu:/opt/ros/jazzy/opt/gz_math_vendor/lib:/opt/ros/jazzy/opt/gz_utils_vendor/lib:/opt/ros/jazzy/opt/gz_cmake_vendor/lib:/opt/ros/jazzy/lib:/home/strain-drone/Documents/drone_position_hold/ros2_ws/src/natnet_ros2/deps/NatNetSDK/lib:/home/strain-drone/Documents/drone_position_hold/ros2_ws/src/natnet_ros2/deps/NatNetSDK/lib', 'BROWSER': '/home/strain-drone/.vscode-server/cli/servers/Stable-b6a47e94e326b5c209d118cf0f994d6065585705/server/bin/helpers/browser.sh', 'HOME': '/home/strain-drone', 'TERM_PROGRAM_VERSION': '1.109.3', 'VSCODE_IPC_HOOK_CLI': '/run/user/1002/vscode-ipc-7f844f56-ced9-4e8e-9017-09603271f316.sock', 'ROS_PYTHON_VERSION': '3', 'VSCODE_GIT_ASKPASS_MAIN': '/home/strain-drone/.vscode-server/cli/servers/Stable-b6a47e94e326b5c209d118cf0f994d6065585705/server/extensions/git/dist/askpass-main.js', 'PS1': '\\[\x1b]633;A\x07\\]\\[\\e]0;\\u@\\h: \\w\\a\\]${debian_chroot:+($debian_chroot)}\\[\\033[01;32m\\]\\u@\\h\\[\\033[00m\\]:\\[\\033[01;34m\\]\\w\\[\\033[00m\\]\\$ \\[\x1b]633;B\x07\\]', 'VSCODE_GIT_ASKPASS_NODE': '/home/strain-drone/.vscode-server/cli/servers/Stable-b6a47e94e326b5c209d118cf0f994d6065585705/server/node', 'SSL_CERT_FILE': '/usr/lib/ssl/cert.pem', 'VSCODE_PYTHON_AUTOACTIVATE_GUARD': '1', 'DBUS_SESSION_BUS_ADDRESS': 'unix:path=/run/user/1002/bus', 'COLORTERM': 'truecolor', 'DEBUGINFOD_URLS': 'https://debuginfod.ubuntu.com', 'ROS_DISTRO': 'jazzy', 'LOGNAME': 'strain-drone', '_': '/usr/bin/colcon', 'ROS_VERSION': '2', 'XDG_SESSION_CLASS': 'user', 'TERM': 'xterm-256color', 'XDG_SESSION_ID': '12', 'PATH': '/home/strain-drone/.vscode-server/data/User/globalStorage/github.copilot-chat/debugCommand:/home/strain-drone/.vscode-server/data/User/globalStorage/github.copilot-chat/copilotCli:/home/strain-drone/.vscode-server/cli/servers/Stable-b6a47e94e326b5c209d118cf0f994d6065585705/server/bin/remote-cli:/usr/lib/ccache:/home/strain-drone/Documents/ardupilot/Tools/autotest:/opt/gcc-arm-none-eabi-10-2020-q4-major/bin:/home/strain-drone/venv-ardupilot/bin:/home/strain-drone/.local/bin:/opt/ros/jazzy/bin:/usr/lib/ccache:/home/strain-drone/Documents/ardupilot/Tools/autotest:/opt/gcc-arm-none-eabi-10-2020-q4-major/bin:/home/strain-drone/venv-ardupilot/bin:/home/strain-drone/.local/bin:/usr/local/sbin:/usr/local/bin:/usr/sbin:/usr/bin:/sbin:/bin:/usr/games:/usr/local/games:/snap/bin:/home/strain-drone/.local/bin:/home/strain-drone/.local/bin:/home/strain-drone/.local/bin:/home/strain-drone/.local/bin', 'XDG_RUNTIME_DIR': '/run/user/1002', 'SSL_CERT_DIR': '/usr/lib/ssl/certs', 'LANG': 'en_US.UTF-8', 'VIRTUAL_ENV_PROMPT': '(venv-ardupilot)', 'LS_COLORS': 'rs=0:di=01;34:ln=01;36:mh=00:pi=40;33:so=01;35:do=01;35:bd=40;33;01:cd=40;33;01:or=40;31;01:mi=00:su=37;41:sg=30;43:ca=00:tw=30;42:ow=34;42:st=37;44:ex=01;32:*.tar=01;31:*.tgz=01;31:*.arc=01;31:*.arj=01;31:*.taz=01;31:*.lha=01;31:*.lz4=01;31:*.lzh=01;31:*.lzma=01;31:*.tlz=01;31:*.txz=01;31:*.tzo=01;31:*.t7z=01;31:*.zip=01;31:*.z=01;31:*.dz=01;31:*.gz=01;31:*.lrz=01;31:*.lz=01;31:*.lzo=01;31:*.xz=01;31:*.zst=01;31:*.tzst=01;31:*.bz2=01;31:*.bz=01;31:*.tbz=01;31:*.tbz2=01;31:*.tz=01;31:*.deb=01;31:*.rpm=01;31:*.jar=01;31:*.war=01;31:*.ear=01;31:*.sar=01;31:*.rar=01;31:*.alz=01;31:*.ace=01;31:*.zoo=01;31:*.cpio=01;31:*.7z=01;31:*.rz=01;31:*.cab=01;31:*.wim=01;31:*.swm=01;31:*.dwm=01;31:*.esd=01;31:*.avif=01;35:*.jpg=01;35:*.jpeg=01;35:*.mjpg=01;35:*.mjpeg=01;35:*.gif=01;35:*.bmp=01;35:*.pbm=01;35:*.pgm=01;35:*.ppm=01;35:*.tga=01;35:*.xbm=01;35:*.xpm=01;35:*.tif=01;35:*.tiff=01;35:*.png=01;35:*.svg=01;35:*.svgz=01;35:*.mng=01;35:*.pcx=01;35:*.mov=01;35:*.mpg=01;35:*.mpeg=01;35:*.m2v=01;35:*.mkv=01;35:*.webm=01;35:*.webp=01;35:*.ogm=01;35:*.mp4=01;35:*.m4v=01;35:*.mp4v=01;35:*.vob=01;35:*.qt=01;35:*.nuv=01;35:*.wmv=01;35:*.asf=01;35:*.rm=01;35:*.rmvb=01;35:*.flc=01;35:*.avi=01;35:*.fli=01;35:*.flv=01;35:*.gl=01;35:*.dl=01;35:*.xcf=01;35:*.xwd=01;35:*.yuv=01;35:*.cgm=01;35:*.emf=01;35:*.ogv=01;35:*.ogx=01;35:*.aac=00;36:*.au=00;36:*.flac=00;36:*.m4a=00;36:*.mid=00;36:*.midi=00;36:*.mka=00;36:*.mp3=00;36:*.mpc=00;36:*.ogg=00;36:*.ra=00;36:*.wav=00;36:*.oga=00;36:*.opus=00;36:*.spx=00;36:*.xspf=00;36:*~=00;90:*#=00;90:*.bak=00;90:*.crdownload=00;90:*.dpkg-dist=00;90:*.dpkg-new=00;90:*.dpkg-old=00;90:*.dpkg-tmp=00;90:*.old=00;90:*.orig=00;90:*.part=00;90:*.rej=00;90:*.rpmnew=00;90:*.rpmorig=00;90:*.rpmsave=00;90:*.swp=00;90:*.tmp=00;90:*.ucf-dist=00;90:*.ucf-new=00;90:*.ucf-old=00;90:', 'VSCODE_GIT_IPC_HANDLE': '/run/user/1002/vscode-git-227cc40744.sock', 'TERM_PROGRAM': 'vscode', 'ROS_DOMAIN_ID': '1', 'AMENT_PREFIX_PATH': '/opt/ros/jazzy', 'SHELL': '/bin/bash', 'LESSCLOSE': '/usr/bin/lesspipe %s %s', 'VIRTUAL_ENV': '/home/strain-drone/venv-ardupilot', 'ROS_AUTOMATIC_DISCOVERY_RANGE': 'SUBNET', 'VSCODE_GIT_ASKPASS_EXTRA_ARGS': '', 'PWD': '/home/strain-drone/Documents/drone_position_hold/ros2_ws/src/build/mocap4r2_marker_viz_srvs', 'LC_ALL': 'en_US.UTF-8', 'SSH_CONNECTION': '100.125.10.128 53782 100.96.124.69 22', 'XDG_DATA_DIRS': '/usr/share/gnome:/usr/local/share:/usr/share:/var/lib/snapd/desktop', 'PYTHONPATH': '/opt/ros/jazzy/lib/python3.12/site-packages', 'COLCON': '1', 'CMAKE_PREFIX_PATH': '/opt/ros/jazzy/opt/gz_math_vendor:/opt/ros/jazzy/opt/gz_utils_vendor:/opt/ros/jazzy/opt/gz_cmake_vendor:/opt/ros/jazzy'}), 'shell': False}
[0.050249] (mocap4r2_robot_gt_msgs) JobProgress: {'identifier': 'mocap4r2_robot_gt_msgs', 'progress': 'cmake'}
[0.050420] (mocap4r2_robot_gt_msgs) Command: {'cmd': ['/usr/bin/cmake', '/home/strain-drone/Documents/drone_position_hold/ros2_ws/src/mocap4r2/mocap4r2_robot_gt/mocap4r2_robot_gt_msgs', '-DCMAKE_INSTALL_PREFIX=/home/strain-drone/Documents/drone_position_hold/ros2_ws/src/install/mocap4r2_robot_gt_msgs'], 'cwd': '/home/strain-drone/Documents/drone_position_hold/ros2_ws/src/build/mocap4r2_robot_gt_msgs', 'env': OrderedDict({'LESSOPEN': '| /usr/bin/lesspipe %s', 'USER': 'strain-drone', 'SSH_CLIENT': '100.125.10.128 53782 22', 'XDG_SESSION_TYPE': 'tty', 'GIT_ASKPASS': '/home/strain-drone/.vscode-server/cli/servers/Stable-b6a47e94e326b5c209d118cf0f994d6065585705/server/extensions/git/dist/askpass.sh', 'SHLVL': '2', 'LD_LIBRARY_PATH': '/opt/ros/jazzy/opt/rviz_ogre_vendor/lib:/opt/ros/jazzy/lib/aarch64-linux-gnu:/opt/ros/jazzy/opt/gz_math_vendor/lib:/opt/ros/jazzy/opt/gz_utils_vendor/lib:/opt/ros/jazzy/opt/gz_cmake_vendor/lib:/opt/ros/jazzy/lib:/home/strain-drone/Documents/drone_position_hold/ros2_ws/src/natnet_ros2/deps/NatNetSDK/lib:/home/strain-drone/Documents/drone_position_hold/ros2_ws/src/natnet_ros2/deps/NatNetSDK/lib', 'BROWSER': '/home/strain-drone/.vscode-server/cli/servers/Stable-b6a47e94e326b5c209d118cf0f994d6065585705/server/bin/helpers/browser.sh', 'HOME': '/home/strain-drone', 'TERM_PROGRAM_VERSION': '1.109.3', 'VSCODE_IPC_HOOK_CLI': '/run/user/1002/vscode-ipc-7f844f56-ced9-4e8e-9017-09603271f316.sock', 'ROS_PYTHON_VERSION': '3', 'VSCODE_GIT_ASKPASS_MAIN': '/home/strain-drone/.vscode-server/cli/servers/Stable-b6a47e94e326b5c209d118cf0f994d6065585705/server/extensions/git/dist/askpass-main.js', 'PS1': '\\[\x1b]633;A\x07\\]\\[\\e]0;\\u@\\h: \\w\\a\\]${debian_chroot:+($debian_chroot)}\\[\\033[01;32m\\]\\u@\\h\\[\\033[00m\\]:\\[\\033[01;34m\\]\\w\\[\\033[00m\\]\\$ \\[\x1b]633;B\x07\\]', 'VSCODE_GIT_ASKPASS_NODE': '/home/strain-drone/.vscode-server/cli/servers/Stable-b6a47e94e326b5c209d118cf0f994d6065585705/server/node', 'SSL_CERT_FILE': '/usr/lib/ssl/cert.pem', 'VSCODE_PYTHON_AUTOACTIVATE_GUARD': '1', 'DBUS_SESSION_BUS_ADDRESS': 'unix:path=/run/user/1002/bus', 'COLORTERM': 'truecolor', 'DEBUGINFOD_URLS': 'https://debuginfod.ubuntu.com', 'ROS_DISTRO': 'jazzy', 'LOGNAME': 'strain-drone', '_': '/usr/bin/colcon', 'ROS_VERSION': '2', 'XDG_SESSION_CLASS': 'user', 'TERM': 'xterm-256color', 'XDG_SESSION_ID': '12', 'PATH': '/home/strain-drone/.vscode-server/data/User/globalStorage/github.copilot-chat/debugCommand:/home/strain-drone/.vscode-server/data/User/globalStorage/github.copilot-chat/copilotCli:/home/strain-drone/.vscode-server/cli/servers/Stable-b6a47e94e326b5c209d118cf0f994d6065585705/server/bin/remote-cli:/usr/lib/ccache:/home/strain-drone/Documents/ardupilot/Tools/autotest:/opt/gcc-arm-none-eabi-10-2020-q4-major/bin:/home/strain-drone/venv-ardupilot/bin:/home/strain-drone/.local/bin:/opt/ros/jazzy/bin:/usr/lib/ccache:/home/strain-drone/Documents/ardupilot/Tools/autotest:/opt/gcc-arm-none-eabi-10-2020-q4-major/bin:/home/strain-drone/venv-ardupilot/bin:/home/strain-drone/.local/bin:/usr/local/sbin:/usr/local/bin:/usr/sbin:/usr/bin:/sbin:/bin:/usr/games:/usr/local/games:/snap/bin:/home/strain-drone/.local/bin:/home/strain-drone/.local/bin:/home/strain-drone/.local/bin:/home/strain-drone/.local/bin', 'XDG_RUNTIME_DIR': '/run/user/1002', 'SSL_CERT_DIR': '/usr/lib/ssl/certs', 'LANG': 'en_US.UTF-8', 'VIRTUAL_ENV_PROMPT': '(venv-ardupilot)', 'LS_COLORS': 'rs=0:di=01;34:ln=01;36:mh=00:pi=40;33:so=01;35:do=01;35:bd=40;33;01:cd=40;33;01:or=40;31;01:mi=00:su=37;41:sg=30;43:ca=00:tw=30;42:ow=34;42:st=37;44:ex=01;32:*.tar=01;31:*.tgz=01;31:*.arc=01;31:*.arj=01;31:*.taz=01;31:*.lha=01;31:*.lz4=01;31:*.lzh=01;31:*.lzma=01;31:*.tlz=01;31:*.txz=01;31:*.tzo=01;31:*.t7z=01;31:*.zip=01;31:*.z=01;31:*.dz=01;31:*.gz=01;31:*.lrz=01;31:*.lz=01;31:*.lzo=01;31:*.xz=01;31:*.zst=01;31:*.tzst=01;31:*.bz2=01;31:*.bz=01;31:*.tbz=01;31:*.tbz2=01;31:*.tz=01;31:*.deb=01;31:*.rpm=01;31:*.jar=01;31:*.war=01;31:*.ear=01;31:*.sar=01;31:*.rar=01;31:*.alz=01;31:*.ace=01;31:*.zoo=01;31:*.cpio=01;31:*.7z=01;31:*.rz=01;31:*.cab=01;31:*.wim=01;31:*.swm=01;31:*.dwm=01;31:*.esd=01;31:*.avif=01;35:*.jpg=01;35:*.jpeg=01;35:*.mjpg=01;35:*.mjpeg=01;35:*.gif=01;35:*.bmp=01;35:*.pbm=01;35:*.pgm=01;35:*.ppm=01;35:*.tga=01;35:*.xbm=01;35:*.xpm=01;35:*.tif=01;35:*.tiff=01;35:*.png=01;35:*.svg=01;35:*.svgz=01;35:*.mng=01;35:*.pcx=01;35:*.mov=01;35:*.mpg=01;35:*.mpeg=01;35:*.m2v=01;35:*.mkv=01;35:*.webm=01;35:*.webp=01;35:*.ogm=01;35:*.mp4=01;35:*.m4v=01;35:*.mp4v=01;35:*.vob=01;35:*.qt=01;35:*.nuv=01;35:*.wmv=01;35:*.asf=01;35:*.rm=01;35:*.rmvb=01;35:*.flc=01;35:*.avi=01;35:*.fli=01;35:*.flv=01;35:*.gl=01;35:*.dl=01;35:*.xcf=01;35:*.xwd=01;35:*.yuv=01;35:*.cgm=01;35:*.emf=01;35:*.ogv=01;35:*.ogx=01;35:*.aac=00;36:*.au=00;36:*.flac=00;36:*.m4a=00;36:*.mid=00;36:*.midi=00;36:*.mka=00;36:*.mp3=00;36:*.mpc=00;36:*.ogg=00;36:*.ra=00;36:*.wav=00;36:*.oga=00;36:*.opus=00;36:*.spx=00;36:*.xspf=00;36:*~=00;90:*#=00;90:*.bak=00;90:*.crdownload=00;90:*.dpkg-dist=00;90:*.dpkg-new=00;90:*.dpkg-old=00;90:*.dpkg-tmp=00;90:*.old=00;90:*.orig=00;90:*.part=00;90:*.rej=00;90:*.rpmnew=00;90:*.rpmorig=00;90:*.rpmsave=00;90:*.swp=00;90:*.tmp=00;90:*.ucf-dist=00;90:*.ucf-new=00;90:*.ucf-old=00;90:', 'VSCODE_GIT_IPC_HANDLE': '/run/user/1002/vscode-git-227cc40744.sock', 'TERM_PROGRAM': 'vscode', 'ROS_DOMAIN_ID': '1', 'AMENT_PREFIX_PATH': '/opt/ros/jazzy', 'SHELL': '/bin/bash', 'LESSCLOSE': '/usr/bin/lesspipe %s %s', 'VIRTUAL_ENV': '/home/strain-drone/venv-ardupilot', 'ROS_AUTOMATIC_DISCOVERY_RANGE': 'SUBNET', 'VSCODE_GIT_ASKPASS_EXTRA_ARGS': '', 'PWD': '/home/strain-drone/Documents/drone_position_hold/ros2_ws/src/build/mocap4r2_robot_gt_msgs', 'LC_ALL': 'en_US.UTF-8', 'SSH_CONNECTION': '100.125.10.128 53782 100.96.124.69 22', 'XDG_DATA_DIRS': '/usr/share/gnome:/usr/local/share:/usr/share:/var/lib/snapd/desktop', 'PYTHONPATH': '/opt/ros/jazzy/lib/python3.12/site-packages', 'COLCON': '1', 'CMAKE_PREFIX_PATH': '/opt/ros/jazzy/opt/gz_math_vendor:/opt/ros/jazzy/opt/gz_utils_vendor:/opt/ros/jazzy/opt/gz_cmake_vendor:/opt/ros/jazzy'}), 'shell': False}
[0.099738] (-) TimerEvent: {}
[0.201573] (-) TimerEvent: {}
[0.219483] (mocap4r2_msgs) StdoutLine: {'line': b'-- The C compiler identification is GNU 13.3.0\n'}
[0.222923] (mocap4r2_control_msgs) StdoutLine: {'line': b'-- The C compiler identification is GNU 13.3.0\n'}
[0.224448] (mocap4r2_marker_viz_srvs) StdoutLine: {'line': b'-- The C compiler identification is GNU 13.3.0\n'}
[0.244529] (mocap4r2_robot_gt_msgs) StdoutLine: {'line': b'-- The C compiler identification is GNU 13.3.0\n'}
[0.304257] (-) TimerEvent: {}
[0.405031] (-) TimerEvent: {}
[0.407461] (mocap4r2_control_msgs) StdoutLine: {'line': b'-- The CXX compiler identification is GNU 13.3.0\n'}
[0.417443] (mocap4r2_marker_viz_srvs) StdoutLine: {'line': b'-- The CXX compiler identification is GNU 13.3.0\n'}
[0.421700] (mocap4r2_msgs) StdoutLine: {'line': b'-- The CXX compiler identification is GNU 13.3.0\n'}
[0.451652] (mocap4r2_robot_gt_msgs) StdoutLine: {'line': b'-- The CXX compiler identification is GNU 13.3.0\n'}
[0.460481] (mocap4r2_control_msgs) StdoutLine: {'line': b'-- Detecting C compiler ABI info\n'}
[0.473977] (mocap4r2_marker_viz_srvs) StdoutLine: {'line': b'-- Detecting C compiler ABI info\n'}
[0.481648] (mocap4r2_msgs) StdoutLine: {'line': b'-- Detecting C compiler ABI info\n'}
[0.501570] (mocap4r2_robot_gt_msgs) StdoutLine: {'line': b'-- Detecting C compiler ABI info\n'}
[0.505173] (-) TimerEvent: {}
[0.605661] (-) TimerEvent: {}
[0.681456] (mocap4r2_marker_viz_srvs) StdoutLine: {'line': b'-- Detecting C compiler ABI info - done\n'}
[0.709460] (-) TimerEvent: {}
[0.714607] (mocap4r2_marker_viz_srvs) StdoutLine: {'line': b'-- Check for working C compiler: /usr/lib/ccache/cc - skipped\n'}
[0.716182] (mocap4r2_marker_viz_srvs) StdoutLine: {'line': b'-- Detecting C compile features\n'}
[0.716592] (mocap4r2_marker_viz_srvs) StdoutLine: {'line': b'-- Detecting C compile features - done\n'}
[0.733476] (mocap4r2_msgs) StdoutLine: {'line': b'-- Detecting C compiler ABI info - done\n'}
[0.746673] (mocap4r2_control_msgs) StdoutLine: {'line': b'-- Detecting C compiler ABI info - done\n'}
[0.747980] (mocap4r2_marker_viz_srvs) StdoutLine: {'line': b'-- Detecting CXX compiler ABI info\n'}
[0.752539] (mocap4r2_robot_gt_msgs) StdoutLine: {'line': b'-- Detecting C compiler ABI info - done\n'}
[0.754138] (mocap4r2_msgs) StdoutLine: {'line': b'-- Check for working C compiler: /usr/lib/ccache/cc - skipped\n'}
[0.754464] (mocap4r2_msgs) StdoutLine: {'line': b'-- Detecting C compile features\n'}
[0.754581] (mocap4r2_msgs) StdoutLine: {'line': b'-- Detecting C compile features - done\n'}
[0.768656] (mocap4r2_robot_gt_msgs) StdoutLine: {'line': b'-- Check for working C compiler: /usr/lib/ccache/cc - skipped\n'}
[0.769039] (mocap4r2_robot_gt_msgs) StdoutLine: {'line': b'-- Detecting C compile features\n'}
[0.771426] (mocap4r2_robot_gt_msgs) StdoutLine: {'line': b'-- Detecting C compile features - done\n'}
[0.776796] (mocap4r2_control_msgs) StdoutLine: {'line': b'-- Check for working C compiler: /usr/lib/ccache/cc - skipped\n'}
[0.777950] (mocap4r2_control_msgs) StdoutLine: {'line': b'-- Detecting C compile features\n'}
[0.779185] (mocap4r2_control_msgs) StdoutLine: {'line': b'-- Detecting C compile features - done\n'}
[0.781999] (mocap4r2_msgs) StdoutLine: {'line': b'-- Detecting CXX compiler ABI info\n'}
[0.800434] (mocap4r2_robot_gt_msgs) StdoutLine: {'line': b'-- Detecting CXX compiler ABI info\n'}
[0.812455] (mocap4r2_control_msgs) StdoutLine: {'line': b'-- Detecting CXX compiler ABI info\n'}
[0.812773] (-) TimerEvent: {}
[0.915553] (-) TimerEvent: {}
[1.004017] (mocap4r2_marker_viz_srvs) StdoutLine: {'line': b'-- Detecting CXX compiler ABI info - done\n'}
[1.015822] (-) TimerEvent: {}
[1.035819] (mocap4r2_msgs) StdoutLine: {'line': b'-- Detecting CXX compiler ABI info - done\n'}
[1.038533] (mocap4r2_marker_viz_srvs) StdoutLine: {'line': b'-- Check for working CXX compiler: /usr/lib/ccache/c++ - skipped\n'}
[1.039044] (mocap4r2_marker_viz_srvs) StdoutLine: {'line': b'-- Detecting CXX compile features\n'}
[1.039208] (mocap4r2_marker_viz_srvs) StdoutLine: {'line': b'-- Detecting CXX compile features - done\n'}
[1.045579] (mocap4r2_marker_viz_srvs) StdoutLine: {'line': b'-- Found ament_cmake: 2.5.4 (/opt/ros/jazzy/share/ament_cmake/cmake)\n'}
[1.061425] (mocap4r2_robot_gt_msgs) StdoutLine: {'line': b'-- Detecting CXX compiler ABI info - done\n'}
[1.068274] (mocap4r2_msgs) StdoutLine: {'line': b'-- Check for working CXX compiler: /usr/lib/ccache/c++ - skipped\n'}
[1.068731] (mocap4r2_msgs) StdoutLine: {'line': b'-- Detecting CXX compile features\n'}
[1.069643] (mocap4r2_msgs) StdoutLine: {'line': b'-- Detecting CXX compile features - done\n'}
[1.074619] (mocap4r2_msgs) StdoutLine: {'line': b'-- Found ament_cmake: 2.5.4 (/opt/ros/jazzy/share/ament_cmake/cmake)\n'}
[1.078443] (mocap4r2_control_msgs) StdoutLine: {'line': b'-- Detecting CXX compiler ABI info - done\n'}
[1.092242] (mocap4r2_robot_gt_msgs) StdoutLine: {'line': b'-- Check for working CXX compiler: /usr/lib/ccache/c++ - skipped\n'}
[1.092560] (mocap4r2_robot_gt_msgs) StdoutLine: {'line': b'-- Detecting CXX compile features\n'}
[1.093404] (mocap4r2_robot_gt_msgs) StdoutLine: {'line': b'-- Detecting CXX compile features - done\n'}
[1.103675] (mocap4r2_robot_gt_msgs) StdoutLine: {'line': b'-- Found ament_cmake: 2.5.4 (/opt/ros/jazzy/share/ament_cmake/cmake)\n'}
[1.115937] (-) TimerEvent: {}
[1.119795] (mocap4r2_control_msgs) StdoutLine: {'line': b'-- Check for working CXX compiler: /usr/lib/ccache/c++ - skipped\n'}
[1.120983] (mocap4r2_control_msgs) StdoutLine: {'line': b'-- Detecting CXX compile features\n'}
[1.126516] (mocap4r2_control_msgs) StdoutLine: {'line': b'-- Detecting CXX compile features - done\n'}
[1.132065] (mocap4r2_control_msgs) StdoutLine: {'line': b'-- Found ament_cmake: 2.5.4 (/opt/ros/jazzy/share/ament_cmake/cmake)\n'}
[1.216067] (-) TimerEvent: {}
[1.316947] (-) TimerEvent: {}
[1.420815] (-) TimerEvent: {}
[1.451642] (mocap4r2_marker_viz_srvs) StdoutLine: {'line': b'-- Found Python3: /home/strain-drone/venv-ardupilot/bin/python3 (found version "3.12.3") found components: Interpreter \n'}
[1.482633] (mocap4r2_msgs) StdoutLine: {'line': b'-- Found Python3: /home/strain-drone/venv-ardupilot/bin/python3 (found version "3.12.3") found components: Interpreter \n'}
[1.522429] (-) TimerEvent: {}
[1.531083] (mocap4r2_robot_gt_msgs) StdoutLine: {'line': b'-- Found Python3: /home/strain-drone/venv-ardupilot/bin/python3 (found version "3.12.3") found components: Interpreter \n'}
[1.543984] (mocap4r2_control_msgs) StdoutLine: {'line': b'-- Found Python3: /home/strain-drone/venv-ardupilot/bin/python3 (found version "3.12.3") found components: Interpreter \n'}
[1.624511] (-) TimerEvent: {}
[1.727416] (-) TimerEvent: {}
[1.740476] (mocap4r2_marker_viz_srvs) StdoutLine: {'line': b'-- Found rosidl_default_generators: 1.6.0 (/opt/ros/jazzy/share/rosidl_default_generators/cmake)\n'}
[1.750303] (mocap4r2_marker_viz_srvs) StdoutLine: {'line': b'-- Using all available rosidl_typesupport_c: rosidl_typesupport_fastrtps_c;rosidl_typesupport_introspection_c\n'}
[1.781520] (mocap4r2_msgs) StdoutLine: {'line': b'-- Found rosidl_default_generators: 1.6.0 (/opt/ros/jazzy/share/rosidl_default_generators/cmake)\n'}
[1.789610] (mocap4r2_msgs) StdoutLine: {'line': b'-- Using all available rosidl_typesupport_c: rosidl_typesupport_fastrtps_c;rosidl_typesupport_introspection_c\n'}
[1.820237] (mocap4r2_robot_gt_msgs) StdoutLine: {'line': b'-- Found rosidl_default_generators: 1.6.0 (/opt/ros/jazzy/share/rosidl_default_generators/cmake)\n'}
[1.827548] (-) TimerEvent: {}
[1.827901] (mocap4r2_robot_gt_msgs) StdoutLine: {'line': b'-- Using all available rosidl_typesupport_c: rosidl_typesupport_fastrtps_c;rosidl_typesupport_introspection_c\n'}
[1.835434] (mocap4r2_marker_viz_srvs) StdoutLine: {'line': b'-- Using all available rosidl_typesupport_cpp: rosidl_typesupport_fastrtps_cpp;rosidl_typesupport_introspection_cpp\n'}
[1.840634] (mocap4r2_control_msgs) StdoutLine: {'line': b'-- Found rosidl_default_generators: 1.6.0 (/opt/ros/jazzy/share/rosidl_default_generators/cmake)\n'}
[1.847955] (mocap4r2_control_msgs) StdoutLine: {'line': b'-- Using all available rosidl_typesupport_c: rosidl_typesupport_fastrtps_c;rosidl_typesupport_introspection_c\n'}
[1.870248] (mocap4r2_msgs) StdoutLine: {'line': b'-- Using all available rosidl_typesupport_cpp: rosidl_typesupport_fastrtps_cpp;rosidl_typesupport_introspection_cpp\n'}
[1.899883] (mocap4r2_marker_viz_srvs) StdoutLine: {'line': b'-- Found rosidl_adapter: 4.6.5 (/opt/ros/jazzy/share/rosidl_adapter/cmake)\n'}
[1.905480] (mocap4r2_marker_viz_srvs) StdoutLine: {'line': b'-- Found std_msgs: 5.3.6 (/opt/ros/jazzy/share/std_msgs/cmake)\n'}
[1.909374] (mocap4r2_robot_gt_msgs) StdoutLine: {'line': b'-- Using all available rosidl_typesupport_cpp: rosidl_typesupport_fastrtps_cpp;rosidl_typesupport_introspection_cpp\n'}
[1.927398] (mocap4r2_control_msgs) StdoutLine: {'line': b'-- Using all available rosidl_typesupport_cpp: rosidl_typesupport_fastrtps_cpp;rosidl_typesupport_introspection_cpp\n'}
[1.927701] (-) TimerEvent: {}
[1.933940] (mocap4r2_msgs) StdoutLine: {'line': b'-- Found rosidl_adapter: 4.6.5 (/opt/ros/jazzy/share/rosidl_adapter/cmake)\n'}
[1.939311] (mocap4r2_msgs) StdoutLine: {'line': b'-- Found builtin_interfaces: 2.0.2 (/opt/ros/jazzy/share/builtin_interfaces/cmake)\n'}
[1.963139] (mocap4r2_msgs) StdoutLine: {'line': b'-- Found std_msgs: 5.3.6 (/opt/ros/jazzy/share/std_msgs/cmake)\n'}
[1.983395] (mocap4r2_robot_gt_msgs) StdoutLine: {'line': b'-- Found rosidl_adapter: 4.6.5 (/opt/ros/jazzy/share/rosidl_adapter/cmake)\n'}
[1.987783] (mocap4r2_robot_gt_msgs) StdoutLine: {'line': b'-- Found builtin_interfaces: 2.0.2 (/opt/ros/jazzy/share/builtin_interfaces/cmake)\n'}
[1.992452] (mocap4r2_msgs) StdoutLine: {'line': b'-- Found geometry_msgs: 5.3.6 (/opt/ros/jazzy/share/geometry_msgs/cmake)\n'}
[1.998749] (mocap4r2_control_msgs) StdoutLine: {'line': b'-- Found rosidl_adapter: 4.6.5 (/opt/ros/jazzy/share/rosidl_adapter/cmake)\n'}
[2.008687] (mocap4r2_control_msgs) StdoutLine: {'line': b'-- Found builtin_interfaces: 2.0.2 (/opt/ros/jazzy/share/builtin_interfaces/cmake)\n'}
[2.021212] (mocap4r2_robot_gt_msgs) StdoutLine: {'line': b'-- Found std_msgs: 5.3.6 (/opt/ros/jazzy/share/std_msgs/cmake)\n'}
[2.027863] (-) TimerEvent: {}
[2.035932] (mocap4r2_control_msgs) StdoutLine: {'line': b'-- Found std_msgs: 5.3.6 (/opt/ros/jazzy/share/std_msgs/cmake)\n'}
[2.056291] (mocap4r2_robot_gt_msgs) StdoutLine: {'line': b'-- Found geometry_msgs: 5.3.6 (/opt/ros/jazzy/share/geometry_msgs/cmake)\n'}
[2.072445] (mocap4r2_control_msgs) StdoutLine: {'line': b'-- Found geometry_msgs: 5.3.6 (/opt/ros/jazzy/share/geometry_msgs/cmake)\n'}
[2.128450] (-) TimerEvent: {}
[2.231766] (-) TimerEvent: {}
[2.332372] (-) TimerEvent: {}
[2.434805] (-) TimerEvent: {}
[2.536551] (-) TimerEvent: {}
[2.640682] (-) TimerEvent: {}
[2.741596] (-) TimerEvent: {}
[2.842000] (-) TimerEvent: {}
[2.942764] (-) TimerEvent: {}
[3.045822] (-) TimerEvent: {}
[3.152413] (-) TimerEvent: {}
[3.252897] (-) TimerEvent: {}
[3.353476] (-) TimerEvent: {}
[3.455764] (-) TimerEvent: {}
[3.562667] (-) TimerEvent: {}
[3.664492] (-) TimerEvent: {}
[3.765249] (-) TimerEvent: {}
[3.868420] (-) TimerEvent: {}
[3.875227] (mocap4r2_msgs) StdoutLine: {'line': b'-- Found ament_cmake_ros: 0.12.0 (/opt/ros/jazzy/share/ament_cmake_ros/cmake)\n'}
[3.903596] (mocap4r2_marker_viz_srvs) StdoutLine: {'line': b'-- Found ament_cmake_cppcheck: 0.17.2 (/opt/ros/jazzy/share/ament_cmake_cppcheck/cmake)\n'}
[3.908286] (mocap4r2_control_msgs) StdoutLine: {'line': b'-- Found ament_cmake_ros: 0.12.0 (/opt/ros/jazzy/share/ament_cmake_ros/cmake)\n'}
[3.908663] (mocap4r2_marker_viz_srvs) StdoutLine: {'line': b'-- Found ament_cmake_cpplint: 0.17.2 (/opt/ros/jazzy/share/ament_cmake_cpplint/cmake)\n'}
[3.913901] (mocap4r2_marker_viz_srvs) StdoutLine: {'line': b'-- Found ament_cmake_uncrustify: 0.17.2 (/opt/ros/jazzy/share/ament_cmake_uncrustify/cmake)\n'}
[3.919492] (mocap4r2_marker_viz_srvs) StdoutLine: {'line': b'-- Found ament_cmake_ros: 0.12.0 (/opt/ros/jazzy/share/ament_cmake_ros/cmake)\n'}
[3.968545] (-) TimerEvent: {}
[4.002471] (mocap4r2_robot_gt_msgs) StdoutLine: {'line': b'-- Found ament_cmake_ros: 0.12.0 (/opt/ros/jazzy/share/ament_cmake_ros/cmake)\n'}
[4.068778] (-) TimerEvent: {}
[4.169443] (-) TimerEvent: {}
[4.271373] (-) TimerEvent: {}
[4.374695] (-) TimerEvent: {}
[4.475292] (-) TimerEvent: {}
[4.579582] (-) TimerEvent: {}
[4.680143] (-) TimerEvent: {}
[4.780609] (-) TimerEvent: {}
[4.881110] (-) TimerEvent: {}
[4.982577] (-) TimerEvent: {}
[5.085689] (-) TimerEvent: {}
[5.167912] (mocap4r2_marker_viz_srvs) StdoutLine: {'line': b'-- Using all available rosidl_typesupport_c: rosidl_typesupport_fastrtps_c;rosidl_typesupport_introspection_c\n'}
[5.185798] (-) TimerEvent: {}
[5.241901] (mocap4r2_msgs) StdoutLine: {'line': b'-- Using all available rosidl_typesupport_c: rosidl_typesupport_fastrtps_c;rosidl_typesupport_introspection_c\n'}
[5.285975] (-) TimerEvent: {}
[5.340143] (mocap4r2_control_msgs) StdoutLine: {'line': b'-- Using all available rosidl_typesupport_c: rosidl_typesupport_fastrtps_c;rosidl_typesupport_introspection_c\n'}
[5.386180] (-) TimerEvent: {}
[5.488986] (-) TimerEvent: {}
[5.547542] (mocap4r2_robot_gt_msgs) StdoutLine: {'line': b'-- Using all available rosidl_typesupport_c: rosidl_typesupport_fastrtps_c;rosidl_typesupport_introspection_c\n'}
[5.589106] (-) TimerEvent: {}
[5.689916] (-) TimerEvent: {}
[5.791855] (-) TimerEvent: {}
[5.894464] (-) TimerEvent: {}
[5.995634] (-) TimerEvent: {}
[6.098877] (-) TimerEvent: {}
[6.199620] (-) TimerEvent: {}
[6.300119] (-) TimerEvent: {}
[6.401645] (-) TimerEvent: {}
[6.502202] (-) TimerEvent: {}
[6.604062] (-) TimerEvent: {}
[6.707059] (-) TimerEvent: {}
[6.807549] (-) TimerEvent: {}
[6.909571] (-) TimerEvent: {}
[6.935087] (mocap4r2_marker_viz_srvs) StdoutLine: {'line': b'-- Using all available rosidl_typesupport_cpp: rosidl_typesupport_fastrtps_cpp;rosidl_typesupport_introspection_cpp\n'}
[6.944808] (mocap4r2_marker_viz_srvs) StdoutLine: {'line': b'-- Found python_cmake_module: 0.11.1 (/opt/ros/jazzy/share/python_cmake_module/cmake)\n'}
[7.009690] (-) TimerEvent: {}
[7.111653] (-) TimerEvent: {}
[7.114462] (mocap4r2_msgs) StdoutLine: {'line': b'-- Using all available rosidl_typesupport_cpp: rosidl_typesupport_fastrtps_cpp;rosidl_typesupport_introspection_cpp\n'}
[7.120305] (mocap4r2_msgs) StdoutLine: {'line': b'-- Found python_cmake_module: 0.11.1 (/opt/ros/jazzy/share/python_cmake_module/cmake)\n'}
[7.212261] (-) TimerEvent: {}
[7.244530] (mocap4r2_control_msgs) StdoutLine: {'line': b'-- Using all available rosidl_typesupport_cpp: rosidl_typesupport_fastrtps_cpp;rosidl_typesupport_introspection_cpp\n'}
[7.248487] (mocap4r2_control_msgs) StdoutLine: {'line': b'-- Found python_cmake_module: 0.11.1 (/opt/ros/jazzy/share/python_cmake_module/cmake)\n'}
[7.312689] (-) TimerEvent: {}
[7.365864] (mocap4r2_marker_viz_srvs) StdoutLine: {'line': b'-- Found PythonExtra: /home/strain-drone/venv-ardupilot/bin/python3  \n'}
[7.412878] (-) TimerEvent: {}
[7.467253] (mocap4r2_robot_gt_msgs) StdoutLine: {'line': b'-- Using all available rosidl_typesupport_cpp: rosidl_typesupport_fastrtps_cpp;rosidl_typesupport_introspection_cpp\n'}
[7.473634] (mocap4r2_robot_gt_msgs) StdoutLine: {'line': b'-- Found python_cmake_module: 0.11.1 (/opt/ros/jazzy/share/python_cmake_module/cmake)\n'}
[7.515430] (-) TimerEvent: {}
[7.571030] (mocap4r2_msgs) StdoutLine: {'line': b'-- Found PythonExtra: /home/strain-drone/venv-ardupilot/bin/python3  \n'}
[7.615573] (-) TimerEvent: {}
[7.673765] (mocap4r2_control_msgs) StdoutLine: {'line': b'-- Found PythonExtra: /home/strain-drone/venv-ardupilot/bin/python3  \n'}
[7.715698] (-) TimerEvent: {}
[7.816165] (-) TimerEvent: {}
[7.881903] (mocap4r2_robot_gt_msgs) StdoutLine: {'line': b'-- Found PythonExtra: /home/strain-drone/venv-ardupilot/bin/python3  \n'}
[7.917426] (-) TimerEvent: {}
[8.019417] (-) TimerEvent: {}
[8.120563] (-) TimerEvent: {}
[8.222240] (-) TimerEvent: {}
[8.323214] (-) TimerEvent: {}
[8.428647] (-) TimerEvent: {}
[8.529209] (-) TimerEvent: {}
[8.574272] (mocap4r2_marker_viz_srvs) StdoutLine: {'line': b'-- Found Python3: /home/strain-drone/venv-ardupilot/bin/python3 (found version "3.12.3") found components: Interpreter Development NumPy Development.Module Development.Embed \n'}
[8.645781] (-) TimerEvent: {}
[8.762412] (-) TimerEvent: {}
[8.846967] (mocap4r2_marker_viz_srvs) StdoutLine: {'line': b'-- Found ament_cmake_flake8: 0.17.2 (/opt/ros/jazzy/share/ament_cmake_flake8/cmake)\n'}
[8.851777] (mocap4r2_marker_viz_srvs) StdoutLine: {'line': b'-- Found ament_cmake_pep257: 0.17.2 (/opt/ros/jazzy/share/ament_cmake_pep257/cmake)\n'}
[8.864427] (-) TimerEvent: {}
[8.903400] (mocap4r2_marker_viz_srvs) StdoutLine: {'line': b'-- Configuring done (8.8s)\n'}
[8.969422] (-) TimerEvent: {}
[9.070371] (-) TimerEvent: {}
[9.072272] (mocap4r2_msgs) StdoutLine: {'line': b'-- Found Python3: /home/strain-drone/venv-ardupilot/bin/python3 (found version "3.12.3") found components: Interpreter Development NumPy Development.Module Development.Embed \n'}
[9.083744] (mocap4r2_marker_viz_srvs) StdoutLine: {'line': b'-- Generating done (0.1s)\n'}
[9.125512] (mocap4r2_control_msgs) StdoutLine: {'line': b'-- Found Python3: /home/strain-drone/venv-ardupilot/bin/python3 (found version "3.12.3") found components: Interpreter Development NumPy Development.Module Development.Embed \n'}
[9.139489] (mocap4r2_marker_viz_srvs) StdoutLine: {'line': b'-- Build files have been written to: /home/strain-drone/Documents/drone_position_hold/ros2_ws/src/build/mocap4r2_marker_viz_srvs\n'}
[9.170552] (-) TimerEvent: {}
[9.187938] (mocap4r2_marker_viz_srvs) CommandEnded: {'returncode': 0}
[9.188612] (mocap4r2_marker_viz_srvs) JobProgress: {'identifier': 'mocap4r2_marker_viz_srvs', 'progress': 'build'}
[9.188677] (mocap4r2_marker_viz_srvs) Command: {'cmd': ['/usr/bin/cmake', '--build', '/home/strain-drone/Documents/drone_position_hold/ros2_ws/src/build/mocap4r2_marker_viz_srvs', '--', '-j4', '-l4'], 'cwd': '/home/strain-drone/Documents/drone_position_hold/ros2_ws/src/build/mocap4r2_marker_viz_srvs', 'env': OrderedDict({'LESSOPEN': '| /usr/bin/lesspipe %s', 'USER': 'strain-drone', 'SSH_CLIENT': '100.125.10.128 53782 22', 'XDG_SESSION_TYPE': 'tty', 'GIT_ASKPASS': '/home/strain-drone/.vscode-server/cli/servers/Stable-b6a47e94e326b5c209d118cf0f994d6065585705/server/extensions/git/dist/askpass.sh', 'SHLVL': '2', 'LD_LIBRARY_PATH': '/opt/ros/jazzy/opt/rviz_ogre_vendor/lib:/opt/ros/jazzy/lib/aarch64-linux-gnu:/opt/ros/jazzy/opt/gz_math_vendor/lib:/opt/ros/jazzy/opt/gz_utils_vendor/lib:/opt/ros/jazzy/opt/gz_cmake_vendor/lib:/opt/ros/jazzy/lib:/home/strain-drone/Documents/drone_position_hold/ros2_ws/src/natnet_ros2/deps/NatNetSDK/lib:/home/strain-drone/Documents/drone_position_hold/ros2_ws/src/natnet_ros2/deps/NatNetSDK/lib', 'BROWSER': '/home/strain-drone/.vscode-server/cli/servers/Stable-b6a47e94e326b5c209d118cf0f994d6065585705/server/bin/helpers/browser.sh', 'HOME': '/home/strain-drone', 'TERM_PROGRAM_VERSION': '1.109.3', 'VSCODE_IPC_HOOK_CLI': '/run/user/1002/vscode-ipc-7f844f56-ced9-4e8e-9017-09603271f316.sock', 'ROS_PYTHON_VERSION': '3', 'VSCODE_GIT_ASKPASS_MAIN': '/home/strain-drone/.vscode-server/cli/servers/Stable-b6a47e94e326b5c209d118cf0f994d6065585705/server/extensions/git/dist/askpass-main.js', 'PS1': '\\[\x1b]633;A\x07\\]\\[\\e]0;\\u@\\h: \\w\\a\\]${debian_chroot:+($debian_chroot)}\\[\\033[01;32m\\]\\u@\\h\\[\\033[00m\\]:\\[\\033[01;34m\\]\\w\\[\\033[00m\\]\\$ \\[\x1b]633;B\x07\\]', 'VSCODE_GIT_ASKPASS_NODE': '/home/strain-drone/.vscode-server/cli/servers/Stable-b6a47e94e326b5c209d118cf0f994d6065585705/server/node', 'SSL_CERT_FILE': '/usr/lib/ssl/cert.pem', 'VSCODE_PYTHON_AUTOACTIVATE_GUARD': '1', 'DBUS_SESSION_BUS_ADDRESS': 'unix:path=/run/user/1002/bus', 'COLORTERM': 'truecolor', 'DEBUGINFOD_URLS': 'https://debuginfod.ubuntu.com', 'ROS_DISTRO': 'jazzy', 'LOGNAME': 'strain-drone', '_': '/usr/bin/colcon', 'ROS_VERSION': '2', 'XDG_SESSION_CLASS': 'user', 'TERM': 'xterm-256color', 'XDG_SESSION_ID': '12', 'PATH': '/home/strain-drone/.vscode-server/data/User/globalStorage/github.copilot-chat/debugCommand:/home/strain-drone/.vscode-server/data/User/globalStorage/github.copilot-chat/copilotCli:/home/strain-drone/.vscode-server/cli/servers/Stable-b6a47e94e326b5c209d118cf0f994d6065585705/server/bin/remote-cli:/usr/lib/ccache:/home/strain-drone/Documents/ardupilot/Tools/autotest:/opt/gcc-arm-none-eabi-10-2020-q4-major/bin:/home/strain-drone/venv-ardupilot/bin:/home/strain-drone/.local/bin:/opt/ros/jazzy/bin:/usr/lib/ccache:/home/strain-drone/Documents/ardupilot/Tools/autotest:/opt/gcc-arm-none-eabi-10-2020-q4-major/bin:/home/strain-drone/venv-ardupilot/bin:/home/strain-drone/.local/bin:/usr/local/sbin:/usr/local/bin:/usr/sbin:/usr/bin:/sbin:/bin:/usr/games:/usr/local/games:/snap/bin:/home/strain-drone/.local/bin:/home/strain-drone/.local/bin:/home/strain-drone/.local/bin:/home/strain-drone/.local/bin', 'XDG_RUNTIME_DIR': '/run/user/1002', 'SSL_CERT_DIR': '/usr/lib/ssl/certs', 'LANG': 'en_US.UTF-8', 'VIRTUAL_ENV_PROMPT': '(venv-ardupilot)', 'LS_COLORS': 'rs=0:di=01;34:ln=01;36:mh=00:pi=40;33:so=01;35:do=01;35:bd=40;33;01:cd=40;33;01:or=40;31;01:mi=00:su=37;41:sg=30;43:ca=00:tw=30;42:ow=34;42:st=37;44:ex=01;32:*.tar=01;31:*.tgz=01;31:*.arc=01;31:*.arj=01;31:*.taz=01;31:*.lha=01;31:*.lz4=01;31:*.lzh=01;31:*.lzma=01;31:*.tlz=01;31:*.txz=01;31:*.tzo=01;31:*.t7z=01;31:*.zip=01;31:*.z=01;31:*.dz=01;31:*.gz=01;31:*.lrz=01;31:*.lz=01;31:*.lzo=01;31:*.xz=01;31:*.zst=01;31:*.tzst=01;31:*.bz2=01;31:*.bz=01;31:*.tbz=01;31:*.tbz2=01;31:*.tz=01;31:*.deb=01;31:*.rpm=01;31:*.jar=01;31:*.war=01;31:*.ear=01;31:*.sar=01;31:*.rar=01;31:*.alz=01;31:*.ace=01;31:*.zoo=01;31:*.cpio=01;31:*.7z=01;31:*.rz=01;31:*.cab=01;31:*.wim=01;31:*.swm=01;31:*.dwm=01;31:*.esd=01;31:*.avif=01;35:*.jpg=01;35:*.jpeg=01;35:*.mjpg=01;35:*.mjpeg=01;35:*.gif=01;35:*.bmp=01;35:*.pbm=01;35:*.pgm=01;35:*.ppm=01;35:*.tga=01;35:*.xbm=01;35:*.xpm=01;35:*.tif=01;35:*.tiff=01;35:*.png=01;35:*.svg=01;35:*.svgz=01;35:*.mng=01;35:*.pcx=01;35:*.mov=01;35:*.mpg=01;35:*.mpeg=01;35:*.m2v=01;35:*.mkv=01;35:*.webm=01;35:*.webp=01;35:*.ogm=01;35:*.mp4=01;35:*.m4v=01;35:*.mp4v=01;35:*.vob=01;35:*.qt=01;35:*.nuv=01;35:*.wmv=01;35:*.asf=01;35:*.rm=01;35:*.rmvb=01;35:*.flc=01;35:*.avi=01;35:*.fli=01;35:*.flv=01;35:*.gl=01;35:*.dl=01;35:*.xcf=01;35:*.xwd=01;35:*.yuv=01;35:*.cgm=01;35:*.emf=01;35:*.ogv=01;35:*.ogx=01;35:*.aac=00;36:*.au=00;36:*.flac=00;36:*.m4a=00;36:*.mid=00;36:*.midi=00;36:*.mka=00;36:*.mp3=00;36:*.mpc=00;36:*.ogg=00;36:*.ra=00;36:*.wav=00;36:*.oga=00;36:*.opus=00;36:*.spx=00;36:*.xspf=00;36:*~=00;90:*#=00;90:*.bak=00;90:*.crdownload=00;90:*.dpkg-dist=00;90:*.dpkg-new=00;90:*.dpkg-old=00;90:*.dpkg-tmp=00;90:*.old=00;90:*.orig=00;90:*.part=00;90:*.rej=00;90:*.rpmnew=00;90:*.rpmorig=00;90:*.rpmsave=00;90:*.swp=00;90:*.tmp=00;90:*.ucf-dist=00;90:*.ucf-new=00;90:*.ucf-old=00;90:', 'VSCODE_GIT_IPC_HANDLE': '/run/user/1002/vscode-git-227cc40744.sock', 'TERM_PROGRAM': 'vscode', 'ROS_DOMAIN_ID': '1', 'AMENT_PREFIX_PATH': '/opt/ros/jazzy', 'SHELL': '/bin/bash', 'LESSCLOSE': '/usr/bin/lesspipe %s %s', 'VIRTUAL_ENV': '/home/strain-drone/venv-ardupilot', 'ROS_AUTOMATIC_DISCOVERY_RANGE': 'SUBNET', 'VSCODE_GIT_ASKPASS_EXTRA_ARGS': '', 'PWD': '/home/strain-drone/Documents/drone_position_hold/ros2_ws/src/build/mocap4r2_marker_viz_srvs', 'LC_ALL': 'en_US.UTF-8', 'SSH_CONNECTION': '100.125.10.128 53782 100.96.124.69 22', 'XDG_DATA_DIRS': '/usr/share/gnome:/usr/local/share:/usr/share:/var/lib/snapd/desktop', 'PYTHONPATH': '/opt/ros/jazzy/lib/python3.12/site-packages', 'COLCON': '1', 'CMAKE_PREFIX_PATH': '/opt/ros/jazzy/opt/gz_math_vendor:/opt/ros/jazzy/opt/gz_utils_vendor:/opt/ros/jazzy/opt/gz_cmake_vendor:/opt/ros/jazzy'}), 'shell': False}
[9.270706] (-) TimerEvent: {}
[9.322346] (mocap4r2_control_msgs) StdoutLine: {'line': b'-- Configuring done (9.3s)\n'}
[9.342480] (mocap4r2_marker_viz_srvs) StdoutLine: {'line': b'[  2%] \x1b[34m\x1b[1mGenerating type hashes for ROS interfaces\x1b[0m\n'}
[9.371054] (-) TimerEvent: {}
[9.394010] (mocap4r2_marker_viz_srvs) StdoutLine: {'line': b'[  2%] Built target ament_cmake_python_copy_mocap4r2_marker_viz_srvs\n'}
[9.446265] (mocap4r2_control_msgs) StdoutLine: {'line': b'-- Generating done (0.1s)\n'}
[9.471490] (mocap4r2_msgs) StdoutLine: {'line': b'-- Configuring done (9.4s)\n'}
[9.471839] (-) TimerEvent: {}
[9.477168] (mocap4r2_control_msgs) StdoutLine: {'line': b'-- Build files have been written to: /home/strain-drone/Documents/drone_position_hold/ros2_ws/src/build/mocap4r2_control_msgs\n'}
[9.507208] (mocap4r2_control_msgs) CommandEnded: {'returncode': 0}
[9.508190] (mocap4r2_control_msgs) JobProgress: {'identifier': 'mocap4r2_control_msgs', 'progress': 'build'}
[9.508267] (mocap4r2_control_msgs) Command: {'cmd': ['/usr/bin/cmake', '--build', '/home/strain-drone/Documents/drone_position_hold/ros2_ws/src/build/mocap4r2_control_msgs', '--', '-j4', '-l4'], 'cwd': '/home/strain-drone/Documents/drone_position_hold/ros2_ws/src/build/mocap4r2_control_msgs', 'env': OrderedDict({'LESSOPEN': '| /usr/bin/lesspipe %s', 'USER': 'strain-drone', 'SSH_CLIENT': '100.125.10.128 53782 22', 'XDG_SESSION_TYPE': 'tty', 'GIT_ASKPASS': '/home/strain-drone/.vscode-server/cli/servers/Stable-b6a47e94e326b5c209d118cf0f994d6065585705/server/extensions/git/dist/askpass.sh', 'SHLVL': '2', 'LD_LIBRARY_PATH': '/opt/ros/jazzy/opt/rviz_ogre_vendor/lib:/opt/ros/jazzy/lib/aarch64-linux-gnu:/opt/ros/jazzy/opt/gz_math_vendor/lib:/opt/ros/jazzy/opt/gz_utils_vendor/lib:/opt/ros/jazzy/opt/gz_cmake_vendor/lib:/opt/ros/jazzy/lib:/home/strain-drone/Documents/drone_position_hold/ros2_ws/src/natnet_ros2/deps/NatNetSDK/lib:/home/strain-drone/Documents/drone_position_hold/ros2_ws/src/natnet_ros2/deps/NatNetSDK/lib', 'BROWSER': '/home/strain-drone/.vscode-server/cli/servers/Stable-b6a47e94e326b5c209d118cf0f994d6065585705/server/bin/helpers/browser.sh', 'HOME': '/home/strain-drone', 'TERM_PROGRAM_VERSION': '1.109.3', 'VSCODE_IPC_HOOK_CLI': '/run/user/1002/vscode-ipc-7f844f56-ced9-4e8e-9017-09603271f316.sock', 'ROS_PYTHON_VERSION': '3', 'VSCODE_GIT_ASKPASS_MAIN': '/home/strain-drone/.vscode-server/cli/servers/Stable-b6a47e94e326b5c209d118cf0f994d6065585705/server/extensions/git/dist/askpass-main.js', 'PS1': '\\[\x1b]633;A\x07\\]\\[\\e]0;\\u@\\h: \\w\\a\\]${debian_chroot:+($debian_chroot)}\\[\\033[01;32m\\]\\u@\\h\\[\\033[00m\\]:\\[\\033[01;34m\\]\\w\\[\\033[00m\\]\\$ \\[\x1b]633;B\x07\\]', 'VSCODE_GIT_ASKPASS_NODE': '/home/strain-drone/.vscode-server/cli/servers/Stable-b6a47e94e326b5c209d118cf0f994d6065585705/server/node', 'SSL_CERT_FILE': '/usr/lib/ssl/cert.pem', 'VSCODE_PYTHON_AUTOACTIVATE_GUARD': '1', 'DBUS_SESSION_BUS_ADDRESS': 'unix:path=/run/user/1002/bus', 'COLORTERM': 'truecolor', 'DEBUGINFOD_URLS': 'https://debuginfod.ubuntu.com', 'ROS_DISTRO': 'jazzy', 'LOGNAME': 'strain-drone', '_': '/usr/bin/colcon', 'ROS_VERSION': '2', 'XDG_SESSION_CLASS': 'user', 'TERM': 'xterm-256color', 'XDG_SESSION_ID': '12', 'PATH': '/home/strain-drone/.vscode-server/data/User/globalStorage/github.copilot-chat/debugCommand:/home/strain-drone/.vscode-server/data/User/globalStorage/github.copilot-chat/copilotCli:/home/strain-drone/.vscode-server/cli/servers/Stable-b6a47e94e326b5c209d118cf0f994d6065585705/server/bin/remote-cli:/usr/lib/ccache:/home/strain-drone/Documents/ardupilot/Tools/autotest:/opt/gcc-arm-none-eabi-10-2020-q4-major/bin:/home/strain-drone/venv-ardupilot/bin:/home/strain-drone/.local/bin:/opt/ros/jazzy/bin:/usr/lib/ccache:/home/strain-drone/Documents/ardupilot/Tools/autotest:/opt/gcc-arm-none-eabi-10-2020-q4-major/bin:/home/strain-drone/venv-ardupilot/bin:/home/strain-drone/.local/bin:/usr/local/sbin:/usr/local/bin:/usr/sbin:/usr/bin:/sbin:/bin:/usr/games:/usr/local/games:/snap/bin:/home/strain-drone/.local/bin:/home/strain-drone/.local/bin:/home/strain-drone/.local/bin:/home/strain-drone/.local/bin', 'XDG_RUNTIME_DIR': '/run/user/1002', 'SSL_CERT_DIR': '/usr/lib/ssl/certs', 'LANG': 'en_US.UTF-8', 'VIRTUAL_ENV_PROMPT': '(venv-ardupilot)', 'LS_COLORS': 'rs=0:di=01;34:ln=01;36:mh=00:pi=40;33:so=01;35:do=01;35:bd=40;33;01:cd=40;33;01:or=40;31;01:mi=00:su=37;41:sg=30;43:ca=00:tw=30;42:ow=34;42:st=37;44:ex=01;32:*.tar=01;31:*.tgz=01;31:*.arc=01;31:*.arj=01;31:*.taz=01;31:*.lha=01;31:*.lz4=01;31:*.lzh=01;31:*.lzma=01;31:*.tlz=01;31:*.txz=01;31:*.tzo=01;31:*.t7z=01;31:*.zip=01;31:*.z=01;31:*.dz=01;31:*.gz=01;31:*.lrz=01;31:*.lz=01;31:*.lzo=01;31:*.xz=01;31:*.zst=01;31:*.tzst=01;31:*.bz2=01;31:*.bz=01;31:*.tbz=01;31:*.tbz2=01;31:*.tz=01;31:*.deb=01;31:*.rpm=01;31:*.jar=01;31:*.war=01;31:*.ear=01;31:*.sar=01;31:*.rar=01;31:*.alz=01;31:*.ace=01;31:*.zoo=01;31:*.cpio=01;31:*.7z=01;31:*.rz=01;31:*.cab=01;31:*.wim=01;31:*.swm=01;31:*.dwm=01;31:*.esd=01;31:*.avif=01;35:*.jpg=01;35:*.jpeg=01;35:*.mjpg=01;35:*.mjpeg=01;35:*.gif=01;35:*.bmp=01;35:*.pbm=01;35:*.pgm=01;35:*.ppm=01;35:*.tga=01;35:*.xbm=01;35:*.xpm=01;35:*.tif=01;35:*.tiff=01;35:*.png=01;35:*.svg=01;35:*.svgz=01;35:*.mng=01;35:*.pcx=01;35:*.mov=01;35:*.mpg=01;35:*.mpeg=01;35:*.m2v=01;35:*.mkv=01;35:*.webm=01;35:*.webp=01;35:*.ogm=01;35:*.mp4=01;35:*.m4v=01;35:*.mp4v=01;35:*.vob=01;35:*.qt=01;35:*.nuv=01;35:*.wmv=01;35:*.asf=01;35:*.rm=01;35:*.rmvb=01;35:*.flc=01;35:*.avi=01;35:*.fli=01;35:*.flv=01;35:*.gl=01;35:*.dl=01;35:*.xcf=01;35:*.xwd=01;35:*.yuv=01;35:*.cgm=01;35:*.emf=01;35:*.ogv=01;35:*.ogx=01;35:*.aac=00;36:*.au=00;36:*.flac=00;36:*.m4a=00;36:*.mid=00;36:*.midi=00;36:*.mka=00;36:*.mp3=00;36:*.mpc=00;36:*.ogg=00;36:*.ra=00;36:*.wav=00;36:*.oga=00;36:*.opus=00;36:*.spx=00;36:*.xspf=00;36:*~=00;90:*#=00;90:*.bak=00;90:*.crdownload=00;90:*.dpkg-dist=00;90:*.dpkg-new=00;90:*.dpkg-old=00;90:*.dpkg-tmp=00;90:*.old=00;90:*.orig=00;90:*.part=00;90:*.rej=00;90:*.rpmnew=00;90:*.rpmorig=00;90:*.rpmsave=00;90:*.swp=00;90:*.tmp=00;90:*.ucf-dist=00;90:*.ucf-new=00;90:*.ucf-old=00;90:', 'VSCODE_GIT_IPC_HANDLE': '/run/user/1002/vscode-git-227cc40744.sock', 'TERM_PROGRAM': 'vscode', 'ROS_DOMAIN_ID': '1', 'AMENT_PREFIX_PATH': '/opt/ros/jazzy', 'SHELL': '/bin/bash', 'LESSCLOSE': '/usr/bin/lesspipe %s %s', 'VIRTUAL_ENV': '/home/strain-drone/venv-ardupilot', 'ROS_AUTOMATIC_DISCOVERY_RANGE': 'SUBNET', 'VSCODE_GIT_ASKPASS_EXTRA_ARGS': '', 'PWD': '/home/strain-drone/Documents/drone_position_hold/ros2_ws/src/build/mocap4r2_control_msgs', 'LC_ALL': 'en_US.UTF-8', 'SSH_CONNECTION': '100.125.10.128 53782 100.96.124.69 22', 'XDG_DATA_DIRS': '/usr/share/gnome:/usr/local/share:/usr/share:/var/lib/snapd/desktop', 'PYTHONPATH': '/opt/ros/jazzy/lib/python3.12/site-packages', 'COLCON': '1', 'CMAKE_PREFIX_PATH': '/opt/ros/jazzy/opt/gz_math_vendor:/opt/ros/jazzy/opt/gz_utils_vendor:/opt/ros/jazzy/opt/gz_cmake_vendor:/opt/ros/jazzy'}), 'shell': False}
[9.560416] (mocap4r2_robot_gt_msgs) StdoutLine: {'line': b'-- Found Python3: /home/strain-drone/venv-ardupilot/bin/python3 (found version "3.12.3") found components: Interpreter Development NumPy Development.Module Development.Embed \n'}
[9.571975] (-) TimerEvent: {}
[9.622419] (mocap4r2_msgs) StdoutLine: {'line': b'-- Generating done (0.1s)\n'}
[9.672149] (-) TimerEvent: {}
[9.701119] (mocap4r2_msgs) StdoutLine: {'line': b'-- Build files have been written to: /home/strain-drone/Documents/drone_position_hold/ros2_ws/src/build/mocap4r2_msgs\n'}
[9.743109] (mocap4r2_control_msgs) StdoutLine: {'line': b'[  2%] \x1b[34m\x1b[1mGenerating type hashes for ROS interfaces\x1b[0m\n'}
[9.757157] (mocap4r2_msgs) CommandEnded: {'returncode': 0}
[9.757807] (mocap4r2_msgs) JobProgress: {'identifier': 'mocap4r2_msgs', 'progress': 'build'}
[9.757848] (mocap4r2_msgs) Command: {'cmd': ['/usr/bin/cmake', '--build', '/home/strain-drone/Documents/drone_position_hold/ros2_ws/src/build/mocap4r2_msgs', '--', '-j4', '-l4'], 'cwd': '/home/strain-drone/Documents/drone_position_hold/ros2_ws/src/build/mocap4r2_msgs', 'env': OrderedDict({'LESSOPEN': '| /usr/bin/lesspipe %s', 'USER': 'strain-drone', 'SSH_CLIENT': '100.125.10.128 53782 22', 'XDG_SESSION_TYPE': 'tty', 'GIT_ASKPASS': '/home/strain-drone/.vscode-server/cli/servers/Stable-b6a47e94e326b5c209d118cf0f994d6065585705/server/extensions/git/dist/askpass.sh', 'SHLVL': '2', 'LD_LIBRARY_PATH': '/opt/ros/jazzy/opt/rviz_ogre_vendor/lib:/opt/ros/jazzy/lib/aarch64-linux-gnu:/opt/ros/jazzy/opt/gz_math_vendor/lib:/opt/ros/jazzy/opt/gz_utils_vendor/lib:/opt/ros/jazzy/opt/gz_cmake_vendor/lib:/opt/ros/jazzy/lib:/home/strain-drone/Documents/drone_position_hold/ros2_ws/src/natnet_ros2/deps/NatNetSDK/lib:/home/strain-drone/Documents/drone_position_hold/ros2_ws/src/natnet_ros2/deps/NatNetSDK/lib', 'BROWSER': '/home/strain-drone/.vscode-server/cli/servers/Stable-b6a47e94e326b5c209d118cf0f994d6065585705/server/bin/helpers/browser.sh', 'HOME': '/home/strain-drone', 'TERM_PROGRAM_VERSION': '1.109.3', 'VSCODE_IPC_HOOK_CLI': '/run/user/1002/vscode-ipc-7f844f56-ced9-4e8e-9017-09603271f316.sock', 'ROS_PYTHON_VERSION': '3', 'VSCODE_GIT_ASKPASS_MAIN': '/home/strain-drone/.vscode-server/cli/servers/Stable-b6a47e94e326b5c209d118cf0f994d6065585705/server/extensions/git/dist/askpass-main.js', 'PS1': '\\[\x1b]633;A\x07\\]\\[\\e]0;\\u@\\h: \\w\\a\\]${debian_chroot:+($debian_chroot)}\\[\\033[01;32m\\]\\u@\\h\\[\\033[00m\\]:\\[\\033[01;34m\\]\\w\\[\\033[00m\\]\\$ \\[\x1b]633;B\x07\\]', 'VSCODE_GIT_ASKPASS_NODE': '/home/strain-drone/.vscode-server/cli/servers/Stable-b6a47e94e326b5c209d118cf0f994d6065585705/server/node', 'SSL_CERT_FILE': '/usr/lib/ssl/cert.pem', 'VSCODE_PYTHON_AUTOACTIVATE_GUARD': '1', 'DBUS_SESSION_BUS_ADDRESS': 'unix:path=/run/user/1002/bus', 'COLORTERM': 'truecolor', 'DEBUGINFOD_URLS': 'https://debuginfod.ubuntu.com', 'ROS_DISTRO': 'jazzy', 'LOGNAME': 'strain-drone', '_': '/usr/bin/colcon', 'ROS_VERSION': '2', 'XDG_SESSION_CLASS': 'user', 'TERM': 'xterm-256color', 'XDG_SESSION_ID': '12', 'PATH': '/home/strain-drone/.vscode-server/data/User/globalStorage/github.copilot-chat/debugCommand:/home/strain-drone/.vscode-server/data/User/globalStorage/github.copilot-chat/copilotCli:/home/strain-drone/.vscode-server/cli/servers/Stable-b6a47e94e326b5c209d118cf0f994d6065585705/server/bin/remote-cli:/usr/lib/ccache:/home/strain-drone/Documents/ardupilot/Tools/autotest:/opt/gcc-arm-none-eabi-10-2020-q4-major/bin:/home/strain-drone/venv-ardupilot/bin:/home/strain-drone/.local/bin:/opt/ros/jazzy/bin:/usr/lib/ccache:/home/strain-drone/Documents/ardupilot/Tools/autotest:/opt/gcc-arm-none-eabi-10-2020-q4-major/bin:/home/strain-drone/venv-ardupilot/bin:/home/strain-drone/.local/bin:/usr/local/sbin:/usr/local/bin:/usr/sbin:/usr/bin:/sbin:/bin:/usr/games:/usr/local/games:/snap/bin:/home/strain-drone/.local/bin:/home/strain-drone/.local/bin:/home/strain-drone/.local/bin:/home/strain-drone/.local/bin', 'XDG_RUNTIME_DIR': '/run/user/1002', 'SSL_CERT_DIR': '/usr/lib/ssl/certs', 'LANG': 'en_US.UTF-8', 'VIRTUAL_ENV_PROMPT': '(venv-ardupilot)', 'LS_COLORS': 'rs=0:di=01;34:ln=01;36:mh=00:pi=40;33:so=01;35:do=01;35:bd=40;33;01:cd=40;33;01:or=40;31;01:mi=00:su=37;41:sg=30;43:ca=00:tw=30;42:ow=34;42:st=37;44:ex=01;32:*.tar=01;31:*.tgz=01;31:*.arc=01;31:*.arj=01;31:*.taz=01;31:*.lha=01;31:*.lz4=01;31:*.lzh=01;31:*.lzma=01;31:*.tlz=01;31:*.txz=01;31:*.tzo=01;31:*.t7z=01;31:*.zip=01;31:*.z=01;31:*.dz=01;31:*.gz=01;31:*.lrz=01;31:*.lz=01;31:*.lzo=01;31:*.xz=01;31:*.zst=01;31:*.tzst=01;31:*.bz2=01;31:*.bz=01;31:*.tbz=01;31:*.tbz2=01;31:*.tz=01;31:*.deb=01;31:*.rpm=01;31:*.jar=01;31:*.war=01;31:*.ear=01;31:*.sar=01;31:*.rar=01;31:*.alz=01;31:*.ace=01;31:*.zoo=01;31:*.cpio=01;31:*.7z=01;31:*.rz=01;31:*.cab=01;31:*.wim=01;31:*.swm=01;31:*.dwm=01;31:*.esd=01;31:*.avif=01;35:*.jpg=01;35:*.jpeg=01;35:*.mjpg=01;35:*.mjpeg=01;35:*.gif=01;35:*.bmp=01;35:*.pbm=01;35:*.pgm=01;35:*.ppm=01;35:*.tga=01;35:*.xbm=01;35:*.xpm=01;35:*.tif=01;35:*.tiff=01;35:*.png=01;35:*.svg=01;35:*.svgz=01;35:*.mng=01;35:*.pcx=01;35:*.mov=01;35:*.mpg=01;35:*.mpeg=01;35:*.m2v=01;35:*.mkv=01;35:*.webm=01;35:*.webp=01;35:*.ogm=01;35:*.mp4=01;35:*.m4v=01;35:*.mp4v=01;35:*.vob=01;35:*.qt=01;35:*.nuv=01;35:*.wmv=01;35:*.asf=01;35:*.rm=01;35:*.rmvb=01;35:*.flc=01;35:*.avi=01;35:*.fli=01;35:*.flv=01;35:*.gl=01;35:*.dl=01;35:*.xcf=01;35:*.xwd=01;35:*.yuv=01;35:*.cgm=01;35:*.emf=01;35:*.ogv=01;35:*.ogx=01;35:*.aac=00;36:*.au=00;36:*.flac=00;36:*.m4a=00;36:*.mid=00;36:*.midi=00;36:*.mka=00;36:*.mp3=00;36:*.mpc=00;36:*.ogg=00;36:*.ra=00;36:*.wav=00;36:*.oga=00;36:*.opus=00;36:*.spx=00;36:*.xspf=00;36:*~=00;90:*#=00;90:*.bak=00;90:*.crdownload=00;90:*.dpkg-dist=00;90:*.dpkg-new=00;90:*.dpkg-old=00;90:*.dpkg-tmp=00;90:*.old=00;90:*.orig=00;90:*.part=00;90:*.rej=00;90:*.rpmnew=00;90:*.rpmorig=00;90:*.rpmsave=00;90:*.swp=00;90:*.tmp=00;90:*.ucf-dist=00;90:*.ucf-new=00;90:*.ucf-old=00;90:', 'VSCODE_GIT_IPC_HANDLE': '/run/user/1002/vscode-git-227cc40744.sock', 'TERM_PROGRAM': 'vscode', 'ROS_DOMAIN_ID': '1', 'AMENT_PREFIX_PATH': '/opt/ros/jazzy', 'SHELL': '/bin/bash', 'LESSCLOSE': '/usr/bin/lesspipe %s %s', 'VIRTUAL_ENV': '/home/strain-drone/venv-ardupilot', 'ROS_AUTOMATIC_DISCOVERY_RANGE': 'SUBNET', 'VSCODE_GIT_ASKPASS_EXTRA_ARGS': '', 'PWD': '/home/strain-drone/Documents/drone_position_hold/ros2_ws/src/build/mocap4r2_msgs', 'LC_ALL': 'en_US.UTF-8', 'SSH_CONNECTION': '100.125.10.128 53782 100.96.124.69 22', 'XDG_DATA_DIRS': '/usr/share/gnome:/usr/local/share:/usr/share:/var/lib/snapd/desktop', 'PYTHONPATH': '/opt/ros/jazzy/lib/python3.12/site-packages', 'COLCON': '1', 'CMAKE_PREFIX_PATH': '/opt/ros/jazzy/opt/gz_math_vendor:/opt/ros/jazzy/opt/gz_utils_vendor:/opt/ros/jazzy/opt/gz_cmake_vendor:/opt/ros/jazzy'}), 'shell': False}
[9.772291] (-) TimerEvent: {}
[9.773469] (mocap4r2_robot_gt_msgs) StdoutLine: {'line': b'-- Configuring done (9.7s)\n'}
[9.803591] (mocap4r2_control_msgs) StdoutLine: {'line': b'[  2%] Built target ament_cmake_python_copy_mocap4r2_control_msgs\n'}
[9.874427] (-) TimerEvent: {}
[9.975247] (mocap4r2_robot_gt_msgs) StdoutLine: {'line': b'-- Generating done (0.2s)\n'}
[9.975766] (-) TimerEvent: {}
[10.019506] (mocap4r2_msgs) StdoutLine: {'line': b'[  1%] \x1b[34m\x1b[1mGenerating type hashes for ROS interfaces\x1b[0m\n'}
[10.036921] (mocap4r2_robot_gt_msgs) StdoutLine: {'line': b'-- Build files have been written to: /home/strain-drone/Documents/drone_position_hold/ros2_ws/src/build/mocap4r2_robot_gt_msgs\n'}
[10.042428] (mocap4r2_msgs) StdoutLine: {'line': b'[  1%] Built target ament_cmake_python_copy_mocap4r2_msgs\n'}
[10.075901] (-) TimerEvent: {}
[10.102706] (mocap4r2_robot_gt_msgs) CommandEnded: {'returncode': 0}
[10.103471] (mocap4r2_robot_gt_msgs) JobProgress: {'identifier': 'mocap4r2_robot_gt_msgs', 'progress': 'build'}
[10.103554] (mocap4r2_robot_gt_msgs) Command: {'cmd': ['/usr/bin/cmake', '--build', '/home/strain-drone/Documents/drone_position_hold/ros2_ws/src/build/mocap4r2_robot_gt_msgs', '--', '-j4', '-l4'], 'cwd': '/home/strain-drone/Documents/drone_position_hold/ros2_ws/src/build/mocap4r2_robot_gt_msgs', 'env': OrderedDict({'LESSOPEN': '| /usr/bin/lesspipe %s', 'USER': 'strain-drone', 'SSH_CLIENT': '100.125.10.128 53782 22', 'XDG_SESSION_TYPE': 'tty', 'GIT_ASKPASS': '/home/strain-drone/.vscode-server/cli/servers/Stable-b6a47e94e326b5c209d118cf0f994d6065585705/server/extensions/git/dist/askpass.sh', 'SHLVL': '2', 'LD_LIBRARY_PATH': '/opt/ros/jazzy/opt/rviz_ogre_vendor/lib:/opt/ros/jazzy/lib/aarch64-linux-gnu:/opt/ros/jazzy/opt/gz_math_vendor/lib:/opt/ros/jazzy/opt/gz_utils_vendor/lib:/opt/ros/jazzy/opt/gz_cmake_vendor/lib:/opt/ros/jazzy/lib:/home/strain-drone/Documents/drone_position_hold/ros2_ws/src/natnet_ros2/deps/NatNetSDK/lib:/home/strain-drone/Documents/drone_position_hold/ros2_ws/src/natnet_ros2/deps/NatNetSDK/lib', 'BROWSER': '/home/strain-drone/.vscode-server/cli/servers/Stable-b6a47e94e326b5c209d118cf0f994d6065585705/server/bin/helpers/browser.sh', 'HOME': '/home/strain-drone', 'TERM_PROGRAM_VERSION': '1.109.3', 'VSCODE_IPC_HOOK_CLI': '/run/user/1002/vscode-ipc-7f844f56-ced9-4e8e-9017-09603271f316.sock', 'ROS_PYTHON_VERSION': '3', 'VSCODE_GIT_ASKPASS_MAIN': '/home/strain-drone/.vscode-server/cli/servers/Stable-b6a47e94e326b5c209d118cf0f994d6065585705/server/extensions/git/dist/askpass-main.js', 'PS1': '\\[\x1b]633;A\x07\\]\\[\\e]0;\\u@\\h: \\w\\a\\]${debian_chroot:+($debian_chroot)}\\[\\033[01;32m\\]\\u@\\h\\[\\033[00m\\]:\\[\\033[01;34m\\]\\w\\[\\033[00m\\]\\$ \\[\x1b]633;B\x07\\]', 'VSCODE_GIT_ASKPASS_NODE': '/home/strain-drone/.vscode-server/cli/servers/Stable-b6a47e94e326b5c209d118cf0f994d6065585705/server/node', 'SSL_CERT_FILE': '/usr/lib/ssl/cert.pem', 'VSCODE_PYTHON_AUTOACTIVATE_GUARD': '1', 'DBUS_SESSION_BUS_ADDRESS': 'unix:path=/run/user/1002/bus', 'COLORTERM': 'truecolor', 'DEBUGINFOD_URLS': 'https://debuginfod.ubuntu.com', 'ROS_DISTRO': 'jazzy', 'LOGNAME': 'strain-drone', '_': '/usr/bin/colcon', 'ROS_VERSION': '2', 'XDG_SESSION_CLASS': 'user', 'TERM': 'xterm-256color', 'XDG_SESSION_ID': '12', 'PATH': '/home/strain-drone/.vscode-server/data/User/globalStorage/github.copilot-chat/debugCommand:/home/strain-drone/.vscode-server/data/User/globalStorage/github.copilot-chat/copilotCli:/home/strain-drone/.vscode-server/cli/servers/Stable-b6a47e94e326b5c209d118cf0f994d6065585705/server/bin/remote-cli:/usr/lib/ccache:/home/strain-drone/Documents/ardupilot/Tools/autotest:/opt/gcc-arm-none-eabi-10-2020-q4-major/bin:/home/strain-drone/venv-ardupilot/bin:/home/strain-drone/.local/bin:/opt/ros/jazzy/bin:/usr/lib/ccache:/home/strain-drone/Documents/ardupilot/Tools/autotest:/opt/gcc-arm-none-eabi-10-2020-q4-major/bin:/home/strain-drone/venv-ardupilot/bin:/home/strain-drone/.local/bin:/usr/local/sbin:/usr/local/bin:/usr/sbin:/usr/bin:/sbin:/bin:/usr/games:/usr/local/games:/snap/bin:/home/strain-drone/.local/bin:/home/strain-drone/.local/bin:/home/strain-drone/.local/bin:/home/strain-drone/.local/bin', 'XDG_RUNTIME_DIR': '/run/user/1002', 'SSL_CERT_DIR': '/usr/lib/ssl/certs', 'LANG': 'en_US.UTF-8', 'VIRTUAL_ENV_PROMPT': '(venv-ardupilot)', 'LS_COLORS': 'rs=0:di=01;34:ln=01;36:mh=00:pi=40;33:so=01;35:do=01;35:bd=40;33;01:cd=40;33;01:or=40;31;01:mi=00:su=37;41:sg=30;43:ca=00:tw=30;42:ow=34;42:st=37;44:ex=01;32:*.tar=01;31:*.tgz=01;31:*.arc=01;31:*.arj=01;31:*.taz=01;31:*.lha=01;31:*.lz4=01;31:*.lzh=01;31:*.lzma=01;31:*.tlz=01;31:*.txz=01;31:*.tzo=01;31:*.t7z=01;31:*.zip=01;31:*.z=01;31:*.dz=01;31:*.gz=01;31:*.lrz=01;31:*.lz=01;31:*.lzo=01;31:*.xz=01;31:*.zst=01;31:*.tzst=01;31:*.bz2=01;31:*.bz=01;31:*.tbz=01;31:*.tbz2=01;31:*.tz=01;31:*.deb=01;31:*.rpm=01;31:*.jar=01;31:*.war=01;31:*.ear=01;31:*.sar=01;31:*.rar=01;31:*.alz=01;31:*.ace=01;31:*.zoo=01;31:*.cpio=01;31:*.7z=01;31:*.rz=01;31:*.cab=01;31:*.wim=01;31:*.swm=01;31:*.dwm=01;31:*.esd=01;31:*.avif=01;35:*.jpg=01;35:*.jpeg=01;35:*.mjpg=01;35:*.mjpeg=01;35:*.gif=01;35:*.bmp=01;35:*.pbm=01;35:*.pgm=01;35:*.ppm=01;35:*.tga=01;35:*.xbm=01;35:*.xpm=01;35:*.tif=01;35:*.tiff=01;35:*.png=01;35:*.svg=01;35:*.svgz=01;35:*.mng=01;35:*.pcx=01;35:*.mov=01;35:*.mpg=01;35:*.mpeg=01;35:*.m2v=01;35:*.mkv=01;35:*.webm=01;35:*.webp=01;35:*.ogm=01;35:*.mp4=01;35:*.m4v=01;35:*.mp4v=01;35:*.vob=01;35:*.qt=01;35:*.nuv=01;35:*.wmv=01;35:*.asf=01;35:*.rm=01;35:*.rmvb=01;35:*.flc=01;35:*.avi=01;35:*.fli=01;35:*.flv=01;35:*.gl=01;35:*.dl=01;35:*.xcf=01;35:*.xwd=01;35:*.yuv=01;35:*.cgm=01;35:*.emf=01;35:*.ogv=01;35:*.ogx=01;35:*.aac=00;36:*.au=00;36:*.flac=00;36:*.m4a=00;36:*.mid=00;36:*.midi=00;36:*.mka=00;36:*.mp3=00;36:*.mpc=00;36:*.ogg=00;36:*.ra=00;36:*.wav=00;36:*.oga=00;36:*.opus=00;36:*.spx=00;36:*.xspf=00;36:*~=00;90:*#=00;90:*.bak=00;90:*.crdownload=00;90:*.dpkg-dist=00;90:*.dpkg-new=00;90:*.dpkg-old=00;90:*.dpkg-tmp=00;90:*.old=00;90:*.orig=00;90:*.part=00;90:*.rej=00;90:*.rpmnew=00;90:*.rpmorig=00;90:*.rpmsave=00;90:*.swp=00;90:*.tmp=00;90:*.ucf-dist=00;90:*.ucf-new=00;90:*.ucf-old=00;90:', 'VSCODE_GIT_IPC_HANDLE': '/run/user/1002/vscode-git-227cc40744.sock', 'TERM_PROGRAM': 'vscode', 'ROS_DOMAIN_ID': '1', 'AMENT_PREFIX_PATH': '/opt/ros/jazzy', 'SHELL': '/bin/bash', 'LESSCLOSE': '/usr/bin/lesspipe %s %s', 'VIRTUAL_ENV': '/home/strain-drone/venv-ardupilot', 'ROS_AUTOMATIC_DISCOVERY_RANGE': 'SUBNET', 'VSCODE_GIT_ASKPASS_EXTRA_ARGS': '', 'PWD': '/home/strain-drone/Documents/drone_position_hold/ros2_ws/src/build/mocap4r2_robot_gt_msgs', 'LC_ALL': 'en_US.UTF-8', 'SSH_CONNECTION': '100.125.10.128 53782 100.96.124.69 22', 'XDG_DATA_DIRS': '/usr/share/gnome:/usr/local/share:/usr/share:/var/lib/snapd/desktop', 'PYTHONPATH': '/opt/ros/jazzy/lib/python3.12/site-packages', 'COLCON': '1', 'CMAKE_PREFIX_PATH': '/opt/ros/jazzy/opt/gz_math_vendor:/opt/ros/jazzy/opt/gz_utils_vendor:/opt/ros/jazzy/opt/gz_cmake_vendor:/opt/ros/jazzy'}), 'shell': False}
[10.133446] (mocap4r2_marker_viz_srvs) StdoutLine: {'line': b'[  2%] Built target mocap4r2_marker_viz_srvs__rosidl_generator_type_description\n'}
[10.178551] (-) TimerEvent: {}
[10.198839] (mocap4r2_marker_viz_srvs) StdoutLine: {'line': b'[  4%] \x1b[34m\x1b[1mGenerating C code for ROS interfaces\x1b[0m\n'}
[10.278681] (-) TimerEvent: {}
[10.310481] (mocap4r2_robot_gt_msgs) StdoutLine: {'line': b'[  2%] \x1b[34m\x1b[1mGenerating type hashes for ROS interfaces\x1b[0m\n'}
[10.313476] (mocap4r2_marker_viz_srvs) StdoutLine: {'line': b'[  6%] \x1b[34m\x1b[1mGenerating C++ code for ROS interfaces\x1b[0m\n'}
[10.350505] (mocap4r2_robot_gt_msgs) StdoutLine: {'line': b'[  2%] Built target ament_cmake_python_copy_mocap4r2_robot_gt_msgs\n'}
[10.381431] (-) TimerEvent: {}
[10.481956] (-) TimerEvent: {}
[10.585450] (-) TimerEvent: {}
[10.630794] (mocap4r2_control_msgs) StdoutLine: {'line': b'running egg_info\n'}
[10.682886] (mocap4r2_control_msgs) StdoutLine: {'line': b'creating mocap4r2_control_msgs.egg-info\n'}
[10.683364] (mocap4r2_control_msgs) StdoutLine: {'line': b'writing mocap4r2_control_msgs.egg-info/PKG-INFO\n'}
[10.684081] (mocap4r2_control_msgs) StdoutLine: {'line': b'writing dependency_links to mocap4r2_control_msgs.egg-info/dependency_links.txt\n'}
[10.685127] (mocap4r2_control_msgs) StdoutLine: {'line': b'writing top-level names to mocap4r2_control_msgs.egg-info/top_level.txt\n'}
[10.685454] (-) TimerEvent: {}
[10.686724] (mocap4r2_control_msgs) StdoutLine: {'line': b"writing manifest file 'mocap4r2_control_msgs.egg-info/SOURCES.txt'\n"}
[10.789421] (-) TimerEvent: {}
[10.826422] (mocap4r2_control_msgs) StdoutLine: {'line': b"reading manifest file 'mocap4r2_control_msgs.egg-info/SOURCES.txt'\n"}
[10.828552] (mocap4r2_control_msgs) StdoutLine: {'line': b"writing manifest file 'mocap4r2_control_msgs.egg-info/SOURCES.txt'\n"}
[10.889559] (-) TimerEvent: {}
[10.945517] (mocap4r2_marker_viz_srvs) StdoutLine: {'line': b'running egg_info\n'}
[10.967538] (mocap4r2_control_msgs) StdoutLine: {'line': b'[  2%] Built target ament_cmake_python_build_mocap4r2_control_msgs_egg\n'}
[10.992436] (-) TimerEvent: {}
[11.092903] (-) TimerEvent: {}
[11.126788] (mocap4r2_control_msgs) StdoutLine: {'line': b'[  2%] Built target mocap4r2_control_msgs__rosidl_generator_type_description\n'}
[11.130960] (mocap4r2_marker_viz_srvs) StdoutLine: {'line': b'creating mocap4r2_marker_viz_srvs.egg-info\n'}
[11.131243] (mocap4r2_marker_viz_srvs) StdoutLine: {'line': b'writing mocap4r2_marker_viz_srvs.egg-info/PKG-INFO\n'}
[11.132766] (mocap4r2_marker_viz_srvs) StdoutLine: {'line': b'writing dependency_links to mocap4r2_marker_viz_srvs.egg-info/dependency_links.txt\n'}
[11.133186] (mocap4r2_marker_viz_srvs) StdoutLine: {'line': b'writing top-level names to mocap4r2_marker_viz_srvs.egg-info/top_level.txt\n'}
[11.133423] (mocap4r2_marker_viz_srvs) StdoutLine: {'line': b"writing manifest file 'mocap4r2_marker_viz_srvs.egg-info/SOURCES.txt'\n"}
[11.186696] (mocap4r2_control_msgs) StdoutLine: {'line': b'[  4%] \x1b[34m\x1b[1mGenerating C code for ROS interfaces\x1b[0m\n'}
[11.193107] (-) TimerEvent: {}
[11.216950] (mocap4r2_control_msgs) StdoutLine: {'line': b'[  6%] \x1b[34m\x1b[1mGenerating C++ code for ROS interfaces\x1b[0m\n'}
[11.293223] (-) TimerEvent: {}
[11.361862] (mocap4r2_robot_gt_msgs) StdoutLine: {'line': b'[  2%] Built target mocap4r2_robot_gt_msgs__rosidl_generator_type_description\n'}
[11.395409] (-) TimerEvent: {}
[11.423091] (mocap4r2_robot_gt_msgs) StdoutLine: {'line': b'[  5%] \x1b[34m\x1b[1mGenerating C code for ROS interfaces\x1b[0m\n'}
[11.432533] (mocap4r2_msgs) StdoutLine: {'line': b'[  1%] Built target mocap4r2_msgs__rosidl_generator_type_description\n'}
[11.499396] (-) TimerEvent: {}
[11.531602] (mocap4r2_robot_gt_msgs) StdoutLine: {'line': b'[  8%] \x1b[34m\x1b[1mGenerating C++ code for ROS interfaces\x1b[0m\n'}
[11.531938] (mocap4r2_marker_viz_srvs) StdoutLine: {'line': b"reading manifest file 'mocap4r2_marker_viz_srvs.egg-info/SOURCES.txt'\n"}
[11.532112] (mocap4r2_marker_viz_srvs) StdoutLine: {'line': b"writing manifest file 'mocap4r2_marker_viz_srvs.egg-info/SOURCES.txt'\n"}
[11.556822] (mocap4r2_msgs) StdoutLine: {'line': b'[  2%] \x1b[34m\x1b[1mGenerating C code for ROS interfaces\x1b[0m\n'}
[11.600107] (-) TimerEvent: {}
[11.649607] (mocap4r2_msgs) StdoutLine: {'line': b'[  4%] \x1b[34m\x1b[1mGenerating C++ code for ROS interfaces\x1b[0m\n'}
[11.703924] (-) TimerEvent: {}
[11.709038] (mocap4r2_robot_gt_msgs) StdoutLine: {'line': b'running egg_info\n'}
[11.714487] (mocap4r2_marker_viz_srvs) StdoutLine: {'line': b'[  6%] Built target ament_cmake_python_build_mocap4r2_marker_viz_srvs_egg\n'}
[11.805445] (-) TimerEvent: {}
[11.806940] (mocap4r2_msgs) StdoutLine: {'line': b'running egg_info\n'}
[11.850358] (mocap4r2_msgs) StdoutLine: {'line': b'creating mocap4r2_msgs.egg-info\n'}
[11.850727] (mocap4r2_msgs) StdoutLine: {'line': b'writing mocap4r2_msgs.egg-info/PKG-INFO\n'}
[11.851833] (mocap4r2_msgs) StdoutLine: {'line': b'writing dependency_links to mocap4r2_msgs.egg-info/dependency_links.txt\n'}
[11.852057] (mocap4r2_msgs) StdoutLine: {'line': b'writing top-level names to mocap4r2_msgs.egg-info/top_level.txt\n'}
[11.852223] (mocap4r2_msgs) StdoutLine: {'line': b"writing manifest file 'mocap4r2_msgs.egg-info/SOURCES.txt'\n"}
[11.857914] (mocap4r2_robot_gt_msgs) StdoutLine: {'line': b'creating mocap4r2_robot_gt_msgs.egg-info\n'}
[11.858283] (mocap4r2_robot_gt_msgs) StdoutLine: {'line': b'writing mocap4r2_robot_gt_msgs.egg-info/PKG-INFO\n'}
[11.874632] (mocap4r2_robot_gt_msgs) StdoutLine: {'line': b'writing dependency_links to mocap4r2_robot_gt_msgs.egg-info/dependency_links.txt\n'}
[11.874941] (mocap4r2_robot_gt_msgs) StdoutLine: {'line': b'writing top-level names to mocap4r2_robot_gt_msgs.egg-info/top_level.txt\n'}
[11.875037] (mocap4r2_robot_gt_msgs) StdoutLine: {'line': b"writing manifest file 'mocap4r2_robot_gt_msgs.egg-info/SOURCES.txt'\n"}
[11.907398] (-) TimerEvent: {}
[11.978006] (mocap4r2_msgs) StdoutLine: {'line': b"reading manifest file 'mocap4r2_msgs.egg-info/SOURCES.txt'\n"}
[11.981743] (mocap4r2_msgs) StdoutLine: {'line': b"writing manifest file 'mocap4r2_msgs.egg-info/SOURCES.txt'\n"}
[12.016441] (-) TimerEvent: {}
[12.107488] (mocap4r2_msgs) StdoutLine: {'line': b'[  4%] Built target ament_cmake_python_build_mocap4r2_msgs_egg\n'}
[12.119398] (-) TimerEvent: {}
[12.219797] (-) TimerEvent: {}
[12.320295] (-) TimerEvent: {}
[12.420781] (-) TimerEvent: {}
[12.459556] (mocap4r2_robot_gt_msgs) StdoutLine: {'line': b"reading manifest file 'mocap4r2_robot_gt_msgs.egg-info/SOURCES.txt'\n"}
[12.459932] (mocap4r2_robot_gt_msgs) StdoutLine: {'line': b"writing manifest file 'mocap4r2_robot_gt_msgs.egg-info/SOURCES.txt'\n"}
[12.496420] (mocap4r2_marker_viz_srvs) StdoutLine: {'line': b'[  6%] Built target mocap4r2_marker_viz_srvs__cpp\n'}
[12.520942] (-) TimerEvent: {}
[12.629419] (-) TimerEvent: {}
[12.729862] (-) TimerEvent: {}
[12.805380] (mocap4r2_marker_viz_srvs) StdoutLine: {'line': b'[  9%] \x1b[32mBuilding C object CMakeFiles/mocap4r2_marker_viz_srvs__rosidl_generator_c.dir/rosidl_generator_c/mocap4r2_marker_viz_srvs/srv/detail/set_marker_color__functions.c.o\x1b[0m\n'}
[12.813167] (mocap4r2_marker_viz_srvs) StdoutLine: {'line': b'[ 11%] \x1b[32mBuilding C object CMakeFiles/mocap4r2_marker_viz_srvs__rosidl_generator_c.dir/rosidl_generator_c/mocap4r2_marker_viz_srvs/srv/detail/set_marker_color__description.c.o\x1b[0m\n'}
[12.828720] (mocap4r2_marker_viz_srvs) StdoutLine: {'line': b'[ 13%] \x1b[32mBuilding C object CMakeFiles/mocap4r2_marker_viz_srvs__rosidl_generator_c.dir/rosidl_generator_c/mocap4r2_marker_viz_srvs/srv/detail/reset_marker_color__description.c.o\x1b[0m\n'}
[12.829109] (mocap4r2_marker_viz_srvs) StdoutLine: {'line': b'[ 15%] \x1b[32mBuilding C object CMakeFiles/mocap4r2_marker_viz_srvs__rosidl_generator_c.dir/rosidl_generator_c/mocap4r2_marker_viz_srvs/srv/detail/set_marker_color__type_support.c.o\x1b[0m\n'}
[12.835410] (-) TimerEvent: {}
[12.900445] (mocap4r2_robot_gt_msgs) StdoutLine: {'line': b'[  8%] Built target ament_cmake_python_build_mocap4r2_robot_gt_msgs_egg\n'}
[12.930776] (mocap4r2_control_msgs) StdoutLine: {'line': b'[  6%] Built target mocap4r2_control_msgs__cpp\n'}
[12.931482] (mocap4r2_marker_viz_srvs) StdoutLine: {'line': b'[ 18%] \x1b[32mBuilding C object CMakeFiles/mocap4r2_marker_viz_srvs__rosidl_generator_c.dir/rosidl_generator_c/mocap4r2_marker_viz_srvs/srv/detail/reset_marker_color__type_support.c.o\x1b[0m\n'}
[12.937135] (-) TimerEvent: {}
[12.940037] (mocap4r2_marker_viz_srvs) StdoutLine: {'line': b'[ 20%] \x1b[32mBuilding C object CMakeFiles/mocap4r2_marker_viz_srvs__rosidl_generator_c.dir/rosidl_generator_c/mocap4r2_marker_viz_srvs/srv/detail/reset_marker_color__functions.c.o\x1b[0m\n'}
[13.039449] (-) TimerEvent: {}
[13.132059] (mocap4r2_control_msgs) StdoutLine: {'line': b'[  9%] \x1b[32mBuilding C object CMakeFiles/mocap4r2_control_msgs__rosidl_generator_c.dir/rosidl_generator_c/mocap4r2_control_msgs/msg/detail/control__functions.c.o\x1b[0m\n'}
[13.141450] (-) TimerEvent: {}
[13.143193] (mocap4r2_control_msgs) StdoutLine: {'line': b'[ 11%] \x1b[32mBuilding C object CMakeFiles/mocap4r2_control_msgs__rosidl_generator_c.dir/rosidl_generator_c/mocap4r2_control_msgs/msg/detail/control__description.c.o\x1b[0m\n'}
[13.155525] (mocap4r2_control_msgs) StdoutLine: {'line': b'[ 13%] \x1b[32mBuilding C object CMakeFiles/mocap4r2_control_msgs__rosidl_generator_c.dir/rosidl_generator_c/mocap4r2_control_msgs/msg/detail/mocap_info__description.c.o\x1b[0m\n'}
[13.156813] (mocap4r2_control_msgs) StdoutLine: {'line': b'[ 15%] \x1b[32mBuilding C object CMakeFiles/mocap4r2_control_msgs__rosidl_generator_c.dir/rosidl_generator_c/mocap4r2_control_msgs/msg/detail/control__type_support.c.o\x1b[0m\n'}
[13.212239] (mocap4r2_control_msgs) StdoutLine: {'line': b'[ 18%] \x1b[32mBuilding C object CMakeFiles/mocap4r2_control_msgs__rosidl_generator_c.dir/rosidl_generator_c/mocap4r2_control_msgs/msg/detail/mocap_info__functions.c.o\x1b[0m\n'}
[13.239545] (mocap4r2_control_msgs) StdoutLine: {'line': b'[ 20%] \x1b[32mBuilding C object CMakeFiles/mocap4r2_control_msgs__rosidl_generator_c.dir/rosidl_generator_c/mocap4r2_control_msgs/msg/detail/mocap_info__type_support.c.o\x1b[0m\n'}
[13.244681] (-) TimerEvent: {}
[13.345574] (-) TimerEvent: {}
[13.400995] (mocap4r2_marker_viz_srvs) StdoutLine: {'line': b'[ 22%] \x1b[32m\x1b[1mLinking C shared library libmocap4r2_marker_viz_srvs__rosidl_generator_c.so\x1b[0m\n'}
[13.419784] (mocap4r2_robot_gt_msgs) StdoutLine: {'line': b'[  8%] Built target mocap4r2_robot_gt_msgs__cpp\n'}
[13.445714] (-) TimerEvent: {}
[13.481259] (mocap4r2_robot_gt_msgs) StdoutLine: {'line': b'[ 17%] \x1b[32mBuilding C object CMakeFiles/mocap4r2_robot_gt_msgs__rosidl_generator_c.dir/rosidl_generator_c/mocap4r2_robot_gt_msgs/srv/detail/set_gt_origin__description.c.o\x1b[0m\n'}
[13.481605] (mocap4r2_robot_gt_msgs) StdoutLine: {'line': b'[ 17%] \x1b[32mBuilding C object CMakeFiles/mocap4r2_robot_gt_msgs__rosidl_generator_c.dir/rosidl_generator_c/mocap4r2_robot_gt_msgs/srv/detail/set_gt_origin__type_support.c.o\x1b[0m\n'}
[13.484363] (mocap4r2_robot_gt_msgs) StdoutLine: {'line': b'[ 17%] \x1b[32mBuilding C object CMakeFiles/mocap4r2_robot_gt_msgs__rosidl_generator_c.dir/rosidl_generator_c/mocap4r2_robot_gt_msgs/srv/detail/set_gt_origin__functions.c.o\x1b[0m\n'}
[13.550434] (-) TimerEvent: {}
[13.553295] (mocap4r2_control_msgs) StdoutLine: {'line': b'[ 22%] \x1b[32m\x1b[1mLinking C shared library libmocap4r2_control_msgs__rosidl_generator_c.so\x1b[0m\n'}
[13.650599] (-) TimerEvent: {}
[13.653465] (mocap4r2_marker_viz_srvs) StdoutLine: {'line': b'[ 22%] Built target mocap4r2_marker_viz_srvs__rosidl_generator_c\n'}
[13.717602] (mocap4r2_marker_viz_srvs) StdoutLine: {'line': b'[ 25%] \x1b[34m\x1b[1mGenerating C type support for eProsima Fast-RTPS\x1b[0m\n'}
[13.732410] (mocap4r2_marker_viz_srvs) StdoutLine: {'line': b'[ 27%] \x1b[34m\x1b[1mGenerating C++ type support for eProsima Fast-RTPS\x1b[0m\n'}
[13.734882] (mocap4r2_marker_viz_srvs) StdoutLine: {'line': b'[ 29%] \x1b[34m\x1b[1mGenerating C type support dispatch for ROS interfaces\x1b[0m\n'}
[13.742247] (mocap4r2_marker_viz_srvs) StdoutLine: {'line': b'[ 31%] \x1b[34m\x1b[1mGenerating C introspection for ROS interfaces\x1b[0m\n'}
[13.753495] (-) TimerEvent: {}
[13.854466] (-) TimerEvent: {}
[13.856607] (mocap4r2_control_msgs) StdoutLine: {'line': b'[ 22%] Built target mocap4r2_control_msgs__rosidl_generator_c\n'}
[13.929516] (mocap4r2_control_msgs) StdoutLine: {'line': b'[ 25%] \x1b[34m\x1b[1mGenerating C++ type support for eProsima Fast-RTPS\x1b[0m\n'}
[13.929868] (mocap4r2_control_msgs) StdoutLine: {'line': b'[ 27%] \x1b[34m\x1b[1mGenerating C++ type support dispatch for ROS interfaces\x1b[0m\n'}
[13.930016] (mocap4r2_control_msgs) StdoutLine: {'line': b'[ 29%] \x1b[34m\x1b[1mGenerating C++ introspection for ROS interfaces\x1b[0m\n'}
[13.961429] (-) TimerEvent: {}
[14.037600] (mocap4r2_control_msgs) StdoutLine: {'line': b'[ 31%] \x1b[34m\x1b[1mGenerating C type support for eProsima Fast-RTPS\x1b[0m\n'}
[14.061568] (-) TimerEvent: {}
[14.095637] (mocap4r2_robot_gt_msgs) StdoutLine: {'line': b'[ 20%] \x1b[32m\x1b[1mLinking C shared library libmocap4r2_robot_gt_msgs__rosidl_generator_c.so\x1b[0m\n'}
[14.163449] (-) TimerEvent: {}
[14.264250] (-) TimerEvent: {}
[14.358444] (mocap4r2_robot_gt_msgs) StdoutLine: {'line': b'[ 20%] Built target mocap4r2_robot_gt_msgs__rosidl_generator_c\n'}
[14.364416] (-) TimerEvent: {}
[14.428503] (mocap4r2_robot_gt_msgs) StdoutLine: {'line': b'[ 23%] \x1b[34m\x1b[1mGenerating C introspection for ROS interfaces\x1b[0m\n'}
[14.439826] (mocap4r2_robot_gt_msgs) StdoutLine: {'line': b'[ 26%] \x1b[34m\x1b[1mGenerating C type support for eProsima Fast-RTPS\x1b[0m\n'}
[14.466814] (mocap4r2_robot_gt_msgs) StdoutLine: {'line': b'[ 29%] \x1b[34m\x1b[1mGenerating C++ type support dispatch for ROS interfaces\x1b[0m\n'}
[14.467231] (-) TimerEvent: {}
[14.488901] (mocap4r2_robot_gt_msgs) StdoutLine: {'line': b'[ 32%] \x1b[34m\x1b[1mGenerating C type support dispatch for ROS interfaces\x1b[0m\n'}
[14.568636] (-) TimerEvent: {}
[14.639580] (mocap4r2_msgs) StdoutLine: {'line': b'[  4%] Built target mocap4r2_msgs__cpp\n'}
[14.675428] (-) TimerEvent: {}
[14.775869] (-) TimerEvent: {}
[14.880481] (-) TimerEvent: {}
[14.956760] (mocap4r2_msgs) StdoutLine: {'line': b'[  5%] \x1b[32mBuilding C object CMakeFiles/mocap4r2_msgs__rosidl_generator_c.dir/rosidl_generator_c/mocap4r2_msgs/msg/detail/marker__type_support.c.o\x1b[0m\n'}
[14.957831] (mocap4r2_msgs) StdoutLine: {'line': b'[  6%] \x1b[32mBuilding C object CMakeFiles/mocap4r2_msgs__rosidl_generator_c.dir/rosidl_generator_c/mocap4r2_msgs/msg/detail/marker__description.c.o\x1b[0m\n'}
[14.968461] (mocap4r2_msgs) StdoutLine: {'line': b'[  8%] \x1b[32mBuilding C object CMakeFiles/mocap4r2_msgs__rosidl_generator_c.dir/rosidl_generator_c/mocap4r2_msgs/msg/detail/marker__functions.c.o\x1b[0m\n'}
[14.981564] (-) TimerEvent: {}
[14.997970] (mocap4r2_msgs) StdoutLine: {'line': b'[  9%] \x1b[32mBuilding C object CMakeFiles/mocap4r2_msgs__rosidl_generator_c.dir/rosidl_generator_c/mocap4r2_msgs/msg/detail/markers__type_support.c.o\x1b[0m\n'}
[15.001881] (mocap4r2_msgs) StdoutLine: {'line': b'[ 10%] \x1b[32mBuilding C object CMakeFiles/mocap4r2_msgs__rosidl_generator_c.dir/rosidl_generator_c/mocap4r2_msgs/msg/detail/markers__description.c.o\x1b[0m\n'}
[15.006989] (mocap4r2_msgs) StdoutLine: {'line': b'[ 12%] \x1b[32mBuilding C object CMakeFiles/mocap4r2_msgs__rosidl_generator_c.dir/rosidl_generator_c/mocap4r2_msgs/msg/detail/markers__functions.c.o\x1b[0m\n'}
[15.070408] (mocap4r2_msgs) StdoutLine: {'line': b'[ 13%] \x1b[32mBuilding C object CMakeFiles/mocap4r2_msgs__rosidl_generator_c.dir/rosidl_generator_c/mocap4r2_msgs/msg/detail/imus_info__description.c.o\x1b[0m\n'}
[15.070803] (mocap4r2_msgs) StdoutLine: {'line': b'[ 14%] \x1b[32mBuilding C object CMakeFiles/mocap4r2_msgs__rosidl_generator_c.dir/rosidl_generator_c/mocap4r2_msgs/msg/detail/imus_info__functions.c.o\x1b[0m\n'}
[15.082448] (-) TimerEvent: {}
[15.146270] (mocap4r2_msgs) StdoutLine: {'line': b'[ 16%] \x1b[32mBuilding C object CMakeFiles/mocap4r2_msgs__rosidl_generator_c.dir/rosidl_generator_c/mocap4r2_msgs/msg/detail/imus_info__type_support.c.o\x1b[0m\n'}
[15.156956] (mocap4r2_msgs) StdoutLine: {'line': b'[ 17%] \x1b[32mBuilding C object CMakeFiles/mocap4r2_msgs__rosidl_generator_c.dir/rosidl_generator_c/mocap4r2_msgs/msg/detail/rigid_body__description.c.o\x1b[0m\n'}
[15.182577] (-) TimerEvent: {}
[15.263801] (mocap4r2_msgs) StdoutLine: {'line': b'[ 18%] \x1b[32mBuilding C object CMakeFiles/mocap4r2_msgs__rosidl_generator_c.dir/rosidl_generator_c/mocap4r2_msgs/msg/detail/rigid_body__functions.c.o\x1b[0m\n'}
[15.285763] (-) TimerEvent: {}
[15.363573] (mocap4r2_msgs) StdoutLine: {'line': b'[ 20%] \x1b[32mBuilding C object CMakeFiles/mocap4r2_msgs__rosidl_generator_c.dir/rosidl_generator_c/mocap4r2_msgs/msg/detail/rigid_body__type_support.c.o\x1b[0m\n'}
[15.385886] (-) TimerEvent: {}
[15.392443] (mocap4r2_msgs) StdoutLine: {'line': b'[ 21%] \x1b[32mBuilding C object CMakeFiles/mocap4r2_msgs__rosidl_generator_c.dir/rosidl_generator_c/mocap4r2_msgs/msg/detail/rigid_bodies__description.c.o\x1b[0m\n'}
[15.494458] (-) TimerEvent: {}
[15.546977] (mocap4r2_msgs) StdoutLine: {'line': b'[ 22%] \x1b[32mBuilding C object CMakeFiles/mocap4r2_msgs__rosidl_generator_c.dir/rosidl_generator_c/mocap4r2_msgs/msg/detail/rigid_bodies__type_support.c.o\x1b[0m\n'}
[15.594578] (-) TimerEvent: {}
[15.625185] (mocap4r2_msgs) StdoutLine: {'line': b'[ 24%] \x1b[32mBuilding C object CMakeFiles/mocap4r2_msgs__rosidl_generator_c.dir/rosidl_generator_c/mocap4r2_msgs/msg/detail/rigid_bodies__functions.c.o\x1b[0m\n'}
[15.694696] (-) TimerEvent: {}
[15.803774] (-) TimerEvent: {}
[15.907421] (-) TimerEvent: {}
[16.007921] (-) TimerEvent: {}
[16.055863] (mocap4r2_control_msgs) StdoutLine: {'line': b'[ 34%] \x1b[32mBuilding CXX object CMakeFiles/mocap4r2_control_msgs__rosidl_typesupport_introspection_cpp.dir/rosidl_typesupport_introspection_cpp/mocap4r2_control_msgs/msg/detail/control__type_support.cpp.o\x1b[0m\n'}
[16.108041] (-) TimerEvent: {}
[16.116814] (mocap4r2_control_msgs) StdoutLine: {'line': b'[ 36%] \x1b[32mBuilding CXX object CMakeFiles/mocap4r2_control_msgs__rosidl_typesupport_introspection_cpp.dir/rosidl_typesupport_introspection_cpp/mocap4r2_control_msgs/msg/detail/mocap_info__type_support.cpp.o\x1b[0m\n'}
[16.141270] (mocap4r2_msgs) StdoutLine: {'line': b'[ 25%] \x1b[32m\x1b[1mLinking C shared library libmocap4r2_msgs__rosidl_generator_c.so\x1b[0m\n'}
[16.190379] (mocap4r2_control_msgs) StdoutLine: {'line': b'[ 38%] \x1b[32m\x1b[1mLinking CXX shared library libmocap4r2_control_msgs__rosidl_typesupport_introspection_cpp.so\x1b[0m\n'}
[16.195731] (mocap4r2_robot_gt_msgs) StdoutLine: {'line': b'[ 35%] \x1b[32mBuilding CXX object CMakeFiles/mocap4r2_robot_gt_msgs__rosidl_typesupport_c.dir/rosidl_typesupport_c/mocap4r2_robot_gt_msgs/srv/set_gt_origin__type_support.cpp.o\x1b[0m\n'}
[16.208177] (-) TimerEvent: {}
[16.267265] (mocap4r2_robot_gt_msgs) StdoutLine: {'line': b'[ 38%] \x1b[32m\x1b[1mLinking CXX shared library libmocap4r2_robot_gt_msgs__rosidl_typesupport_c.so\x1b[0m\n'}
[16.323447] (-) TimerEvent: {}
[16.413443] (mocap4r2_marker_viz_srvs) StdoutLine: {'line': b'[ 34%] \x1b[32mBuilding CXX object CMakeFiles/mocap4r2_marker_viz_srvs__rosidl_typesupport_c.dir/rosidl_typesupport_c/mocap4r2_marker_viz_srvs/srv/set_marker_color__type_support.cpp.o\x1b[0m\n'}
[16.425440] (-) TimerEvent: {}
[16.525941] (-) TimerEvent: {}
[16.528912] (mocap4r2_marker_viz_srvs) StdoutLine: {'line': b'[ 36%] \x1b[32mBuilding CXX object CMakeFiles/mocap4r2_marker_viz_srvs__rosidl_typesupport_c.dir/rosidl_typesupport_c/mocap4r2_marker_viz_srvs/srv/reset_marker_color__type_support.cpp.o\x1b[0m\n'}
[16.563268] (mocap4r2_msgs) StdoutLine: {'line': b'[ 25%] Built target mocap4r2_msgs__rosidl_generator_c\n'}
[16.609480] (mocap4r2_marker_viz_srvs) StdoutLine: {'line': b'[ 38%] \x1b[32mBuilding CXX object CMakeFiles/mocap4r2_marker_viz_srvs__rosidl_typesupport_fastrtps_cpp.dir/rosidl_typesupport_fastrtps_cpp/mocap4r2_marker_viz_srvs/srv/detail/dds_fastrtps/set_marker_color__type_support.cpp.o\x1b[0m\n'}
[16.628545] (-) TimerEvent: {}
[16.640311] (mocap4r2_msgs) StdoutLine: {'line': b'[ 27%] \x1b[34m\x1b[1mGenerating C++ introspection for ROS interfaces\x1b[0m\n'}
[16.654929] (mocap4r2_msgs) StdoutLine: {'line': b'[ 28%] \x1b[34m\x1b[1mGenerating C++ type support dispatch for ROS interfaces\x1b[0m\n'}
[16.683845] (mocap4r2_msgs) StdoutLine: {'line': b'[ 29%] \x1b[34m\x1b[1mGenerating C++ type support for eProsima Fast-RTPS\x1b[0m\n'}
[16.696504] (mocap4r2_msgs) StdoutLine: {'line': b'[ 31%] \x1b[34m\x1b[1mGenerating C type support dispatch for ROS interfaces\x1b[0m\n'}
[16.696975] (mocap4r2_marker_viz_srvs) StdoutLine: {'line': b'[ 40%] \x1b[32m\x1b[1mLinking CXX shared library libmocap4r2_marker_viz_srvs__rosidl_typesupport_c.so\x1b[0m\n'}
[16.719499] (mocap4r2_robot_gt_msgs) StdoutLine: {'line': b'[ 38%] Built target mocap4r2_robot_gt_msgs__rosidl_typesupport_c\n'}
[16.728654] (-) TimerEvent: {}
[16.757565] (mocap4r2_marker_viz_srvs) StdoutLine: {'line': b'[ 43%] \x1b[32mBuilding CXX object CMakeFiles/mocap4r2_marker_viz_srvs__rosidl_typesupport_fastrtps_cpp.dir/rosidl_typesupport_fastrtps_cpp/mocap4r2_marker_viz_srvs/srv/detail/dds_fastrtps/reset_marker_color__type_support.cpp.o\x1b[0m\n'}
[16.763320] (mocap4r2_control_msgs) StdoutLine: {'line': b'[ 40%] \x1b[32mBuilding CXX object CMakeFiles/mocap4r2_control_msgs__rosidl_typesupport_fastrtps_c.dir/rosidl_typesupport_fastrtps_c/mocap4r2_control_msgs/msg/detail/control__type_support_c.cpp.o\x1b[0m\n'}
[16.829293] (-) TimerEvent: {}
[16.831642] (mocap4r2_robot_gt_msgs) StdoutLine: {'line': b'[ 41%] \x1b[34m\x1b[1mGenerating C++ type support for eProsima Fast-RTPS\x1b[0m\n'}
[16.854916] (mocap4r2_marker_viz_srvs) StdoutLine: {'line': b'[ 45%] \x1b[32m\x1b[1mLinking CXX shared library libmocap4r2_marker_viz_srvs__rosidl_typesupport_fastrtps_cpp.so\x1b[0m\n'}
[16.871276] (mocap4r2_control_msgs) StdoutLine: {'line': b'[ 40%] Built target mocap4r2_control_msgs__rosidl_typesupport_introspection_cpp\n'}
[16.882030] (mocap4r2_control_msgs) StdoutLine: {'line': b'[ 43%] \x1b[32mBuilding CXX object CMakeFiles/mocap4r2_control_msgs__rosidl_typesupport_fastrtps_c.dir/rosidl_typesupport_fastrtps_c/mocap4r2_control_msgs/msg/detail/mocap_info__type_support_c.cpp.o\x1b[0m\n'}
[16.929422] (-) TimerEvent: {}
[16.946496] (mocap4r2_control_msgs) StdoutLine: {'line': b'[ 45%] \x1b[32m\x1b[1mLinking CXX shared library libmocap4r2_control_msgs__rosidl_typesupport_fastrtps_c.so\x1b[0m\n'}
[16.962760] (mocap4r2_control_msgs) StdoutLine: {'line': b'[ 47%] \x1b[34m\x1b[1mGenerating C introspection for ROS interfaces\x1b[0m\n'}
[17.020306] (mocap4r2_marker_viz_srvs) StdoutLine: {'line': b'[ 47%] \x1b[32mBuilding C object CMakeFiles/mocap4r2_marker_viz_srvs__rosidl_typesupport_introspection_c.dir/rosidl_typesupport_introspection_c/mocap4r2_marker_viz_srvs/srv/detail/set_marker_color__type_support.c.o\x1b[0m\n'}
[17.034882] (-) TimerEvent: {}
[17.070507] (mocap4r2_robot_gt_msgs) StdoutLine: {'line': b'[ 44%] \x1b[32mBuilding CXX object CMakeFiles/mocap4r2_robot_gt_msgs__rosidl_typesupport_cpp.dir/rosidl_typesupport_cpp/mocap4r2_robot_gt_msgs/srv/set_gt_origin__type_support.cpp.o\x1b[0m\n'}
[17.112400] (mocap4r2_robot_gt_msgs) StdoutLine: {'line': b'[ 47%] \x1b[32mBuilding CXX object CMakeFiles/mocap4r2_robot_gt_msgs__rosidl_typesupport_fastrtps_c.dir/rosidl_typesupport_fastrtps_c/mocap4r2_robot_gt_msgs/srv/detail/set_gt_origin__type_support_c.cpp.o\x1b[0m\n'}
[17.120895] (mocap4r2_marker_viz_srvs) StdoutLine: {'line': b'[ 50%] \x1b[32mBuilding C object CMakeFiles/mocap4r2_marker_viz_srvs__rosidl_typesupport_introspection_c.dir/rosidl_typesupport_introspection_c/mocap4r2_marker_viz_srvs/srv/detail/reset_marker_color__type_support.c.o\x1b[0m\n'}
[17.144805] (-) TimerEvent: {}
[17.149478] (mocap4r2_robot_gt_msgs) StdoutLine: {'line': b'[ 50%] \x1b[32mBuilding C object CMakeFiles/mocap4r2_robot_gt_msgs__rosidl_typesupport_introspection_c.dir/rosidl_typesupport_introspection_c/mocap4r2_robot_gt_msgs/srv/detail/set_gt_origin__type_support.c.o\x1b[0m\n'}
[17.162009] (mocap4r2_control_msgs) StdoutLine: {'line': b'[ 50%] \x1b[32mBuilding CXX object CMakeFiles/mocap4r2_control_msgs__rosidl_typesupport_cpp.dir/rosidl_typesupport_cpp/mocap4r2_control_msgs/msg/control__type_support.cpp.o\x1b[0m\n'}
[17.227495] (mocap4r2_robot_gt_msgs) StdoutLine: {'line': b'[ 52%] \x1b[32m\x1b[1mLinking CXX shared library libmocap4r2_robot_gt_msgs__rosidl_typesupport_fastrtps_c.so\x1b[0m\n'}
[17.245065] (-) TimerEvent: {}
[17.281260] (mocap4r2_marker_viz_srvs) StdoutLine: {'line': b'[ 52%] \x1b[32m\x1b[1mLinking C shared library libmocap4r2_marker_viz_srvs__rosidl_typesupport_introspection_c.so\x1b[0m\n'}
[17.284281] (mocap4r2_robot_gt_msgs) StdoutLine: {'line': b'[ 55%] \x1b[32m\x1b[1mLinking C shared library libmocap4r2_robot_gt_msgs__rosidl_typesupport_introspection_c.so\x1b[0m\n'}
[17.295547] (mocap4r2_robot_gt_msgs) StdoutLine: {'line': b'[ 58%] \x1b[32m\x1b[1mLinking CXX shared library libmocap4r2_robot_gt_msgs__rosidl_typesupport_cpp.so\x1b[0m\n'}
[17.317941] (mocap4r2_marker_viz_srvs) StdoutLine: {'line': b'[ 52%] Built target mocap4r2_marker_viz_srvs__rosidl_typesupport_c\n'}
[17.347483] (-) TimerEvent: {}
[17.403345] (mocap4r2_control_msgs) StdoutLine: {'line': b'[ 52%] \x1b[32mBuilding CXX object CMakeFiles/mocap4r2_control_msgs__rosidl_typesupport_cpp.dir/rosidl_typesupport_cpp/mocap4r2_control_msgs/msg/mocap_info__type_support.cpp.o\x1b[0m\n'}
[17.414540] (mocap4r2_marker_viz_srvs) StdoutLine: {'line': b'[ 54%] \x1b[34m\x1b[1mGenerating C++ introspection for ROS interfaces\x1b[0m\n'}
[17.451455] (-) TimerEvent: {}
[17.471501] (mocap4r2_robot_gt_msgs) StdoutLine: {'line': b'[ 58%] Built target mocap4r2_robot_gt_msgs__rosidl_typesupport_introspection_c\n'}
[17.552750] (-) TimerEvent: {}
[17.559449] (mocap4r2_control_msgs) StdoutLine: {'line': b'[ 54%] \x1b[32m\x1b[1mLinking CXX shared library libmocap4r2_control_msgs__rosidl_typesupport_cpp.so\x1b[0m\n'}
[17.570157] (mocap4r2_robot_gt_msgs) StdoutLine: {'line': b'[ 61%] \x1b[34m\x1b[1mGenerating C++ introspection for ROS interfaces\x1b[0m\n'}
[17.620486] (mocap4r2_marker_viz_srvs) StdoutLine: {'line': b'[ 54%] Built target mocap4r2_marker_viz_srvs__rosidl_typesupport_introspection_c\n'}
[17.656446] (-) TimerEvent: {}
[17.676621] (mocap4r2_marker_viz_srvs) StdoutLine: {'line': b'[ 54%] Built target mocap4r2_marker_viz_srvs__rosidl_typesupport_fastrtps_cpp\n'}
[17.729374] (mocap4r2_marker_viz_srvs) StdoutLine: {'line': b'[ 56%] \x1b[34m\x1b[1mGenerating C++ type support dispatch for ROS interfaces\x1b[0m\n'}
[17.760754] (-) TimerEvent: {}
[17.769427] (mocap4r2_marker_viz_srvs) StdoutLine: {'line': b'[ 59%] \x1b[32mBuilding CXX object CMakeFiles/mocap4r2_marker_viz_srvs__rosidl_typesupport_fastrtps_c.dir/rosidl_typesupport_fastrtps_c/mocap4r2_marker_viz_srvs/srv/detail/set_marker_color__type_support_c.cpp.o\x1b[0m\n'}
[17.860864] (-) TimerEvent: {}
[17.880509] (mocap4r2_marker_viz_srvs) StdoutLine: {'line': b'[ 61%] \x1b[32mBuilding CXX object CMakeFiles/mocap4r2_marker_viz_srvs__rosidl_typesupport_fastrtps_c.dir/rosidl_typesupport_fastrtps_c/mocap4r2_marker_viz_srvs/srv/detail/reset_marker_color__type_support_c.cpp.o\x1b[0m\n'}
[17.900221] (mocap4r2_control_msgs) StdoutLine: {'line': b'[ 54%] Built target mocap4r2_control_msgs__rosidl_typesupport_cpp\n'}
[17.927724] (mocap4r2_robot_gt_msgs) StdoutLine: {'line': b'[ 61%] Built target mocap4r2_robot_gt_msgs__rosidl_typesupport_cpp\n'}
[17.950927] (mocap4r2_control_msgs) StdoutLine: {'line': b'[ 54%] Built target mocap4r2_control_msgs__rosidl_typesupport_fastrtps_c\n'}
[17.961928] (-) TimerEvent: {}
[17.964489] (mocap4r2_control_msgs) StdoutLine: {'line': b'[ 56%] \x1b[34m\x1b[1mGenerating C type support dispatch for ROS interfaces\x1b[0m\n'}
[18.013274] (mocap4r2_marker_viz_srvs) StdoutLine: {'line': b'[ 63%] \x1b[32m\x1b[1mLinking CXX shared library libmocap4r2_marker_viz_srvs__rosidl_typesupport_fastrtps_c.so\x1b[0m\n'}
[18.062810] (-) TimerEvent: {}
[18.129522] (mocap4r2_control_msgs) StdoutLine: {'line': b'[ 59%] \x1b[32mBuilding CXX object CMakeFiles/mocap4r2_control_msgs__rosidl_typesupport_fastrtps_cpp.dir/rosidl_typesupport_fastrtps_cpp/mocap4r2_control_msgs/msg/detail/dds_fastrtps/mocap_info__type_support.cpp.o\x1b[0m\n'}
[18.136454] (mocap4r2_control_msgs) StdoutLine: {'line': b'[ 61%] \x1b[32mBuilding CXX object CMakeFiles/mocap4r2_control_msgs__rosidl_typesupport_fastrtps_cpp.dir/rosidl_typesupport_fastrtps_cpp/mocap4r2_control_msgs/msg/detail/dds_fastrtps/control__type_support.cpp.o\x1b[0m\n'}
[18.162937] (-) TimerEvent: {}
[18.270420] (-) TimerEvent: {}
[18.279479] (mocap4r2_robot_gt_msgs) StdoutLine: {'line': b'[ 61%] Built target mocap4r2_robot_gt_msgs__rosidl_typesupport_fastrtps_c\n'}
[18.280906] (mocap4r2_marker_viz_srvs) StdoutLine: {'line': b'[ 63%] Built target mocap4r2_marker_viz_srvs__rosidl_typesupport_fastrtps_c\n'}
[18.298969] (mocap4r2_control_msgs) StdoutLine: {'line': b'[ 63%] \x1b[32m\x1b[1mLinking CXX shared library libmocap4r2_control_msgs__rosidl_typesupport_fastrtps_cpp.so\x1b[0m\n'}
[18.370843] (-) TimerEvent: {}
[18.472495] (-) TimerEvent: {}
[18.573029] (-) TimerEvent: {}
[18.673429] (-) TimerEvent: {}
[18.776521] (-) TimerEvent: {}
[18.876945] (-) TimerEvent: {}
[18.950133] (mocap4r2_marker_viz_srvs) StdoutLine: {'line': b'[ 65%] \x1b[32mBuilding CXX object CMakeFiles/mocap4r2_marker_viz_srvs__rosidl_typesupport_introspection_cpp.dir/rosidl_typesupport_introspection_cpp/mocap4r2_marker_viz_srvs/srv/detail/set_marker_color__type_support.cpp.o\x1b[0m\n'}
[18.952783] (mocap4r2_marker_viz_srvs) StdoutLine: {'line': b'[ 68%] \x1b[32mBuilding CXX object CMakeFiles/mocap4r2_marker_viz_srvs__rosidl_typesupport_introspection_cpp.dir/rosidl_typesupport_introspection_cpp/mocap4r2_marker_viz_srvs/srv/detail/reset_marker_color__type_support.cpp.o\x1b[0m\n'}
[18.966780] (mocap4r2_robot_gt_msgs) StdoutLine: {'line': b'[ 64%] \x1b[32mBuilding CXX object CMakeFiles/mocap4r2_robot_gt_msgs__rosidl_typesupport_introspection_cpp.dir/rosidl_typesupport_introspection_cpp/mocap4r2_robot_gt_msgs/srv/detail/set_gt_origin__type_support.cpp.o\x1b[0m\n'}
[18.984448] (-) TimerEvent: {}
[19.009047] (mocap4r2_robot_gt_msgs) StdoutLine: {'line': b'[ 67%] \x1b[32m\x1b[1mLinking CXX shared library libmocap4r2_robot_gt_msgs__rosidl_typesupport_introspection_cpp.so\x1b[0m\n'}
[19.037143] (mocap4r2_marker_viz_srvs) StdoutLine: {'line': b'[ 70%] \x1b[32m\x1b[1mLinking CXX shared library libmocap4r2_marker_viz_srvs__rosidl_typesupport_introspection_cpp.so\x1b[0m\n'}
[19.089465] (-) TimerEvent: {}
[19.189953] (-) TimerEvent: {}
[19.273677] (mocap4r2_control_msgs) StdoutLine: {'line': b'[ 63%] Built target mocap4r2_control_msgs__rosidl_typesupport_fastrtps_cpp\n'}
[19.290393] (-) TimerEvent: {}
[19.348355] (mocap4r2_control_msgs) StdoutLine: {'line': b'[ 65%] \x1b[32mBuilding C object CMakeFiles/mocap4r2_control_msgs__rosidl_typesupport_introspection_c.dir/rosidl_typesupport_introspection_c/mocap4r2_control_msgs/msg/detail/control__type_support.c.o\x1b[0m\n'}
[19.354737] (mocap4r2_msgs) StdoutLine: {'line': b'[ 32%] \x1b[32mBuilding CXX object CMakeFiles/mocap4r2_msgs__rosidl_typesupport_c.dir/rosidl_typesupport_c/mocap4r2_msgs/msg/marker__type_support.cpp.o\x1b[0m\n'}
[19.366552] (mocap4r2_control_msgs) StdoutLine: {'line': b'[ 68%] \x1b[32mBuilding C object CMakeFiles/mocap4r2_control_msgs__rosidl_typesupport_introspection_c.dir/rosidl_typesupport_introspection_c/mocap4r2_control_msgs/msg/detail/mocap_info__type_support.c.o\x1b[0m\n'}
[19.390436] (-) TimerEvent: {}
[19.413681] (mocap4r2_msgs) StdoutLine: {'line': b'[ 33%] \x1b[32mBuilding CXX object CMakeFiles/mocap4r2_msgs__rosidl_typesupport_c.dir/rosidl_typesupport_c/mocap4r2_msgs/msg/markers__type_support.cpp.o\x1b[0m\n'}
[19.420011] (mocap4r2_robot_gt_msgs) StdoutLine: {'line': b'[ 67%] Built target mocap4r2_robot_gt_msgs__rosidl_typesupport_introspection_cpp\n'}
[19.440476] (mocap4r2_control_msgs) StdoutLine: {'line': b'[ 70%] \x1b[32m\x1b[1mLinking C shared library libmocap4r2_control_msgs__rosidl_typesupport_introspection_c.so\x1b[0m\n'}
[19.487928] (mocap4r2_msgs) StdoutLine: {'line': b'[ 35%] \x1b[32mBuilding CXX object CMakeFiles/mocap4r2_msgs__rosidl_typesupport_c.dir/rosidl_typesupport_c/mocap4r2_msgs/msg/imus_info__type_support.cpp.o\x1b[0m\n'}
[19.490707] (-) TimerEvent: {}
[19.565990] (mocap4r2_msgs) StdoutLine: {'line': b'[ 36%] \x1b[32mBuilding CXX object CMakeFiles/mocap4r2_msgs__rosidl_typesupport_c.dir/rosidl_typesupport_c/mocap4r2_msgs/msg/rigid_body__type_support.cpp.o\x1b[0m\n'}
[19.591554] (-) TimerEvent: {}
[19.634933] (mocap4r2_control_msgs) StdoutLine: {'line': b'[ 70%] Built target mocap4r2_control_msgs__rosidl_typesupport_introspection_c\n'}
[19.647687] (mocap4r2_msgs) StdoutLine: {'line': b'[ 37%] \x1b[32mBuilding CXX object CMakeFiles/mocap4r2_msgs__rosidl_typesupport_c.dir/rosidl_typesupport_c/mocap4r2_msgs/msg/rigid_bodies__type_support.cpp.o\x1b[0m\n'}
[19.692793] (-) TimerEvent: {}
[19.709578] (mocap4r2_msgs) StdoutLine: {'line': b'[ 39%] \x1b[32m\x1b[1mLinking CXX shared library libmocap4r2_msgs__rosidl_typesupport_c.so\x1b[0m\n'}
[19.754741] (mocap4r2_robot_gt_msgs) StdoutLine: {'line': b'[ 70%] \x1b[32mBuilding CXX object CMakeFiles/mocap4r2_robot_gt_msgs__rosidl_typesupport_fastrtps_cpp.dir/rosidl_typesupport_fastrtps_cpp/mocap4r2_robot_gt_msgs/srv/detail/dds_fastrtps/set_gt_origin__type_support.cpp.o\x1b[0m\n'}
[19.794453] (-) TimerEvent: {}
[19.857600] (mocap4r2_robot_gt_msgs) StdoutLine: {'line': b'[ 73%] \x1b[32m\x1b[1mLinking CXX shared library libmocap4r2_robot_gt_msgs__rosidl_typesupport_fastrtps_cpp.so\x1b[0m\n'}
[19.859375] (mocap4r2_msgs) StdoutLine: {'line': b'[ 39%] Built target mocap4r2_msgs__rosidl_typesupport_c\n'}
[19.870484] (mocap4r2_marker_viz_srvs) StdoutLine: {'line': b'[ 70%] Built target mocap4r2_marker_viz_srvs__rosidl_typesupport_introspection_cpp\n'}
[19.897473] (-) TimerEvent: {}
[19.904530] (mocap4r2_msgs) StdoutLine: {'line': b'[ 40%] \x1b[34m\x1b[1mGenerating C type support for eProsima Fast-RTPS\x1b[0m\n'}
[19.940619] (mocap4r2_msgs) StdoutLine: {'line': b'[ 41%] \x1b[32mBuilding CXX object CMakeFiles/mocap4r2_msgs__rosidl_typesupport_fastrtps_cpp.dir/rosidl_typesupport_fastrtps_cpp/mocap4r2_msgs/msg/detail/dds_fastrtps/marker__type_support.cpp.o\x1b[0m\n'}
[19.999852] (-) TimerEvent: {}
[20.005409] (mocap4r2_control_msgs) StdoutLine: {'line': b'[ 72%] \x1b[32mBuilding CXX object CMakeFiles/mocap4r2_control_msgs__rosidl_typesupport_c.dir/rosidl_typesupport_c/mocap4r2_control_msgs/msg/control__type_support.cpp.o\x1b[0m\n'}
[20.017595] (mocap4r2_control_msgs) StdoutLine: {'line': b'[ 75%] \x1b[32mBuilding CXX object CMakeFiles/mocap4r2_control_msgs__rosidl_typesupport_c.dir/rosidl_typesupport_c/mocap4r2_control_msgs/msg/mocap_info__type_support.cpp.o\x1b[0m\n'}
[20.028639] (mocap4r2_marker_viz_srvs) StdoutLine: {'line': b'[ 72%] \x1b[32mBuilding CXX object CMakeFiles/mocap4r2_marker_viz_srvs__rosidl_typesupport_cpp.dir/rosidl_typesupport_cpp/mocap4r2_marker_viz_srvs/srv/set_marker_color__type_support.cpp.o\x1b[0m\n'}
[20.029056] (mocap4r2_msgs) StdoutLine: {'line': b'[ 43%] \x1b[32mBuilding CXX object CMakeFiles/mocap4r2_msgs__rosidl_typesupport_fastrtps_cpp.dir/rosidl_typesupport_fastrtps_cpp/mocap4r2_msgs/msg/detail/dds_fastrtps/markers__type_support.cpp.o\x1b[0m\n'}
[20.040419] (mocap4r2_marker_viz_srvs) StdoutLine: {'line': b'[ 75%] \x1b[32mBuilding CXX object CMakeFiles/mocap4r2_marker_viz_srvs__rosidl_typesupport_cpp.dir/rosidl_typesupport_cpp/mocap4r2_marker_viz_srvs/srv/reset_marker_color__type_support.cpp.o\x1b[0m\n'}
[20.092360] (mocap4r2_control_msgs) StdoutLine: {'line': b'[ 77%] \x1b[32m\x1b[1mLinking CXX shared library libmocap4r2_control_msgs__rosidl_typesupport_c.so\x1b[0m\n'}
[20.101495] (-) TimerEvent: {}
[20.104086] (mocap4r2_msgs) StdoutLine: {'line': b'[ 44%] \x1b[32mBuilding CXX object CMakeFiles/mocap4r2_msgs__rosidl_typesupport_cpp.dir/rosidl_typesupport_cpp/mocap4r2_msgs/msg/marker__type_support.cpp.o\x1b[0m\n'}
[20.104717] (mocap4r2_msgs) StdoutLine: {'line': b'[ 45%] \x1b[32mBuilding CXX object CMakeFiles/mocap4r2_msgs__rosidl_typesupport_fastrtps_cpp.dir/rosidl_typesupport_fastrtps_cpp/mocap4r2_msgs/msg/detail/dds_fastrtps/imus_info__type_support.cpp.o\x1b[0m\n'}
[20.119763] (mocap4r2_marker_viz_srvs) StdoutLine: {'line': b'[ 77%] \x1b[32m\x1b[1mLinking CXX shared library libmocap4r2_marker_viz_srvs__rosidl_typesupport_cpp.so\x1b[0m\n'}
[20.172876] (mocap4r2_msgs) StdoutLine: {'line': b'[ 47%] \x1b[32mBuilding CXX object CMakeFiles/mocap4r2_msgs__rosidl_typesupport_cpp.dir/rosidl_typesupport_cpp/mocap4r2_msgs/msg/markers__type_support.cpp.o\x1b[0m\n'}
[20.174320] (mocap4r2_msgs) StdoutLine: {'line': b'[ 48%] \x1b[32mBuilding CXX object CMakeFiles/mocap4r2_msgs__rosidl_typesupport_fastrtps_cpp.dir/rosidl_typesupport_fastrtps_cpp/mocap4r2_msgs/msg/detail/dds_fastrtps/rigid_body__type_support.cpp.o\x1b[0m\n'}
[20.202174] (-) TimerEvent: {}
[20.247531] (mocap4r2_msgs) StdoutLine: {'line': b'[ 50%] \x1b[32mBuilding CXX object CMakeFiles/mocap4r2_msgs__rosidl_typesupport_cpp.dir/rosidl_typesupport_cpp/mocap4r2_msgs/msg/imus_info__type_support.cpp.o\x1b[0m\n'}
[20.253241] (mocap4r2_msgs) StdoutLine: {'line': b'[ 51%] \x1b[32mBuilding CXX object CMakeFiles/mocap4r2_msgs__rosidl_typesupport_fastrtps_cpp.dir/rosidl_typesupport_fastrtps_cpp/mocap4r2_msgs/msg/detail/dds_fastrtps/rigid_bodies__type_support.cpp.o\x1b[0m\n'}
[20.263471] (mocap4r2_control_msgs) StdoutLine: {'line': b'[ 77%] Built target mocap4r2_control_msgs__rosidl_typesupport_c\n'}
[20.300838] (mocap4r2_msgs) StdoutLine: {'line': b'[ 52%] \x1b[32mBuilding CXX object CMakeFiles/mocap4r2_msgs__rosidl_typesupport_cpp.dir/rosidl_typesupport_cpp/mocap4r2_msgs/msg/rigid_body__type_support.cpp.o\x1b[0m\n'}
[20.306422] (-) TimerEvent: {}
[20.308991] (mocap4r2_msgs) StdoutLine: {'line': b'[ 54%] \x1b[32mBuilding CXX object CMakeFiles/mocap4r2_msgs__rosidl_typesupport_introspection_cpp.dir/rosidl_typesupport_introspection_cpp/mocap4r2_msgs/msg/detail/marker__type_support.cpp.o\x1b[0m\n'}
[20.328235] (mocap4r2_msgs) StdoutLine: {'line': b'[ 55%] \x1b[32m\x1b[1mLinking CXX shared library libmocap4r2_msgs__rosidl_typesupport_fastrtps_cpp.so\x1b[0m\n'}
[20.364797] (mocap4r2_robot_gt_msgs) StdoutLine: {'line': b'[ 73%] Built target mocap4r2_robot_gt_msgs__rosidl_typesupport_fastrtps_cpp\n'}
[20.373451] (mocap4r2_control_msgs) StdoutLine: {'line': b'[ 77%] Built target mocap4r2_control_msgs\n'}
[20.375148] (mocap4r2_msgs) StdoutLine: {'line': b'[ 56%] \x1b[32mBuilding CXX object CMakeFiles/mocap4r2_msgs__rosidl_typesupport_cpp.dir/rosidl_typesupport_cpp/mocap4r2_msgs/msg/rigid_bodies__type_support.cpp.o\x1b[0m\n'}
[20.382249] (mocap4r2_msgs) StdoutLine: {'line': b'[ 58%] \x1b[32mBuilding CXX object CMakeFiles/mocap4r2_msgs__rosidl_typesupport_introspection_cpp.dir/rosidl_typesupport_introspection_cpp/mocap4r2_msgs/msg/detail/markers__type_support.cpp.o\x1b[0m\n'}
[20.392648] (mocap4r2_marker_viz_srvs) StdoutLine: {'line': b'[ 77%] Built target mocap4r2_marker_viz_srvs__rosidl_typesupport_cpp\n'}
[20.406581] (-) TimerEvent: {}
[20.432729] (mocap4r2_msgs) StdoutLine: {'line': b'[ 59%] \x1b[32mBuilding CXX object CMakeFiles/mocap4r2_msgs__rosidl_typesupport_introspection_cpp.dir/rosidl_typesupport_introspection_cpp/mocap4r2_msgs/msg/detail/imus_info__type_support.cpp.o\x1b[0m\n'}
[20.442136] (mocap4r2_msgs) StdoutLine: {'line': b'[ 60%] \x1b[32m\x1b[1mLinking CXX shared library libmocap4r2_msgs__rosidl_typesupport_cpp.so\x1b[0m\n'}
[20.459447] (mocap4r2_control_msgs) StdoutLine: {'line': b'[ 79%] \x1b[34m\x1b[1mGenerating Python code for ROS interfaces\x1b[0m\n'}
[20.463488] (mocap4r2_robot_gt_msgs) StdoutLine: {'line': b'[ 73%] Built target mocap4r2_robot_gt_msgs\n'}
[20.496003] (mocap4r2_msgs) StdoutLine: {'line': b'[ 62%] \x1b[32mBuilding CXX object CMakeFiles/mocap4r2_msgs__rosidl_typesupport_introspection_cpp.dir/rosidl_typesupport_introspection_cpp/mocap4r2_msgs/msg/detail/rigid_body__type_support.cpp.o\x1b[0m\n'}
[20.507015] (-) TimerEvent: {}
[20.507494] (mocap4r2_marker_viz_srvs) StdoutLine: {'line': b'[ 77%] Built target mocap4r2_marker_viz_srvs\n'}
[20.554229] (mocap4r2_msgs) StdoutLine: {'line': b'[ 63%] \x1b[32mBuilding CXX object CMakeFiles/mocap4r2_msgs__rosidl_typesupport_introspection_cpp.dir/rosidl_typesupport_introspection_cpp/mocap4r2_msgs/msg/detail/rigid_bodies__type_support.cpp.o\x1b[0m\n'}
[20.576603] (mocap4r2_robot_gt_msgs) StdoutLine: {'line': b'[ 76%] \x1b[34m\x1b[1mGenerating Python code for ROS interfaces\x1b[0m\n'}
[20.602641] (mocap4r2_msgs) StdoutLine: {'line': b'[ 64%] \x1b[32m\x1b[1mLinking CXX shared library libmocap4r2_msgs__rosidl_typesupport_introspection_cpp.so\x1b[0m\n'}
[20.607141] (-) TimerEvent: {}
[20.613735] (mocap4r2_marker_viz_srvs) StdoutLine: {'line': b'[ 79%] \x1b[34m\x1b[1mGenerating Python code for ROS interfaces\x1b[0m\n'}
[20.631195] (mocap4r2_msgs) StdoutLine: {'line': b'[ 64%] Built target mocap4r2_msgs__rosidl_typesupport_cpp\n'}
[20.697439] (mocap4r2_msgs) StdoutLine: {'line': b'[ 66%] \x1b[34m\x1b[1mGenerating C introspection for ROS interfaces\x1b[0m\n'}
[20.707272] (-) TimerEvent: {}
[20.807736] (-) TimerEvent: {}
[20.819055] (mocap4r2_msgs) StdoutLine: {'line': b'[ 66%] Built target mocap4r2_msgs__rosidl_typesupport_fastrtps_cpp\n'}
[20.907890] (-) TimerEvent: {}
[21.010415] (-) TimerEvent: {}
[21.011125] (mocap4r2_msgs) StdoutLine: {'line': b'[ 66%] Built target mocap4r2_msgs__rosidl_typesupport_introspection_cpp\n'}
[21.113431] (-) TimerEvent: {}
[21.214012] (-) TimerEvent: {}
[21.314498] (-) TimerEvent: {}
[21.342521] (mocap4r2_msgs) StdoutLine: {'line': b'[ 67%] \x1b[32mBuilding CXX object CMakeFiles/mocap4r2_msgs__rosidl_typesupport_fastrtps_c.dir/rosidl_typesupport_fastrtps_c/mocap4r2_msgs/msg/detail/marker__type_support_c.cpp.o\x1b[0m\n'}
[21.348221] (mocap4r2_msgs) StdoutLine: {'line': b'[ 68%] \x1b[32mBuilding CXX object CMakeFiles/mocap4r2_msgs__rosidl_typesupport_fastrtps_c.dir/rosidl_typesupport_fastrtps_c/mocap4r2_msgs/msg/detail/imus_info__type_support_c.cpp.o\x1b[0m\n'}
[21.349202] (mocap4r2_msgs) StdoutLine: {'line': b'[ 70%] \x1b[32mBuilding CXX object CMakeFiles/mocap4r2_msgs__rosidl_typesupport_fastrtps_c.dir/rosidl_typesupport_fastrtps_c/mocap4r2_msgs/msg/detail/markers__type_support_c.cpp.o\x1b[0m\n'}
[21.378160] (mocap4r2_msgs) StdoutLine: {'line': b'[ 71%] \x1b[32mBuilding CXX object CMakeFiles/mocap4r2_msgs__rosidl_typesupport_fastrtps_c.dir/rosidl_typesupport_fastrtps_c/mocap4r2_msgs/msg/detail/rigid_body__type_support_c.cpp.o\x1b[0m\n'}
[21.384518] (mocap4r2_msgs) StdoutLine: {'line': b'[ 72%] \x1b[32mBuilding CXX object CMakeFiles/mocap4r2_msgs__rosidl_typesupport_fastrtps_c.dir/rosidl_typesupport_fastrtps_c/mocap4r2_msgs/msg/detail/rigid_bodies__type_support_c.cpp.o\x1b[0m\n'}
[21.414614] (-) TimerEvent: {}
[21.416374] (mocap4r2_msgs) StdoutLine: {'line': b'[ 74%] \x1b[32m\x1b[1mLinking CXX shared library libmocap4r2_msgs__rosidl_typesupport_fastrtps_c.so\x1b[0m\n'}
[21.514805] (-) TimerEvent: {}
[21.617720] (-) TimerEvent: {}
[21.719443] (-) TimerEvent: {}
[21.750406] (mocap4r2_robot_gt_msgs) StdoutLine: {'line': b'[ 76%] Built target mocap4r2_robot_gt_msgs__py\n'}
[21.819612] (-) TimerEvent: {}
[21.826054] (mocap4r2_msgs) StdoutLine: {'line': b'[ 74%] Built target mocap4r2_msgs__rosidl_typesupport_fastrtps_c\n'}
[21.830825] (mocap4r2_msgs) StdoutLine: {'line': b'[ 75%] \x1b[32mBuilding C object CMakeFiles/mocap4r2_msgs__rosidl_typesupport_introspection_c.dir/rosidl_typesupport_introspection_c/mocap4r2_msgs/msg/detail/markers__type_support.c.o\x1b[0m\n'}
[21.835698] (mocap4r2_msgs) StdoutLine: {'line': b'[ 77%] \x1b[32mBuilding C object CMakeFiles/mocap4r2_msgs__rosidl_typesupport_introspection_c.dir/rosidl_typesupport_introspection_c/mocap4r2_msgs/msg/detail/imus_info__type_support.c.o\x1b[0m\n'}
[21.843378] (mocap4r2_robot_gt_msgs) StdoutLine: {'line': b'[ 79%] \x1b[32mBuilding C object CMakeFiles/mocap4r2_robot_gt_msgs__rosidl_generator_py.dir/rosidl_generator_py/mocap4r2_robot_gt_msgs/srv/_set_gt_origin_s.c.o\x1b[0m\n'}
[21.843956] (mocap4r2_msgs) StdoutLine: {'line': b'[ 78%] \x1b[32mBuilding C object CMakeFiles/mocap4r2_msgs__rosidl_typesupport_introspection_c.dir/rosidl_typesupport_introspection_c/mocap4r2_msgs/msg/detail/marker__type_support.c.o\x1b[0m\n'}
[21.866950] (mocap4r2_control_msgs) StdoutLine: {'line': b'[ 79%] Built target mocap4r2_control_msgs__py\n'}
[21.871088] (mocap4r2_msgs) StdoutLine: {'line': b'[ 79%] \x1b[32mBuilding C object CMakeFiles/mocap4r2_msgs__rosidl_typesupport_introspection_c.dir/rosidl_typesupport_introspection_c/mocap4r2_msgs/msg/detail/rigid_body__type_support.c.o\x1b[0m\n'}
[21.879941] (mocap4r2_msgs) StdoutLine: {'line': b'[ 81%] \x1b[32mBuilding C object CMakeFiles/mocap4r2_msgs__rosidl_typesupport_introspection_c.dir/rosidl_typesupport_introspection_c/mocap4r2_msgs/msg/detail/rigid_bodies__type_support.c.o\x1b[0m\n'}
[21.898165] (mocap4r2_robot_gt_msgs) StdoutLine: {'line': b'[ 82%] \x1b[32m\x1b[1mLinking C shared library libmocap4r2_robot_gt_msgs__rosidl_generator_py.so\x1b[0m\n'}
[21.909306] (mocap4r2_msgs) StdoutLine: {'line': b'[ 82%] \x1b[32m\x1b[1mLinking C shared library libmocap4r2_msgs__rosidl_typesupport_introspection_c.so\x1b[0m\n'}
[21.919262] (mocap4r2_control_msgs) StdoutLine: {'line': b'[ 81%] \x1b[32mBuilding C object CMakeFiles/mocap4r2_control_msgs__rosidl_generator_py.dir/rosidl_generator_py/mocap4r2_control_msgs/msg/_control_s.c.o\x1b[0m\n'}
[21.919623] (-) TimerEvent: {}
[21.935439] (mocap4r2_control_msgs) StdoutLine: {'line': b'[ 84%] \x1b[32mBuilding C object CMakeFiles/mocap4r2_control_msgs__rosidl_generator_py.dir/rosidl_generator_py/mocap4r2_control_msgs/msg/_mocap_info_s.c.o\x1b[0m\n'}
[21.968706] (mocap4r2_control_msgs) StdoutLine: {'line': b'[ 86%] \x1b[32m\x1b[1mLinking C shared library libmocap4r2_control_msgs__rosidl_generator_py.so\x1b[0m\n'}
[22.010656] (mocap4r2_msgs) StdoutLine: {'line': b'[ 82%] Built target mocap4r2_msgs__rosidl_typesupport_introspection_c\n'}
[22.019841] (-) TimerEvent: {}
[22.055723] (mocap4r2_robot_gt_msgs) StdoutLine: {'line': b'[ 82%] Built target mocap4r2_robot_gt_msgs__rosidl_generator_py\n'}
[22.093818] (mocap4r2_msgs) StdoutLine: {'line': b'[ 82%] Built target mocap4r2_msgs\n'}
[22.123193] (-) TimerEvent: {}
[22.148304] (mocap4r2_robot_gt_msgs) StdoutLine: {'line': b'[ 85%] \x1b[32mBuilding C object CMakeFiles/mocap4r2_robot_gt_msgs_s__rosidl_typesupport_fastrtps_c.dir/rosidl_generator_py/mocap4r2_robot_gt_msgs/_mocap4r2_robot_gt_msgs_s.ep.rosidl_typesupport_fastrtps_c.c.o\x1b[0m\n'}
[22.155969] (mocap4r2_robot_gt_msgs) StdoutLine: {'line': b'[ 88%] \x1b[32mBuilding C object CMakeFiles/mocap4r2_robot_gt_msgs_s__rosidl_typesupport_introspection_c.dir/rosidl_generator_py/mocap4r2_robot_gt_msgs/_mocap4r2_robot_gt_msgs_s.ep.rosidl_typesupport_introspection_c.c.o\x1b[0m\n'}
[22.156572] (mocap4r2_robot_gt_msgs) StdoutLine: {'line': b'[ 91%] \x1b[32mBuilding C object CMakeFiles/mocap4r2_robot_gt_msgs_s__rosidl_typesupport_c.dir/rosidl_generator_py/mocap4r2_robot_gt_msgs/_mocap4r2_robot_gt_msgs_s.ep.rosidl_typesupport_c.c.o\x1b[0m\n'}
[22.166017] (mocap4r2_control_msgs) StdoutLine: {'line': b'[ 86%] Built target mocap4r2_control_msgs__rosidl_generator_py\n'}
[22.198115] (mocap4r2_msgs) StdoutLine: {'line': b'[ 83%] \x1b[34m\x1b[1mGenerating Python code for ROS interfaces\x1b[0m\n'}
[22.199495] (mocap4r2_robot_gt_msgs) StdoutLine: {'line': b'[ 94%] \x1b[32m\x1b[1mLinking C shared module rosidl_generator_py/mocap4r2_robot_gt_msgs/mocap4r2_robot_gt_msgs_s__rosidl_typesupport_introspection_c.so\x1b[0m\n'}
[22.208936] (mocap4r2_robot_gt_msgs) StdoutLine: {'line': b'[ 97%] \x1b[32m\x1b[1mLinking C shared module rosidl_generator_py/mocap4r2_robot_gt_msgs/mocap4r2_robot_gt_msgs_s__rosidl_typesupport_fastrtps_c.so\x1b[0m\n'}
[22.220491] (mocap4r2_robot_gt_msgs) StdoutLine: {'line': b'[100%] \x1b[32m\x1b[1mLinking C shared module rosidl_generator_py/mocap4r2_robot_gt_msgs/mocap4r2_robot_gt_msgs_s__rosidl_typesupport_c.so\x1b[0m\n'}
[22.223361] (-) TimerEvent: {}
[22.242102] (mocap4r2_control_msgs) StdoutLine: {'line': b'[ 88%] \x1b[32mBuilding C object CMakeFiles/mocap4r2_control_msgs_s__rosidl_typesupport_fastrtps_c.dir/rosidl_generator_py/mocap4r2_control_msgs/_mocap4r2_control_msgs_s.ep.rosidl_typesupport_fastrtps_c.c.o\x1b[0m\n'}
[22.244920] (mocap4r2_marker_viz_srvs) StdoutLine: {'line': b'[ 79%] Built target mocap4r2_marker_viz_srvs__py\n'}
[22.264850] (mocap4r2_control_msgs) StdoutLine: {'line': b'[ 90%] \x1b[32mBuilding C object CMakeFiles/mocap4r2_control_msgs_s__rosidl_typesupport_c.dir/rosidl_generator_py/mocap4r2_control_msgs/_mocap4r2_control_msgs_s.ep.rosidl_typesupport_c.c.o\x1b[0m\n'}
[22.278432] (mocap4r2_control_msgs) StdoutLine: {'line': b'[ 93%] \x1b[32mBuilding C object CMakeFiles/mocap4r2_control_msgs_s__rosidl_typesupport_introspection_c.dir/rosidl_generator_py/mocap4r2_control_msgs/_mocap4r2_control_msgs_s.ep.rosidl_typesupport_introspection_c.c.o\x1b[0m\n'}
[22.308847] (mocap4r2_control_msgs) StdoutLine: {'line': b'[ 95%] \x1b[32m\x1b[1mLinking C shared module rosidl_generator_py/mocap4r2_control_msgs/mocap4r2_control_msgs_s__rosidl_typesupport_fastrtps_c.so\x1b[0m\n'}
[22.323520] (-) TimerEvent: {}
[22.333539] (mocap4r2_marker_viz_srvs) StdoutLine: {'line': b'[ 81%] \x1b[32mBuilding C object CMakeFiles/mocap4r2_marker_viz_srvs__rosidl_generator_py.dir/rosidl_generator_py/mocap4r2_marker_viz_srvs/srv/_set_marker_color_s.c.o\x1b[0m\n'}
[22.336451] (mocap4r2_control_msgs) StdoutLine: {'line': b'[ 97%] \x1b[32m\x1b[1mLinking C shared module rosidl_generator_py/mocap4r2_control_msgs/mocap4r2_control_msgs_s__rosidl_typesupport_introspection_c.so\x1b[0m\n'}
[22.336846] (mocap4r2_control_msgs) StdoutLine: {'line': b'[100%] \x1b[32m\x1b[1mLinking C shared module rosidl_generator_py/mocap4r2_control_msgs/mocap4r2_control_msgs_s__rosidl_typesupport_c.so\x1b[0m\n'}
[22.341860] (mocap4r2_marker_viz_srvs) StdoutLine: {'line': b'[ 84%] \x1b[32mBuilding C object CMakeFiles/mocap4r2_marker_viz_srvs__rosidl_generator_py.dir/rosidl_generator_py/mocap4r2_marker_viz_srvs/srv/_reset_marker_color_s.c.o\x1b[0m\n'}
[22.392696] (mocap4r2_robot_gt_msgs) StdoutLine: {'line': b'[100%] Built target mocap4r2_robot_gt_msgs_s__rosidl_typesupport_fastrtps_c\n'}
[22.393113] (mocap4r2_robot_gt_msgs) StdoutLine: {'line': b'[100%] Built target mocap4r2_robot_gt_msgs_s__rosidl_typesupport_introspection_c\n'}
[22.405495] (mocap4r2_robot_gt_msgs) StdoutLine: {'line': b'[100%] Built target mocap4r2_robot_gt_msgs_s__rosidl_typesupport_c\n'}
[22.422851] (mocap4r2_marker_viz_srvs) StdoutLine: {'line': b'[ 86%] \x1b[32m\x1b[1mLinking C shared library libmocap4r2_marker_viz_srvs__rosidl_generator_py.so\x1b[0m\n'}
[22.427859] (-) TimerEvent: {}
[22.466524] (mocap4r2_robot_gt_msgs) CommandEnded: {'returncode': 0}
[22.467341] (mocap4r2_robot_gt_msgs) JobProgress: {'identifier': 'mocap4r2_robot_gt_msgs', 'progress': 'install'}
[22.467751] (mocap4r2_control_msgs) StdoutLine: {'line': b'[100%] Built target mocap4r2_control_msgs_s__rosidl_typesupport_c\n'}
[22.469789] (mocap4r2_control_msgs) StdoutLine: {'line': b'[100%] Built target mocap4r2_control_msgs_s__rosidl_typesupport_introspection_c\n'}
[22.472381] (mocap4r2_control_msgs) StdoutLine: {'line': b'[100%] Built target mocap4r2_control_msgs_s__rosidl_typesupport_fastrtps_c\n'}
[22.502355] (mocap4r2_robot_gt_msgs) Command: {'cmd': ['/usr/bin/cmake', '--install', '/home/strain-drone/Documents/drone_position_hold/ros2_ws/src/build/mocap4r2_robot_gt_msgs'], 'cwd': '/home/strain-drone/Documents/drone_position_hold/ros2_ws/src/build/mocap4r2_robot_gt_msgs', 'env': OrderedDict({'LESSOPEN': '| /usr/bin/lesspipe %s', 'USER': 'strain-drone', 'SSH_CLIENT': '100.125.10.128 53782 22', 'XDG_SESSION_TYPE': 'tty', 'GIT_ASKPASS': '/home/strain-drone/.vscode-server/cli/servers/Stable-b6a47e94e326b5c209d118cf0f994d6065585705/server/extensions/git/dist/askpass.sh', 'SHLVL': '2', 'LD_LIBRARY_PATH': '/opt/ros/jazzy/opt/rviz_ogre_vendor/lib:/opt/ros/jazzy/lib/aarch64-linux-gnu:/opt/ros/jazzy/opt/gz_math_vendor/lib:/opt/ros/jazzy/opt/gz_utils_vendor/lib:/opt/ros/jazzy/opt/gz_cmake_vendor/lib:/opt/ros/jazzy/lib:/home/strain-drone/Documents/drone_position_hold/ros2_ws/src/natnet_ros2/deps/NatNetSDK/lib:/home/strain-drone/Documents/drone_position_hold/ros2_ws/src/natnet_ros2/deps/NatNetSDK/lib', 'BROWSER': '/home/strain-drone/.vscode-server/cli/servers/Stable-b6a47e94e326b5c209d118cf0f994d6065585705/server/bin/helpers/browser.sh', 'HOME': '/home/strain-drone', 'TERM_PROGRAM_VERSION': '1.109.3', 'VSCODE_IPC_HOOK_CLI': '/run/user/1002/vscode-ipc-7f844f56-ced9-4e8e-9017-09603271f316.sock', 'ROS_PYTHON_VERSION': '3', 'VSCODE_GIT_ASKPASS_MAIN': '/home/strain-drone/.vscode-server/cli/servers/Stable-b6a47e94e326b5c209d118cf0f994d6065585705/server/extensions/git/dist/askpass-main.js', 'PS1': '\\[\x1b]633;A\x07\\]\\[\\e]0;\\u@\\h: \\w\\a\\]${debian_chroot:+($debian_chroot)}\\[\\033[01;32m\\]\\u@\\h\\[\\033[00m\\]:\\[\\033[01;34m\\]\\w\\[\\033[00m\\]\\$ \\[\x1b]633;B\x07\\]', 'VSCODE_GIT_ASKPASS_NODE': '/home/strain-drone/.vscode-server/cli/servers/Stable-b6a47e94e326b5c209d118cf0f994d6065585705/server/node', 'SSL_CERT_FILE': '/usr/lib/ssl/cert.pem', 'VSCODE_PYTHON_AUTOACTIVATE_GUARD': '1', 'DBUS_SESSION_BUS_ADDRESS': 'unix:path=/run/user/1002/bus', 'COLORTERM': 'truecolor', 'DEBUGINFOD_URLS': 'https://debuginfod.ubuntu.com', 'ROS_DISTRO': 'jazzy', 'LOGNAME': 'strain-drone', '_': '/usr/bin/colcon', 'ROS_VERSION': '2', 'XDG_SESSION_CLASS': 'user', 'TERM': 'xterm-256color', 'XDG_SESSION_ID': '12', 'PATH': '/home/strain-drone/.vscode-server/data/User/globalStorage/github.copilot-chat/debugCommand:/home/strain-drone/.vscode-server/data/User/globalStorage/github.copilot-chat/copilotCli:/home/strain-drone/.vscode-server/cli/servers/Stable-b6a47e94e326b5c209d118cf0f994d6065585705/server/bin/remote-cli:/usr/lib/ccache:/home/strain-drone/Documents/ardupilot/Tools/autotest:/opt/gcc-arm-none-eabi-10-2020-q4-major/bin:/home/strain-drone/venv-ardupilot/bin:/home/strain-drone/.local/bin:/opt/ros/jazzy/bin:/usr/lib/ccache:/home/strain-drone/Documents/ardupilot/Tools/autotest:/opt/gcc-arm-none-eabi-10-2020-q4-major/bin:/home/strain-drone/venv-ardupilot/bin:/home/strain-drone/.local/bin:/usr/local/sbin:/usr/local/bin:/usr/sbin:/usr/bin:/sbin:/bin:/usr/games:/usr/local/games:/snap/bin:/home/strain-drone/.local/bin:/home/strain-drone/.local/bin:/home/strain-drone/.local/bin:/home/strain-drone/.local/bin', 'XDG_RUNTIME_DIR': '/run/user/1002', 'SSL_CERT_DIR': '/usr/lib/ssl/certs', 'LANG': 'en_US.UTF-8', 'VIRTUAL_ENV_PROMPT': '(venv-ardupilot)', 'LS_COLORS': 'rs=0:di=01;34:ln=01;36:mh=00:pi=40;33:so=01;35:do=01;35:bd=40;33;01:cd=40;33;01:or=40;31;01:mi=00:su=37;41:sg=30;43:ca=00:tw=30;42:ow=34;42:st=37;44:ex=01;32:*.tar=01;31:*.tgz=01;31:*.arc=01;31:*.arj=01;31:*.taz=01;31:*.lha=01;31:*.lz4=01;31:*.lzh=01;31:*.lzma=01;31:*.tlz=01;31:*.txz=01;31:*.tzo=01;31:*.t7z=01;31:*.zip=01;31:*.z=01;31:*.dz=01;31:*.gz=01;31:*.lrz=01;31:*.lz=01;31:*.lzo=01;31:*.xz=01;31:*.zst=01;31:*.tzst=01;31:*.bz2=01;31:*.bz=01;31:*.tbz=01;31:*.tbz2=01;31:*.tz=01;31:*.deb=01;31:*.rpm=01;31:*.jar=01;31:*.war=01;31:*.ear=01;31:*.sar=01;31:*.rar=01;31:*.alz=01;31:*.ace=01;31:*.zoo=01;31:*.cpio=01;31:*.7z=01;31:*.rz=01;31:*.cab=01;31:*.wim=01;31:*.swm=01;31:*.dwm=01;31:*.esd=01;31:*.avif=01;35:*.jpg=01;35:*.jpeg=01;35:*.mjpg=01;35:*.mjpeg=01;35:*.gif=01;35:*.bmp=01;35:*.pbm=01;35:*.pgm=01;35:*.ppm=01;35:*.tga=01;35:*.xbm=01;35:*.xpm=01;35:*.tif=01;35:*.tiff=01;35:*.png=01;35:*.svg=01;35:*.svgz=01;35:*.mng=01;35:*.pcx=01;35:*.mov=01;35:*.mpg=01;35:*.mpeg=01;35:*.m2v=01;35:*.mkv=01;35:*.webm=01;35:*.webp=01;35:*.ogm=01;35:*.mp4=01;35:*.m4v=01;35:*.mp4v=01;35:*.vob=01;35:*.qt=01;35:*.nuv=01;35:*.wmv=01;35:*.asf=01;35:*.rm=01;35:*.rmvb=01;35:*.flc=01;35:*.avi=01;35:*.fli=01;35:*.flv=01;35:*.gl=01;35:*.dl=01;35:*.xcf=01;35:*.xwd=01;35:*.yuv=01;35:*.cgm=01;35:*.emf=01;35:*.ogv=01;35:*.ogx=01;35:*.aac=00;36:*.au=00;36:*.flac=00;36:*.m4a=00;36:*.mid=00;36:*.midi=00;36:*.mka=00;36:*.mp3=00;36:*.mpc=00;36:*.ogg=00;36:*.ra=00;36:*.wav=00;36:*.oga=00;36:*.opus=00;36:*.spx=00;36:*.xspf=00;36:*~=00;90:*#=00;90:*.bak=00;90:*.crdownload=00;90:*.dpkg-dist=00;90:*.dpkg-new=00;90:*.dpkg-old=00;90:*.dpkg-tmp=00;90:*.old=00;90:*.orig=00;90:*.part=00;90:*.rej=00;90:*.rpmnew=00;90:*.rpmorig=00;90:*.rpmsave=00;90:*.swp=00;90:*.tmp=00;90:*.ucf-dist=00;90:*.ucf-new=00;90:*.ucf-old=00;90:', 'VSCODE_GIT_IPC_HANDLE': '/run/user/1002/vscode-git-227cc40744.sock', 'TERM_PROGRAM': 'vscode', 'ROS_DOMAIN_ID': '1', 'AMENT_PREFIX_PATH': '/opt/ros/jazzy', 'SHELL': '/bin/bash', 'LESSCLOSE': '/usr/bin/lesspipe %s %s', 'VIRTUAL_ENV': '/home/strain-drone/venv-ardupilot', 'ROS_AUTOMATIC_DISCOVERY_RANGE': 'SUBNET', 'VSCODE_GIT_ASKPASS_EXTRA_ARGS': '', 'PWD': '/home/strain-drone/Documents/drone_position_hold/ros2_ws/src/build/mocap4r2_robot_gt_msgs', 'LC_ALL': 'en_US.UTF-8', 'SSH_CONNECTION': '100.125.10.128 53782 100.96.124.69 22', 'XDG_DATA_DIRS': '/usr/share/gnome:/usr/local/share:/usr/share:/var/lib/snapd/desktop', 'PYTHONPATH': '/opt/ros/jazzy/lib/python3.12/site-packages', 'COLCON': '1', 'CMAKE_PREFIX_PATH': '/opt/ros/jazzy/opt/gz_math_vendor:/opt/ros/jazzy/opt/gz_utils_vendor:/opt/ros/jazzy/opt/gz_cmake_vendor:/opt/ros/jazzy'}), 'shell': False}
[22.509676] (mocap4r2_control_msgs) CommandEnded: {'returncode': 0}
[22.510521] (mocap4r2_control_msgs) JobProgress: {'identifier': 'mocap4r2_control_msgs', 'progress': 'install'}
[22.510584] (mocap4r2_control_msgs) Command: {'cmd': ['/usr/bin/cmake', '--install', '/home/strain-drone/Documents/drone_position_hold/ros2_ws/src/build/mocap4r2_control_msgs'], 'cwd': '/home/strain-drone/Documents/drone_position_hold/ros2_ws/src/build/mocap4r2_control_msgs', 'env': OrderedDict({'LESSOPEN': '| /usr/bin/lesspipe %s', 'USER': 'strain-drone', 'SSH_CLIENT': '100.125.10.128 53782 22', 'XDG_SESSION_TYPE': 'tty', 'GIT_ASKPASS': '/home/strain-drone/.vscode-server/cli/servers/Stable-b6a47e94e326b5c209d118cf0f994d6065585705/server/extensions/git/dist/askpass.sh', 'SHLVL': '2', 'LD_LIBRARY_PATH': '/opt/ros/jazzy/opt/rviz_ogre_vendor/lib:/opt/ros/jazzy/lib/aarch64-linux-gnu:/opt/ros/jazzy/opt/gz_math_vendor/lib:/opt/ros/jazzy/opt/gz_utils_vendor/lib:/opt/ros/jazzy/opt/gz_cmake_vendor/lib:/opt/ros/jazzy/lib:/home/strain-drone/Documents/drone_position_hold/ros2_ws/src/natnet_ros2/deps/NatNetSDK/lib:/home/strain-drone/Documents/drone_position_hold/ros2_ws/src/natnet_ros2/deps/NatNetSDK/lib', 'BROWSER': '/home/strain-drone/.vscode-server/cli/servers/Stable-b6a47e94e326b5c209d118cf0f994d6065585705/server/bin/helpers/browser.sh', 'HOME': '/home/strain-drone', 'TERM_PROGRAM_VERSION': '1.109.3', 'VSCODE_IPC_HOOK_CLI': '/run/user/1002/vscode-ipc-7f844f56-ced9-4e8e-9017-09603271f316.sock', 'ROS_PYTHON_VERSION': '3', 'VSCODE_GIT_ASKPASS_MAIN': '/home/strain-drone/.vscode-server/cli/servers/Stable-b6a47e94e326b5c209d118cf0f994d6065585705/server/extensions/git/dist/askpass-main.js', 'PS1': '\\[\x1b]633;A\x07\\]\\[\\e]0;\\u@\\h: \\w\\a\\]${debian_chroot:+($debian_chroot)}\\[\\033[01;32m\\]\\u@\\h\\[\\033[00m\\]:\\[\\033[01;34m\\]\\w\\[\\033[00m\\]\\$ \\[\x1b]633;B\x07\\]', 'VSCODE_GIT_ASKPASS_NODE': '/home/strain-drone/.vscode-server/cli/servers/Stable-b6a47e94e326b5c209d118cf0f994d6065585705/server/node', 'SSL_CERT_FILE': '/usr/lib/ssl/cert.pem', 'VSCODE_PYTHON_AUTOACTIVATE_GUARD': '1', 'DBUS_SESSION_BUS_ADDRESS': 'unix:path=/run/user/1002/bus', 'COLORTERM': 'truecolor', 'DEBUGINFOD_URLS': 'https://debuginfod.ubuntu.com', 'ROS_DISTRO': 'jazzy', 'LOGNAME': 'strain-drone', '_': '/usr/bin/colcon', 'ROS_VERSION': '2', 'XDG_SESSION_CLASS': 'user', 'TERM': 'xterm-256color', 'XDG_SESSION_ID': '12', 'PATH': '/home/strain-drone/.vscode-server/data/User/globalStorage/github.copilot-chat/debugCommand:/home/strain-drone/.vscode-server/data/User/globalStorage/github.copilot-chat/copilotCli:/home/strain-drone/.vscode-server/cli/servers/Stable-b6a47e94e326b5c209d118cf0f994d6065585705/server/bin/remote-cli:/usr/lib/ccache:/home/strain-drone/Documents/ardupilot/Tools/autotest:/opt/gcc-arm-none-eabi-10-2020-q4-major/bin:/home/strain-drone/venv-ardupilot/bin:/home/strain-drone/.local/bin:/opt/ros/jazzy/bin:/usr/lib/ccache:/home/strain-drone/Documents/ardupilot/Tools/autotest:/opt/gcc-arm-none-eabi-10-2020-q4-major/bin:/home/strain-drone/venv-ardupilot/bin:/home/strain-drone/.local/bin:/usr/local/sbin:/usr/local/bin:/usr/sbin:/usr/bin:/sbin:/bin:/usr/games:/usr/local/games:/snap/bin:/home/strain-drone/.local/bin:/home/strain-drone/.local/bin:/home/strain-drone/.local/bin:/home/strain-drone/.local/bin', 'XDG_RUNTIME_DIR': '/run/user/1002', 'SSL_CERT_DIR': '/usr/lib/ssl/certs', 'LANG': 'en_US.UTF-8', 'VIRTUAL_ENV_PROMPT': '(venv-ardupilot)', 'LS_COLORS': 'rs=0:di=01;34:ln=01;36:mh=00:pi=40;33:so=01;35:do=01;35:bd=40;33;01:cd=40;33;01:or=40;31;01:mi=00:su=37;41:sg=30;43:ca=00:tw=30;42:ow=34;42:st=37;44:ex=01;32:*.tar=01;31:*.tgz=01;31:*.arc=01;31:*.arj=01;31:*.taz=01;31:*.lha=01;31:*.lz4=01;31:*.lzh=01;31:*.lzma=01;31:*.tlz=01;31:*.txz=01;31:*.tzo=01;31:*.t7z=01;31:*.zip=01;31:*.z=01;31:*.dz=01;31:*.gz=01;31:*.lrz=01;31:*.lz=01;31:*.lzo=01;31:*.xz=01;31:*.zst=01;31:*.tzst=01;31:*.bz2=01;31:*.bz=01;31:*.tbz=01;31:*.tbz2=01;31:*.tz=01;31:*.deb=01;31:*.rpm=01;31:*.jar=01;31:*.war=01;31:*.ear=01;31:*.sar=01;31:*.rar=01;31:*.alz=01;31:*.ace=01;31:*.zoo=01;31:*.cpio=01;31:*.7z=01;31:*.rz=01;31:*.cab=01;31:*.wim=01;31:*.swm=01;31:*.dwm=01;31:*.esd=01;31:*.avif=01;35:*.jpg=01;35:*.jpeg=01;35:*.mjpg=01;35:*.mjpeg=01;35:*.gif=01;35:*.bmp=01;35:*.pbm=01;35:*.pgm=01;35:*.ppm=01;35:*.tga=01;35:*.xbm=01;35:*.xpm=01;35:*.tif=01;35:*.tiff=01;35:*.png=01;35:*.svg=01;35:*.svgz=01;35:*.mng=01;35:*.pcx=01;35:*.mov=01;35:*.mpg=01;35:*.mpeg=01;35:*.m2v=01;35:*.mkv=01;35:*.webm=01;35:*.webp=01;35:*.ogm=01;35:*.mp4=01;35:*.m4v=01;35:*.mp4v=01;35:*.vob=01;35:*.qt=01;35:*.nuv=01;35:*.wmv=01;35:*.asf=01;35:*.rm=01;35:*.rmvb=01;35:*.flc=01;35:*.avi=01;35:*.fli=01;35:*.flv=01;35:*.gl=01;35:*.dl=01;35:*.xcf=01;35:*.xwd=01;35:*.yuv=01;35:*.cgm=01;35:*.emf=01;35:*.ogv=01;35:*.ogx=01;35:*.aac=00;36:*.au=00;36:*.flac=00;36:*.m4a=00;36:*.mid=00;36:*.midi=00;36:*.mka=00;36:*.mp3=00;36:*.mpc=00;36:*.ogg=00;36:*.ra=00;36:*.wav=00;36:*.oga=00;36:*.opus=00;36:*.spx=00;36:*.xspf=00;36:*~=00;90:*#=00;90:*.bak=00;90:*.crdownload=00;90:*.dpkg-dist=00;90:*.dpkg-new=00;90:*.dpkg-old=00;90:*.dpkg-tmp=00;90:*.old=00;90:*.orig=00;90:*.part=00;90:*.rej=00;90:*.rpmnew=00;90:*.rpmorig=00;90:*.rpmsave=00;90:*.swp=00;90:*.tmp=00;90:*.ucf-dist=00;90:*.ucf-new=00;90:*.ucf-old=00;90:', 'VSCODE_GIT_IPC_HANDLE': '/run/user/1002/vscode-git-227cc40744.sock', 'TERM_PROGRAM': 'vscode', 'ROS_DOMAIN_ID': '1', 'AMENT_PREFIX_PATH': '/opt/ros/jazzy', 'SHELL': '/bin/bash', 'LESSCLOSE': '/usr/bin/lesspipe %s %s', 'VIRTUAL_ENV': '/home/strain-drone/venv-ardupilot', 'ROS_AUTOMATIC_DISCOVERY_RANGE': 'SUBNET', 'VSCODE_GIT_ASKPASS_EXTRA_ARGS': '', 'PWD': '/home/strain-drone/Documents/drone_position_hold/ros2_ws/src/build/mocap4r2_control_msgs', 'LC_ALL': 'en_US.UTF-8', 'SSH_CONNECTION': '100.125.10.128 53782 100.96.124.69 22', 'XDG_DATA_DIRS': '/usr/share/gnome:/usr/local/share:/usr/share:/var/lib/snapd/desktop', 'PYTHONPATH': '/opt/ros/jazzy/lib/python3.12/site-packages', 'COLCON': '1', 'CMAKE_PREFIX_PATH': '/opt/ros/jazzy/opt/gz_math_vendor:/opt/ros/jazzy/opt/gz_utils_vendor:/opt/ros/jazzy/opt/gz_cmake_vendor:/opt/ros/jazzy'}), 'shell': False}
[22.527526] (mocap4r2_robot_gt_msgs) StdoutLine: {'line': b'-- Install configuration: ""\n'}
[22.530469] (-) TimerEvent: {}
[22.530887] (mocap4r2_robot_gt_msgs) StdoutLine: {'line': b'-- Installing: /home/strain-drone/Documents/drone_position_hold/ros2_ws/src/install/mocap4r2_robot_gt_msgs/share/ament_index/resource_index/rosidl_interfaces/mocap4r2_robot_gt_msgs\n'}
[22.531159] (mocap4r2_robot_gt_msgs) StdoutLine: {'line': b'-- Installing: /home/strain-drone/Documents/drone_position_hold/ros2_ws/src/install/mocap4r2_robot_gt_msgs/share/mocap4r2_robot_gt_msgs/srv/SetGTOrigin.json\n'}
[22.532049] (mocap4r2_robot_gt_msgs) StdoutLine: {'line': b'-- Installing: /home/strain-drone/Documents/drone_position_hold/ros2_ws/src/install/mocap4r2_robot_gt_msgs/include/mocap4r2_robot_gt_msgs/mocap4r2_robot_gt_msgs\n'}
[22.532429] (mocap4r2_robot_gt_msgs) StdoutLine: {'line': b'-- Installing: /home/strain-drone/Documents/drone_position_hold/ros2_ws/src/install/mocap4r2_robot_gt_msgs/include/mocap4r2_robot_gt_msgs/mocap4r2_robot_gt_msgs/srv\n'}
[22.533088] (mocap4r2_robot_gt_msgs) StdoutLine: {'line': b'-- Installing: /home/strain-drone/Documents/drone_position_hold/ros2_ws/src/install/mocap4r2_robot_gt_msgs/include/mocap4r2_robot_gt_msgs/mocap4r2_robot_gt_msgs/srv/set_gt_origin.h\n'}
[22.533644] (mocap4r2_robot_gt_msgs) StdoutLine: {'line': b'-- Installing: /home/strain-drone/Documents/drone_position_hold/ros2_ws/src/install/mocap4r2_robot_gt_msgs/include/mocap4r2_robot_gt_msgs/mocap4r2_robot_gt_msgs/srv/detail\n'}
[22.533903] (mocap4r2_robot_gt_msgs) StdoutLine: {'line': b'-- Installing: /home/strain-drone/Documents/drone_position_hold/ros2_ws/src/install/mocap4r2_robot_gt_msgs/include/mocap4r2_robot_gt_msgs/mocap4r2_robot_gt_msgs/srv/detail/set_gt_origin__struct.h\n'}
[22.535498] (mocap4r2_robot_gt_msgs) StdoutLine: {'line': b'-- Installing: /home/strain-drone/Documents/drone_position_hold/ros2_ws/src/install/mocap4r2_robot_gt_msgs/include/mocap4r2_robot_gt_msgs/mocap4r2_robot_gt_msgs/srv/detail/set_gt_origin__description.c\n'}
[22.535861] (mocap4r2_robot_gt_msgs) StdoutLine: {'line': b'-- Installing: /home/strain-drone/Documents/drone_position_hold/ros2_ws/src/install/mocap4r2_robot_gt_msgs/include/mocap4r2_robot_gt_msgs/mocap4r2_robot_gt_msgs/srv/detail/set_gt_origin__functions.c\n'}
[22.536147] (mocap4r2_robot_gt_msgs) StdoutLine: {'line': b'-- Installing: /home/strain-drone/Documents/drone_position_hold/ros2_ws/src/install/mocap4r2_robot_gt_msgs/include/mocap4r2_robot_gt_msgs/mocap4r2_robot_gt_msgs/srv/detail/set_gt_origin__type_support.c\n'}
[22.536364] (mocap4r2_robot_gt_msgs) StdoutLine: {'line': b'-- Installing: /home/strain-drone/Documents/drone_position_hold/ros2_ws/src/install/mocap4r2_robot_gt_msgs/include/mocap4r2_robot_gt_msgs/mocap4r2_robot_gt_msgs/srv/detail/set_gt_origin__functions.h\n'}
[22.536594] (mocap4r2_robot_gt_msgs) StdoutLine: {'line': b'-- Installing: /home/strain-drone/Documents/drone_position_hold/ros2_ws/src/install/mocap4r2_robot_gt_msgs/include/mocap4r2_robot_gt_msgs/mocap4r2_robot_gt_msgs/srv/detail/set_gt_origin__type_support.h\n'}
[22.536766] (mocap4r2_robot_gt_msgs) StdoutLine: {'line': b'-- Installing: /home/strain-drone/Documents/drone_position_hold/ros2_ws/src/install/mocap4r2_robot_gt_msgs/include/mocap4r2_robot_gt_msgs/mocap4r2_robot_gt_msgs/msg\n'}
[22.536935] (mocap4r2_robot_gt_msgs) StdoutLine: {'line': b'-- Installing: /home/strain-drone/Documents/drone_position_hold/ros2_ws/src/install/mocap4r2_robot_gt_msgs/include/mocap4r2_robot_gt_msgs/mocap4r2_robot_gt_msgs/msg/rosidl_generator_c__visibility_control.h\n'}
[22.537867] (mocap4r2_robot_gt_msgs) StdoutLine: {'line': b'-- Installing: /home/strain-drone/Documents/drone_position_hold/ros2_ws/src/install/mocap4r2_robot_gt_msgs/share/mocap4r2_robot_gt_msgs/environment/library_path.sh\n'}
[22.540738] (mocap4r2_robot_gt_msgs) StdoutLine: {'line': b'-- Installing: /home/strain-drone/Documents/drone_position_hold/ros2_ws/src/install/mocap4r2_robot_gt_msgs/share/mocap4r2_robot_gt_msgs/environment/library_path.dsv\n'}
[22.540936] (mocap4r2_robot_gt_msgs) StdoutLine: {'line': b'-- Installing: /home/strain-drone/Documents/drone_position_hold/ros2_ws/src/install/mocap4r2_robot_gt_msgs/lib/libmocap4r2_robot_gt_msgs__rosidl_generator_c.so\n'}
[22.542360] (mocap4r2_robot_gt_msgs) StdoutLine: {'line': b'-- Set non-toolchain portion of runtime path of "/home/strain-drone/Documents/drone_position_hold/ros2_ws/src/install/mocap4r2_robot_gt_msgs/lib/libmocap4r2_robot_gt_msgs__rosidl_generator_c.so" to ""\n'}
[22.543645] (mocap4r2_robot_gt_msgs) StdoutLine: {'line': b'-- Up-to-date: /home/strain-drone/Documents/drone_position_hold/ros2_ws/src/install/mocap4r2_robot_gt_msgs/include/mocap4r2_robot_gt_msgs/mocap4r2_robot_gt_msgs\n'}
[22.544012] (mocap4r2_robot_gt_msgs) StdoutLine: {'line': b'-- Up-to-date: /home/strain-drone/Documents/drone_position_hold/ros2_ws/src/install/mocap4r2_robot_gt_msgs/include/mocap4r2_robot_gt_msgs/mocap4r2_robot_gt_msgs/srv\n'}
[22.544187] (mocap4r2_robot_gt_msgs) StdoutLine: {'line': b'-- Up-to-date: /home/strain-drone/Documents/drone_position_hold/ros2_ws/src/install/mocap4r2_robot_gt_msgs/include/mocap4r2_robot_gt_msgs/mocap4r2_robot_gt_msgs/srv/detail\n'}
[22.544305] (mocap4r2_robot_gt_msgs) StdoutLine: {'line': b'-- Installing: /home/strain-drone/Documents/drone_position_hold/ros2_ws/src/install/mocap4r2_robot_gt_msgs/include/mocap4r2_robot_gt_msgs/mocap4r2_robot_gt_msgs/srv/detail/set_gt_origin__rosidl_typesupport_fastrtps_c.h\n'}
[22.544507] (mocap4r2_robot_gt_msgs) StdoutLine: {'line': b'-- Up-to-date: /home/strain-drone/Documents/drone_position_hold/ros2_ws/src/install/mocap4r2_robot_gt_msgs/include/mocap4r2_robot_gt_msgs/mocap4r2_robot_gt_msgs/msg\n'}
[22.545119] (mocap4r2_robot_gt_msgs) StdoutLine: {'line': b'-- Installing: /home/strain-drone/Documents/drone_position_hold/ros2_ws/src/install/mocap4r2_robot_gt_msgs/include/mocap4r2_robot_gt_msgs/mocap4r2_robot_gt_msgs/msg/rosidl_typesupport_fastrtps_c__visibility_control.h\n'}
[22.545375] (mocap4r2_robot_gt_msgs) StdoutLine: {'line': b'-- Installing: /home/strain-drone/Documents/drone_position_hold/ros2_ws/src/install/mocap4r2_robot_gt_msgs/lib/libmocap4r2_robot_gt_msgs__rosidl_typesupport_fastrtps_c.so\n'}
[22.547674] (mocap4r2_robot_gt_msgs) StdoutLine: {'line': b'-- Set non-toolchain portion of runtime path of "/home/strain-drone/Documents/drone_position_hold/ros2_ws/src/install/mocap4r2_robot_gt_msgs/lib/libmocap4r2_robot_gt_msgs__rosidl_typesupport_fastrtps_c.so" to ""\n'}
[22.547978] (mocap4r2_control_msgs) StdoutLine: {'line': b'-- Install configuration: ""\n'}
[22.548218] (mocap4r2_control_msgs) StdoutLine: {'line': b'-- Installing: /home/strain-drone/Documents/drone_position_hold/ros2_ws/src/install/mocap4r2_control_msgs/share/ament_index/resource_index/rosidl_interfaces/mocap4r2_control_msgs\n'}
[22.548470] (mocap4r2_robot_gt_msgs) StdoutLine: {'line': b'-- Up-to-date: /home/strain-drone/Documents/drone_position_hold/ros2_ws/src/install/mocap4r2_robot_gt_msgs/include/mocap4r2_robot_gt_msgs/mocap4r2_robot_gt_msgs\n'}
[22.548647] (mocap4r2_robot_gt_msgs) StdoutLine: {'line': b'-- Up-to-date: /home/strain-drone/Documents/drone_position_hold/ros2_ws/src/install/mocap4r2_robot_gt_msgs/include/mocap4r2_robot_gt_msgs/mocap4r2_robot_gt_msgs/srv\n'}
[22.549121] (mocap4r2_robot_gt_msgs) StdoutLine: {'line': b'-- Up-to-date: /home/strain-drone/Documents/drone_position_hold/ros2_ws/src/install/mocap4r2_robot_gt_msgs/include/mocap4r2_robot_gt_msgs/mocap4r2_robot_gt_msgs/srv/detail\n'}
[22.550565] (mocap4r2_robot_gt_msgs) StdoutLine: {'line': b'-- Installing: /home/strain-drone/Documents/drone_position_hold/ros2_ws/src/install/mocap4r2_robot_gt_msgs/include/mocap4r2_robot_gt_msgs/mocap4r2_robot_gt_msgs/srv/detail/set_gt_origin__type_support.c\n'}
[22.550810] (mocap4r2_robot_gt_msgs) StdoutLine: {'line': b'-- Installing: /home/strain-drone/Documents/drone_position_hold/ros2_ws/src/install/mocap4r2_robot_gt_msgs/include/mocap4r2_robot_gt_msgs/mocap4r2_robot_gt_msgs/srv/detail/set_gt_origin__rosidl_typesupport_introspection_c.h\n'}
[22.551071] (mocap4r2_control_msgs) StdoutLine: {'line': b'-- Installing: /home/strain-drone/Documents/drone_position_hold/ros2_ws/src/install/mocap4r2_control_msgs/share/mocap4r2_control_msgs/msg/Control.json\n'}
[22.551241] (mocap4r2_control_msgs) StdoutLine: {'line': b'-- Installing: /home/strain-drone/Documents/drone_position_hold/ros2_ws/src/install/mocap4r2_control_msgs/share/mocap4r2_control_msgs/msg/MocapInfo.json\n'}
[22.551409] (mocap4r2_control_msgs) StdoutLine: {'line': b'-- Installing: /home/strain-drone/Documents/drone_position_hold/ros2_ws/src/install/mocap4r2_control_msgs/include/mocap4r2_control_msgs/mocap4r2_control_msgs\n'}
[22.551509] (mocap4r2_robot_gt_msgs) StdoutLine: {'line': b'-- Up-to-date: /home/strain-drone/Documents/drone_position_hold/ros2_ws/src/install/mocap4r2_robot_gt_msgs/include/mocap4r2_robot_gt_msgs/mocap4r2_robot_gt_msgs/msg\n'}
[22.551606] (mocap4r2_robot_gt_msgs) StdoutLine: {'line': b'-- Installing: /home/strain-drone/Documents/drone_position_hold/ros2_ws/src/install/mocap4r2_robot_gt_msgs/include/mocap4r2_robot_gt_msgs/mocap4r2_robot_gt_msgs/msg/rosidl_typesupport_introspection_c__visibility_control.h\n'}
[22.551687] (mocap4r2_robot_gt_msgs) StdoutLine: {'line': b'-- Installing: /home/strain-drone/Documents/drone_position_hold/ros2_ws/src/install/mocap4r2_robot_gt_msgs/lib/libmocap4r2_robot_gt_msgs__rosidl_typesupport_introspection_c.so\n'}
[22.551767] (mocap4r2_robot_gt_msgs) StdoutLine: {'line': b'-- Set non-toolchain portion of runtime path of "/home/strain-drone/Documents/drone_position_hold/ros2_ws/src/install/mocap4r2_robot_gt_msgs/lib/libmocap4r2_robot_gt_msgs__rosidl_typesupport_introspection_c.so" to ""\n'}
[22.552591] (mocap4r2_control_msgs) StdoutLine: {'line': b'-- Installing: /home/strain-drone/Documents/drone_position_hold/ros2_ws/src/install/mocap4r2_control_msgs/include/mocap4r2_control_msgs/mocap4r2_control_msgs/msg\n'}
[22.552818] (mocap4r2_control_msgs) StdoutLine: {'line': b'-- Installing: /home/strain-drone/Documents/drone_position_hold/ros2_ws/src/install/mocap4r2_control_msgs/include/mocap4r2_control_msgs/mocap4r2_control_msgs/msg/mocap_info.h\n'}
[22.552948] (mocap4r2_robot_gt_msgs) StdoutLine: {'line': b'-- Installing: /home/strain-drone/Documents/drone_position_hold/ros2_ws/src/install/mocap4r2_robot_gt_msgs/lib/libmocap4r2_robot_gt_msgs__rosidl_typesupport_c.so\n'}
[22.554928] (mocap4r2_control_msgs) StdoutLine: {'line': b'-- Installing: /home/strain-drone/Documents/drone_position_hold/ros2_ws/src/install/mocap4r2_control_msgs/include/mocap4r2_control_msgs/mocap4r2_control_msgs/msg/control.h\n'}
[22.556404] (mocap4r2_control_msgs) StdoutLine: {'line': b'-- Installing: /home/strain-drone/Documents/drone_position_hold/ros2_ws/src/install/mocap4r2_control_msgs/include/mocap4r2_control_msgs/mocap4r2_control_msgs/msg/rosidl_generator_c__visibility_control.h\n'}
[22.556669] (mocap4r2_control_msgs) StdoutLine: {'line': b'-- Installing: /home/strain-drone/Documents/drone_position_hold/ros2_ws/src/install/mocap4r2_control_msgs/include/mocap4r2_control_msgs/mocap4r2_control_msgs/msg/detail\n'}
[22.556820] (mocap4r2_control_msgs) StdoutLine: {'line': b'-- Installing: /home/strain-drone/Documents/drone_position_hold/ros2_ws/src/install/mocap4r2_control_msgs/include/mocap4r2_control_msgs/mocap4r2_control_msgs/msg/detail/control__description.c\n'}
[22.556967] (mocap4r2_control_msgs) StdoutLine: {'line': b'-- Installing: /home/strain-drone/Documents/drone_position_hold/ros2_ws/src/install/mocap4r2_control_msgs/include/mocap4r2_control_msgs/mocap4r2_control_msgs/msg/detail/mocap_info__type_support.c\n'}
[22.557117] (mocap4r2_control_msgs) StdoutLine: {'line': b'-- Installing: /home/strain-drone/Documents/drone_position_hold/ros2_ws/src/install/mocap4r2_control_msgs/include/mocap4r2_control_msgs/mocap4r2_control_msgs/msg/detail/control__type_support.h\n'}
[22.557245] (mocap4r2_control_msgs) StdoutLine: {'line': b'-- Installing: /home/strain-drone/Documents/drone_position_hold/ros2_ws/src/install/mocap4r2_control_msgs/include/mocap4r2_control_msgs/mocap4r2_control_msgs/msg/detail/mocap_info__functions.c\n'}
[22.557421] (mocap4r2_robot_gt_msgs) StdoutLine: {'line': b'-- Set non-toolchain portion of runtime path of "/home/strain-drone/Documents/drone_position_hold/ros2_ws/src/install/mocap4r2_robot_gt_msgs/lib/libmocap4r2_robot_gt_msgs__rosidl_typesupport_c.so" to ""\n'}
[22.557616] (mocap4r2_robot_gt_msgs) StdoutLine: {'line': b'-- Up-to-date: /home/strain-drone/Documents/drone_position_hold/ros2_ws/src/install/mocap4r2_robot_gt_msgs/include/mocap4r2_robot_gt_msgs/mocap4r2_robot_gt_msgs\n'}
[22.557734] (mocap4r2_robot_gt_msgs) StdoutLine: {'line': b'-- Up-to-date: /home/strain-drone/Documents/drone_position_hold/ros2_ws/src/install/mocap4r2_robot_gt_msgs/include/mocap4r2_robot_gt_msgs/mocap4r2_robot_gt_msgs/srv\n'}
[22.557830] (mocap4r2_robot_gt_msgs) StdoutLine: {'line': b'-- Installing: /home/strain-drone/Documents/drone_position_hold/ros2_ws/src/install/mocap4r2_robot_gt_msgs/include/mocap4r2_robot_gt_msgs/mocap4r2_robot_gt_msgs/srv/set_gt_origin.hpp\n'}
[22.557927] (mocap4r2_control_msgs) StdoutLine: {'line': b'-- Installing: /home/strain-drone/Documents/drone_position_hold/ros2_ws/src/install/mocap4r2_control_msgs/include/mocap4r2_control_msgs/mocap4r2_control_msgs/msg/detail/control__functions.c\n'}
[22.558057] (mocap4r2_control_msgs) StdoutLine: {'line': b'-- Installing: /home/strain-drone/Documents/drone_position_hold/ros2_ws/src/install/mocap4r2_control_msgs/include/mocap4r2_control_msgs/mocap4r2_control_msgs/msg/detail/control__type_support.c\n'}
[22.558156] (mocap4r2_robot_gt_msgs) StdoutLine: {'line': b'-- Up-to-date: /home/strain-drone/Documents/drone_position_hold/ros2_ws/src/install/mocap4r2_robot_gt_msgs/include/mocap4r2_robot_gt_msgs/mocap4r2_robot_gt_msgs/srv/detail\n'}
[22.558253] (mocap4r2_robot_gt_msgs) StdoutLine: {'line': b'-- Installing: /home/strain-drone/Documents/drone_position_hold/ros2_ws/src/install/mocap4r2_robot_gt_msgs/include/mocap4r2_robot_gt_msgs/mocap4r2_robot_gt_msgs/srv/detail/set_gt_origin__type_support.hpp\n'}
[22.561730] (mocap4r2_control_msgs) StdoutLine: {'line': b'-- Installing: /home/strain-drone/Documents/drone_position_hold/ros2_ws/src/install/mocap4r2_control_msgs/include/mocap4r2_control_msgs/mocap4r2_control_msgs/msg/detail/mocap_info__functions.h\n'}
[22.561958] (mocap4r2_robot_gt_msgs) StdoutLine: {'line': b'-- Installing: /home/strain-drone/Documents/drone_position_hold/ros2_ws/src/install/mocap4r2_robot_gt_msgs/include/mocap4r2_robot_gt_msgs/mocap4r2_robot_gt_msgs/srv/detail/set_gt_origin__struct.hpp\n'}
[22.562101] (mocap4r2_robot_gt_msgs) StdoutLine: {'line': b'-- Installing: /home/strain-drone/Documents/drone_position_hold/ros2_ws/src/install/mocap4r2_robot_gt_msgs/include/mocap4r2_robot_gt_msgs/mocap4r2_robot_gt_msgs/srv/detail/set_gt_origin__traits.hpp\n'}
[22.562204] (mocap4r2_robot_gt_msgs) StdoutLine: {'line': b'-- Installing: /home/strain-drone/Documents/drone_position_hold/ros2_ws/src/install/mocap4r2_robot_gt_msgs/include/mocap4r2_robot_gt_msgs/mocap4r2_robot_gt_msgs/srv/detail/set_gt_origin__builder.hpp\n'}
[22.562359] (mocap4r2_robot_gt_msgs) StdoutLine: {'line': b'-- Up-to-date: /home/strain-drone/Documents/drone_position_hold/ros2_ws/src/install/mocap4r2_robot_gt_msgs/include/mocap4r2_robot_gt_msgs/mocap4r2_robot_gt_msgs/msg\n'}
[22.562482] (mocap4r2_robot_gt_msgs) StdoutLine: {'line': b'-- Installing: /home/strain-drone/Documents/drone_position_hold/ros2_ws/src/install/mocap4r2_robot_gt_msgs/include/mocap4r2_robot_gt_msgs/mocap4r2_robot_gt_msgs/msg/rosidl_generator_cpp__visibility_control.hpp\n'}
[22.562583] (mocap4r2_robot_gt_msgs) StdoutLine: {'line': b'-- Up-to-date: /home/strain-drone/Documents/drone_position_hold/ros2_ws/src/install/mocap4r2_robot_gt_msgs/include/mocap4r2_robot_gt_msgs/mocap4r2_robot_gt_msgs\n'}
[22.562697] (mocap4r2_robot_gt_msgs) StdoutLine: {'line': b'-- Up-to-date: /home/strain-drone/Documents/drone_position_hold/ros2_ws/src/install/mocap4r2_robot_gt_msgs/include/mocap4r2_robot_gt_msgs/mocap4r2_robot_gt_msgs/srv\n'}
[22.562792] (mocap4r2_robot_gt_msgs) StdoutLine: {'line': b'-- Up-to-date: /home/strain-drone/Documents/drone_position_hold/ros2_ws/src/install/mocap4r2_robot_gt_msgs/include/mocap4r2_robot_gt_msgs/mocap4r2_robot_gt_msgs/srv/detail\n'}
[22.562889] (mocap4r2_robot_gt_msgs) StdoutLine: {'line': b'-- Installing: /home/strain-drone/Documents/drone_position_hold/ros2_ws/src/install/mocap4r2_robot_gt_msgs/include/mocap4r2_robot_gt_msgs/mocap4r2_robot_gt_msgs/srv/detail/dds_fastrtps\n'}
[22.562974] (mocap4r2_robot_gt_msgs) StdoutLine: {'line': b'-- Installing: /home/strain-drone/Documents/drone_position_hold/ros2_ws/src/install/mocap4r2_robot_gt_msgs/include/mocap4r2_robot_gt_msgs/mocap4r2_robot_gt_msgs/srv/detail/set_gt_origin__rosidl_typesupport_fastrtps_cpp.hpp\n'}
[22.563057] (mocap4r2_robot_gt_msgs) StdoutLine: {'line': b'-- Up-to-date: /home/strain-drone/Documents/drone_position_hold/ros2_ws/src/install/mocap4r2_robot_gt_msgs/include/mocap4r2_robot_gt_msgs/mocap4r2_robot_gt_msgs/msg\n'}
[22.563137] (mocap4r2_robot_gt_msgs) StdoutLine: {'line': b'-- Installing: /home/strain-drone/Documents/drone_position_hold/ros2_ws/src/install/mocap4r2_robot_gt_msgs/include/mocap4r2_robot_gt_msgs/mocap4r2_robot_gt_msgs/msg/rosidl_typesupport_fastrtps_cpp__visibility_control.h\n'}
[22.563228] (mocap4r2_robot_gt_msgs) StdoutLine: {'line': b'-- Installing: /home/strain-drone/Documents/drone_position_hold/ros2_ws/src/install/mocap4r2_robot_gt_msgs/lib/libmocap4r2_robot_gt_msgs__rosidl_typesupport_fastrtps_cpp.so\n'}
[22.563346] (mocap4r2_robot_gt_msgs) StdoutLine: {'line': b'-- Set non-toolchain portion of runtime path of "/home/strain-drone/Documents/drone_position_hold/ros2_ws/src/install/mocap4r2_robot_gt_msgs/lib/libmocap4r2_robot_gt_msgs__rosidl_typesupport_fastrtps_cpp.so" to ""\n'}
[22.563458] (mocap4r2_robot_gt_msgs) StdoutLine: {'line': b'-- Up-to-date: /home/strain-drone/Documents/drone_position_hold/ros2_ws/src/install/mocap4r2_robot_gt_msgs/include/mocap4r2_robot_gt_msgs/mocap4r2_robot_gt_msgs\n'}
[22.563541] (mocap4r2_robot_gt_msgs) StdoutLine: {'line': b'-- Up-to-date: /home/strain-drone/Documents/drone_position_hold/ros2_ws/src/install/mocap4r2_robot_gt_msgs/include/mocap4r2_robot_gt_msgs/mocap4r2_robot_gt_msgs/srv\n'}
[22.563621] (mocap4r2_control_msgs) StdoutLine: {'line': b'-- Installing: /home/strain-drone/Documents/drone_position_hold/ros2_ws/src/install/mocap4r2_control_msgs/include/mocap4r2_control_msgs/mocap4r2_control_msgs/msg/detail/mocap_info__type_support.h\n'}
[22.563743] (mocap4r2_control_msgs) StdoutLine: {'line': b'-- Installing: /home/strain-drone/Documents/drone_position_hold/ros2_ws/src/install/mocap4r2_control_msgs/include/mocap4r2_control_msgs/mocap4r2_control_msgs/msg/detail/mocap_info__description.c\n'}
[22.563832] (mocap4r2_control_msgs) StdoutLine: {'line': b'-- Installing: /home/strain-drone/Documents/drone_position_hold/ros2_ws/src/install/mocap4r2_control_msgs/include/mocap4r2_control_msgs/mocap4r2_control_msgs/msg/detail/control__functions.h\n'}
[22.563937] (mocap4r2_control_msgs) StdoutLine: {'line': b'-- Installing: /home/strain-drone/Documents/drone_position_hold/ros2_ws/src/install/mocap4r2_control_msgs/include/mocap4r2_control_msgs/mocap4r2_control_msgs/msg/detail/mocap_info__struct.h\n'}
[22.564079] (mocap4r2_control_msgs) StdoutLine: {'line': b'-- Installing: /home/strain-drone/Documents/drone_position_hold/ros2_ws/src/install/mocap4r2_control_msgs/include/mocap4r2_control_msgs/mocap4r2_control_msgs/msg/detail/control__struct.h\n'}
[22.564191] (mocap4r2_control_msgs) StdoutLine: {'line': b'-- Installing: /home/strain-drone/Documents/drone_position_hold/ros2_ws/src/install/mocap4r2_control_msgs/share/mocap4r2_control_msgs/environment/library_path.sh\n'}
[22.564299] (mocap4r2_control_msgs) StdoutLine: {'line': b'-- Installing: /home/strain-drone/Documents/drone_position_hold/ros2_ws/src/install/mocap4r2_control_msgs/share/mocap4r2_control_msgs/environment/library_path.dsv\n'}
[22.567104] (mocap4r2_control_msgs) StdoutLine: {'line': b'-- Installing: /home/strain-drone/Documents/drone_position_hold/ros2_ws/src/install/mocap4r2_control_msgs/lib/libmocap4r2_control_msgs__rosidl_generator_c.so\n'}
[22.567249] (mocap4r2_control_msgs) StdoutLine: {'line': b'-- Set non-toolchain portion of runtime path of "/home/strain-drone/Documents/drone_position_hold/ros2_ws/src/install/mocap4r2_control_msgs/lib/libmocap4r2_control_msgs__rosidl_generator_c.so" to ""\n'}
[22.567352] (mocap4r2_control_msgs) StdoutLine: {'line': b'-- Up-to-date: /home/strain-drone/Documents/drone_position_hold/ros2_ws/src/install/mocap4r2_control_msgs/include/mocap4r2_control_msgs/mocap4r2_control_msgs\n'}
[22.567450] (mocap4r2_control_msgs) StdoutLine: {'line': b'-- Up-to-date: /home/strain-drone/Documents/drone_position_hold/ros2_ws/src/install/mocap4r2_control_msgs/include/mocap4r2_control_msgs/mocap4r2_control_msgs/msg\n'}
[22.567529] (mocap4r2_control_msgs) StdoutLine: {'line': b'-- Installing: /home/strain-drone/Documents/drone_position_hold/ros2_ws/src/install/mocap4r2_control_msgs/include/mocap4r2_control_msgs/mocap4r2_control_msgs/msg/rosidl_typesupport_fastrtps_c__visibility_control.h\n'}
[22.567607] (mocap4r2_control_msgs) StdoutLine: {'line': b'-- Up-to-date: /home/strain-drone/Documents/drone_position_hold/ros2_ws/src/install/mocap4r2_control_msgs/include/mocap4r2_control_msgs/mocap4r2_control_msgs/msg/detail\n'}
[22.567683] (mocap4r2_control_msgs) StdoutLine: {'line': b'-- Installing: /home/strain-drone/Documents/drone_position_hold/ros2_ws/src/install/mocap4r2_control_msgs/include/mocap4r2_control_msgs/mocap4r2_control_msgs/msg/detail/mocap_info__rosidl_typesupport_fastrtps_c.h\n'}
[22.567763] (mocap4r2_robot_gt_msgs) StdoutLine: {'line': b'-- Up-to-date: /home/strain-drone/Documents/drone_position_hold/ros2_ws/src/install/mocap4r2_robot_gt_msgs/include/mocap4r2_robot_gt_msgs/mocap4r2_robot_gt_msgs/srv/detail\n'}
[22.567860] (mocap4r2_robot_gt_msgs) StdoutLine: {'line': b'-- Installing: /home/strain-drone/Documents/drone_position_hold/ros2_ws/src/install/mocap4r2_robot_gt_msgs/include/mocap4r2_robot_gt_msgs/mocap4r2_robot_gt_msgs/srv/detail/set_gt_origin__rosidl_typesupport_introspection_cpp.hpp\n'}
[22.567941] (mocap4r2_robot_gt_msgs) StdoutLine: {'line': b'-- Installing: /home/strain-drone/Documents/drone_position_hold/ros2_ws/src/install/mocap4r2_robot_gt_msgs/include/mocap4r2_robot_gt_msgs/mocap4r2_robot_gt_msgs/srv/detail/set_gt_origin__type_support.cpp\n'}
[22.568054] (mocap4r2_robot_gt_msgs) StdoutLine: {'line': b'-- Installing: /home/strain-drone/Documents/drone_position_hold/ros2_ws/src/install/mocap4r2_robot_gt_msgs/lib/libmocap4r2_robot_gt_msgs__rosidl_typesupport_introspection_cpp.so\n'}
[22.568141] (mocap4r2_robot_gt_msgs) StdoutLine: {'line': b'-- Set non-toolchain portion of runtime path of "/home/strain-drone/Documents/drone_position_hold/ros2_ws/src/install/mocap4r2_robot_gt_msgs/lib/libmocap4r2_robot_gt_msgs__rosidl_typesupport_introspection_cpp.so" to ""\n'}
[22.568228] (mocap4r2_robot_gt_msgs) StdoutLine: {'line': b'-- Installing: /home/strain-drone/Documents/drone_position_hold/ros2_ws/src/install/mocap4r2_robot_gt_msgs/lib/libmocap4r2_robot_gt_msgs__rosidl_typesupport_cpp.so\n'}
[22.568308] (mocap4r2_robot_gt_msgs) StdoutLine: {'line': b'-- Set non-toolchain portion of runtime path of "/home/strain-drone/Documents/drone_position_hold/ros2_ws/src/install/mocap4r2_robot_gt_msgs/lib/libmocap4r2_robot_gt_msgs__rosidl_typesupport_cpp.so" to ""\n'}
[22.568442] (mocap4r2_control_msgs) StdoutLine: {'line': b'-- Installing: /home/strain-drone/Documents/drone_position_hold/ros2_ws/src/install/mocap4r2_control_msgs/include/mocap4r2_control_msgs/mocap4r2_control_msgs/msg/detail/control__rosidl_typesupport_fastrtps_c.h\n'}
[22.568561] (mocap4r2_control_msgs) StdoutLine: {'line': b'-- Installing: /home/strain-drone/Documents/drone_position_hold/ros2_ws/src/install/mocap4r2_control_msgs/lib/libmocap4r2_control_msgs__rosidl_typesupport_fastrtps_c.so\n'}
[22.568697] (mocap4r2_control_msgs) StdoutLine: {'line': b'-- Set non-toolchain portion of runtime path of "/home/strain-drone/Documents/drone_position_hold/ros2_ws/src/install/mocap4r2_control_msgs/lib/libmocap4r2_control_msgs__rosidl_typesupport_fastrtps_c.so" to ""\n'}
[22.568821] (mocap4r2_control_msgs) StdoutLine: {'line': b'-- Up-to-date: /home/strain-drone/Documents/drone_position_hold/ros2_ws/src/install/mocap4r2_control_msgs/include/mocap4r2_control_msgs/mocap4r2_control_msgs\n'}
[22.568919] (mocap4r2_control_msgs) StdoutLine: {'line': b'-- Up-to-date: /home/strain-drone/Documents/drone_position_hold/ros2_ws/src/install/mocap4r2_control_msgs/include/mocap4r2_control_msgs/mocap4r2_control_msgs/msg\n'}
[22.569022] (mocap4r2_control_msgs) StdoutLine: {'line': b'-- Up-to-date: /home/strain-drone/Documents/drone_position_hold/ros2_ws/src/install/mocap4r2_control_msgs/include/mocap4r2_control_msgs/mocap4r2_control_msgs/msg/detail\n'}
[22.569150] (mocap4r2_control_msgs) StdoutLine: {'line': b'-- Installing: /home/strain-drone/Documents/drone_position_hold/ros2_ws/src/install/mocap4r2_control_msgs/include/mocap4r2_control_msgs/mocap4r2_control_msgs/msg/detail/control__rosidl_typesupport_introspection_c.h\n'}
[22.572555] (mocap4r2_robot_gt_msgs) StdoutLine: {'line': b'-- Installing: /home/strain-drone/Documents/drone_position_hold/ros2_ws/src/install/mocap4r2_robot_gt_msgs/share/mocap4r2_robot_gt_msgs/environment/pythonpath.sh\n'}
[22.572809] (mocap4r2_robot_gt_msgs) StdoutLine: {'line': b'-- Installing: /home/strain-drone/Documents/drone_position_hold/ros2_ws/src/install/mocap4r2_robot_gt_msgs/share/mocap4r2_robot_gt_msgs/environment/pythonpath.dsv\n'}
[22.572928] (mocap4r2_robot_gt_msgs) StdoutLine: {'line': b'-- Installing: /home/strain-drone/Documents/drone_position_hold/ros2_ws/src/install/mocap4r2_robot_gt_msgs/lib/python3.12/site-packages/mocap4r2_robot_gt_msgs-0.0.7-py3.12.egg-info\n'}
[22.573016] (mocap4r2_control_msgs) StdoutLine: {'line': b'-- Installing: /home/strain-drone/Documents/drone_position_hold/ros2_ws/src/install/mocap4r2_control_msgs/include/mocap4r2_control_msgs/mocap4r2_control_msgs/msg/detail/mocap_info__type_support.c\n'}
[22.573123] (mocap4r2_robot_gt_msgs) StdoutLine: {'line': b'-- Installing: /home/strain-drone/Documents/drone_position_hold/ros2_ws/src/install/mocap4r2_robot_gt_msgs/lib/python3.12/site-packages/mocap4r2_robot_gt_msgs-0.0.7-py3.12.egg-info/dependency_links.txt\n'}
[22.573215] (mocap4r2_control_msgs) StdoutLine: {'line': b'-- Installing: /home/strain-drone/Documents/drone_position_hold/ros2_ws/src/install/mocap4r2_control_msgs/include/mocap4r2_control_msgs/mocap4r2_control_msgs/msg/detail/control__type_support.c\n'}
[22.573315] (mocap4r2_robot_gt_msgs) StdoutLine: {'line': b'-- Installing: /home/strain-drone/Documents/drone_position_hold/ros2_ws/src/install/mocap4r2_robot_gt_msgs/lib/python3.12/site-packages/mocap4r2_robot_gt_msgs-0.0.7-py3.12.egg-info/PKG-INFO\n'}
[22.574898] (mocap4r2_control_msgs) StdoutLine: {'line': b'-- Installing: /home/strain-drone/Documents/drone_position_hold/ros2_ws/src/install/mocap4r2_control_msgs/include/mocap4r2_control_msgs/mocap4r2_control_msgs/msg/detail/mocap_info__rosidl_typesupport_introspection_c.h\n'}
[22.575163] (mocap4r2_robot_gt_msgs) StdoutLine: {'line': b'-- Installing: /home/strain-drone/Documents/drone_position_hold/ros2_ws/src/install/mocap4r2_robot_gt_msgs/lib/python3.12/site-packages/mocap4r2_robot_gt_msgs-0.0.7-py3.12.egg-info/top_level.txt\n'}
[22.575316] (mocap4r2_control_msgs) StdoutLine: {'line': b'-- Installing: /home/strain-drone/Documents/drone_position_hold/ros2_ws/src/install/mocap4r2_control_msgs/include/mocap4r2_control_msgs/mocap4r2_control_msgs/msg/rosidl_typesupport_introspection_c__visibility_control.h\n'}
[22.575769] (mocap4r2_robot_gt_msgs) StdoutLine: {'line': b'-- Installing: /home/strain-drone/Documents/drone_position_hold/ros2_ws/src/install/mocap4r2_robot_gt_msgs/lib/python3.12/site-packages/mocap4r2_robot_gt_msgs-0.0.7-py3.12.egg-info/SOURCES.txt\n'}
[22.575941] (mocap4r2_control_msgs) StdoutLine: {'line': b'-- Installing: /home/strain-drone/Documents/drone_position_hold/ros2_ws/src/install/mocap4r2_control_msgs/lib/libmocap4r2_control_msgs__rosidl_typesupport_introspection_c.so\n'}
[22.576064] (mocap4r2_robot_gt_msgs) StdoutLine: {'line': b'-- Installing: /home/strain-drone/Documents/drone_position_hold/ros2_ws/src/install/mocap4r2_robot_gt_msgs/lib/python3.12/site-packages/mocap4r2_robot_gt_msgs\n'}
[22.576186] (mocap4r2_robot_gt_msgs) StdoutLine: {'line': b'-- Installing: /home/strain-drone/Documents/drone_position_hold/ros2_ws/src/install/mocap4r2_robot_gt_msgs/lib/python3.12/site-packages/mocap4r2_robot_gt_msgs/mocap4r2_robot_gt_msgs_s__rosidl_typesupport_c.so\n'}
[22.576297] (mocap4r2_control_msgs) StdoutLine: {'line': b'-- Set non-toolchain portion of runtime path of "/home/strain-drone/Documents/drone_position_hold/ros2_ws/src/install/mocap4r2_control_msgs/lib/libmocap4r2_control_msgs__rosidl_typesupport_introspection_c.so" to ""\n'}
[22.576485] (mocap4r2_control_msgs) StdoutLine: {'line': b'-- Installing: /home/strain-drone/Documents/drone_position_hold/ros2_ws/src/install/mocap4r2_control_msgs/lib/libmocap4r2_control_msgs__rosidl_typesupport_c.so\n'}
[22.576583] (mocap4r2_robot_gt_msgs) StdoutLine: {'line': b'-- Installing: /home/strain-drone/Documents/drone_position_hold/ros2_ws/src/install/mocap4r2_robot_gt_msgs/lib/python3.12/site-packages/mocap4r2_robot_gt_msgs/_mocap4r2_robot_gt_msgs_s.ep.rosidl_typesupport_c.c\n'}
[22.576724] (mocap4r2_robot_gt_msgs) StdoutLine: {'line': b'-- Installing: /home/strain-drone/Documents/drone_position_hold/ros2_ws/src/install/mocap4r2_robot_gt_msgs/lib/python3.12/site-packages/mocap4r2_robot_gt_msgs/srv\n'}
[22.576811] (mocap4r2_robot_gt_msgs) StdoutLine: {'line': b'-- Installing: /home/strain-drone/Documents/drone_position_hold/ros2_ws/src/install/mocap4r2_robot_gt_msgs/lib/python3.12/site-packages/mocap4r2_robot_gt_msgs/srv/__init__.py\n'}
[22.576907] (mocap4r2_robot_gt_msgs) StdoutLine: {'line': b'-- Installing: /home/strain-drone/Documents/drone_position_hold/ros2_ws/src/install/mocap4r2_robot_gt_msgs/lib/python3.12/site-packages/mocap4r2_robot_gt_msgs/srv/_set_gt_origin_s.c\n'}
[22.578501] (mocap4r2_control_msgs) StdoutLine: {'line': b'-- Set non-toolchain portion of runtime path of "/home/strain-drone/Documents/drone_position_hold/ros2_ws/src/install/mocap4r2_control_msgs/lib/libmocap4r2_control_msgs__rosidl_typesupport_c.so" to ""\n'}
[22.579405] (mocap4r2_robot_gt_msgs) StdoutLine: {'line': b'-- Installing: /home/strain-drone/Documents/drone_position_hold/ros2_ws/src/install/mocap4r2_robot_gt_msgs/lib/python3.12/site-packages/mocap4r2_robot_gt_msgs/srv/_set_gt_origin.py\n'}
[22.579560] (mocap4r2_control_msgs) StdoutLine: {'line': b'-- Up-to-date: /home/strain-drone/Documents/drone_position_hold/ros2_ws/src/install/mocap4r2_control_msgs/include/mocap4r2_control_msgs/mocap4r2_control_msgs\n'}
[22.579659] (mocap4r2_robot_gt_msgs) StdoutLine: {'line': b'-- Installing: /home/strain-drone/Documents/drone_position_hold/ros2_ws/src/install/mocap4r2_robot_gt_msgs/lib/python3.12/site-packages/mocap4r2_robot_gt_msgs/mocap4r2_robot_gt_msgs_s__rosidl_typesupport_fastrtps_c.so\n'}
[22.579762] (mocap4r2_control_msgs) StdoutLine: {'line': b'-- Up-to-date: /home/strain-drone/Documents/drone_position_hold/ros2_ws/src/install/mocap4r2_control_msgs/include/mocap4r2_control_msgs/mocap4r2_control_msgs/msg\n'}
[22.579860] (mocap4r2_control_msgs) StdoutLine: {'line': b'-- Installing: /home/strain-drone/Documents/drone_position_hold/ros2_ws/src/install/mocap4r2_control_msgs/include/mocap4r2_control_msgs/mocap4r2_control_msgs/msg/mocap_info.hpp\n'}
[22.579955] (mocap4r2_control_msgs) StdoutLine: {'line': b'-- Up-to-date: /home/strain-drone/Documents/drone_position_hold/ros2_ws/src/install/mocap4r2_control_msgs/include/mocap4r2_control_msgs/mocap4r2_control_msgs/msg/detail\n'}
[22.580038] (mocap4r2_robot_gt_msgs) StdoutLine: {'line': b'-- Installing: /home/strain-drone/Documents/drone_position_hold/ros2_ws/src/install/mocap4r2_robot_gt_msgs/lib/python3.12/site-packages/mocap4r2_robot_gt_msgs/_mocap4r2_robot_gt_msgs_s.ep.rosidl_typesupport_introspection_c.c\n'}
[22.580143] (mocap4r2_robot_gt_msgs) StdoutLine: {'line': b'-- Installing: /home/strain-drone/Documents/drone_position_hold/ros2_ws/src/install/mocap4r2_robot_gt_msgs/lib/python3.12/site-packages/mocap4r2_robot_gt_msgs/mocap4r2_robot_gt_msgs_s__rosidl_typesupport_introspection_c.so\n'}
[22.580232] (mocap4r2_control_msgs) StdoutLine: {'line': b'-- Installing: /home/strain-drone/Documents/drone_position_hold/ros2_ws/src/install/mocap4r2_control_msgs/include/mocap4r2_control_msgs/mocap4r2_control_msgs/msg/detail/control__type_support.hpp\n'}
[22.580320] (mocap4r2_robot_gt_msgs) StdoutLine: {'line': b'-- Installing: /home/strain-drone/Documents/drone_position_hold/ros2_ws/src/install/mocap4r2_robot_gt_msgs/lib/python3.12/site-packages/mocap4r2_robot_gt_msgs/__init__.py\n'}
[22.580461] (mocap4r2_robot_gt_msgs) StdoutLine: {'line': b'-- Installing: /home/strain-drone/Documents/drone_position_hold/ros2_ws/src/install/mocap4r2_robot_gt_msgs/lib/python3.12/site-packages/mocap4r2_robot_gt_msgs/_mocap4r2_robot_gt_msgs_s.ep.rosidl_typesupport_fastrtps_c.c\n'}
[22.580571] (mocap4r2_control_msgs) StdoutLine: {'line': b'-- Installing: /home/strain-drone/Documents/drone_position_hold/ros2_ws/src/install/mocap4r2_control_msgs/include/mocap4r2_control_msgs/mocap4r2_control_msgs/msg/detail/mocap_info__type_support.hpp\n'}
[22.580689] (mocap4r2_control_msgs) StdoutLine: {'line': b'-- Installing: /home/strain-drone/Documents/drone_position_hold/ros2_ws/src/install/mocap4r2_control_msgs/include/mocap4r2_control_msgs/mocap4r2_control_msgs/msg/detail/control__builder.hpp\n'}
[22.580788] (mocap4r2_control_msgs) StdoutLine: {'line': b'-- Installing: /home/strain-drone/Documents/drone_position_hold/ros2_ws/src/install/mocap4r2_control_msgs/include/mocap4r2_control_msgs/mocap4r2_control_msgs/msg/detail/control__traits.hpp\n'}
[22.580879] (mocap4r2_control_msgs) StdoutLine: {'line': b'-- Installing: /home/strain-drone/Documents/drone_position_hold/ros2_ws/src/install/mocap4r2_control_msgs/include/mocap4r2_control_msgs/mocap4r2_control_msgs/msg/detail/mocap_info__traits.hpp\n'}
[22.580961] (mocap4r2_control_msgs) StdoutLine: {'line': b'-- Installing: /home/strain-drone/Documents/drone_position_hold/ros2_ws/src/install/mocap4r2_control_msgs/include/mocap4r2_control_msgs/mocap4r2_control_msgs/msg/detail/mocap_info__struct.hpp\n'}
[22.581042] (mocap4r2_control_msgs) StdoutLine: {'line': b'-- Installing: /home/strain-drone/Documents/drone_position_hold/ros2_ws/src/install/mocap4r2_control_msgs/include/mocap4r2_control_msgs/mocap4r2_control_msgs/msg/detail/mocap_info__builder.hpp\n'}
[22.581182] (mocap4r2_control_msgs) StdoutLine: {'line': b'-- Installing: /home/strain-drone/Documents/drone_position_hold/ros2_ws/src/install/mocap4r2_control_msgs/include/mocap4r2_control_msgs/mocap4r2_control_msgs/msg/detail/control__struct.hpp\n'}
[22.581286] (mocap4r2_control_msgs) StdoutLine: {'line': b'-- Installing: /home/strain-drone/Documents/drone_position_hold/ros2_ws/src/install/mocap4r2_control_msgs/include/mocap4r2_control_msgs/mocap4r2_control_msgs/msg/rosidl_generator_cpp__visibility_control.hpp\n'}
[22.584177] (mocap4r2_control_msgs) StdoutLine: {'line': b'-- Installing: /home/strain-drone/Documents/drone_position_hold/ros2_ws/src/install/mocap4r2_control_msgs/include/mocap4r2_control_msgs/mocap4r2_control_msgs/msg/control.hpp\n'}
[22.584409] (mocap4r2_marker_viz_srvs) StdoutLine: {'line': b'[ 86%] Built target mocap4r2_marker_viz_srvs__rosidl_generator_py\n'}
[22.584545] (mocap4r2_control_msgs) StdoutLine: {'line': b'-- Up-to-date: /home/strain-drone/Documents/drone_position_hold/ros2_ws/src/install/mocap4r2_control_msgs/include/mocap4r2_control_msgs/mocap4r2_control_msgs\n'}
[22.584662] (mocap4r2_control_msgs) StdoutLine: {'line': b'-- Up-to-date: /home/strain-drone/Documents/drone_position_hold/ros2_ws/src/install/mocap4r2_control_msgs/include/mocap4r2_control_msgs/mocap4r2_control_msgs/msg\n'}
[22.584756] (mocap4r2_control_msgs) StdoutLine: {'line': b'-- Up-to-date: /home/strain-drone/Documents/drone_position_hold/ros2_ws/src/install/mocap4r2_control_msgs/include/mocap4r2_control_msgs/mocap4r2_control_msgs/msg/detail\n'}
[22.584850] (mocap4r2_control_msgs) StdoutLine: {'line': b'-- Installing: /home/strain-drone/Documents/drone_position_hold/ros2_ws/src/install/mocap4r2_control_msgs/include/mocap4r2_control_msgs/mocap4r2_control_msgs/msg/detail/dds_fastrtps\n'}
[22.584950] (mocap4r2_control_msgs) StdoutLine: {'line': b'-- Installing: /home/strain-drone/Documents/drone_position_hold/ros2_ws/src/install/mocap4r2_control_msgs/include/mocap4r2_control_msgs/mocap4r2_control_msgs/msg/detail/control__rosidl_typesupport_fastrtps_cpp.hpp\n'}
[22.585061] (mocap4r2_control_msgs) StdoutLine: {'line': b'-- Installing: /home/strain-drone/Documents/drone_position_hold/ros2_ws/src/install/mocap4r2_control_msgs/include/mocap4r2_control_msgs/mocap4r2_control_msgs/msg/detail/mocap_info__rosidl_typesupport_fastrtps_cpp.hpp\n'}
[22.585164] (mocap4r2_control_msgs) StdoutLine: {'line': b'-- Installing: /home/strain-drone/Documents/drone_position_hold/ros2_ws/src/install/mocap4r2_control_msgs/include/mocap4r2_control_msgs/mocap4r2_control_msgs/msg/rosidl_typesupport_fastrtps_cpp__visibility_control.h\n'}
[22.585256] (mocap4r2_control_msgs) StdoutLine: {'line': b'-- Installing: /home/strain-drone/Documents/drone_position_hold/ros2_ws/src/install/mocap4r2_control_msgs/lib/libmocap4r2_control_msgs__rosidl_typesupport_fastrtps_cpp.so\n'}
[22.587408] (mocap4r2_control_msgs) StdoutLine: {'line': b'-- Set non-toolchain portion of runtime path of "/home/strain-drone/Documents/drone_position_hold/ros2_ws/src/install/mocap4r2_control_msgs/lib/libmocap4r2_control_msgs__rosidl_typesupport_fastrtps_cpp.so" to ""\n'}
[22.587699] (mocap4r2_control_msgs) StdoutLine: {'line': b'-- Up-to-date: /home/strain-drone/Documents/drone_position_hold/ros2_ws/src/install/mocap4r2_control_msgs/include/mocap4r2_control_msgs/mocap4r2_control_msgs\n'}
[22.587818] (mocap4r2_control_msgs) StdoutLine: {'line': b'-- Up-to-date: /home/strain-drone/Documents/drone_position_hold/ros2_ws/src/install/mocap4r2_control_msgs/include/mocap4r2_control_msgs/mocap4r2_control_msgs/msg\n'}
[22.587931] (mocap4r2_control_msgs) StdoutLine: {'line': b'-- Up-to-date: /home/strain-drone/Documents/drone_position_hold/ros2_ws/src/install/mocap4r2_control_msgs/include/mocap4r2_control_msgs/mocap4r2_control_msgs/msg/detail\n'}
[22.588021] (mocap4r2_control_msgs) StdoutLine: {'line': b'-- Installing: /home/strain-drone/Documents/drone_position_hold/ros2_ws/src/install/mocap4r2_control_msgs/include/mocap4r2_control_msgs/mocap4r2_control_msgs/msg/detail/control__type_support.cpp\n'}
[22.588748] (mocap4r2_control_msgs) StdoutLine: {'line': b'-- Installing: /home/strain-drone/Documents/drone_position_hold/ros2_ws/src/install/mocap4r2_control_msgs/include/mocap4r2_control_msgs/mocap4r2_control_msgs/msg/detail/mocap_info__type_support.cpp\n'}
[22.589452] (mocap4r2_control_msgs) StdoutLine: {'line': b'-- Installing: /home/strain-drone/Documents/drone_position_hold/ros2_ws/src/install/mocap4r2_control_msgs/include/mocap4r2_control_msgs/mocap4r2_control_msgs/msg/detail/mocap_info__rosidl_typesupport_introspection_cpp.hpp\n'}
[22.590133] (mocap4r2_control_msgs) StdoutLine: {'line': b'-- Installing: /home/strain-drone/Documents/drone_position_hold/ros2_ws/src/install/mocap4r2_control_msgs/include/mocap4r2_control_msgs/mocap4r2_control_msgs/msg/detail/control__rosidl_typesupport_introspection_cpp.hpp\n'}
[22.590856] (mocap4r2_control_msgs) StdoutLine: {'line': b'-- Installing: /home/strain-drone/Documents/drone_position_hold/ros2_ws/src/install/mocap4r2_control_msgs/lib/libmocap4r2_control_msgs__rosidl_typesupport_introspection_cpp.so\n'}
[22.592155] (mocap4r2_control_msgs) StdoutLine: {'line': b'-- Set non-toolchain portion of runtime path of "/home/strain-drone/Documents/drone_position_hold/ros2_ws/src/install/mocap4r2_control_msgs/lib/libmocap4r2_control_msgs__rosidl_typesupport_introspection_cpp.so" to ""\n'}
[22.592688] (mocap4r2_control_msgs) StdoutLine: {'line': b'-- Installing: /home/strain-drone/Documents/drone_position_hold/ros2_ws/src/install/mocap4r2_control_msgs/lib/libmocap4r2_control_msgs__rosidl_typesupport_cpp.so\n'}
[22.593873] (mocap4r2_control_msgs) StdoutLine: {'line': b'-- Set non-toolchain portion of runtime path of "/home/strain-drone/Documents/drone_position_hold/ros2_ws/src/install/mocap4r2_control_msgs/lib/libmocap4r2_control_msgs__rosidl_typesupport_cpp.so" to ""\n'}
[22.594722] (mocap4r2_control_msgs) StdoutLine: {'line': b'-- Installing: /home/strain-drone/Documents/drone_position_hold/ros2_ws/src/install/mocap4r2_control_msgs/share/mocap4r2_control_msgs/environment/pythonpath.sh\n'}
[22.594951] (mocap4r2_control_msgs) StdoutLine: {'line': b'-- Installing: /home/strain-drone/Documents/drone_position_hold/ros2_ws/src/install/mocap4r2_control_msgs/share/mocap4r2_control_msgs/environment/pythonpath.dsv\n'}
[22.595522] (mocap4r2_control_msgs) StdoutLine: {'line': b'-- Installing: /home/strain-drone/Documents/drone_position_hold/ros2_ws/src/install/mocap4r2_control_msgs/lib/python3.12/site-packages/mocap4r2_control_msgs-0.0.7-py3.12.egg-info\n'}
[22.596105] (mocap4r2_control_msgs) StdoutLine: {'line': b'-- Installing: /home/strain-drone/Documents/drone_position_hold/ros2_ws/src/install/mocap4r2_control_msgs/lib/python3.12/site-packages/mocap4r2_control_msgs-0.0.7-py3.12.egg-info/dependency_links.txt\n'}
[22.597081] (mocap4r2_control_msgs) StdoutLine: {'line': b'-- Installing: /home/strain-drone/Documents/drone_position_hold/ros2_ws/src/install/mocap4r2_control_msgs/lib/python3.12/site-packages/mocap4r2_control_msgs-0.0.7-py3.12.egg-info/PKG-INFO\n'}
[22.597794] (mocap4r2_control_msgs) StdoutLine: {'line': b'-- Installing: /home/strain-drone/Documents/drone_position_hold/ros2_ws/src/install/mocap4r2_control_msgs/lib/python3.12/site-packages/mocap4r2_control_msgs-0.0.7-py3.12.egg-info/top_level.txt\n'}
[22.598002] (mocap4r2_control_msgs) StdoutLine: {'line': b'-- Installing: /home/strain-drone/Documents/drone_position_hold/ros2_ws/src/install/mocap4r2_control_msgs/lib/python3.12/site-packages/mocap4r2_control_msgs-0.0.7-py3.12.egg-info/SOURCES.txt\n'}
[22.598935] (mocap4r2_control_msgs) StdoutLine: {'line': b'-- Installing: /home/strain-drone/Documents/drone_position_hold/ros2_ws/src/install/mocap4r2_control_msgs/lib/python3.12/site-packages/mocap4r2_control_msgs\n'}
[22.599144] (mocap4r2_control_msgs) StdoutLine: {'line': b'-- Installing: /home/strain-drone/Documents/drone_position_hold/ros2_ws/src/install/mocap4r2_control_msgs/lib/python3.12/site-packages/mocap4r2_control_msgs/mocap4r2_control_msgs_s__rosidl_typesupport_c.so\n'}
[22.600313] (mocap4r2_control_msgs) StdoutLine: {'line': b'-- Installing: /home/strain-drone/Documents/drone_position_hold/ros2_ws/src/install/mocap4r2_control_msgs/lib/python3.12/site-packages/mocap4r2_control_msgs/mocap4r2_control_msgs_s__rosidl_typesupport_introspection_c.so\n'}
[22.600579] (mocap4r2_control_msgs) StdoutLine: {'line': b'-- Installing: /home/strain-drone/Documents/drone_position_hold/ros2_ws/src/install/mocap4r2_control_msgs/lib/python3.12/site-packages/mocap4r2_control_msgs/mocap4r2_control_msgs_s__rosidl_typesupport_fastrtps_c.so\n'}
[22.601638] (mocap4r2_control_msgs) StdoutLine: {'line': b'-- Installing: /home/strain-drone/Documents/drone_position_hold/ros2_ws/src/install/mocap4r2_control_msgs/lib/python3.12/site-packages/mocap4r2_control_msgs/_mocap4r2_control_msgs_s.ep.rosidl_typesupport_c.c\n'}
[22.601870] (mocap4r2_control_msgs) StdoutLine: {'line': b'-- Installing: /home/strain-drone/Documents/drone_position_hold/ros2_ws/src/install/mocap4r2_control_msgs/lib/python3.12/site-packages/mocap4r2_control_msgs/_mocap4r2_control_msgs_s.ep.rosidl_typesupport_introspection_c.c\n'}
[22.602613] (mocap4r2_control_msgs) StdoutLine: {'line': b'-- Installing: /home/strain-drone/Documents/drone_position_hold/ros2_ws/src/install/mocap4r2_control_msgs/lib/python3.12/site-packages/mocap4r2_control_msgs/__init__.py\n'}
[22.602804] (mocap4r2_control_msgs) StdoutLine: {'line': b'-- Installing: /home/strain-drone/Documents/drone_position_hold/ros2_ws/src/install/mocap4r2_control_msgs/lib/python3.12/site-packages/mocap4r2_control_msgs/msg\n'}
[22.603572] (mocap4r2_control_msgs) StdoutLine: {'line': b'-- Installing: /home/strain-drone/Documents/drone_position_hold/ros2_ws/src/install/mocap4r2_control_msgs/lib/python3.12/site-packages/mocap4r2_control_msgs/msg/_mocap_info_s.c\n'}
[22.604216] (mocap4r2_control_msgs) StdoutLine: {'line': b'-- Installing: /home/strain-drone/Documents/drone_position_hold/ros2_ws/src/install/mocap4r2_control_msgs/lib/python3.12/site-packages/mocap4r2_control_msgs/msg/_control_s.c\n'}
[22.604410] (mocap4r2_control_msgs) StdoutLine: {'line': b'-- Installing: /home/strain-drone/Documents/drone_position_hold/ros2_ws/src/install/mocap4r2_control_msgs/lib/python3.12/site-packages/mocap4r2_control_msgs/msg/__init__.py\n'}
[22.605142] (mocap4r2_control_msgs) StdoutLine: {'line': b'-- Installing: /home/strain-drone/Documents/drone_position_hold/ros2_ws/src/install/mocap4r2_control_msgs/lib/python3.12/site-packages/mocap4r2_control_msgs/msg/_control.py\n'}
[22.605298] (mocap4r2_control_msgs) StdoutLine: {'line': b'-- Installing: /home/strain-drone/Documents/drone_position_hold/ros2_ws/src/install/mocap4r2_control_msgs/lib/python3.12/site-packages/mocap4r2_control_msgs/msg/_mocap_info.py\n'}
[22.606389] (mocap4r2_control_msgs) StdoutLine: {'line': b'-- Installing: /home/strain-drone/Documents/drone_position_hold/ros2_ws/src/install/mocap4r2_control_msgs/lib/python3.12/site-packages/mocap4r2_control_msgs/_mocap4r2_control_msgs_s.ep.rosidl_typesupport_fastrtps_c.c\n'}
[22.630575] (-) TimerEvent: {}
[22.677179] (mocap4r2_marker_viz_srvs) StdoutLine: {'line': b'[ 88%] \x1b[32mBuilding C object CMakeFiles/mocap4r2_marker_viz_srvs_s__rosidl_typesupport_fastrtps_c.dir/rosidl_generator_py/mocap4r2_marker_viz_srvs/_mocap4r2_marker_viz_srvs_s.ep.rosidl_typesupport_fastrtps_c.c.o\x1b[0m\n'}
[22.691147] (mocap4r2_marker_viz_srvs) StdoutLine: {'line': b'[ 90%] \x1b[32mBuilding C object CMakeFiles/mocap4r2_marker_viz_srvs_s__rosidl_typesupport_c.dir/rosidl_generator_py/mocap4r2_marker_viz_srvs/_mocap4r2_marker_viz_srvs_s.ep.rosidl_typesupport_c.c.o\x1b[0m\n'}
[22.691676] (mocap4r2_marker_viz_srvs) StdoutLine: {'line': b'[ 93%] \x1b[32mBuilding C object CMakeFiles/mocap4r2_marker_viz_srvs_s__rosidl_typesupport_introspection_c.dir/rosidl_generator_py/mocap4r2_marker_viz_srvs/_mocap4r2_marker_viz_srvs_s.ep.rosidl_typesupport_introspection_c.c.o\x1b[0m\n'}
[22.697972] (mocap4r2_robot_gt_msgs) StdoutLine: {'line': b"Listing '/home/strain-drone/Documents/drone_position_hold/ros2_ws/src/install/mocap4r2_robot_gt_msgs/lib/python3.12/site-packages/mocap4r2_robot_gt_msgs'...\n"}
[22.698350] (mocap4r2_robot_gt_msgs) StdoutLine: {'line': b"Compiling '/home/strain-drone/Documents/drone_position_hold/ros2_ws/src/install/mocap4r2_robot_gt_msgs/lib/python3.12/site-packages/mocap4r2_robot_gt_msgs/__init__.py'...\n"}
[22.698513] (mocap4r2_robot_gt_msgs) StdoutLine: {'line': b"Listing '/home/strain-drone/Documents/drone_position_hold/ros2_ws/src/install/mocap4r2_robot_gt_msgs/lib/python3.12/site-packages/mocap4r2_robot_gt_msgs/srv'...\n"}
[22.698639] (mocap4r2_robot_gt_msgs) StdoutLine: {'line': b"Compiling '/home/strain-drone/Documents/drone_position_hold/ros2_ws/src/install/mocap4r2_robot_gt_msgs/lib/python3.12/site-packages/mocap4r2_robot_gt_msgs/srv/__init__.py'...\n"}
[22.698792] (mocap4r2_robot_gt_msgs) StdoutLine: {'line': b"Compiling '/home/strain-drone/Documents/drone_position_hold/ros2_ws/src/install/mocap4r2_robot_gt_msgs/lib/python3.12/site-packages/mocap4r2_robot_gt_msgs/srv/_set_gt_origin.py'...\n"}
[22.702813] (mocap4r2_control_msgs) StdoutLine: {'line': b"Listing '/home/strain-drone/Documents/drone_position_hold/ros2_ws/src/install/mocap4r2_control_msgs/lib/python3.12/site-packages/mocap4r2_control_msgs'...\n"}
[22.703243] (mocap4r2_control_msgs) StdoutLine: {'line': b"Compiling '/home/strain-drone/Documents/drone_position_hold/ros2_ws/src/install/mocap4r2_control_msgs/lib/python3.12/site-packages/mocap4r2_control_msgs/__init__.py'...\n"}
[22.703487] (mocap4r2_control_msgs) StdoutLine: {'line': b"Listing '/home/strain-drone/Documents/drone_position_hold/ros2_ws/src/install/mocap4r2_control_msgs/lib/python3.12/site-packages/mocap4r2_control_msgs/msg'...\n"}
[22.703640] (mocap4r2_control_msgs) StdoutLine: {'line': b"Compiling '/home/strain-drone/Documents/drone_position_hold/ros2_ws/src/install/mocap4r2_control_msgs/lib/python3.12/site-packages/mocap4r2_control_msgs/msg/__init__.py'...\n"}
[22.703803] (mocap4r2_control_msgs) StdoutLine: {'line': b"Compiling '/home/strain-drone/Documents/drone_position_hold/ros2_ws/src/install/mocap4r2_control_msgs/lib/python3.12/site-packages/mocap4r2_control_msgs/msg/_control.py'...\n"}
[22.703939] (mocap4r2_control_msgs) StdoutLine: {'line': b"Compiling '/home/strain-drone/Documents/drone_position_hold/ros2_ws/src/install/mocap4r2_control_msgs/lib/python3.12/site-packages/mocap4r2_control_msgs/msg/_mocap_info.py'...\n"}
[22.731804] (mocap4r2_control_msgs) StdoutLine: {'line': b'-- Installing: /home/strain-drone/Documents/drone_position_hold/ros2_ws/src/install/mocap4r2_control_msgs/lib/python3.12/site-packages/mocap4r2_control_msgs/mocap4r2_control_msgs_s__rosidl_typesupport_fastrtps_c.so\n'}
[22.732195] (-) TimerEvent: {}
[22.733112] (mocap4r2_control_msgs) StdoutLine: {'line': b'-- Set non-toolchain portion of runtime path of "/home/strain-drone/Documents/drone_position_hold/ros2_ws/src/install/mocap4r2_control_msgs/lib/python3.12/site-packages/mocap4r2_control_msgs/mocap4r2_control_msgs_s__rosidl_typesupport_fastrtps_c.so" to ""\n'}
[22.733639] (mocap4r2_robot_gt_msgs) StdoutLine: {'line': b'-- Installing: /home/strain-drone/Documents/drone_position_hold/ros2_ws/src/install/mocap4r2_robot_gt_msgs/lib/python3.12/site-packages/mocap4r2_robot_gt_msgs/mocap4r2_robot_gt_msgs_s__rosidl_typesupport_fastrtps_c.so\n'}
[22.733837] (mocap4r2_control_msgs) StdoutLine: {'line': b'-- Installing: /home/strain-drone/Documents/drone_position_hold/ros2_ws/src/install/mocap4r2_control_msgs/lib/python3.12/site-packages/mocap4r2_control_msgs/mocap4r2_control_msgs_s__rosidl_typesupport_introspection_c.so\n'}
[22.735306] (mocap4r2_robot_gt_msgs) StdoutLine: {'line': b'-- Set non-toolchain portion of runtime path of "/home/strain-drone/Documents/drone_position_hold/ros2_ws/src/install/mocap4r2_robot_gt_msgs/lib/python3.12/site-packages/mocap4r2_robot_gt_msgs/mocap4r2_robot_gt_msgs_s__rosidl_typesupport_fastrtps_c.so" to ""\n'}
[22.735558] (mocap4r2_control_msgs) StdoutLine: {'line': b'-- Set non-toolchain portion of runtime path of "/home/strain-drone/Documents/drone_position_hold/ros2_ws/src/install/mocap4r2_control_msgs/lib/python3.12/site-packages/mocap4r2_control_msgs/mocap4r2_control_msgs_s__rosidl_typesupport_introspection_c.so" to ""\n'}
[22.736707] (mocap4r2_control_msgs) StdoutLine: {'line': b'-- Installing: /home/strain-drone/Documents/drone_position_hold/ros2_ws/src/install/mocap4r2_control_msgs/lib/python3.12/site-packages/mocap4r2_control_msgs/mocap4r2_control_msgs_s__rosidl_typesupport_c.so\n'}
[22.737114] (mocap4r2_robot_gt_msgs) StdoutLine: {'line': b'-- Installing: /home/strain-drone/Documents/drone_position_hold/ros2_ws/src/install/mocap4r2_robot_gt_msgs/lib/python3.12/site-packages/mocap4r2_robot_gt_msgs/mocap4r2_robot_gt_msgs_s__rosidl_typesupport_introspection_c.so\n'}
[22.737811] (mocap4r2_robot_gt_msgs) StdoutLine: {'line': b'-- Set non-toolchain portion of runtime path of "/home/strain-drone/Documents/drone_position_hold/ros2_ws/src/install/mocap4r2_robot_gt_msgs/lib/python3.12/site-packages/mocap4r2_robot_gt_msgs/mocap4r2_robot_gt_msgs_s__rosidl_typesupport_introspection_c.so" to ""\n'}
[22.738238] (mocap4r2_robot_gt_msgs) StdoutLine: {'line': b'-- Installing: /home/strain-drone/Documents/drone_position_hold/ros2_ws/src/install/mocap4r2_robot_gt_msgs/lib/python3.12/site-packages/mocap4r2_robot_gt_msgs/mocap4r2_robot_gt_msgs_s__rosidl_typesupport_c.so\n'}
[22.738870] (mocap4r2_control_msgs) StdoutLine: {'line': b'-- Set non-toolchain portion of runtime path of "/home/strain-drone/Documents/drone_position_hold/ros2_ws/src/install/mocap4r2_control_msgs/lib/python3.12/site-packages/mocap4r2_control_msgs/mocap4r2_control_msgs_s__rosidl_typesupport_c.so" to ""\n'}
[22.739548] (mocap4r2_control_msgs) StdoutLine: {'line': b'-- Installing: /home/strain-drone/Documents/drone_position_hold/ros2_ws/src/install/mocap4r2_control_msgs/lib/libmocap4r2_control_msgs__rosidl_generator_py.so\n'}
[22.742665] (mocap4r2_marker_viz_srvs) StdoutLine: {'line': b'[ 95%] \x1b[32m\x1b[1mLinking C shared module rosidl_generator_py/mocap4r2_marker_viz_srvs/mocap4r2_marker_viz_srvs_s__rosidl_typesupport_fastrtps_c.so\x1b[0m\n'}
[22.743267] (mocap4r2_robot_gt_msgs) StdoutLine: {'line': b'-- Set non-toolchain portion of runtime path of "/home/strain-drone/Documents/drone_position_hold/ros2_ws/src/install/mocap4r2_robot_gt_msgs/lib/python3.12/site-packages/mocap4r2_robot_gt_msgs/mocap4r2_robot_gt_msgs_s__rosidl_typesupport_c.so" to ""\n'}
[22.743671] (mocap4r2_robot_gt_msgs) StdoutLine: {'line': b'-- Installing: /home/strain-drone/Documents/drone_position_hold/ros2_ws/src/install/mocap4r2_robot_gt_msgs/lib/libmocap4r2_robot_gt_msgs__rosidl_generator_py.so\n'}
[22.743908] (mocap4r2_control_msgs) StdoutLine: {'line': b'-- Set non-toolchain portion of runtime path of "/home/strain-drone/Documents/drone_position_hold/ros2_ws/src/install/mocap4r2_control_msgs/lib/libmocap4r2_control_msgs__rosidl_generator_py.so" to ""\n'}
[22.745537] (mocap4r2_control_msgs) StdoutLine: {'line': b'-- Installing: /home/strain-drone/Documents/drone_position_hold/ros2_ws/src/install/mocap4r2_control_msgs/share/mocap4r2_control_msgs/msg/Control.idl\n'}
[22.745897] (mocap4r2_robot_gt_msgs) StdoutLine: {'line': b'-- Set non-toolchain portion of runtime path of "/home/strain-drone/Documents/drone_position_hold/ros2_ws/src/install/mocap4r2_robot_gt_msgs/lib/libmocap4r2_robot_gt_msgs__rosidl_generator_py.so" to ""\n'}
[22.747380] (mocap4r2_robot_gt_msgs) StdoutLine: {'line': b'-- Installing: /home/strain-drone/Documents/drone_position_hold/ros2_ws/src/install/mocap4r2_robot_gt_msgs/share/mocap4r2_robot_gt_msgs/srv/SetGTOrigin.idl\n'}
[22.749617] (mocap4r2_robot_gt_msgs) StdoutLine: {'line': b'-- Installing: /home/strain-drone/Documents/drone_position_hold/ros2_ws/src/install/mocap4r2_robot_gt_msgs/share/mocap4r2_robot_gt_msgs/srv/SetGTOrigin.srv\n'}
[22.749759] (mocap4r2_robot_gt_msgs) StdoutLine: {'line': b'-- Installing: /home/strain-drone/Documents/drone_position_hold/ros2_ws/src/install/mocap4r2_robot_gt_msgs/share/ament_index/resource_index/package_run_dependencies/mocap4r2_robot_gt_msgs\n'}
[22.749888] (mocap4r2_robot_gt_msgs) StdoutLine: {'line': b'-- Installing: /home/strain-drone/Documents/drone_position_hold/ros2_ws/src/install/mocap4r2_robot_gt_msgs/share/ament_index/resource_index/parent_prefix_path/mocap4r2_robot_gt_msgs\n'}
[22.750018] (mocap4r2_robot_gt_msgs) StdoutLine: {'line': b'-- Installing: /home/strain-drone/Documents/drone_position_hold/ros2_ws/src/install/mocap4r2_robot_gt_msgs/share/mocap4r2_robot_gt_msgs/environment/ament_prefix_path.sh\n'}
[22.750114] (mocap4r2_robot_gt_msgs) StdoutLine: {'line': b'-- Installing: /home/strain-drone/Documents/drone_position_hold/ros2_ws/src/install/mocap4r2_robot_gt_msgs/share/mocap4r2_robot_gt_msgs/environment/ament_prefix_path.dsv\n'}
[22.750201] (mocap4r2_robot_gt_msgs) StdoutLine: {'line': b'-- Installing: /home/strain-drone/Documents/drone_position_hold/ros2_ws/src/install/mocap4r2_robot_gt_msgs/share/mocap4r2_robot_gt_msgs/environment/path.sh\n'}
[22.750285] (mocap4r2_robot_gt_msgs) StdoutLine: {'line': b'-- Installing: /home/strain-drone/Documents/drone_position_hold/ros2_ws/src/install/mocap4r2_robot_gt_msgs/share/mocap4r2_robot_gt_msgs/environment/path.dsv\n'}
[22.750452] (mocap4r2_control_msgs) StdoutLine: {'line': b'-- Installing: /home/strain-drone/Documents/drone_position_hold/ros2_ws/src/install/mocap4r2_control_msgs/share/mocap4r2_control_msgs/msg/MocapInfo.idl\n'}
[22.750587] (mocap4r2_control_msgs) StdoutLine: {'line': b'-- Installing: /home/strain-drone/Documents/drone_position_hold/ros2_ws/src/install/mocap4r2_control_msgs/share/mocap4r2_control_msgs/msg/Control.msg\n'}
[22.757718] (mocap4r2_control_msgs) StdoutLine: {'line': b'-- Installing: /home/strain-drone/Documents/drone_position_hold/ros2_ws/src/install/mocap4r2_control_msgs/share/mocap4r2_control_msgs/msg/MocapInfo.msg\n'}
[22.758046] (mocap4r2_robot_gt_msgs) StdoutLine: {'line': b'-- Installing: /home/strain-drone/Documents/drone_position_hold/ros2_ws/src/install/mocap4r2_robot_gt_msgs/share/mocap4r2_robot_gt_msgs/local_setup.bash\n'}
[22.758193] (mocap4r2_robot_gt_msgs) StdoutLine: {'line': b'-- Installing: /home/strain-drone/Documents/drone_position_hold/ros2_ws/src/install/mocap4r2_robot_gt_msgs/share/mocap4r2_robot_gt_msgs/local_setup.sh\n'}
[22.758480] (mocap4r2_robot_gt_msgs) StdoutLine: {'line': b'-- Installing: /home/strain-drone/Documents/drone_position_hold/ros2_ws/src/install/mocap4r2_robot_gt_msgs/share/mocap4r2_robot_gt_msgs/local_setup.zsh\n'}
[22.760033] (mocap4r2_robot_gt_msgs) StdoutLine: {'line': b'-- Installing: /home/strain-drone/Documents/drone_position_hold/ros2_ws/src/install/mocap4r2_robot_gt_msgs/share/mocap4r2_robot_gt_msgs/local_setup.dsv\n'}
[22.762619] (mocap4r2_robot_gt_msgs) StdoutLine: {'line': b'-- Installing: /home/strain-drone/Documents/drone_position_hold/ros2_ws/src/install/mocap4r2_robot_gt_msgs/share/mocap4r2_robot_gt_msgs/package.dsv\n'}
[22.762789] (mocap4r2_control_msgs) StdoutLine: {'line': b'-- Installing: /home/strain-drone/Documents/drone_position_hold/ros2_ws/src/install/mocap4r2_control_msgs/share/mocap4r2_control_msgs/mocap4r2_control_bridge_mapping_rule.yaml\n'}
[22.762903] (mocap4r2_robot_gt_msgs) StdoutLine: {'line': b'-- Installing: /home/strain-drone/Documents/drone_position_hold/ros2_ws/src/install/mocap4r2_robot_gt_msgs/share/ament_index/resource_index/packages/mocap4r2_robot_gt_msgs\n'}
[22.763034] (mocap4r2_robot_gt_msgs) StdoutLine: {'line': b'-- Installing: /home/strain-drone/Documents/drone_position_hold/ros2_ws/src/install/mocap4r2_robot_gt_msgs/share/mocap4r2_robot_gt_msgs/cmake/export_mocap4r2_robot_gt_msgs__rosidl_generator_cExport.cmake\n'}
[22.763138] (mocap4r2_robot_gt_msgs) StdoutLine: {'line': b'-- Installing: /home/strain-drone/Documents/drone_position_hold/ros2_ws/src/install/mocap4r2_robot_gt_msgs/share/mocap4r2_robot_gt_msgs/cmake/export_mocap4r2_robot_gt_msgs__rosidl_generator_cExport-noconfig.cmake\n'}
[22.763233] (mocap4r2_robot_gt_msgs) StdoutLine: {'line': b'-- Installing: /home/strain-drone/Documents/drone_position_hold/ros2_ws/src/install/mocap4r2_robot_gt_msgs/share/mocap4r2_robot_gt_msgs/cmake/export_mocap4r2_robot_gt_msgs__rosidl_typesupport_fastrtps_cExport.cmake\n'}
[22.763352] (mocap4r2_marker_viz_srvs) StdoutLine: {'line': b'[ 97%] \x1b[32m\x1b[1mLinking C shared module rosidl_generator_py/mocap4r2_marker_viz_srvs/mocap4r2_marker_viz_srvs_s__rosidl_typesupport_c.so\x1b[0m\n'}
[22.763553] (mocap4r2_control_msgs) StdoutLine: {'line': b'-- Installing: /home/strain-drone/Documents/drone_position_hold/ros2_ws/src/install/mocap4r2_control_msgs/share/ament_index/resource_index/package_run_dependencies/mocap4r2_control_msgs\n'}
[22.763687] (mocap4r2_control_msgs) StdoutLine: {'line': b'-- Installing: /home/strain-drone/Documents/drone_position_hold/ros2_ws/src/install/mocap4r2_control_msgs/share/ament_index/resource_index/parent_prefix_path/mocap4r2_control_msgs\n'}
[22.781758] (mocap4r2_robot_gt_msgs) StdoutLine: {'line': b'-- Installing: /home/strain-drone/Documents/drone_position_hold/ros2_ws/src/install/mocap4r2_robot_gt_msgs/share/mocap4r2_robot_gt_msgs/cmake/export_mocap4r2_robot_gt_msgs__rosidl_typesupport_fastrtps_cExport-noconfig.cmake\n'}
[22.782066] (mocap4r2_robot_gt_msgs) StdoutLine: {'line': b'-- Installing: /home/strain-drone/Documents/drone_position_hold/ros2_ws/src/install/mocap4r2_robot_gt_msgs/share/mocap4r2_robot_gt_msgs/cmake/mocap4r2_robot_gt_msgs__rosidl_typesupport_introspection_cExport.cmake\n'}
[22.782216] (mocap4r2_robot_gt_msgs) StdoutLine: {'line': b'-- Installing: /home/strain-drone/Documents/drone_position_hold/ros2_ws/src/install/mocap4r2_robot_gt_msgs/share/mocap4r2_robot_gt_msgs/cmake/mocap4r2_robot_gt_msgs__rosidl_typesupport_introspection_cExport-noconfig.cmake\n'}
[22.782370] (mocap4r2_robot_gt_msgs) StdoutLine: {'line': b'-- Installing: /home/strain-drone/Documents/drone_position_hold/ros2_ws/src/install/mocap4r2_robot_gt_msgs/share/mocap4r2_robot_gt_msgs/cmake/mocap4r2_robot_gt_msgs__rosidl_typesupport_cExport.cmake\n'}
[22.782556] (mocap4r2_robot_gt_msgs) StdoutLine: {'line': b'-- Installing: /home/strain-drone/Documents/drone_position_hold/ros2_ws/src/install/mocap4r2_robot_gt_msgs/share/mocap4r2_robot_gt_msgs/cmake/mocap4r2_robot_gt_msgs__rosidl_typesupport_cExport-noconfig.cmake\n'}
[22.782703] (mocap4r2_robot_gt_msgs) StdoutLine: {'line': b'-- Installing: /home/strain-drone/Documents/drone_position_hold/ros2_ws/src/install/mocap4r2_robot_gt_msgs/share/mocap4r2_robot_gt_msgs/cmake/export_mocap4r2_robot_gt_msgs__rosidl_generator_cppExport.cmake\n'}
[22.782822] (mocap4r2_control_msgs) StdoutLine: {'line': b'-- Installing: /home/strain-drone/Documents/drone_position_hold/ros2_ws/src/install/mocap4r2_control_msgs/share/mocap4r2_control_msgs/environment/ament_prefix_path.sh\n'}
[22.783011] (mocap4r2_robot_gt_msgs) StdoutLine: {'line': b'-- Installing: /home/strain-drone/Documents/drone_position_hold/ros2_ws/src/install/mocap4r2_robot_gt_msgs/share/mocap4r2_robot_gt_msgs/cmake/export_mocap4r2_robot_gt_msgs__rosidl_typesupport_fastrtps_cppExport.cmake\n'}
[22.783164] (mocap4r2_robot_gt_msgs) StdoutLine: {'line': b'-- Installing: /home/strain-drone/Documents/drone_position_hold/ros2_ws/src/install/mocap4r2_robot_gt_msgs/share/mocap4r2_robot_gt_msgs/cmake/export_mocap4r2_robot_gt_msgs__rosidl_typesupport_fastrtps_cppExport-noconfig.cmake\n'}
[22.783275] (mocap4r2_robot_gt_msgs) StdoutLine: {'line': b'-- Installing: /home/strain-drone/Documents/drone_position_hold/ros2_ws/src/install/mocap4r2_robot_gt_msgs/share/mocap4r2_robot_gt_msgs/cmake/mocap4r2_robot_gt_msgs__rosidl_typesupport_introspection_cppExport.cmake\n'}
[22.783429] (mocap4r2_robot_gt_msgs) StdoutLine: {'line': b'-- Installing: /home/strain-drone/Documents/drone_position_hold/ros2_ws/src/install/mocap4r2_robot_gt_msgs/share/mocap4r2_robot_gt_msgs/cmake/mocap4r2_robot_gt_msgs__rosidl_typesupport_introspection_cppExport-noconfig.cmake\n'}
[22.783527] (mocap4r2_robot_gt_msgs) StdoutLine: {'line': b'-- Installing: /home/strain-drone/Documents/drone_position_hold/ros2_ws/src/install/mocap4r2_robot_gt_msgs/share/mocap4r2_robot_gt_msgs/cmake/mocap4r2_robot_gt_msgs__rosidl_typesupport_cppExport.cmake\n'}
[22.783610] (mocap4r2_robot_gt_msgs) StdoutLine: {'line': b'-- Installing: /home/strain-drone/Documents/drone_position_hold/ros2_ws/src/install/mocap4r2_robot_gt_msgs/share/mocap4r2_robot_gt_msgs/cmake/mocap4r2_robot_gt_msgs__rosidl_typesupport_cppExport-noconfig.cmake\n'}
[22.783708] (mocap4r2_robot_gt_msgs) StdoutLine: {'line': b'-- Installing: /home/strain-drone/Documents/drone_position_hold/ros2_ws/src/install/mocap4r2_robot_gt_msgs/share/mocap4r2_robot_gt_msgs/cmake/export_mocap4r2_robot_gt_msgs__rosidl_generator_pyExport.cmake\n'}
[22.783788] (mocap4r2_control_msgs) StdoutLine: {'line': b'-- Installing: /home/strain-drone/Documents/drone_position_hold/ros2_ws/src/install/mocap4r2_control_msgs/share/mocap4r2_control_msgs/environment/ament_prefix_path.dsv\n'}
[22.783900] (mocap4r2_robot_gt_msgs) StdoutLine: {'line': b'-- Installing: /home/strain-drone/Documents/drone_position_hold/ros2_ws/src/install/mocap4r2_robot_gt_msgs/share/mocap4r2_robot_gt_msgs/cmake/export_mocap4r2_robot_gt_msgs__rosidl_generator_pyExport-noconfig.cmake\n'}
[22.784018] (mocap4r2_robot_gt_msgs) StdoutLine: {'line': b'-- Installing: /home/strain-drone/Documents/drone_position_hold/ros2_ws/src/install/mocap4r2_robot_gt_msgs/share/mocap4r2_robot_gt_msgs/cmake/rosidl_cmake-extras.cmake\n'}
[22.784141] (mocap4r2_robot_gt_msgs) StdoutLine: {'line': b'-- Installing: /home/strain-drone/Documents/drone_position_hold/ros2_ws/src/install/mocap4r2_robot_gt_msgs/share/mocap4r2_robot_gt_msgs/cmake/ament_cmake_export_dependencies-extras.cmake\n'}
[22.784267] (mocap4r2_robot_gt_msgs) StdoutLine: {'line': b'-- Installing: /home/strain-drone/Documents/drone_position_hold/ros2_ws/src/install/mocap4r2_robot_gt_msgs/share/mocap4r2_robot_gt_msgs/cmake/ament_cmake_export_include_directories-extras.cmake\n'}
[22.789112] (mocap4r2_robot_gt_msgs) StdoutLine: {'line': b'-- Installing: /home/strain-drone/Documents/drone_position_hold/ros2_ws/src/install/mocap4r2_robot_gt_msgs/share/mocap4r2_robot_gt_msgs/cmake/ament_cmake_export_libraries-extras.cmake\n'}
[22.789289] (mocap4r2_robot_gt_msgs) StdoutLine: {'line': b'-- Installing: /home/strain-drone/Documents/drone_position_hold/ros2_ws/src/install/mocap4r2_robot_gt_msgs/share/mocap4r2_robot_gt_msgs/cmake/ament_cmake_export_targets-extras.cmake\n'}
[22.789435] (mocap4r2_robot_gt_msgs) StdoutLine: {'line': b'-- Installing: /home/strain-drone/Documents/drone_position_hold/ros2_ws/src/install/mocap4r2_robot_gt_msgs/share/mocap4r2_robot_gt_msgs/cmake/rosidl_cmake_export_typesupport_targets-extras.cmake\n'}
[22.789540] (mocap4r2_robot_gt_msgs) StdoutLine: {'line': b'-- Installing: /home/strain-drone/Documents/drone_position_hold/ros2_ws/src/install/mocap4r2_robot_gt_msgs/share/mocap4r2_robot_gt_msgs/cmake/rosidl_cmake_export_typesupport_libraries-extras.cmake\n'}
[22.789648] (mocap4r2_robot_gt_msgs) StdoutLine: {'line': b'-- Installing: /home/strain-drone/Documents/drone_position_hold/ros2_ws/src/install/mocap4r2_robot_gt_msgs/share/mocap4r2_robot_gt_msgs/cmake/mocap4r2_robot_gt_msgsConfig.cmake\n'}
[22.789753] (mocap4r2_robot_gt_msgs) StdoutLine: {'line': b'-- Installing: /home/strain-drone/Documents/drone_position_hold/ros2_ws/src/install/mocap4r2_robot_gt_msgs/share/mocap4r2_robot_gt_msgs/cmake/mocap4r2_robot_gt_msgsConfig-version.cmake\n'}
[22.789852] (mocap4r2_robot_gt_msgs) StdoutLine: {'line': b'-- Installing: /home/strain-drone/Documents/drone_position_hold/ros2_ws/src/install/mocap4r2_robot_gt_msgs/share/mocap4r2_robot_gt_msgs/package.xml\n'}
[22.789962] (mocap4r2_marker_viz_srvs) StdoutLine: {'line': b'[100%] \x1b[32m\x1b[1mLinking C shared module rosidl_generator_py/mocap4r2_marker_viz_srvs/mocap4r2_marker_viz_srvs_s__rosidl_typesupport_introspection_c.so\x1b[0m\n'}
[22.790103] (mocap4r2_control_msgs) StdoutLine: {'line': b'-- Installing: /home/strain-drone/Documents/drone_position_hold/ros2_ws/src/install/mocap4r2_control_msgs/share/mocap4r2_control_msgs/environment/path.sh\n'}
[22.790217] (mocap4r2_control_msgs) StdoutLine: {'line': b'-- Installing: /home/strain-drone/Documents/drone_position_hold/ros2_ws/src/install/mocap4r2_control_msgs/share/mocap4r2_control_msgs/environment/path.dsv\n'}
[22.790348] (mocap4r2_control_msgs) StdoutLine: {'line': b'-- Installing: /home/strain-drone/Documents/drone_position_hold/ros2_ws/src/install/mocap4r2_control_msgs/share/mocap4r2_control_msgs/local_setup.bash\n'}
[22.790454] (mocap4r2_control_msgs) StdoutLine: {'line': b'-- Installing: /home/strain-drone/Documents/drone_position_hold/ros2_ws/src/install/mocap4r2_control_msgs/share/mocap4r2_control_msgs/local_setup.sh\n'}
[22.790551] (mocap4r2_control_msgs) StdoutLine: {'line': b'-- Installing: /home/strain-drone/Documents/drone_position_hold/ros2_ws/src/install/mocap4r2_control_msgs/share/mocap4r2_control_msgs/local_setup.zsh\n'}
[22.790641] (mocap4r2_control_msgs) StdoutLine: {'line': b'-- Installing: /home/strain-drone/Documents/drone_position_hold/ros2_ws/src/install/mocap4r2_control_msgs/share/mocap4r2_control_msgs/local_setup.dsv\n'}
[22.790741] (mocap4r2_robot_gt_msgs) CommandEnded: {'returncode': 0}
[22.803289] (mocap4r2_control_msgs) StdoutLine: {'line': b'-- Installing: /home/strain-drone/Documents/drone_position_hold/ros2_ws/src/install/mocap4r2_control_msgs/share/mocap4r2_control_msgs/package.dsv\n'}
[22.803820] (mocap4r2_control_msgs) StdoutLine: {'line': b'-- Installing: /home/strain-drone/Documents/drone_position_hold/ros2_ws/src/install/mocap4r2_control_msgs/share/ament_index/resource_index/packages/mocap4r2_control_msgs\n'}
[22.803966] (mocap4r2_control_msgs) StdoutLine: {'line': b'-- Installing: /home/strain-drone/Documents/drone_position_hold/ros2_ws/src/install/mocap4r2_control_msgs/share/mocap4r2_control_msgs/cmake/export_mocap4r2_control_msgs__rosidl_generator_cExport.cmake\n'}
[22.804075] (mocap4r2_control_msgs) StdoutLine: {'line': b'-- Installing: /home/strain-drone/Documents/drone_position_hold/ros2_ws/src/install/mocap4r2_control_msgs/share/mocap4r2_control_msgs/cmake/export_mocap4r2_control_msgs__rosidl_generator_cExport-noconfig.cmake\n'}
[22.804176] (mocap4r2_control_msgs) StdoutLine: {'line': b'-- Installing: /home/strain-drone/Documents/drone_position_hold/ros2_ws/src/install/mocap4r2_control_msgs/share/mocap4r2_control_msgs/cmake/export_mocap4r2_control_msgs__rosidl_typesupport_fastrtps_cExport.cmake\n'}
[22.804279] (mocap4r2_control_msgs) StdoutLine: {'line': b'-- Installing: /home/strain-drone/Documents/drone_position_hold/ros2_ws/src/install/mocap4r2_control_msgs/share/mocap4r2_control_msgs/cmake/export_mocap4r2_control_msgs__rosidl_typesupport_fastrtps_cExport-noconfig.cmake\n'}
[22.804435] (mocap4r2_control_msgs) StdoutLine: {'line': b'-- Installing: /home/strain-drone/Documents/drone_position_hold/ros2_ws/src/install/mocap4r2_control_msgs/share/mocap4r2_control_msgs/cmake/mocap4r2_control_msgs__rosidl_typesupport_introspection_cExport.cmake\n'}
[22.804569] (mocap4r2_control_msgs) StdoutLine: {'line': b'-- Installing: /home/strain-drone/Documents/drone_position_hold/ros2_ws/src/install/mocap4r2_control_msgs/share/mocap4r2_control_msgs/cmake/mocap4r2_control_msgs__rosidl_typesupport_introspection_cExport-noconfig.cmake\n'}
[22.804696] (mocap4r2_control_msgs) StdoutLine: {'line': b'-- Installing: /home/strain-drone/Documents/drone_position_hold/ros2_ws/src/install/mocap4r2_control_msgs/share/mocap4r2_control_msgs/cmake/mocap4r2_control_msgs__rosidl_typesupport_cExport.cmake\n'}
[22.804790] (mocap4r2_control_msgs) StdoutLine: {'line': b'-- Installing: /home/strain-drone/Documents/drone_position_hold/ros2_ws/src/install/mocap4r2_control_msgs/share/mocap4r2_control_msgs/cmake/mocap4r2_control_msgs__rosidl_typesupport_cExport-noconfig.cmake\n'}
[22.804887] (mocap4r2_control_msgs) StdoutLine: {'line': b'-- Installing: /home/strain-drone/Documents/drone_position_hold/ros2_ws/src/install/mocap4r2_control_msgs/share/mocap4r2_control_msgs/cmake/export_mocap4r2_control_msgs__rosidl_generator_cppExport.cmake\n'}
[22.804980] (mocap4r2_control_msgs) StdoutLine: {'line': b'-- Installing: /home/strain-drone/Documents/drone_position_hold/ros2_ws/src/install/mocap4r2_control_msgs/share/mocap4r2_control_msgs/cmake/export_mocap4r2_control_msgs__rosidl_typesupport_fastrtps_cppExport.cmake\n'}
[22.805134] (mocap4r2_control_msgs) StdoutLine: {'line': b'-- Installing: /home/strain-drone/Documents/drone_position_hold/ros2_ws/src/install/mocap4r2_control_msgs/share/mocap4r2_control_msgs/cmake/export_mocap4r2_control_msgs__rosidl_typesupport_fastrtps_cppExport-noconfig.cmake\n'}
[22.805261] (mocap4r2_control_msgs) StdoutLine: {'line': b'-- Installing: /home/strain-drone/Documents/drone_position_hold/ros2_ws/src/install/mocap4r2_control_msgs/share/mocap4r2_control_msgs/cmake/mocap4r2_control_msgs__rosidl_typesupport_introspection_cppExport.cmake\n'}
[22.805418] (mocap4r2_control_msgs) StdoutLine: {'line': b'-- Installing: /home/strain-drone/Documents/drone_position_hold/ros2_ws/src/install/mocap4r2_control_msgs/share/mocap4r2_control_msgs/cmake/mocap4r2_control_msgs__rosidl_typesupport_introspection_cppExport-noconfig.cmake\n'}
[22.805515] (mocap4r2_control_msgs) StdoutLine: {'line': b'-- Installing: /home/strain-drone/Documents/drone_position_hold/ros2_ws/src/install/mocap4r2_control_msgs/share/mocap4r2_control_msgs/cmake/mocap4r2_control_msgs__rosidl_typesupport_cppExport.cmake\n'}
[22.805633] (mocap4r2_control_msgs) StdoutLine: {'line': b'-- Installing: /home/strain-drone/Documents/drone_position_hold/ros2_ws/src/install/mocap4r2_control_msgs/share/mocap4r2_control_msgs/cmake/mocap4r2_control_msgs__rosidl_typesupport_cppExport-noconfig.cmake\n'}
[22.805748] (mocap4r2_control_msgs) StdoutLine: {'line': b'-- Installing: /home/strain-drone/Documents/drone_position_hold/ros2_ws/src/install/mocap4r2_control_msgs/share/mocap4r2_control_msgs/cmake/export_mocap4r2_control_msgs__rosidl_generator_pyExport.cmake\n'}
[22.805849] (mocap4r2_control_msgs) StdoutLine: {'line': b'-- Installing: /home/strain-drone/Documents/drone_position_hold/ros2_ws/src/install/mocap4r2_control_msgs/share/mocap4r2_control_msgs/cmake/export_mocap4r2_control_msgs__rosidl_generator_pyExport-noconfig.cmake\n'}
[22.815822] (mocap4r2_control_msgs) StdoutLine: {'line': b'-- Installing: /home/strain-drone/Documents/drone_position_hold/ros2_ws/src/install/mocap4r2_control_msgs/share/mocap4r2_control_msgs/cmake/rosidl_cmake-extras.cmake\n'}
[22.816251] (mocap4r2_control_msgs) StdoutLine: {'line': b'-- Installing: /home/strain-drone/Documents/drone_position_hold/ros2_ws/src/install/mocap4r2_control_msgs/share/mocap4r2_control_msgs/cmake/ament_cmake_export_dependencies-extras.cmake\n'}
[22.817043] (mocap4r2_control_msgs) StdoutLine: {'line': b'-- Installing: /home/strain-drone/Documents/drone_position_hold/ros2_ws/src/install/mocap4r2_control_msgs/share/mocap4r2_control_msgs/cmake/ament_cmake_export_include_directories-extras.cmake\n'}
[22.817218] (mocap4r2_control_msgs) StdoutLine: {'line': b'-- Installing: /home/strain-drone/Documents/drone_position_hold/ros2_ws/src/install/mocap4r2_control_msgs/share/mocap4r2_control_msgs/cmake/ament_cmake_export_libraries-extras.cmake\n'}
[22.817371] (mocap4r2_control_msgs) StdoutLine: {'line': b'-- Installing: /home/strain-drone/Documents/drone_position_hold/ros2_ws/src/install/mocap4r2_control_msgs/share/mocap4r2_control_msgs/cmake/ament_cmake_export_targets-extras.cmake\n'}
[22.817482] (mocap4r2_control_msgs) StdoutLine: {'line': b'-- Installing: /home/strain-drone/Documents/drone_position_hold/ros2_ws/src/install/mocap4r2_control_msgs/share/mocap4r2_control_msgs/cmake/rosidl_cmake_export_typesupport_targets-extras.cmake\n'}
[22.817565] (mocap4r2_control_msgs) StdoutLine: {'line': b'-- Installing: /home/strain-drone/Documents/drone_position_hold/ros2_ws/src/install/mocap4r2_control_msgs/share/mocap4r2_control_msgs/cmake/rosidl_cmake_export_typesupport_libraries-extras.cmake\n'}
[22.822840] (mocap4r2_control_msgs) StdoutLine: {'line': b'-- Installing: /home/strain-drone/Documents/drone_position_hold/ros2_ws/src/install/mocap4r2_control_msgs/share/mocap4r2_control_msgs/cmake/mocap4r2_control_msgsConfig.cmake\n'}
[22.823103] (mocap4r2_control_msgs) StdoutLine: {'line': b'-- Installing: /home/strain-drone/Documents/drone_position_hold/ros2_ws/src/install/mocap4r2_control_msgs/share/mocap4r2_control_msgs/cmake/mocap4r2_control_msgsConfig-version.cmake\n'}
[22.823855] (mocap4r2_control_msgs) StdoutLine: {'line': b'-- Installing: /home/strain-drone/Documents/drone_position_hold/ros2_ws/src/install/mocap4r2_control_msgs/share/mocap4r2_control_msgs/package.xml\n'}
[22.833539] (-) TimerEvent: {}
[22.840566] (mocap4r2_marker_viz_srvs) StdoutLine: {'line': b'[100%] Built target mocap4r2_marker_viz_srvs_s__rosidl_typesupport_c\n'}
[22.845461] (mocap4r2_marker_viz_srvs) StdoutLine: {'line': b'[100%] Built target mocap4r2_marker_viz_srvs_s__rosidl_typesupport_introspection_c\n'}
[22.876148] (mocap4r2_robot_gt_msgs) JobEnded: {'identifier': 'mocap4r2_robot_gt_msgs', 'rc': 0}
[22.878489] (mavros_config) JobStarted: {'identifier': 'mavros_config'}
[22.886222] (mocap4r2_control_msgs) CommandEnded: {'returncode': 0}
[22.887932] (mocap4r2_marker_viz_srvs) StdoutLine: {'line': b'[100%] Built target mocap4r2_marker_viz_srvs_s__rosidl_typesupport_fastrtps_c\n'}
[22.921111] (mocap4r2_control_msgs) JobEnded: {'identifier': 'mocap4r2_control_msgs', 'rc': 0}
[22.922308] (mocap4r2_control) JobStarted: {'identifier': 'mocap4r2_control'}
[22.927909] (mocap4r2_marker_viz_srvs) CommandEnded: {'returncode': 0}
[22.930764] (mocap4r2_marker_viz_srvs) JobProgress: {'identifier': 'mocap4r2_marker_viz_srvs', 'progress': 'install'}
[22.930880] (mocap4r2_marker_viz_srvs) Command: {'cmd': ['/usr/bin/cmake', '--install', '/home/strain-drone/Documents/drone_position_hold/ros2_ws/src/build/mocap4r2_marker_viz_srvs'], 'cwd': '/home/strain-drone/Documents/drone_position_hold/ros2_ws/src/build/mocap4r2_marker_viz_srvs', 'env': OrderedDict({'LESSOPEN': '| /usr/bin/lesspipe %s', 'USER': 'strain-drone', 'SSH_CLIENT': '100.125.10.128 53782 22', 'XDG_SESSION_TYPE': 'tty', 'GIT_ASKPASS': '/home/strain-drone/.vscode-server/cli/servers/Stable-b6a47e94e326b5c209d118cf0f994d6065585705/server/extensions/git/dist/askpass.sh', 'SHLVL': '2', 'LD_LIBRARY_PATH': '/opt/ros/jazzy/opt/rviz_ogre_vendor/lib:/opt/ros/jazzy/lib/aarch64-linux-gnu:/opt/ros/jazzy/opt/gz_math_vendor/lib:/opt/ros/jazzy/opt/gz_utils_vendor/lib:/opt/ros/jazzy/opt/gz_cmake_vendor/lib:/opt/ros/jazzy/lib:/home/strain-drone/Documents/drone_position_hold/ros2_ws/src/natnet_ros2/deps/NatNetSDK/lib:/home/strain-drone/Documents/drone_position_hold/ros2_ws/src/natnet_ros2/deps/NatNetSDK/lib', 'BROWSER': '/home/strain-drone/.vscode-server/cli/servers/Stable-b6a47e94e326b5c209d118cf0f994d6065585705/server/bin/helpers/browser.sh', 'HOME': '/home/strain-drone', 'TERM_PROGRAM_VERSION': '1.109.3', 'VSCODE_IPC_HOOK_CLI': '/run/user/1002/vscode-ipc-7f844f56-ced9-4e8e-9017-09603271f316.sock', 'ROS_PYTHON_VERSION': '3', 'VSCODE_GIT_ASKPASS_MAIN': '/home/strain-drone/.vscode-server/cli/servers/Stable-b6a47e94e326b5c209d118cf0f994d6065585705/server/extensions/git/dist/askpass-main.js', 'PS1': '\\[\x1b]633;A\x07\\]\\[\\e]0;\\u@\\h: \\w\\a\\]${debian_chroot:+($debian_chroot)}\\[\\033[01;32m\\]\\u@\\h\\[\\033[00m\\]:\\[\\033[01;34m\\]\\w\\[\\033[00m\\]\\$ \\[\x1b]633;B\x07\\]', 'VSCODE_GIT_ASKPASS_NODE': '/home/strain-drone/.vscode-server/cli/servers/Stable-b6a47e94e326b5c209d118cf0f994d6065585705/server/node', 'SSL_CERT_FILE': '/usr/lib/ssl/cert.pem', 'VSCODE_PYTHON_AUTOACTIVATE_GUARD': '1', 'DBUS_SESSION_BUS_ADDRESS': 'unix:path=/run/user/1002/bus', 'COLORTERM': 'truecolor', 'DEBUGINFOD_URLS': 'https://debuginfod.ubuntu.com', 'ROS_DISTRO': 'jazzy', 'LOGNAME': 'strain-drone', '_': '/usr/bin/colcon', 'ROS_VERSION': '2', 'XDG_SESSION_CLASS': 'user', 'TERM': 'xterm-256color', 'XDG_SESSION_ID': '12', 'PATH': '/home/strain-drone/.vscode-server/data/User/globalStorage/github.copilot-chat/debugCommand:/home/strain-drone/.vscode-server/data/User/globalStorage/github.copilot-chat/copilotCli:/home/strain-drone/.vscode-server/cli/servers/Stable-b6a47e94e326b5c209d118cf0f994d6065585705/server/bin/remote-cli:/usr/lib/ccache:/home/strain-drone/Documents/ardupilot/Tools/autotest:/opt/gcc-arm-none-eabi-10-2020-q4-major/bin:/home/strain-drone/venv-ardupilot/bin:/home/strain-drone/.local/bin:/opt/ros/jazzy/bin:/usr/lib/ccache:/home/strain-drone/Documents/ardupilot/Tools/autotest:/opt/gcc-arm-none-eabi-10-2020-q4-major/bin:/home/strain-drone/venv-ardupilot/bin:/home/strain-drone/.local/bin:/usr/local/sbin:/usr/local/bin:/usr/sbin:/usr/bin:/sbin:/bin:/usr/games:/usr/local/games:/snap/bin:/home/strain-drone/.local/bin:/home/strain-drone/.local/bin:/home/strain-drone/.local/bin:/home/strain-drone/.local/bin', 'XDG_RUNTIME_DIR': '/run/user/1002', 'SSL_CERT_DIR': '/usr/lib/ssl/certs', 'LANG': 'en_US.UTF-8', 'VIRTUAL_ENV_PROMPT': '(venv-ardupilot)', 'LS_COLORS': 'rs=0:di=01;34:ln=01;36:mh=00:pi=40;33:so=01;35:do=01;35:bd=40;33;01:cd=40;33;01:or=40;31;01:mi=00:su=37;41:sg=30;43:ca=00:tw=30;42:ow=34;42:st=37;44:ex=01;32:*.tar=01;31:*.tgz=01;31:*.arc=01;31:*.arj=01;31:*.taz=01;31:*.lha=01;31:*.lz4=01;31:*.lzh=01;31:*.lzma=01;31:*.tlz=01;31:*.txz=01;31:*.tzo=01;31:*.t7z=01;31:*.zip=01;31:*.z=01;31:*.dz=01;31:*.gz=01;31:*.lrz=01;31:*.lz=01;31:*.lzo=01;31:*.xz=01;31:*.zst=01;31:*.tzst=01;31:*.bz2=01;31:*.bz=01;31:*.tbz=01;31:*.tbz2=01;31:*.tz=01;31:*.deb=01;31:*.rpm=01;31:*.jar=01;31:*.war=01;31:*.ear=01;31:*.sar=01;31:*.rar=01;31:*.alz=01;31:*.ace=01;31:*.zoo=01;31:*.cpio=01;31:*.7z=01;31:*.rz=01;31:*.cab=01;31:*.wim=01;31:*.swm=01;31:*.dwm=01;31:*.esd=01;31:*.avif=01;35:*.jpg=01;35:*.jpeg=01;35:*.mjpg=01;35:*.mjpeg=01;35:*.gif=01;35:*.bmp=01;35:*.pbm=01;35:*.pgm=01;35:*.ppm=01;35:*.tga=01;35:*.xbm=01;35:*.xpm=01;35:*.tif=01;35:*.tiff=01;35:*.png=01;35:*.svg=01;35:*.svgz=01;35:*.mng=01;35:*.pcx=01;35:*.mov=01;35:*.mpg=01;35:*.mpeg=01;35:*.m2v=01;35:*.mkv=01;35:*.webm=01;35:*.webp=01;35:*.ogm=01;35:*.mp4=01;35:*.m4v=01;35:*.mp4v=01;35:*.vob=01;35:*.qt=01;35:*.nuv=01;35:*.wmv=01;35:*.asf=01;35:*.rm=01;35:*.rmvb=01;35:*.flc=01;35:*.avi=01;35:*.fli=01;35:*.flv=01;35:*.gl=01;35:*.dl=01;35:*.xcf=01;35:*.xwd=01;35:*.yuv=01;35:*.cgm=01;35:*.emf=01;35:*.ogv=01;35:*.ogx=01;35:*.aac=00;36:*.au=00;36:*.flac=00;36:*.m4a=00;36:*.mid=00;36:*.midi=00;36:*.mka=00;36:*.mp3=00;36:*.mpc=00;36:*.ogg=00;36:*.ra=00;36:*.wav=00;36:*.oga=00;36:*.opus=00;36:*.spx=00;36:*.xspf=00;36:*~=00;90:*#=00;90:*.bak=00;90:*.crdownload=00;90:*.dpkg-dist=00;90:*.dpkg-new=00;90:*.dpkg-old=00;90:*.dpkg-tmp=00;90:*.old=00;90:*.orig=00;90:*.part=00;90:*.rej=00;90:*.rpmnew=00;90:*.rpmorig=00;90:*.rpmsave=00;90:*.swp=00;90:*.tmp=00;90:*.ucf-dist=00;90:*.ucf-new=00;90:*.ucf-old=00;90:', 'VSCODE_GIT_IPC_HANDLE': '/run/user/1002/vscode-git-227cc40744.sock', 'TERM_PROGRAM': 'vscode', 'ROS_DOMAIN_ID': '1', 'AMENT_PREFIX_PATH': '/opt/ros/jazzy', 'SHELL': '/bin/bash', 'LESSCLOSE': '/usr/bin/lesspipe %s %s', 'VIRTUAL_ENV': '/home/strain-drone/venv-ardupilot', 'ROS_AUTOMATIC_DISCOVERY_RANGE': 'SUBNET', 'VSCODE_GIT_ASKPASS_EXTRA_ARGS': '', 'PWD': '/home/strain-drone/Documents/drone_position_hold/ros2_ws/src/build/mocap4r2_marker_viz_srvs', 'LC_ALL': 'en_US.UTF-8', 'SSH_CONNECTION': '100.125.10.128 53782 100.96.124.69 22', 'XDG_DATA_DIRS': '/usr/share/gnome:/usr/local/share:/usr/share:/var/lib/snapd/desktop', 'PYTHONPATH': '/opt/ros/jazzy/lib/python3.12/site-packages', 'COLCON': '1', 'CMAKE_PREFIX_PATH': '/opt/ros/jazzy/opt/gz_math_vendor:/opt/ros/jazzy/opt/gz_utils_vendor:/opt/ros/jazzy/opt/gz_cmake_vendor:/opt/ros/jazzy'}), 'shell': False}
[22.933644] (-) TimerEvent: {}
[23.034033] (-) TimerEvent: {}
[23.134385] (-) TimerEvent: {}
[23.234725] (-) TimerEvent: {}
[23.285660] (mocap4r2_control) JobProgress: {'identifier': 'mocap4r2_control', 'progress': 'cmake'}
[23.285742] (mocap4r2_marker_viz_srvs) StdoutLine: {'line': b'-- Install configuration: ""\n'}
[23.285929] (mocap4r2_marker_viz_srvs) StdoutLine: {'line': b'-- Installing: /home/strain-drone/Documents/drone_position_hold/ros2_ws/src/install/mocap4r2_marker_viz_srvs/share/ament_index/resource_index/rosidl_interfaces/mocap4r2_marker_viz_srvs\n'}
[23.286145] (mocap4r2_marker_viz_srvs) StdoutLine: {'line': b'-- Installing: /home/strain-drone/Documents/drone_position_hold/ros2_ws/src/install/mocap4r2_marker_viz_srvs/share/mocap4r2_marker_viz_srvs/srv/SetMarkerColor.json\n'}
[23.286263] (mocap4r2_marker_viz_srvs) StdoutLine: {'line': b'-- Installing: /home/strain-drone/Documents/drone_position_hold/ros2_ws/src/install/mocap4r2_marker_viz_srvs/share/mocap4r2_marker_viz_srvs/srv/ResetMarkerColor.json\n'}
[23.286424] (mocap4r2_marker_viz_srvs) StdoutLine: {'line': b'-- Installing: /home/strain-drone/Documents/drone_position_hold/ros2_ws/src/install/mocap4r2_marker_viz_srvs/include/mocap4r2_marker_viz_srvs/mocap4r2_marker_viz_srvs\n'}
[23.286525] (mocap4r2_marker_viz_srvs) StdoutLine: {'line': b'-- Installing: /home/strain-drone/Documents/drone_position_hold/ros2_ws/src/install/mocap4r2_marker_viz_srvs/include/mocap4r2_marker_viz_srvs/mocap4r2_marker_viz_srvs/srv\n'}
[23.286613] (mocap4r2_marker_viz_srvs) StdoutLine: {'line': b'-- Installing: /home/strain-drone/Documents/drone_position_hold/ros2_ws/src/install/mocap4r2_marker_viz_srvs/include/mocap4r2_marker_viz_srvs/mocap4r2_marker_viz_srvs/srv/detail\n'}
[23.286697] (mocap4r2_marker_viz_srvs) StdoutLine: {'line': b'-- Installing: /home/strain-drone/Documents/drone_position_hold/ros2_ws/src/install/mocap4r2_marker_viz_srvs/include/mocap4r2_marker_viz_srvs/mocap4r2_marker_viz_srvs/srv/detail/set_marker_color__functions.c\n'}
[23.286779] (mocap4r2_marker_viz_srvs) StdoutLine: {'line': b'-- Installing: /home/strain-drone/Documents/drone_position_hold/ros2_ws/src/install/mocap4r2_marker_viz_srvs/include/mocap4r2_marker_viz_srvs/mocap4r2_marker_viz_srvs/srv/detail/reset_marker_color__functions.h\n'}
[23.286865] (mocap4r2_marker_viz_srvs) StdoutLine: {'line': b'-- Installing: /home/strain-drone/Documents/drone_position_hold/ros2_ws/src/install/mocap4r2_marker_viz_srvs/include/mocap4r2_marker_viz_srvs/mocap4r2_marker_viz_srvs/srv/detail/reset_marker_color__struct.h\n'}
[23.286963] (mocap4r2_marker_viz_srvs) StdoutLine: {'line': b'-- Installing: /home/strain-drone/Documents/drone_position_hold/ros2_ws/src/install/mocap4r2_marker_viz_srvs/include/mocap4r2_marker_viz_srvs/mocap4r2_marker_viz_srvs/srv/detail/reset_marker_color__description.c\n'}
[23.289117] (mocap4r2_marker_viz_srvs) StdoutLine: {'line': b'-- Installing: /home/strain-drone/Documents/drone_position_hold/ros2_ws/src/install/mocap4r2_marker_viz_srvs/include/mocap4r2_marker_viz_srvs/mocap4r2_marker_viz_srvs/srv/detail/set_marker_color__functions.h\n'}
[23.289251] (mocap4r2_marker_viz_srvs) StdoutLine: {'line': b'-- Installing: /home/strain-drone/Documents/drone_position_hold/ros2_ws/src/install/mocap4r2_marker_viz_srvs/include/mocap4r2_marker_viz_srvs/mocap4r2_marker_viz_srvs/srv/detail/set_marker_color__type_support.h\n'}
[23.289366] (mocap4r2_marker_viz_srvs) StdoutLine: {'line': b'-- Installing: /home/strain-drone/Documents/drone_position_hold/ros2_ws/src/install/mocap4r2_marker_viz_srvs/include/mocap4r2_marker_viz_srvs/mocap4r2_marker_viz_srvs/srv/detail/reset_marker_color__type_support.h\n'}
[23.289857] (mocap4r2_marker_viz_srvs) StdoutLine: {'line': b'-- Installing: /home/strain-drone/Documents/drone_position_hold/ros2_ws/src/install/mocap4r2_marker_viz_srvs/include/mocap4r2_marker_viz_srvs/mocap4r2_marker_viz_srvs/srv/detail/set_marker_color__type_support.c\n'}
[23.290268] (mocap4r2_marker_viz_srvs) StdoutLine: {'line': b'-- Installing: /home/strain-drone/Documents/drone_position_hold/ros2_ws/src/install/mocap4r2_marker_viz_srvs/include/mocap4r2_marker_viz_srvs/mocap4r2_marker_viz_srvs/srv/detail/reset_marker_color__functions.c\n'}
[23.290455] (mocap4r2_marker_viz_srvs) StdoutLine: {'line': b'-- Installing: /home/strain-drone/Documents/drone_position_hold/ros2_ws/src/install/mocap4r2_marker_viz_srvs/include/mocap4r2_marker_viz_srvs/mocap4r2_marker_viz_srvs/srv/detail/set_marker_color__description.c\n'}
[23.291066] (mocap4r2_marker_viz_srvs) StdoutLine: {'line': b'-- Installing: /home/strain-drone/Documents/drone_position_hold/ros2_ws/src/install/mocap4r2_marker_viz_srvs/include/mocap4r2_marker_viz_srvs/mocap4r2_marker_viz_srvs/srv/detail/reset_marker_color__type_support.c\n'}
[23.291230] (mocap4r2_marker_viz_srvs) StdoutLine: {'line': b'-- Installing: /home/strain-drone/Documents/drone_position_hold/ros2_ws/src/install/mocap4r2_marker_viz_srvs/include/mocap4r2_marker_viz_srvs/mocap4r2_marker_viz_srvs/srv/detail/set_marker_color__struct.h\n'}
[23.291461] (mocap4r2_marker_viz_srvs) StdoutLine: {'line': b'-- Installing: /home/strain-drone/Documents/drone_position_hold/ros2_ws/src/install/mocap4r2_marker_viz_srvs/include/mocap4r2_marker_viz_srvs/mocap4r2_marker_viz_srvs/srv/set_marker_color.h\n'}
[23.292105] (mocap4r2_marker_viz_srvs) StdoutLine: {'line': b'-- Installing: /home/strain-drone/Documents/drone_position_hold/ros2_ws/src/install/mocap4r2_marker_viz_srvs/include/mocap4r2_marker_viz_srvs/mocap4r2_marker_viz_srvs/srv/reset_marker_color.h\n'}
[23.292217] (mocap4r2_marker_viz_srvs) StdoutLine: {'line': b'-- Installing: /home/strain-drone/Documents/drone_position_hold/ros2_ws/src/install/mocap4r2_marker_viz_srvs/include/mocap4r2_marker_viz_srvs/mocap4r2_marker_viz_srvs/msg\n'}
[23.292308] (mocap4r2_marker_viz_srvs) StdoutLine: {'line': b'-- Installing: /home/strain-drone/Documents/drone_position_hold/ros2_ws/src/install/mocap4r2_marker_viz_srvs/include/mocap4r2_marker_viz_srvs/mocap4r2_marker_viz_srvs/msg/rosidl_generator_c__visibility_control.h\n'}
[23.292444] (mocap4r2_marker_viz_srvs) StdoutLine: {'line': b'-- Installing: /home/strain-drone/Documents/drone_position_hold/ros2_ws/src/install/mocap4r2_marker_viz_srvs/share/mocap4r2_marker_viz_srvs/environment/library_path.sh\n'}
[23.292543] (mocap4r2_marker_viz_srvs) StdoutLine: {'line': b'-- Installing: /home/strain-drone/Documents/drone_position_hold/ros2_ws/src/install/mocap4r2_marker_viz_srvs/share/mocap4r2_marker_viz_srvs/environment/library_path.dsv\n'}
[23.292634] (mocap4r2_marker_viz_srvs) StdoutLine: {'line': b'-- Installing: /home/strain-drone/Documents/drone_position_hold/ros2_ws/src/install/mocap4r2_marker_viz_srvs/lib/libmocap4r2_marker_viz_srvs__rosidl_generator_c.so\n'}
[23.292721] (mocap4r2_marker_viz_srvs) StdoutLine: {'line': b'-- Set non-toolchain portion of runtime path of "/home/strain-drone/Documents/drone_position_hold/ros2_ws/src/install/mocap4r2_marker_viz_srvs/lib/libmocap4r2_marker_viz_srvs__rosidl_generator_c.so" to ""\n'}
[23.292802] (mocap4r2_marker_viz_srvs) StdoutLine: {'line': b'-- Up-to-date: /home/strain-drone/Documents/drone_position_hold/ros2_ws/src/install/mocap4r2_marker_viz_srvs/include/mocap4r2_marker_viz_srvs/mocap4r2_marker_viz_srvs\n'}
[23.292882] (mocap4r2_marker_viz_srvs) StdoutLine: {'line': b'-- Up-to-date: /home/strain-drone/Documents/drone_position_hold/ros2_ws/src/install/mocap4r2_marker_viz_srvs/include/mocap4r2_marker_viz_srvs/mocap4r2_marker_viz_srvs/srv\n'}
[23.292971] (mocap4r2_marker_viz_srvs) StdoutLine: {'line': b'-- Up-to-date: /home/strain-drone/Documents/drone_position_hold/ros2_ws/src/install/mocap4r2_marker_viz_srvs/include/mocap4r2_marker_viz_srvs/mocap4r2_marker_viz_srvs/srv/detail\n'}
[23.295511] (mocap4r2_marker_viz_srvs) StdoutLine: {'line': b'-- Installing: /home/strain-drone/Documents/drone_position_hold/ros2_ws/src/install/mocap4r2_marker_viz_srvs/include/mocap4r2_marker_viz_srvs/mocap4r2_marker_viz_srvs/srv/detail/reset_marker_color__rosidl_typesupport_fastrtps_c.h\n'}
[23.295697] (mocap4r2_marker_viz_srvs) StdoutLine: {'line': b'-- Installing: /home/strain-drone/Documents/drone_position_hold/ros2_ws/src/install/mocap4r2_marker_viz_srvs/include/mocap4r2_marker_viz_srvs/mocap4r2_marker_viz_srvs/srv/detail/set_marker_color__rosidl_typesupport_fastrtps_c.h\n'}
[23.295804] (mocap4r2_marker_viz_srvs) StdoutLine: {'line': b'-- Up-to-date: /home/strain-drone/Documents/drone_position_hold/ros2_ws/src/install/mocap4r2_marker_viz_srvs/include/mocap4r2_marker_viz_srvs/mocap4r2_marker_viz_srvs/msg\n'}
[23.295902] (mocap4r2_marker_viz_srvs) StdoutLine: {'line': b'-- Installing: /home/strain-drone/Documents/drone_position_hold/ros2_ws/src/install/mocap4r2_marker_viz_srvs/include/mocap4r2_marker_viz_srvs/mocap4r2_marker_viz_srvs/msg/rosidl_typesupport_fastrtps_c__visibility_control.h\n'}
[23.296042] (mocap4r2_marker_viz_srvs) StdoutLine: {'line': b'-- Installing: /home/strain-drone/Documents/drone_position_hold/ros2_ws/src/install/mocap4r2_marker_viz_srvs/lib/libmocap4r2_marker_viz_srvs__rosidl_typesupport_fastrtps_c.so\n'}
[23.296158] (mocap4r2_marker_viz_srvs) StdoutLine: {'line': b'-- Set non-toolchain portion of runtime path of "/home/strain-drone/Documents/drone_position_hold/ros2_ws/src/install/mocap4r2_marker_viz_srvs/lib/libmocap4r2_marker_viz_srvs__rosidl_typesupport_fastrtps_c.so" to ""\n'}
[23.296257] (mocap4r2_marker_viz_srvs) StdoutLine: {'line': b'-- Up-to-date: /home/strain-drone/Documents/drone_position_hold/ros2_ws/src/install/mocap4r2_marker_viz_srvs/include/mocap4r2_marker_viz_srvs/mocap4r2_marker_viz_srvs\n'}
[23.296390] (mocap4r2_marker_viz_srvs) StdoutLine: {'line': b'-- Up-to-date: /home/strain-drone/Documents/drone_position_hold/ros2_ws/src/install/mocap4r2_marker_viz_srvs/include/mocap4r2_marker_viz_srvs/mocap4r2_marker_viz_srvs/srv\n'}
[23.296505] (mocap4r2_marker_viz_srvs) StdoutLine: {'line': b'-- Up-to-date: /home/strain-drone/Documents/drone_position_hold/ros2_ws/src/install/mocap4r2_marker_viz_srvs/include/mocap4r2_marker_viz_srvs/mocap4r2_marker_viz_srvs/srv/detail\n'}
[23.296615] (mocap4r2_marker_viz_srvs) StdoutLine: {'line': b'-- Installing: /home/strain-drone/Documents/drone_position_hold/ros2_ws/src/install/mocap4r2_marker_viz_srvs/include/mocap4r2_marker_viz_srvs/mocap4r2_marker_viz_srvs/srv/detail/set_marker_color__rosidl_typesupport_introspection_c.h\n'}
[23.296712] (mocap4r2_marker_viz_srvs) StdoutLine: {'line': b'-- Installing: /home/strain-drone/Documents/drone_position_hold/ros2_ws/src/install/mocap4r2_marker_viz_srvs/include/mocap4r2_marker_viz_srvs/mocap4r2_marker_viz_srvs/srv/detail/reset_marker_color__rosidl_typesupport_introspection_c.h\n'}
[23.296808] (mocap4r2_marker_viz_srvs) StdoutLine: {'line': b'-- Installing: /home/strain-drone/Documents/drone_position_hold/ros2_ws/src/install/mocap4r2_marker_viz_srvs/include/mocap4r2_marker_viz_srvs/mocap4r2_marker_viz_srvs/srv/detail/set_marker_color__type_support.c\n'}
[23.296978] (mocap4r2_marker_viz_srvs) StdoutLine: {'line': b'-- Installing: /home/strain-drone/Documents/drone_position_hold/ros2_ws/src/install/mocap4r2_marker_viz_srvs/include/mocap4r2_marker_viz_srvs/mocap4r2_marker_viz_srvs/srv/detail/reset_marker_color__type_support.c\n'}
[23.297118] (mocap4r2_marker_viz_srvs) StdoutLine: {'line': b'-- Up-to-date: /home/strain-drone/Documents/drone_position_hold/ros2_ws/src/install/mocap4r2_marker_viz_srvs/include/mocap4r2_marker_viz_srvs/mocap4r2_marker_viz_srvs/msg\n'}
[23.297248] (mocap4r2_marker_viz_srvs) StdoutLine: {'line': b'-- Installing: /home/strain-drone/Documents/drone_position_hold/ros2_ws/src/install/mocap4r2_marker_viz_srvs/include/mocap4r2_marker_viz_srvs/mocap4r2_marker_viz_srvs/msg/rosidl_typesupport_introspection_c__visibility_control.h\n'}
[23.299267] (mocap4r2_marker_viz_srvs) StdoutLine: {'line': b'-- Installing: /home/strain-drone/Documents/drone_position_hold/ros2_ws/src/install/mocap4r2_marker_viz_srvs/lib/libmocap4r2_marker_viz_srvs__rosidl_typesupport_introspection_c.so\n'}
[23.299579] (mocap4r2_marker_viz_srvs) StdoutLine: {'line': b'-- Set non-toolchain portion of runtime path of "/home/strain-drone/Documents/drone_position_hold/ros2_ws/src/install/mocap4r2_marker_viz_srvs/lib/libmocap4r2_marker_viz_srvs__rosidl_typesupport_introspection_c.so" to ""\n'}
[23.299740] (mocap4r2_marker_viz_srvs) StdoutLine: {'line': b'-- Installing: /home/strain-drone/Documents/drone_position_hold/ros2_ws/src/install/mocap4r2_marker_viz_srvs/lib/libmocap4r2_marker_viz_srvs__rosidl_typesupport_c.so\n'}
[23.299843] (mocap4r2_marker_viz_srvs) StdoutLine: {'line': b'-- Set non-toolchain portion of runtime path of "/home/strain-drone/Documents/drone_position_hold/ros2_ws/src/install/mocap4r2_marker_viz_srvs/lib/libmocap4r2_marker_viz_srvs__rosidl_typesupport_c.so" to ""\n'}
[23.299942] (mocap4r2_marker_viz_srvs) StdoutLine: {'line': b'-- Up-to-date: /home/strain-drone/Documents/drone_position_hold/ros2_ws/src/install/mocap4r2_marker_viz_srvs/include/mocap4r2_marker_viz_srvs/mocap4r2_marker_viz_srvs\n'}
[23.300040] (mocap4r2_marker_viz_srvs) StdoutLine: {'line': b'-- Up-to-date: /home/strain-drone/Documents/drone_position_hold/ros2_ws/src/install/mocap4r2_marker_viz_srvs/include/mocap4r2_marker_viz_srvs/mocap4r2_marker_viz_srvs/srv\n'}
[23.300172] (mocap4r2_marker_viz_srvs) StdoutLine: {'line': b'-- Installing: /home/strain-drone/Documents/drone_position_hold/ros2_ws/src/install/mocap4r2_marker_viz_srvs/include/mocap4r2_marker_viz_srvs/mocap4r2_marker_viz_srvs/srv/reset_marker_color.hpp\n'}
[23.300345] (mocap4r2_marker_viz_srvs) StdoutLine: {'line': b'-- Installing: /home/strain-drone/Documents/drone_position_hold/ros2_ws/src/install/mocap4r2_marker_viz_srvs/include/mocap4r2_marker_viz_srvs/mocap4r2_marker_viz_srvs/srv/set_marker_color.hpp\n'}
[23.300465] (mocap4r2_marker_viz_srvs) StdoutLine: {'line': b'-- Up-to-date: /home/strain-drone/Documents/drone_position_hold/ros2_ws/src/install/mocap4r2_marker_viz_srvs/include/mocap4r2_marker_viz_srvs/mocap4r2_marker_viz_srvs/srv/detail\n'}
[23.300566] (mocap4r2_marker_viz_srvs) StdoutLine: {'line': b'-- Installing: /home/strain-drone/Documents/drone_position_hold/ros2_ws/src/install/mocap4r2_marker_viz_srvs/include/mocap4r2_marker_viz_srvs/mocap4r2_marker_viz_srvs/srv/detail/reset_marker_color__struct.hpp\n'}
[23.300655] (mocap4r2_marker_viz_srvs) StdoutLine: {'line': b'-- Installing: /home/strain-drone/Documents/drone_position_hold/ros2_ws/src/install/mocap4r2_marker_viz_srvs/include/mocap4r2_marker_viz_srvs/mocap4r2_marker_viz_srvs/srv/detail/set_marker_color__type_support.hpp\n'}
[23.300777] (mocap4r2_marker_viz_srvs) StdoutLine: {'line': b'-- Installing: /home/strain-drone/Documents/drone_position_hold/ros2_ws/src/install/mocap4r2_marker_viz_srvs/include/mocap4r2_marker_viz_srvs/mocap4r2_marker_viz_srvs/srv/detail/reset_marker_color__type_support.hpp\n'}
[23.300902] (mocap4r2_marker_viz_srvs) StdoutLine: {'line': b'-- Installing: /home/strain-drone/Documents/drone_position_hold/ros2_ws/src/install/mocap4r2_marker_viz_srvs/include/mocap4r2_marker_viz_srvs/mocap4r2_marker_viz_srvs/srv/detail/reset_marker_color__traits.hpp\n'}
[23.300991] (mocap4r2_marker_viz_srvs) StdoutLine: {'line': b'-- Installing: /home/strain-drone/Documents/drone_position_hold/ros2_ws/src/install/mocap4r2_marker_viz_srvs/include/mocap4r2_marker_viz_srvs/mocap4r2_marker_viz_srvs/srv/detail/set_marker_color__struct.hpp\n'}
[23.301079] (mocap4r2_marker_viz_srvs) StdoutLine: {'line': b'-- Installing: /home/strain-drone/Documents/drone_position_hold/ros2_ws/src/install/mocap4r2_marker_viz_srvs/include/mocap4r2_marker_viz_srvs/mocap4r2_marker_viz_srvs/srv/detail/set_marker_color__builder.hpp\n'}
[23.301161] (mocap4r2_marker_viz_srvs) StdoutLine: {'line': b'-- Installing: /home/strain-drone/Documents/drone_position_hold/ros2_ws/src/install/mocap4r2_marker_viz_srvs/include/mocap4r2_marker_viz_srvs/mocap4r2_marker_viz_srvs/srv/detail/set_marker_color__traits.hpp\n'}
[23.301250] (mocap4r2_marker_viz_srvs) StdoutLine: {'line': b'-- Installing: /home/strain-drone/Documents/drone_position_hold/ros2_ws/src/install/mocap4r2_marker_viz_srvs/include/mocap4r2_marker_viz_srvs/mocap4r2_marker_viz_srvs/srv/detail/reset_marker_color__builder.hpp\n'}
[23.305199] (mocap4r2_marker_viz_srvs) StdoutLine: {'line': b'-- Up-to-date: /home/strain-drone/Documents/drone_position_hold/ros2_ws/src/install/mocap4r2_marker_viz_srvs/include/mocap4r2_marker_viz_srvs/mocap4r2_marker_viz_srvs/msg\n'}
[23.305435] (mocap4r2_marker_viz_srvs) StdoutLine: {'line': b'-- Installing: /home/strain-drone/Documents/drone_position_hold/ros2_ws/src/install/mocap4r2_marker_viz_srvs/include/mocap4r2_marker_viz_srvs/mocap4r2_marker_viz_srvs/msg/rosidl_generator_cpp__visibility_control.hpp\n'}
[23.305544] (mocap4r2_marker_viz_srvs) StdoutLine: {'line': b'-- Up-to-date: /home/strain-drone/Documents/drone_position_hold/ros2_ws/src/install/mocap4r2_marker_viz_srvs/include/mocap4r2_marker_viz_srvs/mocap4r2_marker_viz_srvs\n'}
[23.306521] (mocap4r2_marker_viz_srvs) StdoutLine: {'line': b'-- Up-to-date: /home/strain-drone/Documents/drone_position_hold/ros2_ws/src/install/mocap4r2_marker_viz_srvs/include/mocap4r2_marker_viz_srvs/mocap4r2_marker_viz_srvs/srv\n'}
[23.306717] (mocap4r2_marker_viz_srvs) StdoutLine: {'line': b'-- Up-to-date: /home/strain-drone/Documents/drone_position_hold/ros2_ws/src/install/mocap4r2_marker_viz_srvs/include/mocap4r2_marker_viz_srvs/mocap4r2_marker_viz_srvs/srv/detail\n'}
[23.306859] (mocap4r2_marker_viz_srvs) StdoutLine: {'line': b'-- Installing: /home/strain-drone/Documents/drone_position_hold/ros2_ws/src/install/mocap4r2_marker_viz_srvs/include/mocap4r2_marker_viz_srvs/mocap4r2_marker_viz_srvs/srv/detail/dds_fastrtps\n'}
[23.306974] (mocap4r2_marker_viz_srvs) StdoutLine: {'line': b'-- Installing: /home/strain-drone/Documents/drone_position_hold/ros2_ws/src/install/mocap4r2_marker_viz_srvs/include/mocap4r2_marker_viz_srvs/mocap4r2_marker_viz_srvs/srv/detail/reset_marker_color__rosidl_typesupport_fastrtps_cpp.hpp\n'}
[23.307062] (mocap4r2_marker_viz_srvs) StdoutLine: {'line': b'-- Installing: /home/strain-drone/Documents/drone_position_hold/ros2_ws/src/install/mocap4r2_marker_viz_srvs/include/mocap4r2_marker_viz_srvs/mocap4r2_marker_viz_srvs/srv/detail/set_marker_color__rosidl_typesupport_fastrtps_cpp.hpp\n'}
[23.307158] (mocap4r2_marker_viz_srvs) StdoutLine: {'line': b'-- Up-to-date: /home/strain-drone/Documents/drone_position_hold/ros2_ws/src/install/mocap4r2_marker_viz_srvs/include/mocap4r2_marker_viz_srvs/mocap4r2_marker_viz_srvs/msg\n'}
[23.307260] (mocap4r2_marker_viz_srvs) StdoutLine: {'line': b'-- Installing: /home/strain-drone/Documents/drone_position_hold/ros2_ws/src/install/mocap4r2_marker_viz_srvs/include/mocap4r2_marker_viz_srvs/mocap4r2_marker_viz_srvs/msg/rosidl_typesupport_fastrtps_cpp__visibility_control.h\n'}
[23.307382] (mocap4r2_marker_viz_srvs) StdoutLine: {'line': b'-- Installing: /home/strain-drone/Documents/drone_position_hold/ros2_ws/src/install/mocap4r2_marker_viz_srvs/lib/libmocap4r2_marker_viz_srvs__rosidl_typesupport_fastrtps_cpp.so\n'}
[23.307527] (mocap4r2_marker_viz_srvs) StdoutLine: {'line': b'-- Set non-toolchain portion of runtime path of "/home/strain-drone/Documents/drone_position_hold/ros2_ws/src/install/mocap4r2_marker_viz_srvs/lib/libmocap4r2_marker_viz_srvs__rosidl_typesupport_fastrtps_cpp.so" to ""\n'}
[23.307626] (mocap4r2_marker_viz_srvs) StdoutLine: {'line': b'-- Up-to-date: /home/strain-drone/Documents/drone_position_hold/ros2_ws/src/install/mocap4r2_marker_viz_srvs/include/mocap4r2_marker_viz_srvs/mocap4r2_marker_viz_srvs\n'}
[23.307714] (mocap4r2_marker_viz_srvs) StdoutLine: {'line': b'-- Up-to-date: /home/strain-drone/Documents/drone_position_hold/ros2_ws/src/install/mocap4r2_marker_viz_srvs/include/mocap4r2_marker_viz_srvs/mocap4r2_marker_viz_srvs/srv\n'}
[23.307801] (mocap4r2_marker_viz_srvs) StdoutLine: {'line': b'-- Up-to-date: /home/strain-drone/Documents/drone_position_hold/ros2_ws/src/install/mocap4r2_marker_viz_srvs/include/mocap4r2_marker_viz_srvs/mocap4r2_marker_viz_srvs/srv/detail\n'}
[23.307893] (mocap4r2_marker_viz_srvs) StdoutLine: {'line': b'-- Installing: /home/strain-drone/Documents/drone_position_hold/ros2_ws/src/install/mocap4r2_marker_viz_srvs/include/mocap4r2_marker_viz_srvs/mocap4r2_marker_viz_srvs/srv/detail/reset_marker_color__type_support.cpp\n'}
[23.307987] (mocap4r2_marker_viz_srvs) StdoutLine: {'line': b'-- Installing: /home/strain-drone/Documents/drone_position_hold/ros2_ws/src/install/mocap4r2_marker_viz_srvs/include/mocap4r2_marker_viz_srvs/mocap4r2_marker_viz_srvs/srv/detail/set_marker_color__rosidl_typesupport_introspection_cpp.hpp\n'}
[23.308085] (mocap4r2_marker_viz_srvs) StdoutLine: {'line': b'-- Installing: /home/strain-drone/Documents/drone_position_hold/ros2_ws/src/install/mocap4r2_marker_viz_srvs/include/mocap4r2_marker_viz_srvs/mocap4r2_marker_viz_srvs/srv/detail/set_marker_color__type_support.cpp\n'}
[23.308174] (mocap4r2_marker_viz_srvs) StdoutLine: {'line': b'-- Installing: /home/strain-drone/Documents/drone_position_hold/ros2_ws/src/install/mocap4r2_marker_viz_srvs/include/mocap4r2_marker_viz_srvs/mocap4r2_marker_viz_srvs/srv/detail/reset_marker_color__rosidl_typesupport_introspection_cpp.hpp\n'}
[23.308260] (mocap4r2_marker_viz_srvs) StdoutLine: {'line': b'-- Installing: /home/strain-drone/Documents/drone_position_hold/ros2_ws/src/install/mocap4r2_marker_viz_srvs/lib/libmocap4r2_marker_viz_srvs__rosidl_typesupport_introspection_cpp.so\n'}
[23.312611] (mocap4r2_marker_viz_srvs) StdoutLine: {'line': b'-- Set non-toolchain portion of runtime path of "/home/strain-drone/Documents/drone_position_hold/ros2_ws/src/install/mocap4r2_marker_viz_srvs/lib/libmocap4r2_marker_viz_srvs__rosidl_typesupport_introspection_cpp.so" to ""\n'}
[23.312799] (mocap4r2_marker_viz_srvs) StdoutLine: {'line': b'-- Installing: /home/strain-drone/Documents/drone_position_hold/ros2_ws/src/install/mocap4r2_marker_viz_srvs/lib/libmocap4r2_marker_viz_srvs__rosidl_typesupport_cpp.so\n'}
[23.312911] (mocap4r2_marker_viz_srvs) StdoutLine: {'line': b'-- Set non-toolchain portion of runtime path of "/home/strain-drone/Documents/drone_position_hold/ros2_ws/src/install/mocap4r2_marker_viz_srvs/lib/libmocap4r2_marker_viz_srvs__rosidl_typesupport_cpp.so" to ""\n'}
[23.313009] (mocap4r2_marker_viz_srvs) StdoutLine: {'line': b'-- Installing: /home/strain-drone/Documents/drone_position_hold/ros2_ws/src/install/mocap4r2_marker_viz_srvs/share/mocap4r2_marker_viz_srvs/environment/pythonpath.sh\n'}
[23.313116] (mocap4r2_marker_viz_srvs) StdoutLine: {'line': b'-- Installing: /home/strain-drone/Documents/drone_position_hold/ros2_ws/src/install/mocap4r2_marker_viz_srvs/share/mocap4r2_marker_viz_srvs/environment/pythonpath.dsv\n'}
[23.313228] (mocap4r2_marker_viz_srvs) StdoutLine: {'line': b'-- Installing: /home/strain-drone/Documents/drone_position_hold/ros2_ws/src/install/mocap4r2_marker_viz_srvs/lib/python3.12/site-packages/mocap4r2_marker_viz_srvs-0.0.7-py3.12.egg-info\n'}
[23.313345] (mocap4r2_control) Command: {'cmd': ['/usr/bin/cmake', '/home/strain-drone/Documents/drone_position_hold/ros2_ws/src/mocap4r2/mocap4r2_control/mocap4r2_control', '-DCMAKE_INSTALL_PREFIX=/home/strain-drone/Documents/drone_position_hold/ros2_ws/src/install/mocap4r2_control'], 'cwd': '/home/strain-drone/Documents/drone_position_hold/ros2_ws/src/build/mocap4r2_control', 'env': OrderedDict({'LESSOPEN': '| /usr/bin/lesspipe %s', 'USER': 'strain-drone', 'SSH_CLIENT': '100.125.10.128 53782 22', 'XDG_SESSION_TYPE': 'tty', 'GIT_ASKPASS': '/home/strain-drone/.vscode-server/cli/servers/Stable-b6a47e94e326b5c209d118cf0f994d6065585705/server/extensions/git/dist/askpass.sh', 'SHLVL': '2', 'LD_LIBRARY_PATH': '/home/strain-drone/Documents/drone_position_hold/ros2_ws/src/install/mocap4r2_control_msgs/lib:/opt/ros/jazzy/opt/rviz_ogre_vendor/lib:/opt/ros/jazzy/lib/aarch64-linux-gnu:/opt/ros/jazzy/opt/gz_math_vendor/lib:/opt/ros/jazzy/opt/gz_utils_vendor/lib:/opt/ros/jazzy/opt/gz_cmake_vendor/lib:/opt/ros/jazzy/lib:/home/strain-drone/Documents/drone_position_hold/ros2_ws/src/natnet_ros2/deps/NatNetSDK/lib:/home/strain-drone/Documents/drone_position_hold/ros2_ws/src/natnet_ros2/deps/NatNetSDK/lib', 'BROWSER': '/home/strain-drone/.vscode-server/cli/servers/Stable-b6a47e94e326b5c209d118cf0f994d6065585705/server/bin/helpers/browser.sh', 'HOME': '/home/strain-drone', 'TERM_PROGRAM_VERSION': '1.109.3', 'VSCODE_IPC_HOOK_CLI': '/run/user/1002/vscode-ipc-7f844f56-ced9-4e8e-9017-09603271f316.sock', 'ROS_PYTHON_VERSION': '3', 'VSCODE_GIT_ASKPASS_MAIN': '/home/strain-drone/.vscode-server/cli/servers/Stable-b6a47e94e326b5c209d118cf0f994d6065585705/server/extensions/git/dist/askpass-main.js', 'PS1': '\\[\x1b]633;A\x07\\]\\[\\e]0;\\u@\\h: \\w\\a\\]${debian_chroot:+($debian_chroot)}\\[\\033[01;32m\\]\\u@\\h\\[\\033[00m\\]:\\[\\033[01;34m\\]\\w\\[\\033[00m\\]\\$ \\[\x1b]633;B\x07\\]', 'VSCODE_GIT_ASKPASS_NODE': '/home/strain-drone/.vscode-server/cli/servers/Stable-b6a47e94e326b5c209d118cf0f994d6065585705/server/node', 'SSL_CERT_FILE': '/usr/lib/ssl/cert.pem', 'VSCODE_PYTHON_AUTOACTIVATE_GUARD': '1', 'DBUS_SESSION_BUS_ADDRESS': 'unix:path=/run/user/1002/bus', 'COLORTERM': 'truecolor', 'DEBUGINFOD_URLS': 'https://debuginfod.ubuntu.com', 'ROS_DISTRO': 'jazzy', 'LOGNAME': 'strain-drone', '_': '/usr/bin/colcon', 'ROS_VERSION': '2', 'XDG_SESSION_CLASS': 'user', 'TERM': 'xterm-256color', 'XDG_SESSION_ID': '12', 'PATH': '/home/strain-drone/.vscode-server/data/User/globalStorage/github.copilot-chat/debugCommand:/home/strain-drone/.vscode-server/data/User/globalStorage/github.copilot-chat/copilotCli:/home/strain-drone/.vscode-server/cli/servers/Stable-b6a47e94e326b5c209d118cf0f994d6065585705/server/bin/remote-cli:/usr/lib/ccache:/home/strain-drone/Documents/ardupilot/Tools/autotest:/opt/gcc-arm-none-eabi-10-2020-q4-major/bin:/home/strain-drone/venv-ardupilot/bin:/home/strain-drone/.local/bin:/opt/ros/jazzy/bin:/usr/lib/ccache:/home/strain-drone/Documents/ardupilot/Tools/autotest:/opt/gcc-arm-none-eabi-10-2020-q4-major/bin:/home/strain-drone/venv-ardupilot/bin:/home/strain-drone/.local/bin:/usr/local/sbin:/usr/local/bin:/usr/sbin:/usr/bin:/sbin:/bin:/usr/games:/usr/local/games:/snap/bin:/home/strain-drone/.local/bin:/home/strain-drone/.local/bin:/home/strain-drone/.local/bin:/home/strain-drone/.local/bin', 'XDG_RUNTIME_DIR': '/run/user/1002', 'SSL_CERT_DIR': '/usr/lib/ssl/certs', 'LANG': 'en_US.UTF-8', 'VIRTUAL_ENV_PROMPT': '(venv-ardupilot)', 'LS_COLORS': 'rs=0:di=01;34:ln=01;36:mh=00:pi=40;33:so=01;35:do=01;35:bd=40;33;01:cd=40;33;01:or=40;31;01:mi=00:su=37;41:sg=30;43:ca=00:tw=30;42:ow=34;42:st=37;44:ex=01;32:*.tar=01;31:*.tgz=01;31:*.arc=01;31:*.arj=01;31:*.taz=01;31:*.lha=01;31:*.lz4=01;31:*.lzh=01;31:*.lzma=01;31:*.tlz=01;31:*.txz=01;31:*.tzo=01;31:*.t7z=01;31:*.zip=01;31:*.z=01;31:*.dz=01;31:*.gz=01;31:*.lrz=01;31:*.lz=01;31:*.lzo=01;31:*.xz=01;31:*.zst=01;31:*.tzst=01;31:*.bz2=01;31:*.bz=01;31:*.tbz=01;31:*.tbz2=01;31:*.tz=01;31:*.deb=01;31:*.rpm=01;31:*.jar=01;31:*.war=01;31:*.ear=01;31:*.sar=01;31:*.rar=01;31:*.alz=01;31:*.ace=01;31:*.zoo=01;31:*.cpio=01;31:*.7z=01;31:*.rz=01;31:*.cab=01;31:*.wim=01;31:*.swm=01;31:*.dwm=01;31:*.esd=01;31:*.avif=01;35:*.jpg=01;35:*.jpeg=01;35:*.mjpg=01;35:*.mjpeg=01;35:*.gif=01;35:*.bmp=01;35:*.pbm=01;35:*.pgm=01;35:*.ppm=01;35:*.tga=01;35:*.xbm=01;35:*.xpm=01;35:*.tif=01;35:*.tiff=01;35:*.png=01;35:*.svg=01;35:*.svgz=01;35:*.mng=01;35:*.pcx=01;35:*.mov=01;35:*.mpg=01;35:*.mpeg=01;35:*.m2v=01;35:*.mkv=01;35:*.webm=01;35:*.webp=01;35:*.ogm=01;35:*.mp4=01;35:*.m4v=01;35:*.mp4v=01;35:*.vob=01;35:*.qt=01;35:*.nuv=01;35:*.wmv=01;35:*.asf=01;35:*.rm=01;35:*.rmvb=01;35:*.flc=01;35:*.avi=01;35:*.fli=01;35:*.flv=01;35:*.gl=01;35:*.dl=01;35:*.xcf=01;35:*.xwd=01;35:*.yuv=01;35:*.cgm=01;35:*.emf=01;35:*.ogv=01;35:*.ogx=01;35:*.aac=00;36:*.au=00;36:*.flac=00;36:*.m4a=00;36:*.mid=00;36:*.midi=00;36:*.mka=00;36:*.mp3=00;36:*.mpc=00;36:*.ogg=00;36:*.ra=00;36:*.wav=00;36:*.oga=00;36:*.opus=00;36:*.spx=00;36:*.xspf=00;36:*~=00;90:*#=00;90:*.bak=00;90:*.crdownload=00;90:*.dpkg-dist=00;90:*.dpkg-new=00;90:*.dpkg-old=00;90:*.dpkg-tmp=00;90:*.old=00;90:*.orig=00;90:*.part=00;90:*.rej=00;90:*.rpmnew=00;90:*.rpmorig=00;90:*.rpmsave=00;90:*.swp=00;90:*.tmp=00;90:*.ucf-dist=00;90:*.ucf-new=00;90:*.ucf-old=00;90:', 'VSCODE_GIT_IPC_HANDLE': '/run/user/1002/vscode-git-227cc40744.sock', 'TERM_PROGRAM': 'vscode', 'ROS_DOMAIN_ID': '1', 'AMENT_PREFIX_PATH': '/home/strain-drone/Documents/drone_position_hold/ros2_ws/src/install/mocap4r2_control_msgs:/opt/ros/jazzy', 'SHELL': '/bin/bash', 'LESSCLOSE': '/usr/bin/lesspipe %s %s', 'VIRTUAL_ENV': '/home/strain-drone/venv-ardupilot', 'ROS_AUTOMATIC_DISCOVERY_RANGE': 'SUBNET', 'VSCODE_GIT_ASKPASS_EXTRA_ARGS': '', 'PWD': '/home/strain-drone/Documents/drone_position_hold/ros2_ws/src/build/mocap4r2_control', 'LC_ALL': 'en_US.UTF-8', 'SSH_CONNECTION': '100.125.10.128 53782 100.96.124.69 22', 'XDG_DATA_DIRS': '/usr/share/gnome:/usr/local/share:/usr/share:/var/lib/snapd/desktop', 'PYTHONPATH': '/home/strain-drone/Documents/drone_position_hold/ros2_ws/src/install/mocap4r2_control_msgs/lib/python3.12/site-packages:/opt/ros/jazzy/lib/python3.12/site-packages', 'COLCON': '1', 'CMAKE_PREFIX_PATH': '/home/strain-drone/Documents/drone_position_hold/ros2_ws/src/install/mocap4r2_control_msgs:/opt/ros/jazzy/opt/gz_math_vendor:/opt/ros/jazzy/opt/gz_utils_vendor:/opt/ros/jazzy/opt/gz_cmake_vendor:/opt/ros/jazzy'}), 'shell': False}
[23.314420] (mocap4r2_marker_viz_srvs) StdoutLine: {'line': b'-- Installing: /home/strain-drone/Documents/drone_position_hold/ros2_ws/src/install/mocap4r2_marker_viz_srvs/lib/python3.12/site-packages/mocap4r2_marker_viz_srvs-0.0.7-py3.12.egg-info/dependency_links.txt\n'}
[23.314615] (mocap4r2_marker_viz_srvs) StdoutLine: {'line': b'-- Installing: /home/strain-drone/Documents/drone_position_hold/ros2_ws/src/install/mocap4r2_marker_viz_srvs/lib/python3.12/site-packages/mocap4r2_marker_viz_srvs-0.0.7-py3.12.egg-info/PKG-INFO\n'}
[23.314730] (mocap4r2_marker_viz_srvs) StdoutLine: {'line': b'-- Installing: /home/strain-drone/Documents/drone_position_hold/ros2_ws/src/install/mocap4r2_marker_viz_srvs/lib/python3.12/site-packages/mocap4r2_marker_viz_srvs-0.0.7-py3.12.egg-info/top_level.txt\n'}
[23.314819] (mocap4r2_marker_viz_srvs) StdoutLine: {'line': b'-- Installing: /home/strain-drone/Documents/drone_position_hold/ros2_ws/src/install/mocap4r2_marker_viz_srvs/lib/python3.12/site-packages/mocap4r2_marker_viz_srvs-0.0.7-py3.12.egg-info/SOURCES.txt\n'}
[23.314899] (mocap4r2_marker_viz_srvs) StdoutLine: {'line': b'-- Installing: /home/strain-drone/Documents/drone_position_hold/ros2_ws/src/install/mocap4r2_marker_viz_srvs/lib/python3.12/site-packages/mocap4r2_marker_viz_srvs\n'}
[23.314985] (mocap4r2_marker_viz_srvs) StdoutLine: {'line': b'-- Installing: /home/strain-drone/Documents/drone_position_hold/ros2_ws/src/install/mocap4r2_marker_viz_srvs/lib/python3.12/site-packages/mocap4r2_marker_viz_srvs/mocap4r2_marker_viz_srvs_s__rosidl_typesupport_fastrtps_c.so\n'}
[23.315107] (mocap4r2_marker_viz_srvs) StdoutLine: {'line': b'-- Installing: /home/strain-drone/Documents/drone_position_hold/ros2_ws/src/install/mocap4r2_marker_viz_srvs/lib/python3.12/site-packages/mocap4r2_marker_viz_srvs/mocap4r2_marker_viz_srvs_s__rosidl_typesupport_c.so\n'}
[23.315193] (mocap4r2_marker_viz_srvs) StdoutLine: {'line': b'-- Installing: /home/strain-drone/Documents/drone_position_hold/ros2_ws/src/install/mocap4r2_marker_viz_srvs/lib/python3.12/site-packages/mocap4r2_marker_viz_srvs/srv\n'}
[23.315277] (mocap4r2_marker_viz_srvs) StdoutLine: {'line': b'-- Installing: /home/strain-drone/Documents/drone_position_hold/ros2_ws/src/install/mocap4r2_marker_viz_srvs/lib/python3.12/site-packages/mocap4r2_marker_viz_srvs/srv/_reset_marker_color_s.c\n'}
[23.318879] (mocap4r2_marker_viz_srvs) StdoutLine: {'line': b'-- Installing: /home/strain-drone/Documents/drone_position_hold/ros2_ws/src/install/mocap4r2_marker_viz_srvs/lib/python3.12/site-packages/mocap4r2_marker_viz_srvs/srv/_set_marker_color_s.c\n'}
[23.319040] (mocap4r2_marker_viz_srvs) StdoutLine: {'line': b'-- Installing: /home/strain-drone/Documents/drone_position_hold/ros2_ws/src/install/mocap4r2_marker_viz_srvs/lib/python3.12/site-packages/mocap4r2_marker_viz_srvs/srv/_reset_marker_color.py\n'}
[23.319134] (mocap4r2_marker_viz_srvs) StdoutLine: {'line': b'-- Installing: /home/strain-drone/Documents/drone_position_hold/ros2_ws/src/install/mocap4r2_marker_viz_srvs/lib/python3.12/site-packages/mocap4r2_marker_viz_srvs/srv/__init__.py\n'}
[23.319223] (mocap4r2_marker_viz_srvs) StdoutLine: {'line': b'-- Installing: /home/strain-drone/Documents/drone_position_hold/ros2_ws/src/install/mocap4r2_marker_viz_srvs/lib/python3.12/site-packages/mocap4r2_marker_viz_srvs/srv/_set_marker_color.py\n'}
[23.319319] (mocap4r2_marker_viz_srvs) StdoutLine: {'line': b'-- Installing: /home/strain-drone/Documents/drone_position_hold/ros2_ws/src/install/mocap4r2_marker_viz_srvs/lib/python3.12/site-packages/mocap4r2_marker_viz_srvs/mocap4r2_marker_viz_srvs_s__rosidl_typesupport_introspection_c.so\n'}
[23.319466] (mocap4r2_marker_viz_srvs) StdoutLine: {'line': b'-- Installing: /home/strain-drone/Documents/drone_position_hold/ros2_ws/src/install/mocap4r2_marker_viz_srvs/lib/python3.12/site-packages/mocap4r2_marker_viz_srvs/_mocap4r2_marker_viz_srvs_s.ep.rosidl_typesupport_fastrtps_c.c\n'}
[23.319563] (mocap4r2_marker_viz_srvs) StdoutLine: {'line': b'-- Installing: /home/strain-drone/Documents/drone_position_hold/ros2_ws/src/install/mocap4r2_marker_viz_srvs/lib/python3.12/site-packages/mocap4r2_marker_viz_srvs/__init__.py\n'}
[23.319692] (mocap4r2_marker_viz_srvs) StdoutLine: {'line': b'-- Installing: /home/strain-drone/Documents/drone_position_hold/ros2_ws/src/install/mocap4r2_marker_viz_srvs/lib/python3.12/site-packages/mocap4r2_marker_viz_srvs/_mocap4r2_marker_viz_srvs_s.ep.rosidl_typesupport_introspection_c.c\n'}
[23.319780] (mocap4r2_marker_viz_srvs) StdoutLine: {'line': b'-- Installing: /home/strain-drone/Documents/drone_position_hold/ros2_ws/src/install/mocap4r2_marker_viz_srvs/lib/python3.12/site-packages/mocap4r2_marker_viz_srvs/_mocap4r2_marker_viz_srvs_s.ep.rosidl_typesupport_c.c\n'}
[23.337417] (-) TimerEvent: {}
[23.411102] (mocap4r2_marker_viz_srvs) StdoutLine: {'line': b"Listing '/home/strain-drone/Documents/drone_position_hold/ros2_ws/src/install/mocap4r2_marker_viz_srvs/lib/python3.12/site-packages/mocap4r2_marker_viz_srvs'...\n"}
[23.411659] (mocap4r2_marker_viz_srvs) StdoutLine: {'line': b"Compiling '/home/strain-drone/Documents/drone_position_hold/ros2_ws/src/install/mocap4r2_marker_viz_srvs/lib/python3.12/site-packages/mocap4r2_marker_viz_srvs/__init__.py'...\n"}
[23.411874] (mocap4r2_marker_viz_srvs) StdoutLine: {'line': b"Listing '/home/strain-drone/Documents/drone_position_hold/ros2_ws/src/install/mocap4r2_marker_viz_srvs/lib/python3.12/site-packages/mocap4r2_marker_viz_srvs/srv'...\n"}
[23.412029] (mocap4r2_marker_viz_srvs) StdoutLine: {'line': b"Compiling '/home/strain-drone/Documents/drone_position_hold/ros2_ws/src/install/mocap4r2_marker_viz_srvs/lib/python3.12/site-packages/mocap4r2_marker_viz_srvs/srv/__init__.py'...\n"}
[23.412172] (mocap4r2_marker_viz_srvs) StdoutLine: {'line': b"Compiling '/home/strain-drone/Documents/drone_position_hold/ros2_ws/src/install/mocap4r2_marker_viz_srvs/lib/python3.12/site-packages/mocap4r2_marker_viz_srvs/srv/_reset_marker_color.py'...\n"}
[23.412299] (mocap4r2_marker_viz_srvs) StdoutLine: {'line': b"Compiling '/home/strain-drone/Documents/drone_position_hold/ros2_ws/src/install/mocap4r2_marker_viz_srvs/lib/python3.12/site-packages/mocap4r2_marker_viz_srvs/srv/_set_marker_color.py'...\n"}
[23.437546] (-) TimerEvent: {}
[23.455099] (mocap4r2_marker_viz_srvs) StdoutLine: {'line': b'-- Installing: /home/strain-drone/Documents/drone_position_hold/ros2_ws/src/install/mocap4r2_marker_viz_srvs/lib/python3.12/site-packages/mocap4r2_marker_viz_srvs/mocap4r2_marker_viz_srvs_s__rosidl_typesupport_fastrtps_c.so\n'}
[23.455478] (mocap4r2_marker_viz_srvs) StdoutLine: {'line': b'-- Set non-toolchain portion of runtime path of "/home/strain-drone/Documents/drone_position_hold/ros2_ws/src/install/mocap4r2_marker_viz_srvs/lib/python3.12/site-packages/mocap4r2_marker_viz_srvs/mocap4r2_marker_viz_srvs_s__rosidl_typesupport_fastrtps_c.so" to ""\n'}
[23.456584] (mocap4r2_marker_viz_srvs) StdoutLine: {'line': b'-- Installing: /home/strain-drone/Documents/drone_position_hold/ros2_ws/src/install/mocap4r2_marker_viz_srvs/lib/python3.12/site-packages/mocap4r2_marker_viz_srvs/mocap4r2_marker_viz_srvs_s__rosidl_typesupport_introspection_c.so\n'}
[23.460910] (mocap4r2_marker_viz_srvs) StdoutLine: {'line': b'-- Set non-toolchain portion of runtime path of "/home/strain-drone/Documents/drone_position_hold/ros2_ws/src/install/mocap4r2_marker_viz_srvs/lib/python3.12/site-packages/mocap4r2_marker_viz_srvs/mocap4r2_marker_viz_srvs_s__rosidl_typesupport_introspection_c.so" to ""\n'}
[23.462496] (mocap4r2_marker_viz_srvs) StdoutLine: {'line': b'-- Installing: /home/strain-drone/Documents/drone_position_hold/ros2_ws/src/install/mocap4r2_marker_viz_srvs/lib/python3.12/site-packages/mocap4r2_marker_viz_srvs/mocap4r2_marker_viz_srvs_s__rosidl_typesupport_c.so\n'}
[23.468078] (mocap4r2_marker_viz_srvs) StdoutLine: {'line': b'-- Set non-toolchain portion of runtime path of "/home/strain-drone/Documents/drone_position_hold/ros2_ws/src/install/mocap4r2_marker_viz_srvs/lib/python3.12/site-packages/mocap4r2_marker_viz_srvs/mocap4r2_marker_viz_srvs_s__rosidl_typesupport_c.so" to ""\n'}
[23.468426] (mocap4r2_marker_viz_srvs) StdoutLine: {'line': b'-- Installing: /home/strain-drone/Documents/drone_position_hold/ros2_ws/src/install/mocap4r2_marker_viz_srvs/lib/libmocap4r2_marker_viz_srvs__rosidl_generator_py.so\n'}
[23.468584] (mocap4r2_control) StdoutLine: {'line': b'-- The C compiler identification is GNU 13.3.0\n'}
[23.494793] (mocap4r2_marker_viz_srvs) StdoutLine: {'line': b'-- Set non-toolchain portion of runtime path of "/home/strain-drone/Documents/drone_position_hold/ros2_ws/src/install/mocap4r2_marker_viz_srvs/lib/libmocap4r2_marker_viz_srvs__rosidl_generator_py.so" to ""\n'}
[23.495301] (mocap4r2_marker_viz_srvs) StdoutLine: {'line': b'-- Installing: /home/strain-drone/Documents/drone_position_hold/ros2_ws/src/install/mocap4r2_marker_viz_srvs/share/mocap4r2_marker_viz_srvs/srv/SetMarkerColor.idl\n'}
[23.495523] (mocap4r2_marker_viz_srvs) StdoutLine: {'line': b'-- Installing: /home/strain-drone/Documents/drone_position_hold/ros2_ws/src/install/mocap4r2_marker_viz_srvs/share/mocap4r2_marker_viz_srvs/srv/ResetMarkerColor.idl\n'}
[23.502529] (mocap4r2_marker_viz_srvs) StdoutLine: {'line': b'-- Installing: /home/strain-drone/Documents/drone_position_hold/ros2_ws/src/install/mocap4r2_marker_viz_srvs/share/mocap4r2_marker_viz_srvs/srv/SetMarkerColor.srv\n'}
[23.502835] (mocap4r2_marker_viz_srvs) StdoutLine: {'line': b'-- Installing: /home/strain-drone/Documents/drone_position_hold/ros2_ws/src/install/mocap4r2_marker_viz_srvs/share/mocap4r2_marker_viz_srvs/srv/ResetMarkerColor.srv\n'}
[23.503029] (mocap4r2_marker_viz_srvs) StdoutLine: {'line': b'-- Installing: /home/strain-drone/Documents/drone_position_hold/ros2_ws/src/install/mocap4r2_marker_viz_srvs/share/ament_index/resource_index/package_run_dependencies/mocap4r2_marker_viz_srvs\n'}
[23.503146] (mocap4r2_marker_viz_srvs) StdoutLine: {'line': b'-- Installing: /home/strain-drone/Documents/drone_position_hold/ros2_ws/src/install/mocap4r2_marker_viz_srvs/share/ament_index/resource_index/parent_prefix_path/mocap4r2_marker_viz_srvs\n'}
[23.503248] (mocap4r2_marker_viz_srvs) StdoutLine: {'line': b'-- Installing: /home/strain-drone/Documents/drone_position_hold/ros2_ws/src/install/mocap4r2_marker_viz_srvs/share/mocap4r2_marker_viz_srvs/environment/ament_prefix_path.sh\n'}
[23.503387] (mocap4r2_marker_viz_srvs) StdoutLine: {'line': b'-- Installing: /home/strain-drone/Documents/drone_position_hold/ros2_ws/src/install/mocap4r2_marker_viz_srvs/share/mocap4r2_marker_viz_srvs/environment/ament_prefix_path.dsv\n'}
[23.505877] (mocap4r2_marker_viz_srvs) StdoutLine: {'line': b'-- Installing: /home/strain-drone/Documents/drone_position_hold/ros2_ws/src/install/mocap4r2_marker_viz_srvs/share/mocap4r2_marker_viz_srvs/environment/path.sh\n'}
[23.510826] (mocap4r2_marker_viz_srvs) StdoutLine: {'line': b'-- Installing: /home/strain-drone/Documents/drone_position_hold/ros2_ws/src/install/mocap4r2_marker_viz_srvs/share/mocap4r2_marker_viz_srvs/environment/path.dsv\n'}
[23.511126] (mocap4r2_marker_viz_srvs) StdoutLine: {'line': b'-- Installing: /home/strain-drone/Documents/drone_position_hold/ros2_ws/src/install/mocap4r2_marker_viz_srvs/share/mocap4r2_marker_viz_srvs/local_setup.bash\n'}
[23.511349] (mocap4r2_marker_viz_srvs) StdoutLine: {'line': b'-- Installing: /home/strain-drone/Documents/drone_position_hold/ros2_ws/src/install/mocap4r2_marker_viz_srvs/share/mocap4r2_marker_viz_srvs/local_setup.sh\n'}
[23.511711] (mocap4r2_marker_viz_srvs) StdoutLine: {'line': b'-- Installing: /home/strain-drone/Documents/drone_position_hold/ros2_ws/src/install/mocap4r2_marker_viz_srvs/share/mocap4r2_marker_viz_srvs/local_setup.zsh\n'}
[23.511927] (mocap4r2_marker_viz_srvs) StdoutLine: {'line': b'-- Installing: /home/strain-drone/Documents/drone_position_hold/ros2_ws/src/install/mocap4r2_marker_viz_srvs/share/mocap4r2_marker_viz_srvs/local_setup.dsv\n'}
[23.512121] (mocap4r2_marker_viz_srvs) StdoutLine: {'line': b'-- Installing: /home/strain-drone/Documents/drone_position_hold/ros2_ws/src/install/mocap4r2_marker_viz_srvs/share/mocap4r2_marker_viz_srvs/package.dsv\n'}
[23.512252] (mocap4r2_marker_viz_srvs) StdoutLine: {'line': b'-- Installing: /home/strain-drone/Documents/drone_position_hold/ros2_ws/src/install/mocap4r2_marker_viz_srvs/share/ament_index/resource_index/packages/mocap4r2_marker_viz_srvs\n'}
[23.512440] (mocap4r2_marker_viz_srvs) StdoutLine: {'line': b'-- Installing: /home/strain-drone/Documents/drone_position_hold/ros2_ws/src/install/mocap4r2_marker_viz_srvs/share/mocap4r2_marker_viz_srvs/cmake/export_mocap4r2_marker_viz_srvs__rosidl_generator_cExport.cmake\n'}
[23.514378] (mocap4r2_marker_viz_srvs) StdoutLine: {'line': b'-- Installing: /home/strain-drone/Documents/drone_position_hold/ros2_ws/src/install/mocap4r2_marker_viz_srvs/share/mocap4r2_marker_viz_srvs/cmake/export_mocap4r2_marker_viz_srvs__rosidl_generator_cExport-noconfig.cmake\n'}
[23.514549] (mocap4r2_marker_viz_srvs) StdoutLine: {'line': b'-- Installing: /home/strain-drone/Documents/drone_position_hold/ros2_ws/src/install/mocap4r2_marker_viz_srvs/share/mocap4r2_marker_viz_srvs/cmake/export_mocap4r2_marker_viz_srvs__rosidl_typesupport_fastrtps_cExport.cmake\n'}
[23.518420] (mocap4r2_marker_viz_srvs) StdoutLine: {'line': b'-- Installing: /home/strain-drone/Documents/drone_position_hold/ros2_ws/src/install/mocap4r2_marker_viz_srvs/share/mocap4r2_marker_viz_srvs/cmake/export_mocap4r2_marker_viz_srvs__rosidl_typesupport_fastrtps_cExport-noconfig.cmake\n'}
[23.518553] (mocap4r2_marker_viz_srvs) StdoutLine: {'line': b'-- Installing: /home/strain-drone/Documents/drone_position_hold/ros2_ws/src/install/mocap4r2_marker_viz_srvs/share/mocap4r2_marker_viz_srvs/cmake/mocap4r2_marker_viz_srvs__rosidl_typesupport_introspection_cExport.cmake\n'}
[23.518646] (mocap4r2_marker_viz_srvs) StdoutLine: {'line': b'-- Installing: /home/strain-drone/Documents/drone_position_hold/ros2_ws/src/install/mocap4r2_marker_viz_srvs/share/mocap4r2_marker_viz_srvs/cmake/mocap4r2_marker_viz_srvs__rosidl_typesupport_introspection_cExport-noconfig.cmake\n'}
[23.521652] (mocap4r2_marker_viz_srvs) StdoutLine: {'line': b'-- Installing: /home/strain-drone/Documents/drone_position_hold/ros2_ws/src/install/mocap4r2_marker_viz_srvs/share/mocap4r2_marker_viz_srvs/cmake/mocap4r2_marker_viz_srvs__rosidl_typesupport_cExport.cmake\n'}
[23.521942] (mocap4r2_marker_viz_srvs) StdoutLine: {'line': b'-- Installing: /home/strain-drone/Documents/drone_position_hold/ros2_ws/src/install/mocap4r2_marker_viz_srvs/share/mocap4r2_marker_viz_srvs/cmake/mocap4r2_marker_viz_srvs__rosidl_typesupport_cExport-noconfig.cmake\n'}
[23.522072] (mocap4r2_marker_viz_srvs) StdoutLine: {'line': b'-- Installing: /home/strain-drone/Documents/drone_position_hold/ros2_ws/src/install/mocap4r2_marker_viz_srvs/share/mocap4r2_marker_viz_srvs/cmake/export_mocap4r2_marker_viz_srvs__rosidl_generator_cppExport.cmake\n'}
[23.522185] (mocap4r2_marker_viz_srvs) StdoutLine: {'line': b'-- Installing: /home/strain-drone/Documents/drone_position_hold/ros2_ws/src/install/mocap4r2_marker_viz_srvs/share/mocap4r2_marker_viz_srvs/cmake/export_mocap4r2_marker_viz_srvs__rosidl_typesupport_fastrtps_cppExport.cmake\n'}
[23.522283] (mocap4r2_marker_viz_srvs) StdoutLine: {'line': b'-- Installing: /home/strain-drone/Documents/drone_position_hold/ros2_ws/src/install/mocap4r2_marker_viz_srvs/share/mocap4r2_marker_viz_srvs/cmake/export_mocap4r2_marker_viz_srvs__rosidl_typesupport_fastrtps_cppExport-noconfig.cmake\n'}
[23.522431] (mocap4r2_marker_viz_srvs) StdoutLine: {'line': b'-- Installing: /home/strain-drone/Documents/drone_position_hold/ros2_ws/src/install/mocap4r2_marker_viz_srvs/share/mocap4r2_marker_viz_srvs/cmake/mocap4r2_marker_viz_srvs__rosidl_typesupport_introspection_cppExport.cmake\n'}
[23.522698] (mocap4r2_marker_viz_srvs) StdoutLine: {'line': b'-- Installing: /home/strain-drone/Documents/drone_position_hold/ros2_ws/src/install/mocap4r2_marker_viz_srvs/share/mocap4r2_marker_viz_srvs/cmake/mocap4r2_marker_viz_srvs__rosidl_typesupport_introspection_cppExport-noconfig.cmake\n'}
[23.522899] (mocap4r2_marker_viz_srvs) StdoutLine: {'line': b'-- Installing: /home/strain-drone/Documents/drone_position_hold/ros2_ws/src/install/mocap4r2_marker_viz_srvs/share/mocap4r2_marker_viz_srvs/cmake/mocap4r2_marker_viz_srvs__rosidl_typesupport_cppExport.cmake\n'}
[23.523021] (mocap4r2_marker_viz_srvs) StdoutLine: {'line': b'-- Installing: /home/strain-drone/Documents/drone_position_hold/ros2_ws/src/install/mocap4r2_marker_viz_srvs/share/mocap4r2_marker_viz_srvs/cmake/mocap4r2_marker_viz_srvs__rosidl_typesupport_cppExport-noconfig.cmake\n'}
[23.523127] (mocap4r2_marker_viz_srvs) StdoutLine: {'line': b'-- Installing: /home/strain-drone/Documents/drone_position_hold/ros2_ws/src/install/mocap4r2_marker_viz_srvs/share/mocap4r2_marker_viz_srvs/cmake/export_mocap4r2_marker_viz_srvs__rosidl_generator_pyExport.cmake\n'}
[23.523279] (mocap4r2_marker_viz_srvs) StdoutLine: {'line': b'-- Installing: /home/strain-drone/Documents/drone_position_hold/ros2_ws/src/install/mocap4r2_marker_viz_srvs/share/mocap4r2_marker_viz_srvs/cmake/export_mocap4r2_marker_viz_srvs__rosidl_generator_pyExport-noconfig.cmake\n'}
[23.523448] (mocap4r2_marker_viz_srvs) StdoutLine: {'line': b'-- Installing: /home/strain-drone/Documents/drone_position_hold/ros2_ws/src/install/mocap4r2_marker_viz_srvs/share/mocap4r2_marker_viz_srvs/cmake/rosidl_cmake-extras.cmake\n'}
[23.523567] (mocap4r2_marker_viz_srvs) StdoutLine: {'line': b'-- Installing: /home/strain-drone/Documents/drone_position_hold/ros2_ws/src/install/mocap4r2_marker_viz_srvs/share/mocap4r2_marker_viz_srvs/cmake/ament_cmake_export_dependencies-extras.cmake\n'}
[23.523657] (mocap4r2_marker_viz_srvs) StdoutLine: {'line': b'-- Installing: /home/strain-drone/Documents/drone_position_hold/ros2_ws/src/install/mocap4r2_marker_viz_srvs/share/mocap4r2_marker_viz_srvs/cmake/ament_cmake_export_include_directories-extras.cmake\n'}
[23.523763] (mocap4r2_marker_viz_srvs) StdoutLine: {'line': b'-- Installing: /home/strain-drone/Documents/drone_position_hold/ros2_ws/src/install/mocap4r2_marker_viz_srvs/share/mocap4r2_marker_viz_srvs/cmake/ament_cmake_export_libraries-extras.cmake\n'}
[23.527414] (mocap4r2_marker_viz_srvs) StdoutLine: {'line': b'-- Installing: /home/strain-drone/Documents/drone_position_hold/ros2_ws/src/install/mocap4r2_marker_viz_srvs/share/mocap4r2_marker_viz_srvs/cmake/ament_cmake_export_targets-extras.cmake\n'}
[23.527703] (mocap4r2_marker_viz_srvs) StdoutLine: {'line': b'-- Installing: /home/strain-drone/Documents/drone_position_hold/ros2_ws/src/install/mocap4r2_marker_viz_srvs/share/mocap4r2_marker_viz_srvs/cmake/rosidl_cmake_export_typesupport_targets-extras.cmake\n'}
[23.527822] (mocap4r2_marker_viz_srvs) StdoutLine: {'line': b'-- Installing: /home/strain-drone/Documents/drone_position_hold/ros2_ws/src/install/mocap4r2_marker_viz_srvs/share/mocap4r2_marker_viz_srvs/cmake/rosidl_cmake_export_typesupport_libraries-extras.cmake\n'}
[23.527926] (mocap4r2_marker_viz_srvs) StdoutLine: {'line': b'-- Installing: /home/strain-drone/Documents/drone_position_hold/ros2_ws/src/install/mocap4r2_marker_viz_srvs/share/mocap4r2_marker_viz_srvs/cmake/mocap4r2_marker_viz_srvsConfig.cmake\n'}
[23.531276] (mocap4r2_marker_viz_srvs) StdoutLine: {'line': b'-- Installing: /home/strain-drone/Documents/drone_position_hold/ros2_ws/src/install/mocap4r2_marker_viz_srvs/share/mocap4r2_marker_viz_srvs/cmake/mocap4r2_marker_viz_srvsConfig-version.cmake\n'}
[23.535072] (mocap4r2_marker_viz_srvs) StdoutLine: {'line': b'-- Installing: /home/strain-drone/Documents/drone_position_hold/ros2_ws/src/install/mocap4r2_marker_viz_srvs/share/mocap4r2_marker_viz_srvs/package.xml\n'}
[23.537706] (-) TimerEvent: {}
[23.548236] (mocap4r2_marker_viz_srvs) CommandEnded: {'returncode': 0}
[23.592748] (mocap4r2_msgs) StdoutLine: {'line': b'[ 83%] Built target mocap4r2_msgs__py\n'}
[23.607814] (mocap4r2_marker_viz_srvs) JobEnded: {'identifier': 'mocap4r2_marker_viz_srvs', 'rc': 0}
[23.608637] (natnet_ros2) JobStarted: {'identifier': 'natnet_ros2'}
[23.618892] (natnet_ros2) JobProgress: {'identifier': 'natnet_ros2', 'progress': 'cmake'}
[23.621977] (natnet_ros2) Command: {'cmd': ['/usr/bin/cmake', '/home/strain-drone/Documents/drone_position_hold/ros2_ws/src/natnet_ros2', '-DCMAKE_INSTALL_PREFIX=/home/strain-drone/Documents/drone_position_hold/ros2_ws/src/install/natnet_ros2'], 'cwd': '/home/strain-drone/Documents/drone_position_hold/ros2_ws/src/build/natnet_ros2', 'env': OrderedDict({'LESSOPEN': '| /usr/bin/lesspipe %s', 'USER': 'strain-drone', 'SSH_CLIENT': '100.125.10.128 53782 22', 'XDG_SESSION_TYPE': 'tty', 'GIT_ASKPASS': '/home/strain-drone/.vscode-server/cli/servers/Stable-b6a47e94e326b5c209d118cf0f994d6065585705/server/extensions/git/dist/askpass.sh', 'SHLVL': '2', 'LD_LIBRARY_PATH': '/opt/ros/jazzy/opt/rviz_ogre_vendor/lib:/opt/ros/jazzy/lib/aarch64-linux-gnu:/opt/ros/jazzy/opt/gz_math_vendor/lib:/opt/ros/jazzy/opt/gz_utils_vendor/lib:/opt/ros/jazzy/opt/gz_cmake_vendor/lib:/opt/ros/jazzy/lib:/home/strain-drone/Documents/drone_position_hold/ros2_ws/src/natnet_ros2/deps/NatNetSDK/lib:/home/strain-drone/Documents/drone_position_hold/ros2_ws/src/natnet_ros2/deps/NatNetSDK/lib', 'BROWSER': '/home/strain-drone/.vscode-server/cli/servers/Stable-b6a47e94e326b5c209d118cf0f994d6065585705/server/bin/helpers/browser.sh', 'HOME': '/home/strain-drone', 'TERM_PROGRAM_VERSION': '1.109.3', 'VSCODE_IPC_HOOK_CLI': '/run/user/1002/vscode-ipc-7f844f56-ced9-4e8e-9017-09603271f316.sock', 'ROS_PYTHON_VERSION': '3', 'VSCODE_GIT_ASKPASS_MAIN': '/home/strain-drone/.vscode-server/cli/servers/Stable-b6a47e94e326b5c209d118cf0f994d6065585705/server/extensions/git/dist/askpass-main.js', 'PS1': '\\[\x1b]633;A\x07\\]\\[\\e]0;\\u@\\h: \\w\\a\\]${debian_chroot:+($debian_chroot)}\\[\\033[01;32m\\]\\u@\\h\\[\\033[00m\\]:\\[\\033[01;34m\\]\\w\\[\\033[00m\\]\\$ \\[\x1b]633;B\x07\\]', 'VSCODE_GIT_ASKPASS_NODE': '/home/strain-drone/.vscode-server/cli/servers/Stable-b6a47e94e326b5c209d118cf0f994d6065585705/server/node', 'SSL_CERT_FILE': '/usr/lib/ssl/cert.pem', 'VSCODE_PYTHON_AUTOACTIVATE_GUARD': '1', 'DBUS_SESSION_BUS_ADDRESS': 'unix:path=/run/user/1002/bus', 'COLORTERM': 'truecolor', 'DEBUGINFOD_URLS': 'https://debuginfod.ubuntu.com', 'ROS_DISTRO': 'jazzy', 'LOGNAME': 'strain-drone', '_': '/usr/bin/colcon', 'ROS_VERSION': '2', 'XDG_SESSION_CLASS': 'user', 'TERM': 'xterm-256color', 'XDG_SESSION_ID': '12', 'PATH': '/home/strain-drone/.vscode-server/data/User/globalStorage/github.copilot-chat/debugCommand:/home/strain-drone/.vscode-server/data/User/globalStorage/github.copilot-chat/copilotCli:/home/strain-drone/.vscode-server/cli/servers/Stable-b6a47e94e326b5c209d118cf0f994d6065585705/server/bin/remote-cli:/usr/lib/ccache:/home/strain-drone/Documents/ardupilot/Tools/autotest:/opt/gcc-arm-none-eabi-10-2020-q4-major/bin:/home/strain-drone/venv-ardupilot/bin:/home/strain-drone/.local/bin:/opt/ros/jazzy/bin:/usr/lib/ccache:/home/strain-drone/Documents/ardupilot/Tools/autotest:/opt/gcc-arm-none-eabi-10-2020-q4-major/bin:/home/strain-drone/venv-ardupilot/bin:/home/strain-drone/.local/bin:/usr/local/sbin:/usr/local/bin:/usr/sbin:/usr/bin:/sbin:/bin:/usr/games:/usr/local/games:/snap/bin:/home/strain-drone/.local/bin:/home/strain-drone/.local/bin:/home/strain-drone/.local/bin:/home/strain-drone/.local/bin', 'XDG_RUNTIME_DIR': '/run/user/1002', 'SSL_CERT_DIR': '/usr/lib/ssl/certs', 'LANG': 'en_US.UTF-8', 'VIRTUAL_ENV_PROMPT': '(venv-ardupilot)', 'LS_COLORS': 'rs=0:di=01;34:ln=01;36:mh=00:pi=40;33:so=01;35:do=01;35:bd=40;33;01:cd=40;33;01:or=40;31;01:mi=00:su=37;41:sg=30;43:ca=00:tw=30;42:ow=34;42:st=37;44:ex=01;32:*.tar=01;31:*.tgz=01;31:*.arc=01;31:*.arj=01;31:*.taz=01;31:*.lha=01;31:*.lz4=01;31:*.lzh=01;31:*.lzma=01;31:*.tlz=01;31:*.txz=01;31:*.tzo=01;31:*.t7z=01;31:*.zip=01;31:*.z=01;31:*.dz=01;31:*.gz=01;31:*.lrz=01;31:*.lz=01;31:*.lzo=01;31:*.xz=01;31:*.zst=01;31:*.tzst=01;31:*.bz2=01;31:*.bz=01;31:*.tbz=01;31:*.tbz2=01;31:*.tz=01;31:*.deb=01;31:*.rpm=01;31:*.jar=01;31:*.war=01;31:*.ear=01;31:*.sar=01;31:*.rar=01;31:*.alz=01;31:*.ace=01;31:*.zoo=01;31:*.cpio=01;31:*.7z=01;31:*.rz=01;31:*.cab=01;31:*.wim=01;31:*.swm=01;31:*.dwm=01;31:*.esd=01;31:*.avif=01;35:*.jpg=01;35:*.jpeg=01;35:*.mjpg=01;35:*.mjpeg=01;35:*.gif=01;35:*.bmp=01;35:*.pbm=01;35:*.pgm=01;35:*.ppm=01;35:*.tga=01;35:*.xbm=01;35:*.xpm=01;35:*.tif=01;35:*.tiff=01;35:*.png=01;35:*.svg=01;35:*.svgz=01;35:*.mng=01;35:*.pcx=01;35:*.mov=01;35:*.mpg=01;35:*.mpeg=01;35:*.m2v=01;35:*.mkv=01;35:*.webm=01;35:*.webp=01;35:*.ogm=01;35:*.mp4=01;35:*.m4v=01;35:*.mp4v=01;35:*.vob=01;35:*.qt=01;35:*.nuv=01;35:*.wmv=01;35:*.asf=01;35:*.rm=01;35:*.rmvb=01;35:*.flc=01;35:*.avi=01;35:*.fli=01;35:*.flv=01;35:*.gl=01;35:*.dl=01;35:*.xcf=01;35:*.xwd=01;35:*.yuv=01;35:*.cgm=01;35:*.emf=01;35:*.ogv=01;35:*.ogx=01;35:*.aac=00;36:*.au=00;36:*.flac=00;36:*.m4a=00;36:*.mid=00;36:*.midi=00;36:*.mka=00;36:*.mp3=00;36:*.mpc=00;36:*.ogg=00;36:*.ra=00;36:*.wav=00;36:*.oga=00;36:*.opus=00;36:*.spx=00;36:*.xspf=00;36:*~=00;90:*#=00;90:*.bak=00;90:*.crdownload=00;90:*.dpkg-dist=00;90:*.dpkg-new=00;90:*.dpkg-old=00;90:*.dpkg-tmp=00;90:*.old=00;90:*.orig=00;90:*.part=00;90:*.rej=00;90:*.rpmnew=00;90:*.rpmorig=00;90:*.rpmsave=00;90:*.swp=00;90:*.tmp=00;90:*.ucf-dist=00;90:*.ucf-new=00;90:*.ucf-old=00;90:', 'VSCODE_GIT_IPC_HANDLE': '/run/user/1002/vscode-git-227cc40744.sock', 'TERM_PROGRAM': 'vscode', 'ROS_DOMAIN_ID': '1', 'AMENT_PREFIX_PATH': '/opt/ros/jazzy', 'SHELL': '/bin/bash', 'LESSCLOSE': '/usr/bin/lesspipe %s %s', 'VIRTUAL_ENV': '/home/strain-drone/venv-ardupilot', 'ROS_AUTOMATIC_DISCOVERY_RANGE': 'SUBNET', 'VSCODE_GIT_ASKPASS_EXTRA_ARGS': '', 'PWD': '/home/strain-drone/Documents/drone_position_hold/ros2_ws/src/build/natnet_ros2', 'LC_ALL': 'en_US.UTF-8', 'SSH_CONNECTION': '100.125.10.128 53782 100.96.124.69 22', 'XDG_DATA_DIRS': '/usr/share/gnome:/usr/local/share:/usr/share:/var/lib/snapd/desktop', 'PYTHONPATH': '/opt/ros/jazzy/lib/python3.12/site-packages', 'COLCON': '1', 'CMAKE_PREFIX_PATH': '/opt/ros/jazzy/opt/gz_math_vendor:/opt/ros/jazzy/opt/gz_utils_vendor:/opt/ros/jazzy/opt/gz_cmake_vendor:/opt/ros/jazzy'}), 'shell': False}
[23.638499] (-) TimerEvent: {}
[23.648809] (mocap4r2_msgs) StdoutLine: {'line': b'[ 85%] \x1b[32mBuilding C object CMakeFiles/mocap4r2_msgs__rosidl_generator_py.dir/rosidl_generator_py/mocap4r2_msgs/msg/_markers_s.c.o\x1b[0m\n'}
[23.674206] (mocap4r2_msgs) StdoutLine: {'line': b'[ 86%] \x1b[32mBuilding C object CMakeFiles/mocap4r2_msgs__rosidl_generator_py.dir/rosidl_generator_py/mocap4r2_msgs/msg/_marker_s.c.o\x1b[0m\n'}
[23.690417] (mocap4r2_msgs) StdoutLine: {'line': b'[ 87%] \x1b[32mBuilding C object CMakeFiles/mocap4r2_msgs__rosidl_generator_py.dir/rosidl_generator_py/mocap4r2_msgs/msg/_imus_info_s.c.o\x1b[0m\n'}
[23.690720] (mocap4r2_msgs) StdoutLine: {'line': b'[ 89%] \x1b[32mBuilding C object CMakeFiles/mocap4r2_msgs__rosidl_generator_py.dir/rosidl_generator_py/mocap4r2_msgs/msg/_rigid_body_s.c.o\x1b[0m\n'}
[23.712524] (mocap4r2_msgs) StdoutLine: {'line': b'[ 90%] \x1b[32mBuilding C object CMakeFiles/mocap4r2_msgs__rosidl_generator_py.dir/rosidl_generator_py/mocap4r2_msgs/msg/_rigid_bodies_s.c.o\x1b[0m\n'}
[23.719393] (mocap4r2_control) StdoutLine: {'line': b'-- The CXX compiler identification is GNU 13.3.0\n'}
[23.738640] (-) TimerEvent: {}
[23.839082] (-) TimerEvent: {}
[23.860399] (mocap4r2_msgs) StdoutLine: {'line': b'[ 91%] \x1b[32m\x1b[1mLinking C shared library libmocap4r2_msgs__rosidl_generator_py.so\x1b[0m\n'}
[23.921338] (natnet_ros2) StdoutLine: {'line': b'-- The C compiler identification is GNU 13.3.0\n'}
[23.939182] (-) TimerEvent: {}
[23.960439] (mocap4r2_control) StdoutLine: {'line': b'-- Detecting C compiler ABI info\n'}
[24.039285] (-) TimerEvent: {}
[24.140496] (-) TimerEvent: {}
[24.184993] (mocap4r2_msgs) StdoutLine: {'line': b'[ 91%] Built target mocap4r2_msgs__rosidl_generator_py\n'}
[24.238421] (natnet_ros2) StdoutLine: {'line': b'-- The CXX compiler identification is GNU 13.3.0\n'}
[24.245693] (-) TimerEvent: {}
[24.258693] (mocap4r2_control) StdoutLine: {'line': b'-- Detecting C compiler ABI info - done\n'}
[24.259729] (mocap4r2_msgs) StdoutLine: {'line': b'[ 93%] \x1b[32mBuilding C object CMakeFiles/mocap4r2_msgs_s__rosidl_typesupport_fastrtps_c.dir/rosidl_generator_py/mocap4r2_msgs/_mocap4r2_msgs_s.ep.rosidl_typesupport_fastrtps_c.c.o\x1b[0m\n'}
[24.276722] (mocap4r2_msgs) StdoutLine: {'line': b'[ 94%] \x1b[32mBuilding C object CMakeFiles/mocap4r2_msgs_s__rosidl_typesupport_introspection_c.dir/rosidl_generator_py/mocap4r2_msgs/_mocap4r2_msgs_s.ep.rosidl_typesupport_introspection_c.c.o\x1b[0m\n'}
[24.278945] (mocap4r2_msgs) StdoutLine: {'line': b'[ 95%] \x1b[32mBuilding C object CMakeFiles/mocap4r2_msgs_s__rosidl_typesupport_c.dir/rosidl_generator_py/mocap4r2_msgs/_mocap4r2_msgs_s.ep.rosidl_typesupport_c.c.o\x1b[0m\n'}
[24.286722] (mocap4r2_control) StdoutLine: {'line': b'-- Check for working C compiler: /usr/lib/ccache/cc - skipped\n'}
[24.287901] (mocap4r2_control) StdoutLine: {'line': b'-- Detecting C compile features\n'}
[24.288973] (mocap4r2_control) StdoutLine: {'line': b'-- Detecting C compile features - done\n'}
[24.319824] (mocap4r2_msgs) StdoutLine: {'line': b'[ 97%] \x1b[32m\x1b[1mLinking C shared module rosidl_generator_py/mocap4r2_msgs/mocap4r2_msgs_s__rosidl_typesupport_introspection_c.so\x1b[0m\n'}
[24.327412] (natnet_ros2) StdoutLine: {'line': b'-- Detecting C compiler ABI info\n'}
[24.327698] (mocap4r2_msgs) StdoutLine: {'line': b'[ 98%] \x1b[32m\x1b[1mLinking C shared module rosidl_generator_py/mocap4r2_msgs/mocap4r2_msgs_s__rosidl_typesupport_fastrtps_c.so\x1b[0m\n'}
[24.331757] (mocap4r2_control) StdoutLine: {'line': b'-- Detecting CXX compiler ABI info\n'}
[24.336280] (mocap4r2_msgs) StdoutLine: {'line': b'[100%] \x1b[32m\x1b[1mLinking C shared module rosidl_generator_py/mocap4r2_msgs/mocap4r2_msgs_s__rosidl_typesupport_c.so\x1b[0m\n'}
[24.345804] (-) TimerEvent: {}
[24.447514] (-) TimerEvent: {}
[24.458034] (mocap4r2_msgs) StdoutLine: {'line': b'[100%] Built target mocap4r2_msgs_s__rosidl_typesupport_introspection_c\n'}
[24.459525] (mocap4r2_msgs) StdoutLine: {'line': b'[100%] Built target mocap4r2_msgs_s__rosidl_typesupport_fastrtps_c\n'}
[24.474477] (mocap4r2_msgs) StdoutLine: {'line': b'[100%] Built target mocap4r2_msgs_s__rosidl_typesupport_c\n'}
[24.507934] (mocap4r2_msgs) CommandEnded: {'returncode': 0}
[24.512633] (mocap4r2_msgs) JobProgress: {'identifier': 'mocap4r2_msgs', 'progress': 'install'}
[24.512727] (mocap4r2_msgs) Command: {'cmd': ['/usr/bin/cmake', '--install', '/home/strain-drone/Documents/drone_position_hold/ros2_ws/src/build/mocap4r2_msgs'], 'cwd': '/home/strain-drone/Documents/drone_position_hold/ros2_ws/src/build/mocap4r2_msgs', 'env': OrderedDict({'LESSOPEN': '| /usr/bin/lesspipe %s', 'USER': 'strain-drone', 'SSH_CLIENT': '100.125.10.128 53782 22', 'XDG_SESSION_TYPE': 'tty', 'GIT_ASKPASS': '/home/strain-drone/.vscode-server/cli/servers/Stable-b6a47e94e326b5c209d118cf0f994d6065585705/server/extensions/git/dist/askpass.sh', 'SHLVL': '2', 'LD_LIBRARY_PATH': '/opt/ros/jazzy/opt/rviz_ogre_vendor/lib:/opt/ros/jazzy/lib/aarch64-linux-gnu:/opt/ros/jazzy/opt/gz_math_vendor/lib:/opt/ros/jazzy/opt/gz_utils_vendor/lib:/opt/ros/jazzy/opt/gz_cmake_vendor/lib:/opt/ros/jazzy/lib:/home/strain-drone/Documents/drone_position_hold/ros2_ws/src/natnet_ros2/deps/NatNetSDK/lib:/home/strain-drone/Documents/drone_position_hold/ros2_ws/src/natnet_ros2/deps/NatNetSDK/lib', 'BROWSER': '/home/strain-drone/.vscode-server/cli/servers/Stable-b6a47e94e326b5c209d118cf0f994d6065585705/server/bin/helpers/browser.sh', 'HOME': '/home/strain-drone', 'TERM_PROGRAM_VERSION': '1.109.3', 'VSCODE_IPC_HOOK_CLI': '/run/user/1002/vscode-ipc-7f844f56-ced9-4e8e-9017-09603271f316.sock', 'ROS_PYTHON_VERSION': '3', 'VSCODE_GIT_ASKPASS_MAIN': '/home/strain-drone/.vscode-server/cli/servers/Stable-b6a47e94e326b5c209d118cf0f994d6065585705/server/extensions/git/dist/askpass-main.js', 'PS1': '\\[\x1b]633;A\x07\\]\\[\\e]0;\\u@\\h: \\w\\a\\]${debian_chroot:+($debian_chroot)}\\[\\033[01;32m\\]\\u@\\h\\[\\033[00m\\]:\\[\\033[01;34m\\]\\w\\[\\033[00m\\]\\$ \\[\x1b]633;B\x07\\]', 'VSCODE_GIT_ASKPASS_NODE': '/home/strain-drone/.vscode-server/cli/servers/Stable-b6a47e94e326b5c209d118cf0f994d6065585705/server/node', 'SSL_CERT_FILE': '/usr/lib/ssl/cert.pem', 'VSCODE_PYTHON_AUTOACTIVATE_GUARD': '1', 'DBUS_SESSION_BUS_ADDRESS': 'unix:path=/run/user/1002/bus', 'COLORTERM': 'truecolor', 'DEBUGINFOD_URLS': 'https://debuginfod.ubuntu.com', 'ROS_DISTRO': 'jazzy', 'LOGNAME': 'strain-drone', '_': '/usr/bin/colcon', 'ROS_VERSION': '2', 'XDG_SESSION_CLASS': 'user', 'TERM': 'xterm-256color', 'XDG_SESSION_ID': '12', 'PATH': '/home/strain-drone/.vscode-server/data/User/globalStorage/github.copilot-chat/debugCommand:/home/strain-drone/.vscode-server/data/User/globalStorage/github.copilot-chat/copilotCli:/home/strain-drone/.vscode-server/cli/servers/Stable-b6a47e94e326b5c209d118cf0f994d6065585705/server/bin/remote-cli:/usr/lib/ccache:/home/strain-drone/Documents/ardupilot/Tools/autotest:/opt/gcc-arm-none-eabi-10-2020-q4-major/bin:/home/strain-drone/venv-ardupilot/bin:/home/strain-drone/.local/bin:/opt/ros/jazzy/bin:/usr/lib/ccache:/home/strain-drone/Documents/ardupilot/Tools/autotest:/opt/gcc-arm-none-eabi-10-2020-q4-major/bin:/home/strain-drone/venv-ardupilot/bin:/home/strain-drone/.local/bin:/usr/local/sbin:/usr/local/bin:/usr/sbin:/usr/bin:/sbin:/bin:/usr/games:/usr/local/games:/snap/bin:/home/strain-drone/.local/bin:/home/strain-drone/.local/bin:/home/strain-drone/.local/bin:/home/strain-drone/.local/bin', 'XDG_RUNTIME_DIR': '/run/user/1002', 'SSL_CERT_DIR': '/usr/lib/ssl/certs', 'LANG': 'en_US.UTF-8', 'VIRTUAL_ENV_PROMPT': '(venv-ardupilot)', 'LS_COLORS': 'rs=0:di=01;34:ln=01;36:mh=00:pi=40;33:so=01;35:do=01;35:bd=40;33;01:cd=40;33;01:or=40;31;01:mi=00:su=37;41:sg=30;43:ca=00:tw=30;42:ow=34;42:st=37;44:ex=01;32:*.tar=01;31:*.tgz=01;31:*.arc=01;31:*.arj=01;31:*.taz=01;31:*.lha=01;31:*.lz4=01;31:*.lzh=01;31:*.lzma=01;31:*.tlz=01;31:*.txz=01;31:*.tzo=01;31:*.t7z=01;31:*.zip=01;31:*.z=01;31:*.dz=01;31:*.gz=01;31:*.lrz=01;31:*.lz=01;31:*.lzo=01;31:*.xz=01;31:*.zst=01;31:*.tzst=01;31:*.bz2=01;31:*.bz=01;31:*.tbz=01;31:*.tbz2=01;31:*.tz=01;31:*.deb=01;31:*.rpm=01;31:*.jar=01;31:*.war=01;31:*.ear=01;31:*.sar=01;31:*.rar=01;31:*.alz=01;31:*.ace=01;31:*.zoo=01;31:*.cpio=01;31:*.7z=01;31:*.rz=01;31:*.cab=01;31:*.wim=01;31:*.swm=01;31:*.dwm=01;31:*.esd=01;31:*.avif=01;35:*.jpg=01;35:*.jpeg=01;35:*.mjpg=01;35:*.mjpeg=01;35:*.gif=01;35:*.bmp=01;35:*.pbm=01;35:*.pgm=01;35:*.ppm=01;35:*.tga=01;35:*.xbm=01;35:*.xpm=01;35:*.tif=01;35:*.tiff=01;35:*.png=01;35:*.svg=01;35:*.svgz=01;35:*.mng=01;35:*.pcx=01;35:*.mov=01;35:*.mpg=01;35:*.mpeg=01;35:*.m2v=01;35:*.mkv=01;35:*.webm=01;35:*.webp=01;35:*.ogm=01;35:*.mp4=01;35:*.m4v=01;35:*.mp4v=01;35:*.vob=01;35:*.qt=01;35:*.nuv=01;35:*.wmv=01;35:*.asf=01;35:*.rm=01;35:*.rmvb=01;35:*.flc=01;35:*.avi=01;35:*.fli=01;35:*.flv=01;35:*.gl=01;35:*.dl=01;35:*.xcf=01;35:*.xwd=01;35:*.yuv=01;35:*.cgm=01;35:*.emf=01;35:*.ogv=01;35:*.ogx=01;35:*.aac=00;36:*.au=00;36:*.flac=00;36:*.m4a=00;36:*.mid=00;36:*.midi=00;36:*.mka=00;36:*.mp3=00;36:*.mpc=00;36:*.ogg=00;36:*.ra=00;36:*.wav=00;36:*.oga=00;36:*.opus=00;36:*.spx=00;36:*.xspf=00;36:*~=00;90:*#=00;90:*.bak=00;90:*.crdownload=00;90:*.dpkg-dist=00;90:*.dpkg-new=00;90:*.dpkg-old=00;90:*.dpkg-tmp=00;90:*.old=00;90:*.orig=00;90:*.part=00;90:*.rej=00;90:*.rpmnew=00;90:*.rpmorig=00;90:*.rpmsave=00;90:*.swp=00;90:*.tmp=00;90:*.ucf-dist=00;90:*.ucf-new=00;90:*.ucf-old=00;90:', 'VSCODE_GIT_IPC_HANDLE': '/run/user/1002/vscode-git-227cc40744.sock', 'TERM_PROGRAM': 'vscode', 'ROS_DOMAIN_ID': '1', 'AMENT_PREFIX_PATH': '/opt/ros/jazzy', 'SHELL': '/bin/bash', 'LESSCLOSE': '/usr/bin/lesspipe %s %s', 'VIRTUAL_ENV': '/home/strain-drone/venv-ardupilot', 'ROS_AUTOMATIC_DISCOVERY_RANGE': 'SUBNET', 'VSCODE_GIT_ASKPASS_EXTRA_ARGS': '', 'PWD': '/home/strain-drone/Documents/drone_position_hold/ros2_ws/src/build/mocap4r2_msgs', 'LC_ALL': 'en_US.UTF-8', 'SSH_CONNECTION': '100.125.10.128 53782 100.96.124.69 22', 'XDG_DATA_DIRS': '/usr/share/gnome:/usr/local/share:/usr/share:/var/lib/snapd/desktop', 'PYTHONPATH': '/opt/ros/jazzy/lib/python3.12/site-packages', 'COLCON': '1', 'CMAKE_PREFIX_PATH': '/opt/ros/jazzy/opt/gz_math_vendor:/opt/ros/jazzy/opt/gz_utils_vendor:/opt/ros/jazzy/opt/gz_cmake_vendor:/opt/ros/jazzy'}), 'shell': False}
[24.533019] (mocap4r2_msgs) StdoutLine: {'line': b'-- Install configuration: ""\n'}
[24.533623] (mocap4r2_msgs) StdoutLine: {'line': b'-- Installing: /home/strain-drone/Documents/drone_position_hold/ros2_ws/src/install/mocap4r2_msgs/share/ament_index/resource_index/rosidl_interfaces/mocap4r2_msgs\n'}
[24.536242] (mocap4r2_msgs) StdoutLine: {'line': b'-- Installing: /home/strain-drone/Documents/drone_position_hold/ros2_ws/src/install/mocap4r2_msgs/share/mocap4r2_msgs/msg/Marker.json\n'}
[24.536797] (mocap4r2_msgs) StdoutLine: {'line': b'-- Installing: /home/strain-drone/Documents/drone_position_hold/ros2_ws/src/install/mocap4r2_msgs/share/mocap4r2_msgs/msg/Markers.json\n'}
[24.539954] (mocap4r2_msgs) StdoutLine: {'line': b'-- Installing: /home/strain-drone/Documents/drone_position_hold/ros2_ws/src/install/mocap4r2_msgs/share/mocap4r2_msgs/msg/ImusInfo.json\n'}
[24.540493] (mocap4r2_msgs) StdoutLine: {'line': b'-- Installing: /home/strain-drone/Documents/drone_position_hold/ros2_ws/src/install/mocap4r2_msgs/share/mocap4r2_msgs/msg/RigidBody.json\n'}
[24.545142] (mocap4r2_msgs) StdoutLine: {'line': b'-- Installing: /home/strain-drone/Documents/drone_position_hold/ros2_ws/src/install/mocap4r2_msgs/share/mocap4r2_msgs/msg/RigidBodies.json\n'}
[24.545857] (mocap4r2_msgs) StdoutLine: {'line': b'-- Installing: /home/strain-drone/Documents/drone_position_hold/ros2_ws/src/install/mocap4r2_msgs/include/mocap4r2_msgs/mocap4r2_msgs\n'}
[24.547707] (mocap4r2_msgs) StdoutLine: {'line': b'-- Installing: /home/strain-drone/Documents/drone_position_hold/ros2_ws/src/install/mocap4r2_msgs/include/mocap4r2_msgs/mocap4r2_msgs/msg\n'}
[24.548218] (-) TimerEvent: {}
[24.551679] (mocap4r2_msgs) StdoutLine: {'line': b'-- Installing: /home/strain-drone/Documents/drone_position_hold/ros2_ws/src/install/mocap4r2_msgs/include/mocap4r2_msgs/mocap4r2_msgs/msg/rigid_bodies.h\n'}
[24.552481] (mocap4r2_msgs) StdoutLine: {'line': b'-- Installing: /home/strain-drone/Documents/drone_position_hold/ros2_ws/src/install/mocap4r2_msgs/include/mocap4r2_msgs/mocap4r2_msgs/msg/rigid_body.h\n'}
[24.556716] (mocap4r2_msgs) StdoutLine: {'line': b'-- Installing: /home/strain-drone/Documents/drone_position_hold/ros2_ws/src/install/mocap4r2_msgs/include/mocap4r2_msgs/mocap4r2_msgs/msg/rosidl_generator_c__visibility_control.h\n'}
[24.557310] (mocap4r2_msgs) StdoutLine: {'line': b'-- Installing: /home/strain-drone/Documents/drone_position_hold/ros2_ws/src/install/mocap4r2_msgs/include/mocap4r2_msgs/mocap4r2_msgs/msg/imus_info.h\n'}
[24.559866] (mocap4r2_msgs) StdoutLine: {'line': b'-- Installing: /home/strain-drone/Documents/drone_position_hold/ros2_ws/src/install/mocap4r2_msgs/include/mocap4r2_msgs/mocap4r2_msgs/msg/markers.h\n'}
[24.560877] (mocap4r2_msgs) StdoutLine: {'line': b'-- Installing: /home/strain-drone/Documents/drone_position_hold/ros2_ws/src/install/mocap4r2_msgs/include/mocap4r2_msgs/mocap4r2_msgs/msg/detail\n'}
[24.561936] (mocap4r2_msgs) StdoutLine: {'line': b'-- Installing: /home/strain-drone/Documents/drone_position_hold/ros2_ws/src/install/mocap4r2_msgs/include/mocap4r2_msgs/mocap4r2_msgs/msg/detail/rigid_body__struct.h\n'}
[24.562489] (mocap4r2_msgs) StdoutLine: {'line': b'-- Installing: /home/strain-drone/Documents/drone_position_hold/ros2_ws/src/install/mocap4r2_msgs/include/mocap4r2_msgs/mocap4r2_msgs/msg/detail/markers__description.c\n'}
[24.564352] (mocap4r2_msgs) StdoutLine: {'line': b'-- Installing: /home/strain-drone/Documents/drone_position_hold/ros2_ws/src/install/mocap4r2_msgs/include/mocap4r2_msgs/mocap4r2_msgs/msg/detail/rigid_body__description.c\n'}
[24.564796] (mocap4r2_msgs) StdoutLine: {'line': b'-- Installing: /home/strain-drone/Documents/drone_position_hold/ros2_ws/src/install/mocap4r2_msgs/include/mocap4r2_msgs/mocap4r2_msgs/msg/detail/rigid_bodies__functions.c\n'}
[24.564994] (mocap4r2_msgs) StdoutLine: {'line': b'-- Installing: /home/strain-drone/Documents/drone_position_hold/ros2_ws/src/install/mocap4r2_msgs/include/mocap4r2_msgs/mocap4r2_msgs/msg/detail/marker__functions.c\n'}
[24.566869] (mocap4r2_msgs) StdoutLine: {'line': b'-- Installing: /home/strain-drone/Documents/drone_position_hold/ros2_ws/src/install/mocap4r2_msgs/include/mocap4r2_msgs/mocap4r2_msgs/msg/detail/marker__description.c\n'}
[24.567314] (mocap4r2_msgs) StdoutLine: {'line': b'-- Installing: /home/strain-drone/Documents/drone_position_hold/ros2_ws/src/install/mocap4r2_msgs/include/mocap4r2_msgs/mocap4r2_msgs/msg/detail/marker__type_support.h\n'}
[24.568398] (mocap4r2_msgs) StdoutLine: {'line': b'-- Installing: /home/strain-drone/Documents/drone_position_hold/ros2_ws/src/install/mocap4r2_msgs/include/mocap4r2_msgs/mocap4r2_msgs/msg/detail/rigid_bodies__type_support.h\n'}
[24.569718] (mocap4r2_msgs) StdoutLine: {'line': b'-- Installing: /home/strain-drone/Documents/drone_position_hold/ros2_ws/src/install/mocap4r2_msgs/include/mocap4r2_msgs/mocap4r2_msgs/msg/detail/markers__functions.h\n'}
[24.570070] (mocap4r2_msgs) StdoutLine: {'line': b'-- Installing: /home/strain-drone/Documents/drone_position_hold/ros2_ws/src/install/mocap4r2_msgs/include/mocap4r2_msgs/mocap4r2_msgs/msg/detail/imus_info__type_support.c\n'}
[24.571393] (mocap4r2_msgs) StdoutLine: {'line': b'-- Installing: /home/strain-drone/Documents/drone_position_hold/ros2_ws/src/install/mocap4r2_msgs/include/mocap4r2_msgs/mocap4r2_msgs/msg/detail/rigid_bodies__description.c\n'}
[24.571771] (mocap4r2_msgs) StdoutLine: {'line': b'-- Installing: /home/strain-drone/Documents/drone_position_hold/ros2_ws/src/install/mocap4r2_msgs/include/mocap4r2_msgs/mocap4r2_msgs/msg/detail/rigid_body__type_support.h\n'}
[24.573520] (mocap4r2_msgs) StdoutLine: {'line': b'-- Installing: /home/strain-drone/Documents/drone_position_hold/ros2_ws/src/install/mocap4r2_msgs/include/mocap4r2_msgs/mocap4r2_msgs/msg/detail/rigid_body__functions.h\n'}
[24.573856] (mocap4r2_msgs) StdoutLine: {'line': b'-- Installing: /home/strain-drone/Documents/drone_position_hold/ros2_ws/src/install/mocap4r2_msgs/include/mocap4r2_msgs/mocap4r2_msgs/msg/detail/imus_info__functions.h\n'}
[24.575097] (mocap4r2_msgs) StdoutLine: {'line': b'-- Installing: /home/strain-drone/Documents/drone_position_hold/ros2_ws/src/install/mocap4r2_msgs/include/mocap4r2_msgs/mocap4r2_msgs/msg/detail/imus_info__type_support.h\n'}
[24.575472] (mocap4r2_msgs) StdoutLine: {'line': b'-- Installing: /home/strain-drone/Documents/drone_position_hold/ros2_ws/src/install/mocap4r2_msgs/include/mocap4r2_msgs/mocap4r2_msgs/msg/detail/rigid_body__functions.c\n'}
[24.576437] (mocap4r2_msgs) StdoutLine: {'line': b'-- Installing: /home/strain-drone/Documents/drone_position_hold/ros2_ws/src/install/mocap4r2_msgs/include/mocap4r2_msgs/mocap4r2_msgs/msg/detail/markers__functions.c\n'}
[24.576676] (mocap4r2_msgs) StdoutLine: {'line': b'-- Installing: /home/strain-drone/Documents/drone_position_hold/ros2_ws/src/install/mocap4r2_msgs/include/mocap4r2_msgs/mocap4r2_msgs/msg/detail/rigid_bodies__functions.h\n'}
[24.577417] (mocap4r2_msgs) StdoutLine: {'line': b'-- Installing: /home/strain-drone/Documents/drone_position_hold/ros2_ws/src/install/mocap4r2_msgs/include/mocap4r2_msgs/mocap4r2_msgs/msg/detail/imus_info__description.c\n'}
[24.577945] (mocap4r2_msgs) StdoutLine: {'line': b'-- Installing: /home/strain-drone/Documents/drone_position_hold/ros2_ws/src/install/mocap4r2_msgs/include/mocap4r2_msgs/mocap4r2_msgs/msg/detail/imus_info__struct.h\n'}
[24.578578] (mocap4r2_msgs) StdoutLine: {'line': b'-- Installing: /home/strain-drone/Documents/drone_position_hold/ros2_ws/src/install/mocap4r2_msgs/include/mocap4r2_msgs/mocap4r2_msgs/msg/detail/rigid_body__type_support.c\n'}
[24.579193] (mocap4r2_msgs) StdoutLine: {'line': b'-- Installing: /home/strain-drone/Documents/drone_position_hold/ros2_ws/src/install/mocap4r2_msgs/include/mocap4r2_msgs/mocap4r2_msgs/msg/detail/marker__struct.h\n'}
[24.580453] (mocap4r2_msgs) StdoutLine: {'line': b'-- Installing: /home/strain-drone/Documents/drone_position_hold/ros2_ws/src/install/mocap4r2_msgs/include/mocap4r2_msgs/mocap4r2_msgs/msg/detail/marker__type_support.c\n'}
[24.581190] (mocap4r2_msgs) StdoutLine: {'line': b'-- Installing: /home/strain-drone/Documents/drone_position_hold/ros2_ws/src/install/mocap4r2_msgs/include/mocap4r2_msgs/mocap4r2_msgs/msg/detail/marker__functions.h\n'}
[24.585341] (mocap4r2_msgs) StdoutLine: {'line': b'-- Installing: /home/strain-drone/Documents/drone_position_hold/ros2_ws/src/install/mocap4r2_msgs/include/mocap4r2_msgs/mocap4r2_msgs/msg/detail/rigid_bodies__type_support.c\n'}
[24.585967] (mocap4r2_msgs) StdoutLine: {'line': b'-- Installing: /home/strain-drone/Documents/drone_position_hold/ros2_ws/src/install/mocap4r2_msgs/include/mocap4r2_msgs/mocap4r2_msgs/msg/detail/markers__type_support.h\n'}
[24.587541] (mocap4r2_msgs) StdoutLine: {'line': b'-- Installing: /home/strain-drone/Documents/drone_position_hold/ros2_ws/src/install/mocap4r2_msgs/include/mocap4r2_msgs/mocap4r2_msgs/msg/detail/rigid_bodies__struct.h\n'}
[24.587964] (mocap4r2_msgs) StdoutLine: {'line': b'-- Installing: /home/strain-drone/Documents/drone_position_hold/ros2_ws/src/install/mocap4r2_msgs/include/mocap4r2_msgs/mocap4r2_msgs/msg/detail/markers__struct.h\n'}
[24.588218] (mocap4r2_msgs) StdoutLine: {'line': b'-- Installing: /home/strain-drone/Documents/drone_position_hold/ros2_ws/src/install/mocap4r2_msgs/include/mocap4r2_msgs/mocap4r2_msgs/msg/detail/markers__type_support.c\n'}
[24.588433] (mocap4r2_msgs) StdoutLine: {'line': b'-- Installing: /home/strain-drone/Documents/drone_position_hold/ros2_ws/src/install/mocap4r2_msgs/include/mocap4r2_msgs/mocap4r2_msgs/msg/detail/imus_info__functions.c\n'}
[24.588653] (mocap4r2_msgs) StdoutLine: {'line': b'-- Installing: /home/strain-drone/Documents/drone_position_hold/ros2_ws/src/install/mocap4r2_msgs/include/mocap4r2_msgs/mocap4r2_msgs/msg/marker.h\n'}
[24.588809] (mocap4r2_msgs) StdoutLine: {'line': b'-- Installing: /home/strain-drone/Documents/drone_position_hold/ros2_ws/src/install/mocap4r2_msgs/share/mocap4r2_msgs/environment/library_path.sh\n'}
[24.588934] (mocap4r2_msgs) StdoutLine: {'line': b'-- Installing: /home/strain-drone/Documents/drone_position_hold/ros2_ws/src/install/mocap4r2_msgs/share/mocap4r2_msgs/environment/library_path.dsv\n'}
[24.595160] (mocap4r2_msgs) StdoutLine: {'line': b'-- Installing: /home/strain-drone/Documents/drone_position_hold/ros2_ws/src/install/mocap4r2_msgs/lib/libmocap4r2_msgs__rosidl_generator_c.so\n'}
[24.595876] (mocap4r2_msgs) StdoutLine: {'line': b'-- Set non-toolchain portion of runtime path of "/home/strain-drone/Documents/drone_position_hold/ros2_ws/src/install/mocap4r2_msgs/lib/libmocap4r2_msgs__rosidl_generator_c.so" to ""\n'}
[24.597300] (mocap4r2_msgs) StdoutLine: {'line': b'-- Up-to-date: /home/strain-drone/Documents/drone_position_hold/ros2_ws/src/install/mocap4r2_msgs/include/mocap4r2_msgs/mocap4r2_msgs\n'}
[24.598841] (mocap4r2_msgs) StdoutLine: {'line': b'-- Up-to-date: /home/strain-drone/Documents/drone_position_hold/ros2_ws/src/install/mocap4r2_msgs/include/mocap4r2_msgs/mocap4r2_msgs/msg\n'}
[24.599032] (mocap4r2_msgs) StdoutLine: {'line': b'-- Installing: /home/strain-drone/Documents/drone_position_hold/ros2_ws/src/install/mocap4r2_msgs/include/mocap4r2_msgs/mocap4r2_msgs/msg/rosidl_typesupport_fastrtps_c__visibility_control.h\n'}
[24.603005] (mocap4r2_msgs) StdoutLine: {'line': b'-- Up-to-date: /home/strain-drone/Documents/drone_position_hold/ros2_ws/src/install/mocap4r2_msgs/include/mocap4r2_msgs/mocap4r2_msgs/msg/detail\n'}
[24.607071] (mocap4r2_msgs) StdoutLine: {'line': b'-- Installing: /home/strain-drone/Documents/drone_position_hold/ros2_ws/src/install/mocap4r2_msgs/include/mocap4r2_msgs/mocap4r2_msgs/msg/detail/marker__rosidl_typesupport_fastrtps_c.h\n'}
[24.610587] (mocap4r2_msgs) StdoutLine: {'line': b'-- Installing: /home/strain-drone/Documents/drone_position_hold/ros2_ws/src/install/mocap4r2_msgs/include/mocap4r2_msgs/mocap4r2_msgs/msg/detail/rigid_body__rosidl_typesupport_fastrtps_c.h\n'}
[24.611919] (mocap4r2_msgs) StdoutLine: {'line': b'-- Installing: /home/strain-drone/Documents/drone_position_hold/ros2_ws/src/install/mocap4r2_msgs/include/mocap4r2_msgs/mocap4r2_msgs/msg/detail/rigid_bodies__rosidl_typesupport_fastrtps_c.h\n'}
[24.613685] (mocap4r2_msgs) StdoutLine: {'line': b'-- Installing: /home/strain-drone/Documents/drone_position_hold/ros2_ws/src/install/mocap4r2_msgs/include/mocap4r2_msgs/mocap4r2_msgs/msg/detail/markers__rosidl_typesupport_fastrtps_c.h\n'}
[24.615584] (mocap4r2_msgs) StdoutLine: {'line': b'-- Installing: /home/strain-drone/Documents/drone_position_hold/ros2_ws/src/install/mocap4r2_msgs/include/mocap4r2_msgs/mocap4r2_msgs/msg/detail/imus_info__rosidl_typesupport_fastrtps_c.h\n'}
[24.615859] (mocap4r2_msgs) StdoutLine: {'line': b'-- Installing: /home/strain-drone/Documents/drone_position_hold/ros2_ws/src/install/mocap4r2_msgs/lib/libmocap4r2_msgs__rosidl_typesupport_fastrtps_c.so\n'}
[24.616029] (mocap4r2_msgs) StdoutLine: {'line': b'-- Set non-toolchain portion of runtime path of "/home/strain-drone/Documents/drone_position_hold/ros2_ws/src/install/mocap4r2_msgs/lib/libmocap4r2_msgs__rosidl_typesupport_fastrtps_c.so" to ""\n'}
[24.616181] (mocap4r2_msgs) StdoutLine: {'line': b'-- Up-to-date: /home/strain-drone/Documents/drone_position_hold/ros2_ws/src/install/mocap4r2_msgs/include/mocap4r2_msgs/mocap4r2_msgs\n'}
[24.616316] (mocap4r2_msgs) StdoutLine: {'line': b'-- Up-to-date: /home/strain-drone/Documents/drone_position_hold/ros2_ws/src/install/mocap4r2_msgs/include/mocap4r2_msgs/mocap4r2_msgs/msg\n'}
[24.620012] (mocap4r2_msgs) StdoutLine: {'line': b'-- Up-to-date: /home/strain-drone/Documents/drone_position_hold/ros2_ws/src/install/mocap4r2_msgs/include/mocap4r2_msgs/mocap4r2_msgs/msg/detail\n'}
[24.621473] (mocap4r2_msgs) StdoutLine: {'line': b'-- Installing: /home/strain-drone/Documents/drone_position_hold/ros2_ws/src/install/mocap4r2_msgs/include/mocap4r2_msgs/mocap4r2_msgs/msg/detail/imus_info__rosidl_typesupport_introspection_c.h\n'}
[24.623341] (mocap4r2_msgs) StdoutLine: {'line': b'-- Installing: /home/strain-drone/Documents/drone_position_hold/ros2_ws/src/install/mocap4r2_msgs/include/mocap4r2_msgs/mocap4r2_msgs/msg/detail/rigid_body__rosidl_typesupport_introspection_c.h\n'}
[24.626219] (mocap4r2_msgs) StdoutLine: {'line': b'-- Installing: /home/strain-drone/Documents/drone_position_hold/ros2_ws/src/install/mocap4r2_msgs/include/mocap4r2_msgs/mocap4r2_msgs/msg/detail/imus_info__type_support.c\n'}
[24.626466] (mocap4r2_msgs) StdoutLine: {'line': b'-- Installing: /home/strain-drone/Documents/drone_position_hold/ros2_ws/src/install/mocap4r2_msgs/include/mocap4r2_msgs/mocap4r2_msgs/msg/detail/marker__rosidl_typesupport_introspection_c.h\n'}
[24.626617] (mocap4r2_msgs) StdoutLine: {'line': b'-- Installing: /home/strain-drone/Documents/drone_position_hold/ros2_ws/src/install/mocap4r2_msgs/include/mocap4r2_msgs/mocap4r2_msgs/msg/detail/rigid_bodies__rosidl_typesupport_introspection_c.h\n'}
[24.626737] (mocap4r2_msgs) StdoutLine: {'line': b'-- Installing: /home/strain-drone/Documents/drone_position_hold/ros2_ws/src/install/mocap4r2_msgs/include/mocap4r2_msgs/mocap4r2_msgs/msg/detail/rigid_body__type_support.c\n'}
[24.626844] (mocap4r2_msgs) StdoutLine: {'line': b'-- Installing: /home/strain-drone/Documents/drone_position_hold/ros2_ws/src/install/mocap4r2_msgs/include/mocap4r2_msgs/mocap4r2_msgs/msg/detail/markers__rosidl_typesupport_introspection_c.h\n'}
[24.626937] (mocap4r2_msgs) StdoutLine: {'line': b'-- Installing: /home/strain-drone/Documents/drone_position_hold/ros2_ws/src/install/mocap4r2_msgs/include/mocap4r2_msgs/mocap4r2_msgs/msg/detail/marker__type_support.c\n'}
[24.627030] (mocap4r2_msgs) StdoutLine: {'line': b'-- Installing: /home/strain-drone/Documents/drone_position_hold/ros2_ws/src/install/mocap4r2_msgs/include/mocap4r2_msgs/mocap4r2_msgs/msg/detail/rigid_bodies__type_support.c\n'}
[24.627134] (mocap4r2_msgs) StdoutLine: {'line': b'-- Installing: /home/strain-drone/Documents/drone_position_hold/ros2_ws/src/install/mocap4r2_msgs/include/mocap4r2_msgs/mocap4r2_msgs/msg/detail/markers__type_support.c\n'}
[24.627239] (mocap4r2_msgs) StdoutLine: {'line': b'-- Installing: /home/strain-drone/Documents/drone_position_hold/ros2_ws/src/install/mocap4r2_msgs/include/mocap4r2_msgs/mocap4r2_msgs/msg/rosidl_typesupport_introspection_c__visibility_control.h\n'}
[24.627375] (mocap4r2_msgs) StdoutLine: {'line': b'-- Installing: /home/strain-drone/Documents/drone_position_hold/ros2_ws/src/install/mocap4r2_msgs/lib/libmocap4r2_msgs__rosidl_typesupport_introspection_c.so\n'}
[24.627496] (mocap4r2_msgs) StdoutLine: {'line': b'-- Set non-toolchain portion of runtime path of "/home/strain-drone/Documents/drone_position_hold/ros2_ws/src/install/mocap4r2_msgs/lib/libmocap4r2_msgs__rosidl_typesupport_introspection_c.so" to ""\n'}
[24.627638] (mocap4r2_msgs) StdoutLine: {'line': b'-- Installing: /home/strain-drone/Documents/drone_position_hold/ros2_ws/src/install/mocap4r2_msgs/lib/libmocap4r2_msgs__rosidl_typesupport_c.so\n'}
[24.627756] (mocap4r2_msgs) StdoutLine: {'line': b'-- Set non-toolchain portion of runtime path of "/home/strain-drone/Documents/drone_position_hold/ros2_ws/src/install/mocap4r2_msgs/lib/libmocap4r2_msgs__rosidl_typesupport_c.so" to ""\n'}
[24.627872] (mocap4r2_msgs) StdoutLine: {'line': b'-- Up-to-date: /home/strain-drone/Documents/drone_position_hold/ros2_ws/src/install/mocap4r2_msgs/include/mocap4r2_msgs/mocap4r2_msgs\n'}
[24.627982] (mocap4r2_msgs) StdoutLine: {'line': b'-- Up-to-date: /home/strain-drone/Documents/drone_position_hold/ros2_ws/src/install/mocap4r2_msgs/include/mocap4r2_msgs/mocap4r2_msgs/msg\n'}
[24.628097] (mocap4r2_msgs) StdoutLine: {'line': b'-- Installing: /home/strain-drone/Documents/drone_position_hold/ros2_ws/src/install/mocap4r2_msgs/include/mocap4r2_msgs/mocap4r2_msgs/msg/imus_info.hpp\n'}
[24.628203] (mocap4r2_msgs) StdoutLine: {'line': b'-- Installing: /home/strain-drone/Documents/drone_position_hold/ros2_ws/src/install/mocap4r2_msgs/include/mocap4r2_msgs/mocap4r2_msgs/msg/markers.hpp\n'}
[24.628318] (mocap4r2_msgs) StdoutLine: {'line': b'-- Installing: /home/strain-drone/Documents/drone_position_hold/ros2_ws/src/install/mocap4r2_msgs/include/mocap4r2_msgs/mocap4r2_msgs/msg/marker.hpp\n'}
[24.632365] (mocap4r2_msgs) StdoutLine: {'line': b'-- Installing: /home/strain-drone/Documents/drone_position_hold/ros2_ws/src/install/mocap4r2_msgs/include/mocap4r2_msgs/mocap4r2_msgs/msg/rigid_body.hpp\n'}
[24.632526] (mocap4r2_msgs) StdoutLine: {'line': b'-- Up-to-date: /home/strain-drone/Documents/drone_position_hold/ros2_ws/src/install/mocap4r2_msgs/include/mocap4r2_msgs/mocap4r2_msgs/msg/detail\n'}
[24.632661] (mocap4r2_msgs) StdoutLine: {'line': b'-- Installing: /home/strain-drone/Documents/drone_position_hold/ros2_ws/src/install/mocap4r2_msgs/include/mocap4r2_msgs/mocap4r2_msgs/msg/detail/rigid_body__builder.hpp\n'}
[24.632782] (natnet_ros2) StdoutLine: {'line': b'-- Detecting C compiler ABI info - done\n'}
[24.632960] (mocap4r2_msgs) StdoutLine: {'line': b'-- Installing: /home/strain-drone/Documents/drone_position_hold/ros2_ws/src/install/mocap4r2_msgs/include/mocap4r2_msgs/mocap4r2_msgs/msg/detail/marker__builder.hpp\n'}
[24.633155] (mocap4r2_msgs) StdoutLine: {'line': b'-- Installing: /home/strain-drone/Documents/drone_position_hold/ros2_ws/src/install/mocap4r2_msgs/include/mocap4r2_msgs/mocap4r2_msgs/msg/detail/markers__type_support.hpp\n'}
[24.633407] (mocap4r2_msgs) StdoutLine: {'line': b'-- Installing: /home/strain-drone/Documents/drone_position_hold/ros2_ws/src/install/mocap4r2_msgs/include/mocap4r2_msgs/mocap4r2_msgs/msg/detail/imus_info__type_support.hpp\n'}
[24.633570] (mocap4r2_msgs) StdoutLine: {'line': b'-- Installing: /home/strain-drone/Documents/drone_position_hold/ros2_ws/src/install/mocap4r2_msgs/include/mocap4r2_msgs/mocap4r2_msgs/msg/detail/imus_info__builder.hpp\n'}
[24.633778] (mocap4r2_msgs) StdoutLine: {'line': b'-- Installing: /home/strain-drone/Documents/drone_position_hold/ros2_ws/src/install/mocap4r2_msgs/include/mocap4r2_msgs/mocap4r2_msgs/msg/detail/rigid_bodies__struct.hpp\n'}
[24.633895] (mocap4r2_msgs) StdoutLine: {'line': b'-- Installing: /home/strain-drone/Documents/drone_position_hold/ros2_ws/src/install/mocap4r2_msgs/include/mocap4r2_msgs/mocap4r2_msgs/msg/detail/imus_info__traits.hpp\n'}
[24.634002] (mocap4r2_msgs) StdoutLine: {'line': b'-- Installing: /home/strain-drone/Documents/drone_position_hold/ros2_ws/src/install/mocap4r2_msgs/include/mocap4r2_msgs/mocap4r2_msgs/msg/detail/rigid_body__struct.hpp\n'}
[24.634102] (mocap4r2_msgs) StdoutLine: {'line': b'-- Installing: /home/strain-drone/Documents/drone_position_hold/ros2_ws/src/install/mocap4r2_msgs/include/mocap4r2_msgs/mocap4r2_msgs/msg/detail/imus_info__struct.hpp\n'}
[24.634219] (mocap4r2_msgs) StdoutLine: {'line': b'-- Installing: /home/strain-drone/Documents/drone_position_hold/ros2_ws/src/install/mocap4r2_msgs/include/mocap4r2_msgs/mocap4r2_msgs/msg/detail/marker__type_support.hpp\n'}
[24.640699] (mocap4r2_msgs) StdoutLine: {'line': b'-- Installing: /home/strain-drone/Documents/drone_position_hold/ros2_ws/src/install/mocap4r2_msgs/include/mocap4r2_msgs/mocap4r2_msgs/msg/detail/markers__traits.hpp\n'}
[24.641218] (mocap4r2_msgs) StdoutLine: {'line': b'-- Installing: /home/strain-drone/Documents/drone_position_hold/ros2_ws/src/install/mocap4r2_msgs/include/mocap4r2_msgs/mocap4r2_msgs/msg/detail/rigid_body__traits.hpp\n'}
[24.641507] (mocap4r2_msgs) StdoutLine: {'line': b'-- Installing: /home/strain-drone/Documents/drone_position_hold/ros2_ws/src/install/mocap4r2_msgs/include/mocap4r2_msgs/mocap4r2_msgs/msg/detail/rigid_bodies__traits.hpp\n'}
[24.641689] (mocap4r2_msgs) StdoutLine: {'line': b'-- Installing: /home/strain-drone/Documents/drone_position_hold/ros2_ws/src/install/mocap4r2_msgs/include/mocap4r2_msgs/mocap4r2_msgs/msg/detail/markers__struct.hpp\n'}
[24.641852] (mocap4r2_msgs) StdoutLine: {'line': b'-- Installing: /home/strain-drone/Documents/drone_position_hold/ros2_ws/src/install/mocap4r2_msgs/include/mocap4r2_msgs/mocap4r2_msgs/msg/detail/marker__traits.hpp\n'}
[24.642003] (mocap4r2_msgs) StdoutLine: {'line': b'-- Installing: /home/strain-drone/Documents/drone_position_hold/ros2_ws/src/install/mocap4r2_msgs/include/mocap4r2_msgs/mocap4r2_msgs/msg/detail/rigid_bodies__builder.hpp\n'}
[24.642134] (mocap4r2_msgs) StdoutLine: {'line': b'-- Installing: /home/strain-drone/Documents/drone_position_hold/ros2_ws/src/install/mocap4r2_msgs/include/mocap4r2_msgs/mocap4r2_msgs/msg/detail/marker__struct.hpp\n'}
[24.642261] (mocap4r2_msgs) StdoutLine: {'line': b'-- Installing: /home/strain-drone/Documents/drone_position_hold/ros2_ws/src/install/mocap4r2_msgs/include/mocap4r2_msgs/mocap4r2_msgs/msg/detail/rigid_body__type_support.hpp\n'}
[24.642450] (mocap4r2_msgs) StdoutLine: {'line': b'-- Installing: /home/strain-drone/Documents/drone_position_hold/ros2_ws/src/install/mocap4r2_msgs/include/mocap4r2_msgs/mocap4r2_msgs/msg/detail/rigid_bodies__type_support.hpp\n'}
[24.642631] (mocap4r2_msgs) StdoutLine: {'line': b'-- Installing: /home/strain-drone/Documents/drone_position_hold/ros2_ws/src/install/mocap4r2_msgs/include/mocap4r2_msgs/mocap4r2_msgs/msg/detail/markers__builder.hpp\n'}
[24.642764] (mocap4r2_msgs) StdoutLine: {'line': b'-- Installing: /home/strain-drone/Documents/drone_position_hold/ros2_ws/src/install/mocap4r2_msgs/include/mocap4r2_msgs/mocap4r2_msgs/msg/rigid_bodies.hpp\n'}
[24.642877] (mocap4r2_msgs) StdoutLine: {'line': b'-- Installing: /home/strain-drone/Documents/drone_position_hold/ros2_ws/src/install/mocap4r2_msgs/include/mocap4r2_msgs/mocap4r2_msgs/msg/rosidl_generator_cpp__visibility_control.hpp\n'}
[24.642970] (mocap4r2_msgs) StdoutLine: {'line': b'-- Up-to-date: /home/strain-drone/Documents/drone_position_hold/ros2_ws/src/install/mocap4r2_msgs/include/mocap4r2_msgs/mocap4r2_msgs\n'}
[24.643059] (mocap4r2_msgs) StdoutLine: {'line': b'-- Up-to-date: /home/strain-drone/Documents/drone_position_hold/ros2_ws/src/install/mocap4r2_msgs/include/mocap4r2_msgs/mocap4r2_msgs/msg\n'}
[24.643160] (mocap4r2_msgs) StdoutLine: {'line': b'-- Up-to-date: /home/strain-drone/Documents/drone_position_hold/ros2_ws/src/install/mocap4r2_msgs/include/mocap4r2_msgs/mocap4r2_msgs/msg/detail\n'}
[24.643257] (mocap4r2_msgs) StdoutLine: {'line': b'-- Installing: /home/strain-drone/Documents/drone_position_hold/ros2_ws/src/install/mocap4r2_msgs/include/mocap4r2_msgs/mocap4r2_msgs/msg/detail/dds_fastrtps\n'}
[24.643413] (mocap4r2_msgs) StdoutLine: {'line': b'-- Installing: /home/strain-drone/Documents/drone_position_hold/ros2_ws/src/install/mocap4r2_msgs/include/mocap4r2_msgs/mocap4r2_msgs/msg/detail/rigid_bodies__rosidl_typesupport_fastrtps_cpp.hpp\n'}
[24.643576] (mocap4r2_msgs) StdoutLine: {'line': b'-- Installing: /home/strain-drone/Documents/drone_position_hold/ros2_ws/src/install/mocap4r2_msgs/include/mocap4r2_msgs/mocap4r2_msgs/msg/detail/imus_info__rosidl_typesupport_fastrtps_cpp.hpp\n'}
[24.643725] (mocap4r2_msgs) StdoutLine: {'line': b'-- Installing: /home/strain-drone/Documents/drone_position_hold/ros2_ws/src/install/mocap4r2_msgs/include/mocap4r2_msgs/mocap4r2_msgs/msg/detail/markers__rosidl_typesupport_fastrtps_cpp.hpp\n'}
[24.643867] (mocap4r2_msgs) StdoutLine: {'line': b'-- Installing: /home/strain-drone/Documents/drone_position_hold/ros2_ws/src/install/mocap4r2_msgs/include/mocap4r2_msgs/mocap4r2_msgs/msg/detail/rigid_body__rosidl_typesupport_fastrtps_cpp.hpp\n'}
[24.644025] (mocap4r2_msgs) StdoutLine: {'line': b'-- Installing: /home/strain-drone/Documents/drone_position_hold/ros2_ws/src/install/mocap4r2_msgs/include/mocap4r2_msgs/mocap4r2_msgs/msg/detail/marker__rosidl_typesupport_fastrtps_cpp.hpp\n'}
[24.644211] (mocap4r2_msgs) StdoutLine: {'line': b'-- Installing: /home/strain-drone/Documents/drone_position_hold/ros2_ws/src/install/mocap4r2_msgs/include/mocap4r2_msgs/mocap4r2_msgs/msg/rosidl_typesupport_fastrtps_cpp__visibility_control.h\n'}
[24.650607] (-) TimerEvent: {}
[24.650854] (mocap4r2_msgs) StdoutLine: {'line': b'-- Installing: /home/strain-drone/Documents/drone_position_hold/ros2_ws/src/install/mocap4r2_msgs/lib/libmocap4r2_msgs__rosidl_typesupport_fastrtps_cpp.so\n'}
[24.651085] (mocap4r2_msgs) StdoutLine: {'line': b'-- Set non-toolchain portion of runtime path of "/home/strain-drone/Documents/drone_position_hold/ros2_ws/src/install/mocap4r2_msgs/lib/libmocap4r2_msgs__rosidl_typesupport_fastrtps_cpp.so" to ""\n'}
[24.651238] (mocap4r2_msgs) StdoutLine: {'line': b'-- Up-to-date: /home/strain-drone/Documents/drone_position_hold/ros2_ws/src/install/mocap4r2_msgs/include/mocap4r2_msgs/mocap4r2_msgs\n'}
[24.651449] (mocap4r2_msgs) StdoutLine: {'line': b'-- Up-to-date: /home/strain-drone/Documents/drone_position_hold/ros2_ws/src/install/mocap4r2_msgs/include/mocap4r2_msgs/mocap4r2_msgs/msg\n'}
[24.651582] (mocap4r2_msgs) StdoutLine: {'line': b'-- Up-to-date: /home/strain-drone/Documents/drone_position_hold/ros2_ws/src/install/mocap4r2_msgs/include/mocap4r2_msgs/mocap4r2_msgs/msg/detail\n'}
[24.651680] (mocap4r2_msgs) StdoutLine: {'line': b'-- Installing: /home/strain-drone/Documents/drone_position_hold/ros2_ws/src/install/mocap4r2_msgs/include/mocap4r2_msgs/mocap4r2_msgs/msg/detail/rigid_bodies__rosidl_typesupport_introspection_cpp.hpp\n'}
[24.651789] (mocap4r2_msgs) StdoutLine: {'line': b'-- Installing: /home/strain-drone/Documents/drone_position_hold/ros2_ws/src/install/mocap4r2_msgs/include/mocap4r2_msgs/mocap4r2_msgs/msg/detail/rigid_bodies__type_support.cpp\n'}
[24.651923] (mocap4r2_msgs) StdoutLine: {'line': b'-- Installing: /home/strain-drone/Documents/drone_position_hold/ros2_ws/src/install/mocap4r2_msgs/include/mocap4r2_msgs/mocap4r2_msgs/msg/detail/rigid_body__rosidl_typesupport_introspection_cpp.hpp\n'}
[24.652055] (mocap4r2_msgs) StdoutLine: {'line': b'-- Installing: /home/strain-drone/Documents/drone_position_hold/ros2_ws/src/install/mocap4r2_msgs/include/mocap4r2_msgs/mocap4r2_msgs/msg/detail/markers__type_support.cpp\n'}
[24.652175] (mocap4r2_msgs) StdoutLine: {'line': b'-- Installing: /home/strain-drone/Documents/drone_position_hold/ros2_ws/src/install/mocap4r2_msgs/include/mocap4r2_msgs/mocap4r2_msgs/msg/detail/markers__rosidl_typesupport_introspection_cpp.hpp\n'}
[24.652293] (mocap4r2_msgs) StdoutLine: {'line': b'-- Installing: /home/strain-drone/Documents/drone_position_hold/ros2_ws/src/install/mocap4r2_msgs/include/mocap4r2_msgs/mocap4r2_msgs/msg/detail/imus_info__type_support.cpp\n'}
[24.652451] (mocap4r2_msgs) StdoutLine: {'line': b'-- Installing: /home/strain-drone/Documents/drone_position_hold/ros2_ws/src/install/mocap4r2_msgs/include/mocap4r2_msgs/mocap4r2_msgs/msg/detail/marker__type_support.cpp\n'}
[24.652553] (mocap4r2_msgs) StdoutLine: {'line': b'-- Installing: /home/strain-drone/Documents/drone_position_hold/ros2_ws/src/install/mocap4r2_msgs/include/mocap4r2_msgs/mocap4r2_msgs/msg/detail/marker__rosidl_typesupport_introspection_cpp.hpp\n'}
[24.652646] (mocap4r2_msgs) StdoutLine: {'line': b'-- Installing: /home/strain-drone/Documents/drone_position_hold/ros2_ws/src/install/mocap4r2_msgs/include/mocap4r2_msgs/mocap4r2_msgs/msg/detail/rigid_body__type_support.cpp\n'}
[24.652766] (mocap4r2_msgs) StdoutLine: {'line': b'-- Installing: /home/strain-drone/Documents/drone_position_hold/ros2_ws/src/install/mocap4r2_msgs/include/mocap4r2_msgs/mocap4r2_msgs/msg/detail/imus_info__rosidl_typesupport_introspection_cpp.hpp\n'}
[24.652858] (mocap4r2_msgs) StdoutLine: {'line': b'-- Installing: /home/strain-drone/Documents/drone_position_hold/ros2_ws/src/install/mocap4r2_msgs/lib/libmocap4r2_msgs__rosidl_typesupport_introspection_cpp.so\n'}
[24.652970] (mocap4r2_msgs) StdoutLine: {'line': b'-- Set non-toolchain portion of runtime path of "/home/strain-drone/Documents/drone_position_hold/ros2_ws/src/install/mocap4r2_msgs/lib/libmocap4r2_msgs__rosidl_typesupport_introspection_cpp.so" to ""\n'}
[24.653071] (mocap4r2_msgs) StdoutLine: {'line': b'-- Installing: /home/strain-drone/Documents/drone_position_hold/ros2_ws/src/install/mocap4r2_msgs/lib/libmocap4r2_msgs__rosidl_typesupport_cpp.so\n'}
[24.653161] (mocap4r2_msgs) StdoutLine: {'line': b'-- Set non-toolchain portion of runtime path of "/home/strain-drone/Documents/drone_position_hold/ros2_ws/src/install/mocap4r2_msgs/lib/libmocap4r2_msgs__rosidl_typesupport_cpp.so" to ""\n'}
[24.653274] (mocap4r2_msgs) StdoutLine: {'line': b'-- Installing: /home/strain-drone/Documents/drone_position_hold/ros2_ws/src/install/mocap4r2_msgs/share/mocap4r2_msgs/environment/pythonpath.sh\n'}
[24.659719] (mocap4r2_msgs) StdoutLine: {'line': b'-- Installing: /home/strain-drone/Documents/drone_position_hold/ros2_ws/src/install/mocap4r2_msgs/share/mocap4r2_msgs/environment/pythonpath.dsv\n'}
[24.659898] (mocap4r2_msgs) StdoutLine: {'line': b'-- Installing: /home/strain-drone/Documents/drone_position_hold/ros2_ws/src/install/mocap4r2_msgs/lib/python3.12/site-packages/mocap4r2_msgs-0.0.3-py3.12.egg-info\n'}
[24.660018] (mocap4r2_msgs) StdoutLine: {'line': b'-- Installing: /home/strain-drone/Documents/drone_position_hold/ros2_ws/src/install/mocap4r2_msgs/lib/python3.12/site-packages/mocap4r2_msgs-0.0.3-py3.12.egg-info/dependency_links.txt\n'}
[24.660125] (mocap4r2_msgs) StdoutLine: {'line': b'-- Installing: /home/strain-drone/Documents/drone_position_hold/ros2_ws/src/install/mocap4r2_msgs/lib/python3.12/site-packages/mocap4r2_msgs-0.0.3-py3.12.egg-info/PKG-INFO\n'}
[24.660230] (mocap4r2_msgs) StdoutLine: {'line': b'-- Installing: /home/strain-drone/Documents/drone_position_hold/ros2_ws/src/install/mocap4r2_msgs/lib/python3.12/site-packages/mocap4r2_msgs-0.0.3-py3.12.egg-info/top_level.txt\n'}
[24.660366] (mocap4r2_msgs) StdoutLine: {'line': b'-- Installing: /home/strain-drone/Documents/drone_position_hold/ros2_ws/src/install/mocap4r2_msgs/lib/python3.12/site-packages/mocap4r2_msgs-0.0.3-py3.12.egg-info/SOURCES.txt\n'}
[24.660511] (mocap4r2_msgs) StdoutLine: {'line': b'-- Installing: /home/strain-drone/Documents/drone_position_hold/ros2_ws/src/install/mocap4r2_msgs/lib/python3.12/site-packages/mocap4r2_msgs\n'}
[24.660612] (mocap4r2_msgs) StdoutLine: {'line': b'-- Installing: /home/strain-drone/Documents/drone_position_hold/ros2_ws/src/install/mocap4r2_msgs/lib/python3.12/site-packages/mocap4r2_msgs/mocap4r2_msgs_s__rosidl_typesupport_fastrtps_c.so\n'}
[24.660701] (mocap4r2_msgs) StdoutLine: {'line': b'-- Installing: /home/strain-drone/Documents/drone_position_hold/ros2_ws/src/install/mocap4r2_msgs/lib/python3.12/site-packages/mocap4r2_msgs/_mocap4r2_msgs_s.ep.rosidl_typesupport_c.c\n'}
[24.660788] (mocap4r2_msgs) StdoutLine: {'line': b'-- Installing: /home/strain-drone/Documents/drone_position_hold/ros2_ws/src/install/mocap4r2_msgs/lib/python3.12/site-packages/mocap4r2_msgs/_mocap4r2_msgs_s.ep.rosidl_typesupport_introspection_c.c\n'}
[24.660885] (mocap4r2_msgs) StdoutLine: {'line': b'-- Installing: /home/strain-drone/Documents/drone_position_hold/ros2_ws/src/install/mocap4r2_msgs/lib/python3.12/site-packages/mocap4r2_msgs/mocap4r2_msgs_s__rosidl_typesupport_c.so\n'}
[24.660978] (mocap4r2_msgs) StdoutLine: {'line': b'-- Installing: /home/strain-drone/Documents/drone_position_hold/ros2_ws/src/install/mocap4r2_msgs/lib/python3.12/site-packages/mocap4r2_msgs/__init__.py\n'}
[24.661122] (mocap4r2_msgs) StdoutLine: {'line': b'-- Installing: /home/strain-drone/Documents/drone_position_hold/ros2_ws/src/install/mocap4r2_msgs/lib/python3.12/site-packages/mocap4r2_msgs/mocap4r2_msgs_s__rosidl_typesupport_introspection_c.so\n'}
[24.661223] (mocap4r2_msgs) StdoutLine: {'line': b'-- Installing: /home/strain-drone/Documents/drone_position_hold/ros2_ws/src/install/mocap4r2_msgs/lib/python3.12/site-packages/mocap4r2_msgs/msg\n'}
[24.661313] (mocap4r2_msgs) StdoutLine: {'line': b'-- Installing: /home/strain-drone/Documents/drone_position_hold/ros2_ws/src/install/mocap4r2_msgs/lib/python3.12/site-packages/mocap4r2_msgs/msg/_rigid_bodies_s.c\n'}
[24.661450] (mocap4r2_msgs) StdoutLine: {'line': b'-- Installing: /home/strain-drone/Documents/drone_position_hold/ros2_ws/src/install/mocap4r2_msgs/lib/python3.12/site-packages/mocap4r2_msgs/msg/_rigid_body.py\n'}
[24.661544] (mocap4r2_msgs) StdoutLine: {'line': b'-- Installing: /home/strain-drone/Documents/drone_position_hold/ros2_ws/src/install/mocap4r2_msgs/lib/python3.12/site-packages/mocap4r2_msgs/msg/_markers_s.c\n'}
[24.661654] (mocap4r2_msgs) StdoutLine: {'line': b'-- Installing: /home/strain-drone/Documents/drone_position_hold/ros2_ws/src/install/mocap4r2_msgs/lib/python3.12/site-packages/mocap4r2_msgs/msg/_imus_info_s.c\n'}
[24.661800] (mocap4r2_msgs) StdoutLine: {'line': b'-- Installing: /home/strain-drone/Documents/drone_position_hold/ros2_ws/src/install/mocap4r2_msgs/lib/python3.12/site-packages/mocap4r2_msgs/msg/_rigid_bodies.py\n'}
[24.661942] (mocap4r2_msgs) StdoutLine: {'line': b'-- Installing: /home/strain-drone/Documents/drone_position_hold/ros2_ws/src/install/mocap4r2_msgs/lib/python3.12/site-packages/mocap4r2_msgs/msg/_marker.py\n'}
[24.662058] (mocap4r2_msgs) StdoutLine: {'line': b'-- Installing: /home/strain-drone/Documents/drone_position_hold/ros2_ws/src/install/mocap4r2_msgs/lib/python3.12/site-packages/mocap4r2_msgs/msg/__init__.py\n'}
[24.662164] (mocap4r2_msgs) StdoutLine: {'line': b'-- Installing: /home/strain-drone/Documents/drone_position_hold/ros2_ws/src/install/mocap4r2_msgs/lib/python3.12/site-packages/mocap4r2_msgs/msg/_imus_info.py\n'}
[24.662267] (mocap4r2_msgs) StdoutLine: {'line': b'-- Installing: /home/strain-drone/Documents/drone_position_hold/ros2_ws/src/install/mocap4r2_msgs/lib/python3.12/site-packages/mocap4r2_msgs/msg/_markers.py\n'}
[24.668723] (mocap4r2_msgs) StdoutLine: {'line': b'-- Installing: /home/strain-drone/Documents/drone_position_hold/ros2_ws/src/install/mocap4r2_msgs/lib/python3.12/site-packages/mocap4r2_msgs/msg/_rigid_body_s.c\n'}
[24.668990] (mocap4r2_msgs) StdoutLine: {'line': b'-- Installing: /home/strain-drone/Documents/drone_position_hold/ros2_ws/src/install/mocap4r2_msgs/lib/python3.12/site-packages/mocap4r2_msgs/msg/_marker_s.c\n'}
[24.669117] (mocap4r2_msgs) StdoutLine: {'line': b'-- Installing: /home/strain-drone/Documents/drone_position_hold/ros2_ws/src/install/mocap4r2_msgs/lib/python3.12/site-packages/mocap4r2_msgs/_mocap4r2_msgs_s.ep.rosidl_typesupport_fastrtps_c.c\n'}
[24.669231] (mocap4r2_control) StdoutLine: {'line': b'-- Detecting CXX compiler ABI info - done\n'}
[24.669454] (mocap4r2_control) StdoutLine: {'line': b'-- Check for working CXX compiler: /usr/lib/ccache/c++ - skipped\n'}
[24.669589] (mocap4r2_control) StdoutLine: {'line': b'-- Detecting CXX compile features\n'}
[24.669699] (mocap4r2_control) StdoutLine: {'line': b'-- Detecting CXX compile features - done\n'}
[24.669810] (natnet_ros2) StdoutLine: {'line': b'-- Check for working C compiler: /usr/lib/ccache/cc - skipped\n'}
[24.669977] (natnet_ros2) StdoutLine: {'line': b'-- Detecting C compile features\n'}
[24.672459] (natnet_ros2) StdoutLine: {'line': b'-- Detecting C compile features - done\n'}
[24.672819] (mocap4r2_control) StdoutLine: {'line': b'-- Found ament_cmake: 2.5.4 (/opt/ros/jazzy/share/ament_cmake/cmake)\n'}
[24.708006] (natnet_ros2) StdoutLine: {'line': b'-- Detecting CXX compiler ABI info\n'}
[24.720103] (mavros_config) Command: {'cmd': ['/usr/bin/python3', '-W', 'ignore:setup.py install is deprecated', '-W', 'ignore:easy_install command is deprecated', 'setup.py', 'egg_info', '--egg-base', '../build/mavros_config', 'build', '--build-base', '/home/strain-drone/Documents/drone_position_hold/ros2_ws/src/build/mavros_config/build', 'install', '--record', '/home/strain-drone/Documents/drone_position_hold/ros2_ws/src/build/mavros_config/install.log', '--single-version-externally-managed', 'install_data'], 'cwd': '/home/strain-drone/Documents/drone_position_hold/ros2_ws/src/mavros_config', 'env': {'LESSOPEN': '| /usr/bin/lesspipe %s', 'USER': 'strain-drone', 'SSH_CLIENT': '100.125.10.128 53782 22', 'XDG_SESSION_TYPE': 'tty', 'GIT_ASKPASS': '/home/strain-drone/.vscode-server/cli/servers/Stable-b6a47e94e326b5c209d118cf0f994d6065585705/server/extensions/git/dist/askpass.sh', 'SHLVL': '2', 'LD_LIBRARY_PATH': '/opt/ros/jazzy/opt/rviz_ogre_vendor/lib:/opt/ros/jazzy/lib/aarch64-linux-gnu:/opt/ros/jazzy/opt/gz_math_vendor/lib:/opt/ros/jazzy/opt/gz_utils_vendor/lib:/opt/ros/jazzy/opt/gz_cmake_vendor/lib:/opt/ros/jazzy/lib:/home/strain-drone/Documents/drone_position_hold/ros2_ws/src/natnet_ros2/deps/NatNetSDK/lib:/home/strain-drone/Documents/drone_position_hold/ros2_ws/src/natnet_ros2/deps/NatNetSDK/lib', 'BROWSER': '/home/strain-drone/.vscode-server/cli/servers/Stable-b6a47e94e326b5c209d118cf0f994d6065585705/server/bin/helpers/browser.sh', 'HOME': '/home/strain-drone', 'TERM_PROGRAM_VERSION': '1.109.3', 'VSCODE_IPC_HOOK_CLI': '/run/user/1002/vscode-ipc-7f844f56-ced9-4e8e-9017-09603271f316.sock', 'ROS_PYTHON_VERSION': '3', 'VSCODE_GIT_ASKPASS_MAIN': '/home/strain-drone/.vscode-server/cli/servers/Stable-b6a47e94e326b5c209d118cf0f994d6065585705/server/extensions/git/dist/askpass-main.js', 'PS1': '\\[\x1b]633;A\x07\\]\\[\\e]0;\\u@\\h: \\w\\a\\]${debian_chroot:+($debian_chroot)}\\[\\033[01;32m\\]\\u@\\h\\[\\033[00m\\]:\\[\\033[01;34m\\]\\w\\[\\033[00m\\]\\$ \\[\x1b]633;B\x07\\]', 'VSCODE_GIT_ASKPASS_NODE': '/home/strain-drone/.vscode-server/cli/servers/Stable-b6a47e94e326b5c209d118cf0f994d6065585705/server/node', 'SSL_CERT_FILE': '/usr/lib/ssl/cert.pem', 'VSCODE_PYTHON_AUTOACTIVATE_GUARD': '1', 'DBUS_SESSION_BUS_ADDRESS': 'unix:path=/run/user/1002/bus', 'COLORTERM': 'truecolor', 'DEBUGINFOD_URLS': 'https://debuginfod.ubuntu.com', 'ROS_DISTRO': 'jazzy', 'LOGNAME': 'strain-drone', '_': '/usr/bin/colcon', 'ROS_VERSION': '2', 'XDG_SESSION_CLASS': 'user', 'TERM': 'xterm-256color', 'XDG_SESSION_ID': '12', 'PATH': '/home/strain-drone/.vscode-server/data/User/globalStorage/github.copilot-chat/debugCommand:/home/strain-drone/.vscode-server/data/User/globalStorage/github.copilot-chat/copilotCli:/home/strain-drone/.vscode-server/cli/servers/Stable-b6a47e94e326b5c209d118cf0f994d6065585705/server/bin/remote-cli:/usr/lib/ccache:/home/strain-drone/Documents/ardupilot/Tools/autotest:/opt/gcc-arm-none-eabi-10-2020-q4-major/bin:/home/strain-drone/venv-ardupilot/bin:/home/strain-drone/.local/bin:/opt/ros/jazzy/bin:/usr/lib/ccache:/home/strain-drone/Documents/ardupilot/Tools/autotest:/opt/gcc-arm-none-eabi-10-2020-q4-major/bin:/home/strain-drone/venv-ardupilot/bin:/home/strain-drone/.local/bin:/usr/local/sbin:/usr/local/bin:/usr/sbin:/usr/bin:/sbin:/bin:/usr/games:/usr/local/games:/snap/bin:/home/strain-drone/.local/bin:/home/strain-drone/.local/bin:/home/strain-drone/.local/bin:/home/strain-drone/.local/bin', 'XDG_RUNTIME_DIR': '/run/user/1002', 'SSL_CERT_DIR': '/usr/lib/ssl/certs', 'LANG': 'en_US.UTF-8', 'VIRTUAL_ENV_PROMPT': '(venv-ardupilot)', 'LS_COLORS': 'rs=0:di=01;34:ln=01;36:mh=00:pi=40;33:so=01;35:do=01;35:bd=40;33;01:cd=40;33;01:or=40;31;01:mi=00:su=37;41:sg=30;43:ca=00:tw=30;42:ow=34;42:st=37;44:ex=01;32:*.tar=01;31:*.tgz=01;31:*.arc=01;31:*.arj=01;31:*.taz=01;31:*.lha=01;31:*.lz4=01;31:*.lzh=01;31:*.lzma=01;31:*.tlz=01;31:*.txz=01;31:*.tzo=01;31:*.t7z=01;31:*.zip=01;31:*.z=01;31:*.dz=01;31:*.gz=01;31:*.lrz=01;31:*.lz=01;31:*.lzo=01;31:*.xz=01;31:*.zst=01;31:*.tzst=01;31:*.bz2=01;31:*.bz=01;31:*.tbz=01;31:*.tbz2=01;31:*.tz=01;31:*.deb=01;31:*.rpm=01;31:*.jar=01;31:*.war=01;31:*.ear=01;31:*.sar=01;31:*.rar=01;31:*.alz=01;31:*.ace=01;31:*.zoo=01;31:*.cpio=01;31:*.7z=01;31:*.rz=01;31:*.cab=01;31:*.wim=01;31:*.swm=01;31:*.dwm=01;31:*.esd=01;31:*.avif=01;35:*.jpg=01;35:*.jpeg=01;35:*.mjpg=01;35:*.mjpeg=01;35:*.gif=01;35:*.bmp=01;35:*.pbm=01;35:*.pgm=01;35:*.ppm=01;35:*.tga=01;35:*.xbm=01;35:*.xpm=01;35:*.tif=01;35:*.tiff=01;35:*.png=01;35:*.svg=01;35:*.svgz=01;35:*.mng=01;35:*.pcx=01;35:*.mov=01;35:*.mpg=01;35:*.mpeg=01;35:*.m2v=01;35:*.mkv=01;35:*.webm=01;35:*.webp=01;35:*.ogm=01;35:*.mp4=01;35:*.m4v=01;35:*.mp4v=01;35:*.vob=01;35:*.qt=01;35:*.nuv=01;35:*.wmv=01;35:*.asf=01;35:*.rm=01;35:*.rmvb=01;35:*.flc=01;35:*.avi=01;35:*.fli=01;35:*.flv=01;35:*.gl=01;35:*.dl=01;35:*.xcf=01;35:*.xwd=01;35:*.yuv=01;35:*.cgm=01;35:*.emf=01;35:*.ogv=01;35:*.ogx=01;35:*.aac=00;36:*.au=00;36:*.flac=00;36:*.m4a=00;36:*.mid=00;36:*.midi=00;36:*.mka=00;36:*.mp3=00;36:*.mpc=00;36:*.ogg=00;36:*.ra=00;36:*.wav=00;36:*.oga=00;36:*.opus=00;36:*.spx=00;36:*.xspf=00;36:*~=00;90:*#=00;90:*.bak=00;90:*.crdownload=00;90:*.dpkg-dist=00;90:*.dpkg-new=00;90:*.dpkg-old=00;90:*.dpkg-tmp=00;90:*.old=00;90:*.orig=00;90:*.part=00;90:*.rej=00;90:*.rpmnew=00;90:*.rpmorig=00;90:*.rpmsave=00;90:*.swp=00;90:*.tmp=00;90:*.ucf-dist=00;90:*.ucf-new=00;90:*.ucf-old=00;90:', 'VSCODE_GIT_IPC_HANDLE': '/run/user/1002/vscode-git-227cc40744.sock', 'TERM_PROGRAM': 'vscode', 'ROS_DOMAIN_ID': '1', 'AMENT_PREFIX_PATH': '/opt/ros/jazzy', 'SHELL': '/bin/bash', 'LESSCLOSE': '/usr/bin/lesspipe %s %s', 'VIRTUAL_ENV': '/home/strain-drone/venv-ardupilot', 'ROS_AUTOMATIC_DISCOVERY_RANGE': 'SUBNET', 'VSCODE_GIT_ASKPASS_EXTRA_ARGS': '', 'PWD': '/home/strain-drone/Documents/drone_position_hold/ros2_ws/src/build/mavros_config', 'LC_ALL': 'en_US.UTF-8', 'SSH_CONNECTION': '100.125.10.128 53782 100.96.124.69 22', 'XDG_DATA_DIRS': '/usr/share/gnome:/usr/local/share:/usr/share:/var/lib/snapd/desktop', 'PYTHONPATH': '/home/strain-drone/Documents/drone_position_hold/ros2_ws/src/build/mavros_config/prefix_override:/usr/lib/python3/dist-packages/colcon_core/task/python/colcon_distutils_commands:/home/strain-drone/Documents/drone_position_hold/ros2_ws/src/install/mavros_config/lib/python3.12/site-packages:/opt/ros/jazzy/lib/python3.12/site-packages', 'COLCON': '1', 'CMAKE_PREFIX_PATH': '/opt/ros/jazzy/opt/gz_math_vendor:/opt/ros/jazzy/opt/gz_utils_vendor:/opt/ros/jazzy/opt/gz_cmake_vendor'}, 'shell': False}
[24.739077] (mocap4r2_msgs) StdoutLine: {'line': b"Listing '/home/strain-drone/Documents/drone_position_hold/ros2_ws/src/install/mocap4r2_msgs/lib/python3.12/site-packages/mocap4r2_msgs'...\n"}
[24.739550] (mocap4r2_msgs) StdoutLine: {'line': b"Compiling '/home/strain-drone/Documents/drone_position_hold/ros2_ws/src/install/mocap4r2_msgs/lib/python3.12/site-packages/mocap4r2_msgs/__init__.py'...\n"}
[24.739717] (mocap4r2_msgs) StdoutLine: {'line': b"Listing '/home/strain-drone/Documents/drone_position_hold/ros2_ws/src/install/mocap4r2_msgs/lib/python3.12/site-packages/mocap4r2_msgs/msg'...\n"}
[24.739845] (mocap4r2_msgs) StdoutLine: {'line': b"Compiling '/home/strain-drone/Documents/drone_position_hold/ros2_ws/src/install/mocap4r2_msgs/lib/python3.12/site-packages/mocap4r2_msgs/msg/__init__.py'...\n"}
[24.740002] (mocap4r2_msgs) StdoutLine: {'line': b"Compiling '/home/strain-drone/Documents/drone_position_hold/ros2_ws/src/install/mocap4r2_msgs/lib/python3.12/site-packages/mocap4r2_msgs/msg/_imus_info.py'...\n"}
[24.740165] (mocap4r2_msgs) StdoutLine: {'line': b"Compiling '/home/strain-drone/Documents/drone_position_hold/ros2_ws/src/install/mocap4r2_msgs/lib/python3.12/site-packages/mocap4r2_msgs/msg/_marker.py'...\n"}
[24.740307] (mocap4r2_msgs) StdoutLine: {'line': b"Compiling '/home/strain-drone/Documents/drone_position_hold/ros2_ws/src/install/mocap4r2_msgs/lib/python3.12/site-packages/mocap4r2_msgs/msg/_markers.py'...\n"}
[24.740513] (mocap4r2_msgs) StdoutLine: {'line': b"Compiling '/home/strain-drone/Documents/drone_position_hold/ros2_ws/src/install/mocap4r2_msgs/lib/python3.12/site-packages/mocap4r2_msgs/msg/_rigid_bodies.py'...\n"}
[24.740714] (mocap4r2_msgs) StdoutLine: {'line': b"Compiling '/home/strain-drone/Documents/drone_position_hold/ros2_ws/src/install/mocap4r2_msgs/lib/python3.12/site-packages/mocap4r2_msgs/msg/_rigid_body.py'...\n"}
[24.752065] (-) TimerEvent: {}
[24.764817] (mocap4r2_msgs) StdoutLine: {'line': b'-- Installing: /home/strain-drone/Documents/drone_position_hold/ros2_ws/src/install/mocap4r2_msgs/lib/python3.12/site-packages/mocap4r2_msgs/mocap4r2_msgs_s__rosidl_typesupport_fastrtps_c.so\n'}
[24.765600] (mocap4r2_msgs) StdoutLine: {'line': b'-- Set non-toolchain portion of runtime path of "/home/strain-drone/Documents/drone_position_hold/ros2_ws/src/install/mocap4r2_msgs/lib/python3.12/site-packages/mocap4r2_msgs/mocap4r2_msgs_s__rosidl_typesupport_fastrtps_c.so" to ""\n'}
[24.766098] (mocap4r2_msgs) StdoutLine: {'line': b'-- Installing: /home/strain-drone/Documents/drone_position_hold/ros2_ws/src/install/mocap4r2_msgs/lib/python3.12/site-packages/mocap4r2_msgs/mocap4r2_msgs_s__rosidl_typesupport_introspection_c.so\n'}
[24.766932] (mocap4r2_msgs) StdoutLine: {'line': b'-- Set non-toolchain portion of runtime path of "/home/strain-drone/Documents/drone_position_hold/ros2_ws/src/install/mocap4r2_msgs/lib/python3.12/site-packages/mocap4r2_msgs/mocap4r2_msgs_s__rosidl_typesupport_introspection_c.so" to ""\n'}
[24.767425] (mocap4r2_msgs) StdoutLine: {'line': b'-- Installing: /home/strain-drone/Documents/drone_position_hold/ros2_ws/src/install/mocap4r2_msgs/lib/python3.12/site-packages/mocap4r2_msgs/mocap4r2_msgs_s__rosidl_typesupport_c.so\n'}
[24.768171] (mocap4r2_msgs) StdoutLine: {'line': b'-- Set non-toolchain portion of runtime path of "/home/strain-drone/Documents/drone_position_hold/ros2_ws/src/install/mocap4r2_msgs/lib/python3.12/site-packages/mocap4r2_msgs/mocap4r2_msgs_s__rosidl_typesupport_c.so" to ""\n'}
[24.768616] (mocap4r2_msgs) StdoutLine: {'line': b'-- Installing: /home/strain-drone/Documents/drone_position_hold/ros2_ws/src/install/mocap4r2_msgs/lib/libmocap4r2_msgs__rosidl_generator_py.so\n'}
[24.769892] (mocap4r2_msgs) StdoutLine: {'line': b'-- Set non-toolchain portion of runtime path of "/home/strain-drone/Documents/drone_position_hold/ros2_ws/src/install/mocap4r2_msgs/lib/libmocap4r2_msgs__rosidl_generator_py.so" to ""\n'}
[24.770163] (mocap4r2_msgs) StdoutLine: {'line': b'-- Installing: /home/strain-drone/Documents/drone_position_hold/ros2_ws/src/install/mocap4r2_msgs/share/mocap4r2_msgs/msg/Marker.idl\n'}
[24.770355] (mocap4r2_msgs) StdoutLine: {'line': b'-- Installing: /home/strain-drone/Documents/drone_position_hold/ros2_ws/src/install/mocap4r2_msgs/share/mocap4r2_msgs/msg/Markers.idl\n'}
[24.770848] (mocap4r2_msgs) StdoutLine: {'line': b'-- Installing: /home/strain-drone/Documents/drone_position_hold/ros2_ws/src/install/mocap4r2_msgs/share/mocap4r2_msgs/msg/ImusInfo.idl\n'}
[24.771289] (mocap4r2_msgs) StdoutLine: {'line': b'-- Installing: /home/strain-drone/Documents/drone_position_hold/ros2_ws/src/install/mocap4r2_msgs/share/mocap4r2_msgs/msg/RigidBody.idl\n'}
[24.771890] (mocap4r2_msgs) StdoutLine: {'line': b'-- Installing: /home/strain-drone/Documents/drone_position_hold/ros2_ws/src/install/mocap4r2_msgs/share/mocap4r2_msgs/msg/RigidBodies.idl\n'}
[24.772406] (mocap4r2_msgs) StdoutLine: {'line': b'-- Installing: /home/strain-drone/Documents/drone_position_hold/ros2_ws/src/install/mocap4r2_msgs/share/mocap4r2_msgs/msg/Marker.msg\n'}
[24.772552] (mocap4r2_msgs) StdoutLine: {'line': b'-- Installing: /home/strain-drone/Documents/drone_position_hold/ros2_ws/src/install/mocap4r2_msgs/share/mocap4r2_msgs/msg/Markers.msg\n'}
[24.773197] (mocap4r2_msgs) StdoutLine: {'line': b'-- Installing: /home/strain-drone/Documents/drone_position_hold/ros2_ws/src/install/mocap4r2_msgs/share/mocap4r2_msgs/msg/ImusInfo.msg\n'}
[24.773784] (mocap4r2_msgs) StdoutLine: {'line': b'-- Installing: /home/strain-drone/Documents/drone_position_hold/ros2_ws/src/install/mocap4r2_msgs/share/mocap4r2_msgs/msg/RigidBody.msg\n'}
[24.774218] (mocap4r2_msgs) StdoutLine: {'line': b'-- Installing: /home/strain-drone/Documents/drone_position_hold/ros2_ws/src/install/mocap4r2_msgs/share/mocap4r2_msgs/msg/RigidBodies.msg\n'}
[24.774840] (mocap4r2_msgs) StdoutLine: {'line': b'-- Installing: /home/strain-drone/Documents/drone_position_hold/ros2_ws/src/install/mocap4r2_msgs/share/mocap4r2_msgs/mocap4r2_bridge_mapping_rule.yaml\n'}
[24.775507] (mocap4r2_msgs) StdoutLine: {'line': b'-- Installing: /home/strain-drone/Documents/drone_position_hold/ros2_ws/src/install/mocap4r2_msgs/share/ament_index/resource_index/package_run_dependencies/mocap4r2_msgs\n'}
[24.776092] (mocap4r2_msgs) StdoutLine: {'line': b'-- Installing: /home/strain-drone/Documents/drone_position_hold/ros2_ws/src/install/mocap4r2_msgs/share/ament_index/resource_index/parent_prefix_path/mocap4r2_msgs\n'}
[24.776230] (mocap4r2_msgs) StdoutLine: {'line': b'-- Installing: /home/strain-drone/Documents/drone_position_hold/ros2_ws/src/install/mocap4r2_msgs/share/mocap4r2_msgs/environment/ament_prefix_path.sh\n'}
[24.777523] (mocap4r2_msgs) StdoutLine: {'line': b'-- Installing: /home/strain-drone/Documents/drone_position_hold/ros2_ws/src/install/mocap4r2_msgs/share/mocap4r2_msgs/environment/ament_prefix_path.dsv\n'}
[24.777794] (mocap4r2_msgs) StdoutLine: {'line': b'-- Installing: /home/strain-drone/Documents/drone_position_hold/ros2_ws/src/install/mocap4r2_msgs/share/mocap4r2_msgs/environment/path.sh\n'}
[24.778112] (mocap4r2_msgs) StdoutLine: {'line': b'-- Installing: /home/strain-drone/Documents/drone_position_hold/ros2_ws/src/install/mocap4r2_msgs/share/mocap4r2_msgs/environment/path.dsv\n'}
[24.779293] (mocap4r2_msgs) StdoutLine: {'line': b'-- Installing: /home/strain-drone/Documents/drone_position_hold/ros2_ws/src/install/mocap4r2_msgs/share/mocap4r2_msgs/local_setup.bash\n'}
[24.780092] (mocap4r2_msgs) StdoutLine: {'line': b'-- Installing: /home/strain-drone/Documents/drone_position_hold/ros2_ws/src/install/mocap4r2_msgs/share/mocap4r2_msgs/local_setup.sh\n'}
[24.780723] (mocap4r2_msgs) StdoutLine: {'line': b'-- Installing: /home/strain-drone/Documents/drone_position_hold/ros2_ws/src/install/mocap4r2_msgs/share/mocap4r2_msgs/local_setup.zsh\n'}
[24.781132] (mocap4r2_msgs) StdoutLine: {'line': b'-- Installing: /home/strain-drone/Documents/drone_position_hold/ros2_ws/src/install/mocap4r2_msgs/share/mocap4r2_msgs/local_setup.dsv\n'}
[24.781288] (mocap4r2_msgs) StdoutLine: {'line': b'-- Installing: /home/strain-drone/Documents/drone_position_hold/ros2_ws/src/install/mocap4r2_msgs/share/mocap4r2_msgs/package.dsv\n'}
[24.781519] (mocap4r2_msgs) StdoutLine: {'line': b'-- Installing: /home/strain-drone/Documents/drone_position_hold/ros2_ws/src/install/mocap4r2_msgs/share/ament_index/resource_index/packages/mocap4r2_msgs\n'}
[24.781639] (mocap4r2_msgs) StdoutLine: {'line': b'-- Installing: /home/strain-drone/Documents/drone_position_hold/ros2_ws/src/install/mocap4r2_msgs/share/mocap4r2_msgs/cmake/export_mocap4r2_msgs__rosidl_generator_cExport.cmake\n'}
[24.781789] (mocap4r2_msgs) StdoutLine: {'line': b'-- Installing: /home/strain-drone/Documents/drone_position_hold/ros2_ws/src/install/mocap4r2_msgs/share/mocap4r2_msgs/cmake/export_mocap4r2_msgs__rosidl_generator_cExport-noconfig.cmake\n'}
[24.781978] (mocap4r2_msgs) StdoutLine: {'line': b'-- Installing: /home/strain-drone/Documents/drone_position_hold/ros2_ws/src/install/mocap4r2_msgs/share/mocap4r2_msgs/cmake/export_mocap4r2_msgs__rosidl_typesupport_fastrtps_cExport.cmake\n'}
[24.782165] (mocap4r2_msgs) StdoutLine: {'line': b'-- Installing: /home/strain-drone/Documents/drone_position_hold/ros2_ws/src/install/mocap4r2_msgs/share/mocap4r2_msgs/cmake/export_mocap4r2_msgs__rosidl_typesupport_fastrtps_cExport-noconfig.cmake\n'}
[24.782281] (mocap4r2_msgs) StdoutLine: {'line': b'-- Installing: /home/strain-drone/Documents/drone_position_hold/ros2_ws/src/install/mocap4r2_msgs/share/mocap4r2_msgs/cmake/mocap4r2_msgs__rosidl_typesupport_introspection_cExport.cmake\n'}
[24.784570] (mocap4r2_msgs) StdoutLine: {'line': b'-- Installing: /home/strain-drone/Documents/drone_position_hold/ros2_ws/src/install/mocap4r2_msgs/share/mocap4r2_msgs/cmake/mocap4r2_msgs__rosidl_typesupport_introspection_cExport-noconfig.cmake\n'}
[24.787417] (mocap4r2_msgs) StdoutLine: {'line': b'-- Installing: /home/strain-drone/Documents/drone_position_hold/ros2_ws/src/install/mocap4r2_msgs/share/mocap4r2_msgs/cmake/mocap4r2_msgs__rosidl_typesupport_cExport.cmake\n'}
[24.787952] (mocap4r2_msgs) StdoutLine: {'line': b'-- Installing: /home/strain-drone/Documents/drone_position_hold/ros2_ws/src/install/mocap4r2_msgs/share/mocap4r2_msgs/cmake/mocap4r2_msgs__rosidl_typesupport_cExport-noconfig.cmake\n'}
[24.788102] (mocap4r2_msgs) StdoutLine: {'line': b'-- Installing: /home/strain-drone/Documents/drone_position_hold/ros2_ws/src/install/mocap4r2_msgs/share/mocap4r2_msgs/cmake/export_mocap4r2_msgs__rosidl_generator_cppExport.cmake\n'}
[24.788275] (mocap4r2_msgs) StdoutLine: {'line': b'-- Installing: /home/strain-drone/Documents/drone_position_hold/ros2_ws/src/install/mocap4r2_msgs/share/mocap4r2_msgs/cmake/export_mocap4r2_msgs__rosidl_typesupport_fastrtps_cppExport.cmake\n'}
[24.788618] (mocap4r2_msgs) StdoutLine: {'line': b'-- Installing: /home/strain-drone/Documents/drone_position_hold/ros2_ws/src/install/mocap4r2_msgs/share/mocap4r2_msgs/cmake/export_mocap4r2_msgs__rosidl_typesupport_fastrtps_cppExport-noconfig.cmake\n'}
[24.788954] (mocap4r2_msgs) StdoutLine: {'line': b'-- Installing: /home/strain-drone/Documents/drone_position_hold/ros2_ws/src/install/mocap4r2_msgs/share/mocap4r2_msgs/cmake/mocap4r2_msgs__rosidl_typesupport_introspection_cppExport.cmake\n'}
[24.789087] (mocap4r2_msgs) StdoutLine: {'line': b'-- Installing: /home/strain-drone/Documents/drone_position_hold/ros2_ws/src/install/mocap4r2_msgs/share/mocap4r2_msgs/cmake/mocap4r2_msgs__rosidl_typesupport_introspection_cppExport-noconfig.cmake\n'}
[24.789210] (mocap4r2_msgs) StdoutLine: {'line': b'-- Installing: /home/strain-drone/Documents/drone_position_hold/ros2_ws/src/install/mocap4r2_msgs/share/mocap4r2_msgs/cmake/mocap4r2_msgs__rosidl_typesupport_cppExport.cmake\n'}
[24.789385] (mocap4r2_msgs) StdoutLine: {'line': b'-- Installing: /home/strain-drone/Documents/drone_position_hold/ros2_ws/src/install/mocap4r2_msgs/share/mocap4r2_msgs/cmake/mocap4r2_msgs__rosidl_typesupport_cppExport-noconfig.cmake\n'}
[24.792837] (mocap4r2_msgs) StdoutLine: {'line': b'-- Installing: /home/strain-drone/Documents/drone_position_hold/ros2_ws/src/install/mocap4r2_msgs/share/mocap4r2_msgs/cmake/export_mocap4r2_msgs__rosidl_generator_pyExport.cmake\n'}
[24.792968] (mocap4r2_msgs) StdoutLine: {'line': b'-- Installing: /home/strain-drone/Documents/drone_position_hold/ros2_ws/src/install/mocap4r2_msgs/share/mocap4r2_msgs/cmake/export_mocap4r2_msgs__rosidl_generator_pyExport-noconfig.cmake\n'}
[24.793075] (mocap4r2_msgs) StdoutLine: {'line': b'-- Installing: /home/strain-drone/Documents/drone_position_hold/ros2_ws/src/install/mocap4r2_msgs/share/mocap4r2_msgs/cmake/rosidl_cmake-extras.cmake\n'}
[24.793189] (mocap4r2_msgs) StdoutLine: {'line': b'-- Installing: /home/strain-drone/Documents/drone_position_hold/ros2_ws/src/install/mocap4r2_msgs/share/mocap4r2_msgs/cmake/ament_cmake_export_dependencies-extras.cmake\n'}
[24.793314] (mocap4r2_msgs) StdoutLine: {'line': b'-- Installing: /home/strain-drone/Documents/drone_position_hold/ros2_ws/src/install/mocap4r2_msgs/share/mocap4r2_msgs/cmake/ament_cmake_export_include_directories-extras.cmake\n'}
[24.793470] (mocap4r2_msgs) StdoutLine: {'line': b'-- Installing: /home/strain-drone/Documents/drone_position_hold/ros2_ws/src/install/mocap4r2_msgs/share/mocap4r2_msgs/cmake/ament_cmake_export_libraries-extras.cmake\n'}
[24.793596] (mocap4r2_msgs) StdoutLine: {'line': b'-- Installing: /home/strain-drone/Documents/drone_position_hold/ros2_ws/src/install/mocap4r2_msgs/share/mocap4r2_msgs/cmake/ament_cmake_export_targets-extras.cmake\n'}
[24.793721] (mocap4r2_msgs) StdoutLine: {'line': b'-- Installing: /home/strain-drone/Documents/drone_position_hold/ros2_ws/src/install/mocap4r2_msgs/share/mocap4r2_msgs/cmake/rosidl_cmake_export_typesupport_targets-extras.cmake\n'}
[24.793833] (mocap4r2_msgs) StdoutLine: {'line': b'-- Installing: /home/strain-drone/Documents/drone_position_hold/ros2_ws/src/install/mocap4r2_msgs/share/mocap4r2_msgs/cmake/rosidl_cmake_export_typesupport_libraries-extras.cmake\n'}
[24.793967] (mocap4r2_msgs) StdoutLine: {'line': b'-- Installing: /home/strain-drone/Documents/drone_position_hold/ros2_ws/src/install/mocap4r2_msgs/share/mocap4r2_msgs/cmake/mocap4r2_msgsConfig.cmake\n'}
[24.794062] (mocap4r2_msgs) StdoutLine: {'line': b'-- Installing: /home/strain-drone/Documents/drone_position_hold/ros2_ws/src/install/mocap4r2_msgs/share/mocap4r2_msgs/cmake/mocap4r2_msgsConfig-version.cmake\n'}
[24.794153] (mocap4r2_msgs) StdoutLine: {'line': b'-- Installing: /home/strain-drone/Documents/drone_position_hold/ros2_ws/src/install/mocap4r2_msgs/share/mocap4r2_msgs/package.xml\n'}
[24.794245] (mocap4r2_msgs) CommandEnded: {'returncode': 0}
[24.854805] (mocap4r2_msgs) JobEnded: {'identifier': 'mocap4r2_msgs', 'rc': 0}
[24.860572] (-) TimerEvent: {}
[24.863226] (position_publisher) JobStarted: {'identifier': 'position_publisher'}
[24.960720] (-) TimerEvent: {}
[24.993546] (natnet_ros2) StdoutLine: {'line': b'-- Detecting CXX compiler ABI info - done\n'}
[25.019444] (natnet_ros2) StdoutLine: {'line': b'-- Check for working CXX compiler: /usr/lib/ccache/c++ - skipped\n'}
[25.020253] (natnet_ros2) StdoutLine: {'line': b'-- Detecting CXX compile features\n'}
[25.021222] (natnet_ros2) StdoutLine: {'line': b'-- Detecting CXX compile features - done\n'}
[25.029427] (natnet_ros2) StdoutLine: {'line': b'-- Found ament_cmake: 2.5.4 (/opt/ros/jazzy/share/ament_cmake/cmake)\n'}
[25.063419] (mocap4r2_control) StdoutLine: {'line': b'-- Found Python3: /home/strain-drone/venv-ardupilot/bin/python3 (found version "3.12.3") found components: Interpreter \n'}
[25.063750] (-) TimerEvent: {}
[25.164121] (-) TimerEvent: {}
[25.266393] (-) TimerEvent: {}
[25.321201] (mocap4r2_control) StdoutLine: {'line': b'-- Found rclcpp: 28.1.9 (/opt/ros/jazzy/share/rclcpp/cmake)\n'}
[25.366541] (-) TimerEvent: {}
[25.368247] (mavros_config) StdoutLine: {'line': b'running egg_info\n'}
[25.369165] (mavros_config) StdoutLine: {'line': b'creating ../build/mavros_config/mavros_config.egg-info\n'}
[25.369915] (natnet_ros2) StdoutLine: {'line': b'-- Found Python3: /home/strain-drone/venv-ardupilot/bin/python3 (found version "3.12.3") found components: Interpreter \n'}
[25.399409] (mocap4r2_control) StdoutLine: {'line': b'-- Found rosidl_generator_c: 4.6.5 (/opt/ros/jazzy/share/rosidl_generator_c/cmake)\n'}
[25.415628] (mavros_config) StdoutLine: {'line': b'writing ../build/mavros_config/mavros_config.egg-info/PKG-INFO\n'}
[25.416583] (mavros_config) StdoutLine: {'line': b'writing dependency_links to ../build/mavros_config/mavros_config.egg-info/dependency_links.txt\n'}
[25.416828] (mavros_config) StdoutLine: {'line': b'writing requirements to ../build/mavros_config/mavros_config.egg-info/requires.txt\n'}
[25.418467] (mavros_config) StdoutLine: {'line': b'writing top-level names to ../build/mavros_config/mavros_config.egg-info/top_level.txt\n'}
[25.418673] (mavros_config) StdoutLine: {'line': b"writing manifest file '../build/mavros_config/mavros_config.egg-info/SOURCES.txt'\n"}
[25.424296] (mocap4r2_control) StdoutLine: {'line': b'-- Found rosidl_generator_cpp: 4.6.5 (/opt/ros/jazzy/share/rosidl_generator_cpp/cmake)\n'}
[25.455457] (mocap4r2_control) StdoutLine: {'line': b'-- Using all available rosidl_typesupport_c: rosidl_typesupport_fastrtps_c;rosidl_typesupport_introspection_c\n'}
[25.469415] (-) TimerEvent: {}
[25.490507] (mocap4r2_control) StdoutLine: {'line': b'-- Using all available rosidl_typesupport_cpp: rosidl_typesupport_fastrtps_cpp;rosidl_typesupport_introspection_cpp\n'}
[25.501997] (mavros_config) StdoutLine: {'line': b"reading manifest file '../build/mavros_config/mavros_config.egg-info/SOURCES.txt'\n"}
[25.503518] (mavros_config) StdoutLine: {'line': b"writing manifest file '../build/mavros_config/mavros_config.egg-info/SOURCES.txt'\n"}
[25.503838] (mavros_config) StdoutLine: {'line': b'running build\n'}
[25.504269] (mavros_config) StdoutLine: {'line': b'running build_py\n'}
[25.504422] (mavros_config) StdoutLine: {'line': b'creating /home/strain-drone/Documents/drone_position_hold/ros2_ws/src/build/mavros_config/build\n'}
[25.506435] (mavros_config) StdoutLine: {'line': b'creating /home/strain-drone/Documents/drone_position_hold/ros2_ws/src/build/mavros_config/build/lib\n'}
[25.506715] (mavros_config) StdoutLine: {'line': b'creating /home/strain-drone/Documents/drone_position_hold/ros2_ws/src/build/mavros_config/build/lib/mavros_config\n'}
[25.506833] (mavros_config) StdoutLine: {'line': b'copying mavros_config/__init__.py -> /home/strain-drone/Documents/drone_position_hold/ros2_ws/src/build/mavros_config/build/lib/mavros_config\n'}
[25.507032] (mavros_config) StdoutLine: {'line': b'running install\n'}
[25.516241] (mavros_config) StdoutLine: {'line': b'running install_lib\n'}
[25.560791] (mavros_config) StdoutLine: {'line': b'creating /home/strain-drone/Documents/drone_position_hold/ros2_ws/src/install/mavros_config/lib/python3.12/site-packages/mavros_config\n'}
[25.561152] (mavros_config) StdoutLine: {'line': b'copying /home/strain-drone/Documents/drone_position_hold/ros2_ws/src/build/mavros_config/build/lib/mavros_config/__init__.py -> /home/strain-drone/Documents/drone_position_hold/ros2_ws/src/install/mavros_config/lib/python3.12/site-packages/mavros_config\n'}
[25.562945] (mavros_config) StdoutLine: {'line': b'byte-compiling /home/strain-drone/Documents/drone_position_hold/ros2_ws/src/install/mavros_config/lib/python3.12/site-packages/mavros_config/__init__.py to __init__.cpython-312.pyc\n'}
[25.564227] (mavros_config) StdoutLine: {'line': b'running install_data\n'}
[25.565811] (mavros_config) StdoutLine: {'line': b'creating /home/strain-drone/Documents/drone_position_hold/ros2_ws/src/install/mavros_config/share/ament_index\n'}
[25.566009] (mavros_config) StdoutLine: {'line': b'creating /home/strain-drone/Documents/drone_position_hold/ros2_ws/src/install/mavros_config/share/ament_index/resource_index\n'}
[25.566127] (mavros_config) StdoutLine: {'line': b'creating /home/strain-drone/Documents/drone_position_hold/ros2_ws/src/install/mavros_config/share/ament_index/resource_index/packages\n'}
[25.566218] (mavros_config) StdoutLine: {'line': b'copying resource/mavros_config -> /home/strain-drone/Documents/drone_position_hold/ros2_ws/src/install/mavros_config/share/ament_index/resource_index/packages\n'}
[25.566307] (mavros_config) StdoutLine: {'line': b'copying package.xml -> /home/strain-drone/Documents/drone_position_hold/ros2_ws/src/install/mavros_config/share/mavros_config\n'}
[25.566432] (mavros_config) StdoutLine: {'line': b'creating /home/strain-drone/Documents/drone_position_hold/ros2_ws/src/install/mavros_config/share/mavros_config/launch\n'}
[25.567378] (mavros_config) StdoutLine: {'line': b'copying launch/mavros.launch.py -> /home/strain-drone/Documents/drone_position_hold/ros2_ws/src/install/mavros_config/share/mavros_config/launch\n'}
[25.567584] (mavros_config) StdoutLine: {'line': b'running install_egg_info\n'}
[25.569507] (-) TimerEvent: {}
[25.608757] (mavros_config) StdoutLine: {'line': b'Copying ../build/mavros_config/mavros_config.egg-info to /home/strain-drone/Documents/drone_position_hold/ros2_ws/src/install/mavros_config/lib/python3.12/site-packages/mavros_config-0.0.0-py3.12.egg-info\n'}
[25.610083] (mavros_config) StdoutLine: {'line': b'running install_scripts\n'}
[25.617498] (natnet_ros2) StdoutLine: {'line': b'-- Found rclcpp: 28.1.9 (/opt/ros/jazzy/share/rclcpp/cmake)\n'}
[25.625987] (mocap4r2_control) StdoutLine: {'line': b'-- Found rmw_implementation_cmake: 7.3.2 (/opt/ros/jazzy/share/rmw_implementation_cmake/cmake)\n'}
[25.630256] (mocap4r2_control) StdoutLine: {'line': b'-- Found rmw_fastrtps_cpp: 8.4.2 (/opt/ros/jazzy/share/rmw_fastrtps_cpp/cmake)\n'}
[25.669615] (-) TimerEvent: {}
[25.679484] (natnet_ros2) StdoutLine: {'line': b'-- Found rosidl_generator_c: 4.6.5 (/opt/ros/jazzy/share/rosidl_generator_c/cmake)\n'}
[25.704717] (natnet_ros2) StdoutLine: {'line': b'-- Found rosidl_generator_cpp: 4.6.5 (/opt/ros/jazzy/share/rosidl_generator_cpp/cmake)\n'}
[25.731819] (natnet_ros2) StdoutLine: {'line': b'-- Using all available rosidl_typesupport_c: rosidl_typesupport_fastrtps_c;rosidl_typesupport_introspection_c\n'}
[25.768391] (natnet_ros2) StdoutLine: {'line': b'-- Using all available rosidl_typesupport_cpp: rosidl_typesupport_fastrtps_cpp;rosidl_typesupport_introspection_cpp\n'}
[25.769721] (-) TimerEvent: {}
[25.787375] (mocap4r2_control) StdoutLine: {'line': b'-- Found OpenSSL: /usr/lib/aarch64-linux-gnu/libcrypto.so (found version "3.0.13")  \n'}
[25.823467] (mocap4r2_control) StdoutLine: {'line': b'-- Found FastRTPS: /opt/ros/jazzy/include (Required is at least version "2.13") \n'}
[25.850558] (mavros_config) StdoutLine: {'line': b"writing list of installed files to '/home/strain-drone/Documents/drone_position_hold/ros2_ws/src/build/mavros_config/install.log'\n"}
[25.869505] (mocap4r2_control) StdoutLine: {'line': b"-- Using RMW implementation 'rmw_fastrtps_cpp' as default\n"}
[25.869811] (-) TimerEvent: {}
[25.924686] (natnet_ros2) StdoutLine: {'line': b'-- Found rmw_implementation_cmake: 7.3.2 (/opt/ros/jazzy/share/rmw_implementation_cmake/cmake)\n'}
[25.932468] (natnet_ros2) StdoutLine: {'line': b'-- Found rmw_fastrtps_cpp: 8.4.2 (/opt/ros/jazzy/share/rmw_fastrtps_cpp/cmake)\n'}
[25.963115] (mavros_config) CommandEnded: {'returncode': 0}
[25.969955] (-) TimerEvent: {}
[25.973546] (mavros_config) JobEnded: {'identifier': 'mavros_config', 'rc': 0}
[25.975315] (visualizer) JobStarted: {'identifier': 'visualizer'}
[25.998890] (mocap4r2_control) StdoutLine: {'line': b'-- Found rclcpp_lifecycle: 28.1.9 (/opt/ros/jazzy/share/rclcpp_lifecycle/cmake)\n'}
[26.053428] (mocap4r2_control) StdoutLine: {'line': b'-- Found mocap4r2_control_msgs: 0.0.7 (/home/strain-drone/Documents/drone_position_hold/ros2_ws/src/install/mocap4r2_control_msgs/share/mocap4r2_control_msgs/cmake)\n'}
[26.072257] (-) TimerEvent: {}
[26.111126] (natnet_ros2) StdoutLine: {'line': b'-- Found OpenSSL: /usr/lib/aarch64-linux-gnu/libcrypto.so (found version "3.0.13")  \n'}
[26.153616] (mocap4r2_control) StdoutLine: {'line': b'-- Found ament_lint_auto: 0.17.2 (/opt/ros/jazzy/share/ament_lint_auto/cmake)\n'}
[26.154354] (natnet_ros2) StdoutLine: {'line': b'-- Found FastRTPS: /opt/ros/jazzy/include (Required is at least version "2.13") \n'}
[26.172404] (-) TimerEvent: {}
[26.206917] (natnet_ros2) StdoutLine: {'line': b"-- Using RMW implementation 'rmw_fastrtps_cpp' as default\n"}
[26.272513] (-) TimerEvent: {}
[26.335831] (natnet_ros2) StdoutLine: {'line': b'-- Found rclcpp_lifecycle: 28.1.9 (/opt/ros/jazzy/share/rclcpp_lifecycle/cmake)\n'}
[26.372630] (-) TimerEvent: {}
[26.388487] (natnet_ros2) StdoutLine: {'line': b'-- Found tf2: 0.36.16 (/opt/ros/jazzy/share/tf2/cmake)\n'}
[26.400226] (mocap4r2_control) StdoutLine: {'line': b"-- Found gtest sources under '/opt/ros/jazzy/src/gtest_vendor': C++ tests using 'Google Test' will be built\n"}
[26.406649] (mocap4r2_control) StdoutLine: {'line': b'-- Performing Test CMAKE_HAVE_LIBC_PTHREAD\n'}
[26.467761] (natnet_ros2) StdoutLine: {'line': b'-- Found tf2_ros: 0.36.16 (/opt/ros/jazzy/share/tf2_ros/cmake)\n'}
[26.474451] (-) TimerEvent: {}
[26.575473] (-) TimerEvent: {}
[26.676600] (-) TimerEvent: {}
[26.699603] (position_publisher) Command: {'cmd': ['/usr/bin/python3', '-W', 'ignore:setup.py install is deprecated', '-W', 'ignore:easy_install command is deprecated', 'setup.py', 'egg_info', '--egg-base', '../build/position_publisher', 'build', '--build-base', '/home/strain-drone/Documents/drone_position_hold/ros2_ws/src/build/position_publisher/build', 'install', '--record', '/home/strain-drone/Documents/drone_position_hold/ros2_ws/src/build/position_publisher/install.log', '--single-version-externally-managed', 'install_data'], 'cwd': '/home/strain-drone/Documents/drone_position_hold/ros2_ws/src/position_publisher', 'env': {'LESSOPEN': '| /usr/bin/lesspipe %s', 'USER': 'strain-drone', 'SSH_CLIENT': '100.125.10.128 53782 22', 'XDG_SESSION_TYPE': 'tty', 'GIT_ASKPASS': '/home/strain-drone/.vscode-server/cli/servers/Stable-b6a47e94e326b5c209d118cf0f994d6065585705/server/extensions/git/dist/askpass.sh', 'SHLVL': '2', 'LD_LIBRARY_PATH': '/opt/ros/jazzy/opt/rviz_ogre_vendor/lib:/opt/ros/jazzy/lib/aarch64-linux-gnu:/opt/ros/jazzy/opt/gz_math_vendor/lib:/opt/ros/jazzy/opt/gz_utils_vendor/lib:/opt/ros/jazzy/opt/gz_cmake_vendor/lib:/opt/ros/jazzy/lib:/home/strain-drone/Documents/drone_position_hold/ros2_ws/src/natnet_ros2/deps/NatNetSDK/lib:/home/strain-drone/Documents/drone_position_hold/ros2_ws/src/natnet_ros2/deps/NatNetSDK/lib', 'BROWSER': '/home/strain-drone/.vscode-server/cli/servers/Stable-b6a47e94e326b5c209d118cf0f994d6065585705/server/bin/helpers/browser.sh', 'HOME': '/home/strain-drone', 'TERM_PROGRAM_VERSION': '1.109.3', 'VSCODE_IPC_HOOK_CLI': '/run/user/1002/vscode-ipc-7f844f56-ced9-4e8e-9017-09603271f316.sock', 'ROS_PYTHON_VERSION': '3', 'VSCODE_GIT_ASKPASS_MAIN': '/home/strain-drone/.vscode-server/cli/servers/Stable-b6a47e94e326b5c209d118cf0f994d6065585705/server/extensions/git/dist/askpass-main.js', 'PS1': '\\[\x1b]633;A\x07\\]\\[\\e]0;\\u@\\h: \\w\\a\\]${debian_chroot:+($debian_chroot)}\\[\\033[01;32m\\]\\u@\\h\\[\\033[00m\\]:\\[\\033[01;34m\\]\\w\\[\\033[00m\\]\\$ \\[\x1b]633;B\x07\\]', 'VSCODE_GIT_ASKPASS_NODE': '/home/strain-drone/.vscode-server/cli/servers/Stable-b6a47e94e326b5c209d118cf0f994d6065585705/server/node', 'SSL_CERT_FILE': '/usr/lib/ssl/cert.pem', 'VSCODE_PYTHON_AUTOACTIVATE_GUARD': '1', 'DBUS_SESSION_BUS_ADDRESS': 'unix:path=/run/user/1002/bus', 'COLORTERM': 'truecolor', 'DEBUGINFOD_URLS': 'https://debuginfod.ubuntu.com', 'ROS_DISTRO': 'jazzy', 'LOGNAME': 'strain-drone', '_': '/usr/bin/colcon', 'ROS_VERSION': '2', 'XDG_SESSION_CLASS': 'user', 'TERM': 'xterm-256color', 'XDG_SESSION_ID': '12', 'PATH': '/home/strain-drone/.vscode-server/data/User/globalStorage/github.copilot-chat/debugCommand:/home/strain-drone/.vscode-server/data/User/globalStorage/github.copilot-chat/copilotCli:/home/strain-drone/.vscode-server/cli/servers/Stable-b6a47e94e326b5c209d118cf0f994d6065585705/server/bin/remote-cli:/usr/lib/ccache:/home/strain-drone/Documents/ardupilot/Tools/autotest:/opt/gcc-arm-none-eabi-10-2020-q4-major/bin:/home/strain-drone/venv-ardupilot/bin:/home/strain-drone/.local/bin:/opt/ros/jazzy/bin:/usr/lib/ccache:/home/strain-drone/Documents/ardupilot/Tools/autotest:/opt/gcc-arm-none-eabi-10-2020-q4-major/bin:/home/strain-drone/venv-ardupilot/bin:/home/strain-drone/.local/bin:/usr/local/sbin:/usr/local/bin:/usr/sbin:/usr/bin:/sbin:/bin:/usr/games:/usr/local/games:/snap/bin:/home/strain-drone/.local/bin:/home/strain-drone/.local/bin:/home/strain-drone/.local/bin:/home/strain-drone/.local/bin', 'XDG_RUNTIME_DIR': '/run/user/1002', 'SSL_CERT_DIR': '/usr/lib/ssl/certs', 'LANG': 'en_US.UTF-8', 'VIRTUAL_ENV_PROMPT': '(venv-ardupilot)', 'LS_COLORS': 'rs=0:di=01;34:ln=01;36:mh=00:pi=40;33:so=01;35:do=01;35:bd=40;33;01:cd=40;33;01:or=40;31;01:mi=00:su=37;41:sg=30;43:ca=00:tw=30;42:ow=34;42:st=37;44:ex=01;32:*.tar=01;31:*.tgz=01;31:*.arc=01;31:*.arj=01;31:*.taz=01;31:*.lha=01;31:*.lz4=01;31:*.lzh=01;31:*.lzma=01;31:*.tlz=01;31:*.txz=01;31:*.tzo=01;31:*.t7z=01;31:*.zip=01;31:*.z=01;31:*.dz=01;31:*.gz=01;31:*.lrz=01;31:*.lz=01;31:*.lzo=01;31:*.xz=01;31:*.zst=01;31:*.tzst=01;31:*.bz2=01;31:*.bz=01;31:*.tbz=01;31:*.tbz2=01;31:*.tz=01;31:*.deb=01;31:*.rpm=01;31:*.jar=01;31:*.war=01;31:*.ear=01;31:*.sar=01;31:*.rar=01;31:*.alz=01;31:*.ace=01;31:*.zoo=01;31:*.cpio=01;31:*.7z=01;31:*.rz=01;31:*.cab=01;31:*.wim=01;31:*.swm=01;31:*.dwm=01;31:*.esd=01;31:*.avif=01;35:*.jpg=01;35:*.jpeg=01;35:*.mjpg=01;35:*.mjpeg=01;35:*.gif=01;35:*.bmp=01;35:*.pbm=01;35:*.pgm=01;35:*.ppm=01;35:*.tga=01;35:*.xbm=01;35:*.xpm=01;35:*.tif=01;35:*.tiff=01;35:*.png=01;35:*.svg=01;35:*.svgz=01;35:*.mng=01;35:*.pcx=01;35:*.mov=01;35:*.mpg=01;35:*.mpeg=01;35:*.m2v=01;35:*.mkv=01;35:*.webm=01;35:*.webp=01;35:*.ogm=01;35:*.mp4=01;35:*.m4v=01;35:*.mp4v=01;35:*.vob=01;35:*.qt=01;35:*.nuv=01;35:*.wmv=01;35:*.asf=01;35:*.rm=01;35:*.rmvb=01;35:*.flc=01;35:*.avi=01;35:*.fli=01;35:*.flv=01;35:*.gl=01;35:*.dl=01;35:*.xcf=01;35:*.xwd=01;35:*.yuv=01;35:*.cgm=01;35:*.emf=01;35:*.ogv=01;35:*.ogx=01;35:*.aac=00;36:*.au=00;36:*.flac=00;36:*.m4a=00;36:*.mid=00;36:*.midi=00;36:*.mka=00;36:*.mp3=00;36:*.mpc=00;36:*.ogg=00;36:*.ra=00;36:*.wav=00;36:*.oga=00;36:*.opus=00;36:*.spx=00;36:*.xspf=00;36:*~=00;90:*#=00;90:*.bak=00;90:*.crdownload=00;90:*.dpkg-dist=00;90:*.dpkg-new=00;90:*.dpkg-old=00;90:*.dpkg-tmp=00;90:*.old=00;90:*.orig=00;90:*.part=00;90:*.rej=00;90:*.rpmnew=00;90:*.rpmorig=00;90:*.rpmsave=00;90:*.swp=00;90:*.tmp=00;90:*.ucf-dist=00;90:*.ucf-new=00;90:*.ucf-old=00;90:', 'VSCODE_GIT_IPC_HANDLE': '/run/user/1002/vscode-git-227cc40744.sock', 'TERM_PROGRAM': 'vscode', 'ROS_DOMAIN_ID': '1', 'AMENT_PREFIX_PATH': '/opt/ros/jazzy', 'SHELL': '/bin/bash', 'LESSCLOSE': '/usr/bin/lesspipe %s %s', 'VIRTUAL_ENV': '/home/strain-drone/venv-ardupilot', 'ROS_AUTOMATIC_DISCOVERY_RANGE': 'SUBNET', 'VSCODE_GIT_ASKPASS_EXTRA_ARGS': '', 'PWD': '/home/strain-drone/Documents/drone_position_hold/ros2_ws/src/build/position_publisher', 'LC_ALL': 'en_US.UTF-8', 'SSH_CONNECTION': '100.125.10.128 53782 100.96.124.69 22', 'XDG_DATA_DIRS': '/usr/share/gnome:/usr/local/share:/usr/share:/var/lib/snapd/desktop', 'PYTHONPATH': '/home/strain-drone/Documents/drone_position_hold/ros2_ws/src/build/position_publisher/prefix_override:/usr/lib/python3/dist-packages/colcon_core/task/python/colcon_distutils_commands:/home/strain-drone/Documents/drone_position_hold/ros2_ws/src/install/position_publisher/lib/python3.12/site-packages:/opt/ros/jazzy/lib/python3.12/site-packages', 'COLCON': '1', 'CMAKE_PREFIX_PATH': '/opt/ros/jazzy/opt/gz_math_vendor:/opt/ros/jazzy/opt/gz_utils_vendor:/opt/ros/jazzy/opt/gz_cmake_vendor'}, 'shell': False}
[26.712497] (mocap4r2_control) StdoutLine: {'line': b'-- Performing Test CMAKE_HAVE_LIBC_PTHREAD - Success\n'}
[26.718545] (mocap4r2_control) StdoutLine: {'line': b'-- Found Threads: TRUE  \n'}
[26.728931] (natnet_ros2) StdoutLine: {'line': b'-- Found sensor_msgs: 5.3.6 (/opt/ros/jazzy/share/sensor_msgs/cmake)\n'}
[26.745068] (mocap4r2_control) StdoutLine: {'line': b"-- Added test 'copyright' to check source files copyright and LICENSE\n"}
[26.751431] (mocap4r2_control) StdoutLine: {'line': b"-- Added test 'cppcheck' to perform static code analysis on C / C++ code\n"}
[26.751835] (mocap4r2_control) StdoutLine: {'line': b'-- Configured cppcheck include dirs: /home/strain-drone/Documents/drone_position_hold/ros2_ws/src/mocap4r2/mocap4r2_control/mocap4r2_control/include\n'}
[26.751988] (mocap4r2_control) StdoutLine: {'line': b'-- Configured cppcheck exclude dirs and/or files: \n'}
[26.754288] (mocap4r2_control) StdoutLine: {'line': b"-- Added test 'cpplint' to check C / C++ code against the Google style\n"}
[26.754750] (mocap4r2_control) StdoutLine: {'line': b'-- Configured cpplint exclude dirs and/or files: \n'}
[26.756317] (mocap4r2_control) StdoutLine: {'line': b"-- Added test 'flake8' to check Python code syntax and style conventions\n"}
[26.756628] (mocap4r2_control) StdoutLine: {'line': b"-- Configured 'flake8' exclude dirs and/or files: \n"}
[26.758488] (mocap4r2_control) StdoutLine: {'line': b"-- Added test 'lint_cmake' to check CMake code style\n"}
[26.763409] (mocap4r2_control) StdoutLine: {'line': b"-- Added test 'pep257' to check Python code against some of the docstring style conventions in PEP 257\n"}
[26.764131] (mocap4r2_control) StdoutLine: {'line': b"-- Added test 'uncrustify' to check C / C++ code style\n"}
[26.764430] (mocap4r2_control) StdoutLine: {'line': b'-- Configured uncrustify additional arguments: \n'}
[26.766078] (mocap4r2_control) StdoutLine: {'line': b"-- Added test 'xmllint' to check XML markup files\n"}
[26.772443] (natnet_ros2) StdoutLine: {'line': b'-- Found rosidl_default_generators: 1.6.0 (/opt/ros/jazzy/share/rosidl_default_generators/cmake)\n'}
[26.776706] (-) TimerEvent: {}
[26.777355] (mocap4r2_control) StdoutLine: {'line': b'-- Configuring done (3.5s)\n'}
[26.800409] (natnet_ros2) StdoutLine: {'line': b'-- Found rosidl_adapter: 4.6.5 (/opt/ros/jazzy/share/rosidl_adapter/cmake)\n'}
[26.803187] (natnet_ros2) StdoutLine: {'line': b'-- Found ament_cmake_auto: 2.5.4 (/opt/ros/jazzy/share/ament_cmake_auto/cmake)\n'}
[26.809404] (natnet_ros2) StdoutLine: {'line': b'-- Found rclpy: 7.1.4 (/opt/ros/jazzy/share/rclpy/cmake)\n'}
[26.866444] (mocap4r2_control) StdoutLine: {'line': b'-- Generating done (0.1s)\n'}
[26.876822] (-) TimerEvent: {}
[26.895548] (mocap4r2_control) StdoutLine: {'line': b'-- Build files have been written to: /home/strain-drone/Documents/drone_position_hold/ros2_ws/src/build/mocap4r2_control\n'}
[26.935390] (mocap4r2_control) CommandEnded: {'returncode': 0}
[26.935992] (mocap4r2_control) JobProgress: {'identifier': 'mocap4r2_control', 'progress': 'build'}
[26.936031] (mocap4r2_control) Command: {'cmd': ['/usr/bin/cmake', '--build', '/home/strain-drone/Documents/drone_position_hold/ros2_ws/src/build/mocap4r2_control', '--', '-j4', '-l4'], 'cwd': '/home/strain-drone/Documents/drone_position_hold/ros2_ws/src/build/mocap4r2_control', 'env': OrderedDict({'LESSOPEN': '| /usr/bin/lesspipe %s', 'USER': 'strain-drone', 'SSH_CLIENT': '100.125.10.128 53782 22', 'XDG_SESSION_TYPE': 'tty', 'GIT_ASKPASS': '/home/strain-drone/.vscode-server/cli/servers/Stable-b6a47e94e326b5c209d118cf0f994d6065585705/server/extensions/git/dist/askpass.sh', 'SHLVL': '2', 'LD_LIBRARY_PATH': '/home/strain-drone/Documents/drone_position_hold/ros2_ws/src/install/mocap4r2_control_msgs/lib:/opt/ros/jazzy/opt/rviz_ogre_vendor/lib:/opt/ros/jazzy/lib/aarch64-linux-gnu:/opt/ros/jazzy/opt/gz_math_vendor/lib:/opt/ros/jazzy/opt/gz_utils_vendor/lib:/opt/ros/jazzy/opt/gz_cmake_vendor/lib:/opt/ros/jazzy/lib:/home/strain-drone/Documents/drone_position_hold/ros2_ws/src/natnet_ros2/deps/NatNetSDK/lib:/home/strain-drone/Documents/drone_position_hold/ros2_ws/src/natnet_ros2/deps/NatNetSDK/lib', 'BROWSER': '/home/strain-drone/.vscode-server/cli/servers/Stable-b6a47e94e326b5c209d118cf0f994d6065585705/server/bin/helpers/browser.sh', 'HOME': '/home/strain-drone', 'TERM_PROGRAM_VERSION': '1.109.3', 'VSCODE_IPC_HOOK_CLI': '/run/user/1002/vscode-ipc-7f844f56-ced9-4e8e-9017-09603271f316.sock', 'ROS_PYTHON_VERSION': '3', 'VSCODE_GIT_ASKPASS_MAIN': '/home/strain-drone/.vscode-server/cli/servers/Stable-b6a47e94e326b5c209d118cf0f994d6065585705/server/extensions/git/dist/askpass-main.js', 'PS1': '\\[\x1b]633;A\x07\\]\\[\\e]0;\\u@\\h: \\w\\a\\]${debian_chroot:+($debian_chroot)}\\[\\033[01;32m\\]\\u@\\h\\[\\033[00m\\]:\\[\\033[01;34m\\]\\w\\[\\033[00m\\]\\$ \\[\x1b]633;B\x07\\]', 'VSCODE_GIT_ASKPASS_NODE': '/home/strain-drone/.vscode-server/cli/servers/Stable-b6a47e94e326b5c209d118cf0f994d6065585705/server/node', 'SSL_CERT_FILE': '/usr/lib/ssl/cert.pem', 'VSCODE_PYTHON_AUTOACTIVATE_GUARD': '1', 'DBUS_SESSION_BUS_ADDRESS': 'unix:path=/run/user/1002/bus', 'COLORTERM': 'truecolor', 'DEBUGINFOD_URLS': 'https://debuginfod.ubuntu.com', 'ROS_DISTRO': 'jazzy', 'LOGNAME': 'strain-drone', '_': '/usr/bin/colcon', 'ROS_VERSION': '2', 'XDG_SESSION_CLASS': 'user', 'TERM': 'xterm-256color', 'XDG_SESSION_ID': '12', 'PATH': '/home/strain-drone/.vscode-server/data/User/globalStorage/github.copilot-chat/debugCommand:/home/strain-drone/.vscode-server/data/User/globalStorage/github.copilot-chat/copilotCli:/home/strain-drone/.vscode-server/cli/servers/Stable-b6a47e94e326b5c209d118cf0f994d6065585705/server/bin/remote-cli:/usr/lib/ccache:/home/strain-drone/Documents/ardupilot/Tools/autotest:/opt/gcc-arm-none-eabi-10-2020-q4-major/bin:/home/strain-drone/venv-ardupilot/bin:/home/strain-drone/.local/bin:/opt/ros/jazzy/bin:/usr/lib/ccache:/home/strain-drone/Documents/ardupilot/Tools/autotest:/opt/gcc-arm-none-eabi-10-2020-q4-major/bin:/home/strain-drone/venv-ardupilot/bin:/home/strain-drone/.local/bin:/usr/local/sbin:/usr/local/bin:/usr/sbin:/usr/bin:/sbin:/bin:/usr/games:/usr/local/games:/snap/bin:/home/strain-drone/.local/bin:/home/strain-drone/.local/bin:/home/strain-drone/.local/bin:/home/strain-drone/.local/bin', 'XDG_RUNTIME_DIR': '/run/user/1002', 'SSL_CERT_DIR': '/usr/lib/ssl/certs', 'LANG': 'en_US.UTF-8', 'VIRTUAL_ENV_PROMPT': '(venv-ardupilot)', 'LS_COLORS': 'rs=0:di=01;34:ln=01;36:mh=00:pi=40;33:so=01;35:do=01;35:bd=40;33;01:cd=40;33;01:or=40;31;01:mi=00:su=37;41:sg=30;43:ca=00:tw=30;42:ow=34;42:st=37;44:ex=01;32:*.tar=01;31:*.tgz=01;31:*.arc=01;31:*.arj=01;31:*.taz=01;31:*.lha=01;31:*.lz4=01;31:*.lzh=01;31:*.lzma=01;31:*.tlz=01;31:*.txz=01;31:*.tzo=01;31:*.t7z=01;31:*.zip=01;31:*.z=01;31:*.dz=01;31:*.gz=01;31:*.lrz=01;31:*.lz=01;31:*.lzo=01;31:*.xz=01;31:*.zst=01;31:*.tzst=01;31:*.bz2=01;31:*.bz=01;31:*.tbz=01;31:*.tbz2=01;31:*.tz=01;31:*.deb=01;31:*.rpm=01;31:*.jar=01;31:*.war=01;31:*.ear=01;31:*.sar=01;31:*.rar=01;31:*.alz=01;31:*.ace=01;31:*.zoo=01;31:*.cpio=01;31:*.7z=01;31:*.rz=01;31:*.cab=01;31:*.wim=01;31:*.swm=01;31:*.dwm=01;31:*.esd=01;31:*.avif=01;35:*.jpg=01;35:*.jpeg=01;35:*.mjpg=01;35:*.mjpeg=01;35:*.gif=01;35:*.bmp=01;35:*.pbm=01;35:*.pgm=01;35:*.ppm=01;35:*.tga=01;35:*.xbm=01;35:*.xpm=01;35:*.tif=01;35:*.tiff=01;35:*.png=01;35:*.svg=01;35:*.svgz=01;35:*.mng=01;35:*.pcx=01;35:*.mov=01;35:*.mpg=01;35:*.mpeg=01;35:*.m2v=01;35:*.mkv=01;35:*.webm=01;35:*.webp=01;35:*.ogm=01;35:*.mp4=01;35:*.m4v=01;35:*.mp4v=01;35:*.vob=01;35:*.qt=01;35:*.nuv=01;35:*.wmv=01;35:*.asf=01;35:*.rm=01;35:*.rmvb=01;35:*.flc=01;35:*.avi=01;35:*.fli=01;35:*.flv=01;35:*.gl=01;35:*.dl=01;35:*.xcf=01;35:*.xwd=01;35:*.yuv=01;35:*.cgm=01;35:*.emf=01;35:*.ogv=01;35:*.ogx=01;35:*.aac=00;36:*.au=00;36:*.flac=00;36:*.m4a=00;36:*.mid=00;36:*.midi=00;36:*.mka=00;36:*.mp3=00;36:*.mpc=00;36:*.ogg=00;36:*.ra=00;36:*.wav=00;36:*.oga=00;36:*.opus=00;36:*.spx=00;36:*.xspf=00;36:*~=00;90:*#=00;90:*.bak=00;90:*.crdownload=00;90:*.dpkg-dist=00;90:*.dpkg-new=00;90:*.dpkg-old=00;90:*.dpkg-tmp=00;90:*.old=00;90:*.orig=00;90:*.part=00;90:*.rej=00;90:*.rpmnew=00;90:*.rpmorig=00;90:*.rpmsave=00;90:*.swp=00;90:*.tmp=00;90:*.ucf-dist=00;90:*.ucf-new=00;90:*.ucf-old=00;90:', 'VSCODE_GIT_IPC_HANDLE': '/run/user/1002/vscode-git-227cc40744.sock', 'TERM_PROGRAM': 'vscode', 'ROS_DOMAIN_ID': '1', 'AMENT_PREFIX_PATH': '/home/strain-drone/Documents/drone_position_hold/ros2_ws/src/install/mocap4r2_control_msgs:/opt/ros/jazzy', 'SHELL': '/bin/bash', 'LESSCLOSE': '/usr/bin/lesspipe %s %s', 'VIRTUAL_ENV': '/home/strain-drone/venv-ardupilot', 'ROS_AUTOMATIC_DISCOVERY_RANGE': 'SUBNET', 'VSCODE_GIT_ASKPASS_EXTRA_ARGS': '', 'PWD': '/home/strain-drone/Documents/drone_position_hold/ros2_ws/src/build/mocap4r2_control', 'LC_ALL': 'en_US.UTF-8', 'SSH_CONNECTION': '100.125.10.128 53782 100.96.124.69 22', 'XDG_DATA_DIRS': '/usr/share/gnome:/usr/local/share:/usr/share:/var/lib/snapd/desktop', 'PYTHONPATH': '/home/strain-drone/Documents/drone_position_hold/ros2_ws/src/install/mocap4r2_control_msgs/lib/python3.12/site-packages:/opt/ros/jazzy/lib/python3.12/site-packages', 'COLCON': '1', 'CMAKE_PREFIX_PATH': '/home/strain-drone/Documents/drone_position_hold/ros2_ws/src/install/mocap4r2_control_msgs:/opt/ros/jazzy/opt/gz_math_vendor:/opt/ros/jazzy/opt/gz_utils_vendor:/opt/ros/jazzy/opt/gz_cmake_vendor:/opt/ros/jazzy'}), 'shell': False}
[26.976959] (-) TimerEvent: {}
[27.077443] (-) TimerEvent: {}
[27.103632] (mocap4r2_control) StdoutLine: {'line': b'[  7%] \x1b[32mBuilding CXX object CMakeFiles/mocap4r2_control.dir/src/mocap4r2_control/ControlledLifecycleNode.cpp.o\x1b[0m\n'}
[27.107915] (mocap4r2_control) StdoutLine: {'line': b'[ 14%] \x1b[32mBuilding CXX object gtest/CMakeFiles/gtest_main.dir/src/gtest_main.cc.o\x1b[0m\n'}
[27.112973] (mocap4r2_control) StdoutLine: {'line': b'[ 21%] \x1b[32mBuilding CXX object gtest/CMakeFiles/gtest.dir/src/gtest-all.cc.o\x1b[0m\n'}
[27.116453] (mocap4r2_control) StdoutLine: {'line': b'[ 28%] \x1b[32mBuilding CXX object CMakeFiles/mocap4r2_control.dir/src/mocap4r2_control/ControllerNode.cpp.o\x1b[0m\n'}
[27.174302] (mocap4r2_control) StdoutLine: {'line': b'[ 35%] \x1b[32m\x1b[1mLinking CXX static library libgtest_main.a\x1b[0m\n'}
[27.177633] (-) TimerEvent: {}
[27.213991] (mocap4r2_control) StdoutLine: {'line': b'[ 42%] \x1b[32m\x1b[1mLinking CXX static library libgtest.a\x1b[0m\n'}
[27.253856] (mocap4r2_control) StdoutLine: {'line': b'[ 50%] \x1b[32mBuilding CXX object CMakeFiles/mocap4r2_control.dir/src/mocap4r2_control/AuxiliarNode.cpp.o\x1b[0m\n'}
[27.280450] (-) TimerEvent: {}
[27.346584] (mocap4r2_control) StdoutLine: {'line': b'[ 57%] \x1b[32m\x1b[1mLinking CXX shared library libmocap4r2_control.so\x1b[0m\n'}
[27.349128] (mocap4r2_control) StdoutLine: {'line': b'[ 57%] Built target gtest_main\n'}
[27.380556] (-) TimerEvent: {}
[27.481311] (position_publisher) StdoutLine: {'line': b'running egg_info\n'}
[27.481667] (-) TimerEvent: {}
[27.481917] (position_publisher) StdoutLine: {'line': b'creating ../build/position_publisher/position_publisher.egg-info\n'}
[27.525458] (position_publisher) StdoutLine: {'line': b'writing ../build/position_publisher/position_publisher.egg-info/PKG-INFO\n'}
[27.525916] (position_publisher) StdoutLine: {'line': b'writing dependency_links to ../build/position_publisher/position_publisher.egg-info/dependency_links.txt\n'}
[27.528008] (position_publisher) StdoutLine: {'line': b'writing entry points to ../build/position_publisher/position_publisher.egg-info/entry_points.txt\n'}
[27.528300] (position_publisher) StdoutLine: {'line': b'writing requirements to ../build/position_publisher/position_publisher.egg-info/requires.txt\n'}
[27.530683] (position_publisher) StdoutLine: {'line': b'writing top-level names to ../build/position_publisher/position_publisher.egg-info/top_level.txt\n'}
[27.531117] (position_publisher) StdoutLine: {'line': b"writing manifest file '../build/position_publisher/position_publisher.egg-info/SOURCES.txt'\n"}
[27.581823] (-) TimerEvent: {}
[27.614616] (mocap4r2_control) StdoutLine: {'line': b'[ 57%] Built target gtest\n'}
[27.649748] (position_publisher) StdoutLine: {'line': b"reading manifest file '../build/position_publisher/position_publisher.egg-info/SOURCES.txt'\n"}
[27.650674] (position_publisher) StdoutLine: {'line': b"writing manifest file '../build/position_publisher/position_publisher.egg-info/SOURCES.txt'\n"}
[27.651029] (position_publisher) StdoutLine: {'line': b'running build\n'}
[27.651154] (position_publisher) StdoutLine: {'line': b'running build_py\n'}
[27.651713] (position_publisher) StdoutLine: {'line': b'creating /home/strain-drone/Documents/drone_position_hold/ros2_ws/src/build/position_publisher/build\n'}
[27.651944] (position_publisher) StdoutLine: {'line': b'creating /home/strain-drone/Documents/drone_position_hold/ros2_ws/src/build/position_publisher/build/lib\n'}
[27.652062] (position_publisher) StdoutLine: {'line': b'creating /home/strain-drone/Documents/drone_position_hold/ros2_ws/src/build/position_publisher/build/lib/position_publisher\n'}
[27.652246] (position_publisher) StdoutLine: {'line': b'copying position_publisher/__init__.py -> /home/strain-drone/Documents/drone_position_hold/ros2_ws/src/build/position_publisher/build/lib/position_publisher\n'}
[27.652436] (position_publisher) StdoutLine: {'line': b'copying position_publisher/position_publisher.py -> /home/strain-drone/Documents/drone_position_hold/ros2_ws/src/build/position_publisher/build/lib/position_publisher\n'}
[27.652868] (position_publisher) StdoutLine: {'line': b'running install\n'}
[27.671886] (position_publisher) StdoutLine: {'line': b'running install_lib\n'}
[27.681968] (-) TimerEvent: {}
[27.738739] (position_publisher) StdoutLine: {'line': b'creating /home/strain-drone/Documents/drone_position_hold/ros2_ws/src/install/position_publisher/lib/python3.12/site-packages/position_publisher\n'}
[27.739083] (position_publisher) StdoutLine: {'line': b'copying /home/strain-drone/Documents/drone_position_hold/ros2_ws/src/build/position_publisher/build/lib/position_publisher/__init__.py -> /home/strain-drone/Documents/drone_position_hold/ros2_ws/src/install/position_publisher/lib/python3.12/site-packages/position_publisher\n'}
[27.739275] (position_publisher) StdoutLine: {'line': b'copying /home/strain-drone/Documents/drone_position_hold/ros2_ws/src/build/position_publisher/build/lib/position_publisher/position_publisher.py -> /home/strain-drone/Documents/drone_position_hold/ros2_ws/src/install/position_publisher/lib/python3.12/site-packages/position_publisher\n'}
[27.743247] (position_publisher) StdoutLine: {'line': b'byte-compiling /home/strain-drone/Documents/drone_position_hold/ros2_ws/src/install/position_publisher/lib/python3.12/site-packages/position_publisher/__init__.py to __init__.cpython-312.pyc\n'}
[27.747497] (position_publisher) StdoutLine: {'line': b'byte-compiling /home/strain-drone/Documents/drone_position_hold/ros2_ws/src/install/position_publisher/lib/python3.12/site-packages/position_publisher/position_publisher.py to position_publisher.cpython-312.pyc\n'}
[27.767914] (position_publisher) StdoutLine: {'line': b'running install_data\n'}
[27.769686] (position_publisher) StdoutLine: {'line': b'creating /home/strain-drone/Documents/drone_position_hold/ros2_ws/src/install/position_publisher/share/ament_index\n'}
[27.770061] (position_publisher) StdoutLine: {'line': b'creating /home/strain-drone/Documents/drone_position_hold/ros2_ws/src/install/position_publisher/share/ament_index/resource_index\n'}
[27.770408] (position_publisher) StdoutLine: {'line': b'creating /home/strain-drone/Documents/drone_position_hold/ros2_ws/src/install/position_publisher/share/ament_index/resource_index/packages\n'}
[27.772673] (position_publisher) StdoutLine: {'line': b'copying resource/position_publisher -> /home/strain-drone/Documents/drone_position_hold/ros2_ws/src/install/position_publisher/share/ament_index/resource_index/packages\n'}
[27.773595] (position_publisher) StdoutLine: {'line': b'copying package.xml -> /home/strain-drone/Documents/drone_position_hold/ros2_ws/src/install/position_publisher/share/position_publisher\n'}
[27.774267] (position_publisher) StdoutLine: {'line': b'running install_egg_info\n'}
[27.786492] (-) TimerEvent: {}
[27.887319] (-) TimerEvent: {}
[27.901116] (position_publisher) StdoutLine: {'line': b'Copying ../build/position_publisher/position_publisher.egg-info to /home/strain-drone/Documents/drone_position_hold/ros2_ws/src/install/position_publisher/lib/python3.12/site-packages/position_publisher-0.0.0-py3.12.egg-info\n'}
[27.906940] (position_publisher) StdoutLine: {'line': b'running install_scripts\n'}
[27.988430] (-) TimerEvent: {}
[28.092790] (-) TimerEvent: {}
[28.198089] (-) TimerEvent: {}
[28.299821] (-) TimerEvent: {}
[28.361130] (visualizer) Command: {'cmd': ['/usr/bin/python3', '-W', 'ignore:setup.py install is deprecated', '-W', 'ignore:easy_install command is deprecated', 'setup.py', 'egg_info', '--egg-base', '../build/visualizer', 'build', '--build-base', '/home/strain-drone/Documents/drone_position_hold/ros2_ws/src/build/visualizer/build', 'install', '--record', '/home/strain-drone/Documents/drone_position_hold/ros2_ws/src/build/visualizer/install.log', '--single-version-externally-managed', 'install_data'], 'cwd': '/home/strain-drone/Documents/drone_position_hold/ros2_ws/src/visualizer', 'env': {'LESSOPEN': '| /usr/bin/lesspipe %s', 'USER': 'strain-drone', 'SSH_CLIENT': '100.125.10.128 53782 22', 'XDG_SESSION_TYPE': 'tty', 'GIT_ASKPASS': '/home/strain-drone/.vscode-server/cli/servers/Stable-b6a47e94e326b5c209d118cf0f994d6065585705/server/extensions/git/dist/askpass.sh', 'SHLVL': '2', 'LD_LIBRARY_PATH': '/opt/ros/jazzy/opt/rviz_ogre_vendor/lib:/opt/ros/jazzy/lib/aarch64-linux-gnu:/opt/ros/jazzy/opt/gz_math_vendor/lib:/opt/ros/jazzy/opt/gz_utils_vendor/lib:/opt/ros/jazzy/opt/gz_cmake_vendor/lib:/opt/ros/jazzy/lib:/home/strain-drone/Documents/drone_position_hold/ros2_ws/src/natnet_ros2/deps/NatNetSDK/lib:/home/strain-drone/Documents/drone_position_hold/ros2_ws/src/natnet_ros2/deps/NatNetSDK/lib', 'BROWSER': '/home/strain-drone/.vscode-server/cli/servers/Stable-b6a47e94e326b5c209d118cf0f994d6065585705/server/bin/helpers/browser.sh', 'HOME': '/home/strain-drone', 'TERM_PROGRAM_VERSION': '1.109.3', 'VSCODE_IPC_HOOK_CLI': '/run/user/1002/vscode-ipc-7f844f56-ced9-4e8e-9017-09603271f316.sock', 'ROS_PYTHON_VERSION': '3', 'VSCODE_GIT_ASKPASS_MAIN': '/home/strain-drone/.vscode-server/cli/servers/Stable-b6a47e94e326b5c209d118cf0f994d6065585705/server/extensions/git/dist/askpass-main.js', 'PS1': '\\[\x1b]633;A\x07\\]\\[\\e]0;\\u@\\h: \\w\\a\\]${debian_chroot:+($debian_chroot)}\\[\\033[01;32m\\]\\u@\\h\\[\\033[00m\\]:\\[\\033[01;34m\\]\\w\\[\\033[00m\\]\\$ \\[\x1b]633;B\x07\\]', 'VSCODE_GIT_ASKPASS_NODE': '/home/strain-drone/.vscode-server/cli/servers/Stable-b6a47e94e326b5c209d118cf0f994d6065585705/server/node', 'SSL_CERT_FILE': '/usr/lib/ssl/cert.pem', 'VSCODE_PYTHON_AUTOACTIVATE_GUARD': '1', 'DBUS_SESSION_BUS_ADDRESS': 'unix:path=/run/user/1002/bus', 'COLORTERM': 'truecolor', 'DEBUGINFOD_URLS': 'https://debuginfod.ubuntu.com', 'ROS_DISTRO': 'jazzy', 'LOGNAME': 'strain-drone', '_': '/usr/bin/colcon', 'ROS_VERSION': '2', 'XDG_SESSION_CLASS': 'user', 'TERM': 'xterm-256color', 'XDG_SESSION_ID': '12', 'PATH': '/home/strain-drone/.vscode-server/data/User/globalStorage/github.copilot-chat/debugCommand:/home/strain-drone/.vscode-server/data/User/globalStorage/github.copilot-chat/copilotCli:/home/strain-drone/.vscode-server/cli/servers/Stable-b6a47e94e326b5c209d118cf0f994d6065585705/server/bin/remote-cli:/usr/lib/ccache:/home/strain-drone/Documents/ardupilot/Tools/autotest:/opt/gcc-arm-none-eabi-10-2020-q4-major/bin:/home/strain-drone/venv-ardupilot/bin:/home/strain-drone/.local/bin:/opt/ros/jazzy/bin:/usr/lib/ccache:/home/strain-drone/Documents/ardupilot/Tools/autotest:/opt/gcc-arm-none-eabi-10-2020-q4-major/bin:/home/strain-drone/venv-ardupilot/bin:/home/strain-drone/.local/bin:/usr/local/sbin:/usr/local/bin:/usr/sbin:/usr/bin:/sbin:/bin:/usr/games:/usr/local/games:/snap/bin:/home/strain-drone/.local/bin:/home/strain-drone/.local/bin:/home/strain-drone/.local/bin:/home/strain-drone/.local/bin', 'XDG_RUNTIME_DIR': '/run/user/1002', 'SSL_CERT_DIR': '/usr/lib/ssl/certs', 'LANG': 'en_US.UTF-8', 'VIRTUAL_ENV_PROMPT': '(venv-ardupilot)', 'LS_COLORS': 'rs=0:di=01;34:ln=01;36:mh=00:pi=40;33:so=01;35:do=01;35:bd=40;33;01:cd=40;33;01:or=40;31;01:mi=00:su=37;41:sg=30;43:ca=00:tw=30;42:ow=34;42:st=37;44:ex=01;32:*.tar=01;31:*.tgz=01;31:*.arc=01;31:*.arj=01;31:*.taz=01;31:*.lha=01;31:*.lz4=01;31:*.lzh=01;31:*.lzma=01;31:*.tlz=01;31:*.txz=01;31:*.tzo=01;31:*.t7z=01;31:*.zip=01;31:*.z=01;31:*.dz=01;31:*.gz=01;31:*.lrz=01;31:*.lz=01;31:*.lzo=01;31:*.xz=01;31:*.zst=01;31:*.tzst=01;31:*.bz2=01;31:*.bz=01;31:*.tbz=01;31:*.tbz2=01;31:*.tz=01;31:*.deb=01;31:*.rpm=01;31:*.jar=01;31:*.war=01;31:*.ear=01;31:*.sar=01;31:*.rar=01;31:*.alz=01;31:*.ace=01;31:*.zoo=01;31:*.cpio=01;31:*.7z=01;31:*.rz=01;31:*.cab=01;31:*.wim=01;31:*.swm=01;31:*.dwm=01;31:*.esd=01;31:*.avif=01;35:*.jpg=01;35:*.jpeg=01;35:*.mjpg=01;35:*.mjpeg=01;35:*.gif=01;35:*.bmp=01;35:*.pbm=01;35:*.pgm=01;35:*.ppm=01;35:*.tga=01;35:*.xbm=01;35:*.xpm=01;35:*.tif=01;35:*.tiff=01;35:*.png=01;35:*.svg=01;35:*.svgz=01;35:*.mng=01;35:*.pcx=01;35:*.mov=01;35:*.mpg=01;35:*.mpeg=01;35:*.m2v=01;35:*.mkv=01;35:*.webm=01;35:*.webp=01;35:*.ogm=01;35:*.mp4=01;35:*.m4v=01;35:*.mp4v=01;35:*.vob=01;35:*.qt=01;35:*.nuv=01;35:*.wmv=01;35:*.asf=01;35:*.rm=01;35:*.rmvb=01;35:*.flc=01;35:*.avi=01;35:*.fli=01;35:*.flv=01;35:*.gl=01;35:*.dl=01;35:*.xcf=01;35:*.xwd=01;35:*.yuv=01;35:*.cgm=01;35:*.emf=01;35:*.ogv=01;35:*.ogx=01;35:*.aac=00;36:*.au=00;36:*.flac=00;36:*.m4a=00;36:*.mid=00;36:*.midi=00;36:*.mka=00;36:*.mp3=00;36:*.mpc=00;36:*.ogg=00;36:*.ra=00;36:*.wav=00;36:*.oga=00;36:*.opus=00;36:*.spx=00;36:*.xspf=00;36:*~=00;90:*#=00;90:*.bak=00;90:*.crdownload=00;90:*.dpkg-dist=00;90:*.dpkg-new=00;90:*.dpkg-old=00;90:*.dpkg-tmp=00;90:*.old=00;90:*.orig=00;90:*.part=00;90:*.rej=00;90:*.rpmnew=00;90:*.rpmorig=00;90:*.rpmsave=00;90:*.swp=00;90:*.tmp=00;90:*.ucf-dist=00;90:*.ucf-new=00;90:*.ucf-old=00;90:', 'VSCODE_GIT_IPC_HANDLE': '/run/user/1002/vscode-git-227cc40744.sock', 'TERM_PROGRAM': 'vscode', 'ROS_DOMAIN_ID': '1', 'AMENT_PREFIX_PATH': '/opt/ros/jazzy', 'SHELL': '/bin/bash', 'LESSCLOSE': '/usr/bin/lesspipe %s %s', 'VIRTUAL_ENV': '/home/strain-drone/venv-ardupilot', 'ROS_AUTOMATIC_DISCOVERY_RANGE': 'SUBNET', 'VSCODE_GIT_ASKPASS_EXTRA_ARGS': '', 'PWD': '/home/strain-drone/Documents/drone_position_hold/ros2_ws/src/build/visualizer', 'LC_ALL': 'en_US.UTF-8', 'SSH_CONNECTION': '100.125.10.128 53782 100.96.124.69 22', 'XDG_DATA_DIRS': '/usr/share/gnome:/usr/local/share:/usr/share:/var/lib/snapd/desktop', 'PYTHONPATH': '/home/strain-drone/Documents/drone_position_hold/ros2_ws/src/build/visualizer/prefix_override:/usr/lib/python3/dist-packages/colcon_core/task/python/colcon_distutils_commands:/home/strain-drone/Documents/drone_position_hold/ros2_ws/src/install/visualizer/lib/python3.12/site-packages:/opt/ros/jazzy/lib/python3.12/site-packages', 'COLCON': '1', 'CMAKE_PREFIX_PATH': '/opt/ros/jazzy/opt/gz_math_vendor:/opt/ros/jazzy/opt/gz_utils_vendor:/opt/ros/jazzy/opt/gz_cmake_vendor'}, 'shell': False}
[28.401531] (-) TimerEvent: {}
[28.504506] (-) TimerEvent: {}
[28.540044] (position_publisher) StdoutLine: {'line': b'Installing position_publisher script to /home/strain-drone/Documents/drone_position_hold/ros2_ws/src/install/position_publisher/lib/position_publisher\n'}
[28.541890] (position_publisher) StdoutLine: {'line': b"writing list of installed files to '/home/strain-drone/Documents/drone_position_hold/ros2_ws/src/build/position_publisher/install.log'\n"}
[28.607409] (-) TimerEvent: {}
[28.709170] (position_publisher) CommandEnded: {'returncode': 0}
[28.709966] (-) TimerEvent: {}
[28.727933] (position_publisher) JobEnded: {'identifier': 'position_publisher', 'rc': 0}
[28.731841] (mocap4r2_marker_publisher) JobStarted: {'identifier': 'mocap4r2_marker_publisher'}
[28.765496] (mocap4r2_marker_publisher) JobProgress: {'identifier': 'mocap4r2_marker_publisher', 'progress': 'cmake'}
[28.768028] (mocap4r2_marker_publisher) Command: {'cmd': ['/usr/bin/cmake', '/home/strain-drone/Documents/drone_position_hold/ros2_ws/src/mocap4r2/mocap4r2_marker_viz/mocap4r2_marker_publisher', '-DCMAKE_INSTALL_PREFIX=/home/strain-drone/Documents/drone_position_hold/ros2_ws/src/install/mocap4r2_marker_publisher'], 'cwd': '/home/strain-drone/Documents/drone_position_hold/ros2_ws/src/build/mocap4r2_marker_publisher', 'env': OrderedDict({'LESSOPEN': '| /usr/bin/lesspipe %s', 'USER': 'strain-drone', 'SSH_CLIENT': '100.125.10.128 53782 22', 'XDG_SESSION_TYPE': 'tty', 'GIT_ASKPASS': '/home/strain-drone/.vscode-server/cli/servers/Stable-b6a47e94e326b5c209d118cf0f994d6065585705/server/extensions/git/dist/askpass.sh', 'SHLVL': '2', 'LD_LIBRARY_PATH': '/home/strain-drone/Documents/drone_position_hold/ros2_ws/src/install/mocap4r2_msgs/lib:/opt/ros/jazzy/opt/rviz_ogre_vendor/lib:/opt/ros/jazzy/lib/aarch64-linux-gnu:/opt/ros/jazzy/opt/gz_math_vendor/lib:/opt/ros/jazzy/opt/gz_utils_vendor/lib:/opt/ros/jazzy/opt/gz_cmake_vendor/lib:/opt/ros/jazzy/lib:/home/strain-drone/Documents/drone_position_hold/ros2_ws/src/natnet_ros2/deps/NatNetSDK/lib:/home/strain-drone/Documents/drone_position_hold/ros2_ws/src/natnet_ros2/deps/NatNetSDK/lib', 'BROWSER': '/home/strain-drone/.vscode-server/cli/servers/Stable-b6a47e94e326b5c209d118cf0f994d6065585705/server/bin/helpers/browser.sh', 'HOME': '/home/strain-drone', 'TERM_PROGRAM_VERSION': '1.109.3', 'VSCODE_IPC_HOOK_CLI': '/run/user/1002/vscode-ipc-7f844f56-ced9-4e8e-9017-09603271f316.sock', 'ROS_PYTHON_VERSION': '3', 'VSCODE_GIT_ASKPASS_MAIN': '/home/strain-drone/.vscode-server/cli/servers/Stable-b6a47e94e326b5c209d118cf0f994d6065585705/server/extensions/git/dist/askpass-main.js', 'PS1': '\\[\x1b]633;A\x07\\]\\[\\e]0;\\u@\\h: \\w\\a\\]${debian_chroot:+($debian_chroot)}\\[\\033[01;32m\\]\\u@\\h\\[\\033[00m\\]:\\[\\033[01;34m\\]\\w\\[\\033[00m\\]\\$ \\[\x1b]633;B\x07\\]', 'VSCODE_GIT_ASKPASS_NODE': '/home/strain-drone/.vscode-server/cli/servers/Stable-b6a47e94e326b5c209d118cf0f994d6065585705/server/node', 'SSL_CERT_FILE': '/usr/lib/ssl/cert.pem', 'VSCODE_PYTHON_AUTOACTIVATE_GUARD': '1', 'DBUS_SESSION_BUS_ADDRESS': 'unix:path=/run/user/1002/bus', 'COLORTERM': 'truecolor', 'DEBUGINFOD_URLS': 'https://debuginfod.ubuntu.com', 'ROS_DISTRO': 'jazzy', 'LOGNAME': 'strain-drone', '_': '/usr/bin/colcon', 'ROS_VERSION': '2', 'XDG_SESSION_CLASS': 'user', 'TERM': 'xterm-256color', 'XDG_SESSION_ID': '12', 'PATH': '/home/strain-drone/.vscode-server/data/User/globalStorage/github.copilot-chat/debugCommand:/home/strain-drone/.vscode-server/data/User/globalStorage/github.copilot-chat/copilotCli:/home/strain-drone/.vscode-server/cli/servers/Stable-b6a47e94e326b5c209d118cf0f994d6065585705/server/bin/remote-cli:/usr/lib/ccache:/home/strain-drone/Documents/ardupilot/Tools/autotest:/opt/gcc-arm-none-eabi-10-2020-q4-major/bin:/home/strain-drone/venv-ardupilot/bin:/home/strain-drone/.local/bin:/opt/ros/jazzy/bin:/usr/lib/ccache:/home/strain-drone/Documents/ardupilot/Tools/autotest:/opt/gcc-arm-none-eabi-10-2020-q4-major/bin:/home/strain-drone/venv-ardupilot/bin:/home/strain-drone/.local/bin:/usr/local/sbin:/usr/local/bin:/usr/sbin:/usr/bin:/sbin:/bin:/usr/games:/usr/local/games:/snap/bin:/home/strain-drone/.local/bin:/home/strain-drone/.local/bin:/home/strain-drone/.local/bin:/home/strain-drone/.local/bin', 'XDG_RUNTIME_DIR': '/run/user/1002', 'SSL_CERT_DIR': '/usr/lib/ssl/certs', 'LANG': 'en_US.UTF-8', 'VIRTUAL_ENV_PROMPT': '(venv-ardupilot)', 'LS_COLORS': 'rs=0:di=01;34:ln=01;36:mh=00:pi=40;33:so=01;35:do=01;35:bd=40;33;01:cd=40;33;01:or=40;31;01:mi=00:su=37;41:sg=30;43:ca=00:tw=30;42:ow=34;42:st=37;44:ex=01;32:*.tar=01;31:*.tgz=01;31:*.arc=01;31:*.arj=01;31:*.taz=01;31:*.lha=01;31:*.lz4=01;31:*.lzh=01;31:*.lzma=01;31:*.tlz=01;31:*.txz=01;31:*.tzo=01;31:*.t7z=01;31:*.zip=01;31:*.z=01;31:*.dz=01;31:*.gz=01;31:*.lrz=01;31:*.lz=01;31:*.lzo=01;31:*.xz=01;31:*.zst=01;31:*.tzst=01;31:*.bz2=01;31:*.bz=01;31:*.tbz=01;31:*.tbz2=01;31:*.tz=01;31:*.deb=01;31:*.rpm=01;31:*.jar=01;31:*.war=01;31:*.ear=01;31:*.sar=01;31:*.rar=01;31:*.alz=01;31:*.ace=01;31:*.zoo=01;31:*.cpio=01;31:*.7z=01;31:*.rz=01;31:*.cab=01;31:*.wim=01;31:*.swm=01;31:*.dwm=01;31:*.esd=01;31:*.avif=01;35:*.jpg=01;35:*.jpeg=01;35:*.mjpg=01;35:*.mjpeg=01;35:*.gif=01;35:*.bmp=01;35:*.pbm=01;35:*.pgm=01;35:*.ppm=01;35:*.tga=01;35:*.xbm=01;35:*.xpm=01;35:*.tif=01;35:*.tiff=01;35:*.png=01;35:*.svg=01;35:*.svgz=01;35:*.mng=01;35:*.pcx=01;35:*.mov=01;35:*.mpg=01;35:*.mpeg=01;35:*.m2v=01;35:*.mkv=01;35:*.webm=01;35:*.webp=01;35:*.ogm=01;35:*.mp4=01;35:*.m4v=01;35:*.mp4v=01;35:*.vob=01;35:*.qt=01;35:*.nuv=01;35:*.wmv=01;35:*.asf=01;35:*.rm=01;35:*.rmvb=01;35:*.flc=01;35:*.avi=01;35:*.fli=01;35:*.flv=01;35:*.gl=01;35:*.dl=01;35:*.xcf=01;35:*.xwd=01;35:*.yuv=01;35:*.cgm=01;35:*.emf=01;35:*.ogv=01;35:*.ogx=01;35:*.aac=00;36:*.au=00;36:*.flac=00;36:*.m4a=00;36:*.mid=00;36:*.midi=00;36:*.mka=00;36:*.mp3=00;36:*.mpc=00;36:*.ogg=00;36:*.ra=00;36:*.wav=00;36:*.oga=00;36:*.opus=00;36:*.spx=00;36:*.xspf=00;36:*~=00;90:*#=00;90:*.bak=00;90:*.crdownload=00;90:*.dpkg-dist=00;90:*.dpkg-new=00;90:*.dpkg-old=00;90:*.dpkg-tmp=00;90:*.old=00;90:*.orig=00;90:*.part=00;90:*.rej=00;90:*.rpmnew=00;90:*.rpmorig=00;90:*.rpmsave=00;90:*.swp=00;90:*.tmp=00;90:*.ucf-dist=00;90:*.ucf-new=00;90:*.ucf-old=00;90:', 'VSCODE_GIT_IPC_HANDLE': '/run/user/1002/vscode-git-227cc40744.sock', 'TERM_PROGRAM': 'vscode', 'ROS_DOMAIN_ID': '1', 'AMENT_PREFIX_PATH': '/home/strain-drone/Documents/drone_position_hold/ros2_ws/src/install/mocap4r2_msgs:/opt/ros/jazzy', 'SHELL': '/bin/bash', 'LESSCLOSE': '/usr/bin/lesspipe %s %s', 'VIRTUAL_ENV': '/home/strain-drone/venv-ardupilot', 'ROS_AUTOMATIC_DISCOVERY_RANGE': 'SUBNET', 'VSCODE_GIT_ASKPASS_EXTRA_ARGS': '', 'PWD': '/home/strain-drone/Documents/drone_position_hold/ros2_ws/src/build/mocap4r2_marker_publisher', 'LC_ALL': 'en_US.UTF-8', 'SSH_CONNECTION': '100.125.10.128 53782 100.96.124.69 22', 'XDG_DATA_DIRS': '/usr/share/gnome:/usr/local/share:/usr/share:/var/lib/snapd/desktop', 'PYTHONPATH': '/home/strain-drone/Documents/drone_position_hold/ros2_ws/src/install/mocap4r2_msgs/lib/python3.12/site-packages:/opt/ros/jazzy/lib/python3.12/site-packages', 'COLCON': '1', 'CMAKE_PREFIX_PATH': '/home/strain-drone/Documents/drone_position_hold/ros2_ws/src/install/mocap4r2_msgs:/opt/ros/jazzy/opt/gz_math_vendor:/opt/ros/jazzy/opt/gz_utils_vendor:/opt/ros/jazzy/opt/gz_cmake_vendor:/opt/ros/jazzy'}), 'shell': False}
[28.811095] (-) TimerEvent: {}
[28.879478] (mocap4r2_control) StdoutLine: {'line': b'[ 57%] Built target mocap4r2_control\n'}
[28.915409] (-) TimerEvent: {}
[28.938781] (mocap4r2_control) StdoutLine: {'line': b'[ 64%] \x1b[32mBuilding CXX object CMakeFiles/auxiliar_main.dir/src/auxiliar_main.cpp.o\x1b[0m\n'}
[28.978495] (mocap4r2_marker_publisher) StdoutLine: {'line': b'-- The C compiler identification is GNU 13.3.0\n'}
[28.994176] (mocap4r2_control) StdoutLine: {'line': b'[ 71%] \x1b[32mBuilding CXX object test/CMakeFiles/test_auxiliar.dir/test_auxiliar.cpp.o\x1b[0m\n'}
[28.998008] (mocap4r2_control) StdoutLine: {'line': b'[ 78%] \x1b[32mBuilding CXX object test/CMakeFiles/test_control.dir/test_control.cpp.o\x1b[0m\n'}
[29.003641] (mocap4r2_control) StdoutLine: {'line': b'[ 85%] \x1b[32m\x1b[1mLinking CXX executable auxiliar_main\x1b[0m\n'}
[29.015544] (-) TimerEvent: {}
[29.033420] (natnet_ros2) StdoutLine: {'line': b'-- Found ament_cmake_ros: 0.12.0 (/opt/ros/jazzy/share/ament_cmake_ros/cmake)\n'}
[29.115687] (-) TimerEvent: {}
[29.155724] (visualizer) StdoutLine: {'line': b'running egg_info\n'}
[29.160420] (visualizer) StdoutLine: {'line': b'creating ../build/visualizer/visualizer.egg-info\n'}
[29.165651] (mocap4r2_control) StdoutLine: {'line': b'[ 92%] \x1b[32m\x1b[1mLinking CXX executable test_control\x1b[0m\n'}
[29.178537] (mocap4r2_control) StdoutLine: {'line': b'[100%] \x1b[32m\x1b[1mLinking CXX executable test_auxiliar\x1b[0m\n'}
[29.202980] (mocap4r2_marker_publisher) StdoutLine: {'line': b'-- The CXX compiler identification is GNU 13.3.0\n'}
[29.218464] (-) TimerEvent: {}
[29.222578] (visualizer) StdoutLine: {'line': b'writing ../build/visualizer/visualizer.egg-info/PKG-INFO\n'}
[29.225269] (visualizer) StdoutLine: {'line': b'writing dependency_links to ../build/visualizer/visualizer.egg-info/dependency_links.txt\n'}
[29.225584] (visualizer) StdoutLine: {'line': b'writing entry points to ../build/visualizer/visualizer.egg-info/entry_points.txt\n'}
[29.237388] (visualizer) StdoutLine: {'line': b'writing requirements to ../build/visualizer/visualizer.egg-info/requires.txt\n'}
[29.237708] (visualizer) StdoutLine: {'line': b'writing top-level names to ../build/visualizer/visualizer.egg-info/top_level.txt\n'}
[29.237850] (visualizer) StdoutLine: {'line': b"writing manifest file '../build/visualizer/visualizer.egg-info/SOURCES.txt'\n"}
[29.318616] (-) TimerEvent: {}
[29.339040] (mocap4r2_marker_publisher) StdoutLine: {'line': b'-- Detecting C compiler ABI info\n'}
[29.395455] (visualizer) StdoutLine: {'line': b"reading manifest file '../build/visualizer/visualizer.egg-info/SOURCES.txt'\n"}
[29.405570] (visualizer) StdoutLine: {'line': b"writing manifest file '../build/visualizer/visualizer.egg-info/SOURCES.txt'\n"}
[29.406723] (visualizer) StdoutLine: {'line': b'running build\n'}
[29.407240] (visualizer) StdoutLine: {'line': b'running build_py\n'}
[29.407447] (visualizer) StdoutLine: {'line': b'creating /home/strain-drone/Documents/drone_position_hold/ros2_ws/src/build/visualizer/build\n'}
[29.407601] (visualizer) StdoutLine: {'line': b'creating /home/strain-drone/Documents/drone_position_hold/ros2_ws/src/build/visualizer/build/lib\n'}
[29.407728] (visualizer) StdoutLine: {'line': b'creating /home/strain-drone/Documents/drone_position_hold/ros2_ws/src/build/visualizer/build/lib/visualizer\n'}
[29.407864] (visualizer) StdoutLine: {'line': b'copying visualizer/__init__.py -> /home/strain-drone/Documents/drone_position_hold/ros2_ws/src/build/visualizer/build/lib/visualizer\n'}
[29.407981] (visualizer) StdoutLine: {'line': b'copying visualizer/run_visualizer.py -> /home/strain-drone/Documents/drone_position_hold/ros2_ws/src/build/visualizer/build/lib/visualizer\n'}
[29.408106] (visualizer) StdoutLine: {'line': b'running install\n'}
[29.426059] (visualizer) StdoutLine: {'line': b'running install_lib\n'}
[29.426471] (-) TimerEvent: {}
[29.527075] (-) TimerEvent: {}
[29.632549] (-) TimerEvent: {}
[29.715310] (visualizer) StdoutLine: {'line': b'creating /home/strain-drone/Documents/drone_position_hold/ros2_ws/src/install/visualizer/lib/python3.12/site-packages/visualizer\n'}
[29.716145] (visualizer) StdoutLine: {'line': b'copying /home/strain-drone/Documents/drone_position_hold/ros2_ws/src/build/visualizer/build/lib/visualizer/__init__.py -> /home/strain-drone/Documents/drone_position_hold/ros2_ws/src/install/visualizer/lib/python3.12/site-packages/visualizer\n'}
[29.716448] (visualizer) StdoutLine: {'line': b'copying /home/strain-drone/Documents/drone_position_hold/ros2_ws/src/build/visualizer/build/lib/visualizer/run_visualizer.py -> /home/strain-drone/Documents/drone_position_hold/ros2_ws/src/install/visualizer/lib/python3.12/site-packages/visualizer\n'}
[29.718649] (visualizer) StdoutLine: {'line': b'byte-compiling /home/strain-drone/Documents/drone_position_hold/ros2_ws/src/install/visualizer/lib/python3.12/site-packages/visualizer/__init__.py to __init__.cpython-312.pyc\n'}
[29.719137] (visualizer) StdoutLine: {'line': b'byte-compiling /home/strain-drone/Documents/drone_position_hold/ros2_ws/src/install/visualizer/lib/python3.12/site-packages/visualizer/run_visualizer.py to run_visualizer.cpython-312.pyc\n'}
[29.731038] (visualizer) StdoutLine: {'line': b'running install_data\n'}
[29.733908] (visualizer) StdoutLine: {'line': b'creating /home/strain-drone/Documents/drone_position_hold/ros2_ws/src/install/visualizer/share/ament_index\n'}
[29.734500] (-) TimerEvent: {}
[29.735043] (visualizer) StdoutLine: {'line': b'creating /home/strain-drone/Documents/drone_position_hold/ros2_ws/src/install/visualizer/share/ament_index/resource_index\n'}
[29.735612] (visualizer) StdoutLine: {'line': b'creating /home/strain-drone/Documents/drone_position_hold/ros2_ws/src/install/visualizer/share/ament_index/resource_index/packages\n'}
[29.736233] (visualizer) StdoutLine: {'line': b'copying resource/visualizer -> /home/strain-drone/Documents/drone_position_hold/ros2_ws/src/install/visualizer/share/ament_index/resource_index/packages\n'}
[29.738089] (visualizer) StdoutLine: {'line': b'copying package.xml -> /home/strain-drone/Documents/drone_position_hold/ros2_ws/src/install/visualizer/share/visualizer\n'}
[29.738306] (visualizer) StdoutLine: {'line': b'running install_egg_info\n'}
[29.836567] (-) TimerEvent: {}
[29.934833] (visualizer) StdoutLine: {'line': b'Copying ../build/visualizer/visualizer.egg-info to /home/strain-drone/Documents/drone_position_hold/ros2_ws/src/install/visualizer/lib/python3.12/site-packages/visualizer-0.0.0-py3.12.egg-info\n'}
[29.939611] (-) TimerEvent: {}
[29.943290] (visualizer) StdoutLine: {'line': b'running install_scripts\n'}
[30.042625] (-) TimerEvent: {}
[30.094272] (mocap4r2_marker_publisher) StdoutLine: {'line': b'-- Detecting C compiler ABI info - done\n'}
[30.144553] (-) TimerEvent: {}
[30.177535] (mocap4r2_marker_publisher) StdoutLine: {'line': b'-- Check for working C compiler: /usr/lib/ccache/cc - skipped\n'}
[30.193563] (mocap4r2_marker_publisher) StdoutLine: {'line': b'-- Detecting C compile features\n'}
[30.194212] (mocap4r2_marker_publisher) StdoutLine: {'line': b'-- Detecting C compile features - done\n'}
[30.244673] (-) TimerEvent: {}
[30.297416] (mocap4r2_marker_publisher) StdoutLine: {'line': b'-- Detecting CXX compiler ABI info\n'}
[30.346469] (-) TimerEvent: {}
[30.447029] (-) TimerEvent: {}
[30.547587] (-) TimerEvent: {}
[30.650390] (-) TimerEvent: {}
[30.753442] (-) TimerEvent: {}
[30.854047] (-) TimerEvent: {}
[30.955240] (-) TimerEvent: {}
[30.999050] (visualizer) StdoutLine: {'line': b'Installing run_visualizer script to /home/strain-drone/Documents/drone_position_hold/ros2_ws/src/install/visualizer/lib/visualizer\n'}
[30.999467] (visualizer) StdoutLine: {'line': b"writing list of installed files to '/home/strain-drone/Documents/drone_position_hold/ros2_ws/src/build/visualizer/install.log'\n"}
[31.014565] (mocap4r2_marker_publisher) StdoutLine: {'line': b'-- Detecting CXX compiler ABI info - done\n'}
[31.056564] (-) TimerEvent: {}
[31.113470] (mocap4r2_marker_publisher) StdoutLine: {'line': b'-- Check for working CXX compiler: /usr/lib/ccache/c++ - skipped\n'}
[31.114251] (mocap4r2_marker_publisher) StdoutLine: {'line': b'-- Detecting CXX compile features\n'}
[31.117062] (mocap4r2_marker_publisher) StdoutLine: {'line': b'-- Detecting CXX compile features - done\n'}
[31.157597] (mocap4r2_marker_publisher) StdoutLine: {'line': b'-- Found ament_cmake: 2.5.4 (/opt/ros/jazzy/share/ament_cmake/cmake)\n'}
[31.158223] (-) TimerEvent: {}
[31.265796] (visualizer) CommandEnded: {'returncode': 0}
[31.275883] (-) TimerEvent: {}
[31.382567] (-) TimerEvent: {}
[31.392959] (visualizer) JobEnded: {'identifier': 'visualizer', 'rc': 0}
[31.404436] (mocap4r2_marker_viz) JobStarted: {'identifier': 'mocap4r2_marker_viz'}
[31.484676] (-) TimerEvent: {}
[31.517790] (mocap4r2_marker_viz) JobProgress: {'identifier': 'mocap4r2_marker_viz', 'progress': 'cmake'}
[31.525228] (mocap4r2_marker_viz) Command: {'cmd': ['/usr/bin/cmake', '/home/strain-drone/Documents/drone_position_hold/ros2_ws/src/mocap4r2/mocap4r2_marker_viz/mocap4r2_marker_viz', '-DCMAKE_INSTALL_PREFIX=/home/strain-drone/Documents/drone_position_hold/ros2_ws/src/install/mocap4r2_marker_viz'], 'cwd': '/home/strain-drone/Documents/drone_position_hold/ros2_ws/src/build/mocap4r2_marker_viz', 'env': OrderedDict({'LESSOPEN': '| /usr/bin/lesspipe %s', 'USER': 'strain-drone', 'SSH_CLIENT': '100.125.10.128 53782 22', 'XDG_SESSION_TYPE': 'tty', 'GIT_ASKPASS': '/home/strain-drone/.vscode-server/cli/servers/Stable-b6a47e94e326b5c209d118cf0f994d6065585705/server/extensions/git/dist/askpass.sh', 'SHLVL': '2', 'LD_LIBRARY_PATH': '/home/strain-drone/Documents/drone_position_hold/ros2_ws/src/install/mocap4r2_msgs/lib:/home/strain-drone/Documents/drone_position_hold/ros2_ws/src/install/mocap4r2_marker_viz_srvs/lib:/opt/ros/jazzy/opt/rviz_ogre_vendor/lib:/opt/ros/jazzy/lib/aarch64-linux-gnu:/opt/ros/jazzy/opt/gz_math_vendor/lib:/opt/ros/jazzy/opt/gz_utils_vendor/lib:/opt/ros/jazzy/opt/gz_cmake_vendor/lib:/opt/ros/jazzy/lib:/home/strain-drone/Documents/drone_position_hold/ros2_ws/src/natnet_ros2/deps/NatNetSDK/lib:/home/strain-drone/Documents/drone_position_hold/ros2_ws/src/natnet_ros2/deps/NatNetSDK/lib', 'BROWSER': '/home/strain-drone/.vscode-server/cli/servers/Stable-b6a47e94e326b5c209d118cf0f994d6065585705/server/bin/helpers/browser.sh', 'HOME': '/home/strain-drone', 'TERM_PROGRAM_VERSION': '1.109.3', 'VSCODE_IPC_HOOK_CLI': '/run/user/1002/vscode-ipc-7f844f56-ced9-4e8e-9017-09603271f316.sock', 'ROS_PYTHON_VERSION': '3', 'VSCODE_GIT_ASKPASS_MAIN': '/home/strain-drone/.vscode-server/cli/servers/Stable-b6a47e94e326b5c209d118cf0f994d6065585705/server/extensions/git/dist/askpass-main.js', 'PS1': '\\[\x1b]633;A\x07\\]\\[\\e]0;\\u@\\h: \\w\\a\\]${debian_chroot:+($debian_chroot)}\\[\\033[01;32m\\]\\u@\\h\\[\\033[00m\\]:\\[\\033[01;34m\\]\\w\\[\\033[00m\\]\\$ \\[\x1b]633;B\x07\\]', 'VSCODE_GIT_ASKPASS_NODE': '/home/strain-drone/.vscode-server/cli/servers/Stable-b6a47e94e326b5c209d118cf0f994d6065585705/server/node', 'SSL_CERT_FILE': '/usr/lib/ssl/cert.pem', 'VSCODE_PYTHON_AUTOACTIVATE_GUARD': '1', 'DBUS_SESSION_BUS_ADDRESS': 'unix:path=/run/user/1002/bus', 'COLORTERM': 'truecolor', 'DEBUGINFOD_URLS': 'https://debuginfod.ubuntu.com', 'ROS_DISTRO': 'jazzy', 'LOGNAME': 'strain-drone', '_': '/usr/bin/colcon', 'ROS_VERSION': '2', 'XDG_SESSION_CLASS': 'user', 'TERM': 'xterm-256color', 'XDG_SESSION_ID': '12', 'PATH': '/home/strain-drone/.vscode-server/data/User/globalStorage/github.copilot-chat/debugCommand:/home/strain-drone/.vscode-server/data/User/globalStorage/github.copilot-chat/copilotCli:/home/strain-drone/.vscode-server/cli/servers/Stable-b6a47e94e326b5c209d118cf0f994d6065585705/server/bin/remote-cli:/usr/lib/ccache:/home/strain-drone/Documents/ardupilot/Tools/autotest:/opt/gcc-arm-none-eabi-10-2020-q4-major/bin:/home/strain-drone/venv-ardupilot/bin:/home/strain-drone/.local/bin:/opt/ros/jazzy/bin:/usr/lib/ccache:/home/strain-drone/Documents/ardupilot/Tools/autotest:/opt/gcc-arm-none-eabi-10-2020-q4-major/bin:/home/strain-drone/venv-ardupilot/bin:/home/strain-drone/.local/bin:/usr/local/sbin:/usr/local/bin:/usr/sbin:/usr/bin:/sbin:/bin:/usr/games:/usr/local/games:/snap/bin:/home/strain-drone/.local/bin:/home/strain-drone/.local/bin:/home/strain-drone/.local/bin:/home/strain-drone/.local/bin', 'XDG_RUNTIME_DIR': '/run/user/1002', 'SSL_CERT_DIR': '/usr/lib/ssl/certs', 'LANG': 'en_US.UTF-8', 'VIRTUAL_ENV_PROMPT': '(venv-ardupilot)', 'LS_COLORS': 'rs=0:di=01;34:ln=01;36:mh=00:pi=40;33:so=01;35:do=01;35:bd=40;33;01:cd=40;33;01:or=40;31;01:mi=00:su=37;41:sg=30;43:ca=00:tw=30;42:ow=34;42:st=37;44:ex=01;32:*.tar=01;31:*.tgz=01;31:*.arc=01;31:*.arj=01;31:*.taz=01;31:*.lha=01;31:*.lz4=01;31:*.lzh=01;31:*.lzma=01;31:*.tlz=01;31:*.txz=01;31:*.tzo=01;31:*.t7z=01;31:*.zip=01;31:*.z=01;31:*.dz=01;31:*.gz=01;31:*.lrz=01;31:*.lz=01;31:*.lzo=01;31:*.xz=01;31:*.zst=01;31:*.tzst=01;31:*.bz2=01;31:*.bz=01;31:*.tbz=01;31:*.tbz2=01;31:*.tz=01;31:*.deb=01;31:*.rpm=01;31:*.jar=01;31:*.war=01;31:*.ear=01;31:*.sar=01;31:*.rar=01;31:*.alz=01;31:*.ace=01;31:*.zoo=01;31:*.cpio=01;31:*.7z=01;31:*.rz=01;31:*.cab=01;31:*.wim=01;31:*.swm=01;31:*.dwm=01;31:*.esd=01;31:*.avif=01;35:*.jpg=01;35:*.jpeg=01;35:*.mjpg=01;35:*.mjpeg=01;35:*.gif=01;35:*.bmp=01;35:*.pbm=01;35:*.pgm=01;35:*.ppm=01;35:*.tga=01;35:*.xbm=01;35:*.xpm=01;35:*.tif=01;35:*.tiff=01;35:*.png=01;35:*.svg=01;35:*.svgz=01;35:*.mng=01;35:*.pcx=01;35:*.mov=01;35:*.mpg=01;35:*.mpeg=01;35:*.m2v=01;35:*.mkv=01;35:*.webm=01;35:*.webp=01;35:*.ogm=01;35:*.mp4=01;35:*.m4v=01;35:*.mp4v=01;35:*.vob=01;35:*.qt=01;35:*.nuv=01;35:*.wmv=01;35:*.asf=01;35:*.rm=01;35:*.rmvb=01;35:*.flc=01;35:*.avi=01;35:*.fli=01;35:*.flv=01;35:*.gl=01;35:*.dl=01;35:*.xcf=01;35:*.xwd=01;35:*.yuv=01;35:*.cgm=01;35:*.emf=01;35:*.ogv=01;35:*.ogx=01;35:*.aac=00;36:*.au=00;36:*.flac=00;36:*.m4a=00;36:*.mid=00;36:*.midi=00;36:*.mka=00;36:*.mp3=00;36:*.mpc=00;36:*.ogg=00;36:*.ra=00;36:*.wav=00;36:*.oga=00;36:*.opus=00;36:*.spx=00;36:*.xspf=00;36:*~=00;90:*#=00;90:*.bak=00;90:*.crdownload=00;90:*.dpkg-dist=00;90:*.dpkg-new=00;90:*.dpkg-old=00;90:*.dpkg-tmp=00;90:*.old=00;90:*.orig=00;90:*.part=00;90:*.rej=00;90:*.rpmnew=00;90:*.rpmorig=00;90:*.rpmsave=00;90:*.swp=00;90:*.tmp=00;90:*.ucf-dist=00;90:*.ucf-new=00;90:*.ucf-old=00;90:', 'VSCODE_GIT_IPC_HANDLE': '/run/user/1002/vscode-git-227cc40744.sock', 'TERM_PROGRAM': 'vscode', 'ROS_DOMAIN_ID': '1', 'AMENT_PREFIX_PATH': '/home/strain-drone/Documents/drone_position_hold/ros2_ws/src/install/mocap4r2_msgs:/home/strain-drone/Documents/drone_position_hold/ros2_ws/src/install/mocap4r2_marker_viz_srvs:/opt/ros/jazzy', 'SHELL': '/bin/bash', 'LESSCLOSE': '/usr/bin/lesspipe %s %s', 'VIRTUAL_ENV': '/home/strain-drone/venv-ardupilot', 'ROS_AUTOMATIC_DISCOVERY_RANGE': 'SUBNET', 'VSCODE_GIT_ASKPASS_EXTRA_ARGS': '', 'PWD': '/home/strain-drone/Documents/drone_position_hold/ros2_ws/src/build/mocap4r2_marker_viz', 'LC_ALL': 'en_US.UTF-8', 'SSH_CONNECTION': '100.125.10.128 53782 100.96.124.69 22', 'XDG_DATA_DIRS': '/usr/share/gnome:/usr/local/share:/usr/share:/var/lib/snapd/desktop', 'PYTHONPATH': '/home/strain-drone/Documents/drone_position_hold/ros2_ws/src/install/mocap4r2_msgs/lib/python3.12/site-packages:/home/strain-drone/Documents/drone_position_hold/ros2_ws/src/install/mocap4r2_marker_viz_srvs/lib/python3.12/site-packages:/opt/ros/jazzy/lib/python3.12/site-packages', 'COLCON': '1', 'CMAKE_PREFIX_PATH': '/home/strain-drone/Documents/drone_position_hold/ros2_ws/src/install/mocap4r2_msgs:/home/strain-drone/Documents/drone_position_hold/ros2_ws/src/install/mocap4r2_marker_viz_srvs:/opt/ros/jazzy/opt/gz_math_vendor:/opt/ros/jazzy/opt/gz_utils_vendor:/opt/ros/jazzy/opt/gz_cmake_vendor:/opt/ros/jazzy'}), 'shell': False}
[31.593486] (-) TimerEvent: {}
[31.649996] (mocap4r2_control) StdoutLine: {'line': b'[100%] Built target auxiliar_main\n'}
[31.696314] (-) TimerEvent: {}
[31.797870] (-) TimerEvent: {}
[31.900746] (-) TimerEvent: {}
[32.001832] (-) TimerEvent: {}
[32.089455] (mocap4r2_marker_viz) StdoutLine: {'line': b'-- The C compiler identification is GNU 13.3.0\n'}
[32.102084] (-) TimerEvent: {}
[32.203171] (-) TimerEvent: {}
[32.308848] (-) TimerEvent: {}
[32.373454] (mocap4r2_marker_publisher) StdoutLine: {'line': b'-- Found Python3: /home/strain-drone/venv-ardupilot/bin/python3 (found version "3.12.3") found components: Interpreter \n'}
[32.408985] (-) TimerEvent: {}
[32.510413] (-) TimerEvent: {}
[32.529541] (mocap4r2_marker_viz) StdoutLine: {'line': b'-- The CXX compiler identification is GNU 13.3.0\n'}
[32.610601] (-) TimerEvent: {}
[32.659417] (mocap4r2_marker_viz) StdoutLine: {'line': b'-- Detecting C compiler ABI info\n'}
[32.685505] (mocap4r2_control) StdoutLine: {'line': b'[100%] Built target test_auxiliar\n'}
[32.710790] (-) TimerEvent: {}
[32.737065] (mocap4r2_marker_publisher) StdoutLine: {'line': b'-- Found rclcpp: 28.1.9 (/opt/ros/jazzy/share/rclcpp/cmake)\n'}
[32.810933] (-) TimerEvent: {}
[32.828035] (mocap4r2_marker_publisher) StdoutLine: {'line': b'-- Found rosidl_generator_c: 4.6.5 (/opt/ros/jazzy/share/rosidl_generator_c/cmake)\n'}
[32.864451] (mocap4r2_marker_publisher) StdoutLine: {'line': b'-- Found rosidl_generator_cpp: 4.6.5 (/opt/ros/jazzy/share/rosidl_generator_cpp/cmake)\n'}
[32.892384] (mocap4r2_marker_viz) StdoutLine: {'line': b'-- Detecting C compiler ABI info - done\n'}
[32.912535] (mocap4r2_marker_publisher) StdoutLine: {'line': b'-- Using all available rosidl_typesupport_c: rosidl_typesupport_fastrtps_c;rosidl_typesupport_introspection_c\n'}
[32.914482] (-) TimerEvent: {}
[32.919755] (mocap4r2_marker_viz) StdoutLine: {'line': b'-- Check for working C compiler: /usr/lib/ccache/cc - skipped\n'}
[32.921352] (mocap4r2_marker_viz) StdoutLine: {'line': b'-- Detecting C compile features\n'}
[32.923156] (mocap4r2_marker_viz) StdoutLine: {'line': b'-- Detecting C compile features - done\n'}
[32.951377] (mocap4r2_marker_viz) StdoutLine: {'line': b'-- Detecting CXX compiler ABI info\n'}
[32.957215] (mocap4r2_marker_publisher) StdoutLine: {'line': b'-- Using all available rosidl_typesupport_cpp: rosidl_typesupport_fastrtps_cpp;rosidl_typesupport_introspection_cpp\n'}
[33.014604] (-) TimerEvent: {}
[33.109656] (mocap4r2_marker_publisher) StdoutLine: {'line': b'-- Found rmw_implementation_cmake: 7.3.2 (/opt/ros/jazzy/share/rmw_implementation_cmake/cmake)\n'}
[33.114820] (-) TimerEvent: {}
[33.116049] (mocap4r2_marker_publisher) StdoutLine: {'line': b'-- Found rmw_fastrtps_cpp: 8.4.2 (/opt/ros/jazzy/share/rmw_fastrtps_cpp/cmake)\n'}
[33.189150] (mocap4r2_control) StdoutLine: {'line': b'[100%] Built target test_control\n'}
[33.208411] (mocap4r2_marker_viz) StdoutLine: {'line': b'-- Detecting CXX compiler ABI info - done\n'}
[33.214976] (-) TimerEvent: {}
[33.227613] (mocap4r2_marker_viz) StdoutLine: {'line': b'-- Check for working CXX compiler: /usr/lib/ccache/c++ - skipped\n'}
[33.228121] (mocap4r2_marker_viz) StdoutLine: {'line': b'-- Detecting CXX compile features\n'}
[33.232716] (mocap4r2_marker_viz) StdoutLine: {'line': b'-- Detecting CXX compile features - done\n'}
[33.239010] (mocap4r2_marker_viz) StdoutLine: {'line': b'-- Found ament_cmake: 2.5.4 (/opt/ros/jazzy/share/ament_cmake/cmake)\n'}
[33.244567] (mocap4r2_control) CommandEnded: {'returncode': 0}
[33.246400] (mocap4r2_control) JobProgress: {'identifier': 'mocap4r2_control', 'progress': 'install'}
[33.246477] (mocap4r2_control) Command: {'cmd': ['/usr/bin/cmake', '--install', '/home/strain-drone/Documents/drone_position_hold/ros2_ws/src/build/mocap4r2_control'], 'cwd': '/home/strain-drone/Documents/drone_position_hold/ros2_ws/src/build/mocap4r2_control', 'env': OrderedDict({'LESSOPEN': '| /usr/bin/lesspipe %s', 'USER': 'strain-drone', 'SSH_CLIENT': '100.125.10.128 53782 22', 'XDG_SESSION_TYPE': 'tty', 'GIT_ASKPASS': '/home/strain-drone/.vscode-server/cli/servers/Stable-b6a47e94e326b5c209d118cf0f994d6065585705/server/extensions/git/dist/askpass.sh', 'SHLVL': '2', 'LD_LIBRARY_PATH': '/home/strain-drone/Documents/drone_position_hold/ros2_ws/src/install/mocap4r2_control_msgs/lib:/opt/ros/jazzy/opt/rviz_ogre_vendor/lib:/opt/ros/jazzy/lib/aarch64-linux-gnu:/opt/ros/jazzy/opt/gz_math_vendor/lib:/opt/ros/jazzy/opt/gz_utils_vendor/lib:/opt/ros/jazzy/opt/gz_cmake_vendor/lib:/opt/ros/jazzy/lib:/home/strain-drone/Documents/drone_position_hold/ros2_ws/src/natnet_ros2/deps/NatNetSDK/lib:/home/strain-drone/Documents/drone_position_hold/ros2_ws/src/natnet_ros2/deps/NatNetSDK/lib', 'BROWSER': '/home/strain-drone/.vscode-server/cli/servers/Stable-b6a47e94e326b5c209d118cf0f994d6065585705/server/bin/helpers/browser.sh', 'HOME': '/home/strain-drone', 'TERM_PROGRAM_VERSION': '1.109.3', 'VSCODE_IPC_HOOK_CLI': '/run/user/1002/vscode-ipc-7f844f56-ced9-4e8e-9017-09603271f316.sock', 'ROS_PYTHON_VERSION': '3', 'VSCODE_GIT_ASKPASS_MAIN': '/home/strain-drone/.vscode-server/cli/servers/Stable-b6a47e94e326b5c209d118cf0f994d6065585705/server/extensions/git/dist/askpass-main.js', 'PS1': '\\[\x1b]633;A\x07\\]\\[\\e]0;\\u@\\h: \\w\\a\\]${debian_chroot:+($debian_chroot)}\\[\\033[01;32m\\]\\u@\\h\\[\\033[00m\\]:\\[\\033[01;34m\\]\\w\\[\\033[00m\\]\\$ \\[\x1b]633;B\x07\\]', 'VSCODE_GIT_ASKPASS_NODE': '/home/strain-drone/.vscode-server/cli/servers/Stable-b6a47e94e326b5c209d118cf0f994d6065585705/server/node', 'SSL_CERT_FILE': '/usr/lib/ssl/cert.pem', 'VSCODE_PYTHON_AUTOACTIVATE_GUARD': '1', 'DBUS_SESSION_BUS_ADDRESS': 'unix:path=/run/user/1002/bus', 'COLORTERM': 'truecolor', 'DEBUGINFOD_URLS': 'https://debuginfod.ubuntu.com', 'ROS_DISTRO': 'jazzy', 'LOGNAME': 'strain-drone', '_': '/usr/bin/colcon', 'ROS_VERSION': '2', 'XDG_SESSION_CLASS': 'user', 'TERM': 'xterm-256color', 'XDG_SESSION_ID': '12', 'PATH': '/home/strain-drone/.vscode-server/data/User/globalStorage/github.copilot-chat/debugCommand:/home/strain-drone/.vscode-server/data/User/globalStorage/github.copilot-chat/copilotCli:/home/strain-drone/.vscode-server/cli/servers/Stable-b6a47e94e326b5c209d118cf0f994d6065585705/server/bin/remote-cli:/usr/lib/ccache:/home/strain-drone/Documents/ardupilot/Tools/autotest:/opt/gcc-arm-none-eabi-10-2020-q4-major/bin:/home/strain-drone/venv-ardupilot/bin:/home/strain-drone/.local/bin:/opt/ros/jazzy/bin:/usr/lib/ccache:/home/strain-drone/Documents/ardupilot/Tools/autotest:/opt/gcc-arm-none-eabi-10-2020-q4-major/bin:/home/strain-drone/venv-ardupilot/bin:/home/strain-drone/.local/bin:/usr/local/sbin:/usr/local/bin:/usr/sbin:/usr/bin:/sbin:/bin:/usr/games:/usr/local/games:/snap/bin:/home/strain-drone/.local/bin:/home/strain-drone/.local/bin:/home/strain-drone/.local/bin:/home/strain-drone/.local/bin', 'XDG_RUNTIME_DIR': '/run/user/1002', 'SSL_CERT_DIR': '/usr/lib/ssl/certs', 'LANG': 'en_US.UTF-8', 'VIRTUAL_ENV_PROMPT': '(venv-ardupilot)', 'LS_COLORS': 'rs=0:di=01;34:ln=01;36:mh=00:pi=40;33:so=01;35:do=01;35:bd=40;33;01:cd=40;33;01:or=40;31;01:mi=00:su=37;41:sg=30;43:ca=00:tw=30;42:ow=34;42:st=37;44:ex=01;32:*.tar=01;31:*.tgz=01;31:*.arc=01;31:*.arj=01;31:*.taz=01;31:*.lha=01;31:*.lz4=01;31:*.lzh=01;31:*.lzma=01;31:*.tlz=01;31:*.txz=01;31:*.tzo=01;31:*.t7z=01;31:*.zip=01;31:*.z=01;31:*.dz=01;31:*.gz=01;31:*.lrz=01;31:*.lz=01;31:*.lzo=01;31:*.xz=01;31:*.zst=01;31:*.tzst=01;31:*.bz2=01;31:*.bz=01;31:*.tbz=01;31:*.tbz2=01;31:*.tz=01;31:*.deb=01;31:*.rpm=01;31:*.jar=01;31:*.war=01;31:*.ear=01;31:*.sar=01;31:*.rar=01;31:*.alz=01;31:*.ace=01;31:*.zoo=01;31:*.cpio=01;31:*.7z=01;31:*.rz=01;31:*.cab=01;31:*.wim=01;31:*.swm=01;31:*.dwm=01;31:*.esd=01;31:*.avif=01;35:*.jpg=01;35:*.jpeg=01;35:*.mjpg=01;35:*.mjpeg=01;35:*.gif=01;35:*.bmp=01;35:*.pbm=01;35:*.pgm=01;35:*.ppm=01;35:*.tga=01;35:*.xbm=01;35:*.xpm=01;35:*.tif=01;35:*.tiff=01;35:*.png=01;35:*.svg=01;35:*.svgz=01;35:*.mng=01;35:*.pcx=01;35:*.mov=01;35:*.mpg=01;35:*.mpeg=01;35:*.m2v=01;35:*.mkv=01;35:*.webm=01;35:*.webp=01;35:*.ogm=01;35:*.mp4=01;35:*.m4v=01;35:*.mp4v=01;35:*.vob=01;35:*.qt=01;35:*.nuv=01;35:*.wmv=01;35:*.asf=01;35:*.rm=01;35:*.rmvb=01;35:*.flc=01;35:*.avi=01;35:*.fli=01;35:*.flv=01;35:*.gl=01;35:*.dl=01;35:*.xcf=01;35:*.xwd=01;35:*.yuv=01;35:*.cgm=01;35:*.emf=01;35:*.ogv=01;35:*.ogx=01;35:*.aac=00;36:*.au=00;36:*.flac=00;36:*.m4a=00;36:*.mid=00;36:*.midi=00;36:*.mka=00;36:*.mp3=00;36:*.mpc=00;36:*.ogg=00;36:*.ra=00;36:*.wav=00;36:*.oga=00;36:*.opus=00;36:*.spx=00;36:*.xspf=00;36:*~=00;90:*#=00;90:*.bak=00;90:*.crdownload=00;90:*.dpkg-dist=00;90:*.dpkg-new=00;90:*.dpkg-old=00;90:*.dpkg-tmp=00;90:*.old=00;90:*.orig=00;90:*.part=00;90:*.rej=00;90:*.rpmnew=00;90:*.rpmorig=00;90:*.rpmsave=00;90:*.swp=00;90:*.tmp=00;90:*.ucf-dist=00;90:*.ucf-new=00;90:*.ucf-old=00;90:', 'VSCODE_GIT_IPC_HANDLE': '/run/user/1002/vscode-git-227cc40744.sock', 'TERM_PROGRAM': 'vscode', 'ROS_DOMAIN_ID': '1', 'AMENT_PREFIX_PATH': '/home/strain-drone/Documents/drone_position_hold/ros2_ws/src/install/mocap4r2_control_msgs:/opt/ros/jazzy', 'SHELL': '/bin/bash', 'LESSCLOSE': '/usr/bin/lesspipe %s %s', 'VIRTUAL_ENV': '/home/strain-drone/venv-ardupilot', 'ROS_AUTOMATIC_DISCOVERY_RANGE': 'SUBNET', 'VSCODE_GIT_ASKPASS_EXTRA_ARGS': '', 'PWD': '/home/strain-drone/Documents/drone_position_hold/ros2_ws/src/build/mocap4r2_control', 'LC_ALL': 'en_US.UTF-8', 'SSH_CONNECTION': '100.125.10.128 53782 100.96.124.69 22', 'XDG_DATA_DIRS': '/usr/share/gnome:/usr/local/share:/usr/share:/var/lib/snapd/desktop', 'PYTHONPATH': '/home/strain-drone/Documents/drone_position_hold/ros2_ws/src/install/mocap4r2_control_msgs/lib/python3.12/site-packages:/opt/ros/jazzy/lib/python3.12/site-packages', 'COLCON': '1', 'CMAKE_PREFIX_PATH': '/home/strain-drone/Documents/drone_position_hold/ros2_ws/src/install/mocap4r2_control_msgs:/opt/ros/jazzy/opt/gz_math_vendor:/opt/ros/jazzy/opt/gz_utils_vendor:/opt/ros/jazzy/opt/gz_cmake_vendor:/opt/ros/jazzy'}), 'shell': False}
[33.273848] (mocap4r2_control) StdoutLine: {'line': b'-- Install configuration: ""\n'}
[33.274293] (mocap4r2_control) StdoutLine: {'line': b'-- Installing: /home/strain-drone/Documents/drone_position_hold/ros2_ws/src/install/mocap4r2_control/include/\n'}
[33.274561] (mocap4r2_control) StdoutLine: {'line': b'-- Installing: /home/strain-drone/Documents/drone_position_hold/ros2_ws/src/install/mocap4r2_control/include//mocap4r2_control\n'}
[33.274711] (mocap4r2_control) StdoutLine: {'line': b'-- Installing: /home/strain-drone/Documents/drone_position_hold/ros2_ws/src/install/mocap4r2_control/include//mocap4r2_control/AuxiliarNode.hpp\n'}
[33.274884] (mocap4r2_control) StdoutLine: {'line': b'-- Installing: /home/strain-drone/Documents/drone_position_hold/ros2_ws/src/install/mocap4r2_control/include//mocap4r2_control/ControlledLifecycleNode.hpp\n'}
[33.275057] (mocap4r2_control) StdoutLine: {'line': b'-- Installing: /home/strain-drone/Documents/drone_position_hold/ros2_ws/src/install/mocap4r2_control/include//mocap4r2_control/ControllerNode.hpp\n'}
[33.275211] (mocap4r2_control) StdoutLine: {'line': b'-- Installing: /home/strain-drone/Documents/drone_position_hold/ros2_ws/src/install/mocap4r2_control/share/mocap4r2_control/config\n'}
[33.275343] (mocap4r2_control) StdoutLine: {'line': b'-- Installing: /home/strain-drone/Documents/drone_position_hold/ros2_ws/src/install/mocap4r2_control/share/mocap4r2_control/config/config_example.yaml\n'}
[33.275499] (mocap4r2_control) StdoutLine: {'line': b'-- Installing: /home/strain-drone/Documents/drone_position_hold/ros2_ws/src/install/mocap4r2_control/share/mocap4r2_control/launch\n'}
[33.275648] (mocap4r2_control) StdoutLine: {'line': b'-- Installing: /home/strain-drone/Documents/drone_position_hold/ros2_ws/src/install/mocap4r2_control/share/mocap4r2_control/launch/auxiliar.launch.py\n'}
[33.275889] (mocap4r2_control) StdoutLine: {'line': b'-- Installing: /home/strain-drone/Documents/drone_position_hold/ros2_ws/src/install/mocap4r2_control/lib/libmocap4r2_control.so\n'}
[33.294439] (mocap4r2_control) StdoutLine: {'line': b'-- Set non-toolchain portion of runtime path of "/home/strain-drone/Documents/drone_position_hold/ros2_ws/src/install/mocap4r2_control/lib/libmocap4r2_control.so" to ""\n'}
[33.294823] (mocap4r2_control) StdoutLine: {'line': b'-- Installing: /home/strain-drone/Documents/drone_position_hold/ros2_ws/src/install/mocap4r2_control/lib/mocap4r2_control/auxiliar_main\n'}
[33.294964] (mocap4r2_control) StdoutLine: {'line': b'-- Set non-toolchain portion of runtime path of "/home/strain-drone/Documents/drone_position_hold/ros2_ws/src/install/mocap4r2_control/lib/mocap4r2_control/auxiliar_main" to ""\n'}
[33.295187] (mocap4r2_control) StdoutLine: {'line': b'-- Installing: /home/strain-drone/Documents/drone_position_hold/ros2_ws/src/install/mocap4r2_control/share/mocap4r2_control/environment/library_path.sh\n'}
[33.295755] (mocap4r2_control) StdoutLine: {'line': b'-- Installing: /home/strain-drone/Documents/drone_position_hold/ros2_ws/src/install/mocap4r2_control/share/mocap4r2_control/environment/library_path.dsv\n'}
[33.296301] (mocap4r2_control) StdoutLine: {'line': b'-- Installing: /home/strain-drone/Documents/drone_position_hold/ros2_ws/src/install/mocap4r2_control/share/ament_index/resource_index/package_run_dependencies/mocap4r2_control\n'}
[33.296901] (mocap4r2_control) StdoutLine: {'line': b'-- Installing: /home/strain-drone/Documents/drone_position_hold/ros2_ws/src/install/mocap4r2_control/share/ament_index/resource_index/parent_prefix_path/mocap4r2_control\n'}
[33.297585] (mocap4r2_control) StdoutLine: {'line': b'-- Installing: /home/strain-drone/Documents/drone_position_hold/ros2_ws/src/install/mocap4r2_control/share/mocap4r2_control/environment/ament_prefix_path.sh\n'}
[33.298182] (mocap4r2_control) StdoutLine: {'line': b'-- Installing: /home/strain-drone/Documents/drone_position_hold/ros2_ws/src/install/mocap4r2_control/share/mocap4r2_control/environment/ament_prefix_path.dsv\n'}
[33.298631] (mocap4r2_control) StdoutLine: {'line': b'-- Installing: /home/strain-drone/Documents/drone_position_hold/ros2_ws/src/install/mocap4r2_control/share/mocap4r2_control/environment/path.sh\n'}
[33.299561] (mocap4r2_control) StdoutLine: {'line': b'-- Installing: /home/strain-drone/Documents/drone_position_hold/ros2_ws/src/install/mocap4r2_control/share/mocap4r2_control/environment/path.dsv\n'}
[33.299701] (mocap4r2_control) StdoutLine: {'line': b'-- Installing: /home/strain-drone/Documents/drone_position_hold/ros2_ws/src/install/mocap4r2_control/share/mocap4r2_control/local_setup.bash\n'}
[33.299791] (mocap4r2_control) StdoutLine: {'line': b'-- Installing: /home/strain-drone/Documents/drone_position_hold/ros2_ws/src/install/mocap4r2_control/share/mocap4r2_control/local_setup.sh\n'}
[33.299875] (mocap4r2_control) StdoutLine: {'line': b'-- Installing: /home/strain-drone/Documents/drone_position_hold/ros2_ws/src/install/mocap4r2_control/share/mocap4r2_control/local_setup.zsh\n'}
[33.299963] (mocap4r2_control) StdoutLine: {'line': b'-- Installing: /home/strain-drone/Documents/drone_position_hold/ros2_ws/src/install/mocap4r2_control/share/mocap4r2_control/local_setup.dsv\n'}
[33.300080] (mocap4r2_control) StdoutLine: {'line': b'-- Installing: /home/strain-drone/Documents/drone_position_hold/ros2_ws/src/install/mocap4r2_control/share/mocap4r2_control/package.dsv\n'}
[33.300168] (mocap4r2_control) StdoutLine: {'line': b'-- Installing: /home/strain-drone/Documents/drone_position_hold/ros2_ws/src/install/mocap4r2_control/share/ament_index/resource_index/packages/mocap4r2_control\n'}
[33.300258] (mocap4r2_control) StdoutLine: {'line': b'-- Installing: /home/strain-drone/Documents/drone_position_hold/ros2_ws/src/install/mocap4r2_control/share/mocap4r2_control/cmake/ament_cmake_export_include_directories-extras.cmake\n'}
[33.300374] (mocap4r2_control) StdoutLine: {'line': b'-- Installing: /home/strain-drone/Documents/drone_position_hold/ros2_ws/src/install/mocap4r2_control/share/mocap4r2_control/cmake/ament_cmake_export_libraries-extras.cmake\n'}
[33.300468] (mocap4r2_control) StdoutLine: {'line': b'-- Installing: /home/strain-drone/Documents/drone_position_hold/ros2_ws/src/install/mocap4r2_control/share/mocap4r2_control/cmake/ament_cmake_export_dependencies-extras.cmake\n'}
[33.302072] (mocap4r2_control) StdoutLine: {'line': b'-- Installing: /home/strain-drone/Documents/drone_position_hold/ros2_ws/src/install/mocap4r2_control/share/mocap4r2_control/cmake/mocap4r2_controlConfig.cmake\n'}
[33.302588] (mocap4r2_control) StdoutLine: {'line': b'-- Installing: /home/strain-drone/Documents/drone_position_hold/ros2_ws/src/install/mocap4r2_control/share/mocap4r2_control/cmake/mocap4r2_controlConfig-version.cmake\n'}
[33.302718] (mocap4r2_control) StdoutLine: {'line': b'-- Installing: /home/strain-drone/Documents/drone_position_hold/ros2_ws/src/install/mocap4r2_control/share/mocap4r2_control/package.xml\n'}
[33.305387] (mocap4r2_control) CommandEnded: {'returncode': 0}
[33.315215] (-) TimerEvent: {}
[33.355125] (mocap4r2_control) JobEnded: {'identifier': 'mocap4r2_control', 'rc': 0}
[33.358388] (mocap4r2_robot_gt) JobStarted: {'identifier': 'mocap4r2_robot_gt'}
[33.367553] (mocap4r2_marker_publisher) StdoutLine: {'line': b'-- Found OpenSSL: /usr/lib/aarch64-linux-gnu/libcrypto.so (found version "3.0.13")  \n'}
[33.384790] (mocap4r2_robot_gt) JobProgress: {'identifier': 'mocap4r2_robot_gt', 'progress': 'cmake'}
[33.386422] (mocap4r2_robot_gt) Command: {'cmd': ['/usr/bin/cmake', '/home/strain-drone/Documents/drone_position_hold/ros2_ws/src/mocap4r2/mocap4r2_robot_gt/mocap4r2_robot_gt', '-DCMAKE_INSTALL_PREFIX=/home/strain-drone/Documents/drone_position_hold/ros2_ws/src/install/mocap4r2_robot_gt'], 'cwd': '/home/strain-drone/Documents/drone_position_hold/ros2_ws/src/build/mocap4r2_robot_gt', 'env': OrderedDict({'LESSOPEN': '| /usr/bin/lesspipe %s', 'USER': 'strain-drone', 'SSH_CLIENT': '100.125.10.128 53782 22', 'XDG_SESSION_TYPE': 'tty', 'GIT_ASKPASS': '/home/strain-drone/.vscode-server/cli/servers/Stable-b6a47e94e326b5c209d118cf0f994d6065585705/server/extensions/git/dist/askpass.sh', 'SHLVL': '2', 'LD_LIBRARY_PATH': '/home/strain-drone/Documents/drone_position_hold/ros2_ws/src/install/mocap4r2_robot_gt_msgs/lib:/home/strain-drone/Documents/drone_position_hold/ros2_ws/src/install/mocap4r2_msgs/lib:/opt/ros/jazzy/opt/rviz_ogre_vendor/lib:/opt/ros/jazzy/lib/aarch64-linux-gnu:/opt/ros/jazzy/opt/gz_math_vendor/lib:/opt/ros/jazzy/opt/gz_utils_vendor/lib:/opt/ros/jazzy/opt/gz_cmake_vendor/lib:/opt/ros/jazzy/lib:/home/strain-drone/Documents/drone_position_hold/ros2_ws/src/natnet_ros2/deps/NatNetSDK/lib:/home/strain-drone/Documents/drone_position_hold/ros2_ws/src/natnet_ros2/deps/NatNetSDK/lib', 'BROWSER': '/home/strain-drone/.vscode-server/cli/servers/Stable-b6a47e94e326b5c209d118cf0f994d6065585705/server/bin/helpers/browser.sh', 'HOME': '/home/strain-drone', 'TERM_PROGRAM_VERSION': '1.109.3', 'VSCODE_IPC_HOOK_CLI': '/run/user/1002/vscode-ipc-7f844f56-ced9-4e8e-9017-09603271f316.sock', 'ROS_PYTHON_VERSION': '3', 'VSCODE_GIT_ASKPASS_MAIN': '/home/strain-drone/.vscode-server/cli/servers/Stable-b6a47e94e326b5c209d118cf0f994d6065585705/server/extensions/git/dist/askpass-main.js', 'PS1': '\\[\x1b]633;A\x07\\]\\[\\e]0;\\u@\\h: \\w\\a\\]${debian_chroot:+($debian_chroot)}\\[\\033[01;32m\\]\\u@\\h\\[\\033[00m\\]:\\[\\033[01;34m\\]\\w\\[\\033[00m\\]\\$ \\[\x1b]633;B\x07\\]', 'VSCODE_GIT_ASKPASS_NODE': '/home/strain-drone/.vscode-server/cli/servers/Stable-b6a47e94e326b5c209d118cf0f994d6065585705/server/node', 'SSL_CERT_FILE': '/usr/lib/ssl/cert.pem', 'VSCODE_PYTHON_AUTOACTIVATE_GUARD': '1', 'DBUS_SESSION_BUS_ADDRESS': 'unix:path=/run/user/1002/bus', 'COLORTERM': 'truecolor', 'DEBUGINFOD_URLS': 'https://debuginfod.ubuntu.com', 'ROS_DISTRO': 'jazzy', 'LOGNAME': 'strain-drone', '_': '/usr/bin/colcon', 'ROS_VERSION': '2', 'XDG_SESSION_CLASS': 'user', 'TERM': 'xterm-256color', 'XDG_SESSION_ID': '12', 'PATH': '/home/strain-drone/.vscode-server/data/User/globalStorage/github.copilot-chat/debugCommand:/home/strain-drone/.vscode-server/data/User/globalStorage/github.copilot-chat/copilotCli:/home/strain-drone/.vscode-server/cli/servers/Stable-b6a47e94e326b5c209d118cf0f994d6065585705/server/bin/remote-cli:/usr/lib/ccache:/home/strain-drone/Documents/ardupilot/Tools/autotest:/opt/gcc-arm-none-eabi-10-2020-q4-major/bin:/home/strain-drone/venv-ardupilot/bin:/home/strain-drone/.local/bin:/opt/ros/jazzy/bin:/usr/lib/ccache:/home/strain-drone/Documents/ardupilot/Tools/autotest:/opt/gcc-arm-none-eabi-10-2020-q4-major/bin:/home/strain-drone/venv-ardupilot/bin:/home/strain-drone/.local/bin:/usr/local/sbin:/usr/local/bin:/usr/sbin:/usr/bin:/sbin:/bin:/usr/games:/usr/local/games:/snap/bin:/home/strain-drone/.local/bin:/home/strain-drone/.local/bin:/home/strain-drone/.local/bin:/home/strain-drone/.local/bin', 'XDG_RUNTIME_DIR': '/run/user/1002', 'SSL_CERT_DIR': '/usr/lib/ssl/certs', 'LANG': 'en_US.UTF-8', 'VIRTUAL_ENV_PROMPT': '(venv-ardupilot)', 'LS_COLORS': 'rs=0:di=01;34:ln=01;36:mh=00:pi=40;33:so=01;35:do=01;35:bd=40;33;01:cd=40;33;01:or=40;31;01:mi=00:su=37;41:sg=30;43:ca=00:tw=30;42:ow=34;42:st=37;44:ex=01;32:*.tar=01;31:*.tgz=01;31:*.arc=01;31:*.arj=01;31:*.taz=01;31:*.lha=01;31:*.lz4=01;31:*.lzh=01;31:*.lzma=01;31:*.tlz=01;31:*.txz=01;31:*.tzo=01;31:*.t7z=01;31:*.zip=01;31:*.z=01;31:*.dz=01;31:*.gz=01;31:*.lrz=01;31:*.lz=01;31:*.lzo=01;31:*.xz=01;31:*.zst=01;31:*.tzst=01;31:*.bz2=01;31:*.bz=01;31:*.tbz=01;31:*.tbz2=01;31:*.tz=01;31:*.deb=01;31:*.rpm=01;31:*.jar=01;31:*.war=01;31:*.ear=01;31:*.sar=01;31:*.rar=01;31:*.alz=01;31:*.ace=01;31:*.zoo=01;31:*.cpio=01;31:*.7z=01;31:*.rz=01;31:*.cab=01;31:*.wim=01;31:*.swm=01;31:*.dwm=01;31:*.esd=01;31:*.avif=01;35:*.jpg=01;35:*.jpeg=01;35:*.mjpg=01;35:*.mjpeg=01;35:*.gif=01;35:*.bmp=01;35:*.pbm=01;35:*.pgm=01;35:*.ppm=01;35:*.tga=01;35:*.xbm=01;35:*.xpm=01;35:*.tif=01;35:*.tiff=01;35:*.png=01;35:*.svg=01;35:*.svgz=01;35:*.mng=01;35:*.pcx=01;35:*.mov=01;35:*.mpg=01;35:*.mpeg=01;35:*.m2v=01;35:*.mkv=01;35:*.webm=01;35:*.webp=01;35:*.ogm=01;35:*.mp4=01;35:*.m4v=01;35:*.mp4v=01;35:*.vob=01;35:*.qt=01;35:*.nuv=01;35:*.wmv=01;35:*.asf=01;35:*.rm=01;35:*.rmvb=01;35:*.flc=01;35:*.avi=01;35:*.fli=01;35:*.flv=01;35:*.gl=01;35:*.dl=01;35:*.xcf=01;35:*.xwd=01;35:*.yuv=01;35:*.cgm=01;35:*.emf=01;35:*.ogv=01;35:*.ogx=01;35:*.aac=00;36:*.au=00;36:*.flac=00;36:*.m4a=00;36:*.mid=00;36:*.midi=00;36:*.mka=00;36:*.mp3=00;36:*.mpc=00;36:*.ogg=00;36:*.ra=00;36:*.wav=00;36:*.oga=00;36:*.opus=00;36:*.spx=00;36:*.xspf=00;36:*~=00;90:*#=00;90:*.bak=00;90:*.crdownload=00;90:*.dpkg-dist=00;90:*.dpkg-new=00;90:*.dpkg-old=00;90:*.dpkg-tmp=00;90:*.old=00;90:*.orig=00;90:*.part=00;90:*.rej=00;90:*.rpmnew=00;90:*.rpmorig=00;90:*.rpmsave=00;90:*.swp=00;90:*.tmp=00;90:*.ucf-dist=00;90:*.ucf-new=00;90:*.ucf-old=00;90:', 'VSCODE_GIT_IPC_HANDLE': '/run/user/1002/vscode-git-227cc40744.sock', 'TERM_PROGRAM': 'vscode', 'ROS_DOMAIN_ID': '1', 'AMENT_PREFIX_PATH': '/home/strain-drone/Documents/drone_position_hold/ros2_ws/src/install/mocap4r2_robot_gt_msgs:/home/strain-drone/Documents/drone_position_hold/ros2_ws/src/install/mocap4r2_msgs:/opt/ros/jazzy', 'SHELL': '/bin/bash', 'LESSCLOSE': '/usr/bin/lesspipe %s %s', 'VIRTUAL_ENV': '/home/strain-drone/venv-ardupilot', 'ROS_AUTOMATIC_DISCOVERY_RANGE': 'SUBNET', 'VSCODE_GIT_ASKPASS_EXTRA_ARGS': '', 'PWD': '/home/strain-drone/Documents/drone_position_hold/ros2_ws/src/build/mocap4r2_robot_gt', 'LC_ALL': 'en_US.UTF-8', 'SSH_CONNECTION': '100.125.10.128 53782 100.96.124.69 22', 'XDG_DATA_DIRS': '/usr/share/gnome:/usr/local/share:/usr/share:/var/lib/snapd/desktop', 'PYTHONPATH': '/home/strain-drone/Documents/drone_position_hold/ros2_ws/src/install/mocap4r2_robot_gt_msgs/lib/python3.12/site-packages:/home/strain-drone/Documents/drone_position_hold/ros2_ws/src/install/mocap4r2_msgs/lib/python3.12/site-packages:/opt/ros/jazzy/lib/python3.12/site-packages', 'COLCON': '1', 'CMAKE_PREFIX_PATH': '/home/strain-drone/Documents/drone_position_hold/ros2_ws/src/install/mocap4r2_robot_gt_msgs:/home/strain-drone/Documents/drone_position_hold/ros2_ws/src/install/mocap4r2_msgs:/opt/ros/jazzy/opt/gz_math_vendor:/opt/ros/jazzy/opt/gz_utils_vendor:/opt/ros/jazzy/opt/gz_cmake_vendor:/opt/ros/jazzy'}), 'shell': False}
[33.410153] (mocap4r2_marker_publisher) StdoutLine: {'line': b'-- Found FastRTPS: /opt/ros/jazzy/include (Required is at least version "2.13") \n'}
[33.416892] (-) TimerEvent: {}
[33.450916] (natnet_ros2) StdoutLine: {'line': b'-- Using all available rosidl_typesupport_c: rosidl_typesupport_fastrtps_c;rosidl_typesupport_introspection_c\n'}
[33.466251] (mocap4r2_marker_publisher) StdoutLine: {'line': b"-- Using RMW implementation 'rmw_fastrtps_cpp' as default\n"}
[33.517007] (-) TimerEvent: {}
[33.588671] (mocap4r2_robot_gt) StdoutLine: {'line': b'-- The C compiler identification is GNU 13.3.0\n'}
[33.619452] (-) TimerEvent: {}
[33.621579] (mocap4r2_marker_publisher) StdoutLine: {'line': b'-- Found mocap4r2_msgs: 0.0.3 (/home/strain-drone/Documents/drone_position_hold/ros2_ws/src/install/mocap4r2_msgs/share/mocap4r2_msgs/cmake)\n'}
[33.631108] (mocap4r2_marker_viz) StdoutLine: {'line': b'-- Found Python3: /home/strain-drone/venv-ardupilot/bin/python3 (found version "3.12.3") found components: Interpreter \n'}
[33.719983] (-) TimerEvent: {}
[33.748665] (mocap4r2_marker_publisher) StdoutLine: {'line': b'-- Found ament_lint_auto: 0.17.2 (/opt/ros/jazzy/share/ament_lint_auto/cmake)\n'}
[33.755341] (mocap4r2_robot_gt) StdoutLine: {'line': b'-- The CXX compiler identification is GNU 13.3.0\n'}
[33.815013] (mocap4r2_robot_gt) StdoutLine: {'line': b'-- Detecting C compiler ABI info\n'}
[33.821880] (-) TimerEvent: {}
[33.921676] (mocap4r2_marker_viz) StdoutLine: {'line': b'-- Found rclcpp: 28.1.9 (/opt/ros/jazzy/share/rclcpp/cmake)\n'}
[33.922034] (-) TimerEvent: {}
[34.023448] (-) TimerEvent: {}
[34.029570] (mocap4r2_marker_viz) StdoutLine: {'line': b'-- Found rosidl_generator_c: 4.6.5 (/opt/ros/jazzy/share/rosidl_generator_c/cmake)\n'}
[34.038392] (mocap4r2_robot_gt) StdoutLine: {'line': b'-- Detecting C compiler ABI info - done\n'}
[34.054903] (mocap4r2_marker_viz) StdoutLine: {'line': b'-- Found rosidl_generator_cpp: 4.6.5 (/opt/ros/jazzy/share/rosidl_generator_cpp/cmake)\n'}
[34.055179] (mocap4r2_robot_gt) StdoutLine: {'line': b'-- Check for working C compiler: /usr/lib/ccache/cc - skipped\n'}
[34.055408] (mocap4r2_robot_gt) StdoutLine: {'line': b'-- Detecting C compile features\n'}
[34.056146] (mocap4r2_robot_gt) StdoutLine: {'line': b'-- Detecting C compile features - done\n'}
[34.066470] (mocap4r2_marker_publisher) StdoutLine: {'line': b"-- Added test 'copyright' to check source files copyright and LICENSE\n"}
[34.067761] (mocap4r2_marker_publisher) StdoutLine: {'line': b"-- Added test 'cppcheck' to perform static code analysis on C / C++ code\n"}
[34.068651] (mocap4r2_marker_publisher) StdoutLine: {'line': b'-- Configured cppcheck include dirs: \n'}
[34.069680] (mocap4r2_marker_publisher) StdoutLine: {'line': b'-- Configured cppcheck exclude dirs and/or files: \n'}
[34.072581] (mocap4r2_marker_publisher) StdoutLine: {'line': b"-- Added test 'cpplint' to check C / C++ code against the Google style\n"}
[34.073367] (mocap4r2_marker_publisher) StdoutLine: {'line': b'-- Configured cpplint exclude dirs and/or files: \n'}
[34.075551] (mocap4r2_marker_publisher) StdoutLine: {'line': b"-- Added test 'lint_cmake' to check CMake code style\n"}
[34.078117] (mocap4r2_marker_publisher) StdoutLine: {'line': b"-- Added test 'uncrustify' to check C / C++ code style\n"}
[34.080410] (mocap4r2_marker_publisher) StdoutLine: {'line': b'-- Configured uncrustify additional arguments: \n'}
[34.080784] (mocap4r2_marker_publisher) StdoutLine: {'line': b"-- Added test 'xmllint' to check XML markup files\n"}
[34.086699] (mocap4r2_marker_publisher) StdoutLine: {'line': b'-- Configuring done (5.3s)\n'}
[34.087174] (mocap4r2_robot_gt) StdoutLine: {'line': b'-- Detecting CXX compiler ABI info\n'}
[34.087545] (mocap4r2_marker_viz) StdoutLine: {'line': b'-- Using all available rosidl_typesupport_c: rosidl_typesupport_fastrtps_c;rosidl_typesupport_introspection_c\n'}
[34.114292] (mocap4r2_marker_publisher) StdoutLine: {'line': b'-- Generating done (0.0s)\n'}
[34.120346] (mocap4r2_marker_publisher) StdoutLine: {'line': b'-- Build files have been written to: /home/strain-drone/Documents/drone_position_hold/ros2_ws/src/build/mocap4r2_marker_publisher\n'}
[34.124909] (mocap4r2_marker_viz) StdoutLine: {'line': b'-- Using all available rosidl_typesupport_cpp: rosidl_typesupport_fastrtps_cpp;rosidl_typesupport_introspection_cpp\n'}
[34.125509] (-) TimerEvent: {}
[34.156963] (mocap4r2_marker_publisher) CommandEnded: {'returncode': 0}
[34.159851] (mocap4r2_marker_publisher) JobProgress: {'identifier': 'mocap4r2_marker_publisher', 'progress': 'build'}
[34.159909] (mocap4r2_marker_publisher) Command: {'cmd': ['/usr/bin/cmake', '--build', '/home/strain-drone/Documents/drone_position_hold/ros2_ws/src/build/mocap4r2_marker_publisher', '--', '-j4', '-l4'], 'cwd': '/home/strain-drone/Documents/drone_position_hold/ros2_ws/src/build/mocap4r2_marker_publisher', 'env': OrderedDict({'LESSOPEN': '| /usr/bin/lesspipe %s', 'USER': 'strain-drone', 'SSH_CLIENT': '100.125.10.128 53782 22', 'XDG_SESSION_TYPE': 'tty', 'GIT_ASKPASS': '/home/strain-drone/.vscode-server/cli/servers/Stable-b6a47e94e326b5c209d118cf0f994d6065585705/server/extensions/git/dist/askpass.sh', 'SHLVL': '2', 'LD_LIBRARY_PATH': '/home/strain-drone/Documents/drone_position_hold/ros2_ws/src/install/mocap4r2_msgs/lib:/opt/ros/jazzy/opt/rviz_ogre_vendor/lib:/opt/ros/jazzy/lib/aarch64-linux-gnu:/opt/ros/jazzy/opt/gz_math_vendor/lib:/opt/ros/jazzy/opt/gz_utils_vendor/lib:/opt/ros/jazzy/opt/gz_cmake_vendor/lib:/opt/ros/jazzy/lib:/home/strain-drone/Documents/drone_position_hold/ros2_ws/src/natnet_ros2/deps/NatNetSDK/lib:/home/strain-drone/Documents/drone_position_hold/ros2_ws/src/natnet_ros2/deps/NatNetSDK/lib', 'BROWSER': '/home/strain-drone/.vscode-server/cli/servers/Stable-b6a47e94e326b5c209d118cf0f994d6065585705/server/bin/helpers/browser.sh', 'HOME': '/home/strain-drone', 'TERM_PROGRAM_VERSION': '1.109.3', 'VSCODE_IPC_HOOK_CLI': '/run/user/1002/vscode-ipc-7f844f56-ced9-4e8e-9017-09603271f316.sock', 'ROS_PYTHON_VERSION': '3', 'VSCODE_GIT_ASKPASS_MAIN': '/home/strain-drone/.vscode-server/cli/servers/Stable-b6a47e94e326b5c209d118cf0f994d6065585705/server/extensions/git/dist/askpass-main.js', 'PS1': '\\[\x1b]633;A\x07\\]\\[\\e]0;\\u@\\h: \\w\\a\\]${debian_chroot:+($debian_chroot)}\\[\\033[01;32m\\]\\u@\\h\\[\\033[00m\\]:\\[\\033[01;34m\\]\\w\\[\\033[00m\\]\\$ \\[\x1b]633;B\x07\\]', 'VSCODE_GIT_ASKPASS_NODE': '/home/strain-drone/.vscode-server/cli/servers/Stable-b6a47e94e326b5c209d118cf0f994d6065585705/server/node', 'SSL_CERT_FILE': '/usr/lib/ssl/cert.pem', 'VSCODE_PYTHON_AUTOACTIVATE_GUARD': '1', 'DBUS_SESSION_BUS_ADDRESS': 'unix:path=/run/user/1002/bus', 'COLORTERM': 'truecolor', 'DEBUGINFOD_URLS': 'https://debuginfod.ubuntu.com', 'ROS_DISTRO': 'jazzy', 'LOGNAME': 'strain-drone', '_': '/usr/bin/colcon', 'ROS_VERSION': '2', 'XDG_SESSION_CLASS': 'user', 'TERM': 'xterm-256color', 'XDG_SESSION_ID': '12', 'PATH': '/home/strain-drone/.vscode-server/data/User/globalStorage/github.copilot-chat/debugCommand:/home/strain-drone/.vscode-server/data/User/globalStorage/github.copilot-chat/copilotCli:/home/strain-drone/.vscode-server/cli/servers/Stable-b6a47e94e326b5c209d118cf0f994d6065585705/server/bin/remote-cli:/usr/lib/ccache:/home/strain-drone/Documents/ardupilot/Tools/autotest:/opt/gcc-arm-none-eabi-10-2020-q4-major/bin:/home/strain-drone/venv-ardupilot/bin:/home/strain-drone/.local/bin:/opt/ros/jazzy/bin:/usr/lib/ccache:/home/strain-drone/Documents/ardupilot/Tools/autotest:/opt/gcc-arm-none-eabi-10-2020-q4-major/bin:/home/strain-drone/venv-ardupilot/bin:/home/strain-drone/.local/bin:/usr/local/sbin:/usr/local/bin:/usr/sbin:/usr/bin:/sbin:/bin:/usr/games:/usr/local/games:/snap/bin:/home/strain-drone/.local/bin:/home/strain-drone/.local/bin:/home/strain-drone/.local/bin:/home/strain-drone/.local/bin', 'XDG_RUNTIME_DIR': '/run/user/1002', 'SSL_CERT_DIR': '/usr/lib/ssl/certs', 'LANG': 'en_US.UTF-8', 'VIRTUAL_ENV_PROMPT': '(venv-ardupilot)', 'LS_COLORS': 'rs=0:di=01;34:ln=01;36:mh=00:pi=40;33:so=01;35:do=01;35:bd=40;33;01:cd=40;33;01:or=40;31;01:mi=00:su=37;41:sg=30;43:ca=00:tw=30;42:ow=34;42:st=37;44:ex=01;32:*.tar=01;31:*.tgz=01;31:*.arc=01;31:*.arj=01;31:*.taz=01;31:*.lha=01;31:*.lz4=01;31:*.lzh=01;31:*.lzma=01;31:*.tlz=01;31:*.txz=01;31:*.tzo=01;31:*.t7z=01;31:*.zip=01;31:*.z=01;31:*.dz=01;31:*.gz=01;31:*.lrz=01;31:*.lz=01;31:*.lzo=01;31:*.xz=01;31:*.zst=01;31:*.tzst=01;31:*.bz2=01;31:*.bz=01;31:*.tbz=01;31:*.tbz2=01;31:*.tz=01;31:*.deb=01;31:*.rpm=01;31:*.jar=01;31:*.war=01;31:*.ear=01;31:*.sar=01;31:*.rar=01;31:*.alz=01;31:*.ace=01;31:*.zoo=01;31:*.cpio=01;31:*.7z=01;31:*.rz=01;31:*.cab=01;31:*.wim=01;31:*.swm=01;31:*.dwm=01;31:*.esd=01;31:*.avif=01;35:*.jpg=01;35:*.jpeg=01;35:*.mjpg=01;35:*.mjpeg=01;35:*.gif=01;35:*.bmp=01;35:*.pbm=01;35:*.pgm=01;35:*.ppm=01;35:*.tga=01;35:*.xbm=01;35:*.xpm=01;35:*.tif=01;35:*.tiff=01;35:*.png=01;35:*.svg=01;35:*.svgz=01;35:*.mng=01;35:*.pcx=01;35:*.mov=01;35:*.mpg=01;35:*.mpeg=01;35:*.m2v=01;35:*.mkv=01;35:*.webm=01;35:*.webp=01;35:*.ogm=01;35:*.mp4=01;35:*.m4v=01;35:*.mp4v=01;35:*.vob=01;35:*.qt=01;35:*.nuv=01;35:*.wmv=01;35:*.asf=01;35:*.rm=01;35:*.rmvb=01;35:*.flc=01;35:*.avi=01;35:*.fli=01;35:*.flv=01;35:*.gl=01;35:*.dl=01;35:*.xcf=01;35:*.xwd=01;35:*.yuv=01;35:*.cgm=01;35:*.emf=01;35:*.ogv=01;35:*.ogx=01;35:*.aac=00;36:*.au=00;36:*.flac=00;36:*.m4a=00;36:*.mid=00;36:*.midi=00;36:*.mka=00;36:*.mp3=00;36:*.mpc=00;36:*.ogg=00;36:*.ra=00;36:*.wav=00;36:*.oga=00;36:*.opus=00;36:*.spx=00;36:*.xspf=00;36:*~=00;90:*#=00;90:*.bak=00;90:*.crdownload=00;90:*.dpkg-dist=00;90:*.dpkg-new=00;90:*.dpkg-old=00;90:*.dpkg-tmp=00;90:*.old=00;90:*.orig=00;90:*.part=00;90:*.rej=00;90:*.rpmnew=00;90:*.rpmorig=00;90:*.rpmsave=00;90:*.swp=00;90:*.tmp=00;90:*.ucf-dist=00;90:*.ucf-new=00;90:*.ucf-old=00;90:', 'VSCODE_GIT_IPC_HANDLE': '/run/user/1002/vscode-git-227cc40744.sock', 'TERM_PROGRAM': 'vscode', 'ROS_DOMAIN_ID': '1', 'AMENT_PREFIX_PATH': '/home/strain-drone/Documents/drone_position_hold/ros2_ws/src/install/mocap4r2_msgs:/opt/ros/jazzy', 'SHELL': '/bin/bash', 'LESSCLOSE': '/usr/bin/lesspipe %s %s', 'VIRTUAL_ENV': '/home/strain-drone/venv-ardupilot', 'ROS_AUTOMATIC_DISCOVERY_RANGE': 'SUBNET', 'VSCODE_GIT_ASKPASS_EXTRA_ARGS': '', 'PWD': '/home/strain-drone/Documents/drone_position_hold/ros2_ws/src/build/mocap4r2_marker_publisher', 'LC_ALL': 'en_US.UTF-8', 'SSH_CONNECTION': '100.125.10.128 53782 100.96.124.69 22', 'XDG_DATA_DIRS': '/usr/share/gnome:/usr/local/share:/usr/share:/var/lib/snapd/desktop', 'PYTHONPATH': '/home/strain-drone/Documents/drone_position_hold/ros2_ws/src/install/mocap4r2_msgs/lib/python3.12/site-packages:/opt/ros/jazzy/lib/python3.12/site-packages', 'COLCON': '1', 'CMAKE_PREFIX_PATH': '/home/strain-drone/Documents/drone_position_hold/ros2_ws/src/install/mocap4r2_msgs:/opt/ros/jazzy/opt/gz_math_vendor:/opt/ros/jazzy/opt/gz_utils_vendor:/opt/ros/jazzy/opt/gz_cmake_vendor:/opt/ros/jazzy'}), 'shell': False}
[34.227220] (-) TimerEvent: {}
[34.259494] (natnet_ros2) StdoutLine: {'line': b'-- Using all available rosidl_typesupport_cpp: rosidl_typesupport_fastrtps_cpp;rosidl_typesupport_introspection_cpp\n'}
[34.264733] (natnet_ros2) StdoutLine: {'line': b'-- Found python_cmake_module: 0.11.1 (/opt/ros/jazzy/share/python_cmake_module/cmake)\n'}
[34.294161] (mocap4r2_marker_publisher) StdoutLine: {'line': b'[ 50%] \x1b[32mBuilding CXX object CMakeFiles/mocap4r2_marker_publisher.dir/src/mocap4r2_marker_publisher.cpp.o\x1b[0m\n'}
[34.307303] (mocap4r2_marker_viz) StdoutLine: {'line': b'-- Found rmw_implementation_cmake: 7.3.2 (/opt/ros/jazzy/share/rmw_implementation_cmake/cmake)\n'}
[34.316635] (mocap4r2_marker_viz) StdoutLine: {'line': b'-- Found rmw_fastrtps_cpp: 8.4.2 (/opt/ros/jazzy/share/rmw_fastrtps_cpp/cmake)\n'}
[34.329421] (-) TimerEvent: {}
[34.329809] (mocap4r2_robot_gt) StdoutLine: {'line': b'-- Detecting CXX compiler ABI info - done\n'}
[34.342214] (mocap4r2_marker_publisher) StdoutLine: {'line': b'[100%] \x1b[32m\x1b[1mLinking CXX executable mocap4r2_marker_publisher\x1b[0m\n'}
[34.361200] (mocap4r2_robot_gt) StdoutLine: {'line': b'-- Check for working CXX compiler: /usr/lib/ccache/c++ - skipped\n'}
[34.362858] (mocap4r2_robot_gt) StdoutLine: {'line': b'-- Detecting CXX compile features\n'}
[34.364597] (mocap4r2_robot_gt) StdoutLine: {'line': b'-- Detecting CXX compile features - done\n'}
[34.371048] (mocap4r2_robot_gt) StdoutLine: {'line': b'-- Found ament_cmake: 2.5.4 (/opt/ros/jazzy/share/ament_cmake/cmake)\n'}
[34.430562] (-) TimerEvent: {}
[34.534442] (-) TimerEvent: {}
[34.602631] (mocap4r2_marker_viz) StdoutLine: {'line': b'-- Found OpenSSL: /usr/lib/aarch64-linux-gnu/libcrypto.so (found version "3.0.13")  \n'}
[34.634593] (-) TimerEvent: {}
[34.661167] (mocap4r2_marker_viz) StdoutLine: {'line': b'-- Found FastRTPS: /opt/ros/jazzy/include (Required is at least version "2.13") \n'}
[34.735127] (-) TimerEvent: {}
[34.739212] (mocap4r2_marker_viz) StdoutLine: {'line': b"-- Using RMW implementation 'rmw_fastrtps_cpp' as default\n"}
[34.835471] (-) TimerEvent: {}
[34.837457] (natnet_ros2) StdoutLine: {'line': b'-- Found PythonExtra: /home/strain-drone/venv-ardupilot/bin/python3  \n'}
[34.915157] (mocap4r2_marker_viz) StdoutLine: {'line': b'-- Found mocap4r2_marker_viz_srvs: 0.0.7 (/home/strain-drone/Documents/drone_position_hold/ros2_ws/src/install/mocap4r2_marker_viz_srvs/share/mocap4r2_marker_viz_srvs/cmake)\n'}
[34.921548] (mocap4r2_robot_gt) StdoutLine: {'line': b'-- Found Python3: /home/strain-drone/venv-ardupilot/bin/python3 (found version "3.12.3") found components: Interpreter \n'}
[34.936454] (-) TimerEvent: {}
[34.990747] (mocap4r2_marker_viz) StdoutLine: {'line': b'-- Found mocap4r2_msgs: 0.0.3 (/home/strain-drone/Documents/drone_position_hold/ros2_ws/src/install/mocap4r2_msgs/share/mocap4r2_msgs/cmake)\n'}
[35.017628] (mocap4r2_marker_publisher) StdoutLine: {'line': b'[100%] Built target mocap4r2_marker_publisher\n'}
[35.036825] (-) TimerEvent: {}
[35.053316] (mocap4r2_marker_publisher) CommandEnded: {'returncode': 0}
[35.053963] (mocap4r2_marker_publisher) JobProgress: {'identifier': 'mocap4r2_marker_publisher', 'progress': 'install'}
[35.054002] (mocap4r2_marker_publisher) Command: {'cmd': ['/usr/bin/cmake', '--install', '/home/strain-drone/Documents/drone_position_hold/ros2_ws/src/build/mocap4r2_marker_publisher'], 'cwd': '/home/strain-drone/Documents/drone_position_hold/ros2_ws/src/build/mocap4r2_marker_publisher', 'env': OrderedDict({'LESSOPEN': '| /usr/bin/lesspipe %s', 'USER': 'strain-drone', 'SSH_CLIENT': '100.125.10.128 53782 22', 'XDG_SESSION_TYPE': 'tty', 'GIT_ASKPASS': '/home/strain-drone/.vscode-server/cli/servers/Stable-b6a47e94e326b5c209d118cf0f994d6065585705/server/extensions/git/dist/askpass.sh', 'SHLVL': '2', 'LD_LIBRARY_PATH': '/home/strain-drone/Documents/drone_position_hold/ros2_ws/src/install/mocap4r2_msgs/lib:/opt/ros/jazzy/opt/rviz_ogre_vendor/lib:/opt/ros/jazzy/lib/aarch64-linux-gnu:/opt/ros/jazzy/opt/gz_math_vendor/lib:/opt/ros/jazzy/opt/gz_utils_vendor/lib:/opt/ros/jazzy/opt/gz_cmake_vendor/lib:/opt/ros/jazzy/lib:/home/strain-drone/Documents/drone_position_hold/ros2_ws/src/natnet_ros2/deps/NatNetSDK/lib:/home/strain-drone/Documents/drone_position_hold/ros2_ws/src/natnet_ros2/deps/NatNetSDK/lib', 'BROWSER': '/home/strain-drone/.vscode-server/cli/servers/Stable-b6a47e94e326b5c209d118cf0f994d6065585705/server/bin/helpers/browser.sh', 'HOME': '/home/strain-drone', 'TERM_PROGRAM_VERSION': '1.109.3', 'VSCODE_IPC_HOOK_CLI': '/run/user/1002/vscode-ipc-7f844f56-ced9-4e8e-9017-09603271f316.sock', 'ROS_PYTHON_VERSION': '3', 'VSCODE_GIT_ASKPASS_MAIN': '/home/strain-drone/.vscode-server/cli/servers/Stable-b6a47e94e326b5c209d118cf0f994d6065585705/server/extensions/git/dist/askpass-main.js', 'PS1': '\\[\x1b]633;A\x07\\]\\[\\e]0;\\u@\\h: \\w\\a\\]${debian_chroot:+($debian_chroot)}\\[\\033[01;32m\\]\\u@\\h\\[\\033[00m\\]:\\[\\033[01;34m\\]\\w\\[\\033[00m\\]\\$ \\[\x1b]633;B\x07\\]', 'VSCODE_GIT_ASKPASS_NODE': '/home/strain-drone/.vscode-server/cli/servers/Stable-b6a47e94e326b5c209d118cf0f994d6065585705/server/node', 'SSL_CERT_FILE': '/usr/lib/ssl/cert.pem', 'VSCODE_PYTHON_AUTOACTIVATE_GUARD': '1', 'DBUS_SESSION_BUS_ADDRESS': 'unix:path=/run/user/1002/bus', 'COLORTERM': 'truecolor', 'DEBUGINFOD_URLS': 'https://debuginfod.ubuntu.com', 'ROS_DISTRO': 'jazzy', 'LOGNAME': 'strain-drone', '_': '/usr/bin/colcon', 'ROS_VERSION': '2', 'XDG_SESSION_CLASS': 'user', 'TERM': 'xterm-256color', 'XDG_SESSION_ID': '12', 'PATH': '/home/strain-drone/.vscode-server/data/User/globalStorage/github.copilot-chat/debugCommand:/home/strain-drone/.vscode-server/data/User/globalStorage/github.copilot-chat/copilotCli:/home/strain-drone/.vscode-server/cli/servers/Stable-b6a47e94e326b5c209d118cf0f994d6065585705/server/bin/remote-cli:/usr/lib/ccache:/home/strain-drone/Documents/ardupilot/Tools/autotest:/opt/gcc-arm-none-eabi-10-2020-q4-major/bin:/home/strain-drone/venv-ardupilot/bin:/home/strain-drone/.local/bin:/opt/ros/jazzy/bin:/usr/lib/ccache:/home/strain-drone/Documents/ardupilot/Tools/autotest:/opt/gcc-arm-none-eabi-10-2020-q4-major/bin:/home/strain-drone/venv-ardupilot/bin:/home/strain-drone/.local/bin:/usr/local/sbin:/usr/local/bin:/usr/sbin:/usr/bin:/sbin:/bin:/usr/games:/usr/local/games:/snap/bin:/home/strain-drone/.local/bin:/home/strain-drone/.local/bin:/home/strain-drone/.local/bin:/home/strain-drone/.local/bin', 'XDG_RUNTIME_DIR': '/run/user/1002', 'SSL_CERT_DIR': '/usr/lib/ssl/certs', 'LANG': 'en_US.UTF-8', 'VIRTUAL_ENV_PROMPT': '(venv-ardupilot)', 'LS_COLORS': 'rs=0:di=01;34:ln=01;36:mh=00:pi=40;33:so=01;35:do=01;35:bd=40;33;01:cd=40;33;01:or=40;31;01:mi=00:su=37;41:sg=30;43:ca=00:tw=30;42:ow=34;42:st=37;44:ex=01;32:*.tar=01;31:*.tgz=01;31:*.arc=01;31:*.arj=01;31:*.taz=01;31:*.lha=01;31:*.lz4=01;31:*.lzh=01;31:*.lzma=01;31:*.tlz=01;31:*.txz=01;31:*.tzo=01;31:*.t7z=01;31:*.zip=01;31:*.z=01;31:*.dz=01;31:*.gz=01;31:*.lrz=01;31:*.lz=01;31:*.lzo=01;31:*.xz=01;31:*.zst=01;31:*.tzst=01;31:*.bz2=01;31:*.bz=01;31:*.tbz=01;31:*.tbz2=01;31:*.tz=01;31:*.deb=01;31:*.rpm=01;31:*.jar=01;31:*.war=01;31:*.ear=01;31:*.sar=01;31:*.rar=01;31:*.alz=01;31:*.ace=01;31:*.zoo=01;31:*.cpio=01;31:*.7z=01;31:*.rz=01;31:*.cab=01;31:*.wim=01;31:*.swm=01;31:*.dwm=01;31:*.esd=01;31:*.avif=01;35:*.jpg=01;35:*.jpeg=01;35:*.mjpg=01;35:*.mjpeg=01;35:*.gif=01;35:*.bmp=01;35:*.pbm=01;35:*.pgm=01;35:*.ppm=01;35:*.tga=01;35:*.xbm=01;35:*.xpm=01;35:*.tif=01;35:*.tiff=01;35:*.png=01;35:*.svg=01;35:*.svgz=01;35:*.mng=01;35:*.pcx=01;35:*.mov=01;35:*.mpg=01;35:*.mpeg=01;35:*.m2v=01;35:*.mkv=01;35:*.webm=01;35:*.webp=01;35:*.ogm=01;35:*.mp4=01;35:*.m4v=01;35:*.mp4v=01;35:*.vob=01;35:*.qt=01;35:*.nuv=01;35:*.wmv=01;35:*.asf=01;35:*.rm=01;35:*.rmvb=01;35:*.flc=01;35:*.avi=01;35:*.fli=01;35:*.flv=01;35:*.gl=01;35:*.dl=01;35:*.xcf=01;35:*.xwd=01;35:*.yuv=01;35:*.cgm=01;35:*.emf=01;35:*.ogv=01;35:*.ogx=01;35:*.aac=00;36:*.au=00;36:*.flac=00;36:*.m4a=00;36:*.mid=00;36:*.midi=00;36:*.mka=00;36:*.mp3=00;36:*.mpc=00;36:*.ogg=00;36:*.ra=00;36:*.wav=00;36:*.oga=00;36:*.opus=00;36:*.spx=00;36:*.xspf=00;36:*~=00;90:*#=00;90:*.bak=00;90:*.crdownload=00;90:*.dpkg-dist=00;90:*.dpkg-new=00;90:*.dpkg-old=00;90:*.dpkg-tmp=00;90:*.old=00;90:*.orig=00;90:*.part=00;90:*.rej=00;90:*.rpmnew=00;90:*.rpmorig=00;90:*.rpmsave=00;90:*.swp=00;90:*.tmp=00;90:*.ucf-dist=00;90:*.ucf-new=00;90:*.ucf-old=00;90:', 'VSCODE_GIT_IPC_HANDLE': '/run/user/1002/vscode-git-227cc40744.sock', 'TERM_PROGRAM': 'vscode', 'ROS_DOMAIN_ID': '1', 'AMENT_PREFIX_PATH': '/home/strain-drone/Documents/drone_position_hold/ros2_ws/src/install/mocap4r2_msgs:/opt/ros/jazzy', 'SHELL': '/bin/bash', 'LESSCLOSE': '/usr/bin/lesspipe %s %s', 'VIRTUAL_ENV': '/home/strain-drone/venv-ardupilot', 'ROS_AUTOMATIC_DISCOVERY_RANGE': 'SUBNET', 'VSCODE_GIT_ASKPASS_EXTRA_ARGS': '', 'PWD': '/home/strain-drone/Documents/drone_position_hold/ros2_ws/src/build/mocap4r2_marker_publisher', 'LC_ALL': 'en_US.UTF-8', 'SSH_CONNECTION': '100.125.10.128 53782 100.96.124.69 22', 'XDG_DATA_DIRS': '/usr/share/gnome:/usr/local/share:/usr/share:/var/lib/snapd/desktop', 'PYTHONPATH': '/home/strain-drone/Documents/drone_position_hold/ros2_ws/src/install/mocap4r2_msgs/lib/python3.12/site-packages:/opt/ros/jazzy/lib/python3.12/site-packages', 'COLCON': '1', 'CMAKE_PREFIX_PATH': '/home/strain-drone/Documents/drone_position_hold/ros2_ws/src/install/mocap4r2_msgs:/opt/ros/jazzy/opt/gz_math_vendor:/opt/ros/jazzy/opt/gz_utils_vendor:/opt/ros/jazzy/opt/gz_cmake_vendor:/opt/ros/jazzy'}), 'shell': False}
[35.064656] (mocap4r2_marker_viz) StdoutLine: {'line': b'-- Found visualization_msgs: 5.3.6 (/opt/ros/jazzy/share/visualization_msgs/cmake)\n'}
[35.070564] (mocap4r2_marker_publisher) StdoutLine: {'line': b'-- Install configuration: ""\n'}
[35.071106] (mocap4r2_marker_publisher) StdoutLine: {'line': b'-- Installing: /home/strain-drone/Documents/drone_position_hold/ros2_ws/src/install/mocap4r2_marker_publisher/lib/mocap4r2_marker_publisher/mocap4r2_marker_publisher\n'}
[35.075170] (mocap4r2_marker_publisher) StdoutLine: {'line': b'-- Set non-toolchain portion of runtime path of "/home/strain-drone/Documents/drone_position_hold/ros2_ws/src/install/mocap4r2_marker_publisher/lib/mocap4r2_marker_publisher/mocap4r2_marker_publisher" to ""\n'}
[35.075752] (mocap4r2_marker_publisher) StdoutLine: {'line': b'-- Installing: /home/strain-drone/Documents/drone_position_hold/ros2_ws/src/install/mocap4r2_marker_publisher/share/ament_index/resource_index/package_run_dependencies/mocap4r2_marker_publisher\n'}
[35.076414] (mocap4r2_marker_publisher) StdoutLine: {'line': b'-- Installing: /home/strain-drone/Documents/drone_position_hold/ros2_ws/src/install/mocap4r2_marker_publisher/share/ament_index/resource_index/parent_prefix_path/mocap4r2_marker_publisher\n'}
[35.077064] (mocap4r2_marker_publisher) StdoutLine: {'line': b'-- Installing: /home/strain-drone/Documents/drone_position_hold/ros2_ws/src/install/mocap4r2_marker_publisher/share/mocap4r2_marker_publisher/environment/ament_prefix_path.sh\n'}
[35.077663] (mocap4r2_marker_publisher) StdoutLine: {'line': b'-- Installing: /home/strain-drone/Documents/drone_position_hold/ros2_ws/src/install/mocap4r2_marker_publisher/share/mocap4r2_marker_publisher/environment/ament_prefix_path.dsv\n'}
[35.081523] (mocap4r2_marker_publisher) StdoutLine: {'line': b'-- Installing: /home/strain-drone/Documents/drone_position_hold/ros2_ws/src/install/mocap4r2_marker_publisher/share/mocap4r2_marker_publisher/environment/path.sh\n'}
[35.081764] (mocap4r2_marker_publisher) StdoutLine: {'line': b'-- Installing: /home/strain-drone/Documents/drone_position_hold/ros2_ws/src/install/mocap4r2_marker_publisher/share/mocap4r2_marker_publisher/environment/path.dsv\n'}
[35.081889] (mocap4r2_marker_publisher) StdoutLine: {'line': b'-- Installing: /home/strain-drone/Documents/drone_position_hold/ros2_ws/src/install/mocap4r2_marker_publisher/share/mocap4r2_marker_publisher/local_setup.bash\n'}
[35.081972] (mocap4r2_marker_publisher) StdoutLine: {'line': b'-- Installing: /home/strain-drone/Documents/drone_position_hold/ros2_ws/src/install/mocap4r2_marker_publisher/share/mocap4r2_marker_publisher/local_setup.sh\n'}
[35.082050] (mocap4r2_marker_publisher) StdoutLine: {'line': b'-- Installing: /home/strain-drone/Documents/drone_position_hold/ros2_ws/src/install/mocap4r2_marker_publisher/share/mocap4r2_marker_publisher/local_setup.zsh\n'}
[35.082125] (mocap4r2_marker_publisher) StdoutLine: {'line': b'-- Installing: /home/strain-drone/Documents/drone_position_hold/ros2_ws/src/install/mocap4r2_marker_publisher/share/mocap4r2_marker_publisher/local_setup.dsv\n'}
[35.082202] (mocap4r2_marker_publisher) StdoutLine: {'line': b'-- Installing: /home/strain-drone/Documents/drone_position_hold/ros2_ws/src/install/mocap4r2_marker_publisher/share/mocap4r2_marker_publisher/package.dsv\n'}
[35.082283] (mocap4r2_marker_publisher) StdoutLine: {'line': b'-- Installing: /home/strain-drone/Documents/drone_position_hold/ros2_ws/src/install/mocap4r2_marker_publisher/share/ament_index/resource_index/packages/mocap4r2_marker_publisher\n'}
[35.089507] (mocap4r2_marker_publisher) StdoutLine: {'line': b'-- Installing: /home/strain-drone/Documents/drone_position_hold/ros2_ws/src/install/mocap4r2_marker_publisher/share/mocap4r2_marker_publisher/cmake/mocap4r2_marker_publisherConfig.cmake\n'}
[35.090101] (mocap4r2_marker_publisher) StdoutLine: {'line': b'-- Installing: /home/strain-drone/Documents/drone_position_hold/ros2_ws/src/install/mocap4r2_marker_publisher/share/mocap4r2_marker_publisher/cmake/mocap4r2_marker_publisherConfig-version.cmake\n'}
[35.090601] (mocap4r2_marker_publisher) StdoutLine: {'line': b'-- Installing: /home/strain-drone/Documents/drone_position_hold/ros2_ws/src/install/mocap4r2_marker_publisher/share/mocap4r2_marker_publisher/package.xml\n'}
[35.096073] (mocap4r2_marker_publisher) CommandEnded: {'returncode': 0}
[35.136920] (-) TimerEvent: {}
[35.139125] (mocap4r2_marker_publisher) JobEnded: {'identifier': 'mocap4r2_marker_publisher', 'rc': 0}
[35.143211] (mocap4r2cli) JobStarted: {'identifier': 'mocap4r2cli'}
[35.171838] (mocap4r2_marker_viz) StdoutLine: {'line': b'-- Found ament_lint_auto: 0.17.2 (/opt/ros/jazzy/share/ament_lint_auto/cmake)\n'}
[35.209545] (mocap4r2_robot_gt) StdoutLine: {'line': b'-- Found rclcpp: 28.1.9 (/opt/ros/jazzy/share/rclcpp/cmake)\n'}
[35.237050] (-) TimerEvent: {}
[35.298640] (mocap4r2_robot_gt) StdoutLine: {'line': b'-- Found rosidl_generator_c: 4.6.5 (/opt/ros/jazzy/share/rosidl_generator_c/cmake)\n'}
[35.332431] (mocap4r2_robot_gt) StdoutLine: {'line': b'-- Found rosidl_generator_cpp: 4.6.5 (/opt/ros/jazzy/share/rosidl_generator_cpp/cmake)\n'}
[35.337190] (-) TimerEvent: {}
[35.387453] (mocap4r2_robot_gt) StdoutLine: {'line': b'-- Using all available rosidl_typesupport_c: rosidl_typesupport_fastrtps_c;rosidl_typesupport_introspection_c\n'}
[35.434147] (mocap4r2_robot_gt) StdoutLine: {'line': b'-- Using all available rosidl_typesupport_cpp: rosidl_typesupport_fastrtps_cpp;rosidl_typesupport_introspection_cpp\n'}
[35.437360] (-) TimerEvent: {}
[35.470931] (mocap4r2_marker_viz) StdoutLine: {'line': b"-- Added test 'cppcheck' to perform static code analysis on C / C++ code\n"}
[35.471221] (mocap4r2_marker_viz) StdoutLine: {'line': b'-- Configured cppcheck include dirs: $<BUILD_INTERFACE:/home/strain-drone/Documents/drone_position_hold/ros2_ws/src/mocap4r2/mocap4r2_marker_viz/mocap4r2_marker_viz/include>\n'}
[35.471376] (mocap4r2_marker_viz) StdoutLine: {'line': b'-- Configured cppcheck exclude dirs and/or files: \n'}
[35.473898] (mocap4r2_marker_viz) StdoutLine: {'line': b"-- Added test 'cpplint' to check C / C++ code against the Google style\n"}
[35.474195] (mocap4r2_marker_viz) StdoutLine: {'line': b'-- Configured cpplint exclude dirs and/or files: \n'}
[35.474701] (mocap4r2_marker_viz) StdoutLine: {'line': b"-- Added test 'flake8' to check Python code syntax and style conventions\n"}
[35.475098] (mocap4r2_marker_viz) StdoutLine: {'line': b"-- Configured 'flake8' exclude dirs and/or files: \n"}
[35.476491] (mocap4r2_marker_viz) StdoutLine: {'line': b"-- Added test 'lint_cmake' to check CMake code style\n"}
[35.477544] (mocap4r2_marker_viz) StdoutLine: {'line': b"-- Added test 'pep257' to check Python code against some of the docstring style conventions in PEP 257\n"}
[35.480201] (mocap4r2_marker_viz) StdoutLine: {'line': b"-- Added test 'uncrustify' to check C / C++ code style\n"}
[35.480518] (mocap4r2_marker_viz) StdoutLine: {'line': b'-- Configured uncrustify additional arguments: \n'}
[35.482602] (mocap4r2_marker_viz) StdoutLine: {'line': b"-- Added test 'xmllint' to check XML markup files\n"}
[35.485714] (mocap4r2_marker_viz) StdoutLine: {'line': b'-- Configuring done (3.9s)\n'}
[35.539415] (-) TimerEvent: {}
[35.550684] (mocap4r2_marker_viz) StdoutLine: {'line': b'-- Generating done (0.0s)\n'}
[35.571117] (mocap4r2_marker_viz) StdoutLine: {'line': b'-- Build files have been written to: /home/strain-drone/Documents/drone_position_hold/ros2_ws/src/build/mocap4r2_marker_viz\n'}
[35.602339] (mocap4r2_robot_gt) StdoutLine: {'line': b'-- Found rmw_implementation_cmake: 7.3.2 (/opt/ros/jazzy/share/rmw_implementation_cmake/cmake)\n'}
[35.608397] (mocap4r2_robot_gt) StdoutLine: {'line': b'-- Found rmw_fastrtps_cpp: 8.4.2 (/opt/ros/jazzy/share/rmw_fastrtps_cpp/cmake)\n'}
[35.639560] (-) TimerEvent: {}
[35.723439] (mocap4r2_marker_viz) CommandEnded: {'returncode': 0}
[35.724180] (mocap4r2_marker_viz) JobProgress: {'identifier': 'mocap4r2_marker_viz', 'progress': 'build'}
[35.726096] (mocap4r2_marker_viz) Command: {'cmd': ['/usr/bin/cmake', '--build', '/home/strain-drone/Documents/drone_position_hold/ros2_ws/src/build/mocap4r2_marker_viz', '--', '-j4', '-l4'], 'cwd': '/home/strain-drone/Documents/drone_position_hold/ros2_ws/src/build/mocap4r2_marker_viz', 'env': OrderedDict({'LESSOPEN': '| /usr/bin/lesspipe %s', 'USER': 'strain-drone', 'SSH_CLIENT': '100.125.10.128 53782 22', 'XDG_SESSION_TYPE': 'tty', 'GIT_ASKPASS': '/home/strain-drone/.vscode-server/cli/servers/Stable-b6a47e94e326b5c209d118cf0f994d6065585705/server/extensions/git/dist/askpass.sh', 'SHLVL': '2', 'LD_LIBRARY_PATH': '/home/strain-drone/Documents/drone_position_hold/ros2_ws/src/install/mocap4r2_msgs/lib:/home/strain-drone/Documents/drone_position_hold/ros2_ws/src/install/mocap4r2_marker_viz_srvs/lib:/opt/ros/jazzy/opt/rviz_ogre_vendor/lib:/opt/ros/jazzy/lib/aarch64-linux-gnu:/opt/ros/jazzy/opt/gz_math_vendor/lib:/opt/ros/jazzy/opt/gz_utils_vendor/lib:/opt/ros/jazzy/opt/gz_cmake_vendor/lib:/opt/ros/jazzy/lib:/home/strain-drone/Documents/drone_position_hold/ros2_ws/src/natnet_ros2/deps/NatNetSDK/lib:/home/strain-drone/Documents/drone_position_hold/ros2_ws/src/natnet_ros2/deps/NatNetSDK/lib', 'BROWSER': '/home/strain-drone/.vscode-server/cli/servers/Stable-b6a47e94e326b5c209d118cf0f994d6065585705/server/bin/helpers/browser.sh', 'HOME': '/home/strain-drone', 'TERM_PROGRAM_VERSION': '1.109.3', 'VSCODE_IPC_HOOK_CLI': '/run/user/1002/vscode-ipc-7f844f56-ced9-4e8e-9017-09603271f316.sock', 'ROS_PYTHON_VERSION': '3', 'VSCODE_GIT_ASKPASS_MAIN': '/home/strain-drone/.vscode-server/cli/servers/Stable-b6a47e94e326b5c209d118cf0f994d6065585705/server/extensions/git/dist/askpass-main.js', 'PS1': '\\[\x1b]633;A\x07\\]\\[\\e]0;\\u@\\h: \\w\\a\\]${debian_chroot:+($debian_chroot)}\\[\\033[01;32m\\]\\u@\\h\\[\\033[00m\\]:\\[\\033[01;34m\\]\\w\\[\\033[00m\\]\\$ \\[\x1b]633;B\x07\\]', 'VSCODE_GIT_ASKPASS_NODE': '/home/strain-drone/.vscode-server/cli/servers/Stable-b6a47e94e326b5c209d118cf0f994d6065585705/server/node', 'SSL_CERT_FILE': '/usr/lib/ssl/cert.pem', 'VSCODE_PYTHON_AUTOACTIVATE_GUARD': '1', 'DBUS_SESSION_BUS_ADDRESS': 'unix:path=/run/user/1002/bus', 'COLORTERM': 'truecolor', 'DEBUGINFOD_URLS': 'https://debuginfod.ubuntu.com', 'ROS_DISTRO': 'jazzy', 'LOGNAME': 'strain-drone', '_': '/usr/bin/colcon', 'ROS_VERSION': '2', 'XDG_SESSION_CLASS': 'user', 'TERM': 'xterm-256color', 'XDG_SESSION_ID': '12', 'PATH': '/home/strain-drone/.vscode-server/data/User/globalStorage/github.copilot-chat/debugCommand:/home/strain-drone/.vscode-server/data/User/globalStorage/github.copilot-chat/copilotCli:/home/strain-drone/.vscode-server/cli/servers/Stable-b6a47e94e326b5c209d118cf0f994d6065585705/server/bin/remote-cli:/usr/lib/ccache:/home/strain-drone/Documents/ardupilot/Tools/autotest:/opt/gcc-arm-none-eabi-10-2020-q4-major/bin:/home/strain-drone/venv-ardupilot/bin:/home/strain-drone/.local/bin:/opt/ros/jazzy/bin:/usr/lib/ccache:/home/strain-drone/Documents/ardupilot/Tools/autotest:/opt/gcc-arm-none-eabi-10-2020-q4-major/bin:/home/strain-drone/venv-ardupilot/bin:/home/strain-drone/.local/bin:/usr/local/sbin:/usr/local/bin:/usr/sbin:/usr/bin:/sbin:/bin:/usr/games:/usr/local/games:/snap/bin:/home/strain-drone/.local/bin:/home/strain-drone/.local/bin:/home/strain-drone/.local/bin:/home/strain-drone/.local/bin', 'XDG_RUNTIME_DIR': '/run/user/1002', 'SSL_CERT_DIR': '/usr/lib/ssl/certs', 'LANG': 'en_US.UTF-8', 'VIRTUAL_ENV_PROMPT': '(venv-ardupilot)', 'LS_COLORS': 'rs=0:di=01;34:ln=01;36:mh=00:pi=40;33:so=01;35:do=01;35:bd=40;33;01:cd=40;33;01:or=40;31;01:mi=00:su=37;41:sg=30;43:ca=00:tw=30;42:ow=34;42:st=37;44:ex=01;32:*.tar=01;31:*.tgz=01;31:*.arc=01;31:*.arj=01;31:*.taz=01;31:*.lha=01;31:*.lz4=01;31:*.lzh=01;31:*.lzma=01;31:*.tlz=01;31:*.txz=01;31:*.tzo=01;31:*.t7z=01;31:*.zip=01;31:*.z=01;31:*.dz=01;31:*.gz=01;31:*.lrz=01;31:*.lz=01;31:*.lzo=01;31:*.xz=01;31:*.zst=01;31:*.tzst=01;31:*.bz2=01;31:*.bz=01;31:*.tbz=01;31:*.tbz2=01;31:*.tz=01;31:*.deb=01;31:*.rpm=01;31:*.jar=01;31:*.war=01;31:*.ear=01;31:*.sar=01;31:*.rar=01;31:*.alz=01;31:*.ace=01;31:*.zoo=01;31:*.cpio=01;31:*.7z=01;31:*.rz=01;31:*.cab=01;31:*.wim=01;31:*.swm=01;31:*.dwm=01;31:*.esd=01;31:*.avif=01;35:*.jpg=01;35:*.jpeg=01;35:*.mjpg=01;35:*.mjpeg=01;35:*.gif=01;35:*.bmp=01;35:*.pbm=01;35:*.pgm=01;35:*.ppm=01;35:*.tga=01;35:*.xbm=01;35:*.xpm=01;35:*.tif=01;35:*.tiff=01;35:*.png=01;35:*.svg=01;35:*.svgz=01;35:*.mng=01;35:*.pcx=01;35:*.mov=01;35:*.mpg=01;35:*.mpeg=01;35:*.m2v=01;35:*.mkv=01;35:*.webm=01;35:*.webp=01;35:*.ogm=01;35:*.mp4=01;35:*.m4v=01;35:*.mp4v=01;35:*.vob=01;35:*.qt=01;35:*.nuv=01;35:*.wmv=01;35:*.asf=01;35:*.rm=01;35:*.rmvb=01;35:*.flc=01;35:*.avi=01;35:*.fli=01;35:*.flv=01;35:*.gl=01;35:*.dl=01;35:*.xcf=01;35:*.xwd=01;35:*.yuv=01;35:*.cgm=01;35:*.emf=01;35:*.ogv=01;35:*.ogx=01;35:*.aac=00;36:*.au=00;36:*.flac=00;36:*.m4a=00;36:*.mid=00;36:*.midi=00;36:*.mka=00;36:*.mp3=00;36:*.mpc=00;36:*.ogg=00;36:*.ra=00;36:*.wav=00;36:*.oga=00;36:*.opus=00;36:*.spx=00;36:*.xspf=00;36:*~=00;90:*#=00;90:*.bak=00;90:*.crdownload=00;90:*.dpkg-dist=00;90:*.dpkg-new=00;90:*.dpkg-old=00;90:*.dpkg-tmp=00;90:*.old=00;90:*.orig=00;90:*.part=00;90:*.rej=00;90:*.rpmnew=00;90:*.rpmorig=00;90:*.rpmsave=00;90:*.swp=00;90:*.tmp=00;90:*.ucf-dist=00;90:*.ucf-new=00;90:*.ucf-old=00;90:', 'VSCODE_GIT_IPC_HANDLE': '/run/user/1002/vscode-git-227cc40744.sock', 'TERM_PROGRAM': 'vscode', 'ROS_DOMAIN_ID': '1', 'AMENT_PREFIX_PATH': '/home/strain-drone/Documents/drone_position_hold/ros2_ws/src/install/mocap4r2_msgs:/home/strain-drone/Documents/drone_position_hold/ros2_ws/src/install/mocap4r2_marker_viz_srvs:/opt/ros/jazzy', 'SHELL': '/bin/bash', 'LESSCLOSE': '/usr/bin/lesspipe %s %s', 'VIRTUAL_ENV': '/home/strain-drone/venv-ardupilot', 'ROS_AUTOMATIC_DISCOVERY_RANGE': 'SUBNET', 'VSCODE_GIT_ASKPASS_EXTRA_ARGS': '', 'PWD': '/home/strain-drone/Documents/drone_position_hold/ros2_ws/src/build/mocap4r2_marker_viz', 'LC_ALL': 'en_US.UTF-8', 'SSH_CONNECTION': '100.125.10.128 53782 100.96.124.69 22', 'XDG_DATA_DIRS': '/usr/share/gnome:/usr/local/share:/usr/share:/var/lib/snapd/desktop', 'PYTHONPATH': '/home/strain-drone/Documents/drone_position_hold/ros2_ws/src/install/mocap4r2_msgs/lib/python3.12/site-packages:/home/strain-drone/Documents/drone_position_hold/ros2_ws/src/install/mocap4r2_marker_viz_srvs/lib/python3.12/site-packages:/opt/ros/jazzy/lib/python3.12/site-packages', 'COLCON': '1', 'CMAKE_PREFIX_PATH': '/home/strain-drone/Documents/drone_position_hold/ros2_ws/src/install/mocap4r2_msgs:/home/strain-drone/Documents/drone_position_hold/ros2_ws/src/install/mocap4r2_marker_viz_srvs:/opt/ros/jazzy/opt/gz_math_vendor:/opt/ros/jazzy/opt/gz_utils_vendor:/opt/ros/jazzy/opt/gz_cmake_vendor:/opt/ros/jazzy'}), 'shell': False}
[35.739922] (-) TimerEvent: {}
[35.828837] (mocap4r2_robot_gt) StdoutLine: {'line': b'-- Found OpenSSL: /usr/lib/aarch64-linux-gnu/libcrypto.so (found version "3.0.13")  \n'}
[35.840230] (-) TimerEvent: {}
[35.868406] (mocap4r2_robot_gt) StdoutLine: {'line': b'-- Found FastRTPS: /opt/ros/jazzy/include (Required is at least version "2.13") \n'}
[35.873481] (mocap4r2_marker_viz) StdoutLine: {'line': b'[ 25%] \x1b[32mBuilding CXX object CMakeFiles/mocap4r2_marker_viz_NODE.dir/src/mocap4r2_marker_viz_node.cpp.o\x1b[0m\n'}
[35.940385] (-) TimerEvent: {}
[35.943994] (mocap4r2_robot_gt) StdoutLine: {'line': b"-- Using RMW implementation 'rmw_fastrtps_cpp' as default\n"}
[35.948305] (natnet_ros2) StdoutLine: {'line': b'-- Found Python3: /home/strain-drone/venv-ardupilot/bin/python3 (found version "3.12.3") found components: Interpreter Development NumPy Development.Module Development.Embed \n'}
[35.964426] (mocap4r2_marker_viz) StdoutLine: {'line': b'[ 50%] \x1b[32m\x1b[1mLinking CXX static library libmocap4r2_marker_viz_NODE.a\x1b[0m\n'}
[36.040843] (-) TimerEvent: {}
[36.101313] (natnet_ros2) StdoutLine: {'line': b'SDK already installed.\n'}
[36.113466] (mocap4r2_robot_gt) StdoutLine: {'line': b'-- Found rclcpp_components: 28.1.9 (/opt/ros/jazzy/share/rclcpp_components/cmake)\n'}
[36.120540] (natnet_ros2) StderrLine: {'line': b'\x1b[0mCMake Deprecation Warning at /opt/ros/jazzy/share/rosidl_cmake/cmake/rosidl_target_interfaces.cmake:32 (message):\n'}
[36.121065] (natnet_ros2) StderrLine: {'line': b'  Use rosidl_get_typesupport_target() and target_link_libraries() instead of\n'}
[36.121224] (natnet_ros2) StderrLine: {'line': b'  rosidl_target_interfaces().  i.e:\n'}
[36.121354] (natnet_ros2) StderrLine: {'line': b'\n'}
[36.121477] (natnet_ros2) StderrLine: {'line': b'    rosidl_get_typesupport_target(cpp_typesupport_target "${PROJECT_NAME}" "rosidl_typesupport_cpp")\n'}
[36.121564] (natnet_ros2) StderrLine: {'line': b'    target_link_libraries(${PROJECT_NAME}_node "${cpp_typesupport_target}")\n'}
[36.121647] (natnet_ros2) StderrLine: {'line': b'\n'}
[36.121726] (natnet_ros2) StderrLine: {'line': b'Call Stack (most recent call first):\n'}
[36.121818] (natnet_ros2) StderrLine: {'line': b'  CMakeLists.txt:80 (rosidl_target_interfaces)\n'}
[36.121907] (natnet_ros2) StderrLine: {'line': b'\n'}
[36.121992] (natnet_ros2) StderrLine: {'line': b'\x1b[0m\n'}
[36.131143] (natnet_ros2) StdoutLine: {'line': b'-- Found ament_cmake_copyright: 0.17.2 (/opt/ros/jazzy/share/ament_cmake_copyright/cmake)\n'}
[36.137579] (natnet_ros2) StdoutLine: {'line': b'-- Found ament_cmake_cppcheck: 0.17.2 (/opt/ros/jazzy/share/ament_cmake_cppcheck/cmake)\n'}
[36.141605] (-) TimerEvent: {}
[36.145665] (natnet_ros2) StdoutLine: {'line': b'-- Found ament_cmake_cpplint: 0.17.2 (/opt/ros/jazzy/share/ament_cmake_cpplint/cmake)\n'}
[36.153520] (natnet_ros2) StdoutLine: {'line': b'-- Found ament_cmake_lint_cmake: 0.17.2 (/opt/ros/jazzy/share/ament_cmake_lint_cmake/cmake)\n'}
[36.165236] (natnet_ros2) StdoutLine: {'line': b'-- Found ament_cmake_xmllint: 0.17.2 (/opt/ros/jazzy/share/ament_cmake_xmllint/cmake)\n'}
[36.171412] (natnet_ros2) StdoutLine: {'line': b'-- Found ament_cmake_uncrustify: 0.17.2 (/opt/ros/jazzy/share/ament_cmake_uncrustify/cmake)\n'}
[36.180761] (natnet_ros2) StderrLine: {'line': b'\x1b[0mIn this package, headers install destination is set to `include` by ament_auto_package. It is recommended to install `include/natnet_ros2` instead and will be the default behavior of ament_auto_package from ROS 2 Kilted Kaiju. On distributions before Kilted, ament_auto_package behaves the same way when you use USE_SCOPED_HEADER_INSTALL_DIR option.\x1b[0m\n'}
[36.185494] (mocap4r2_robot_gt) StdoutLine: {'line': b'-- Found mocap4r2_msgs: 0.0.3 (/home/strain-drone/Documents/drone_position_hold/ros2_ws/src/install/mocap4r2_msgs/share/mocap4r2_msgs/cmake)\n'}
[36.193124] (natnet_ros2) StdoutLine: {'line': b'-- Configuring done (12.5s)\n'}
[36.241702] (-) TimerEvent: {}
[36.264873] (mocap4r2_robot_gt) StdoutLine: {'line': b'-- Found mocap4r2_robot_gt_msgs: 0.0.7 (/home/strain-drone/Documents/drone_position_hold/ros2_ws/src/install/mocap4r2_robot_gt_msgs/share/mocap4r2_robot_gt_msgs/cmake)\n'}
[36.301653] (natnet_ros2) StdoutLine: {'line': b'-- Generating done (0.1s)\n'}
[36.303946] (mocap4r2_robot_gt) StdoutLine: {'line': b'-- Found tf2_ros: 0.36.16 (/opt/ros/jazzy/share/tf2_ros/cmake)\n'}
[36.338841] (natnet_ros2) StdoutLine: {'line': b'-- Build files have been written to: /home/strain-drone/Documents/drone_position_hold/ros2_ws/src/build/natnet_ros2\n'}
[36.341800] (-) TimerEvent: {}
[36.381442] (natnet_ros2) CommandEnded: {'returncode': 0}
[36.383660] (natnet_ros2) JobProgress: {'identifier': 'natnet_ros2', 'progress': 'build'}
[36.383750] (natnet_ros2) Command: {'cmd': ['/usr/bin/cmake', '--build', '/home/strain-drone/Documents/drone_position_hold/ros2_ws/src/build/natnet_ros2', '--', '-j4', '-l4'], 'cwd': '/home/strain-drone/Documents/drone_position_hold/ros2_ws/src/build/natnet_ros2', 'env': OrderedDict({'LESSOPEN': '| /usr/bin/lesspipe %s', 'USER': 'strain-drone', 'SSH_CLIENT': '100.125.10.128 53782 22', 'XDG_SESSION_TYPE': 'tty', 'GIT_ASKPASS': '/home/strain-drone/.vscode-server/cli/servers/Stable-b6a47e94e326b5c209d118cf0f994d6065585705/server/extensions/git/dist/askpass.sh', 'SHLVL': '2', 'LD_LIBRARY_PATH': '/opt/ros/jazzy/opt/rviz_ogre_vendor/lib:/opt/ros/jazzy/lib/aarch64-linux-gnu:/opt/ros/jazzy/opt/gz_math_vendor/lib:/opt/ros/jazzy/opt/gz_utils_vendor/lib:/opt/ros/jazzy/opt/gz_cmake_vendor/lib:/opt/ros/jazzy/lib:/home/strain-drone/Documents/drone_position_hold/ros2_ws/src/natnet_ros2/deps/NatNetSDK/lib:/home/strain-drone/Documents/drone_position_hold/ros2_ws/src/natnet_ros2/deps/NatNetSDK/lib', 'BROWSER': '/home/strain-drone/.vscode-server/cli/servers/Stable-b6a47e94e326b5c209d118cf0f994d6065585705/server/bin/helpers/browser.sh', 'HOME': '/home/strain-drone', 'TERM_PROGRAM_VERSION': '1.109.3', 'VSCODE_IPC_HOOK_CLI': '/run/user/1002/vscode-ipc-7f844f56-ced9-4e8e-9017-09603271f316.sock', 'ROS_PYTHON_VERSION': '3', 'VSCODE_GIT_ASKPASS_MAIN': '/home/strain-drone/.vscode-server/cli/servers/Stable-b6a47e94e326b5c209d118cf0f994d6065585705/server/extensions/git/dist/askpass-main.js', 'PS1': '\\[\x1b]633;A\x07\\]\\[\\e]0;\\u@\\h: \\w\\a\\]${debian_chroot:+($debian_chroot)}\\[\\033[01;32m\\]\\u@\\h\\[\\033[00m\\]:\\[\\033[01;34m\\]\\w\\[\\033[00m\\]\\$ \\[\x1b]633;B\x07\\]', 'VSCODE_GIT_ASKPASS_NODE': '/home/strain-drone/.vscode-server/cli/servers/Stable-b6a47e94e326b5c209d118cf0f994d6065585705/server/node', 'SSL_CERT_FILE': '/usr/lib/ssl/cert.pem', 'VSCODE_PYTHON_AUTOACTIVATE_GUARD': '1', 'DBUS_SESSION_BUS_ADDRESS': 'unix:path=/run/user/1002/bus', 'COLORTERM': 'truecolor', 'DEBUGINFOD_URLS': 'https://debuginfod.ubuntu.com', 'ROS_DISTRO': 'jazzy', 'LOGNAME': 'strain-drone', '_': '/usr/bin/colcon', 'ROS_VERSION': '2', 'XDG_SESSION_CLASS': 'user', 'TERM': 'xterm-256color', 'XDG_SESSION_ID': '12', 'PATH': '/home/strain-drone/.vscode-server/data/User/globalStorage/github.copilot-chat/debugCommand:/home/strain-drone/.vscode-server/data/User/globalStorage/github.copilot-chat/copilotCli:/home/strain-drone/.vscode-server/cli/servers/Stable-b6a47e94e326b5c209d118cf0f994d6065585705/server/bin/remote-cli:/usr/lib/ccache:/home/strain-drone/Documents/ardupilot/Tools/autotest:/opt/gcc-arm-none-eabi-10-2020-q4-major/bin:/home/strain-drone/venv-ardupilot/bin:/home/strain-drone/.local/bin:/opt/ros/jazzy/bin:/usr/lib/ccache:/home/strain-drone/Documents/ardupilot/Tools/autotest:/opt/gcc-arm-none-eabi-10-2020-q4-major/bin:/home/strain-drone/venv-ardupilot/bin:/home/strain-drone/.local/bin:/usr/local/sbin:/usr/local/bin:/usr/sbin:/usr/bin:/sbin:/bin:/usr/games:/usr/local/games:/snap/bin:/home/strain-drone/.local/bin:/home/strain-drone/.local/bin:/home/strain-drone/.local/bin:/home/strain-drone/.local/bin', 'XDG_RUNTIME_DIR': '/run/user/1002', 'SSL_CERT_DIR': '/usr/lib/ssl/certs', 'LANG': 'en_US.UTF-8', 'VIRTUAL_ENV_PROMPT': '(venv-ardupilot)', 'LS_COLORS': 'rs=0:di=01;34:ln=01;36:mh=00:pi=40;33:so=01;35:do=01;35:bd=40;33;01:cd=40;33;01:or=40;31;01:mi=00:su=37;41:sg=30;43:ca=00:tw=30;42:ow=34;42:st=37;44:ex=01;32:*.tar=01;31:*.tgz=01;31:*.arc=01;31:*.arj=01;31:*.taz=01;31:*.lha=01;31:*.lz4=01;31:*.lzh=01;31:*.lzma=01;31:*.tlz=01;31:*.txz=01;31:*.tzo=01;31:*.t7z=01;31:*.zip=01;31:*.z=01;31:*.dz=01;31:*.gz=01;31:*.lrz=01;31:*.lz=01;31:*.lzo=01;31:*.xz=01;31:*.zst=01;31:*.tzst=01;31:*.bz2=01;31:*.bz=01;31:*.tbz=01;31:*.tbz2=01;31:*.tz=01;31:*.deb=01;31:*.rpm=01;31:*.jar=01;31:*.war=01;31:*.ear=01;31:*.sar=01;31:*.rar=01;31:*.alz=01;31:*.ace=01;31:*.zoo=01;31:*.cpio=01;31:*.7z=01;31:*.rz=01;31:*.cab=01;31:*.wim=01;31:*.swm=01;31:*.dwm=01;31:*.esd=01;31:*.avif=01;35:*.jpg=01;35:*.jpeg=01;35:*.mjpg=01;35:*.mjpeg=01;35:*.gif=01;35:*.bmp=01;35:*.pbm=01;35:*.pgm=01;35:*.ppm=01;35:*.tga=01;35:*.xbm=01;35:*.xpm=01;35:*.tif=01;35:*.tiff=01;35:*.png=01;35:*.svg=01;35:*.svgz=01;35:*.mng=01;35:*.pcx=01;35:*.mov=01;35:*.mpg=01;35:*.mpeg=01;35:*.m2v=01;35:*.mkv=01;35:*.webm=01;35:*.webp=01;35:*.ogm=01;35:*.mp4=01;35:*.m4v=01;35:*.mp4v=01;35:*.vob=01;35:*.qt=01;35:*.nuv=01;35:*.wmv=01;35:*.asf=01;35:*.rm=01;35:*.rmvb=01;35:*.flc=01;35:*.avi=01;35:*.fli=01;35:*.flv=01;35:*.gl=01;35:*.dl=01;35:*.xcf=01;35:*.xwd=01;35:*.yuv=01;35:*.cgm=01;35:*.emf=01;35:*.ogv=01;35:*.ogx=01;35:*.aac=00;36:*.au=00;36:*.flac=00;36:*.m4a=00;36:*.mid=00;36:*.midi=00;36:*.mka=00;36:*.mp3=00;36:*.mpc=00;36:*.ogg=00;36:*.ra=00;36:*.wav=00;36:*.oga=00;36:*.opus=00;36:*.spx=00;36:*.xspf=00;36:*~=00;90:*#=00;90:*.bak=00;90:*.crdownload=00;90:*.dpkg-dist=00;90:*.dpkg-new=00;90:*.dpkg-old=00;90:*.dpkg-tmp=00;90:*.old=00;90:*.orig=00;90:*.part=00;90:*.rej=00;90:*.rpmnew=00;90:*.rpmorig=00;90:*.rpmsave=00;90:*.swp=00;90:*.tmp=00;90:*.ucf-dist=00;90:*.ucf-new=00;90:*.ucf-old=00;90:', 'VSCODE_GIT_IPC_HANDLE': '/run/user/1002/vscode-git-227cc40744.sock', 'TERM_PROGRAM': 'vscode', 'ROS_DOMAIN_ID': '1', 'AMENT_PREFIX_PATH': '/opt/ros/jazzy', 'SHELL': '/bin/bash', 'LESSCLOSE': '/usr/bin/lesspipe %s %s', 'VIRTUAL_ENV': '/home/strain-drone/venv-ardupilot', 'ROS_AUTOMATIC_DISCOVERY_RANGE': 'SUBNET', 'VSCODE_GIT_ASKPASS_EXTRA_ARGS': '', 'PWD': '/home/strain-drone/Documents/drone_position_hold/ros2_ws/src/build/natnet_ros2', 'LC_ALL': 'en_US.UTF-8', 'SSH_CONNECTION': '100.125.10.128 53782 100.96.124.69 22', 'XDG_DATA_DIRS': '/usr/share/gnome:/usr/local/share:/usr/share:/var/lib/snapd/desktop', 'PYTHONPATH': '/opt/ros/jazzy/lib/python3.12/site-packages', 'COLCON': '1', 'CMAKE_PREFIX_PATH': '/opt/ros/jazzy/opt/gz_math_vendor:/opt/ros/jazzy/opt/gz_utils_vendor:/opt/ros/jazzy/opt/gz_cmake_vendor:/opt/ros/jazzy'}), 'shell': False}
[36.445396] (-) TimerEvent: {}
[36.456286] (mocap4r2_robot_gt) StdoutLine: {'line': b'-- Found tf2_geometry_msgs: 0.36.16 (/opt/ros/jazzy/share/tf2_geometry_msgs/cmake)\n'}
[36.486055] (mocap4r2_robot_gt) StdoutLine: {'line': b'-- Found eigen3_cmake_module: 0.3.0 (/opt/ros/jazzy/share/eigen3_cmake_module/cmake)\n'}
[36.487241] (mocap4r2_robot_gt) StdoutLine: {'line': b'-- Found Eigen3: TRUE (found version "3.4.0") \n'}
[36.489844] (mocap4r2_robot_gt) StdoutLine: {'line': b'-- Ensuring Eigen3 include directory is part of orocos-kdl CMake target\n'}
[36.522065] (mocap4r2_robot_gt) StdoutLine: {'line': b'-- Found ament_lint_auto: 0.17.2 (/opt/ros/jazzy/share/ament_lint_auto/cmake)\n'}
[36.545549] (-) TimerEvent: {}
[36.546022] (natnet_ros2) StdoutLine: {'line': b'[  2%] \x1b[32mBuilding CXX object CMakeFiles/natnet_ros2_node.dir/src/natnet_ros2.cpp.o\x1b[0m\n'}
[36.546365] (natnet_ros2) StdoutLine: {'line': b'[  2%] Built target ament_cmake_python_copy_natnet_ros2\n'}
[36.595033] (natnet_ros2) StdoutLine: {'line': b'[  5%] \x1b[34m\x1b[1mGenerating type hashes for ROS interfaces\x1b[0m\n'}
[36.618881] (natnet_ros2) StderrLine: {'line': b'\x1b[01m\x1b[K/home/strain-drone/Documents/drone_position_hold/ros2_ws/src/natnet_ros2/src/natnet_ros2.cpp:\x1b[m\x1b[K In member function \xe2\x80\x98\x1b[01m\x1b[Kvoid NatNetNode::\x1b[01;32m\x1b[Kget_node_params\x1b[m\x1b[K()\x1b[m\x1b[K\xe2\x80\x99:\n'}
[36.620653] (natnet_ros2) StderrLine: {'line': b'\x1b[01m\x1b[K/home/strain-drone/Documents/drone_position_hold/ros2_ws/src/natnet_ros2/src/natnet_ros2.cpp:71:52:\x1b[m\x1b[K \x1b[01;35m\x1b[Kwarning: \x1b[m\x1b[Kconverting to \xe2\x80\x98\x1b[01m\x1b[Kconst rcl_interfaces::msg::ParameterDescriptor\x1b[m\x1b[K\xe2\x80\x99 {aka \xe2\x80\x98\x1b[01m\x1b[Kconst rcl_interfaces::msg::ParameterDescriptor_<std::allocator<void> >\x1b[m\x1b[K\xe2\x80\x99} from initializer list would use explicit constructor \xe2\x80\x98\x1b[01m\x1b[Krcl_interfaces::msg::ParameterDescriptor_<ContainerAllocator>::\x1b[01;32m\x1b[KParameterDescriptor_\x1b[m\x1b[K(rosidl_runtime_cpp::MessageInitialization) \x1b[35m\x1b[K[with ContainerAllocator = std::allocator<void>]\x1b[m\x1b[K\x1b[m\x1b[K\xe2\x80\x99\n'}
[36.621097] (natnet_ros2) StderrLine: {'line': b'   71 |         \x1b[01;35m\x1b[Kdeclare_parameter<std::vector<std::string>>("object_names", {})\x1b[m\x1b[K;\n'}
[36.621442] (natnet_ros2) StderrLine: {'line': b'      |         \x1b[01;35m\x1b[K~~~~~~~~~~~~~~~~~~~~~~~~~~~~~~~~~~~~~~~~~~~^~~~~~~~~~~~~~~~~~~~\x1b[m\x1b[K\n'}
[36.621576] (natnet_ros2) StderrLine: {'line': b'\x1b[01m\x1b[K/home/strain-drone/Documents/drone_position_hold/ros2_ws/src/natnet_ros2/src/natnet_ros2.cpp:71:52:\x1b[m\x1b[K \x1b[01;36m\x1b[Knote: \x1b[m\x1b[Kin C++11 and above a default constructor can be explicit\n'}
[36.644644] (natnet_ros2) StdoutLine: {'line': b'[  5%] Built target ament_cmake_python_copy_natnet_ros2_py\n'}
[36.646474] (-) TimerEvent: {}
[36.690649] (natnet_ros2) StdoutLine: {'line': b'[  7%] \x1b[32mBuilding CXX object CMakeFiles/natnet_ros2_node.dir/src/nn_filter.cpp.o\x1b[0m\n'}
[36.744510] (natnet_ros2) StdoutLine: {'line': b'[ 10%] \x1b[32m\x1b[1mLinking CXX executable natnet_ros2_node\x1b[0m\n'}
[36.746604] (-) TimerEvent: {}
[36.849448] (-) TimerEvent: {}
[36.949919] (-) TimerEvent: {}
[37.053370] (-) TimerEvent: {}
[37.156473] (-) TimerEvent: {}
[37.199102] (mocap4r2_robot_gt) StdoutLine: {'line': b"-- Added test 'cppcheck' to perform static code analysis on C / C++ code\n"}
[37.208547] (mocap4r2_robot_gt) StdoutLine: {'line': b'-- Configured cppcheck include dirs: /home/strain-drone/Documents/drone_position_hold/ros2_ws/src/mocap4r2/mocap4r2_robot_gt/mocap4r2_robot_gt/include\n'}
[37.209129] (mocap4r2_robot_gt) StdoutLine: {'line': b'-- Configured cppcheck exclude dirs and/or files: \n'}
[37.212874] (mocap4r2_robot_gt) StdoutLine: {'line': b"-- Added test 'lint_cmake' to check CMake code style\n"}
[37.227305] (mocap4r2_robot_gt) StdoutLine: {'line': b"-- Added test 'uncrustify' to check C / C++ code style\n"}
[37.228278] (mocap4r2_robot_gt) StdoutLine: {'line': b'-- Configured uncrustify additional arguments: \n'}
[37.228912] (mocap4r2_robot_gt) StdoutLine: {'line': b"-- Added test 'xmllint' to check XML markup files\n"}
[37.252402] (mocap4r2_robot_gt) StdoutLine: {'line': b'-- Configuring done (3.8s)\n'}
[37.256474] (mocap4r2_marker_viz) StdoutLine: {'line': b'[ 50%] Built target mocap4r2_marker_viz_NODE\n'}
[37.257655] (-) TimerEvent: {}
[37.360502] (-) TimerEvent: {}
[37.461535] (-) TimerEvent: {}
[37.471421] (mocap4r2_marker_viz) StdoutLine: {'line': b'[ 75%] \x1b[32mBuilding CXX object CMakeFiles/mocap4r2_marker_viz.dir/src/mocap4r2_marker_viz_main.cpp.o\x1b[0m\n'}
[37.566804] (-) TimerEvent: {}
[37.618661] (mocap4r2_robot_gt) StdoutLine: {'line': b'-- Generating done (0.3s)\n'}
[37.630864] (mocap4r2_marker_viz) StdoutLine: {'line': b'[100%] \x1b[32m\x1b[1mLinking CXX executable mocap4r2_marker_viz\x1b[0m\n'}
[37.666974] (-) TimerEvent: {}
[37.760604] (mocap4r2_robot_gt) StdoutLine: {'line': b'-- Build files have been written to: /home/strain-drone/Documents/drone_position_hold/ros2_ws/src/build/mocap4r2_robot_gt\n'}
[37.767157] (-) TimerEvent: {}
[37.872428] (-) TimerEvent: {}
[37.941126] (mocap4r2_robot_gt) CommandEnded: {'returncode': 0}
[37.952417] (mocap4r2_robot_gt) JobProgress: {'identifier': 'mocap4r2_robot_gt', 'progress': 'build'}
[37.952754] (mocap4r2_robot_gt) Command: {'cmd': ['/usr/bin/cmake', '--build', '/home/strain-drone/Documents/drone_position_hold/ros2_ws/src/build/mocap4r2_robot_gt', '--', '-j4', '-l4'], 'cwd': '/home/strain-drone/Documents/drone_position_hold/ros2_ws/src/build/mocap4r2_robot_gt', 'env': OrderedDict({'LESSOPEN': '| /usr/bin/lesspipe %s', 'USER': 'strain-drone', 'SSH_CLIENT': '100.125.10.128 53782 22', 'XDG_SESSION_TYPE': 'tty', 'GIT_ASKPASS': '/home/strain-drone/.vscode-server/cli/servers/Stable-b6a47e94e326b5c209d118cf0f994d6065585705/server/extensions/git/dist/askpass.sh', 'SHLVL': '2', 'LD_LIBRARY_PATH': '/home/strain-drone/Documents/drone_position_hold/ros2_ws/src/install/mocap4r2_robot_gt_msgs/lib:/home/strain-drone/Documents/drone_position_hold/ros2_ws/src/install/mocap4r2_msgs/lib:/opt/ros/jazzy/opt/rviz_ogre_vendor/lib:/opt/ros/jazzy/lib/aarch64-linux-gnu:/opt/ros/jazzy/opt/gz_math_vendor/lib:/opt/ros/jazzy/opt/gz_utils_vendor/lib:/opt/ros/jazzy/opt/gz_cmake_vendor/lib:/opt/ros/jazzy/lib:/home/strain-drone/Documents/drone_position_hold/ros2_ws/src/natnet_ros2/deps/NatNetSDK/lib:/home/strain-drone/Documents/drone_position_hold/ros2_ws/src/natnet_ros2/deps/NatNetSDK/lib', 'BROWSER': '/home/strain-drone/.vscode-server/cli/servers/Stable-b6a47e94e326b5c209d118cf0f994d6065585705/server/bin/helpers/browser.sh', 'HOME': '/home/strain-drone', 'TERM_PROGRAM_VERSION': '1.109.3', 'VSCODE_IPC_HOOK_CLI': '/run/user/1002/vscode-ipc-7f844f56-ced9-4e8e-9017-09603271f316.sock', 'ROS_PYTHON_VERSION': '3', 'VSCODE_GIT_ASKPASS_MAIN': '/home/strain-drone/.vscode-server/cli/servers/Stable-b6a47e94e326b5c209d118cf0f994d6065585705/server/extensions/git/dist/askpass-main.js', 'PS1': '\\[\x1b]633;A\x07\\]\\[\\e]0;\\u@\\h: \\w\\a\\]${debian_chroot:+($debian_chroot)}\\[\\033[01;32m\\]\\u@\\h\\[\\033[00m\\]:\\[\\033[01;34m\\]\\w\\[\\033[00m\\]\\$ \\[\x1b]633;B\x07\\]', 'VSCODE_GIT_ASKPASS_NODE': '/home/strain-drone/.vscode-server/cli/servers/Stable-b6a47e94e326b5c209d118cf0f994d6065585705/server/node', 'SSL_CERT_FILE': '/usr/lib/ssl/cert.pem', 'VSCODE_PYTHON_AUTOACTIVATE_GUARD': '1', 'DBUS_SESSION_BUS_ADDRESS': 'unix:path=/run/user/1002/bus', 'COLORTERM': 'truecolor', 'DEBUGINFOD_URLS': 'https://debuginfod.ubuntu.com', 'ROS_DISTRO': 'jazzy', 'LOGNAME': 'strain-drone', '_': '/usr/bin/colcon', 'ROS_VERSION': '2', 'XDG_SESSION_CLASS': 'user', 'TERM': 'xterm-256color', 'XDG_SESSION_ID': '12', 'PATH': '/home/strain-drone/.vscode-server/data/User/globalStorage/github.copilot-chat/debugCommand:/home/strain-drone/.vscode-server/data/User/globalStorage/github.copilot-chat/copilotCli:/home/strain-drone/.vscode-server/cli/servers/Stable-b6a47e94e326b5c209d118cf0f994d6065585705/server/bin/remote-cli:/usr/lib/ccache:/home/strain-drone/Documents/ardupilot/Tools/autotest:/opt/gcc-arm-none-eabi-10-2020-q4-major/bin:/home/strain-drone/venv-ardupilot/bin:/home/strain-drone/.local/bin:/opt/ros/jazzy/bin:/usr/lib/ccache:/home/strain-drone/Documents/ardupilot/Tools/autotest:/opt/gcc-arm-none-eabi-10-2020-q4-major/bin:/home/strain-drone/venv-ardupilot/bin:/home/strain-drone/.local/bin:/usr/local/sbin:/usr/local/bin:/usr/sbin:/usr/bin:/sbin:/bin:/usr/games:/usr/local/games:/snap/bin:/home/strain-drone/.local/bin:/home/strain-drone/.local/bin:/home/strain-drone/.local/bin:/home/strain-drone/.local/bin', 'XDG_RUNTIME_DIR': '/run/user/1002', 'SSL_CERT_DIR': '/usr/lib/ssl/certs', 'LANG': 'en_US.UTF-8', 'VIRTUAL_ENV_PROMPT': '(venv-ardupilot)', 'LS_COLORS': 'rs=0:di=01;34:ln=01;36:mh=00:pi=40;33:so=01;35:do=01;35:bd=40;33;01:cd=40;33;01:or=40;31;01:mi=00:su=37;41:sg=30;43:ca=00:tw=30;42:ow=34;42:st=37;44:ex=01;32:*.tar=01;31:*.tgz=01;31:*.arc=01;31:*.arj=01;31:*.taz=01;31:*.lha=01;31:*.lz4=01;31:*.lzh=01;31:*.lzma=01;31:*.tlz=01;31:*.txz=01;31:*.tzo=01;31:*.t7z=01;31:*.zip=01;31:*.z=01;31:*.dz=01;31:*.gz=01;31:*.lrz=01;31:*.lz=01;31:*.lzo=01;31:*.xz=01;31:*.zst=01;31:*.tzst=01;31:*.bz2=01;31:*.bz=01;31:*.tbz=01;31:*.tbz2=01;31:*.tz=01;31:*.deb=01;31:*.rpm=01;31:*.jar=01;31:*.war=01;31:*.ear=01;31:*.sar=01;31:*.rar=01;31:*.alz=01;31:*.ace=01;31:*.zoo=01;31:*.cpio=01;31:*.7z=01;31:*.rz=01;31:*.cab=01;31:*.wim=01;31:*.swm=01;31:*.dwm=01;31:*.esd=01;31:*.avif=01;35:*.jpg=01;35:*.jpeg=01;35:*.mjpg=01;35:*.mjpeg=01;35:*.gif=01;35:*.bmp=01;35:*.pbm=01;35:*.pgm=01;35:*.ppm=01;35:*.tga=01;35:*.xbm=01;35:*.xpm=01;35:*.tif=01;35:*.tiff=01;35:*.png=01;35:*.svg=01;35:*.svgz=01;35:*.mng=01;35:*.pcx=01;35:*.mov=01;35:*.mpg=01;35:*.mpeg=01;35:*.m2v=01;35:*.mkv=01;35:*.webm=01;35:*.webp=01;35:*.ogm=01;35:*.mp4=01;35:*.m4v=01;35:*.mp4v=01;35:*.vob=01;35:*.qt=01;35:*.nuv=01;35:*.wmv=01;35:*.asf=01;35:*.rm=01;35:*.rmvb=01;35:*.flc=01;35:*.avi=01;35:*.fli=01;35:*.flv=01;35:*.gl=01;35:*.dl=01;35:*.xcf=01;35:*.xwd=01;35:*.yuv=01;35:*.cgm=01;35:*.emf=01;35:*.ogv=01;35:*.ogx=01;35:*.aac=00;36:*.au=00;36:*.flac=00;36:*.m4a=00;36:*.mid=00;36:*.midi=00;36:*.mka=00;36:*.mp3=00;36:*.mpc=00;36:*.ogg=00;36:*.ra=00;36:*.wav=00;36:*.oga=00;36:*.opus=00;36:*.spx=00;36:*.xspf=00;36:*~=00;90:*#=00;90:*.bak=00;90:*.crdownload=00;90:*.dpkg-dist=00;90:*.dpkg-new=00;90:*.dpkg-old=00;90:*.dpkg-tmp=00;90:*.old=00;90:*.orig=00;90:*.part=00;90:*.rej=00;90:*.rpmnew=00;90:*.rpmorig=00;90:*.rpmsave=00;90:*.swp=00;90:*.tmp=00;90:*.ucf-dist=00;90:*.ucf-new=00;90:*.ucf-old=00;90:', 'VSCODE_GIT_IPC_HANDLE': '/run/user/1002/vscode-git-227cc40744.sock', 'TERM_PROGRAM': 'vscode', 'ROS_DOMAIN_ID': '1', 'AMENT_PREFIX_PATH': '/home/strain-drone/Documents/drone_position_hold/ros2_ws/src/install/mocap4r2_robot_gt_msgs:/home/strain-drone/Documents/drone_position_hold/ros2_ws/src/install/mocap4r2_msgs:/opt/ros/jazzy', 'SHELL': '/bin/bash', 'LESSCLOSE': '/usr/bin/lesspipe %s %s', 'VIRTUAL_ENV': '/home/strain-drone/venv-ardupilot', 'ROS_AUTOMATIC_DISCOVERY_RANGE': 'SUBNET', 'VSCODE_GIT_ASKPASS_EXTRA_ARGS': '', 'PWD': '/home/strain-drone/Documents/drone_position_hold/ros2_ws/src/build/mocap4r2_robot_gt', 'LC_ALL': 'en_US.UTF-8', 'SSH_CONNECTION': '100.125.10.128 53782 100.96.124.69 22', 'XDG_DATA_DIRS': '/usr/share/gnome:/usr/local/share:/usr/share:/var/lib/snapd/desktop', 'PYTHONPATH': '/home/strain-drone/Documents/drone_position_hold/ros2_ws/src/install/mocap4r2_robot_gt_msgs/lib/python3.12/site-packages:/home/strain-drone/Documents/drone_position_hold/ros2_ws/src/install/mocap4r2_msgs/lib/python3.12/site-packages:/opt/ros/jazzy/lib/python3.12/site-packages', 'COLCON': '1', 'CMAKE_PREFIX_PATH': '/home/strain-drone/Documents/drone_position_hold/ros2_ws/src/install/mocap4r2_robot_gt_msgs:/home/strain-drone/Documents/drone_position_hold/ros2_ws/src/install/mocap4r2_msgs:/opt/ros/jazzy/opt/gz_math_vendor:/opt/ros/jazzy/opt/gz_utils_vendor:/opt/ros/jazzy/opt/gz_cmake_vendor:/opt/ros/jazzy'}), 'shell': False}
[37.975742] (-) TimerEvent: {}
[38.076439] (-) TimerEvent: {}
[38.181690] (-) TimerEvent: {}
[38.196997] (natnet_ros2) StdoutLine: {'line': b'[ 10%] Built target natnet_ros2__rosidl_generator_type_description\n'}
[38.226293] (natnet_ros2) StdoutLine: {'line': b'running egg_info\n'}
[38.235732] (mocap4r2_robot_gt) StdoutLine: {'line': b'[ 12%] \x1b[32mBuilding CXX object CMakeFiles/gt_component.dir/src/mocap4r2_robot_gt/gt_component.cpp.o\x1b[0m\n'}
[38.257022] (mocap4r2_robot_gt) StdoutLine: {'line': b'[ 25%] \x1b[32mBuilding CXX object CMakeFiles/set_gt_component.dir/src/mocap4r2_robot_gt/set_gt_component.cpp.o\x1b[0m\n'}
[38.286855] (-) TimerEvent: {}
[38.342550] (natnet_ros2) StdoutLine: {'line': b'[ 12%] \x1b[34m\x1b[1mGenerating C++ code for ROS interfaces\x1b[0m\n'}
[38.354826] (natnet_ros2) StdoutLine: {'line': b'creating natnet_ros2_py.egg-info\n'}
[38.355755] (natnet_ros2) StdoutLine: {'line': b'writing natnet_ros2_py.egg-info/PKG-INFO\n'}
[38.364417] (natnet_ros2) StdoutLine: {'line': b'writing dependency_links to natnet_ros2_py.egg-info/dependency_links.txt\n'}
[38.364778] (natnet_ros2) StdoutLine: {'line': b'writing top-level names to natnet_ros2_py.egg-info/top_level.txt\n'}
[38.364938] (natnet_ros2) StdoutLine: {'line': b"writing manifest file 'natnet_ros2_py.egg-info/SOURCES.txt'\n"}
[38.365433] (natnet_ros2) StdoutLine: {'line': b'running egg_info\n'}
[38.391525] (-) TimerEvent: {}
[38.416158] (mocap4r2_robot_gt) StdoutLine: {'line': b'[ 37%] \x1b[32m\x1b[1mLinking CXX shared library libset_gt_component.so\x1b[0m\n'}
[38.471705] (natnet_ros2) StdoutLine: {'line': b'creating natnet_ros2.egg-info\n'}
[38.493575] (-) TimerEvent: {}
[38.510898] (mocap4r2_robot_gt) StdoutLine: {'line': b'[ 50%] \x1b[32m\x1b[1mLinking CXX shared library libgt_component.so\x1b[0m\n'}
[38.512115] (natnet_ros2) StdoutLine: {'line': b'writing natnet_ros2.egg-info/PKG-INFO\n'}
[38.512389] (natnet_ros2) StdoutLine: {'line': b'writing dependency_links to natnet_ros2.egg-info/dependency_links.txt\n'}
[38.512580] (natnet_ros2) StdoutLine: {'line': b'writing top-level names to natnet_ros2.egg-info/top_level.txt\n'}
[38.514919] (natnet_ros2) StdoutLine: {'line': b"writing manifest file 'natnet_ros2.egg-info/SOURCES.txt'\n"}
[38.593766] (-) TimerEvent: {}
[38.697568] (-) TimerEvent: {}
[38.728556] (natnet_ros2) StdoutLine: {'line': b'[ 12%] Built target natnet_ros2_node\n'}
[38.797834] (-) TimerEvent: {}
[38.895531] (natnet_ros2) StdoutLine: {'line': b'[ 15%] \x1b[34m\x1b[1mGenerating C code for ROS interfaces\x1b[0m\n'}
[38.898042] (-) TimerEvent: {}
[39.006495] (-) TimerEvent: {}
[39.107409] (-) TimerEvent: {}
[39.213469] (-) TimerEvent: {}
[39.317133] (-) TimerEvent: {}
[39.354757] (mocap4r2cli) Command: {'cmd': ['/usr/bin/python3', '-W', 'ignore:setup.py install is deprecated', '-W', 'ignore:easy_install command is deprecated', 'setup.py', 'egg_info', '--egg-base', '../../build/mocap4r2cli', 'build', '--build-base', '/home/strain-drone/Documents/drone_position_hold/ros2_ws/src/build/mocap4r2cli/build', 'install', '--record', '/home/strain-drone/Documents/drone_position_hold/ros2_ws/src/build/mocap4r2cli/install.log', '--single-version-externally-managed', 'install_data'], 'cwd': '/home/strain-drone/Documents/drone_position_hold/ros2_ws/src/mocap4r2/mocap4r2cli', 'env': {'LESSOPEN': '| /usr/bin/lesspipe %s', 'USER': 'strain-drone', 'SSH_CLIENT': '100.125.10.128 53782 22', 'XDG_SESSION_TYPE': 'tty', 'GIT_ASKPASS': '/home/strain-drone/.vscode-server/cli/servers/Stable-b6a47e94e326b5c209d118cf0f994d6065585705/server/extensions/git/dist/askpass.sh', 'SHLVL': '2', 'LD_LIBRARY_PATH': '/home/strain-drone/Documents/drone_position_hold/ros2_ws/src/install/mocap4r2_control_msgs/lib:/opt/ros/jazzy/opt/rviz_ogre_vendor/lib:/opt/ros/jazzy/lib/aarch64-linux-gnu:/opt/ros/jazzy/opt/gz_math_vendor/lib:/opt/ros/jazzy/opt/gz_utils_vendor/lib:/opt/ros/jazzy/opt/gz_cmake_vendor/lib:/opt/ros/jazzy/lib:/home/strain-drone/Documents/drone_position_hold/ros2_ws/src/natnet_ros2/deps/NatNetSDK/lib:/home/strain-drone/Documents/drone_position_hold/ros2_ws/src/natnet_ros2/deps/NatNetSDK/lib', 'BROWSER': '/home/strain-drone/.vscode-server/cli/servers/Stable-b6a47e94e326b5c209d118cf0f994d6065585705/server/bin/helpers/browser.sh', 'HOME': '/home/strain-drone', 'TERM_PROGRAM_VERSION': '1.109.3', 'VSCODE_IPC_HOOK_CLI': '/run/user/1002/vscode-ipc-7f844f56-ced9-4e8e-9017-09603271f316.sock', 'ROS_PYTHON_VERSION': '3', 'VSCODE_GIT_ASKPASS_MAIN': '/home/strain-drone/.vscode-server/cli/servers/Stable-b6a47e94e326b5c209d118cf0f994d6065585705/server/extensions/git/dist/askpass-main.js', 'PS1': '\\[\x1b]633;A\x07\\]\\[\\e]0;\\u@\\h: \\w\\a\\]${debian_chroot:+($debian_chroot)}\\[\\033[01;32m\\]\\u@\\h\\[\\033[00m\\]:\\[\\033[01;34m\\]\\w\\[\\033[00m\\]\\$ \\[\x1b]633;B\x07\\]', 'VSCODE_GIT_ASKPASS_NODE': '/home/strain-drone/.vscode-server/cli/servers/Stable-b6a47e94e326b5c209d118cf0f994d6065585705/server/node', 'SSL_CERT_FILE': '/usr/lib/ssl/cert.pem', 'VSCODE_PYTHON_AUTOACTIVATE_GUARD': '1', 'DBUS_SESSION_BUS_ADDRESS': 'unix:path=/run/user/1002/bus', 'COLORTERM': 'truecolor', 'DEBUGINFOD_URLS': 'https://debuginfod.ubuntu.com', 'ROS_DISTRO': 'jazzy', 'LOGNAME': 'strain-drone', '_': '/usr/bin/colcon', 'ROS_VERSION': '2', 'XDG_SESSION_CLASS': 'user', 'TERM': 'xterm-256color', 'XDG_SESSION_ID': '12', 'PATH': '/home/strain-drone/.vscode-server/data/User/globalStorage/github.copilot-chat/debugCommand:/home/strain-drone/.vscode-server/data/User/globalStorage/github.copilot-chat/copilotCli:/home/strain-drone/.vscode-server/cli/servers/Stable-b6a47e94e326b5c209d118cf0f994d6065585705/server/bin/remote-cli:/usr/lib/ccache:/home/strain-drone/Documents/ardupilot/Tools/autotest:/opt/gcc-arm-none-eabi-10-2020-q4-major/bin:/home/strain-drone/venv-ardupilot/bin:/home/strain-drone/.local/bin:/opt/ros/jazzy/bin:/usr/lib/ccache:/home/strain-drone/Documents/ardupilot/Tools/autotest:/opt/gcc-arm-none-eabi-10-2020-q4-major/bin:/home/strain-drone/venv-ardupilot/bin:/home/strain-drone/.local/bin:/usr/local/sbin:/usr/local/bin:/usr/sbin:/usr/bin:/sbin:/bin:/usr/games:/usr/local/games:/snap/bin:/home/strain-drone/.local/bin:/home/strain-drone/.local/bin:/home/strain-drone/.local/bin:/home/strain-drone/.local/bin', 'XDG_RUNTIME_DIR': '/run/user/1002', 'SSL_CERT_DIR': '/usr/lib/ssl/certs', 'LANG': 'en_US.UTF-8', 'VIRTUAL_ENV_PROMPT': '(venv-ardupilot)', 'LS_COLORS': 'rs=0:di=01;34:ln=01;36:mh=00:pi=40;33:so=01;35:do=01;35:bd=40;33;01:cd=40;33;01:or=40;31;01:mi=00:su=37;41:sg=30;43:ca=00:tw=30;42:ow=34;42:st=37;44:ex=01;32:*.tar=01;31:*.tgz=01;31:*.arc=01;31:*.arj=01;31:*.taz=01;31:*.lha=01;31:*.lz4=01;31:*.lzh=01;31:*.lzma=01;31:*.tlz=01;31:*.txz=01;31:*.tzo=01;31:*.t7z=01;31:*.zip=01;31:*.z=01;31:*.dz=01;31:*.gz=01;31:*.lrz=01;31:*.lz=01;31:*.lzo=01;31:*.xz=01;31:*.zst=01;31:*.tzst=01;31:*.bz2=01;31:*.bz=01;31:*.tbz=01;31:*.tbz2=01;31:*.tz=01;31:*.deb=01;31:*.rpm=01;31:*.jar=01;31:*.war=01;31:*.ear=01;31:*.sar=01;31:*.rar=01;31:*.alz=01;31:*.ace=01;31:*.zoo=01;31:*.cpio=01;31:*.7z=01;31:*.rz=01;31:*.cab=01;31:*.wim=01;31:*.swm=01;31:*.dwm=01;31:*.esd=01;31:*.avif=01;35:*.jpg=01;35:*.jpeg=01;35:*.mjpg=01;35:*.mjpeg=01;35:*.gif=01;35:*.bmp=01;35:*.pbm=01;35:*.pgm=01;35:*.ppm=01;35:*.tga=01;35:*.xbm=01;35:*.xpm=01;35:*.tif=01;35:*.tiff=01;35:*.png=01;35:*.svg=01;35:*.svgz=01;35:*.mng=01;35:*.pcx=01;35:*.mov=01;35:*.mpg=01;35:*.mpeg=01;35:*.m2v=01;35:*.mkv=01;35:*.webm=01;35:*.webp=01;35:*.ogm=01;35:*.mp4=01;35:*.m4v=01;35:*.mp4v=01;35:*.vob=01;35:*.qt=01;35:*.nuv=01;35:*.wmv=01;35:*.asf=01;35:*.rm=01;35:*.rmvb=01;35:*.flc=01;35:*.avi=01;35:*.fli=01;35:*.flv=01;35:*.gl=01;35:*.dl=01;35:*.xcf=01;35:*.xwd=01;35:*.yuv=01;35:*.cgm=01;35:*.emf=01;35:*.ogv=01;35:*.ogx=01;35:*.aac=00;36:*.au=00;36:*.flac=00;36:*.m4a=00;36:*.mid=00;36:*.midi=00;36:*.mka=00;36:*.mp3=00;36:*.mpc=00;36:*.ogg=00;36:*.ra=00;36:*.wav=00;36:*.oga=00;36:*.opus=00;36:*.spx=00;36:*.xspf=00;36:*~=00;90:*#=00;90:*.bak=00;90:*.crdownload=00;90:*.dpkg-dist=00;90:*.dpkg-new=00;90:*.dpkg-old=00;90:*.dpkg-tmp=00;90:*.old=00;90:*.orig=00;90:*.part=00;90:*.rej=00;90:*.rpmnew=00;90:*.rpmorig=00;90:*.rpmsave=00;90:*.swp=00;90:*.tmp=00;90:*.ucf-dist=00;90:*.ucf-new=00;90:*.ucf-old=00;90:', 'VSCODE_GIT_IPC_HANDLE': '/run/user/1002/vscode-git-227cc40744.sock', 'TERM_PROGRAM': 'vscode', 'ROS_DOMAIN_ID': '1', 'AMENT_PREFIX_PATH': '/home/strain-drone/Documents/drone_position_hold/ros2_ws/src/install/mocap4r2_control_msgs:/opt/ros/jazzy', 'SHELL': '/bin/bash', 'LESSCLOSE': '/usr/bin/lesspipe %s %s', 'VIRTUAL_ENV': '/home/strain-drone/venv-ardupilot', 'ROS_AUTOMATIC_DISCOVERY_RANGE': 'SUBNET', 'VSCODE_GIT_ASKPASS_EXTRA_ARGS': '', 'PWD': '/home/strain-drone/Documents/drone_position_hold/ros2_ws/src/build/mocap4r2cli', 'LC_ALL': 'en_US.UTF-8', 'SSH_CONNECTION': '100.125.10.128 53782 100.96.124.69 22', 'XDG_DATA_DIRS': '/usr/share/gnome:/usr/local/share:/usr/share:/var/lib/snapd/desktop', 'PYTHONPATH': '/home/strain-drone/Documents/drone_position_hold/ros2_ws/src/build/mocap4r2cli/prefix_override:/usr/lib/python3/dist-packages/colcon_core/task/python/colcon_distutils_commands:/home/strain-drone/Documents/drone_position_hold/ros2_ws/src/install/mocap4r2cli/lib/python3.12/site-packages:/home/strain-drone/Documents/drone_position_hold/ros2_ws/src/install/mocap4r2_control_msgs/lib/python3.12/site-packages:/opt/ros/jazzy/lib/python3.12/site-packages', 'COLCON': '1', 'CMAKE_PREFIX_PATH': '/home/strain-drone/Documents/drone_position_hold/ros2_ws/src/install/mocap4r2_control_msgs:/opt/ros/jazzy/opt/gz_math_vendor:/opt/ros/jazzy/opt/gz_utils_vendor:/opt/ros/jazzy/opt/gz_cmake_vendor'}, 'shell': False}
[39.420526] (-) TimerEvent: {}
[39.521517] (-) TimerEvent: {}
[39.568531] (natnet_ros2) StdoutLine: {'line': b"reading manifest file 'natnet_ros2_py.egg-info/SOURCES.txt'\n"}
[39.569000] (natnet_ros2) StdoutLine: {'line': b"writing manifest file 'natnet_ros2_py.egg-info/SOURCES.txt'\n"}
[39.623691] (-) TimerEvent: {}
[39.730543] (-) TimerEvent: {}
[39.833461] (-) TimerEvent: {}
[39.919577] (natnet_ros2) StdoutLine: {'line': b"reading manifest file 'natnet_ros2.egg-info/SOURCES.txt'\n"}
[39.929454] (natnet_ros2) StdoutLine: {'line': b"writing manifest file 'natnet_ros2.egg-info/SOURCES.txt'\n"}
[39.935452] (-) TimerEvent: {}
[40.028041] (natnet_ros2) StdoutLine: {'line': b'[ 15%] Built target ament_cmake_python_build_natnet_ros2_py_egg\n'}
[40.035714] (-) TimerEvent: {}
[40.144149] (-) TimerEvent: {}
[40.253628] (-) TimerEvent: {}
[40.356419] (-) TimerEvent: {}
[40.408183] (natnet_ros2) StdoutLine: {'line': b'[ 15%] Built target ament_cmake_python_build_natnet_ros2_egg\n'}
[40.456573] (-) TimerEvent: {}
[40.476407] (mocap4r2_marker_viz) StdoutLine: {'line': b'[100%] Built target mocap4r2_marker_viz\n'}
[40.548458] (mocap4r2_marker_viz) CommandEnded: {'returncode': 0}
[40.549534] (mocap4r2_marker_viz) JobProgress: {'identifier': 'mocap4r2_marker_viz', 'progress': 'install'}
[40.549655] (mocap4r2_marker_viz) Command: {'cmd': ['/usr/bin/cmake', '--install', '/home/strain-drone/Documents/drone_position_hold/ros2_ws/src/build/mocap4r2_marker_viz'], 'cwd': '/home/strain-drone/Documents/drone_position_hold/ros2_ws/src/build/mocap4r2_marker_viz', 'env': OrderedDict({'LESSOPEN': '| /usr/bin/lesspipe %s', 'USER': 'strain-drone', 'SSH_CLIENT': '100.125.10.128 53782 22', 'XDG_SESSION_TYPE': 'tty', 'GIT_ASKPASS': '/home/strain-drone/.vscode-server/cli/servers/Stable-b6a47e94e326b5c209d118cf0f994d6065585705/server/extensions/git/dist/askpass.sh', 'SHLVL': '2', 'LD_LIBRARY_PATH': '/home/strain-drone/Documents/drone_position_hold/ros2_ws/src/install/mocap4r2_msgs/lib:/home/strain-drone/Documents/drone_position_hold/ros2_ws/src/install/mocap4r2_marker_viz_srvs/lib:/opt/ros/jazzy/opt/rviz_ogre_vendor/lib:/opt/ros/jazzy/lib/aarch64-linux-gnu:/opt/ros/jazzy/opt/gz_math_vendor/lib:/opt/ros/jazzy/opt/gz_utils_vendor/lib:/opt/ros/jazzy/opt/gz_cmake_vendor/lib:/opt/ros/jazzy/lib:/home/strain-drone/Documents/drone_position_hold/ros2_ws/src/natnet_ros2/deps/NatNetSDK/lib:/home/strain-drone/Documents/drone_position_hold/ros2_ws/src/natnet_ros2/deps/NatNetSDK/lib', 'BROWSER': '/home/strain-drone/.vscode-server/cli/servers/Stable-b6a47e94e326b5c209d118cf0f994d6065585705/server/bin/helpers/browser.sh', 'HOME': '/home/strain-drone', 'TERM_PROGRAM_VERSION': '1.109.3', 'VSCODE_IPC_HOOK_CLI': '/run/user/1002/vscode-ipc-7f844f56-ced9-4e8e-9017-09603271f316.sock', 'ROS_PYTHON_VERSION': '3', 'VSCODE_GIT_ASKPASS_MAIN': '/home/strain-drone/.vscode-server/cli/servers/Stable-b6a47e94e326b5c209d118cf0f994d6065585705/server/extensions/git/dist/askpass-main.js', 'PS1': '\\[\x1b]633;A\x07\\]\\[\\e]0;\\u@\\h: \\w\\a\\]${debian_chroot:+($debian_chroot)}\\[\\033[01;32m\\]\\u@\\h\\[\\033[00m\\]:\\[\\033[01;34m\\]\\w\\[\\033[00m\\]\\$ \\[\x1b]633;B\x07\\]', 'VSCODE_GIT_ASKPASS_NODE': '/home/strain-drone/.vscode-server/cli/servers/Stable-b6a47e94e326b5c209d118cf0f994d6065585705/server/node', 'SSL_CERT_FILE': '/usr/lib/ssl/cert.pem', 'VSCODE_PYTHON_AUTOACTIVATE_GUARD': '1', 'DBUS_SESSION_BUS_ADDRESS': 'unix:path=/run/user/1002/bus', 'COLORTERM': 'truecolor', 'DEBUGINFOD_URLS': 'https://debuginfod.ubuntu.com', 'ROS_DISTRO': 'jazzy', 'LOGNAME': 'strain-drone', '_': '/usr/bin/colcon', 'ROS_VERSION': '2', 'XDG_SESSION_CLASS': 'user', 'TERM': 'xterm-256color', 'XDG_SESSION_ID': '12', 'PATH': '/home/strain-drone/.vscode-server/data/User/globalStorage/github.copilot-chat/debugCommand:/home/strain-drone/.vscode-server/data/User/globalStorage/github.copilot-chat/copilotCli:/home/strain-drone/.vscode-server/cli/servers/Stable-b6a47e94e326b5c209d118cf0f994d6065585705/server/bin/remote-cli:/usr/lib/ccache:/home/strain-drone/Documents/ardupilot/Tools/autotest:/opt/gcc-arm-none-eabi-10-2020-q4-major/bin:/home/strain-drone/venv-ardupilot/bin:/home/strain-drone/.local/bin:/opt/ros/jazzy/bin:/usr/lib/ccache:/home/strain-drone/Documents/ardupilot/Tools/autotest:/opt/gcc-arm-none-eabi-10-2020-q4-major/bin:/home/strain-drone/venv-ardupilot/bin:/home/strain-drone/.local/bin:/usr/local/sbin:/usr/local/bin:/usr/sbin:/usr/bin:/sbin:/bin:/usr/games:/usr/local/games:/snap/bin:/home/strain-drone/.local/bin:/home/strain-drone/.local/bin:/home/strain-drone/.local/bin:/home/strain-drone/.local/bin', 'XDG_RUNTIME_DIR': '/run/user/1002', 'SSL_CERT_DIR': '/usr/lib/ssl/certs', 'LANG': 'en_US.UTF-8', 'VIRTUAL_ENV_PROMPT': '(venv-ardupilot)', 'LS_COLORS': 'rs=0:di=01;34:ln=01;36:mh=00:pi=40;33:so=01;35:do=01;35:bd=40;33;01:cd=40;33;01:or=40;31;01:mi=00:su=37;41:sg=30;43:ca=00:tw=30;42:ow=34;42:st=37;44:ex=01;32:*.tar=01;31:*.tgz=01;31:*.arc=01;31:*.arj=01;31:*.taz=01;31:*.lha=01;31:*.lz4=01;31:*.lzh=01;31:*.lzma=01;31:*.tlz=01;31:*.txz=01;31:*.tzo=01;31:*.t7z=01;31:*.zip=01;31:*.z=01;31:*.dz=01;31:*.gz=01;31:*.lrz=01;31:*.lz=01;31:*.lzo=01;31:*.xz=01;31:*.zst=01;31:*.tzst=01;31:*.bz2=01;31:*.bz=01;31:*.tbz=01;31:*.tbz2=01;31:*.tz=01;31:*.deb=01;31:*.rpm=01;31:*.jar=01;31:*.war=01;31:*.ear=01;31:*.sar=01;31:*.rar=01;31:*.alz=01;31:*.ace=01;31:*.zoo=01;31:*.cpio=01;31:*.7z=01;31:*.rz=01;31:*.cab=01;31:*.wim=01;31:*.swm=01;31:*.dwm=01;31:*.esd=01;31:*.avif=01;35:*.jpg=01;35:*.jpeg=01;35:*.mjpg=01;35:*.mjpeg=01;35:*.gif=01;35:*.bmp=01;35:*.pbm=01;35:*.pgm=01;35:*.ppm=01;35:*.tga=01;35:*.xbm=01;35:*.xpm=01;35:*.tif=01;35:*.tiff=01;35:*.png=01;35:*.svg=01;35:*.svgz=01;35:*.mng=01;35:*.pcx=01;35:*.mov=01;35:*.mpg=01;35:*.mpeg=01;35:*.m2v=01;35:*.mkv=01;35:*.webm=01;35:*.webp=01;35:*.ogm=01;35:*.mp4=01;35:*.m4v=01;35:*.mp4v=01;35:*.vob=01;35:*.qt=01;35:*.nuv=01;35:*.wmv=01;35:*.asf=01;35:*.rm=01;35:*.rmvb=01;35:*.flc=01;35:*.avi=01;35:*.fli=01;35:*.flv=01;35:*.gl=01;35:*.dl=01;35:*.xcf=01;35:*.xwd=01;35:*.yuv=01;35:*.cgm=01;35:*.emf=01;35:*.ogv=01;35:*.ogx=01;35:*.aac=00;36:*.au=00;36:*.flac=00;36:*.m4a=00;36:*.mid=00;36:*.midi=00;36:*.mka=00;36:*.mp3=00;36:*.mpc=00;36:*.ogg=00;36:*.ra=00;36:*.wav=00;36:*.oga=00;36:*.opus=00;36:*.spx=00;36:*.xspf=00;36:*~=00;90:*#=00;90:*.bak=00;90:*.crdownload=00;90:*.dpkg-dist=00;90:*.dpkg-new=00;90:*.dpkg-old=00;90:*.dpkg-tmp=00;90:*.old=00;90:*.orig=00;90:*.part=00;90:*.rej=00;90:*.rpmnew=00;90:*.rpmorig=00;90:*.rpmsave=00;90:*.swp=00;90:*.tmp=00;90:*.ucf-dist=00;90:*.ucf-new=00;90:*.ucf-old=00;90:', 'VSCODE_GIT_IPC_HANDLE': '/run/user/1002/vscode-git-227cc40744.sock', 'TERM_PROGRAM': 'vscode', 'ROS_DOMAIN_ID': '1', 'AMENT_PREFIX_PATH': '/home/strain-drone/Documents/drone_position_hold/ros2_ws/src/install/mocap4r2_msgs:/home/strain-drone/Documents/drone_position_hold/ros2_ws/src/install/mocap4r2_marker_viz_srvs:/opt/ros/jazzy', 'SHELL': '/bin/bash', 'LESSCLOSE': '/usr/bin/lesspipe %s %s', 'VIRTUAL_ENV': '/home/strain-drone/venv-ardupilot', 'ROS_AUTOMATIC_DISCOVERY_RANGE': 'SUBNET', 'VSCODE_GIT_ASKPASS_EXTRA_ARGS': '', 'PWD': '/home/strain-drone/Documents/drone_position_hold/ros2_ws/src/build/mocap4r2_marker_viz', 'LC_ALL': 'en_US.UTF-8', 'SSH_CONNECTION': '100.125.10.128 53782 100.96.124.69 22', 'XDG_DATA_DIRS': '/usr/share/gnome:/usr/local/share:/usr/share:/var/lib/snapd/desktop', 'PYTHONPATH': '/home/strain-drone/Documents/drone_position_hold/ros2_ws/src/install/mocap4r2_msgs/lib/python3.12/site-packages:/home/strain-drone/Documents/drone_position_hold/ros2_ws/src/install/mocap4r2_marker_viz_srvs/lib/python3.12/site-packages:/opt/ros/jazzy/lib/python3.12/site-packages', 'COLCON': '1', 'CMAKE_PREFIX_PATH': '/home/strain-drone/Documents/drone_position_hold/ros2_ws/src/install/mocap4r2_msgs:/home/strain-drone/Documents/drone_position_hold/ros2_ws/src/install/mocap4r2_marker_viz_srvs:/opt/ros/jazzy/opt/gz_math_vendor:/opt/ros/jazzy/opt/gz_utils_vendor:/opt/ros/jazzy/opt/gz_cmake_vendor:/opt/ros/jazzy'}), 'shell': False}
[40.560579] (-) TimerEvent: {}
[40.582732] (mocap4r2_robot_gt) StdoutLine: {'line': b'[ 50%] Built target set_gt_component\n'}
[40.595911] (mocap4r2_marker_viz) StdoutLine: {'line': b'-- Install configuration: ""\n'}
[40.597489] (mocap4r2_marker_viz) StdoutLine: {'line': b'-- Installing: /home/strain-drone/Documents/drone_position_hold/ros2_ws/src/install/mocap4r2_marker_viz/lib/libmocap4r2_marker_viz_NODE.a\n'}
[40.662104] (-) TimerEvent: {}
[40.673284] (mocap4r2_marker_viz) StdoutLine: {'line': b'-- Installing: /home/strain-drone/Documents/drone_position_hold/ros2_ws/src/install/mocap4r2_marker_viz/lib/mocap4r2_marker_viz/mocap4r2_marker_viz\n'}
[40.721798] (mocap4r2_robot_gt) StdoutLine: {'line': b'[ 62%] \x1b[32mBuilding CXX object CMakeFiles/set_gt_cli.dir/src/set_gt_cli.cpp.o\x1b[0m\n'}
[40.722211] (mocap4r2_marker_viz) StdoutLine: {'line': b'-- Set non-toolchain portion of runtime path of "/home/strain-drone/Documents/drone_position_hold/ros2_ws/src/install/mocap4r2_marker_viz/lib/mocap4r2_marker_viz/mocap4r2_marker_viz" to ""\n'}
[40.722585] (mocap4r2_marker_viz) StdoutLine: {'line': b'-- Installing: /home/strain-drone/Documents/drone_position_hold/ros2_ws/src/install/mocap4r2_marker_viz/share/mocap4r2_marker_viz/launch\n'}
[40.722767] (mocap4r2_marker_viz) StdoutLine: {'line': b'-- Installing: /home/strain-drone/Documents/drone_position_hold/ros2_ws/src/install/mocap4r2_marker_viz/share/mocap4r2_marker_viz/launch/mocap4r2_marker_viz.launch.py\n'}
[40.722895] (mocap4r2_marker_viz) StdoutLine: {'line': b'-- Installing: /home/strain-drone/Documents/drone_position_hold/ros2_ws/src/install/mocap4r2_marker_viz/share/mocap4r2_marker_viz/rviz\n'}
[40.723018] (mocap4r2_marker_viz) StdoutLine: {'line': b'-- Installing: /home/strain-drone/Documents/drone_position_hold/ros2_ws/src/install/mocap4r2_marker_viz/share/mocap4r2_marker_viz/rviz/config.rviz\n'}
[40.729844] (mocap4r2_marker_viz) StdoutLine: {'line': b'-- Installing: /home/strain-drone/Documents/drone_position_hold/ros2_ws/src/install/mocap4r2_marker_viz/share/ament_index/resource_index/package_run_dependencies/mocap4r2_marker_viz\n'}
[40.730202] (mocap4r2_marker_viz) StdoutLine: {'line': b'-- Installing: /home/strain-drone/Documents/drone_position_hold/ros2_ws/src/install/mocap4r2_marker_viz/share/ament_index/resource_index/parent_prefix_path/mocap4r2_marker_viz\n'}
[40.730802] (mocap4r2_marker_viz) StdoutLine: {'line': b'-- Installing: /home/strain-drone/Documents/drone_position_hold/ros2_ws/src/install/mocap4r2_marker_viz/share/mocap4r2_marker_viz/environment/ament_prefix_path.sh\n'}
[40.734518] (mocap4r2_marker_viz) StdoutLine: {'line': b'-- Installing: /home/strain-drone/Documents/drone_position_hold/ros2_ws/src/install/mocap4r2_marker_viz/share/mocap4r2_marker_viz/environment/ament_prefix_path.dsv\n'}
[40.734943] (mocap4r2_marker_viz) StdoutLine: {'line': b'-- Installing: /home/strain-drone/Documents/drone_position_hold/ros2_ws/src/install/mocap4r2_marker_viz/share/mocap4r2_marker_viz/environment/path.sh\n'}
[40.735344] (mocap4r2_marker_viz) StdoutLine: {'line': b'-- Installing: /home/strain-drone/Documents/drone_position_hold/ros2_ws/src/install/mocap4r2_marker_viz/share/mocap4r2_marker_viz/environment/path.dsv\n'}
[40.735817] (mocap4r2_marker_viz) StdoutLine: {'line': b'-- Installing: /home/strain-drone/Documents/drone_position_hold/ros2_ws/src/install/mocap4r2_marker_viz/share/mocap4r2_marker_viz/local_setup.bash\n'}
[40.736109] (mocap4r2_marker_viz) StdoutLine: {'line': b'-- Installing: /home/strain-drone/Documents/drone_position_hold/ros2_ws/src/install/mocap4r2_marker_viz/share/mocap4r2_marker_viz/local_setup.sh\n'}
[40.736620] (mocap4r2_marker_viz) StdoutLine: {'line': b'-- Installing: /home/strain-drone/Documents/drone_position_hold/ros2_ws/src/install/mocap4r2_marker_viz/share/mocap4r2_marker_viz/local_setup.zsh\n'}
[40.737066] (mocap4r2_marker_viz) StdoutLine: {'line': b'-- Installing: /home/strain-drone/Documents/drone_position_hold/ros2_ws/src/install/mocap4r2_marker_viz/share/mocap4r2_marker_viz/local_setup.dsv\n'}
[40.742436] (mocap4r2_marker_viz) StdoutLine: {'line': b'-- Installing: /home/strain-drone/Documents/drone_position_hold/ros2_ws/src/install/mocap4r2_marker_viz/share/mocap4r2_marker_viz/package.dsv\n'}
[40.742761] (mocap4r2_marker_viz) StdoutLine: {'line': b'-- Installing: /home/strain-drone/Documents/drone_position_hold/ros2_ws/src/install/mocap4r2_marker_viz/share/ament_index/resource_index/packages/mocap4r2_marker_viz\n'}
[40.745465] (mocap4r2_marker_viz) StdoutLine: {'line': b'-- Installing: /home/strain-drone/Documents/drone_position_hold/ros2_ws/src/install/mocap4r2_marker_viz/share/mocap4r2_marker_viz/cmake/mocap4r2_marker_vizConfig.cmake\n'}
[40.747571] (mocap4r2_marker_viz) StdoutLine: {'line': b'-- Installing: /home/strain-drone/Documents/drone_position_hold/ros2_ws/src/install/mocap4r2_marker_viz/share/mocap4r2_marker_viz/cmake/mocap4r2_marker_vizConfig-version.cmake\n'}
[40.747921] (mocap4r2_marker_viz) StdoutLine: {'line': b'-- Installing: /home/strain-drone/Documents/drone_position_hold/ros2_ws/src/install/mocap4r2_marker_viz/share/mocap4r2_marker_viz/package.xml\n'}
[40.752518] (mocap4r2_marker_viz) CommandEnded: {'returncode': 0}
[40.766760] (-) TimerEvent: {}
[40.846254] (natnet_ros2) StdoutLine: {'line': b'[ 15%] Built target natnet_ros2__cpp\n'}
[40.846669] (mocap4r2_robot_gt) StdoutLine: {'line': b'[ 75%] \x1b[32m\x1b[1mLinking CXX executable set_gt_cli\x1b[0m\n'}
[40.872347] (-) TimerEvent: {}
[40.873555] (mocap4r2_marker_viz) JobEnded: {'identifier': 'mocap4r2_marker_viz', 'rc': 0}
[40.877047] (mocap4r2_dummy_driver) JobStarted: {'identifier': 'mocap4r2_dummy_driver'}
[40.957204] (mocap4r2_dummy_driver) JobProgress: {'identifier': 'mocap4r2_dummy_driver', 'progress': 'cmake'}
[40.957349] (mocap4r2_dummy_driver) Command: {'cmd': ['/usr/bin/cmake', '/home/strain-drone/Documents/drone_position_hold/ros2_ws/src/mocap4r2/mocap4r2_dummy_driver', '-DCMAKE_INSTALL_PREFIX=/home/strain-drone/Documents/drone_position_hold/ros2_ws/src/install/mocap4r2_dummy_driver'], 'cwd': '/home/strain-drone/Documents/drone_position_hold/ros2_ws/src/build/mocap4r2_dummy_driver', 'env': OrderedDict({'LESSOPEN': '| /usr/bin/lesspipe %s', 'USER': 'strain-drone', 'SSH_CLIENT': '100.125.10.128 53782 22', 'XDG_SESSION_TYPE': 'tty', 'GIT_ASKPASS': '/home/strain-drone/.vscode-server/cli/servers/Stable-b6a47e94e326b5c209d118cf0f994d6065585705/server/extensions/git/dist/askpass.sh', 'SHLVL': '2', 'LD_LIBRARY_PATH': '/home/strain-drone/Documents/drone_position_hold/ros2_ws/src/install/mocap4r2_control/lib:/home/strain-drone/Documents/drone_position_hold/ros2_ws/src/install/mocap4r2_msgs/lib:/home/strain-drone/Documents/drone_position_hold/ros2_ws/src/install/mocap4r2_control_msgs/lib:/opt/ros/jazzy/opt/rviz_ogre_vendor/lib:/opt/ros/jazzy/lib/aarch64-linux-gnu:/opt/ros/jazzy/opt/gz_math_vendor/lib:/opt/ros/jazzy/opt/gz_utils_vendor/lib:/opt/ros/jazzy/opt/gz_cmake_vendor/lib:/opt/ros/jazzy/lib:/home/strain-drone/Documents/drone_position_hold/ros2_ws/src/natnet_ros2/deps/NatNetSDK/lib:/home/strain-drone/Documents/drone_position_hold/ros2_ws/src/natnet_ros2/deps/NatNetSDK/lib', 'BROWSER': '/home/strain-drone/.vscode-server/cli/servers/Stable-b6a47e94e326b5c209d118cf0f994d6065585705/server/bin/helpers/browser.sh', 'HOME': '/home/strain-drone', 'TERM_PROGRAM_VERSION': '1.109.3', 'VSCODE_IPC_HOOK_CLI': '/run/user/1002/vscode-ipc-7f844f56-ced9-4e8e-9017-09603271f316.sock', 'ROS_PYTHON_VERSION': '3', 'VSCODE_GIT_ASKPASS_MAIN': '/home/strain-drone/.vscode-server/cli/servers/Stable-b6a47e94e326b5c209d118cf0f994d6065585705/server/extensions/git/dist/askpass-main.js', 'PS1': '\\[\x1b]633;A\x07\\]\\[\\e]0;\\u@\\h: \\w\\a\\]${debian_chroot:+($debian_chroot)}\\[\\033[01;32m\\]\\u@\\h\\[\\033[00m\\]:\\[\\033[01;34m\\]\\w\\[\\033[00m\\]\\$ \\[\x1b]633;B\x07\\]', 'VSCODE_GIT_ASKPASS_NODE': '/home/strain-drone/.vscode-server/cli/servers/Stable-b6a47e94e326b5c209d118cf0f994d6065585705/server/node', 'SSL_CERT_FILE': '/usr/lib/ssl/cert.pem', 'VSCODE_PYTHON_AUTOACTIVATE_GUARD': '1', 'DBUS_SESSION_BUS_ADDRESS': 'unix:path=/run/user/1002/bus', 'COLORTERM': 'truecolor', 'DEBUGINFOD_URLS': 'https://debuginfod.ubuntu.com', 'ROS_DISTRO': 'jazzy', 'LOGNAME': 'strain-drone', '_': '/usr/bin/colcon', 'ROS_VERSION': '2', 'XDG_SESSION_CLASS': 'user', 'TERM': 'xterm-256color', 'XDG_SESSION_ID': '12', 'PATH': '/home/strain-drone/.vscode-server/data/User/globalStorage/github.copilot-chat/debugCommand:/home/strain-drone/.vscode-server/data/User/globalStorage/github.copilot-chat/copilotCli:/home/strain-drone/.vscode-server/cli/servers/Stable-b6a47e94e326b5c209d118cf0f994d6065585705/server/bin/remote-cli:/usr/lib/ccache:/home/strain-drone/Documents/ardupilot/Tools/autotest:/opt/gcc-arm-none-eabi-10-2020-q4-major/bin:/home/strain-drone/venv-ardupilot/bin:/home/strain-drone/.local/bin:/opt/ros/jazzy/bin:/usr/lib/ccache:/home/strain-drone/Documents/ardupilot/Tools/autotest:/opt/gcc-arm-none-eabi-10-2020-q4-major/bin:/home/strain-drone/venv-ardupilot/bin:/home/strain-drone/.local/bin:/usr/local/sbin:/usr/local/bin:/usr/sbin:/usr/bin:/sbin:/bin:/usr/games:/usr/local/games:/snap/bin:/home/strain-drone/.local/bin:/home/strain-drone/.local/bin:/home/strain-drone/.local/bin:/home/strain-drone/.local/bin', 'XDG_RUNTIME_DIR': '/run/user/1002', 'SSL_CERT_DIR': '/usr/lib/ssl/certs', 'LANG': 'en_US.UTF-8', 'VIRTUAL_ENV_PROMPT': '(venv-ardupilot)', 'LS_COLORS': 'rs=0:di=01;34:ln=01;36:mh=00:pi=40;33:so=01;35:do=01;35:bd=40;33;01:cd=40;33;01:or=40;31;01:mi=00:su=37;41:sg=30;43:ca=00:tw=30;42:ow=34;42:st=37;44:ex=01;32:*.tar=01;31:*.tgz=01;31:*.arc=01;31:*.arj=01;31:*.taz=01;31:*.lha=01;31:*.lz4=01;31:*.lzh=01;31:*.lzma=01;31:*.tlz=01;31:*.txz=01;31:*.tzo=01;31:*.t7z=01;31:*.zip=01;31:*.z=01;31:*.dz=01;31:*.gz=01;31:*.lrz=01;31:*.lz=01;31:*.lzo=01;31:*.xz=01;31:*.zst=01;31:*.tzst=01;31:*.bz2=01;31:*.bz=01;31:*.tbz=01;31:*.tbz2=01;31:*.tz=01;31:*.deb=01;31:*.rpm=01;31:*.jar=01;31:*.war=01;31:*.ear=01;31:*.sar=01;31:*.rar=01;31:*.alz=01;31:*.ace=01;31:*.zoo=01;31:*.cpio=01;31:*.7z=01;31:*.rz=01;31:*.cab=01;31:*.wim=01;31:*.swm=01;31:*.dwm=01;31:*.esd=01;31:*.avif=01;35:*.jpg=01;35:*.jpeg=01;35:*.mjpg=01;35:*.mjpeg=01;35:*.gif=01;35:*.bmp=01;35:*.pbm=01;35:*.pgm=01;35:*.ppm=01;35:*.tga=01;35:*.xbm=01;35:*.xpm=01;35:*.tif=01;35:*.tiff=01;35:*.png=01;35:*.svg=01;35:*.svgz=01;35:*.mng=01;35:*.pcx=01;35:*.mov=01;35:*.mpg=01;35:*.mpeg=01;35:*.m2v=01;35:*.mkv=01;35:*.webm=01;35:*.webp=01;35:*.ogm=01;35:*.mp4=01;35:*.m4v=01;35:*.mp4v=01;35:*.vob=01;35:*.qt=01;35:*.nuv=01;35:*.wmv=01;35:*.asf=01;35:*.rm=01;35:*.rmvb=01;35:*.flc=01;35:*.avi=01;35:*.fli=01;35:*.flv=01;35:*.gl=01;35:*.dl=01;35:*.xcf=01;35:*.xwd=01;35:*.yuv=01;35:*.cgm=01;35:*.emf=01;35:*.ogv=01;35:*.ogx=01;35:*.aac=00;36:*.au=00;36:*.flac=00;36:*.m4a=00;36:*.mid=00;36:*.midi=00;36:*.mka=00;36:*.mp3=00;36:*.mpc=00;36:*.ogg=00;36:*.ra=00;36:*.wav=00;36:*.oga=00;36:*.opus=00;36:*.spx=00;36:*.xspf=00;36:*~=00;90:*#=00;90:*.bak=00;90:*.crdownload=00;90:*.dpkg-dist=00;90:*.dpkg-new=00;90:*.dpkg-old=00;90:*.dpkg-tmp=00;90:*.old=00;90:*.orig=00;90:*.part=00;90:*.rej=00;90:*.rpmnew=00;90:*.rpmorig=00;90:*.rpmsave=00;90:*.swp=00;90:*.tmp=00;90:*.ucf-dist=00;90:*.ucf-new=00;90:*.ucf-old=00;90:', 'VSCODE_GIT_IPC_HANDLE': '/run/user/1002/vscode-git-227cc40744.sock', 'TERM_PROGRAM': 'vscode', 'ROS_DOMAIN_ID': '1', 'AMENT_PREFIX_PATH': '/home/strain-drone/Documents/drone_position_hold/ros2_ws/src/install/mocap4r2_control:/home/strain-drone/Documents/drone_position_hold/ros2_ws/src/install/mocap4r2_msgs:/home/strain-drone/Documents/drone_position_hold/ros2_ws/src/install/mocap4r2_control_msgs:/opt/ros/jazzy', 'SHELL': '/bin/bash', 'LESSCLOSE': '/usr/bin/lesspipe %s %s', 'VIRTUAL_ENV': '/home/strain-drone/venv-ardupilot', 'ROS_AUTOMATIC_DISCOVERY_RANGE': 'SUBNET', 'VSCODE_GIT_ASKPASS_EXTRA_ARGS': '', 'PWD': '/home/strain-drone/Documents/drone_position_hold/ros2_ws/src/build/mocap4r2_dummy_driver', 'LC_ALL': 'en_US.UTF-8', 'SSH_CONNECTION': '100.125.10.128 53782 100.96.124.69 22', 'XDG_DATA_DIRS': '/usr/share/gnome:/usr/local/share:/usr/share:/var/lib/snapd/desktop', 'PYTHONPATH': '/home/strain-drone/Documents/drone_position_hold/ros2_ws/src/install/mocap4r2_msgs/lib/python3.12/site-packages:/home/strain-drone/Documents/drone_position_hold/ros2_ws/src/install/mocap4r2_control_msgs/lib/python3.12/site-packages:/opt/ros/jazzy/lib/python3.12/site-packages', 'COLCON': '1', 'CMAKE_PREFIX_PATH': '/home/strain-drone/Documents/drone_position_hold/ros2_ws/src/install/mocap4r2_control:/home/strain-drone/Documents/drone_position_hold/ros2_ws/src/install/mocap4r2_msgs:/home/strain-drone/Documents/drone_position_hold/ros2_ws/src/install/mocap4r2_control_msgs:/opt/ros/jazzy/opt/gz_math_vendor:/opt/ros/jazzy/opt/gz_utils_vendor:/opt/ros/jazzy/opt/gz_cmake_vendor:/opt/ros/jazzy'}), 'shell': False}
[40.973457] (-) TimerEvent: {}
[41.076482] (-) TimerEvent: {}
[41.170674] (natnet_ros2) StdoutLine: {'line': b'[ 17%] \x1b[32mBuilding C object CMakeFiles/natnet_ros2__rosidl_generator_c.dir/rosidl_generator_c/natnet_ros2/srv/detail/marker_poses__type_support.c.o\x1b[0m\n'}
[41.180487] (-) TimerEvent: {}
[41.195735] (natnet_ros2) StdoutLine: {'line': b'[ 20%] \x1b[32mBuilding C object CMakeFiles/natnet_ros2__rosidl_generator_c.dir/rosidl_generator_c/natnet_ros2/srv/detail/marker_poses__functions.c.o\x1b[0m\n'}
[41.202626] (natnet_ros2) StdoutLine: {'line': b'[ 23%] \x1b[32mBuilding C object CMakeFiles/natnet_ros2__rosidl_generator_c.dir/rosidl_generator_c/natnet_ros2/srv/detail/marker_poses__description.c.o\x1b[0m\n'}
[41.233609] (mocap4r2cli) StdoutLine: {'line': b'running egg_info\n'}
[41.234753] (mocap4r2cli) StdoutLine: {'line': b'creating ../../build/mocap4r2cli/mocap4r2cli.egg-info\n'}
[41.283585] (-) TimerEvent: {}
[41.387618] (-) TimerEvent: {}
[41.430578] (mocap4r2_dummy_driver) StdoutLine: {'line': b'-- The C compiler identification is GNU 13.3.0\n'}
[41.484616] (mocap4r2cli) StdoutLine: {'line': b'writing ../../build/mocap4r2cli/mocap4r2cli.egg-info/PKG-INFO\n'}
[41.490728] (mocap4r2cli) StdoutLine: {'line': b'writing dependency_links to ../../build/mocap4r2cli/mocap4r2cli.egg-info/dependency_links.txt\n'}
[41.491854] (-) TimerEvent: {}
[41.495854] (mocap4r2cli) StdoutLine: {'line': b'writing entry points to ../../build/mocap4r2cli/mocap4r2cli.egg-info/entry_points.txt\n'}
[41.497813] (mocap4r2cli) StdoutLine: {'line': b'writing requirements to ../../build/mocap4r2cli/mocap4r2cli.egg-info/requires.txt\n'}
[41.501697] (mocap4r2cli) StdoutLine: {'line': b'writing top-level names to ../../build/mocap4r2cli/mocap4r2cli.egg-info/top_level.txt\n'}
[41.506479] (mocap4r2cli) StdoutLine: {'line': b"writing manifest file '../../build/mocap4r2cli/mocap4r2cli.egg-info/SOURCES.txt'\n"}
[41.593501] (-) TimerEvent: {}
[41.691205] (natnet_ros2) StdoutLine: {'line': b'[ 25%] \x1b[32m\x1b[1mLinking C shared library libnatnet_ros2__rosidl_generator_c.so\x1b[0m\n'}
[41.693658] (-) TimerEvent: {}
[41.757085] (mocap4r2cli) StdoutLine: {'line': b"reading manifest file '../../build/mocap4r2cli/mocap4r2cli.egg-info/SOURCES.txt'\n"}
[41.757678] (mocap4r2cli) StdoutLine: {'line': b"adding license file 'LICENSE'\n"}
[41.760470] (mocap4r2cli) StdoutLine: {'line': b"writing manifest file '../../build/mocap4r2cli/mocap4r2cli.egg-info/SOURCES.txt'\n"}
[41.761276] (mocap4r2cli) StdoutLine: {'line': b'running build\n'}
[41.761552] (mocap4r2cli) StdoutLine: {'line': b'running build_py\n'}
[41.761796] (mocap4r2cli) StdoutLine: {'line': b'creating /home/strain-drone/Documents/drone_position_hold/ros2_ws/src/build/mocap4r2cli/build\n'}
[41.762310] (mocap4r2cli) StdoutLine: {'line': b'creating /home/strain-drone/Documents/drone_position_hold/ros2_ws/src/build/mocap4r2cli/build/lib\n'}
[41.763512] (mocap4r2cli) StdoutLine: {'line': b'creating /home/strain-drone/Documents/drone_position_hold/ros2_ws/src/build/mocap4r2cli/build/lib/mocap4r2cli\n'}
[41.763856] (mocap4r2cli) StdoutLine: {'line': b'copying mocap4r2cli/__init__.py -> /home/strain-drone/Documents/drone_position_hold/ros2_ws/src/build/mocap4r2cli/build/lib/mocap4r2cli\n'}
[41.764291] (mocap4r2cli) StdoutLine: {'line': b'creating /home/strain-drone/Documents/drone_position_hold/ros2_ws/src/build/mocap4r2cli/build/lib/mocap4r2cli/command\n'}
[41.770989] (mocap4r2cli) StdoutLine: {'line': b'copying mocap4r2cli/command/mocap4r2.py -> /home/strain-drone/Documents/drone_position_hold/ros2_ws/src/build/mocap4r2cli/build/lib/mocap4r2cli/command\n'}
[41.771227] (mocap4r2cli) StdoutLine: {'line': b'copying mocap4r2cli/command/__init__.py -> /home/strain-drone/Documents/drone_position_hold/ros2_ws/src/build/mocap4r2cli/build/lib/mocap4r2cli/command\n'}
[41.771439] (mocap4r2cli) StdoutLine: {'line': b'creating /home/strain-drone/Documents/drone_position_hold/ros2_ws/src/build/mocap4r2cli/build/lib/mocap4r2cli/api\n'}
[41.771592] (mocap4r2cli) StdoutLine: {'line': b'copying mocap4r2cli/api/__init__.py -> /home/strain-drone/Documents/drone_position_hold/ros2_ws/src/build/mocap4r2cli/build/lib/mocap4r2cli/api\n'}
[41.771715] (mocap4r2cli) StdoutLine: {'line': b'creating /home/strain-drone/Documents/drone_position_hold/ros2_ws/src/build/mocap4r2cli/build/lib/mocap4r2cli/verb\n'}
[41.771836] (mocap4r2cli) StdoutLine: {'line': b'copying mocap4r2cli/verb/status.py -> /home/strain-drone/Documents/drone_position_hold/ros2_ws/src/build/mocap4r2cli/build/lib/mocap4r2cli/verb\n'}
[41.772076] (mocap4r2cli) StdoutLine: {'line': b'copying mocap4r2cli/verb/start.py -> /home/strain-drone/Documents/drone_position_hold/ros2_ws/src/build/mocap4r2cli/build/lib/mocap4r2cli/verb\n'}
[41.773391] (mocap4r2cli) StdoutLine: {'line': b'copying mocap4r2cli/verb/__init__.py -> /home/strain-drone/Documents/drone_position_hold/ros2_ws/src/build/mocap4r2cli/build/lib/mocap4r2cli/verb\n'}
[41.775486] (mocap4r2cli) StdoutLine: {'line': b'copying mocap4r2cli/verb/stop.py -> /home/strain-drone/Documents/drone_position_hold/ros2_ws/src/build/mocap4r2cli/build/lib/mocap4r2cli/verb\n'}
[41.776079] (mocap4r2cli) StdoutLine: {'line': b'running install\n'}
[41.793669] (mocap4r2cli) StdoutLine: {'line': b'running install_lib\n'}
[41.794170] (-) TimerEvent: {}
[41.843922] (mocap4r2_robot_gt) StdoutLine: {'line': b'[ 75%] Built target set_gt_cli\n'}
[41.850635] (mocap4r2_dummy_driver) StdoutLine: {'line': b'-- The CXX compiler identification is GNU 13.3.0\n'}
[41.894831] (-) TimerEvent: {}
[41.897400] (natnet_ros2) StdoutLine: {'line': b'[ 25%] Built target natnet_ros2__rosidl_generator_c\n'}
[41.902201] (mocap4r2cli) StdoutLine: {'line': b'creating /home/strain-drone/Documents/drone_position_hold/ros2_ws/src/install/mocap4r2cli/lib/python3.12/site-packages/mocap4r2cli\n'}
[41.903351] (mocap4r2cli) StdoutLine: {'line': b'creating /home/strain-drone/Documents/drone_position_hold/ros2_ws/src/install/mocap4r2cli/lib/python3.12/site-packages/mocap4r2cli/command\n'}
[41.904794] (mocap4r2cli) StdoutLine: {'line': b'copying /home/strain-drone/Documents/drone_position_hold/ros2_ws/src/build/mocap4r2cli/build/lib/mocap4r2cli/command/mocap4r2.py -> /home/strain-drone/Documents/drone_position_hold/ros2_ws/src/install/mocap4r2cli/lib/python3.12/site-packages/mocap4r2cli/command\n'}
[41.908782] (mocap4r2cli) StdoutLine: {'line': b'copying /home/strain-drone/Documents/drone_position_hold/ros2_ws/src/build/mocap4r2cli/build/lib/mocap4r2cli/command/__init__.py -> /home/strain-drone/Documents/drone_position_hold/ros2_ws/src/install/mocap4r2cli/lib/python3.12/site-packages/mocap4r2cli/command\n'}
[41.909144] (mocap4r2cli) StdoutLine: {'line': b'creating /home/strain-drone/Documents/drone_position_hold/ros2_ws/src/install/mocap4r2cli/lib/python3.12/site-packages/mocap4r2cli/api\n'}
[41.909295] (mocap4r2cli) StdoutLine: {'line': b'copying /home/strain-drone/Documents/drone_position_hold/ros2_ws/src/build/mocap4r2cli/build/lib/mocap4r2cli/api/__init__.py -> /home/strain-drone/Documents/drone_position_hold/ros2_ws/src/install/mocap4r2cli/lib/python3.12/site-packages/mocap4r2cli/api\n'}
[41.909502] (mocap4r2cli) StdoutLine: {'line': b'creating /home/strain-drone/Documents/drone_position_hold/ros2_ws/src/install/mocap4r2cli/lib/python3.12/site-packages/mocap4r2cli/verb\n'}
[41.909642] (mocap4r2cli) StdoutLine: {'line': b'copying /home/strain-drone/Documents/drone_position_hold/ros2_ws/src/build/mocap4r2cli/build/lib/mocap4r2cli/verb/status.py -> /home/strain-drone/Documents/drone_position_hold/ros2_ws/src/install/mocap4r2cli/lib/python3.12/site-packages/mocap4r2cli/verb\n'}
[41.909827] (mocap4r2cli) StdoutLine: {'line': b'copying /home/strain-drone/Documents/drone_position_hold/ros2_ws/src/build/mocap4r2cli/build/lib/mocap4r2cli/verb/start.py -> /home/strain-drone/Documents/drone_position_hold/ros2_ws/src/install/mocap4r2cli/lib/python3.12/site-packages/mocap4r2cli/verb\n'}
[41.909928] (mocap4r2cli) StdoutLine: {'line': b'copying /home/strain-drone/Documents/drone_position_hold/ros2_ws/src/build/mocap4r2cli/build/lib/mocap4r2cli/verb/__init__.py -> /home/strain-drone/Documents/drone_position_hold/ros2_ws/src/install/mocap4r2cli/lib/python3.12/site-packages/mocap4r2cli/verb\n'}
[41.910146] (mocap4r2cli) StdoutLine: {'line': b'copying /home/strain-drone/Documents/drone_position_hold/ros2_ws/src/build/mocap4r2cli/build/lib/mocap4r2cli/verb/stop.py -> /home/strain-drone/Documents/drone_position_hold/ros2_ws/src/install/mocap4r2cli/lib/python3.12/site-packages/mocap4r2cli/verb\n'}
[41.911502] (mocap4r2cli) StdoutLine: {'line': b'copying /home/strain-drone/Documents/drone_position_hold/ros2_ws/src/build/mocap4r2cli/build/lib/mocap4r2cli/__init__.py -> /home/strain-drone/Documents/drone_position_hold/ros2_ws/src/install/mocap4r2cli/lib/python3.12/site-packages/mocap4r2cli\n'}
[41.912446] (mocap4r2cli) StdoutLine: {'line': b'byte-compiling /home/strain-drone/Documents/drone_position_hold/ros2_ws/src/install/mocap4r2cli/lib/python3.12/site-packages/mocap4r2cli/command/mocap4r2.py to mocap4r2.cpython-312.pyc\n'}
[41.915895] (mocap4r2cli) StdoutLine: {'line': b'byte-compiling /home/strain-drone/Documents/drone_position_hold/ros2_ws/src/install/mocap4r2cli/lib/python3.12/site-packages/mocap4r2cli/command/__init__.py to __init__.cpython-312.pyc\n'}
[41.916142] (mocap4r2cli) StdoutLine: {'line': b'byte-compiling /home/strain-drone/Documents/drone_position_hold/ros2_ws/src/install/mocap4r2cli/lib/python3.12/site-packages/mocap4r2cli/api/__init__.py to __init__.cpython-312.pyc\n'}
[41.916261] (mocap4r2cli) StdoutLine: {'line': b'byte-compiling /home/strain-drone/Documents/drone_position_hold/ros2_ws/src/install/mocap4r2cli/lib/python3.12/site-packages/mocap4r2cli/verb/status.py to status.cpython-312.pyc\n'}
[41.920489] (mocap4r2_dummy_driver) StdoutLine: {'line': b'-- Detecting C compiler ABI info\n'}
[41.920908] (mocap4r2cli) StdoutLine: {'line': b'byte-compiling /home/strain-drone/Documents/drone_position_hold/ros2_ws/src/install/mocap4r2cli/lib/python3.12/site-packages/mocap4r2cli/verb/start.py to start.cpython-312.pyc\n'}
[41.921089] (mocap4r2cli) StdoutLine: {'line': b'byte-compiling /home/strain-drone/Documents/drone_position_hold/ros2_ws/src/install/mocap4r2cli/lib/python3.12/site-packages/mocap4r2cli/verb/__init__.py to __init__.cpython-312.pyc\n'}
[41.922083] (mocap4r2cli) StdoutLine: {'line': b'byte-compiling /home/strain-drone/Documents/drone_position_hold/ros2_ws/src/install/mocap4r2cli/lib/python3.12/site-packages/mocap4r2cli/verb/stop.py to stop.cpython-312.pyc\n'}
[41.927074] (mocap4r2cli) StdoutLine: {'line': b'byte-compiling /home/strain-drone/Documents/drone_position_hold/ros2_ws/src/install/mocap4r2cli/lib/python3.12/site-packages/mocap4r2cli/__init__.py to __init__.cpython-312.pyc\n'}
[41.928215] (mocap4r2cli) StdoutLine: {'line': b'running install_data\n'}
[41.928912] (mocap4r2cli) StdoutLine: {'line': b'copying package.xml -> /home/strain-drone/Documents/drone_position_hold/ros2_ws/src/install/mocap4r2cli/share/mocap4r2cli\n'}
[41.936410] (mocap4r2cli) StdoutLine: {'line': b'creating /home/strain-drone/Documents/drone_position_hold/ros2_ws/src/install/mocap4r2cli/share/ament_index\n'}
[41.936783] (mocap4r2cli) StdoutLine: {'line': b'creating /home/strain-drone/Documents/drone_position_hold/ros2_ws/src/install/mocap4r2cli/share/ament_index/resource_index\n'}
[41.936965] (natnet_ros2) StdoutLine: {'line': b'[ 28%] \x1b[34m\x1b[1mGenerating C++ type support dispatch for ROS interfaces\x1b[0m\n'}
[41.937165] (mocap4r2cli) StdoutLine: {'line': b'creating /home/strain-drone/Documents/drone_position_hold/ros2_ws/src/install/mocap4r2cli/share/ament_index/resource_index/packages\n'}
[41.937279] (mocap4r2cli) StdoutLine: {'line': b'copying resource/mocap4r2cli -> /home/strain-drone/Documents/drone_position_hold/ros2_ws/src/install/mocap4r2cli/share/ament_index/resource_index/packages\n'}
[41.937415] (mocap4r2cli) StdoutLine: {'line': b'running install_egg_info\n'}
[41.952286] (natnet_ros2) StdoutLine: {'line': b'[ 30%] \x1b[34m\x1b[1mGenerating C introspection for ROS interfaces\x1b[0m\n'}
[41.969646] (natnet_ros2) StdoutLine: {'line': b'[ 33%] \x1b[34m\x1b[1mGenerating C type support for eProsima Fast-RTPS\x1b[0m\n'}
[41.970016] (natnet_ros2) StdoutLine: {'line': b'[ 35%] \x1b[34m\x1b[1mGenerating C++ type support for eProsima Fast-RTPS\x1b[0m\n'}
[41.994949] (-) TimerEvent: {}
[42.001543] (mocap4r2cli) StdoutLine: {'line': b'Copying ../../build/mocap4r2cli/mocap4r2cli.egg-info to /home/strain-drone/Documents/drone_position_hold/ros2_ws/src/install/mocap4r2cli/lib/python3.12/site-packages/mocap4r2cli-0.0.1-py3.12.egg-info\n'}
[42.007460] (mocap4r2cli) StdoutLine: {'line': b'running install_scripts\n'}
[42.096426] (-) TimerEvent: {}
[42.199455] (-) TimerEvent: {}
[42.280454] (mocap4r2_dummy_driver) StdoutLine: {'line': b'-- Detecting C compiler ABI info - done\n'}
[42.301418] (-) TimerEvent: {}
[42.313993] (mocap4r2_dummy_driver) StdoutLine: {'line': b'-- Check for working C compiler: /usr/lib/ccache/cc - skipped\n'}
[42.319467] (mocap4r2_dummy_driver) StdoutLine: {'line': b'-- Detecting C compile features\n'}
[42.319799] (mocap4r2_dummy_driver) StdoutLine: {'line': b'-- Detecting C compile features - done\n'}
[42.374451] (mocap4r2_dummy_driver) StdoutLine: {'line': b'-- Detecting CXX compiler ABI info\n'}
[42.402429] (-) TimerEvent: {}
[42.504420] (-) TimerEvent: {}
[42.555581] (mocap4r2_robot_gt) StdoutLine: {'line': b'[ 75%] Built target gt_component\n'}
[42.604535] (-) TimerEvent: {}
[42.627439] (mocap4r2cli) StdoutLine: {'line': b"writing list of installed files to '/home/strain-drone/Documents/drone_position_hold/ros2_ws/src/build/mocap4r2cli/install.log'\n"}
[42.675446] (mocap4r2_robot_gt) StdoutLine: {'line': b'[ 87%] \x1b[32mBuilding CXX object CMakeFiles/gt_program.dir/src/gt_program.cpp.o\x1b[0m\n'}
[42.704689] (-) TimerEvent: {}
[42.747510] (mocap4r2_robot_gt) StdoutLine: {'line': b'[100%] \x1b[32m\x1b[1mLinking CXX executable gt_program\x1b[0m\n'}
[42.804830] (-) TimerEvent: {}
[42.816783] (mocap4r2_dummy_driver) StdoutLine: {'line': b'-- Detecting CXX compiler ABI info - done\n'}
[42.855444] (natnet_ros2) StdoutLine: {'line': b'[ 38%] \x1b[32mBuilding CXX object CMakeFiles/natnet_ros2__rosidl_typesupport_cpp.dir/rosidl_typesupport_cpp/natnet_ros2/srv/marker_poses__type_support.cpp.o\x1b[0m\n'}
[42.870790] (mocap4r2cli) CommandEnded: {'returncode': 0}
[42.871930] (mocap4r2_dummy_driver) StdoutLine: {'line': b'-- Check for working CXX compiler: /usr/lib/ccache/c++ - skipped\n'}
[42.872206] (mocap4r2_dummy_driver) StdoutLine: {'line': b'-- Detecting CXX compile features\n'}
[42.874611] (mocap4r2_dummy_driver) StdoutLine: {'line': b'-- Detecting CXX compile features - done\n'}
[42.890919] (mocap4r2_dummy_driver) StdoutLine: {'line': b'-- Found ament_cmake: 2.5.4 (/opt/ros/jazzy/share/ament_cmake/cmake)\n'}
[42.898815] (mocap4r2cli) JobEnded: {'identifier': 'mocap4r2cli', 'rc': 0}
[42.900717] (mocap4r2_vicon_driver) JobStarted: {'identifier': 'mocap4r2_vicon_driver'}
[42.911645] (-) TimerEvent: {}
[42.936095] (natnet_ros2) StdoutLine: {'line': b'[ 41%] \x1b[32m\x1b[1mLinking CXX shared library libnatnet_ros2__rosidl_typesupport_cpp.so\x1b[0m\n'}
[42.967518] (mocap4r2_vicon_driver) JobProgress: {'identifier': 'mocap4r2_vicon_driver', 'progress': 'cmake'}
[42.979653] (mocap4r2_vicon_driver) Command: {'cmd': ['/usr/bin/cmake', '/home/strain-drone/Documents/drone_position_hold/ros2_ws/src/mocap4ros2_vicon/mocap4r2_vicon_driver', '-DCMAKE_INSTALL_PREFIX=/home/strain-drone/Documents/drone_position_hold/ros2_ws/src/install/mocap4r2_vicon_driver'], 'cwd': '/home/strain-drone/Documents/drone_position_hold/ros2_ws/src/build/mocap4r2_vicon_driver', 'env': OrderedDict({'LESSOPEN': '| /usr/bin/lesspipe %s', 'USER': 'strain-drone', 'SSH_CLIENT': '100.125.10.128 53782 22', 'XDG_SESSION_TYPE': 'tty', 'GIT_ASKPASS': '/home/strain-drone/.vscode-server/cli/servers/Stable-b6a47e94e326b5c209d118cf0f994d6065585705/server/extensions/git/dist/askpass.sh', 'SHLVL': '2', 'LD_LIBRARY_PATH': '/home/strain-drone/Documents/drone_position_hold/ros2_ws/src/install/mocap4r2_control/lib:/home/strain-drone/Documents/drone_position_hold/ros2_ws/src/install/mocap4r2_msgs/lib:/home/strain-drone/Documents/drone_position_hold/ros2_ws/src/install/mocap4r2_control_msgs/lib:/opt/ros/jazzy/opt/rviz_ogre_vendor/lib:/opt/ros/jazzy/lib/aarch64-linux-gnu:/opt/ros/jazzy/opt/gz_math_vendor/lib:/opt/ros/jazzy/opt/gz_utils_vendor/lib:/opt/ros/jazzy/opt/gz_cmake_vendor/lib:/opt/ros/jazzy/lib:/home/strain-drone/Documents/drone_position_hold/ros2_ws/src/natnet_ros2/deps/NatNetSDK/lib:/home/strain-drone/Documents/drone_position_hold/ros2_ws/src/natnet_ros2/deps/NatNetSDK/lib', 'BROWSER': '/home/strain-drone/.vscode-server/cli/servers/Stable-b6a47e94e326b5c209d118cf0f994d6065585705/server/bin/helpers/browser.sh', 'HOME': '/home/strain-drone', 'TERM_PROGRAM_VERSION': '1.109.3', 'VSCODE_IPC_HOOK_CLI': '/run/user/1002/vscode-ipc-7f844f56-ced9-4e8e-9017-09603271f316.sock', 'ROS_PYTHON_VERSION': '3', 'VSCODE_GIT_ASKPASS_MAIN': '/home/strain-drone/.vscode-server/cli/servers/Stable-b6a47e94e326b5c209d118cf0f994d6065585705/server/extensions/git/dist/askpass-main.js', 'PS1': '\\[\x1b]633;A\x07\\]\\[\\e]0;\\u@\\h: \\w\\a\\]${debian_chroot:+($debian_chroot)}\\[\\033[01;32m\\]\\u@\\h\\[\\033[00m\\]:\\[\\033[01;34m\\]\\w\\[\\033[00m\\]\\$ \\[\x1b]633;B\x07\\]', 'VSCODE_GIT_ASKPASS_NODE': '/home/strain-drone/.vscode-server/cli/servers/Stable-b6a47e94e326b5c209d118cf0f994d6065585705/server/node', 'SSL_CERT_FILE': '/usr/lib/ssl/cert.pem', 'VSCODE_PYTHON_AUTOACTIVATE_GUARD': '1', 'DBUS_SESSION_BUS_ADDRESS': 'unix:path=/run/user/1002/bus', 'COLORTERM': 'truecolor', 'DEBUGINFOD_URLS': 'https://debuginfod.ubuntu.com', 'ROS_DISTRO': 'jazzy', 'LOGNAME': 'strain-drone', '_': '/usr/bin/colcon', 'ROS_VERSION': '2', 'XDG_SESSION_CLASS': 'user', 'TERM': 'xterm-256color', 'XDG_SESSION_ID': '12', 'PATH': '/home/strain-drone/.vscode-server/data/User/globalStorage/github.copilot-chat/debugCommand:/home/strain-drone/.vscode-server/data/User/globalStorage/github.copilot-chat/copilotCli:/home/strain-drone/.vscode-server/cli/servers/Stable-b6a47e94e326b5c209d118cf0f994d6065585705/server/bin/remote-cli:/usr/lib/ccache:/home/strain-drone/Documents/ardupilot/Tools/autotest:/opt/gcc-arm-none-eabi-10-2020-q4-major/bin:/home/strain-drone/venv-ardupilot/bin:/home/strain-drone/.local/bin:/opt/ros/jazzy/bin:/usr/lib/ccache:/home/strain-drone/Documents/ardupilot/Tools/autotest:/opt/gcc-arm-none-eabi-10-2020-q4-major/bin:/home/strain-drone/venv-ardupilot/bin:/home/strain-drone/.local/bin:/usr/local/sbin:/usr/local/bin:/usr/sbin:/usr/bin:/sbin:/bin:/usr/games:/usr/local/games:/snap/bin:/home/strain-drone/.local/bin:/home/strain-drone/.local/bin:/home/strain-drone/.local/bin:/home/strain-drone/.local/bin', 'XDG_RUNTIME_DIR': '/run/user/1002', 'SSL_CERT_DIR': '/usr/lib/ssl/certs', 'LANG': 'en_US.UTF-8', 'VIRTUAL_ENV_PROMPT': '(venv-ardupilot)', 'LS_COLORS': 'rs=0:di=01;34:ln=01;36:mh=00:pi=40;33:so=01;35:do=01;35:bd=40;33;01:cd=40;33;01:or=40;31;01:mi=00:su=37;41:sg=30;43:ca=00:tw=30;42:ow=34;42:st=37;44:ex=01;32:*.tar=01;31:*.tgz=01;31:*.arc=01;31:*.arj=01;31:*.taz=01;31:*.lha=01;31:*.lz4=01;31:*.lzh=01;31:*.lzma=01;31:*.tlz=01;31:*.txz=01;31:*.tzo=01;31:*.t7z=01;31:*.zip=01;31:*.z=01;31:*.dz=01;31:*.gz=01;31:*.lrz=01;31:*.lz=01;31:*.lzo=01;31:*.xz=01;31:*.zst=01;31:*.tzst=01;31:*.bz2=01;31:*.bz=01;31:*.tbz=01;31:*.tbz2=01;31:*.tz=01;31:*.deb=01;31:*.rpm=01;31:*.jar=01;31:*.war=01;31:*.ear=01;31:*.sar=01;31:*.rar=01;31:*.alz=01;31:*.ace=01;31:*.zoo=01;31:*.cpio=01;31:*.7z=01;31:*.rz=01;31:*.cab=01;31:*.wim=01;31:*.swm=01;31:*.dwm=01;31:*.esd=01;31:*.avif=01;35:*.jpg=01;35:*.jpeg=01;35:*.mjpg=01;35:*.mjpeg=01;35:*.gif=01;35:*.bmp=01;35:*.pbm=01;35:*.pgm=01;35:*.ppm=01;35:*.tga=01;35:*.xbm=01;35:*.xpm=01;35:*.tif=01;35:*.tiff=01;35:*.png=01;35:*.svg=01;35:*.svgz=01;35:*.mng=01;35:*.pcx=01;35:*.mov=01;35:*.mpg=01;35:*.mpeg=01;35:*.m2v=01;35:*.mkv=01;35:*.webm=01;35:*.webp=01;35:*.ogm=01;35:*.mp4=01;35:*.m4v=01;35:*.mp4v=01;35:*.vob=01;35:*.qt=01;35:*.nuv=01;35:*.wmv=01;35:*.asf=01;35:*.rm=01;35:*.rmvb=01;35:*.flc=01;35:*.avi=01;35:*.fli=01;35:*.flv=01;35:*.gl=01;35:*.dl=01;35:*.xcf=01;35:*.xwd=01;35:*.yuv=01;35:*.cgm=01;35:*.emf=01;35:*.ogv=01;35:*.ogx=01;35:*.aac=00;36:*.au=00;36:*.flac=00;36:*.m4a=00;36:*.mid=00;36:*.midi=00;36:*.mka=00;36:*.mp3=00;36:*.mpc=00;36:*.ogg=00;36:*.ra=00;36:*.wav=00;36:*.oga=00;36:*.opus=00;36:*.spx=00;36:*.xspf=00;36:*~=00;90:*#=00;90:*.bak=00;90:*.crdownload=00;90:*.dpkg-dist=00;90:*.dpkg-new=00;90:*.dpkg-old=00;90:*.dpkg-tmp=00;90:*.old=00;90:*.orig=00;90:*.part=00;90:*.rej=00;90:*.rpmnew=00;90:*.rpmorig=00;90:*.rpmsave=00;90:*.swp=00;90:*.tmp=00;90:*.ucf-dist=00;90:*.ucf-new=00;90:*.ucf-old=00;90:', 'VSCODE_GIT_IPC_HANDLE': '/run/user/1002/vscode-git-227cc40744.sock', 'TERM_PROGRAM': 'vscode', 'ROS_DOMAIN_ID': '1', 'AMENT_PREFIX_PATH': '/home/strain-drone/Documents/drone_position_hold/ros2_ws/src/install/mocap4r2_control:/home/strain-drone/Documents/drone_position_hold/ros2_ws/src/install/mocap4r2_msgs:/home/strain-drone/Documents/drone_position_hold/ros2_ws/src/install/mocap4r2_control_msgs:/opt/ros/jazzy', 'SHELL': '/bin/bash', 'LESSCLOSE': '/usr/bin/lesspipe %s %s', 'VIRTUAL_ENV': '/home/strain-drone/venv-ardupilot', 'ROS_AUTOMATIC_DISCOVERY_RANGE': 'SUBNET', 'VSCODE_GIT_ASKPASS_EXTRA_ARGS': '', 'PWD': '/home/strain-drone/Documents/drone_position_hold/ros2_ws/src/build/mocap4r2_vicon_driver', 'LC_ALL': 'en_US.UTF-8', 'SSH_CONNECTION': '100.125.10.128 53782 100.96.124.69 22', 'XDG_DATA_DIRS': '/usr/share/gnome:/usr/local/share:/usr/share:/var/lib/snapd/desktop', 'PYTHONPATH': '/home/strain-drone/Documents/drone_position_hold/ros2_ws/src/install/mocap4r2_msgs/lib/python3.12/site-packages:/home/strain-drone/Documents/drone_position_hold/ros2_ws/src/install/mocap4r2_control_msgs/lib/python3.12/site-packages:/opt/ros/jazzy/lib/python3.12/site-packages', 'COLCON': '1', 'CMAKE_PREFIX_PATH': '/home/strain-drone/Documents/drone_position_hold/ros2_ws/src/install/mocap4r2_control:/home/strain-drone/Documents/drone_position_hold/ros2_ws/src/install/mocap4r2_msgs:/home/strain-drone/Documents/drone_position_hold/ros2_ws/src/install/mocap4r2_control_msgs:/opt/ros/jazzy/opt/gz_math_vendor:/opt/ros/jazzy/opt/gz_utils_vendor:/opt/ros/jazzy/opt/gz_cmake_vendor:/opt/ros/jazzy'}), 'shell': False}
[42.985539] (natnet_ros2) StdoutLine: {'line': b'[ 43%] \x1b[32mBuilding C object CMakeFiles/natnet_ros2__rosidl_typesupport_introspection_c.dir/rosidl_typesupport_introspection_c/natnet_ros2/srv/detail/marker_poses__type_support.c.o\x1b[0m\n'}
[43.011856] (-) TimerEvent: {}
[43.074127] (natnet_ros2) StdoutLine: {'line': b'[ 46%] \x1b[32m\x1b[1mLinking C shared library libnatnet_ros2__rosidl_typesupport_introspection_c.so\x1b[0m\n'}
[43.116477] (-) TimerEvent: {}
[43.219446] (-) TimerEvent: {}
[43.266645] (natnet_ros2) StdoutLine: {'line': b'[ 48%] \x1b[32mBuilding CXX object CMakeFiles/natnet_ros2__rosidl_typesupport_fastrtps_cpp.dir/rosidl_typesupport_fastrtps_cpp/natnet_ros2/srv/detail/dds_fastrtps/marker_poses__type_support.cpp.o\x1b[0m\n'}
[43.300071] (natnet_ros2) StdoutLine: {'line': b'[ 48%] Built target natnet_ros2__rosidl_typesupport_introspection_c\n'}
[43.319650] (-) TimerEvent: {}
[43.352460] (natnet_ros2) StdoutLine: {'line': b'[ 51%] \x1b[32m\x1b[1mLinking CXX shared library libnatnet_ros2__rosidl_typesupport_fastrtps_cpp.so\x1b[0m\n'}
[43.385395] (natnet_ros2) StdoutLine: {'line': b'[ 53%] \x1b[34m\x1b[1mGenerating C type support dispatch for ROS interfaces\x1b[0m\n'}
[43.420892] (-) TimerEvent: {}
[43.524727] (-) TimerEvent: {}
[43.541612] (mocap4r2_vicon_driver) StdoutLine: {'line': b'-- The C compiler identification is GNU 13.3.0\n'}
[43.594610] (natnet_ros2) StdoutLine: {'line': b'[ 53%] Built target natnet_ros2__rosidl_typesupport_cpp\n'}
[43.629667] (-) TimerEvent: {}
[43.658080] (natnet_ros2) StdoutLine: {'line': b'[ 56%] \x1b[32mBuilding CXX object CMakeFiles/natnet_ros2__rosidl_typesupport_fastrtps_c.dir/rosidl_typesupport_fastrtps_c/natnet_ros2/srv/detail/marker_poses__type_support_c.cpp.o\x1b[0m\n'}
[43.709189] (natnet_ros2) StdoutLine: {'line': b'[ 58%] \x1b[34m\x1b[1mGenerating C++ introspection for ROS interfaces\x1b[0m\n'}
[43.733522] (-) TimerEvent: {}
[43.772601] (natnet_ros2) StdoutLine: {'line': b'[ 61%] \x1b[32m\x1b[1mLinking CXX shared library libnatnet_ros2__rosidl_typesupport_fastrtps_c.so\x1b[0m\n'}
[43.834926] (-) TimerEvent: {}
[43.941468] (-) TimerEvent: {}
[43.970659] (natnet_ros2) StdoutLine: {'line': b'[ 61%] Built target natnet_ros2__rosidl_typesupport_fastrtps_cpp\n'}
[44.035267] (mocap4r2_vicon_driver) StdoutLine: {'line': b'-- The CXX compiler identification is GNU 13.3.0\n'}
[44.041654] (-) TimerEvent: {}
[44.100452] (natnet_ros2) StdoutLine: {'line': b'[ 61%] Built target natnet_ros2__rosidl_typesupport_fastrtps_c\n'}
[44.105420] (mocap4r2_dummy_driver) StdoutLine: {'line': b'-- Found Python3: /home/strain-drone/venv-ardupilot/bin/python3 (found version "3.12.3") found components: Interpreter \n'}
[44.143621] (-) TimerEvent: {}
[44.215535] (mocap4r2_vicon_driver) StdoutLine: {'line': b'-- Detecting C compiler ABI info\n'}
[44.246441] (-) TimerEvent: {}
[44.346990] (-) TimerEvent: {}
[44.406829] (natnet_ros2) StdoutLine: {'line': b'[ 64%] \x1b[32mBuilding CXX object CMakeFiles/natnet_ros2__rosidl_typesupport_c.dir/rosidl_typesupport_c/natnet_ros2/srv/marker_poses__type_support.cpp.o\x1b[0m\n'}
[44.448618] (-) TimerEvent: {}
[44.452156] (natnet_ros2) StdoutLine: {'line': b'[ 66%] \x1b[32m\x1b[1mLinking CXX shared library libnatnet_ros2__rosidl_typesupport_c.so\x1b[0m\n'}
[44.548782] (-) TimerEvent: {}
[44.612167] (mocap4r2_dummy_driver) StdoutLine: {'line': b'-- Found rclcpp: 28.1.9 (/opt/ros/jazzy/share/rclcpp/cmake)\n'}
[44.639043] (natnet_ros2) StdoutLine: {'line': b'[ 66%] Built target natnet_ros2__rosidl_typesupport_c\n'}
[44.648944] (-) TimerEvent: {}
[44.672107] (mocap4r2_vicon_driver) StdoutLine: {'line': b'-- Detecting C compiler ABI info - done\n'}
[44.705215] (mocap4r2_vicon_driver) StdoutLine: {'line': b'-- Check for working C compiler: /usr/lib/ccache/cc - skipped\n'}
[44.708526] (mocap4r2_vicon_driver) StdoutLine: {'line': b'-- Detecting C compile features\n'}
[44.712196] (mocap4r2_vicon_driver) StdoutLine: {'line': b'-- Detecting C compile features - done\n'}
[44.722536] (mocap4r2_dummy_driver) StdoutLine: {'line': b'-- Found rosidl_generator_c: 4.6.5 (/opt/ros/jazzy/share/rosidl_generator_c/cmake)\n'}
[44.745107] (mocap4r2_vicon_driver) StdoutLine: {'line': b'-- Detecting CXX compiler ABI info\n'}
[44.749739] (-) TimerEvent: {}
[44.757808] (mocap4r2_dummy_driver) StdoutLine: {'line': b'-- Found rosidl_generator_cpp: 4.6.5 (/opt/ros/jazzy/share/rosidl_generator_cpp/cmake)\n'}
[44.793203] (mocap4r2_dummy_driver) StdoutLine: {'line': b'-- Using all available rosidl_typesupport_c: rosidl_typesupport_fastrtps_c;rosidl_typesupport_introspection_c\n'}
[44.806702] (natnet_ros2) StdoutLine: {'line': b'[ 69%] \x1b[32mBuilding CXX object CMakeFiles/natnet_ros2__rosidl_typesupport_introspection_cpp.dir/rosidl_typesupport_introspection_cpp/natnet_ros2/srv/detail/marker_poses__type_support.cpp.o\x1b[0m\n'}
[44.823399] (mocap4r2_robot_gt) StdoutLine: {'line': b'[100%] Built target gt_program\n'}
[44.830101] (mocap4r2_dummy_driver) StdoutLine: {'line': b'-- Using all available rosidl_typesupport_cpp: rosidl_typesupport_fastrtps_cpp;rosidl_typesupport_introspection_cpp\n'}
[44.840091] (natnet_ros2) StdoutLine: {'line': b'[ 71%] \x1b[32m\x1b[1mLinking CXX shared library libnatnet_ros2__rosidl_typesupport_introspection_cpp.so\x1b[0m\n'}
[44.849929] (-) TimerEvent: {}
[44.854659] (mocap4r2_robot_gt) CommandEnded: {'returncode': 0}
[44.856669] (mocap4r2_robot_gt) JobProgress: {'identifier': 'mocap4r2_robot_gt', 'progress': 'install'}
[44.858436] (mocap4r2_robot_gt) Command: {'cmd': ['/usr/bin/cmake', '--install', '/home/strain-drone/Documents/drone_position_hold/ros2_ws/src/build/mocap4r2_robot_gt'], 'cwd': '/home/strain-drone/Documents/drone_position_hold/ros2_ws/src/build/mocap4r2_robot_gt', 'env': OrderedDict({'LESSOPEN': '| /usr/bin/lesspipe %s', 'USER': 'strain-drone', 'SSH_CLIENT': '100.125.10.128 53782 22', 'XDG_SESSION_TYPE': 'tty', 'GIT_ASKPASS': '/home/strain-drone/.vscode-server/cli/servers/Stable-b6a47e94e326b5c209d118cf0f994d6065585705/server/extensions/git/dist/askpass.sh', 'SHLVL': '2', 'LD_LIBRARY_PATH': '/home/strain-drone/Documents/drone_position_hold/ros2_ws/src/install/mocap4r2_robot_gt_msgs/lib:/home/strain-drone/Documents/drone_position_hold/ros2_ws/src/install/mocap4r2_msgs/lib:/opt/ros/jazzy/opt/rviz_ogre_vendor/lib:/opt/ros/jazzy/lib/aarch64-linux-gnu:/opt/ros/jazzy/opt/gz_math_vendor/lib:/opt/ros/jazzy/opt/gz_utils_vendor/lib:/opt/ros/jazzy/opt/gz_cmake_vendor/lib:/opt/ros/jazzy/lib:/home/strain-drone/Documents/drone_position_hold/ros2_ws/src/natnet_ros2/deps/NatNetSDK/lib:/home/strain-drone/Documents/drone_position_hold/ros2_ws/src/natnet_ros2/deps/NatNetSDK/lib', 'BROWSER': '/home/strain-drone/.vscode-server/cli/servers/Stable-b6a47e94e326b5c209d118cf0f994d6065585705/server/bin/helpers/browser.sh', 'HOME': '/home/strain-drone', 'TERM_PROGRAM_VERSION': '1.109.3', 'VSCODE_IPC_HOOK_CLI': '/run/user/1002/vscode-ipc-7f844f56-ced9-4e8e-9017-09603271f316.sock', 'ROS_PYTHON_VERSION': '3', 'VSCODE_GIT_ASKPASS_MAIN': '/home/strain-drone/.vscode-server/cli/servers/Stable-b6a47e94e326b5c209d118cf0f994d6065585705/server/extensions/git/dist/askpass-main.js', 'PS1': '\\[\x1b]633;A\x07\\]\\[\\e]0;\\u@\\h: \\w\\a\\]${debian_chroot:+($debian_chroot)}\\[\\033[01;32m\\]\\u@\\h\\[\\033[00m\\]:\\[\\033[01;34m\\]\\w\\[\\033[00m\\]\\$ \\[\x1b]633;B\x07\\]', 'VSCODE_GIT_ASKPASS_NODE': '/home/strain-drone/.vscode-server/cli/servers/Stable-b6a47e94e326b5c209d118cf0f994d6065585705/server/node', 'SSL_CERT_FILE': '/usr/lib/ssl/cert.pem', 'VSCODE_PYTHON_AUTOACTIVATE_GUARD': '1', 'DBUS_SESSION_BUS_ADDRESS': 'unix:path=/run/user/1002/bus', 'COLORTERM': 'truecolor', 'DEBUGINFOD_URLS': 'https://debuginfod.ubuntu.com', 'ROS_DISTRO': 'jazzy', 'LOGNAME': 'strain-drone', '_': '/usr/bin/colcon', 'ROS_VERSION': '2', 'XDG_SESSION_CLASS': 'user', 'TERM': 'xterm-256color', 'XDG_SESSION_ID': '12', 'PATH': '/home/strain-drone/.vscode-server/data/User/globalStorage/github.copilot-chat/debugCommand:/home/strain-drone/.vscode-server/data/User/globalStorage/github.copilot-chat/copilotCli:/home/strain-drone/.vscode-server/cli/servers/Stable-b6a47e94e326b5c209d118cf0f994d6065585705/server/bin/remote-cli:/usr/lib/ccache:/home/strain-drone/Documents/ardupilot/Tools/autotest:/opt/gcc-arm-none-eabi-10-2020-q4-major/bin:/home/strain-drone/venv-ardupilot/bin:/home/strain-drone/.local/bin:/opt/ros/jazzy/bin:/usr/lib/ccache:/home/strain-drone/Documents/ardupilot/Tools/autotest:/opt/gcc-arm-none-eabi-10-2020-q4-major/bin:/home/strain-drone/venv-ardupilot/bin:/home/strain-drone/.local/bin:/usr/local/sbin:/usr/local/bin:/usr/sbin:/usr/bin:/sbin:/bin:/usr/games:/usr/local/games:/snap/bin:/home/strain-drone/.local/bin:/home/strain-drone/.local/bin:/home/strain-drone/.local/bin:/home/strain-drone/.local/bin', 'XDG_RUNTIME_DIR': '/run/user/1002', 'SSL_CERT_DIR': '/usr/lib/ssl/certs', 'LANG': 'en_US.UTF-8', 'VIRTUAL_ENV_PROMPT': '(venv-ardupilot)', 'LS_COLORS': 'rs=0:di=01;34:ln=01;36:mh=00:pi=40;33:so=01;35:do=01;35:bd=40;33;01:cd=40;33;01:or=40;31;01:mi=00:su=37;41:sg=30;43:ca=00:tw=30;42:ow=34;42:st=37;44:ex=01;32:*.tar=01;31:*.tgz=01;31:*.arc=01;31:*.arj=01;31:*.taz=01;31:*.lha=01;31:*.lz4=01;31:*.lzh=01;31:*.lzma=01;31:*.tlz=01;31:*.txz=01;31:*.tzo=01;31:*.t7z=01;31:*.zip=01;31:*.z=01;31:*.dz=01;31:*.gz=01;31:*.lrz=01;31:*.lz=01;31:*.lzo=01;31:*.xz=01;31:*.zst=01;31:*.tzst=01;31:*.bz2=01;31:*.bz=01;31:*.tbz=01;31:*.tbz2=01;31:*.tz=01;31:*.deb=01;31:*.rpm=01;31:*.jar=01;31:*.war=01;31:*.ear=01;31:*.sar=01;31:*.rar=01;31:*.alz=01;31:*.ace=01;31:*.zoo=01;31:*.cpio=01;31:*.7z=01;31:*.rz=01;31:*.cab=01;31:*.wim=01;31:*.swm=01;31:*.dwm=01;31:*.esd=01;31:*.avif=01;35:*.jpg=01;35:*.jpeg=01;35:*.mjpg=01;35:*.mjpeg=01;35:*.gif=01;35:*.bmp=01;35:*.pbm=01;35:*.pgm=01;35:*.ppm=01;35:*.tga=01;35:*.xbm=01;35:*.xpm=01;35:*.tif=01;35:*.tiff=01;35:*.png=01;35:*.svg=01;35:*.svgz=01;35:*.mng=01;35:*.pcx=01;35:*.mov=01;35:*.mpg=01;35:*.mpeg=01;35:*.m2v=01;35:*.mkv=01;35:*.webm=01;35:*.webp=01;35:*.ogm=01;35:*.mp4=01;35:*.m4v=01;35:*.mp4v=01;35:*.vob=01;35:*.qt=01;35:*.nuv=01;35:*.wmv=01;35:*.asf=01;35:*.rm=01;35:*.rmvb=01;35:*.flc=01;35:*.avi=01;35:*.fli=01;35:*.flv=01;35:*.gl=01;35:*.dl=01;35:*.xcf=01;35:*.xwd=01;35:*.yuv=01;35:*.cgm=01;35:*.emf=01;35:*.ogv=01;35:*.ogx=01;35:*.aac=00;36:*.au=00;36:*.flac=00;36:*.m4a=00;36:*.mid=00;36:*.midi=00;36:*.mka=00;36:*.mp3=00;36:*.mpc=00;36:*.ogg=00;36:*.ra=00;36:*.wav=00;36:*.oga=00;36:*.opus=00;36:*.spx=00;36:*.xspf=00;36:*~=00;90:*#=00;90:*.bak=00;90:*.crdownload=00;90:*.dpkg-dist=00;90:*.dpkg-new=00;90:*.dpkg-old=00;90:*.dpkg-tmp=00;90:*.old=00;90:*.orig=00;90:*.part=00;90:*.rej=00;90:*.rpmnew=00;90:*.rpmorig=00;90:*.rpmsave=00;90:*.swp=00;90:*.tmp=00;90:*.ucf-dist=00;90:*.ucf-new=00;90:*.ucf-old=00;90:', 'VSCODE_GIT_IPC_HANDLE': '/run/user/1002/vscode-git-227cc40744.sock', 'TERM_PROGRAM': 'vscode', 'ROS_DOMAIN_ID': '1', 'AMENT_PREFIX_PATH': '/home/strain-drone/Documents/drone_position_hold/ros2_ws/src/install/mocap4r2_robot_gt_msgs:/home/strain-drone/Documents/drone_position_hold/ros2_ws/src/install/mocap4r2_msgs:/opt/ros/jazzy', 'SHELL': '/bin/bash', 'LESSCLOSE': '/usr/bin/lesspipe %s %s', 'VIRTUAL_ENV': '/home/strain-drone/venv-ardupilot', 'ROS_AUTOMATIC_DISCOVERY_RANGE': 'SUBNET', 'VSCODE_GIT_ASKPASS_EXTRA_ARGS': '', 'PWD': '/home/strain-drone/Documents/drone_position_hold/ros2_ws/src/build/mocap4r2_robot_gt', 'LC_ALL': 'en_US.UTF-8', 'SSH_CONNECTION': '100.125.10.128 53782 100.96.124.69 22', 'XDG_DATA_DIRS': '/usr/share/gnome:/usr/local/share:/usr/share:/var/lib/snapd/desktop', 'PYTHONPATH': '/home/strain-drone/Documents/drone_position_hold/ros2_ws/src/install/mocap4r2_robot_gt_msgs/lib/python3.12/site-packages:/home/strain-drone/Documents/drone_position_hold/ros2_ws/src/install/mocap4r2_msgs/lib/python3.12/site-packages:/opt/ros/jazzy/lib/python3.12/site-packages', 'COLCON': '1', 'CMAKE_PREFIX_PATH': '/home/strain-drone/Documents/drone_position_hold/ros2_ws/src/install/mocap4r2_robot_gt_msgs:/home/strain-drone/Documents/drone_position_hold/ros2_ws/src/install/mocap4r2_msgs:/opt/ros/jazzy/opt/gz_math_vendor:/opt/ros/jazzy/opt/gz_utils_vendor:/opt/ros/jazzy/opt/gz_cmake_vendor:/opt/ros/jazzy'}), 'shell': False}
[44.879129] (mocap4r2_robot_gt) StdoutLine: {'line': b'-- Install configuration: ""\n'}
[44.880421] (mocap4r2_robot_gt) StdoutLine: {'line': b'-- Installing: /home/strain-drone/Documents/drone_position_hold/ros2_ws/src/install/mocap4r2_robot_gt/lib/libgt_component.so\n'}
[44.900441] (mocap4r2_robot_gt) StdoutLine: {'line': b'-- Set non-toolchain portion of runtime path of "/home/strain-drone/Documents/drone_position_hold/ros2_ws/src/install/mocap4r2_robot_gt/lib/libgt_component.so" to ""\n'}
[44.902066] (mocap4r2_robot_gt) StdoutLine: {'line': b'-- Installing: /home/strain-drone/Documents/drone_position_hold/ros2_ws/src/install/mocap4r2_robot_gt/lib/mocap4r2_robot_gt/gt_program\n'}
[44.904987] (mocap4r2_robot_gt) StdoutLine: {'line': b'-- Set non-toolchain portion of runtime path of "/home/strain-drone/Documents/drone_position_hold/ros2_ws/src/install/mocap4r2_robot_gt/lib/mocap4r2_robot_gt/gt_program" to ""\n'}
[44.905373] (mocap4r2_robot_gt) StdoutLine: {'line': b'-- Installing: /home/strain-drone/Documents/drone_position_hold/ros2_ws/src/install/mocap4r2_robot_gt/lib/libset_gt_component.so\n'}
[44.906071] (mocap4r2_robot_gt) StdoutLine: {'line': b'-- Set non-toolchain portion of runtime path of "/home/strain-drone/Documents/drone_position_hold/ros2_ws/src/install/mocap4r2_robot_gt/lib/libset_gt_component.so" to ""\n'}
[44.906487] (mocap4r2_robot_gt) StdoutLine: {'line': b'-- Installing: /home/strain-drone/Documents/drone_position_hold/ros2_ws/src/install/mocap4r2_robot_gt/lib/mocap4r2_robot_gt/set_gt_cli\n'}
[44.907667] (mocap4r2_robot_gt) StdoutLine: {'line': b'-- Set non-toolchain portion of runtime path of "/home/strain-drone/Documents/drone_position_hold/ros2_ws/src/install/mocap4r2_robot_gt/lib/mocap4r2_robot_gt/set_gt_cli" to ""\n'}
[44.908091] (mocap4r2_robot_gt) StdoutLine: {'line': b'-- Installing: /home/strain-drone/Documents/drone_position_hold/ros2_ws/src/install/mocap4r2_robot_gt/share/ament_index/resource_index/package_run_dependencies/mocap4r2_robot_gt\n'}
[44.908435] (mocap4r2_robot_gt) StdoutLine: {'line': b'-- Installing: /home/strain-drone/Documents/drone_position_hold/ros2_ws/src/install/mocap4r2_robot_gt/share/ament_index/resource_index/parent_prefix_path/mocap4r2_robot_gt\n'}
[44.908865] (mocap4r2_robot_gt) StdoutLine: {'line': b'-- Installing: /home/strain-drone/Documents/drone_position_hold/ros2_ws/src/install/mocap4r2_robot_gt/share/mocap4r2_robot_gt/environment/ament_prefix_path.sh\n'}
[44.909125] (mocap4r2_robot_gt) StdoutLine: {'line': b'-- Installing: /home/strain-drone/Documents/drone_position_hold/ros2_ws/src/install/mocap4r2_robot_gt/share/mocap4r2_robot_gt/environment/ament_prefix_path.dsv\n'}
[44.909820] (mocap4r2_robot_gt) StdoutLine: {'line': b'-- Installing: /home/strain-drone/Documents/drone_position_hold/ros2_ws/src/install/mocap4r2_robot_gt/share/mocap4r2_robot_gt/environment/path.sh\n'}
[44.911608] (mocap4r2_robot_gt) StdoutLine: {'line': b'-- Installing: /home/strain-drone/Documents/drone_position_hold/ros2_ws/src/install/mocap4r2_robot_gt/share/mocap4r2_robot_gt/environment/path.dsv\n'}
[44.914776] (mocap4r2_robot_gt) StdoutLine: {'line': b'-- Installing: /home/strain-drone/Documents/drone_position_hold/ros2_ws/src/install/mocap4r2_robot_gt/share/mocap4r2_robot_gt/local_setup.bash\n'}
[44.916533] (mocap4r2_robot_gt) StdoutLine: {'line': b'-- Installing: /home/strain-drone/Documents/drone_position_hold/ros2_ws/src/install/mocap4r2_robot_gt/share/mocap4r2_robot_gt/local_setup.sh\n'}
[44.917932] (mocap4r2_robot_gt) StdoutLine: {'line': b'-- Installing: /home/strain-drone/Documents/drone_position_hold/ros2_ws/src/install/mocap4r2_robot_gt/share/mocap4r2_robot_gt/local_setup.zsh\n'}
[44.918119] (mocap4r2_robot_gt) StdoutLine: {'line': b'-- Installing: /home/strain-drone/Documents/drone_position_hold/ros2_ws/src/install/mocap4r2_robot_gt/share/mocap4r2_robot_gt/local_setup.dsv\n'}
[44.918228] (mocap4r2_robot_gt) StdoutLine: {'line': b'-- Installing: /home/strain-drone/Documents/drone_position_hold/ros2_ws/src/install/mocap4r2_robot_gt/share/mocap4r2_robot_gt/package.dsv\n'}
[44.920501] (mocap4r2_robot_gt) StdoutLine: {'line': b'-- Installing: /home/strain-drone/Documents/drone_position_hold/ros2_ws/src/install/mocap4r2_robot_gt/share/ament_index/resource_index/packages/mocap4r2_robot_gt\n'}
[44.921148] (mocap4r2_robot_gt) StdoutLine: {'line': b'-- Installing: /home/strain-drone/Documents/drone_position_hold/ros2_ws/src/install/mocap4r2_robot_gt/share/ament_index/resource_index/rclcpp_components/mocap4r2_robot_gt\n'}
[44.921754] (mocap4r2_robot_gt) StdoutLine: {'line': b'-- Installing: /home/strain-drone/Documents/drone_position_hold/ros2_ws/src/install/mocap4r2_robot_gt/share/mocap4r2_robot_gt/cmake/mocap4r2_robot_gtConfig.cmake\n'}
[44.924605] (mocap4r2_robot_gt) StdoutLine: {'line': b'-- Installing: /home/strain-drone/Documents/drone_position_hold/ros2_ws/src/install/mocap4r2_robot_gt/share/mocap4r2_robot_gt/cmake/mocap4r2_robot_gtConfig-version.cmake\n'}
[44.925348] (mocap4r2_robot_gt) StdoutLine: {'line': b'-- Installing: /home/strain-drone/Documents/drone_position_hold/ros2_ws/src/install/mocap4r2_robot_gt/share/mocap4r2_robot_gt/package.xml\n'}
[44.926206] (mocap4r2_robot_gt) CommandEnded: {'returncode': 0}
[44.953053] (-) TimerEvent: {}
[44.998678] (mocap4r2_robot_gt) JobEnded: {'identifier': 'mocap4r2_robot_gt', 'rc': 0}
[45.002430] (rqt_mocap4r2_control) JobStarted: {'identifier': 'rqt_mocap4r2_control'}
[45.012745] (mocap4r2_vicon_driver) StdoutLine: {'line': b'-- Detecting CXX compiler ABI info - done\n'}
[45.021476] (mocap4r2_dummy_driver) StdoutLine: {'line': b'-- Found rmw_implementation_cmake: 7.3.2 (/opt/ros/jazzy/share/rmw_implementation_cmake/cmake)\n'}
[45.025449] (rqt_mocap4r2_control) JobProgress: {'identifier': 'rqt_mocap4r2_control', 'progress': 'cmake'}
[45.026138] (rqt_mocap4r2_control) Command: {'cmd': ['/usr/bin/cmake', '/home/strain-drone/Documents/drone_position_hold/ros2_ws/src/mocap4r2/mocap4r2_control/rqt_mocap4r2_control', '-DCMAKE_INSTALL_PREFIX=/home/strain-drone/Documents/drone_position_hold/ros2_ws/src/install/rqt_mocap4r2_control'], 'cwd': '/home/strain-drone/Documents/drone_position_hold/ros2_ws/src/build/rqt_mocap4r2_control', 'env': OrderedDict({'LESSOPEN': '| /usr/bin/lesspipe %s', 'USER': 'strain-drone', 'SSH_CLIENT': '100.125.10.128 53782 22', 'XDG_SESSION_TYPE': 'tty', 'GIT_ASKPASS': '/home/strain-drone/.vscode-server/cli/servers/Stable-b6a47e94e326b5c209d118cf0f994d6065585705/server/extensions/git/dist/askpass.sh', 'SHLVL': '2', 'LD_LIBRARY_PATH': '/home/strain-drone/Documents/drone_position_hold/ros2_ws/src/install/mocap4r2_control/lib:/home/strain-drone/Documents/drone_position_hold/ros2_ws/src/install/mocap4r2_control_msgs/lib:/opt/ros/jazzy/opt/rviz_ogre_vendor/lib:/opt/ros/jazzy/lib/aarch64-linux-gnu:/opt/ros/jazzy/opt/gz_math_vendor/lib:/opt/ros/jazzy/opt/gz_utils_vendor/lib:/opt/ros/jazzy/opt/gz_cmake_vendor/lib:/opt/ros/jazzy/lib:/home/strain-drone/Documents/drone_position_hold/ros2_ws/src/natnet_ros2/deps/NatNetSDK/lib:/home/strain-drone/Documents/drone_position_hold/ros2_ws/src/natnet_ros2/deps/NatNetSDK/lib', 'BROWSER': '/home/strain-drone/.vscode-server/cli/servers/Stable-b6a47e94e326b5c209d118cf0f994d6065585705/server/bin/helpers/browser.sh', 'HOME': '/home/strain-drone', 'TERM_PROGRAM_VERSION': '1.109.3', 'VSCODE_IPC_HOOK_CLI': '/run/user/1002/vscode-ipc-7f844f56-ced9-4e8e-9017-09603271f316.sock', 'ROS_PYTHON_VERSION': '3', 'VSCODE_GIT_ASKPASS_MAIN': '/home/strain-drone/.vscode-server/cli/servers/Stable-b6a47e94e326b5c209d118cf0f994d6065585705/server/extensions/git/dist/askpass-main.js', 'PS1': '\\[\x1b]633;A\x07\\]\\[\\e]0;\\u@\\h: \\w\\a\\]${debian_chroot:+($debian_chroot)}\\[\\033[01;32m\\]\\u@\\h\\[\\033[00m\\]:\\[\\033[01;34m\\]\\w\\[\\033[00m\\]\\$ \\[\x1b]633;B\x07\\]', 'VSCODE_GIT_ASKPASS_NODE': '/home/strain-drone/.vscode-server/cli/servers/Stable-b6a47e94e326b5c209d118cf0f994d6065585705/server/node', 'SSL_CERT_FILE': '/usr/lib/ssl/cert.pem', 'VSCODE_PYTHON_AUTOACTIVATE_GUARD': '1', 'DBUS_SESSION_BUS_ADDRESS': 'unix:path=/run/user/1002/bus', 'COLORTERM': 'truecolor', 'DEBUGINFOD_URLS': 'https://debuginfod.ubuntu.com', 'ROS_DISTRO': 'jazzy', 'LOGNAME': 'strain-drone', '_': '/usr/bin/colcon', 'ROS_VERSION': '2', 'XDG_SESSION_CLASS': 'user', 'TERM': 'xterm-256color', 'XDG_SESSION_ID': '12', 'PATH': '/home/strain-drone/.vscode-server/data/User/globalStorage/github.copilot-chat/debugCommand:/home/strain-drone/.vscode-server/data/User/globalStorage/github.copilot-chat/copilotCli:/home/strain-drone/.vscode-server/cli/servers/Stable-b6a47e94e326b5c209d118cf0f994d6065585705/server/bin/remote-cli:/usr/lib/ccache:/home/strain-drone/Documents/ardupilot/Tools/autotest:/opt/gcc-arm-none-eabi-10-2020-q4-major/bin:/home/strain-drone/venv-ardupilot/bin:/home/strain-drone/.local/bin:/opt/ros/jazzy/bin:/usr/lib/ccache:/home/strain-drone/Documents/ardupilot/Tools/autotest:/opt/gcc-arm-none-eabi-10-2020-q4-major/bin:/home/strain-drone/venv-ardupilot/bin:/home/strain-drone/.local/bin:/usr/local/sbin:/usr/local/bin:/usr/sbin:/usr/bin:/sbin:/bin:/usr/games:/usr/local/games:/snap/bin:/home/strain-drone/.local/bin:/home/strain-drone/.local/bin:/home/strain-drone/.local/bin:/home/strain-drone/.local/bin', 'XDG_RUNTIME_DIR': '/run/user/1002', 'SSL_CERT_DIR': '/usr/lib/ssl/certs', 'LANG': 'en_US.UTF-8', 'VIRTUAL_ENV_PROMPT': '(venv-ardupilot)', 'LS_COLORS': 'rs=0:di=01;34:ln=01;36:mh=00:pi=40;33:so=01;35:do=01;35:bd=40;33;01:cd=40;33;01:or=40;31;01:mi=00:su=37;41:sg=30;43:ca=00:tw=30;42:ow=34;42:st=37;44:ex=01;32:*.tar=01;31:*.tgz=01;31:*.arc=01;31:*.arj=01;31:*.taz=01;31:*.lha=01;31:*.lz4=01;31:*.lzh=01;31:*.lzma=01;31:*.tlz=01;31:*.txz=01;31:*.tzo=01;31:*.t7z=01;31:*.zip=01;31:*.z=01;31:*.dz=01;31:*.gz=01;31:*.lrz=01;31:*.lz=01;31:*.lzo=01;31:*.xz=01;31:*.zst=01;31:*.tzst=01;31:*.bz2=01;31:*.bz=01;31:*.tbz=01;31:*.tbz2=01;31:*.tz=01;31:*.deb=01;31:*.rpm=01;31:*.jar=01;31:*.war=01;31:*.ear=01;31:*.sar=01;31:*.rar=01;31:*.alz=01;31:*.ace=01;31:*.zoo=01;31:*.cpio=01;31:*.7z=01;31:*.rz=01;31:*.cab=01;31:*.wim=01;31:*.swm=01;31:*.dwm=01;31:*.esd=01;31:*.avif=01;35:*.jpg=01;35:*.jpeg=01;35:*.mjpg=01;35:*.mjpeg=01;35:*.gif=01;35:*.bmp=01;35:*.pbm=01;35:*.pgm=01;35:*.ppm=01;35:*.tga=01;35:*.xbm=01;35:*.xpm=01;35:*.tif=01;35:*.tiff=01;35:*.png=01;35:*.svg=01;35:*.svgz=01;35:*.mng=01;35:*.pcx=01;35:*.mov=01;35:*.mpg=01;35:*.mpeg=01;35:*.m2v=01;35:*.mkv=01;35:*.webm=01;35:*.webp=01;35:*.ogm=01;35:*.mp4=01;35:*.m4v=01;35:*.mp4v=01;35:*.vob=01;35:*.qt=01;35:*.nuv=01;35:*.wmv=01;35:*.asf=01;35:*.rm=01;35:*.rmvb=01;35:*.flc=01;35:*.avi=01;35:*.fli=01;35:*.flv=01;35:*.gl=01;35:*.dl=01;35:*.xcf=01;35:*.xwd=01;35:*.yuv=01;35:*.cgm=01;35:*.emf=01;35:*.ogv=01;35:*.ogx=01;35:*.aac=00;36:*.au=00;36:*.flac=00;36:*.m4a=00;36:*.mid=00;36:*.midi=00;36:*.mka=00;36:*.mp3=00;36:*.mpc=00;36:*.ogg=00;36:*.ra=00;36:*.wav=00;36:*.oga=00;36:*.opus=00;36:*.spx=00;36:*.xspf=00;36:*~=00;90:*#=00;90:*.bak=00;90:*.crdownload=00;90:*.dpkg-dist=00;90:*.dpkg-new=00;90:*.dpkg-old=00;90:*.dpkg-tmp=00;90:*.old=00;90:*.orig=00;90:*.part=00;90:*.rej=00;90:*.rpmnew=00;90:*.rpmorig=00;90:*.rpmsave=00;90:*.swp=00;90:*.tmp=00;90:*.ucf-dist=00;90:*.ucf-new=00;90:*.ucf-old=00;90:', 'VSCODE_GIT_IPC_HANDLE': '/run/user/1002/vscode-git-227cc40744.sock', 'TERM_PROGRAM': 'vscode', 'ROS_DOMAIN_ID': '1', 'AMENT_PREFIX_PATH': '/home/strain-drone/Documents/drone_position_hold/ros2_ws/src/install/mocap4r2_control:/home/strain-drone/Documents/drone_position_hold/ros2_ws/src/install/mocap4r2_control_msgs:/opt/ros/jazzy', 'SHELL': '/bin/bash', 'LESSCLOSE': '/usr/bin/lesspipe %s %s', 'VIRTUAL_ENV': '/home/strain-drone/venv-ardupilot', 'ROS_AUTOMATIC_DISCOVERY_RANGE': 'SUBNET', 'VSCODE_GIT_ASKPASS_EXTRA_ARGS': '', 'PWD': '/home/strain-drone/Documents/drone_position_hold/ros2_ws/src/build/rqt_mocap4r2_control', 'LC_ALL': 'en_US.UTF-8', 'SSH_CONNECTION': '100.125.10.128 53782 100.96.124.69 22', 'XDG_DATA_DIRS': '/usr/share/gnome:/usr/local/share:/usr/share:/var/lib/snapd/desktop', 'PYTHONPATH': '/home/strain-drone/Documents/drone_position_hold/ros2_ws/src/install/mocap4r2_control_msgs/lib/python3.12/site-packages:/opt/ros/jazzy/lib/python3.12/site-packages', 'COLCON': '1', 'CMAKE_PREFIX_PATH': '/home/strain-drone/Documents/drone_position_hold/ros2_ws/src/install/mocap4r2_control:/home/strain-drone/Documents/drone_position_hold/ros2_ws/src/install/mocap4r2_control_msgs:/opt/ros/jazzy/opt/gz_math_vendor:/opt/ros/jazzy/opt/gz_utils_vendor:/opt/ros/jazzy/opt/gz_cmake_vendor:/opt/ros/jazzy'}), 'shell': False}
[45.030222] (mocap4r2_dummy_driver) StdoutLine: {'line': b'-- Found rmw_fastrtps_cpp: 8.4.2 (/opt/ros/jazzy/share/rmw_fastrtps_cpp/cmake)\n'}
[45.034977] (mocap4r2_vicon_driver) StdoutLine: {'line': b'-- Check for working CXX compiler: /usr/lib/ccache/c++ - skipped\n'}
[45.035369] (mocap4r2_vicon_driver) StdoutLine: {'line': b'-- Detecting CXX compile features\n'}
[45.039525] (mocap4r2_vicon_driver) StdoutLine: {'line': b'-- Detecting CXX compile features - done\n'}
[45.048405] (mocap4r2_vicon_driver) StdoutLine: {'line': b'-- Found ament_cmake: 2.5.4 (/opt/ros/jazzy/share/ament_cmake/cmake)\n'}
[45.051361] (natnet_ros2) StdoutLine: {'line': b'[ 71%] Built target natnet_ros2__rosidl_typesupport_introspection_cpp\n'}
[45.055426] (-) TimerEvent: {}
[45.104245] (natnet_ros2) StdoutLine: {'line': b'[ 71%] Built target natnet_ros2\n'}
[45.155560] (-) TimerEvent: {}
[45.172685] (natnet_ros2) StdoutLine: {'line': b'[ 74%] \x1b[32mBuilding CXX object CMakeFiles/marker_poses_server.dir/src/marker_poses_server.cpp.o\x1b[0m\n'}
[45.173099] (natnet_ros2) StdoutLine: {'line': b'[ 76%] \x1b[34m\x1b[1mGenerating Python code for ROS interfaces\x1b[0m\n'}
[45.235368] (rqt_mocap4r2_control) StdoutLine: {'line': b'-- The C compiler identification is GNU 13.3.0\n'}
[45.240274] (natnet_ros2) StdoutLine: {'line': b'[ 79%] \x1b[32m\x1b[1mLinking CXX executable marker_poses_server\x1b[0m\n'}
[45.258527] (-) TimerEvent: {}
[45.294839] (mocap4r2_dummy_driver) StdoutLine: {'line': b'-- Found OpenSSL: /usr/lib/aarch64-linux-gnu/libcrypto.so (found version "3.0.13")  \n'}
[45.343474] (mocap4r2_dummy_driver) StdoutLine: {'line': b'-- Found FastRTPS: /opt/ros/jazzy/include (Required is at least version "2.13") \n'}
[45.358697] (-) TimerEvent: {}
[45.459528] (-) TimerEvent: {}
[45.466456] (mocap4r2_dummy_driver) StdoutLine: {'line': b"-- Using RMW implementation 'rmw_fastrtps_cpp' as default\n"}
[45.482933] (rqt_mocap4r2_control) StdoutLine: {'line': b'-- The CXX compiler identification is GNU 13.3.0\n'}
[45.540434] (mocap4r2_vicon_driver) StdoutLine: {'line': b'-- Found Python3: /home/strain-drone/venv-ardupilot/bin/python3 (found version "3.12.3") found components: Interpreter \n'}
[45.559722] (-) TimerEvent: {}
[45.631837] (rqt_mocap4r2_control) StdoutLine: {'line': b'-- Detecting C compiler ABI info\n'}
[45.659948] (-) TimerEvent: {}
[45.767534] (-) TimerEvent: {}
[45.817458] (mocap4r2_dummy_driver) StdoutLine: {'line': b'-- Found rclcpp_lifecycle: 28.1.9 (/opt/ros/jazzy/share/rclcpp_lifecycle/cmake)\n'}
[45.867781] (-) TimerEvent: {}
[45.906344] (mocap4r2_dummy_driver) StdoutLine: {'line': b'-- Found mocap4r2_msgs: 0.0.3 (/home/strain-drone/Documents/drone_position_hold/ros2_ws/src/install/mocap4r2_msgs/share/mocap4r2_msgs/cmake)\n'}
[45.968438] (-) TimerEvent: {}
[46.069422] (mocap4r2_dummy_driver) StdoutLine: {'line': b'-- Found mocap4r2_control: 0.0.7 (/home/strain-drone/Documents/drone_position_hold/ros2_ws/src/install/mocap4r2_control/share/mocap4r2_control/cmake)\n'}
[46.070181] (-) TimerEvent: {}
[46.099968] (mocap4r2_vicon_driver) StdoutLine: {'line': b'-- Found rclcpp: 28.1.9 (/opt/ros/jazzy/share/rclcpp/cmake)\n'}
[46.121632] (rqt_mocap4r2_control) StdoutLine: {'line': b'-- Detecting C compiler ABI info - done\n'}
[46.145814] (mocap4r2_dummy_driver) StdoutLine: {'line': b'-- Found ament_lint_auto: 0.17.2 (/opt/ros/jazzy/share/ament_lint_auto/cmake)\n'}
[46.150165] (rqt_mocap4r2_control) StdoutLine: {'line': b'-- Check for working C compiler: /usr/lib/ccache/cc - skipped\n'}
[46.150584] (rqt_mocap4r2_control) StdoutLine: {'line': b'-- Detecting C compile features\n'}
[46.153541] (rqt_mocap4r2_control) StdoutLine: {'line': b'-- Detecting C compile features - done\n'}
[46.170368] (-) TimerEvent: {}
[46.175931] (natnet_ros2) StdoutLine: {'line': b'[ 79%] Built target marker_poses_server\n'}
[46.185815] (rqt_mocap4r2_control) StdoutLine: {'line': b'-- Detecting CXX compiler ABI info\n'}
[46.213768] (mocap4r2_vicon_driver) StdoutLine: {'line': b'-- Found rosidl_generator_c: 4.6.5 (/opt/ros/jazzy/share/rosidl_generator_c/cmake)\n'}
[46.243054] (mocap4r2_vicon_driver) StdoutLine: {'line': b'-- Found rosidl_generator_cpp: 4.6.5 (/opt/ros/jazzy/share/rosidl_generator_cpp/cmake)\n'}
[46.271483] (-) TimerEvent: {}
[46.277199] (mocap4r2_vicon_driver) StdoutLine: {'line': b'-- Using all available rosidl_typesupport_c: rosidl_typesupport_fastrtps_c;rosidl_typesupport_introspection_c\n'}
[46.313114] (natnet_ros2) StdoutLine: {'line': b'[ 79%] Built target natnet_ros2__py\n'}
[46.318260] (mocap4r2_vicon_driver) StdoutLine: {'line': b'-- Using all available rosidl_typesupport_cpp: rosidl_typesupport_fastrtps_cpp;rosidl_typesupport_introspection_cpp\n'}
[46.359773] (natnet_ros2) StdoutLine: {'line': b'[ 82%] \x1b[32mBuilding C object CMakeFiles/natnet_ros2__rosidl_generator_py.dir/rosidl_generator_py/natnet_ros2/srv/_marker_poses_s.c.o\x1b[0m\n'}
[46.372436] (-) TimerEvent: {}
[46.400575] (natnet_ros2) StdoutLine: {'line': b'[ 84%] \x1b[32m\x1b[1mLinking C shared library libnatnet_ros2__rosidl_generator_py.so\x1b[0m\n'}
[46.432547] (rqt_mocap4r2_control) StdoutLine: {'line': b'-- Detecting CXX compiler ABI info - done\n'}
[46.457219] (rqt_mocap4r2_control) StdoutLine: {'line': b'-- Check for working CXX compiler: /usr/lib/ccache/c++ - skipped\n'}
[46.457516] (rqt_mocap4r2_control) StdoutLine: {'line': b'-- Detecting CXX compile features\n'}
[46.460128] (rqt_mocap4r2_control) StdoutLine: {'line': b'-- Detecting CXX compile features - done\n'}
[46.463808] (rqt_mocap4r2_control) StdoutLine: {'line': b'-- Found ament_cmake: 2.5.4 (/opt/ros/jazzy/share/ament_cmake/cmake)\n'}
[46.473633] (-) TimerEvent: {}
[46.478689] (mocap4r2_vicon_driver) StdoutLine: {'line': b'-- Found rmw_implementation_cmake: 7.3.2 (/opt/ros/jazzy/share/rmw_implementation_cmake/cmake)\n'}
[46.483352] (mocap4r2_vicon_driver) StdoutLine: {'line': b'-- Found rmw_fastrtps_cpp: 8.4.2 (/opt/ros/jazzy/share/rmw_fastrtps_cpp/cmake)\n'}
[46.508121] (mocap4r2_dummy_driver) StdoutLine: {'line': b"-- Added test 'copyright' to check source files copyright and LICENSE\n"}
[46.511737] (mocap4r2_dummy_driver) StdoutLine: {'line': b"-- Added test 'cppcheck' to perform static code analysis on C / C++ code\n"}
[46.513129] (mocap4r2_dummy_driver) StdoutLine: {'line': b'-- Configured cppcheck include dirs: /home/strain-drone/Documents/drone_position_hold/ros2_ws/src/mocap4r2/mocap4r2_dummy_driver/include\n'}
[46.513917] (mocap4r2_dummy_driver) StdoutLine: {'line': b'-- Configured cppcheck exclude dirs and/or files: \n'}
[46.517400] (mocap4r2_dummy_driver) StdoutLine: {'line': b"-- Added test 'cpplint' to check C / C++ code against the Google style\n"}
[46.518033] (mocap4r2_dummy_driver) StdoutLine: {'line': b'-- Configured cpplint exclude dirs and/or files: \n'}
[46.520378] (mocap4r2_dummy_driver) StdoutLine: {'line': b"-- Added test 'flake8' to check Python code syntax and style conventions\n"}
[46.520924] (mocap4r2_dummy_driver) StdoutLine: {'line': b"-- Configured 'flake8' exclude dirs and/or files: \n"}
[46.524470] (mocap4r2_dummy_driver) StdoutLine: {'line': b"-- Added test 'lint_cmake' to check CMake code style\n"}
[46.529086] (mocap4r2_dummy_driver) StdoutLine: {'line': b"-- Added test 'pep257' to check Python code against some of the docstring style conventions in PEP 257\n"}
[46.530371] (mocap4r2_dummy_driver) StdoutLine: {'line': b"-- Added test 'uncrustify' to check C / C++ code style\n"}
[46.530803] (mocap4r2_dummy_driver) StdoutLine: {'line': b'-- Configured uncrustify additional arguments: \n'}
[46.532907] (mocap4r2_dummy_driver) StdoutLine: {'line': b"-- Added test 'xmllint' to check XML markup files\n"}
[46.541574] (mocap4r2_dummy_driver) StdoutLine: {'line': b'-- Configuring done (5.5s)\n'}
[46.553847] (natnet_ros2) StdoutLine: {'line': b'[ 84%] Built target natnet_ros2__rosidl_generator_py\n'}
[46.577458] (-) TimerEvent: {}
[46.626735] (natnet_ros2) StdoutLine: {'line': b'[ 87%] \x1b[32mBuilding C object CMakeFiles/natnet_ros2_s__rosidl_typesupport_c.dir/rosidl_generator_py/natnet_ros2/_natnet_ros2_s.ep.rosidl_typesupport_c.c.o\x1b[0m\n'}
[46.631521] (natnet_ros2) StdoutLine: {'line': b'[ 89%] \x1b[32mBuilding C object CMakeFiles/natnet_ros2_s__rosidl_typesupport_fastrtps_c.dir/rosidl_generator_py/natnet_ros2/_natnet_ros2_s.ep.rosidl_typesupport_fastrtps_c.c.o\x1b[0m\n'}
[46.646245] (natnet_ros2) StdoutLine: {'line': b'[ 92%] \x1b[32mBuilding C object CMakeFiles/natnet_ros2_s__rosidl_typesupport_introspection_c.dir/rosidl_generator_py/natnet_ros2/_natnet_ros2_s.ep.rosidl_typesupport_introspection_c.c.o\x1b[0m\n'}
[46.651479] (mocap4r2_dummy_driver) StdoutLine: {'line': b'-- Generating done (0.1s)\n'}
[46.662811] (mocap4r2_dummy_driver) StdoutLine: {'line': b'-- Build files have been written to: /home/strain-drone/Documents/drone_position_hold/ros2_ws/src/build/mocap4r2_dummy_driver\n'}
[46.675853] (natnet_ros2) StdoutLine: {'line': b'[ 94%] \x1b[32m\x1b[1mLinking C shared module rosidl_generator_py/natnet_ros2/natnet_ros2_s__rosidl_typesupport_fastrtps_c.so\x1b[0m\n'}
[46.677608] (-) TimerEvent: {}
[46.696420] (natnet_ros2) StdoutLine: {'line': b'[ 97%] \x1b[32m\x1b[1mLinking C shared module rosidl_generator_py/natnet_ros2/natnet_ros2_s__rosidl_typesupport_c.so\x1b[0m\n'}
[46.703648] (mocap4r2_dummy_driver) CommandEnded: {'returncode': 0}
[46.709206] (mocap4r2_dummy_driver) JobProgress: {'identifier': 'mocap4r2_dummy_driver', 'progress': 'build'}
[46.709310] (mocap4r2_dummy_driver) Command: {'cmd': ['/usr/bin/cmake', '--build', '/home/strain-drone/Documents/drone_position_hold/ros2_ws/src/build/mocap4r2_dummy_driver', '--', '-j4', '-l4'], 'cwd': '/home/strain-drone/Documents/drone_position_hold/ros2_ws/src/build/mocap4r2_dummy_driver', 'env': OrderedDict({'LESSOPEN': '| /usr/bin/lesspipe %s', 'USER': 'strain-drone', 'SSH_CLIENT': '100.125.10.128 53782 22', 'XDG_SESSION_TYPE': 'tty', 'GIT_ASKPASS': '/home/strain-drone/.vscode-server/cli/servers/Stable-b6a47e94e326b5c209d118cf0f994d6065585705/server/extensions/git/dist/askpass.sh', 'SHLVL': '2', 'LD_LIBRARY_PATH': '/home/strain-drone/Documents/drone_position_hold/ros2_ws/src/install/mocap4r2_control/lib:/home/strain-drone/Documents/drone_position_hold/ros2_ws/src/install/mocap4r2_msgs/lib:/home/strain-drone/Documents/drone_position_hold/ros2_ws/src/install/mocap4r2_control_msgs/lib:/opt/ros/jazzy/opt/rviz_ogre_vendor/lib:/opt/ros/jazzy/lib/aarch64-linux-gnu:/opt/ros/jazzy/opt/gz_math_vendor/lib:/opt/ros/jazzy/opt/gz_utils_vendor/lib:/opt/ros/jazzy/opt/gz_cmake_vendor/lib:/opt/ros/jazzy/lib:/home/strain-drone/Documents/drone_position_hold/ros2_ws/src/natnet_ros2/deps/NatNetSDK/lib:/home/strain-drone/Documents/drone_position_hold/ros2_ws/src/natnet_ros2/deps/NatNetSDK/lib', 'BROWSER': '/home/strain-drone/.vscode-server/cli/servers/Stable-b6a47e94e326b5c209d118cf0f994d6065585705/server/bin/helpers/browser.sh', 'HOME': '/home/strain-drone', 'TERM_PROGRAM_VERSION': '1.109.3', 'VSCODE_IPC_HOOK_CLI': '/run/user/1002/vscode-ipc-7f844f56-ced9-4e8e-9017-09603271f316.sock', 'ROS_PYTHON_VERSION': '3', 'VSCODE_GIT_ASKPASS_MAIN': '/home/strain-drone/.vscode-server/cli/servers/Stable-b6a47e94e326b5c209d118cf0f994d6065585705/server/extensions/git/dist/askpass-main.js', 'PS1': '\\[\x1b]633;A\x07\\]\\[\\e]0;\\u@\\h: \\w\\a\\]${debian_chroot:+($debian_chroot)}\\[\\033[01;32m\\]\\u@\\h\\[\\033[00m\\]:\\[\\033[01;34m\\]\\w\\[\\033[00m\\]\\$ \\[\x1b]633;B\x07\\]', 'VSCODE_GIT_ASKPASS_NODE': '/home/strain-drone/.vscode-server/cli/servers/Stable-b6a47e94e326b5c209d118cf0f994d6065585705/server/node', 'SSL_CERT_FILE': '/usr/lib/ssl/cert.pem', 'VSCODE_PYTHON_AUTOACTIVATE_GUARD': '1', 'DBUS_SESSION_BUS_ADDRESS': 'unix:path=/run/user/1002/bus', 'COLORTERM': 'truecolor', 'DEBUGINFOD_URLS': 'https://debuginfod.ubuntu.com', 'ROS_DISTRO': 'jazzy', 'LOGNAME': 'strain-drone', '_': '/usr/bin/colcon', 'ROS_VERSION': '2', 'XDG_SESSION_CLASS': 'user', 'TERM': 'xterm-256color', 'XDG_SESSION_ID': '12', 'PATH': '/home/strain-drone/.vscode-server/data/User/globalStorage/github.copilot-chat/debugCommand:/home/strain-drone/.vscode-server/data/User/globalStorage/github.copilot-chat/copilotCli:/home/strain-drone/.vscode-server/cli/servers/Stable-b6a47e94e326b5c209d118cf0f994d6065585705/server/bin/remote-cli:/usr/lib/ccache:/home/strain-drone/Documents/ardupilot/Tools/autotest:/opt/gcc-arm-none-eabi-10-2020-q4-major/bin:/home/strain-drone/venv-ardupilot/bin:/home/strain-drone/.local/bin:/opt/ros/jazzy/bin:/usr/lib/ccache:/home/strain-drone/Documents/ardupilot/Tools/autotest:/opt/gcc-arm-none-eabi-10-2020-q4-major/bin:/home/strain-drone/venv-ardupilot/bin:/home/strain-drone/.local/bin:/usr/local/sbin:/usr/local/bin:/usr/sbin:/usr/bin:/sbin:/bin:/usr/games:/usr/local/games:/snap/bin:/home/strain-drone/.local/bin:/home/strain-drone/.local/bin:/home/strain-drone/.local/bin:/home/strain-drone/.local/bin', 'XDG_RUNTIME_DIR': '/run/user/1002', 'SSL_CERT_DIR': '/usr/lib/ssl/certs', 'LANG': 'en_US.UTF-8', 'VIRTUAL_ENV_PROMPT': '(venv-ardupilot)', 'LS_COLORS': 'rs=0:di=01;34:ln=01;36:mh=00:pi=40;33:so=01;35:do=01;35:bd=40;33;01:cd=40;33;01:or=40;31;01:mi=00:su=37;41:sg=30;43:ca=00:tw=30;42:ow=34;42:st=37;44:ex=01;32:*.tar=01;31:*.tgz=01;31:*.arc=01;31:*.arj=01;31:*.taz=01;31:*.lha=01;31:*.lz4=01;31:*.lzh=01;31:*.lzma=01;31:*.tlz=01;31:*.txz=01;31:*.tzo=01;31:*.t7z=01;31:*.zip=01;31:*.z=01;31:*.dz=01;31:*.gz=01;31:*.lrz=01;31:*.lz=01;31:*.lzo=01;31:*.xz=01;31:*.zst=01;31:*.tzst=01;31:*.bz2=01;31:*.bz=01;31:*.tbz=01;31:*.tbz2=01;31:*.tz=01;31:*.deb=01;31:*.rpm=01;31:*.jar=01;31:*.war=01;31:*.ear=01;31:*.sar=01;31:*.rar=01;31:*.alz=01;31:*.ace=01;31:*.zoo=01;31:*.cpio=01;31:*.7z=01;31:*.rz=01;31:*.cab=01;31:*.wim=01;31:*.swm=01;31:*.dwm=01;31:*.esd=01;31:*.avif=01;35:*.jpg=01;35:*.jpeg=01;35:*.mjpg=01;35:*.mjpeg=01;35:*.gif=01;35:*.bmp=01;35:*.pbm=01;35:*.pgm=01;35:*.ppm=01;35:*.tga=01;35:*.xbm=01;35:*.xpm=01;35:*.tif=01;35:*.tiff=01;35:*.png=01;35:*.svg=01;35:*.svgz=01;35:*.mng=01;35:*.pcx=01;35:*.mov=01;35:*.mpg=01;35:*.mpeg=01;35:*.m2v=01;35:*.mkv=01;35:*.webm=01;35:*.webp=01;35:*.ogm=01;35:*.mp4=01;35:*.m4v=01;35:*.mp4v=01;35:*.vob=01;35:*.qt=01;35:*.nuv=01;35:*.wmv=01;35:*.asf=01;35:*.rm=01;35:*.rmvb=01;35:*.flc=01;35:*.avi=01;35:*.fli=01;35:*.flv=01;35:*.gl=01;35:*.dl=01;35:*.xcf=01;35:*.xwd=01;35:*.yuv=01;35:*.cgm=01;35:*.emf=01;35:*.ogv=01;35:*.ogx=01;35:*.aac=00;36:*.au=00;36:*.flac=00;36:*.m4a=00;36:*.mid=00;36:*.midi=00;36:*.mka=00;36:*.mp3=00;36:*.mpc=00;36:*.ogg=00;36:*.ra=00;36:*.wav=00;36:*.oga=00;36:*.opus=00;36:*.spx=00;36:*.xspf=00;36:*~=00;90:*#=00;90:*.bak=00;90:*.crdownload=00;90:*.dpkg-dist=00;90:*.dpkg-new=00;90:*.dpkg-old=00;90:*.dpkg-tmp=00;90:*.old=00;90:*.orig=00;90:*.part=00;90:*.rej=00;90:*.rpmnew=00;90:*.rpmorig=00;90:*.rpmsave=00;90:*.swp=00;90:*.tmp=00;90:*.ucf-dist=00;90:*.ucf-new=00;90:*.ucf-old=00;90:', 'VSCODE_GIT_IPC_HANDLE': '/run/user/1002/vscode-git-227cc40744.sock', 'TERM_PROGRAM': 'vscode', 'ROS_DOMAIN_ID': '1', 'AMENT_PREFIX_PATH': '/home/strain-drone/Documents/drone_position_hold/ros2_ws/src/install/mocap4r2_control:/home/strain-drone/Documents/drone_position_hold/ros2_ws/src/install/mocap4r2_msgs:/home/strain-drone/Documents/drone_position_hold/ros2_ws/src/install/mocap4r2_control_msgs:/opt/ros/jazzy', 'SHELL': '/bin/bash', 'LESSCLOSE': '/usr/bin/lesspipe %s %s', 'VIRTUAL_ENV': '/home/strain-drone/venv-ardupilot', 'ROS_AUTOMATIC_DISCOVERY_RANGE': 'SUBNET', 'VSCODE_GIT_ASKPASS_EXTRA_ARGS': '', 'PWD': '/home/strain-drone/Documents/drone_position_hold/ros2_ws/src/build/mocap4r2_dummy_driver', 'LC_ALL': 'en_US.UTF-8', 'SSH_CONNECTION': '100.125.10.128 53782 100.96.124.69 22', 'XDG_DATA_DIRS': '/usr/share/gnome:/usr/local/share:/usr/share:/var/lib/snapd/desktop', 'PYTHONPATH': '/home/strain-drone/Documents/drone_position_hold/ros2_ws/src/install/mocap4r2_msgs/lib/python3.12/site-packages:/home/strain-drone/Documents/drone_position_hold/ros2_ws/src/install/mocap4r2_control_msgs/lib/python3.12/site-packages:/opt/ros/jazzy/lib/python3.12/site-packages', 'COLCON': '1', 'CMAKE_PREFIX_PATH': '/home/strain-drone/Documents/drone_position_hold/ros2_ws/src/install/mocap4r2_control:/home/strain-drone/Documents/drone_position_hold/ros2_ws/src/install/mocap4r2_msgs:/home/strain-drone/Documents/drone_position_hold/ros2_ws/src/install/mocap4r2_control_msgs:/opt/ros/jazzy/opt/gz_math_vendor:/opt/ros/jazzy/opt/gz_utils_vendor:/opt/ros/jazzy/opt/gz_cmake_vendor:/opt/ros/jazzy'}), 'shell': False}
[46.712836] (natnet_ros2) StdoutLine: {'line': b'[100%] \x1b[32m\x1b[1mLinking C shared module rosidl_generator_py/natnet_ros2/natnet_ros2_s__rosidl_typesupport_introspection_c.so\x1b[0m\n'}
[46.745115] (mocap4r2_vicon_driver) StdoutLine: {'line': b'-- Found OpenSSL: /usr/lib/aarch64-linux-gnu/libcrypto.so (found version "3.0.13")  \n'}
[46.777790] (-) TimerEvent: {}
[46.806981] (mocap4r2_vicon_driver) StdoutLine: {'line': b'-- Found FastRTPS: /opt/ros/jazzy/include (Required is at least version "2.13") \n'}
[46.829879] (natnet_ros2) StdoutLine: {'line': b'[100%] Built target natnet_ros2_s__rosidl_typesupport_fastrtps_c\n'}
[46.838542] (natnet_ros2) StdoutLine: {'line': b'[100%] Built target natnet_ros2_s__rosidl_typesupport_c\n'}
[46.845837] (natnet_ros2) StdoutLine: {'line': b'[100%] Built target natnet_ros2_s__rosidl_typesupport_introspection_c\n'}
[46.867604] (mocap4r2_vicon_driver) StdoutLine: {'line': b"-- Using RMW implementation 'rmw_fastrtps_cpp' as default\n"}
[46.877904] (-) TimerEvent: {}
[46.880913] (mocap4r2_dummy_driver) StdoutLine: {'line': b'[ 25%] \x1b[32mBuilding CXX object CMakeFiles/mocap4r2_dummy_driver.dir/src/mocap4r2_dummy_driver/mocap4r2_dummy_driver.cpp.o\x1b[0m\n'}
[46.887380] (natnet_ros2) CommandEnded: {'returncode': 0}
[46.887985] (natnet_ros2) JobProgress: {'identifier': 'natnet_ros2', 'progress': 'install'}
[46.888029] (natnet_ros2) Command: {'cmd': ['/usr/bin/cmake', '--install', '/home/strain-drone/Documents/drone_position_hold/ros2_ws/src/build/natnet_ros2'], 'cwd': '/home/strain-drone/Documents/drone_position_hold/ros2_ws/src/build/natnet_ros2', 'env': OrderedDict({'LESSOPEN': '| /usr/bin/lesspipe %s', 'USER': 'strain-drone', 'SSH_CLIENT': '100.125.10.128 53782 22', 'XDG_SESSION_TYPE': 'tty', 'GIT_ASKPASS': '/home/strain-drone/.vscode-server/cli/servers/Stable-b6a47e94e326b5c209d118cf0f994d6065585705/server/extensions/git/dist/askpass.sh', 'SHLVL': '2', 'LD_LIBRARY_PATH': '/opt/ros/jazzy/opt/rviz_ogre_vendor/lib:/opt/ros/jazzy/lib/aarch64-linux-gnu:/opt/ros/jazzy/opt/gz_math_vendor/lib:/opt/ros/jazzy/opt/gz_utils_vendor/lib:/opt/ros/jazzy/opt/gz_cmake_vendor/lib:/opt/ros/jazzy/lib:/home/strain-drone/Documents/drone_position_hold/ros2_ws/src/natnet_ros2/deps/NatNetSDK/lib:/home/strain-drone/Documents/drone_position_hold/ros2_ws/src/natnet_ros2/deps/NatNetSDK/lib', 'BROWSER': '/home/strain-drone/.vscode-server/cli/servers/Stable-b6a47e94e326b5c209d118cf0f994d6065585705/server/bin/helpers/browser.sh', 'HOME': '/home/strain-drone', 'TERM_PROGRAM_VERSION': '1.109.3', 'VSCODE_IPC_HOOK_CLI': '/run/user/1002/vscode-ipc-7f844f56-ced9-4e8e-9017-09603271f316.sock', 'ROS_PYTHON_VERSION': '3', 'VSCODE_GIT_ASKPASS_MAIN': '/home/strain-drone/.vscode-server/cli/servers/Stable-b6a47e94e326b5c209d118cf0f994d6065585705/server/extensions/git/dist/askpass-main.js', 'PS1': '\\[\x1b]633;A\x07\\]\\[\\e]0;\\u@\\h: \\w\\a\\]${debian_chroot:+($debian_chroot)}\\[\\033[01;32m\\]\\u@\\h\\[\\033[00m\\]:\\[\\033[01;34m\\]\\w\\[\\033[00m\\]\\$ \\[\x1b]633;B\x07\\]', 'VSCODE_GIT_ASKPASS_NODE': '/home/strain-drone/.vscode-server/cli/servers/Stable-b6a47e94e326b5c209d118cf0f994d6065585705/server/node', 'SSL_CERT_FILE': '/usr/lib/ssl/cert.pem', 'VSCODE_PYTHON_AUTOACTIVATE_GUARD': '1', 'DBUS_SESSION_BUS_ADDRESS': 'unix:path=/run/user/1002/bus', 'COLORTERM': 'truecolor', 'DEBUGINFOD_URLS': 'https://debuginfod.ubuntu.com', 'ROS_DISTRO': 'jazzy', 'LOGNAME': 'strain-drone', '_': '/usr/bin/colcon', 'ROS_VERSION': '2', 'XDG_SESSION_CLASS': 'user', 'TERM': 'xterm-256color', 'XDG_SESSION_ID': '12', 'PATH': '/home/strain-drone/.vscode-server/data/User/globalStorage/github.copilot-chat/debugCommand:/home/strain-drone/.vscode-server/data/User/globalStorage/github.copilot-chat/copilotCli:/home/strain-drone/.vscode-server/cli/servers/Stable-b6a47e94e326b5c209d118cf0f994d6065585705/server/bin/remote-cli:/usr/lib/ccache:/home/strain-drone/Documents/ardupilot/Tools/autotest:/opt/gcc-arm-none-eabi-10-2020-q4-major/bin:/home/strain-drone/venv-ardupilot/bin:/home/strain-drone/.local/bin:/opt/ros/jazzy/bin:/usr/lib/ccache:/home/strain-drone/Documents/ardupilot/Tools/autotest:/opt/gcc-arm-none-eabi-10-2020-q4-major/bin:/home/strain-drone/venv-ardupilot/bin:/home/strain-drone/.local/bin:/usr/local/sbin:/usr/local/bin:/usr/sbin:/usr/bin:/sbin:/bin:/usr/games:/usr/local/games:/snap/bin:/home/strain-drone/.local/bin:/home/strain-drone/.local/bin:/home/strain-drone/.local/bin:/home/strain-drone/.local/bin', 'XDG_RUNTIME_DIR': '/run/user/1002', 'SSL_CERT_DIR': '/usr/lib/ssl/certs', 'LANG': 'en_US.UTF-8', 'VIRTUAL_ENV_PROMPT': '(venv-ardupilot)', 'LS_COLORS': 'rs=0:di=01;34:ln=01;36:mh=00:pi=40;33:so=01;35:do=01;35:bd=40;33;01:cd=40;33;01:or=40;31;01:mi=00:su=37;41:sg=30;43:ca=00:tw=30;42:ow=34;42:st=37;44:ex=01;32:*.tar=01;31:*.tgz=01;31:*.arc=01;31:*.arj=01;31:*.taz=01;31:*.lha=01;31:*.lz4=01;31:*.lzh=01;31:*.lzma=01;31:*.tlz=01;31:*.txz=01;31:*.tzo=01;31:*.t7z=01;31:*.zip=01;31:*.z=01;31:*.dz=01;31:*.gz=01;31:*.lrz=01;31:*.lz=01;31:*.lzo=01;31:*.xz=01;31:*.zst=01;31:*.tzst=01;31:*.bz2=01;31:*.bz=01;31:*.tbz=01;31:*.tbz2=01;31:*.tz=01;31:*.deb=01;31:*.rpm=01;31:*.jar=01;31:*.war=01;31:*.ear=01;31:*.sar=01;31:*.rar=01;31:*.alz=01;31:*.ace=01;31:*.zoo=01;31:*.cpio=01;31:*.7z=01;31:*.rz=01;31:*.cab=01;31:*.wim=01;31:*.swm=01;31:*.dwm=01;31:*.esd=01;31:*.avif=01;35:*.jpg=01;35:*.jpeg=01;35:*.mjpg=01;35:*.mjpeg=01;35:*.gif=01;35:*.bmp=01;35:*.pbm=01;35:*.pgm=01;35:*.ppm=01;35:*.tga=01;35:*.xbm=01;35:*.xpm=01;35:*.tif=01;35:*.tiff=01;35:*.png=01;35:*.svg=01;35:*.svgz=01;35:*.mng=01;35:*.pcx=01;35:*.mov=01;35:*.mpg=01;35:*.mpeg=01;35:*.m2v=01;35:*.mkv=01;35:*.webm=01;35:*.webp=01;35:*.ogm=01;35:*.mp4=01;35:*.m4v=01;35:*.mp4v=01;35:*.vob=01;35:*.qt=01;35:*.nuv=01;35:*.wmv=01;35:*.asf=01;35:*.rm=01;35:*.rmvb=01;35:*.flc=01;35:*.avi=01;35:*.fli=01;35:*.flv=01;35:*.gl=01;35:*.dl=01;35:*.xcf=01;35:*.xwd=01;35:*.yuv=01;35:*.cgm=01;35:*.emf=01;35:*.ogv=01;35:*.ogx=01;35:*.aac=00;36:*.au=00;36:*.flac=00;36:*.m4a=00;36:*.mid=00;36:*.midi=00;36:*.mka=00;36:*.mp3=00;36:*.mpc=00;36:*.ogg=00;36:*.ra=00;36:*.wav=00;36:*.oga=00;36:*.opus=00;36:*.spx=00;36:*.xspf=00;36:*~=00;90:*#=00;90:*.bak=00;90:*.crdownload=00;90:*.dpkg-dist=00;90:*.dpkg-new=00;90:*.dpkg-old=00;90:*.dpkg-tmp=00;90:*.old=00;90:*.orig=00;90:*.part=00;90:*.rej=00;90:*.rpmnew=00;90:*.rpmorig=00;90:*.rpmsave=00;90:*.swp=00;90:*.tmp=00;90:*.ucf-dist=00;90:*.ucf-new=00;90:*.ucf-old=00;90:', 'VSCODE_GIT_IPC_HANDLE': '/run/user/1002/vscode-git-227cc40744.sock', 'TERM_PROGRAM': 'vscode', 'ROS_DOMAIN_ID': '1', 'AMENT_PREFIX_PATH': '/opt/ros/jazzy', 'SHELL': '/bin/bash', 'LESSCLOSE': '/usr/bin/lesspipe %s %s', 'VIRTUAL_ENV': '/home/strain-drone/venv-ardupilot', 'ROS_AUTOMATIC_DISCOVERY_RANGE': 'SUBNET', 'VSCODE_GIT_ASKPASS_EXTRA_ARGS': '', 'PWD': '/home/strain-drone/Documents/drone_position_hold/ros2_ws/src/build/natnet_ros2', 'LC_ALL': 'en_US.UTF-8', 'SSH_CONNECTION': '100.125.10.128 53782 100.96.124.69 22', 'XDG_DATA_DIRS': '/usr/share/gnome:/usr/local/share:/usr/share:/var/lib/snapd/desktop', 'PYTHONPATH': '/opt/ros/jazzy/lib/python3.12/site-packages', 'COLCON': '1', 'CMAKE_PREFIX_PATH': '/opt/ros/jazzy/opt/gz_math_vendor:/opt/ros/jazzy/opt/gz_utils_vendor:/opt/ros/jazzy/opt/gz_cmake_vendor:/opt/ros/jazzy'}), 'shell': False}
[46.909766] (rqt_mocap4r2_control) StdoutLine: {'line': b'-- Found Python3: /home/strain-drone/venv-ardupilot/bin/python3 (found version "3.12.3") found components: Interpreter \n'}
[46.916685] (natnet_ros2) StdoutLine: {'line': b'-- Install configuration: ""\n'}
[46.917291] (natnet_ros2) StdoutLine: {'line': b'-- Installing: /home/strain-drone/Documents/drone_position_hold/ros2_ws/src/install/natnet_ros2/share/ament_index/resource_index/rosidl_interfaces/natnet_ros2\n'}
[46.918282] (natnet_ros2) StdoutLine: {'line': b'-- Installing: /home/strain-drone/Documents/drone_position_hold/ros2_ws/src/install/natnet_ros2/share/natnet_ros2/srv/MarkerPoses.json\n'}
[46.920469] (natnet_ros2) StdoutLine: {'line': b'-- Installing: /home/strain-drone/Documents/drone_position_hold/ros2_ws/src/install/natnet_ros2/include/natnet_ros2/natnet_ros2\n'}
[46.920743] (natnet_ros2) StdoutLine: {'line': b'-- Installing: /home/strain-drone/Documents/drone_position_hold/ros2_ws/src/install/natnet_ros2/include/natnet_ros2/natnet_ros2/srv\n'}
[46.920848] (natnet_ros2) StdoutLine: {'line': b'-- Installing: /home/strain-drone/Documents/drone_position_hold/ros2_ws/src/install/natnet_ros2/include/natnet_ros2/natnet_ros2/srv/detail\n'}
[46.920947] (natnet_ros2) StdoutLine: {'line': b'-- Installing: /home/strain-drone/Documents/drone_position_hold/ros2_ws/src/install/natnet_ros2/include/natnet_ros2/natnet_ros2/srv/detail/marker_poses__functions.h\n'}
[46.921222] (natnet_ros2) StdoutLine: {'line': b'-- Installing: /home/strain-drone/Documents/drone_position_hold/ros2_ws/src/install/natnet_ros2/include/natnet_ros2/natnet_ros2/srv/detail/marker_poses__type_support.h\n'}
[46.921454] (natnet_ros2) StdoutLine: {'line': b'-- Installing: /home/strain-drone/Documents/drone_position_hold/ros2_ws/src/install/natnet_ros2/include/natnet_ros2/natnet_ros2/srv/detail/marker_poses__description.c\n'}
[46.921591] (natnet_ros2) StdoutLine: {'line': b'-- Installing: /home/strain-drone/Documents/drone_position_hold/ros2_ws/src/install/natnet_ros2/include/natnet_ros2/natnet_ros2/srv/detail/marker_poses__type_support.c\n'}
[46.921705] (natnet_ros2) StdoutLine: {'line': b'-- Installing: /home/strain-drone/Documents/drone_position_hold/ros2_ws/src/install/natnet_ros2/include/natnet_ros2/natnet_ros2/srv/detail/marker_poses__struct.h\n'}
[46.921801] (natnet_ros2) StdoutLine: {'line': b'-- Installing: /home/strain-drone/Documents/drone_position_hold/ros2_ws/src/install/natnet_ros2/include/natnet_ros2/natnet_ros2/srv/detail/marker_poses__functions.c\n'}
[46.921884] (natnet_ros2) StdoutLine: {'line': b'-- Installing: /home/strain-drone/Documents/drone_position_hold/ros2_ws/src/install/natnet_ros2/include/natnet_ros2/natnet_ros2/srv/marker_poses.h\n'}
[46.922005] (natnet_ros2) StdoutLine: {'line': b'-- Installing: /home/strain-drone/Documents/drone_position_hold/ros2_ws/src/install/natnet_ros2/include/natnet_ros2/natnet_ros2/msg\n'}
[46.922285] (natnet_ros2) StdoutLine: {'line': b'-- Installing: /home/strain-drone/Documents/drone_position_hold/ros2_ws/src/install/natnet_ros2/include/natnet_ros2/natnet_ros2/msg/rosidl_generator_c__visibility_control.h\n'}
[46.922436] (natnet_ros2) StdoutLine: {'line': b'-- Installing: /home/strain-drone/Documents/drone_position_hold/ros2_ws/src/install/natnet_ros2/share/natnet_ros2/environment/library_path.sh\n'}
[46.922557] (natnet_ros2) StdoutLine: {'line': b'-- Installing: /home/strain-drone/Documents/drone_position_hold/ros2_ws/src/install/natnet_ros2/share/natnet_ros2/environment/library_path.dsv\n'}
[46.922660] (natnet_ros2) StdoutLine: {'line': b'-- Installing: /home/strain-drone/Documents/drone_position_hold/ros2_ws/src/install/natnet_ros2/lib/libnatnet_ros2__rosidl_generator_c.so\n'}
[46.926563] (natnet_ros2) StdoutLine: {'line': b'-- Set non-toolchain portion of runtime path of "/home/strain-drone/Documents/drone_position_hold/ros2_ws/src/install/natnet_ros2/lib/libnatnet_ros2__rosidl_generator_c.so" to ""\n'}
[46.926950] (natnet_ros2) StdoutLine: {'line': b'-- Up-to-date: /home/strain-drone/Documents/drone_position_hold/ros2_ws/src/install/natnet_ros2/include/natnet_ros2/natnet_ros2\n'}
[46.927107] (natnet_ros2) StdoutLine: {'line': b'-- Up-to-date: /home/strain-drone/Documents/drone_position_hold/ros2_ws/src/install/natnet_ros2/include/natnet_ros2/natnet_ros2/srv\n'}
[46.927223] (natnet_ros2) StdoutLine: {'line': b'-- Up-to-date: /home/strain-drone/Documents/drone_position_hold/ros2_ws/src/install/natnet_ros2/include/natnet_ros2/natnet_ros2/srv/detail\n'}
[46.927344] (natnet_ros2) StdoutLine: {'line': b'-- Installing: /home/strain-drone/Documents/drone_position_hold/ros2_ws/src/install/natnet_ros2/include/natnet_ros2/natnet_ros2/srv/detail/marker_poses__rosidl_typesupport_fastrtps_c.h\n'}
[46.927481] (natnet_ros2) StdoutLine: {'line': b'-- Up-to-date: /home/strain-drone/Documents/drone_position_hold/ros2_ws/src/install/natnet_ros2/include/natnet_ros2/natnet_ros2/msg\n'}
[46.927577] (natnet_ros2) StdoutLine: {'line': b'-- Installing: /home/strain-drone/Documents/drone_position_hold/ros2_ws/src/install/natnet_ros2/include/natnet_ros2/natnet_ros2/msg/rosidl_typesupport_fastrtps_c__visibility_control.h\n'}
[46.927676] (natnet_ros2) StdoutLine: {'line': b'-- Installing: /home/strain-drone/Documents/drone_position_hold/ros2_ws/src/install/natnet_ros2/lib/libnatnet_ros2__rosidl_typesupport_fastrtps_c.so\n'}
[46.927778] (natnet_ros2) StdoutLine: {'line': b'-- Set non-toolchain portion of runtime path of "/home/strain-drone/Documents/drone_position_hold/ros2_ws/src/install/natnet_ros2/lib/libnatnet_ros2__rosidl_typesupport_fastrtps_c.so" to ""\n'}
[46.927884] (natnet_ros2) StdoutLine: {'line': b'-- Up-to-date: /home/strain-drone/Documents/drone_position_hold/ros2_ws/src/install/natnet_ros2/include/natnet_ros2/natnet_ros2\n'}
[46.927982] (natnet_ros2) StdoutLine: {'line': b'-- Up-to-date: /home/strain-drone/Documents/drone_position_hold/ros2_ws/src/install/natnet_ros2/include/natnet_ros2/natnet_ros2/srv\n'}
[46.928077] (natnet_ros2) StdoutLine: {'line': b'-- Up-to-date: /home/strain-drone/Documents/drone_position_hold/ros2_ws/src/install/natnet_ros2/include/natnet_ros2/natnet_ros2/srv/detail\n'}
[46.928171] (natnet_ros2) StdoutLine: {'line': b'-- Installing: /home/strain-drone/Documents/drone_position_hold/ros2_ws/src/install/natnet_ros2/include/natnet_ros2/natnet_ros2/srv/detail/marker_poses__struct.hpp\n'}
[46.928414] (natnet_ros2) StdoutLine: {'line': b'-- Installing: /home/strain-drone/Documents/drone_position_hold/ros2_ws/src/install/natnet_ros2/include/natnet_ros2/natnet_ros2/srv/detail/marker_poses__type_support.hpp\n'}
[46.928590] (natnet_ros2) StdoutLine: {'line': b'-- Installing: /home/strain-drone/Documents/drone_position_hold/ros2_ws/src/install/natnet_ros2/include/natnet_ros2/natnet_ros2/srv/detail/marker_poses__builder.hpp\n'}
[46.928701] (natnet_ros2) StdoutLine: {'line': b'-- Installing: /home/strain-drone/Documents/drone_position_hold/ros2_ws/src/install/natnet_ros2/include/natnet_ros2/natnet_ros2/srv/detail/marker_poses__traits.hpp\n'}
[46.928818] (natnet_ros2) StdoutLine: {'line': b'-- Installing: /home/strain-drone/Documents/drone_position_hold/ros2_ws/src/install/natnet_ros2/include/natnet_ros2/natnet_ros2/srv/marker_poses.hpp\n'}
[46.928998] (natnet_ros2) StdoutLine: {'line': b'-- Up-to-date: /home/strain-drone/Documents/drone_position_hold/ros2_ws/src/install/natnet_ros2/include/natnet_ros2/natnet_ros2/msg\n'}
[46.929144] (natnet_ros2) StdoutLine: {'line': b'-- Installing: /home/strain-drone/Documents/drone_position_hold/ros2_ws/src/install/natnet_ros2/include/natnet_ros2/natnet_ros2/msg/rosidl_generator_cpp__visibility_control.hpp\n'}
[46.929257] (natnet_ros2) StdoutLine: {'line': b'-- Up-to-date: /home/strain-drone/Documents/drone_position_hold/ros2_ws/src/install/natnet_ros2/include/natnet_ros2/natnet_ros2\n'}
[46.929529] (natnet_ros2) StdoutLine: {'line': b'-- Up-to-date: /home/strain-drone/Documents/drone_position_hold/ros2_ws/src/install/natnet_ros2/include/natnet_ros2/natnet_ros2/srv\n'}
[46.929666] (natnet_ros2) StdoutLine: {'line': b'-- Up-to-date: /home/strain-drone/Documents/drone_position_hold/ros2_ws/src/install/natnet_ros2/include/natnet_ros2/natnet_ros2/srv/detail\n'}
[46.929789] (natnet_ros2) StdoutLine: {'line': b'-- Installing: /home/strain-drone/Documents/drone_position_hold/ros2_ws/src/install/natnet_ros2/include/natnet_ros2/natnet_ros2/srv/detail/dds_fastrtps\n'}
[46.929899] (natnet_ros2) StdoutLine: {'line': b'-- Installing: /home/strain-drone/Documents/drone_position_hold/ros2_ws/src/install/natnet_ros2/include/natnet_ros2/natnet_ros2/srv/detail/marker_poses__rosidl_typesupport_fastrtps_cpp.hpp\n'}
[46.930012] (natnet_ros2) StdoutLine: {'line': b'-- Up-to-date: /home/strain-drone/Documents/drone_position_hold/ros2_ws/src/install/natnet_ros2/include/natnet_ros2/natnet_ros2/msg\n'}
[46.930114] (natnet_ros2) StdoutLine: {'line': b'-- Installing: /home/strain-drone/Documents/drone_position_hold/ros2_ws/src/install/natnet_ros2/include/natnet_ros2/natnet_ros2/msg/rosidl_typesupport_fastrtps_cpp__visibility_control.h\n'}
[46.930229] (natnet_ros2) StdoutLine: {'line': b'-- Installing: /home/strain-drone/Documents/drone_position_hold/ros2_ws/src/install/natnet_ros2/lib/libnatnet_ros2__rosidl_typesupport_fastrtps_cpp.so\n'}
[46.931773] (natnet_ros2) StdoutLine: {'line': b'-- Set non-toolchain portion of runtime path of "/home/strain-drone/Documents/drone_position_hold/ros2_ws/src/install/natnet_ros2/lib/libnatnet_ros2__rosidl_typesupport_fastrtps_cpp.so" to ""\n'}
[46.932149] (natnet_ros2) StdoutLine: {'line': b'-- Up-to-date: /home/strain-drone/Documents/drone_position_hold/ros2_ws/src/install/natnet_ros2/include/natnet_ros2/natnet_ros2\n'}
[46.932406] (mocap4r2_dummy_driver) StdoutLine: {'line': b'[ 50%] \x1b[32m\x1b[1mLinking CXX static library libmocap4r2_dummy_driver.a\x1b[0m\n'}
[46.932606] (natnet_ros2) StdoutLine: {'line': b'-- Up-to-date: /home/strain-drone/Documents/drone_position_hold/ros2_ws/src/install/natnet_ros2/include/natnet_ros2/natnet_ros2/srv\n'}
[46.933508] (natnet_ros2) StdoutLine: {'line': b'-- Up-to-date: /home/strain-drone/Documents/drone_position_hold/ros2_ws/src/install/natnet_ros2/include/natnet_ros2/natnet_ros2/srv/detail\n'}
[46.933647] (natnet_ros2) StdoutLine: {'line': b'-- Installing: /home/strain-drone/Documents/drone_position_hold/ros2_ws/src/install/natnet_ros2/include/natnet_ros2/natnet_ros2/srv/detail/marker_poses__rosidl_typesupport_introspection_c.h\n'}
[46.933759] (natnet_ros2) StdoutLine: {'line': b'-- Installing: /home/strain-drone/Documents/drone_position_hold/ros2_ws/src/install/natnet_ros2/include/natnet_ros2/natnet_ros2/srv/detail/marker_poses__type_support.c\n'}
[46.933874] (natnet_ros2) StdoutLine: {'line': b'-- Up-to-date: /home/strain-drone/Documents/drone_position_hold/ros2_ws/src/install/natnet_ros2/include/natnet_ros2/natnet_ros2/msg\n'}
[46.933971] (natnet_ros2) StdoutLine: {'line': b'-- Installing: /home/strain-drone/Documents/drone_position_hold/ros2_ws/src/install/natnet_ros2/include/natnet_ros2/natnet_ros2/msg/rosidl_typesupport_introspection_c__visibility_control.h\n'}
[46.934077] (natnet_ros2) StdoutLine: {'line': b'-- Installing: /home/strain-drone/Documents/drone_position_hold/ros2_ws/src/install/natnet_ros2/lib/libnatnet_ros2__rosidl_typesupport_introspection_c.so\n'}
[46.935674] (natnet_ros2) StdoutLine: {'line': b'-- Set non-toolchain portion of runtime path of "/home/strain-drone/Documents/drone_position_hold/ros2_ws/src/install/natnet_ros2/lib/libnatnet_ros2__rosidl_typesupport_introspection_c.so" to ""\n'}
[46.935848] (natnet_ros2) StdoutLine: {'line': b'-- Installing: /home/strain-drone/Documents/drone_position_hold/ros2_ws/src/install/natnet_ros2/lib/libnatnet_ros2__rosidl_typesupport_c.so\n'}
[46.936212] (natnet_ros2) StdoutLine: {'line': b'-- Set non-toolchain portion of runtime path of "/home/strain-drone/Documents/drone_position_hold/ros2_ws/src/install/natnet_ros2/lib/libnatnet_ros2__rosidl_typesupport_c.so" to ""\n'}
[46.937000] (natnet_ros2) StdoutLine: {'line': b'-- Up-to-date: /home/strain-drone/Documents/drone_position_hold/ros2_ws/src/install/natnet_ros2/include/natnet_ros2/natnet_ros2\n'}
[46.937268] (natnet_ros2) StdoutLine: {'line': b'-- Up-to-date: /home/strain-drone/Documents/drone_position_hold/ros2_ws/src/install/natnet_ros2/include/natnet_ros2/natnet_ros2/srv\n'}
[46.937443] (natnet_ros2) StdoutLine: {'line': b'-- Up-to-date: /home/strain-drone/Documents/drone_position_hold/ros2_ws/src/install/natnet_ros2/include/natnet_ros2/natnet_ros2/srv/detail\n'}
[46.937569] (natnet_ros2) StdoutLine: {'line': b'-- Installing: /home/strain-drone/Documents/drone_position_hold/ros2_ws/src/install/natnet_ros2/include/natnet_ros2/natnet_ros2/srv/detail/marker_poses__rosidl_typesupport_introspection_cpp.hpp\n'}
[46.937730] (natnet_ros2) StdoutLine: {'line': b'-- Installing: /home/strain-drone/Documents/drone_position_hold/ros2_ws/src/install/natnet_ros2/include/natnet_ros2/natnet_ros2/srv/detail/marker_poses__type_support.cpp\n'}
[46.937927] (natnet_ros2) StdoutLine: {'line': b'-- Installing: /home/strain-drone/Documents/drone_position_hold/ros2_ws/src/install/natnet_ros2/lib/libnatnet_ros2__rosidl_typesupport_introspection_cpp.so\n'}
[46.939509] (natnet_ros2) StdoutLine: {'line': b'-- Set non-toolchain portion of runtime path of "/home/strain-drone/Documents/drone_position_hold/ros2_ws/src/install/natnet_ros2/lib/libnatnet_ros2__rosidl_typesupport_introspection_cpp.so" to ""\n'}
[46.940147] (natnet_ros2) StdoutLine: {'line': b'-- Installing: /home/strain-drone/Documents/drone_position_hold/ros2_ws/src/install/natnet_ros2/lib/libnatnet_ros2__rosidl_typesupport_cpp.so\n'}
[46.941747] (natnet_ros2) StdoutLine: {'line': b'-- Set non-toolchain portion of runtime path of "/home/strain-drone/Documents/drone_position_hold/ros2_ws/src/install/natnet_ros2/lib/libnatnet_ros2__rosidl_typesupport_cpp.so" to ""\n'}
[46.943588] (natnet_ros2) StdoutLine: {'line': b'-- Installing: /home/strain-drone/Documents/drone_position_hold/ros2_ws/src/install/natnet_ros2/share/natnet_ros2/environment/pythonpath.sh\n'}
[46.943951] (natnet_ros2) StdoutLine: {'line': b'-- Installing: /home/strain-drone/Documents/drone_position_hold/ros2_ws/src/install/natnet_ros2/share/natnet_ros2/environment/pythonpath.dsv\n'}
[46.944102] (natnet_ros2) StdoutLine: {'line': b'-- Installing: /home/strain-drone/Documents/drone_position_hold/ros2_ws/src/install/natnet_ros2/lib/python3.12/site-packages/natnet_ros2-1.0.0-py3.12.egg-info\n'}
[46.944311] (natnet_ros2) StdoutLine: {'line': b'-- Installing: /home/strain-drone/Documents/drone_position_hold/ros2_ws/src/install/natnet_ros2/lib/python3.12/site-packages/natnet_ros2-1.0.0-py3.12.egg-info/dependency_links.txt\n'}
[46.947456] (natnet_ros2) StdoutLine: {'line': b'-- Installing: /home/strain-drone/Documents/drone_position_hold/ros2_ws/src/install/natnet_ros2/lib/python3.12/site-packages/natnet_ros2-1.0.0-py3.12.egg-info/PKG-INFO\n'}
[46.947742] (natnet_ros2) StdoutLine: {'line': b'-- Installing: /home/strain-drone/Documents/drone_position_hold/ros2_ws/src/install/natnet_ros2/lib/python3.12/site-packages/natnet_ros2-1.0.0-py3.12.egg-info/top_level.txt\n'}
[46.947996] (natnet_ros2) StdoutLine: {'line': b'-- Installing: /home/strain-drone/Documents/drone_position_hold/ros2_ws/src/install/natnet_ros2/lib/python3.12/site-packages/natnet_ros2-1.0.0-py3.12.egg-info/SOURCES.txt\n'}
[46.948178] (natnet_ros2) StdoutLine: {'line': b'-- Installing: /home/strain-drone/Documents/drone_position_hold/ros2_ws/src/install/natnet_ros2/lib/python3.12/site-packages/natnet_ros2\n'}
[46.948401] (natnet_ros2) StdoutLine: {'line': b'-- Installing: /home/strain-drone/Documents/drone_position_hold/ros2_ws/src/install/natnet_ros2/lib/python3.12/site-packages/natnet_ros2/_natnet_ros2_s.ep.rosidl_typesupport_introspection_c.c\n'}
[46.948547] (natnet_ros2) StdoutLine: {'line': b'-- Installing: /home/strain-drone/Documents/drone_position_hold/ros2_ws/src/install/natnet_ros2/lib/python3.12/site-packages/natnet_ros2/_natnet_ros2_s.ep.rosidl_typesupport_c.c\n'}
[46.948651] (natnet_ros2) StdoutLine: {'line': b'-- Installing: /home/strain-drone/Documents/drone_position_hold/ros2_ws/src/install/natnet_ros2/lib/python3.12/site-packages/natnet_ros2/srv\n'}
[46.948772] (natnet_ros2) StdoutLine: {'line': b'-- Installing: /home/strain-drone/Documents/drone_position_hold/ros2_ws/src/install/natnet_ros2/lib/python3.12/site-packages/natnet_ros2/srv/_marker_poses.py\n'}
[46.948973] (natnet_ros2) StdoutLine: {'line': b'-- Installing: /home/strain-drone/Documents/drone_position_hold/ros2_ws/src/install/natnet_ros2/lib/python3.12/site-packages/natnet_ros2/srv/_marker_poses_s.c\n'}
[46.950111] (natnet_ros2) StdoutLine: {'line': b'-- Installing: /home/strain-drone/Documents/drone_position_hold/ros2_ws/src/install/natnet_ros2/lib/python3.12/site-packages/natnet_ros2/srv/__init__.py\n'}
[46.952743] (natnet_ros2) StdoutLine: {'line': b'-- Installing: /home/strain-drone/Documents/drone_position_hold/ros2_ws/src/install/natnet_ros2/lib/python3.12/site-packages/natnet_ros2/natnet_ros2_s__rosidl_typesupport_fastrtps_c.so\n'}
[46.955510] (natnet_ros2) StdoutLine: {'line': b'-- Installing: /home/strain-drone/Documents/drone_position_hold/ros2_ws/src/install/natnet_ros2/lib/python3.12/site-packages/natnet_ros2/natnet_ros2_s__rosidl_typesupport_c.so\n'}
[46.956101] (natnet_ros2) StdoutLine: {'line': b'-- Installing: /home/strain-drone/Documents/drone_position_hold/ros2_ws/src/install/natnet_ros2/lib/python3.12/site-packages/natnet_ros2/__init__.py\n'}
[46.956458] (natnet_ros2) StdoutLine: {'line': b'-- Installing: /home/strain-drone/Documents/drone_position_hold/ros2_ws/src/install/natnet_ros2/lib/python3.12/site-packages/natnet_ros2/_natnet_ros2_s.ep.rosidl_typesupport_fastrtps_c.c\n'}
[46.956674] (natnet_ros2) StdoutLine: {'line': b'-- Installing: /home/strain-drone/Documents/drone_position_hold/ros2_ws/src/install/natnet_ros2/lib/python3.12/site-packages/natnet_ros2/natnet_ros2_s__rosidl_typesupport_introspection_c.so\n'}
[46.979435] (-) TimerEvent: {}
[47.030724] (mocap4r2_vicon_driver) StdoutLine: {'line': b'-- Found rclcpp_lifecycle: 28.1.9 (/opt/ros/jazzy/share/rclcpp_lifecycle/cmake)\n'}
[47.076454] (natnet_ros2) StdoutLine: {'line': b"Listing '/home/strain-drone/Documents/drone_position_hold/ros2_ws/src/install/natnet_ros2/lib/python3.12/site-packages/natnet_ros2'...\n"}
[47.076841] (natnet_ros2) StdoutLine: {'line': b"Compiling '/home/strain-drone/Documents/drone_position_hold/ros2_ws/src/install/natnet_ros2/lib/python3.12/site-packages/natnet_ros2/__init__.py'...\n"}
[47.076989] (natnet_ros2) StdoutLine: {'line': b"Listing '/home/strain-drone/Documents/drone_position_hold/ros2_ws/src/install/natnet_ros2/lib/python3.12/site-packages/natnet_ros2/srv'...\n"}
[47.077118] (natnet_ros2) StdoutLine: {'line': b"Compiling '/home/strain-drone/Documents/drone_position_hold/ros2_ws/src/install/natnet_ros2/lib/python3.12/site-packages/natnet_ros2/srv/__init__.py'...\n"}
[47.077276] (natnet_ros2) StdoutLine: {'line': b"Compiling '/home/strain-drone/Documents/drone_position_hold/ros2_ws/src/install/natnet_ros2/lib/python3.12/site-packages/natnet_ros2/srv/_marker_poses.py'...\n"}
[47.079553] (-) TimerEvent: {}
[47.088807] (mocap4r2_vicon_driver) StdoutLine: {'line': b'-- Found mocap4r2_msgs: 0.0.3 (/home/strain-drone/Documents/drone_position_hold/ros2_ws/src/install/mocap4r2_msgs/share/mocap4r2_msgs/cmake)\n'}
[47.095774] (natnet_ros2) StdoutLine: {'line': b'-- Installing: /home/strain-drone/Documents/drone_position_hold/ros2_ws/src/install/natnet_ros2/lib/python3.12/site-packages/natnet_ros2/natnet_ros2_s__rosidl_typesupport_fastrtps_c.so\n'}
[47.096974] (natnet_ros2) StdoutLine: {'line': b'-- Set non-toolchain portion of runtime path of "/home/strain-drone/Documents/drone_position_hold/ros2_ws/src/install/natnet_ros2/lib/python3.12/site-packages/natnet_ros2/natnet_ros2_s__rosidl_typesupport_fastrtps_c.so" to ""\n'}
[47.097251] (natnet_ros2) StdoutLine: {'line': b'-- Installing: /home/strain-drone/Documents/drone_position_hold/ros2_ws/src/install/natnet_ros2/lib/python3.12/site-packages/natnet_ros2/natnet_ros2_s__rosidl_typesupport_introspection_c.so\n'}
[47.098285] (natnet_ros2) StdoutLine: {'line': b'-- Set non-toolchain portion of runtime path of "/home/strain-drone/Documents/drone_position_hold/ros2_ws/src/install/natnet_ros2/lib/python3.12/site-packages/natnet_ros2/natnet_ros2_s__rosidl_typesupport_introspection_c.so" to ""\n'}
[47.098820] (natnet_ros2) StdoutLine: {'line': b'-- Installing: /home/strain-drone/Documents/drone_position_hold/ros2_ws/src/install/natnet_ros2/lib/python3.12/site-packages/natnet_ros2/natnet_ros2_s__rosidl_typesupport_c.so\n'}
[47.100521] (natnet_ros2) StdoutLine: {'line': b'-- Set non-toolchain portion of runtime path of "/home/strain-drone/Documents/drone_position_hold/ros2_ws/src/install/natnet_ros2/lib/python3.12/site-packages/natnet_ros2/natnet_ros2_s__rosidl_typesupport_c.so" to ""\n'}
[47.100875] (natnet_ros2) StdoutLine: {'line': b'-- Installing: /home/strain-drone/Documents/drone_position_hold/ros2_ws/src/install/natnet_ros2/lib/libnatnet_ros2__rosidl_generator_py.so\n'}
[47.101464] (natnet_ros2) StdoutLine: {'line': b'-- Set non-toolchain portion of runtime path of "/home/strain-drone/Documents/drone_position_hold/ros2_ws/src/install/natnet_ros2/lib/libnatnet_ros2__rosidl_generator_py.so" to ""\n'}
[47.102513] (natnet_ros2) StdoutLine: {'line': b'-- Installing: /home/strain-drone/Documents/drone_position_hold/ros2_ws/src/install/natnet_ros2/share/natnet_ros2/srv/MarkerPoses.idl\n'}
[47.102625] (natnet_ros2) StdoutLine: {'line': b'-- Installing: /home/strain-drone/Documents/drone_position_hold/ros2_ws/src/install/natnet_ros2/share/natnet_ros2/srv/MarkerPoses.srv\n'}
[47.102727] (natnet_ros2) StdoutLine: {'line': b'-- Up-to-date: /home/strain-drone/Documents/drone_position_hold/ros2_ws/src/install/natnet_ros2/include/natnet_ros2\n'}
[47.102918] (natnet_ros2) StdoutLine: {'line': b'-- Installing: /home/strain-drone/Documents/drone_position_hold/ros2_ws/src/install/natnet_ros2/include/natnet_ros2/nn_filter.hpp\n'}
[47.103113] (natnet_ros2) StdoutLine: {'line': b'-- Installing: /home/strain-drone/Documents/drone_position_hold/ros2_ws/src/install/natnet_ros2/include/natnet_ros2/object_data.hpp\n'}
[47.103260] (natnet_ros2) StdoutLine: {'line': b'-- Installing: /home/strain-drone/Documents/drone_position_hold/ros2_ws/src/install/natnet_ros2/include/natnet_ros2/natnet_ros2.hpp\n'}
[47.103411] (natnet_ros2) StdoutLine: {'line': b'-- Installing: /home/strain-drone/Documents/drone_position_hold/ros2_ws/src/install/natnet_ros2/share/natnet_ros2/launch\n'}
[47.103545] (natnet_ros2) StdoutLine: {'line': b'-- Installing: /home/strain-drone/Documents/drone_position_hold/ros2_ws/src/install/natnet_ros2/share/natnet_ros2/launch/natnet_ros2.launch.py\n'}
[47.104174] (natnet_ros2) StdoutLine: {'line': b'-- Installing: /home/strain-drone/Documents/drone_position_hold/ros2_ws/src/install/natnet_ros2/share/natnet_ros2/launch/gui_natnet_ros2.launch.py\n'}
[47.105588] (natnet_ros2) StdoutLine: {'line': b'-- Installing: /home/strain-drone/Documents/drone_position_hold/ros2_ws/src/install/natnet_ros2/share/natnet_ros2/config\n'}
[47.105874] (natnet_ros2) StdoutLine: {'line': b'-- Installing: /home/strain-drone/Documents/drone_position_hold/ros2_ws/src/install/natnet_ros2/share/natnet_ros2/config/initiate.yaml\n'}
[47.106091] (natnet_ros2) StdoutLine: {'line': b'-- Installing: /home/strain-drone/Documents/drone_position_hold/ros2_ws/src/install/natnet_ros2/share/natnet_ros2/config/conf_autogen.yaml\n'}
[47.106291] (natnet_ros2) StdoutLine: {'line': b'-- Installing: /home/strain-drone/Documents/drone_position_hold/ros2_ws/src/install/natnet_ros2/share/natnet_ros2/ui\n'}
[47.106541] (natnet_ros2) StdoutLine: {'line': b'-- Installing: /home/strain-drone/Documents/drone_position_hold/ros2_ws/src/install/natnet_ros2/share/natnet_ros2/ui/helper.ui\n'}
[47.106723] (natnet_ros2) StdoutLine: {'line': b'-- Installing: /home/strain-drone/Documents/drone_position_hold/ros2_ws/src/install/natnet_ros2/share/natnet_ros2/ui/ros-logo.png\n'}
[47.106920] (natnet_ros2) StdoutLine: {'line': b'-- Installing: /home/strain-drone/Documents/drone_position_hold/ros2_ws/src/install/natnet_ros2/share/natnet_ros2/ui/logo.png\n'}
[47.110468] (natnet_ros2) StdoutLine: {'line': b'-- Installing: /home/strain-drone/Documents/drone_position_hold/ros2_ws/src/install/natnet_ros2/lib/natnet_ros2/natnet_ros2_node\n'}
[47.114056] (natnet_ros2) StdoutLine: {'line': b'-- Set non-toolchain portion of runtime path of "/home/strain-drone/Documents/drone_position_hold/ros2_ws/src/install/natnet_ros2/lib/natnet_ros2/natnet_ros2_node" to ""\n'}
[47.116036] (natnet_ros2) StdoutLine: {'line': b'-- Installing: /home/strain-drone/Documents/drone_position_hold/ros2_ws/src/install/natnet_ros2/bin/natnet_ros2_node\n'}
[47.138192] (natnet_ros2) StdoutLine: {'line': b'-- Set non-toolchain portion of runtime path of "/home/strain-drone/Documents/drone_position_hold/ros2_ws/src/install/natnet_ros2/bin/natnet_ros2_node" to ""\n'}
[47.138726] (natnet_ros2) StdoutLine: {'line': b'-- Installing: /home/strain-drone/Documents/drone_position_hold/ros2_ws/src/install/natnet_ros2/lib/natnet_ros2/marker_poses_server\n'}
[47.143042] (natnet_ros2) StdoutLine: {'line': b'-- Set non-toolchain portion of runtime path of "/home/strain-drone/Documents/drone_position_hold/ros2_ws/src/install/natnet_ros2/lib/natnet_ros2/marker_poses_server" to ""\n'}
[47.147428] (natnet_ros2) StdoutLine: {'line': b'-- Installing: /home/strain-drone/Documents/drone_position_hold/ros2_ws/src/install/natnet_ros2/bin/marker_poses_server\n'}
[47.153587] (natnet_ros2) StdoutLine: {'line': b'-- Set non-toolchain portion of runtime path of "/home/strain-drone/Documents/drone_position_hold/ros2_ws/src/install/natnet_ros2/bin/marker_poses_server" to ""\n'}
[47.154671] (natnet_ros2) StdoutLine: {'line': b'-- Installing: /home/strain-drone/Documents/drone_position_hold/ros2_ws/src/install/natnet_ros2/lib/python3.12/site-packages/natnet_ros2_py-1.0.0-py3.12.egg-info\n'}
[47.155850] (natnet_ros2) StdoutLine: {'line': b'-- Installing: /home/strain-drone/Documents/drone_position_hold/ros2_ws/src/install/natnet_ros2/lib/python3.12/site-packages/natnet_ros2_py-1.0.0-py3.12.egg-info/dependency_links.txt\n'}
[47.156265] (natnet_ros2) StdoutLine: {'line': b'-- Installing: /home/strain-drone/Documents/drone_position_hold/ros2_ws/src/install/natnet_ros2/lib/python3.12/site-packages/natnet_ros2_py-1.0.0-py3.12.egg-info/PKG-INFO\n'}
[47.158732] (natnet_ros2) StdoutLine: {'line': b'-- Installing: /home/strain-drone/Documents/drone_position_hold/ros2_ws/src/install/natnet_ros2/lib/python3.12/site-packages/natnet_ros2_py-1.0.0-py3.12.egg-info/top_level.txt\n'}
[47.161472] (natnet_ros2) StdoutLine: {'line': b'-- Installing: /home/strain-drone/Documents/drone_position_hold/ros2_ws/src/install/natnet_ros2/lib/python3.12/site-packages/natnet_ros2_py-1.0.0-py3.12.egg-info/SOURCES.txt\n'}
[47.163776] (natnet_ros2) StdoutLine: {'line': b'-- Installing: /home/strain-drone/Documents/drone_position_hold/ros2_ws/src/install/natnet_ros2/lib/python3.12/site-packages/natnet_ros2_py\n'}
[47.163990] (natnet_ros2) StdoutLine: {'line': b'-- Installing: /home/strain-drone/Documents/drone_position_hold/ros2_ws/src/install/natnet_ros2/lib/python3.12/site-packages/natnet_ros2_py/node_module.py\n'}
[47.164111] (natnet_ros2) StdoutLine: {'line': b'-- Installing: /home/strain-drone/Documents/drone_position_hold/ros2_ws/src/install/natnet_ros2/lib/python3.12/site-packages/natnet_ros2_py/__init__.py\n'}
[47.183434] (-) TimerEvent: {}
[47.198573] (mocap4r2_vicon_driver) StdoutLine: {'line': b'-- Found mocap4r2_control: 0.0.7 (/home/strain-drone/Documents/drone_position_hold/ros2_ws/src/install/mocap4r2_control/share/mocap4r2_control/cmake)\n'}
[47.225466] (rqt_mocap4r2_control) StdoutLine: {'line': b'-- Found rclcpp: 28.1.9 (/opt/ros/jazzy/share/rclcpp/cmake)\n'}
[47.233414] (natnet_ros2) StdoutLine: {'line': b"Listing '/home/strain-drone/Documents/drone_position_hold/ros2_ws/src/install/natnet_ros2/lib/python3.12/site-packages/natnet_ros2_py'...\n"}
[47.234347] (natnet_ros2) StdoutLine: {'line': b"Compiling '/home/strain-drone/Documents/drone_position_hold/ros2_ws/src/install/natnet_ros2/lib/python3.12/site-packages/natnet_ros2_py/__init__.py'...\n"}
[47.234666] (natnet_ros2) StdoutLine: {'line': b"Compiling '/home/strain-drone/Documents/drone_position_hold/ros2_ws/src/install/natnet_ros2/lib/python3.12/site-packages/natnet_ros2_py/node_module.py'...\n"}
[47.250931] (natnet_ros2) StdoutLine: {'line': b'-- Installing: /home/strain-drone/Documents/drone_position_hold/ros2_ws/src/install/natnet_ros2/lib/natnet_ros2/helper_node_r2.py\n'}
[47.251777] (natnet_ros2) StdoutLine: {'line': b'-- Up-to-date: /home/strain-drone/Documents/drone_position_hold/ros2_ws/src/install/natnet_ros2/include\n'}
[47.252105] (natnet_ros2) StdoutLine: {'line': b'-- Up-to-date: /home/strain-drone/Documents/drone_position_hold/ros2_ws/src/install/natnet_ros2/include/natnet_ros2\n'}
[47.252232] (natnet_ros2) StdoutLine: {'line': b'-- Up-to-date: /home/strain-drone/Documents/drone_position_hold/ros2_ws/src/install/natnet_ros2/include/natnet_ros2/nn_filter.hpp\n'}
[47.252382] (natnet_ros2) StdoutLine: {'line': b'-- Up-to-date: /home/strain-drone/Documents/drone_position_hold/ros2_ws/src/install/natnet_ros2/include/natnet_ros2/object_data.hpp\n'}
[47.252507] (natnet_ros2) StdoutLine: {'line': b'-- Up-to-date: /home/strain-drone/Documents/drone_position_hold/ros2_ws/src/install/natnet_ros2/include/natnet_ros2/natnet_ros2.hpp\n'}
[47.252634] (natnet_ros2) StdoutLine: {'line': b'-- Installing: /home/strain-drone/Documents/drone_position_hold/ros2_ws/src/install/natnet_ros2/share/ament_index/resource_index/package_run_dependencies/natnet_ros2\n'}
[47.252812] (natnet_ros2) StdoutLine: {'line': b'-- Installing: /home/strain-drone/Documents/drone_position_hold/ros2_ws/src/install/natnet_ros2/share/ament_index/resource_index/parent_prefix_path/natnet_ros2\n'}
[47.252943] (natnet_ros2) StdoutLine: {'line': b'-- Installing: /home/strain-drone/Documents/drone_position_hold/ros2_ws/src/install/natnet_ros2/share/natnet_ros2/environment/ament_prefix_path.sh\n'}
[47.253053] (natnet_ros2) StdoutLine: {'line': b'-- Installing: /home/strain-drone/Documents/drone_position_hold/ros2_ws/src/install/natnet_ros2/share/natnet_ros2/environment/ament_prefix_path.dsv\n'}
[47.253212] (natnet_ros2) StdoutLine: {'line': b'-- Installing: /home/strain-drone/Documents/drone_position_hold/ros2_ws/src/install/natnet_ros2/share/natnet_ros2/environment/path.sh\n'}
[47.253332] (natnet_ros2) StdoutLine: {'line': b'-- Installing: /home/strain-drone/Documents/drone_position_hold/ros2_ws/src/install/natnet_ros2/share/natnet_ros2/environment/path.dsv\n'}
[47.254124] (natnet_ros2) StdoutLine: {'line': b'-- Installing: /home/strain-drone/Documents/drone_position_hold/ros2_ws/src/install/natnet_ros2/share/natnet_ros2/local_setup.bash\n'}
[47.254399] (natnet_ros2) StdoutLine: {'line': b'-- Installing: /home/strain-drone/Documents/drone_position_hold/ros2_ws/src/install/natnet_ros2/share/natnet_ros2/local_setup.sh\n'}
[47.254618] (natnet_ros2) StdoutLine: {'line': b'-- Installing: /home/strain-drone/Documents/drone_position_hold/ros2_ws/src/install/natnet_ros2/share/natnet_ros2/local_setup.zsh\n'}
[47.254839] (natnet_ros2) StdoutLine: {'line': b'-- Installing: /home/strain-drone/Documents/drone_position_hold/ros2_ws/src/install/natnet_ros2/share/natnet_ros2/local_setup.dsv\n'}
[47.255053] (natnet_ros2) StdoutLine: {'line': b'-- Installing: /home/strain-drone/Documents/drone_position_hold/ros2_ws/src/install/natnet_ros2/share/natnet_ros2/package.dsv\n'}
[47.255363] (natnet_ros2) StdoutLine: {'line': b'-- Installing: /home/strain-drone/Documents/drone_position_hold/ros2_ws/src/install/natnet_ros2/share/ament_index/resource_index/packages/natnet_ros2\n'}
[47.255648] (natnet_ros2) StdoutLine: {'line': b'-- Installing: /home/strain-drone/Documents/drone_position_hold/ros2_ws/src/install/natnet_ros2/share/natnet_ros2/cmake/export_natnet_ros2__rosidl_generator_cExport.cmake\n'}
[47.255889] (natnet_ros2) StdoutLine: {'line': b'-- Installing: /home/strain-drone/Documents/drone_position_hold/ros2_ws/src/install/natnet_ros2/share/natnet_ros2/cmake/export_natnet_ros2__rosidl_generator_cExport-noconfig.cmake\n'}
[47.256105] (natnet_ros2) StdoutLine: {'line': b'-- Installing: /home/strain-drone/Documents/drone_position_hold/ros2_ws/src/install/natnet_ros2/share/natnet_ros2/cmake/export_natnet_ros2__rosidl_typesupport_fastrtps_cExport.cmake\n'}
[47.256327] (natnet_ros2) StdoutLine: {'line': b'-- Installing: /home/strain-drone/Documents/drone_position_hold/ros2_ws/src/install/natnet_ros2/share/natnet_ros2/cmake/export_natnet_ros2__rosidl_typesupport_fastrtps_cExport-noconfig.cmake\n'}
[47.256597] (natnet_ros2) StdoutLine: {'line': b'-- Installing: /home/strain-drone/Documents/drone_position_hold/ros2_ws/src/install/natnet_ros2/share/natnet_ros2/cmake/export_natnet_ros2__rosidl_generator_cppExport.cmake\n'}
[47.256830] (natnet_ros2) StdoutLine: {'line': b'-- Installing: /home/strain-drone/Documents/drone_position_hold/ros2_ws/src/install/natnet_ros2/share/natnet_ros2/cmake/export_natnet_ros2__rosidl_typesupport_fastrtps_cppExport.cmake\n'}
[47.257047] (natnet_ros2) StdoutLine: {'line': b'-- Installing: /home/strain-drone/Documents/drone_position_hold/ros2_ws/src/install/natnet_ros2/share/natnet_ros2/cmake/export_natnet_ros2__rosidl_typesupport_fastrtps_cppExport-noconfig.cmake\n'}
[47.257278] (natnet_ros2) StdoutLine: {'line': b'-- Installing: /home/strain-drone/Documents/drone_position_hold/ros2_ws/src/install/natnet_ros2/share/natnet_ros2/cmake/natnet_ros2__rosidl_typesupport_introspection_cExport.cmake\n'}
[47.257560] (natnet_ros2) StdoutLine: {'line': b'-- Installing: /home/strain-drone/Documents/drone_position_hold/ros2_ws/src/install/natnet_ros2/share/natnet_ros2/cmake/natnet_ros2__rosidl_typesupport_introspection_cExport-noconfig.cmake\n'}
[47.257806] (natnet_ros2) StdoutLine: {'line': b'-- Installing: /home/strain-drone/Documents/drone_position_hold/ros2_ws/src/install/natnet_ros2/share/natnet_ros2/cmake/natnet_ros2__rosidl_typesupport_cExport.cmake\n'}
[47.258047] (natnet_ros2) StdoutLine: {'line': b'-- Installing: /home/strain-drone/Documents/drone_position_hold/ros2_ws/src/install/natnet_ros2/share/natnet_ros2/cmake/natnet_ros2__rosidl_typesupport_cExport-noconfig.cmake\n'}
[47.258294] (natnet_ros2) StdoutLine: {'line': b'-- Installing: /home/strain-drone/Documents/drone_position_hold/ros2_ws/src/install/natnet_ros2/share/natnet_ros2/cmake/natnet_ros2__rosidl_typesupport_introspection_cppExport.cmake\n'}
[47.258587] (natnet_ros2) StdoutLine: {'line': b'-- Installing: /home/strain-drone/Documents/drone_position_hold/ros2_ws/src/install/natnet_ros2/share/natnet_ros2/cmake/natnet_ros2__rosidl_typesupport_introspection_cppExport-noconfig.cmake\n'}
[47.258836] (natnet_ros2) StdoutLine: {'line': b'-- Installing: /home/strain-drone/Documents/drone_position_hold/ros2_ws/src/install/natnet_ros2/share/natnet_ros2/cmake/natnet_ros2__rosidl_typesupport_cppExport.cmake\n'}
[47.259069] (natnet_ros2) StdoutLine: {'line': b'-- Installing: /home/strain-drone/Documents/drone_position_hold/ros2_ws/src/install/natnet_ros2/share/natnet_ros2/cmake/natnet_ros2__rosidl_typesupport_cppExport-noconfig.cmake\n'}
[47.259331] (natnet_ros2) StdoutLine: {'line': b'-- Installing: /home/strain-drone/Documents/drone_position_hold/ros2_ws/src/install/natnet_ros2/share/natnet_ros2/cmake/export_natnet_ros2__rosidl_generator_pyExport.cmake\n'}
[47.259587] (natnet_ros2) StdoutLine: {'line': b'-- Installing: /home/strain-drone/Documents/drone_position_hold/ros2_ws/src/install/natnet_ros2/share/natnet_ros2/cmake/export_natnet_ros2__rosidl_generator_pyExport-noconfig.cmake\n'}
[47.259791] (natnet_ros2) StdoutLine: {'line': b'-- Installing: /home/strain-drone/Documents/drone_position_hold/ros2_ws/src/install/natnet_ros2/share/natnet_ros2/cmake/rosidl_cmake-extras.cmake\n'}
[47.260015] (natnet_ros2) StdoutLine: {'line': b'-- Installing: /home/strain-drone/Documents/drone_position_hold/ros2_ws/src/install/natnet_ros2/share/natnet_ros2/cmake/ament_cmake_export_dependencies-extras.cmake\n'}
[47.260244] (natnet_ros2) StdoutLine: {'line': b'-- Installing: /home/strain-drone/Documents/drone_position_hold/ros2_ws/src/install/natnet_ros2/share/natnet_ros2/cmake/ament_cmake_export_include_directories-extras.cmake\n'}
[47.260491] (natnet_ros2) StdoutLine: {'line': b'-- Installing: /home/strain-drone/Documents/drone_position_hold/ros2_ws/src/install/natnet_ros2/share/natnet_ros2/cmake/ament_cmake_export_libraries-extras.cmake\n'}
[47.260723] (natnet_ros2) StdoutLine: {'line': b'-- Installing: /home/strain-drone/Documents/drone_position_hold/ros2_ws/src/install/natnet_ros2/share/natnet_ros2/cmake/ament_cmake_export_targets-extras.cmake\n'}
[47.260937] (natnet_ros2) StdoutLine: {'line': b'-- Installing: /home/strain-drone/Documents/drone_position_hold/ros2_ws/src/install/natnet_ros2/share/natnet_ros2/cmake/rosidl_cmake_export_typesupport_targets-extras.cmake\n'}
[47.261152] (natnet_ros2) StdoutLine: {'line': b'-- Installing: /home/strain-drone/Documents/drone_position_hold/ros2_ws/src/install/natnet_ros2/share/natnet_ros2/cmake/rosidl_cmake_export_typesupport_libraries-extras.cmake\n'}
[47.261377] (natnet_ros2) StdoutLine: {'line': b'-- Installing: /home/strain-drone/Documents/drone_position_hold/ros2_ws/src/install/natnet_ros2/share/natnet_ros2/cmake/natnet_ros2Config.cmake\n'}
[47.261549] (natnet_ros2) StdoutLine: {'line': b'-- Installing: /home/strain-drone/Documents/drone_position_hold/ros2_ws/src/install/natnet_ros2/share/natnet_ros2/cmake/natnet_ros2Config-version.cmake\n'}
[47.261741] (natnet_ros2) StdoutLine: {'line': b'-- Installing: /home/strain-drone/Documents/drone_position_hold/ros2_ws/src/install/natnet_ros2/share/natnet_ros2/package.xml\n'}
[47.266422] (natnet_ros2) CommandEnded: {'returncode': 0}
[47.283924] (-) TimerEvent: {}
[47.296705] (rqt_mocap4r2_control) StdoutLine: {'line': b'-- Found rosidl_generator_c: 4.6.5 (/opt/ros/jazzy/share/rosidl_generator_c/cmake)\n'}
[47.302181] (mocap4r2_dummy_driver) StdoutLine: {'line': b'[ 50%] Built target mocap4r2_dummy_driver\n'}
[47.324645] (rqt_mocap4r2_control) StdoutLine: {'line': b'-- Found rosidl_generator_cpp: 4.6.5 (/opt/ros/jazzy/share/rosidl_generator_cpp/cmake)\n'}
[47.338963] (natnet_ros2) JobEnded: {'identifier': 'natnet_ros2', 'rc': 0}
[47.353963] (rqt_mocap4r2_control) StdoutLine: {'line': b'-- Using all available rosidl_typesupport_c: rosidl_typesupport_fastrtps_c;rosidl_typesupport_introspection_c\n'}
[47.354484] (mocap4r2_dummy_driver) StdoutLine: {'line': b'[ 75%] \x1b[32mBuilding CXX object CMakeFiles/mocap4r2_dummy_driver_main.dir/src/mocap4r2_dummy_driver_main.cpp.o\x1b[0m\n'}
[47.384087] (-) TimerEvent: {}
[47.385810] (rqt_mocap4r2_control) StdoutLine: {'line': b'-- Using all available rosidl_typesupport_cpp: rosidl_typesupport_fastrtps_cpp;rosidl_typesupport_introspection_cpp\n'}
[47.390853] (mocap4r2_dummy_driver) StdoutLine: {'line': b'[100%] \x1b[32m\x1b[1mLinking CXX executable mocap4r2_dummy_driver_main\x1b[0m\n'}
[47.484287] (-) TimerEvent: {}
[47.546172] (mocap4r2_vicon_driver) StdoutLine: {'line': b'-- Found Boost: /usr/lib/aarch64-linux-gnu/cmake/Boost-1.83.0/BoostConfig.cmake (found version "1.83.0") found components: thread date_time chrono \n'}
[47.549412] (rqt_mocap4r2_control) StdoutLine: {'line': b'-- Found rmw_implementation_cmake: 7.3.2 (/opt/ros/jazzy/share/rmw_implementation_cmake/cmake)\n'}
[47.555391] (rqt_mocap4r2_control) StdoutLine: {'line': b'-- Found rmw_fastrtps_cpp: 8.4.2 (/opt/ros/jazzy/share/rmw_fastrtps_cpp/cmake)\n'}
[47.584605] (-) TimerEvent: {}
[47.591051] (mocap4r2_vicon_driver) StdoutLine: {'line': b'-- Found ament_cmake_copyright: 0.17.2 (/opt/ros/jazzy/share/ament_cmake_copyright/cmake)\n'}
[47.595937] (mocap4r2_vicon_driver) StdoutLine: {'line': b'-- Found ament_cmake_cppcheck: 0.17.2 (/opt/ros/jazzy/share/ament_cmake_cppcheck/cmake)\n'}
[47.601969] (mocap4r2_vicon_driver) StdoutLine: {'line': b'-- Found ament_cmake_cpplint: 0.17.2 (/opt/ros/jazzy/share/ament_cmake_cpplint/cmake)\n'}
[47.607670] (mocap4r2_vicon_driver) StdoutLine: {'line': b'-- Found ament_cmake_lint_cmake: 0.17.2 (/opt/ros/jazzy/share/ament_cmake_lint_cmake/cmake)\n'}
[47.614159] (mocap4r2_vicon_driver) StdoutLine: {'line': b'-- Found ament_cmake_xmllint: 0.17.2 (/opt/ros/jazzy/share/ament_cmake_xmllint/cmake)\n'}
[47.618858] (mocap4r2_vicon_driver) StdoutLine: {'line': b'-- Found ament_cmake_uncrustify: 0.17.2 (/opt/ros/jazzy/share/ament_cmake_uncrustify/cmake)\n'}
[47.645026] (mocap4r2_vicon_driver) StdoutLine: {'line': b'-- Found ament_cmake_gtest: 2.5.4 (/opt/ros/jazzy/share/ament_cmake_gtest/cmake)\n'}
[47.652486] (mocap4r2_vicon_driver) StdoutLine: {'line': b"-- Found gtest sources under '/opt/ros/jazzy/src/gtest_vendor': C++ tests using 'Google Test' will be built\n"}
[47.665661] (mocap4r2_vicon_driver) StdoutLine: {'line': b'-- Found Threads: TRUE  \n'}
[47.684906] (-) TimerEvent: {}
[47.788707] (-) TimerEvent: {}
[47.823782] (rqt_mocap4r2_control) StdoutLine: {'line': b'-- Found OpenSSL: /usr/lib/aarch64-linux-gnu/libcrypto.so (found version "3.0.13")  \n'}
[47.876486] (rqt_mocap4r2_control) StdoutLine: {'line': b'-- Found FastRTPS: /opt/ros/jazzy/include (Required is at least version "2.13") \n'}
[47.888883] (-) TimerEvent: {}
[47.956981] (rqt_mocap4r2_control) StdoutLine: {'line': b"-- Using RMW implementation 'rmw_fastrtps_cpp' as default\n"}
[47.989260] (-) TimerEvent: {}
[48.091248] (-) TimerEvent: {}
[48.096758] (mocap4r2_vicon_driver) StdoutLine: {'line': b'-- Configuring done (5.0s)\n'}
[48.171693] (rqt_mocap4r2_control) StdoutLine: {'line': b'-- Found qt_gui_cpp: 2.7.5 (/opt/ros/jazzy/share/qt_gui_cpp/cmake)\n'}
[48.191516] (-) TimerEvent: {}
[48.222136] (rqt_mocap4r2_control) StdoutLine: {'line': b'-- Found rqt_gui_cpp: 1.6.0 (/opt/ros/jazzy/share/rqt_gui_cpp/cmake)\n'}
[48.235099] (rqt_mocap4r2_control) StdoutLine: {'line': b'-- Found mocap4r2_control: 0.0.7 (/home/strain-drone/Documents/drone_position_hold/ros2_ws/src/install/mocap4r2_control/share/mocap4r2_control/cmake)\n'}
[48.291804] (-) TimerEvent: {}
[48.324977] (mocap4r2_vicon_driver) StdoutLine: {'line': b'-- Generating done (0.2s)\n'}
[48.352156] (mocap4r2_vicon_driver) StdoutLine: {'line': b'-- Build files have been written to: /home/strain-drone/Documents/drone_position_hold/ros2_ws/src/build/mocap4r2_vicon_driver\n'}
[48.392015] (-) TimerEvent: {}
[48.415476] (mocap4r2_vicon_driver) CommandEnded: {'returncode': 0}
[48.418063] (mocap4r2_vicon_driver) JobProgress: {'identifier': 'mocap4r2_vicon_driver', 'progress': 'build'}
[48.420086] (mocap4r2_vicon_driver) Command: {'cmd': ['/usr/bin/cmake', '--build', '/home/strain-drone/Documents/drone_position_hold/ros2_ws/src/build/mocap4r2_vicon_driver', '--', '-j4', '-l4'], 'cwd': '/home/strain-drone/Documents/drone_position_hold/ros2_ws/src/build/mocap4r2_vicon_driver', 'env': OrderedDict({'LESSOPEN': '| /usr/bin/lesspipe %s', 'USER': 'strain-drone', 'SSH_CLIENT': '100.125.10.128 53782 22', 'XDG_SESSION_TYPE': 'tty', 'GIT_ASKPASS': '/home/strain-drone/.vscode-server/cli/servers/Stable-b6a47e94e326b5c209d118cf0f994d6065585705/server/extensions/git/dist/askpass.sh', 'SHLVL': '2', 'LD_LIBRARY_PATH': '/home/strain-drone/Documents/drone_position_hold/ros2_ws/src/install/mocap4r2_control/lib:/home/strain-drone/Documents/drone_position_hold/ros2_ws/src/install/mocap4r2_msgs/lib:/home/strain-drone/Documents/drone_position_hold/ros2_ws/src/install/mocap4r2_control_msgs/lib:/opt/ros/jazzy/opt/rviz_ogre_vendor/lib:/opt/ros/jazzy/lib/aarch64-linux-gnu:/opt/ros/jazzy/opt/gz_math_vendor/lib:/opt/ros/jazzy/opt/gz_utils_vendor/lib:/opt/ros/jazzy/opt/gz_cmake_vendor/lib:/opt/ros/jazzy/lib:/home/strain-drone/Documents/drone_position_hold/ros2_ws/src/natnet_ros2/deps/NatNetSDK/lib:/home/strain-drone/Documents/drone_position_hold/ros2_ws/src/natnet_ros2/deps/NatNetSDK/lib', 'BROWSER': '/home/strain-drone/.vscode-server/cli/servers/Stable-b6a47e94e326b5c209d118cf0f994d6065585705/server/bin/helpers/browser.sh', 'HOME': '/home/strain-drone', 'TERM_PROGRAM_VERSION': '1.109.3', 'VSCODE_IPC_HOOK_CLI': '/run/user/1002/vscode-ipc-7f844f56-ced9-4e8e-9017-09603271f316.sock', 'ROS_PYTHON_VERSION': '3', 'VSCODE_GIT_ASKPASS_MAIN': '/home/strain-drone/.vscode-server/cli/servers/Stable-b6a47e94e326b5c209d118cf0f994d6065585705/server/extensions/git/dist/askpass-main.js', 'PS1': '\\[\x1b]633;A\x07\\]\\[\\e]0;\\u@\\h: \\w\\a\\]${debian_chroot:+($debian_chroot)}\\[\\033[01;32m\\]\\u@\\h\\[\\033[00m\\]:\\[\\033[01;34m\\]\\w\\[\\033[00m\\]\\$ \\[\x1b]633;B\x07\\]', 'VSCODE_GIT_ASKPASS_NODE': '/home/strain-drone/.vscode-server/cli/servers/Stable-b6a47e94e326b5c209d118cf0f994d6065585705/server/node', 'SSL_CERT_FILE': '/usr/lib/ssl/cert.pem', 'VSCODE_PYTHON_AUTOACTIVATE_GUARD': '1', 'DBUS_SESSION_BUS_ADDRESS': 'unix:path=/run/user/1002/bus', 'COLORTERM': 'truecolor', 'DEBUGINFOD_URLS': 'https://debuginfod.ubuntu.com', 'ROS_DISTRO': 'jazzy', 'LOGNAME': 'strain-drone', '_': '/usr/bin/colcon', 'ROS_VERSION': '2', 'XDG_SESSION_CLASS': 'user', 'TERM': 'xterm-256color', 'XDG_SESSION_ID': '12', 'PATH': '/home/strain-drone/.vscode-server/data/User/globalStorage/github.copilot-chat/debugCommand:/home/strain-drone/.vscode-server/data/User/globalStorage/github.copilot-chat/copilotCli:/home/strain-drone/.vscode-server/cli/servers/Stable-b6a47e94e326b5c209d118cf0f994d6065585705/server/bin/remote-cli:/usr/lib/ccache:/home/strain-drone/Documents/ardupilot/Tools/autotest:/opt/gcc-arm-none-eabi-10-2020-q4-major/bin:/home/strain-drone/venv-ardupilot/bin:/home/strain-drone/.local/bin:/opt/ros/jazzy/bin:/usr/lib/ccache:/home/strain-drone/Documents/ardupilot/Tools/autotest:/opt/gcc-arm-none-eabi-10-2020-q4-major/bin:/home/strain-drone/venv-ardupilot/bin:/home/strain-drone/.local/bin:/usr/local/sbin:/usr/local/bin:/usr/sbin:/usr/bin:/sbin:/bin:/usr/games:/usr/local/games:/snap/bin:/home/strain-drone/.local/bin:/home/strain-drone/.local/bin:/home/strain-drone/.local/bin:/home/strain-drone/.local/bin', 'XDG_RUNTIME_DIR': '/run/user/1002', 'SSL_CERT_DIR': '/usr/lib/ssl/certs', 'LANG': 'en_US.UTF-8', 'VIRTUAL_ENV_PROMPT': '(venv-ardupilot)', 'LS_COLORS': 'rs=0:di=01;34:ln=01;36:mh=00:pi=40;33:so=01;35:do=01;35:bd=40;33;01:cd=40;33;01:or=40;31;01:mi=00:su=37;41:sg=30;43:ca=00:tw=30;42:ow=34;42:st=37;44:ex=01;32:*.tar=01;31:*.tgz=01;31:*.arc=01;31:*.arj=01;31:*.taz=01;31:*.lha=01;31:*.lz4=01;31:*.lzh=01;31:*.lzma=01;31:*.tlz=01;31:*.txz=01;31:*.tzo=01;31:*.t7z=01;31:*.zip=01;31:*.z=01;31:*.dz=01;31:*.gz=01;31:*.lrz=01;31:*.lz=01;31:*.lzo=01;31:*.xz=01;31:*.zst=01;31:*.tzst=01;31:*.bz2=01;31:*.bz=01;31:*.tbz=01;31:*.tbz2=01;31:*.tz=01;31:*.deb=01;31:*.rpm=01;31:*.jar=01;31:*.war=01;31:*.ear=01;31:*.sar=01;31:*.rar=01;31:*.alz=01;31:*.ace=01;31:*.zoo=01;31:*.cpio=01;31:*.7z=01;31:*.rz=01;31:*.cab=01;31:*.wim=01;31:*.swm=01;31:*.dwm=01;31:*.esd=01;31:*.avif=01;35:*.jpg=01;35:*.jpeg=01;35:*.mjpg=01;35:*.mjpeg=01;35:*.gif=01;35:*.bmp=01;35:*.pbm=01;35:*.pgm=01;35:*.ppm=01;35:*.tga=01;35:*.xbm=01;35:*.xpm=01;35:*.tif=01;35:*.tiff=01;35:*.png=01;35:*.svg=01;35:*.svgz=01;35:*.mng=01;35:*.pcx=01;35:*.mov=01;35:*.mpg=01;35:*.mpeg=01;35:*.m2v=01;35:*.mkv=01;35:*.webm=01;35:*.webp=01;35:*.ogm=01;35:*.mp4=01;35:*.m4v=01;35:*.mp4v=01;35:*.vob=01;35:*.qt=01;35:*.nuv=01;35:*.wmv=01;35:*.asf=01;35:*.rm=01;35:*.rmvb=01;35:*.flc=01;35:*.avi=01;35:*.fli=01;35:*.flv=01;35:*.gl=01;35:*.dl=01;35:*.xcf=01;35:*.xwd=01;35:*.yuv=01;35:*.cgm=01;35:*.emf=01;35:*.ogv=01;35:*.ogx=01;35:*.aac=00;36:*.au=00;36:*.flac=00;36:*.m4a=00;36:*.mid=00;36:*.midi=00;36:*.mka=00;36:*.mp3=00;36:*.mpc=00;36:*.ogg=00;36:*.ra=00;36:*.wav=00;36:*.oga=00;36:*.opus=00;36:*.spx=00;36:*.xspf=00;36:*~=00;90:*#=00;90:*.bak=00;90:*.crdownload=00;90:*.dpkg-dist=00;90:*.dpkg-new=00;90:*.dpkg-old=00;90:*.dpkg-tmp=00;90:*.old=00;90:*.orig=00;90:*.part=00;90:*.rej=00;90:*.rpmnew=00;90:*.rpmorig=00;90:*.rpmsave=00;90:*.swp=00;90:*.tmp=00;90:*.ucf-dist=00;90:*.ucf-new=00;90:*.ucf-old=00;90:', 'VSCODE_GIT_IPC_HANDLE': '/run/user/1002/vscode-git-227cc40744.sock', 'TERM_PROGRAM': 'vscode', 'ROS_DOMAIN_ID': '1', 'AMENT_PREFIX_PATH': '/home/strain-drone/Documents/drone_position_hold/ros2_ws/src/install/mocap4r2_control:/home/strain-drone/Documents/drone_position_hold/ros2_ws/src/install/mocap4r2_msgs:/home/strain-drone/Documents/drone_position_hold/ros2_ws/src/install/mocap4r2_control_msgs:/opt/ros/jazzy', 'SHELL': '/bin/bash', 'LESSCLOSE': '/usr/bin/lesspipe %s %s', 'VIRTUAL_ENV': '/home/strain-drone/venv-ardupilot', 'ROS_AUTOMATIC_DISCOVERY_RANGE': 'SUBNET', 'VSCODE_GIT_ASKPASS_EXTRA_ARGS': '', 'PWD': '/home/strain-drone/Documents/drone_position_hold/ros2_ws/src/build/mocap4r2_vicon_driver', 'LC_ALL': 'en_US.UTF-8', 'SSH_CONNECTION': '100.125.10.128 53782 100.96.124.69 22', 'XDG_DATA_DIRS': '/usr/share/gnome:/usr/local/share:/usr/share:/var/lib/snapd/desktop', 'PYTHONPATH': '/home/strain-drone/Documents/drone_position_hold/ros2_ws/src/install/mocap4r2_msgs/lib/python3.12/site-packages:/home/strain-drone/Documents/drone_position_hold/ros2_ws/src/install/mocap4r2_control_msgs/lib/python3.12/site-packages:/opt/ros/jazzy/lib/python3.12/site-packages', 'COLCON': '1', 'CMAKE_PREFIX_PATH': '/home/strain-drone/Documents/drone_position_hold/ros2_ws/src/install/mocap4r2_control:/home/strain-drone/Documents/drone_position_hold/ros2_ws/src/install/mocap4r2_msgs:/home/strain-drone/Documents/drone_position_hold/ros2_ws/src/install/mocap4r2_control_msgs:/opt/ros/jazzy/opt/gz_math_vendor:/opt/ros/jazzy/opt/gz_utils_vendor:/opt/ros/jazzy/opt/gz_cmake_vendor:/opt/ros/jazzy'}), 'shell': False}
[48.492658] (-) TimerEvent: {}
[48.518884] (rqt_mocap4r2_control) StdoutLine: {'line': b'-- Found sensor_msgs: 5.3.6 (/opt/ros/jazzy/share/sensor_msgs/cmake)\n'}
[48.594582] (-) TimerEvent: {}
[48.675128] (mocap4r2_vicon_driver) StdoutLine: {'line': b'[  3%] \x1b[32mBuilding CXX object CMakeFiles/vicon_sdk.dir/ThirdParty/DataStream/ViconCGStream/Dummy.cpp.o\x1b[0m\n'}
[48.697275] (-) TimerEvent: {}
[48.700487] (mocap4r2_vicon_driver) StdoutLine: {'line': b'[  6%] \x1b[32mBuilding CXX object gtest/CMakeFiles/gtest.dir/src/gtest-all.cc.o\x1b[0m\n'}
[48.701040] (mocap4r2_vicon_driver) StdoutLine: {'line': b'[ 10%] \x1b[32mBuilding CXX object CMakeFiles/vicon_sdk.dir/ThirdParty/DataStream/ViconCGStreamClient/CGStreamReaderWriter.cpp.o\x1b[0m\n'}
[48.715765] (mocap4r2_vicon_driver) StdoutLine: {'line': b'[ 13%] \x1b[32mBuilding CXX object gtest/CMakeFiles/gtest_main.dir/src/gtest_main.cc.o\x1b[0m\n'}
[48.740115] (mocap4r2_vicon_driver) StdoutLine: {'line': b'[ 16%] \x1b[32mBuilding CXX object CMakeFiles/vicon_sdk.dir/ThirdParty/DataStream/ViconCGStreamClient/ViconCGStreamBayer.cpp.o\x1b[0m\n'}
[48.800863] (-) TimerEvent: {}
[48.802585] (mocap4r2_vicon_driver) StdoutLine: {'line': b'[ 20%] \x1b[32mBuilding CXX object CMakeFiles/vicon_sdk.dir/ThirdParty/DataStream/ViconCGStreamClient/ViconCGStreamClient.cpp.o\x1b[0m\n'}
[48.802956] (mocap4r2_vicon_driver) StdoutLine: {'line': b'[ 23%] \x1b[32m\x1b[1mLinking CXX static library libgtest.a\x1b[0m\n'}
[48.803114] (mocap4r2_vicon_driver) StdoutLine: {'line': b'[ 26%] \x1b[32mBuilding CXX object CMakeFiles/vicon_sdk.dir/ThirdParty/DataStream/ViconCGStreamClientSDK/CGClient.cpp.o\x1b[0m\n'}
[48.806957] (mocap4r2_vicon_driver) StdoutLine: {'line': b'[ 30%] \x1b[32m\x1b[1mLinking CXX static library libgtest_main.a\x1b[0m\n'}
[48.897768] (mocap4r2_vicon_driver) StdoutLine: {'line': b'[ 33%] \x1b[32mBuilding CXX object CMakeFiles/vicon_sdk.dir/ThirdParty/DataStream/ViconDataStreamSDKCore/CoreClient.cpp.o\x1b[0m\n'}
[48.902467] (-) TimerEvent: {}
[48.987620] (mocap4r2_vicon_driver) StdoutLine: {'line': b'[ 36%] \x1b[32mBuilding CXX object CMakeFiles/vicon_sdk.dir/ThirdParty/DataStream/ViconDataStreamSDKCore/CoreClientTimingLog.cpp.o\x1b[0m\n'}
[49.002771] (-) TimerEvent: {}
[49.047983] (mocap4r2_vicon_driver) StdoutLine: {'line': b'[ 36%] Built target gtest_main\n'}
[49.048428] (mocap4r2_vicon_driver) StdoutLine: {'line': b'[ 40%] \x1b[32mBuilding CXX object CMakeFiles/vicon_sdk.dir/ThirdParty/DataStream/ViconDataStreamSDKCore/RetimerUtils.cpp.o\x1b[0m\n'}
[49.052893] (rqt_mocap4r2_control) StdoutLine: {'line': b'-- Configuring done (4.0s)\n'}
[49.066961] (mocap4r2_vicon_driver) StdoutLine: {'line': b'[ 43%] \x1b[32mBuilding CXX object CMakeFiles/vicon_sdk.dir/ThirdParty/DataStream/ViconDataStreamSDKCore/RetimingClient.cpp.o\x1b[0m\n'}
[49.082699] (mocap4r2_vicon_driver) StdoutLine: {'line': b'[ 46%] \x1b[32mBuilding CXX object CMakeFiles/vicon_sdk.dir/ThirdParty/DataStream/ViconDataStreamSDKCore/RetimingCore.cpp.o\x1b[0m\n'}
[49.094862] (mocap4r2_vicon_driver) StdoutLine: {'line': b'[ 50%] \x1b[32mBuilding CXX object CMakeFiles/vicon_sdk.dir/ThirdParty/DataStream/ViconDataStreamSDKCore/SegmentPoseReader.cpp.o\x1b[0m\n'}
[49.102920] (-) TimerEvent: {}
[49.108593] (rqt_mocap4r2_control) StdoutLine: {'line': b'-- Generating done (0.0s)\n'}
[49.112635] (mocap4r2_dummy_driver) StdoutLine: {'line': b'[100%] Built target mocap4r2_dummy_driver_main\n'}
[49.120492] (rqt_mocap4r2_control) StdoutLine: {'line': b'-- Build files have been written to: /home/strain-drone/Documents/drone_position_hold/ros2_ws/src/build/rqt_mocap4r2_control\n'}
[49.159915] (mocap4r2_vicon_driver) StderrLine: {'line': b'\x1b[01m\x1b[K/home/strain-drone/Documents/drone_position_hold/ros2_ws/src/mocap4ros2_vicon/mocap4r2_vicon_driver/ThirdParty/DataStream/ViconDataStreamSDKCore/RetimingCore.cpp:30:\x1b[m\x1b[K \x1b[01;35m\x1b[Kwarning: \x1b[m\x1b[Kignoring \xe2\x80\x98\x1b[01m\x1b[K#pragma warning \x1b[m\x1b[K\xe2\x80\x99 [\x1b[01;35m\x1b[K-Wunknown-pragmas\x1b[m\x1b[K]\n'}
[49.160862] (mocap4r2_vicon_driver) StderrLine: {'line': b'   30 | #pragma warning( push )\n'}
[49.161056] (mocap4r2_vicon_driver) StderrLine: {'line': b'      | \n'}
[49.161238] (mocap4r2_vicon_driver) StderrLine: {'line': b'\x1b[01m\x1b[K/home/strain-drone/Documents/drone_position_hold/ros2_ws/src/mocap4ros2_vicon/mocap4r2_vicon_driver/ThirdParty/DataStream/ViconDataStreamSDKCore/RetimingCore.cpp:31:\x1b[m\x1b[K \x1b[01;35m\x1b[Kwarning: \x1b[m\x1b[Kignoring \xe2\x80\x98\x1b[01m\x1b[K#pragma warning \x1b[m\x1b[K\xe2\x80\x99 [\x1b[01;35m\x1b[K-Wunknown-pragmas\x1b[m\x1b[K]\n'}
[49.161473] (mocap4r2_vicon_driver) StderrLine: {'line': b'   31 | #pragma warning( disable : 4265 )\n'}
[49.164925] (mocap4r2_vicon_driver) StderrLine: {'line': b'      | \n'}
[49.165249] (mocap4r2_vicon_driver) StderrLine: {'line': b'\x1b[01m\x1b[K/home/strain-drone/Documents/drone_position_hold/ros2_ws/src/mocap4ros2_vicon/mocap4r2_vicon_driver/ThirdParty/DataStream/ViconDataStreamSDKCore/RetimingCore.cpp:33:\x1b[m\x1b[K \x1b[01;35m\x1b[Kwarning: \x1b[m\x1b[Kignoring \xe2\x80\x98\x1b[01m\x1b[K#pragma warning \x1b[m\x1b[K\xe2\x80\x99 [\x1b[01;35m\x1b[K-Wunknown-pragmas\x1b[m\x1b[K]\n'}
[49.165774] (mocap4r2_vicon_driver) StderrLine: {'line': b'   33 | #pragma warning( pop )\n'}
[49.166024] (mocap4r2_vicon_driver) StderrLine: {'line': b'      | \n'}
[49.166156] (mocap4r2_vicon_driver) StderrLine: {'line': b'\x1b[01m\x1b[K/home/strain-drone/Documents/drone_position_hold/ros2_ws/src/mocap4ros2_vicon/mocap4r2_vicon_driver/ThirdParty/DataStream/ViconDataStreamSDKCore/RetimingCore.cpp:\x1b[m\x1b[K In member function \xe2\x80\x98\x1b[01m\x1b[Kstd::shared_ptr<const ViconDataStreamSDK::Core::VSubjectPose> ViconDataStreamSDK::Core::VRetimingCore::\x1b[01;32m\x1b[KPredict\x1b[m\x1b[K(std::shared_ptr<const ViconDataStreamSDK::Core::VSubjectPose>, std::shared_ptr<const ViconDataStreamSDK::Core::VSubjectPose>, double) const\x1b[m\x1b[K\xe2\x80\x99:\n'}
[49.167630] (mocap4r2_vicon_driver) StderrLine: {'line': b'\x1b[01m\x1b[K/home/strain-drone/Documents/drone_position_hold/ros2_ws/src/mocap4ros2_vicon/mocap4r2_vicon_driver/ThirdParty/DataStream/ViconDataStreamSDKCore/RetimingCore.cpp:194:23:\x1b[m\x1b[K \x1b[01;35m\x1b[Kwarning: \x1b[m\x1b[Kloop variable \xe2\x80\x98\x1b[01m\x1b[KLatency\x1b[m\x1b[K\xe2\x80\x99 creates a copy from type \xe2\x80\x98\x1b[01m\x1b[Kconst std::pair<const std::__cxx11::basic_string<char>, double>\x1b[m\x1b[K\xe2\x80\x99 [\x1b[01;35m\x1b[K-Wrange-loop-construct\x1b[m\x1b[K]\n'}
[49.167912] (mocap4r2_vicon_driver) StderrLine: {'line': b'  194 |       for( const auto \x1b[01;35m\x1b[KLatency\x1b[m\x1b[K : p1->Latencies )\n'}
[49.168021] (mocap4r2_vicon_driver) StderrLine: {'line': b'      |                       \x1b[01;35m\x1b[K^~~~~~~\x1b[m\x1b[K\n'}
[49.168162] (mocap4r2_vicon_driver) StderrLine: {'line': b'\x1b[01m\x1b[K/home/strain-drone/Documents/drone_position_hold/ros2_ws/src/mocap4ros2_vicon/mocap4r2_vicon_driver/ThirdParty/DataStream/ViconDataStreamSDKCore/RetimingCore.cpp:194:23:\x1b[m\x1b[K \x1b[01;36m\x1b[Knote: \x1b[m\x1b[Kuse reference type to prevent copying\n'}
[49.172592] (mocap4r2_vicon_driver) StderrLine: {'line': b'  194 |       for( const auto \x1b[01;36m\x1b[KLatency\x1b[m\x1b[K : p1->Latencies )\n'}
[49.172989] (mocap4r2_vicon_driver) StderrLine: {'line': b'      |                       \x1b[01;36m\x1b[K^~~~~~~\x1b[m\x1b[K\n'}
[49.174507] (mocap4r2_vicon_driver) StderrLine: {'line': b'      |                       \x1b[32m\x1b[K&\x1b[m\x1b[K\n'}
[49.174812] (mocap4r2_vicon_driver) StderrLine: {'line': b'\x1b[01m\x1b[K/home/strain-drone/Documents/drone_position_hold/ros2_ws/src/mocap4ros2_vicon/mocap4r2_vicon_driver/ThirdParty/DataStream/ViconDataStreamSDKCore/RetimingCore.cpp:204:23:\x1b[m\x1b[K \x1b[01;35m\x1b[Kwarning: \x1b[m\x1b[Kloop variable \xe2\x80\x98\x1b[01m\x1b[KSegIt\x1b[m\x1b[K\xe2\x80\x99 creates a copy from type \xe2\x80\x98\x1b[01m\x1b[Kconst std::pair<const std::__cxx11::basic_string<char>, std::shared_ptr<ViconDataStreamSDK::Core::VSegmentPose> >\x1b[m\x1b[K\xe2\x80\x99 [\x1b[01;35m\x1b[K-Wrange-loop-construct\x1b[m\x1b[K]\n'}
[49.174997] (mocap4r2_vicon_driver) StderrLine: {'line': b'  204 |       for( const auto \x1b[01;35m\x1b[KSegIt\x1b[m\x1b[K : p1->m_Segments )\n'}
[49.175263] (mocap4r2_vicon_driver) StderrLine: {'line': b'      |                       \x1b[01;35m\x1b[K^~~~~\x1b[m\x1b[K\n'}
[49.175475] (mocap4r2_vicon_driver) StderrLine: {'line': b'\x1b[01m\x1b[K/home/strain-drone/Documents/drone_position_hold/ros2_ws/src/mocap4ros2_vicon/mocap4r2_vicon_driver/ThirdParty/DataStream/ViconDataStreamSDKCore/RetimingCore.cpp:204:23:\x1b[m\x1b[K \x1b[01;36m\x1b[Knote: \x1b[m\x1b[Kuse reference type to prevent copying\n'}
[49.175623] (mocap4r2_vicon_driver) StderrLine: {'line': b'  204 |       for( const auto \x1b[01;36m\x1b[KSegIt\x1b[m\x1b[K : p1->m_Segments )\n'}
[49.175793] (mocap4r2_vicon_driver) StderrLine: {'line': b'      |                       \x1b[01;36m\x1b[K^~~~~\x1b[m\x1b[K\n'}
[49.175989] (mocap4r2_vicon_driver) StderrLine: {'line': b'      |                       \x1b[32m\x1b[K&\x1b[m\x1b[K\n'}
[49.176154] (mocap4r2_vicon_driver) StderrLine: {'line': b'\x1b[01m\x1b[K/home/strain-drone/Documents/drone_position_hold/ros2_ws/src/mocap4ros2_vicon/mocap4r2_vicon_driver/ThirdParty/DataStream/ViconDataStreamSDKCore/RetimingCore.cpp:207:25:\x1b[m\x1b[K \x1b[01;35m\x1b[Kwarning: \x1b[m\x1b[Kloop variable \xe2\x80\x98\x1b[01m\x1b[KSegIt2\x1b[m\x1b[K\xe2\x80\x99 creates a copy from type \xe2\x80\x98\x1b[01m\x1b[Kconst std::pair<const std::__cxx11::basic_string<char>, std::shared_ptr<ViconDataStreamSDK::Core::VSegmentPose> >\x1b[m\x1b[K\xe2\x80\x99 [\x1b[01;35m\x1b[K-Wrange-loop-construct\x1b[m\x1b[K]\n'}
[49.176302] (mocap4r2_vicon_driver) StderrLine: {'line': b'  207 |         for( const auto \x1b[01;35m\x1b[KSegIt2\x1b[m\x1b[K : p2->m_Segments )\n'}
[49.177546] (mocap4r2_vicon_driver) StderrLine: {'line': b'      |                         \x1b[01;35m\x1b[K^~~~~~\x1b[m\x1b[K\n'}
[49.177817] (mocap4r2_vicon_driver) StderrLine: {'line': b'\x1b[01m\x1b[K/home/strain-drone/Documents/drone_position_hold/ros2_ws/src/mocap4ros2_vicon/mocap4r2_vicon_driver/ThirdParty/DataStream/ViconDataStreamSDKCore/RetimingCore.cpp:207:25:\x1b[m\x1b[K \x1b[01;36m\x1b[Knote: \x1b[m\x1b[Kuse reference type to prevent copying\n'}
[49.177976] (mocap4r2_vicon_driver) StderrLine: {'line': b'  207 |         for( const auto \x1b[01;36m\x1b[KSegIt2\x1b[m\x1b[K : p2->m_Segments )\n'}
[49.178102] (mocap4r2_vicon_driver) StderrLine: {'line': b'      |                         \x1b[01;36m\x1b[K^~~~~~\x1b[m\x1b[K\n'}
[49.178215] (mocap4r2_vicon_driver) StderrLine: {'line': b'      |                         \x1b[32m\x1b[K&\x1b[m\x1b[K\n'}
[49.181458] (mocap4r2_vicon_driver) StderrLine: {'line': b'\x1b[01m\x1b[K/home/strain-drone/Documents/drone_position_hold/ros2_ws/src/mocap4ros2_vicon/mocap4r2_vicon_driver/ThirdParty/DataStream/ViconDataStreamSDKCore/RetimingCore.cpp:\x1b[m\x1b[K In static member function \xe2\x80\x98\x1b[01m\x1b[Kstatic std::string ViconDataStreamSDK::Core::VSubjectPose::\x1b[01;32m\x1b[KOutputHeader\x1b[m\x1b[K(const std::shared_ptr<ViconDataStreamSDK::Core::VSubjectPose>&)\x1b[m\x1b[K\xe2\x80\x99:\n'}
[49.181742] (mocap4r2_vicon_driver) StderrLine: {'line': b'\x1b[01m\x1b[K/home/strain-drone/Documents/drone_position_hold/ros2_ws/src/mocap4ros2_vicon/mocap4r2_vicon_driver/ThirdParty/DataStream/ViconDataStreamSDKCore/RetimingCore.cpp:394:23:\x1b[m\x1b[K \x1b[01;35m\x1b[Kwarning: \x1b[m\x1b[Kloop variable \xe2\x80\x98\x1b[01m\x1b[KLatency\x1b[m\x1b[K\xe2\x80\x99 creates a copy from type \xe2\x80\x98\x1b[01m\x1b[Kconst std::pair<const std::__cxx11::basic_string<char>, double>\x1b[m\x1b[K\xe2\x80\x99 [\x1b[01;35m\x1b[K-Wrange-loop-construct\x1b[m\x1b[K]\n'}
[49.181879] (mocap4r2_vicon_driver) StderrLine: {'line': b'  394 |       for( const auto \x1b[01;35m\x1b[KLatency\x1b[m\x1b[K : i_rPose->Latencies )\n'}
[49.181988] (mocap4r2_vicon_driver) StderrLine: {'line': b'      |                       \x1b[01;35m\x1b[K^~~~~~~\x1b[m\x1b[K\n'}
[49.182091] (mocap4r2_vicon_driver) StderrLine: {'line': b'\x1b[01m\x1b[K/home/strain-drone/Documents/drone_position_hold/ros2_ws/src/mocap4ros2_vicon/mocap4r2_vicon_driver/ThirdParty/DataStream/ViconDataStreamSDKCore/RetimingCore.cpp:394:23:\x1b[m\x1b[K \x1b[01;36m\x1b[Knote: \x1b[m\x1b[Kuse reference type to prevent copying\n'}
[49.182204] (mocap4r2_vicon_driver) StderrLine: {'line': b'  394 |       for( const auto \x1b[01;36m\x1b[KLatency\x1b[m\x1b[K : i_rPose->Latencies )\n'}
[49.182308] (mocap4r2_vicon_driver) StderrLine: {'line': b'      |                       \x1b[01;36m\x1b[K^~~~~~~\x1b[m\x1b[K\n'}
[49.182540] (mocap4r2_vicon_driver) StderrLine: {'line': b'      |                       \x1b[32m\x1b[K&\x1b[m\x1b[K\n'}
[49.182653] (mocap4r2_vicon_driver) StderrLine: {'line': b'\x1b[01m\x1b[K/home/strain-drone/Documents/drone_position_hold/ros2_ws/src/mocap4ros2_vicon/mocap4r2_vicon_driver/ThirdParty/DataStream/ViconDataStreamSDKCore/RetimingCore.cpp:\x1b[m\x1b[K In function \xe2\x80\x98\x1b[01m\x1b[Kstd::ostream& ViconDataStreamSDK::Core::\x1b[01;32m\x1b[Koperator<<\x1b[m\x1b[K(std::ostream&, const VSubjectPose&)\x1b[m\x1b[K\xe2\x80\x99:\n'}
[49.184760] (mocap4r2_vicon_driver) StderrLine: {'line': b'\x1b[01m\x1b[K/home/strain-drone/Documents/drone_position_hold/ros2_ws/src/mocap4ros2_vicon/mocap4r2_vicon_driver/ThirdParty/DataStream/ViconDataStreamSDKCore/RetimingCore.cpp:414:23:\x1b[m\x1b[K \x1b[01;35m\x1b[Kwarning: \x1b[m\x1b[Kloop variable \xe2\x80\x98\x1b[01m\x1b[KLatencySample\x1b[m\x1b[K\xe2\x80\x99 creates a copy from type \xe2\x80\x98\x1b[01m\x1b[Kconst std::pair<const std::__cxx11::basic_string<char>, double>\x1b[m\x1b[K\xe2\x80\x99 [\x1b[01;35m\x1b[K-Wrange-loop-construct\x1b[m\x1b[K]\n'}
[49.184972] (mocap4r2_vicon_driver) StderrLine: {'line': b'  414 |       for( const auto \x1b[01;35m\x1b[KLatencySample\x1b[m\x1b[K : i_Pose.Latencies )\n'}
[49.185126] (mocap4r2_vicon_driver) StderrLine: {'line': b'      |                       \x1b[01;35m\x1b[K^~~~~~~~~~~~~\x1b[m\x1b[K\n'}
[49.185280] (mocap4r2_vicon_driver) StderrLine: {'line': b'\x1b[01m\x1b[K/home/strain-drone/Documents/drone_position_hold/ros2_ws/src/mocap4ros2_vicon/mocap4r2_vicon_driver/ThirdParty/DataStream/ViconDataStreamSDKCore/RetimingCore.cpp:414:23:\x1b[m\x1b[K \x1b[01;36m\x1b[Knote: \x1b[m\x1b[Kuse reference type to prevent copying\n'}
[49.188692] (mocap4r2_vicon_driver) StderrLine: {'line': b'  414 |       for( const auto \x1b[01;36m\x1b[KLatencySample\x1b[m\x1b[K : i_Pose.Latencies )\n'}
[49.188826] (mocap4r2_vicon_driver) StderrLine: {'line': b'      |                       \x1b[01;36m\x1b[K^~~~~~~~~~~~~\x1b[m\x1b[K\n'}
[49.188915] (mocap4r2_vicon_driver) StderrLine: {'line': b'      |                       \x1b[32m\x1b[K&\x1b[m\x1b[K\n'}
[49.189003] (mocap4r2_vicon_driver) StderrLine: {'line': b'\x1b[01m\x1b[K/home/strain-drone/Documents/drone_position_hold/ros2_ws/src/mocap4ros2_vicon/mocap4r2_vicon_driver/ThirdParty/DataStream/ViconDataStreamSDKCore/RetimingCore.cpp:423:23:\x1b[m\x1b[K \x1b[01;35m\x1b[Kwarning: \x1b[m\x1b[Kloop variable \xe2\x80\x98\x1b[01m\x1b[KrSegment\x1b[m\x1b[K\xe2\x80\x99 creates a copy from type \xe2\x80\x98\x1b[01m\x1b[Kconst std::pair<const std::__cxx11::basic_string<char>, std::shared_ptr<ViconDataStreamSDK::Core::VSegmentPose> >\x1b[m\x1b[K\xe2\x80\x99 [\x1b[01;35m\x1b[K-Wrange-loop-construct\x1b[m\x1b[K]\n'}
[49.189119] (mocap4r2_vicon_driver) StderrLine: {'line': b'  423 |       for( const auto \x1b[01;35m\x1b[KrSegment\x1b[m\x1b[K : i_Pose.m_Segments )\n'}
[49.189231] (mocap4r2_vicon_driver) StderrLine: {'line': b'      |                       \x1b[01;35m\x1b[K^~~~~~~~\x1b[m\x1b[K\n'}
[49.189433] (mocap4r2_vicon_driver) StderrLine: {'line': b'\x1b[01m\x1b[K/home/strain-drone/Documents/drone_position_hold/ros2_ws/src/mocap4ros2_vicon/mocap4r2_vicon_driver/ThirdParty/DataStream/ViconDataStreamSDKCore/RetimingCore.cpp:423:23:\x1b[m\x1b[K \x1b[01;36m\x1b[Knote: \x1b[m\x1b[Kuse reference type to prevent copying\n'}
[49.189587] (mocap4r2_vicon_driver) StderrLine: {'line': b'  423 |       for( const auto \x1b[01;36m\x1b[KrSegment\x1b[m\x1b[K : i_Pose.m_Segments )\n'}
[49.189712] (mocap4r2_vicon_driver) StderrLine: {'line': b'      |                       \x1b[01;36m\x1b[K^~~~~~~~\x1b[m\x1b[K\n'}
[49.189810] (mocap4r2_vicon_driver) StderrLine: {'line': b'      |                       \x1b[32m\x1b[K&\x1b[m\x1b[K\n'}
[49.189904] (mocap4r2_vicon_driver) StdoutLine: {'line': b'[ 53%] \x1b[32mBuilding CXX object CMakeFiles/vicon_sdk.dir/ThirdParty/DataStream/ViconDataStreamSDKCore/WirelessConfiguration.cpp.o\x1b[0m\n'}
[49.190028] (rqt_mocap4r2_control) CommandEnded: {'returncode': 0}
[49.190622] (rqt_mocap4r2_control) JobProgress: {'identifier': 'rqt_mocap4r2_control', 'progress': 'build'}
[49.190675] (rqt_mocap4r2_control) Command: {'cmd': ['/usr/bin/cmake', '--build', '/home/strain-drone/Documents/drone_position_hold/ros2_ws/src/build/rqt_mocap4r2_control', '--', '-j4', '-l4'], 'cwd': '/home/strain-drone/Documents/drone_position_hold/ros2_ws/src/build/rqt_mocap4r2_control', 'env': OrderedDict({'LESSOPEN': '| /usr/bin/lesspipe %s', 'USER': 'strain-drone', 'SSH_CLIENT': '100.125.10.128 53782 22', 'XDG_SESSION_TYPE': 'tty', 'GIT_ASKPASS': '/home/strain-drone/.vscode-server/cli/servers/Stable-b6a47e94e326b5c209d118cf0f994d6065585705/server/extensions/git/dist/askpass.sh', 'SHLVL': '2', 'LD_LIBRARY_PATH': '/home/strain-drone/Documents/drone_position_hold/ros2_ws/src/install/mocap4r2_control/lib:/home/strain-drone/Documents/drone_position_hold/ros2_ws/src/install/mocap4r2_control_msgs/lib:/opt/ros/jazzy/opt/rviz_ogre_vendor/lib:/opt/ros/jazzy/lib/aarch64-linux-gnu:/opt/ros/jazzy/opt/gz_math_vendor/lib:/opt/ros/jazzy/opt/gz_utils_vendor/lib:/opt/ros/jazzy/opt/gz_cmake_vendor/lib:/opt/ros/jazzy/lib:/home/strain-drone/Documents/drone_position_hold/ros2_ws/src/natnet_ros2/deps/NatNetSDK/lib:/home/strain-drone/Documents/drone_position_hold/ros2_ws/src/natnet_ros2/deps/NatNetSDK/lib', 'BROWSER': '/home/strain-drone/.vscode-server/cli/servers/Stable-b6a47e94e326b5c209d118cf0f994d6065585705/server/bin/helpers/browser.sh', 'HOME': '/home/strain-drone', 'TERM_PROGRAM_VERSION': '1.109.3', 'VSCODE_IPC_HOOK_CLI': '/run/user/1002/vscode-ipc-7f844f56-ced9-4e8e-9017-09603271f316.sock', 'ROS_PYTHON_VERSION': '3', 'VSCODE_GIT_ASKPASS_MAIN': '/home/strain-drone/.vscode-server/cli/servers/Stable-b6a47e94e326b5c209d118cf0f994d6065585705/server/extensions/git/dist/askpass-main.js', 'PS1': '\\[\x1b]633;A\x07\\]\\[\\e]0;\\u@\\h: \\w\\a\\]${debian_chroot:+($debian_chroot)}\\[\\033[01;32m\\]\\u@\\h\\[\\033[00m\\]:\\[\\033[01;34m\\]\\w\\[\\033[00m\\]\\$ \\[\x1b]633;B\x07\\]', 'VSCODE_GIT_ASKPASS_NODE': '/home/strain-drone/.vscode-server/cli/servers/Stable-b6a47e94e326b5c209d118cf0f994d6065585705/server/node', 'SSL_CERT_FILE': '/usr/lib/ssl/cert.pem', 'VSCODE_PYTHON_AUTOACTIVATE_GUARD': '1', 'DBUS_SESSION_BUS_ADDRESS': 'unix:path=/run/user/1002/bus', 'COLORTERM': 'truecolor', 'DEBUGINFOD_URLS': 'https://debuginfod.ubuntu.com', 'ROS_DISTRO': 'jazzy', 'LOGNAME': 'strain-drone', '_': '/usr/bin/colcon', 'ROS_VERSION': '2', 'XDG_SESSION_CLASS': 'user', 'TERM': 'xterm-256color', 'XDG_SESSION_ID': '12', 'PATH': '/home/strain-drone/.vscode-server/data/User/globalStorage/github.copilot-chat/debugCommand:/home/strain-drone/.vscode-server/data/User/globalStorage/github.copilot-chat/copilotCli:/home/strain-drone/.vscode-server/cli/servers/Stable-b6a47e94e326b5c209d118cf0f994d6065585705/server/bin/remote-cli:/usr/lib/ccache:/home/strain-drone/Documents/ardupilot/Tools/autotest:/opt/gcc-arm-none-eabi-10-2020-q4-major/bin:/home/strain-drone/venv-ardupilot/bin:/home/strain-drone/.local/bin:/opt/ros/jazzy/bin:/usr/lib/ccache:/home/strain-drone/Documents/ardupilot/Tools/autotest:/opt/gcc-arm-none-eabi-10-2020-q4-major/bin:/home/strain-drone/venv-ardupilot/bin:/home/strain-drone/.local/bin:/usr/local/sbin:/usr/local/bin:/usr/sbin:/usr/bin:/sbin:/bin:/usr/games:/usr/local/games:/snap/bin:/home/strain-drone/.local/bin:/home/strain-drone/.local/bin:/home/strain-drone/.local/bin:/home/strain-drone/.local/bin', 'XDG_RUNTIME_DIR': '/run/user/1002', 'SSL_CERT_DIR': '/usr/lib/ssl/certs', 'LANG': 'en_US.UTF-8', 'VIRTUAL_ENV_PROMPT': '(venv-ardupilot)', 'LS_COLORS': 'rs=0:di=01;34:ln=01;36:mh=00:pi=40;33:so=01;35:do=01;35:bd=40;33;01:cd=40;33;01:or=40;31;01:mi=00:su=37;41:sg=30;43:ca=00:tw=30;42:ow=34;42:st=37;44:ex=01;32:*.tar=01;31:*.tgz=01;31:*.arc=01;31:*.arj=01;31:*.taz=01;31:*.lha=01;31:*.lz4=01;31:*.lzh=01;31:*.lzma=01;31:*.tlz=01;31:*.txz=01;31:*.tzo=01;31:*.t7z=01;31:*.zip=01;31:*.z=01;31:*.dz=01;31:*.gz=01;31:*.lrz=01;31:*.lz=01;31:*.lzo=01;31:*.xz=01;31:*.zst=01;31:*.tzst=01;31:*.bz2=01;31:*.bz=01;31:*.tbz=01;31:*.tbz2=01;31:*.tz=01;31:*.deb=01;31:*.rpm=01;31:*.jar=01;31:*.war=01;31:*.ear=01;31:*.sar=01;31:*.rar=01;31:*.alz=01;31:*.ace=01;31:*.zoo=01;31:*.cpio=01;31:*.7z=01;31:*.rz=01;31:*.cab=01;31:*.wim=01;31:*.swm=01;31:*.dwm=01;31:*.esd=01;31:*.avif=01;35:*.jpg=01;35:*.jpeg=01;35:*.mjpg=01;35:*.mjpeg=01;35:*.gif=01;35:*.bmp=01;35:*.pbm=01;35:*.pgm=01;35:*.ppm=01;35:*.tga=01;35:*.xbm=01;35:*.xpm=01;35:*.tif=01;35:*.tiff=01;35:*.png=01;35:*.svg=01;35:*.svgz=01;35:*.mng=01;35:*.pcx=01;35:*.mov=01;35:*.mpg=01;35:*.mpeg=01;35:*.m2v=01;35:*.mkv=01;35:*.webm=01;35:*.webp=01;35:*.ogm=01;35:*.mp4=01;35:*.m4v=01;35:*.mp4v=01;35:*.vob=01;35:*.qt=01;35:*.nuv=01;35:*.wmv=01;35:*.asf=01;35:*.rm=01;35:*.rmvb=01;35:*.flc=01;35:*.avi=01;35:*.fli=01;35:*.flv=01;35:*.gl=01;35:*.dl=01;35:*.xcf=01;35:*.xwd=01;35:*.yuv=01;35:*.cgm=01;35:*.emf=01;35:*.ogv=01;35:*.ogx=01;35:*.aac=00;36:*.au=00;36:*.flac=00;36:*.m4a=00;36:*.mid=00;36:*.midi=00;36:*.mka=00;36:*.mp3=00;36:*.mpc=00;36:*.ogg=00;36:*.ra=00;36:*.wav=00;36:*.oga=00;36:*.opus=00;36:*.spx=00;36:*.xspf=00;36:*~=00;90:*#=00;90:*.bak=00;90:*.crdownload=00;90:*.dpkg-dist=00;90:*.dpkg-new=00;90:*.dpkg-old=00;90:*.dpkg-tmp=00;90:*.old=00;90:*.orig=00;90:*.part=00;90:*.rej=00;90:*.rpmnew=00;90:*.rpmorig=00;90:*.rpmsave=00;90:*.swp=00;90:*.tmp=00;90:*.ucf-dist=00;90:*.ucf-new=00;90:*.ucf-old=00;90:', 'VSCODE_GIT_IPC_HANDLE': '/run/user/1002/vscode-git-227cc40744.sock', 'TERM_PROGRAM': 'vscode', 'ROS_DOMAIN_ID': '1', 'AMENT_PREFIX_PATH': '/home/strain-drone/Documents/drone_position_hold/ros2_ws/src/install/mocap4r2_control:/home/strain-drone/Documents/drone_position_hold/ros2_ws/src/install/mocap4r2_control_msgs:/opt/ros/jazzy', 'SHELL': '/bin/bash', 'LESSCLOSE': '/usr/bin/lesspipe %s %s', 'VIRTUAL_ENV': '/home/strain-drone/venv-ardupilot', 'ROS_AUTOMATIC_DISCOVERY_RANGE': 'SUBNET', 'VSCODE_GIT_ASKPASS_EXTRA_ARGS': '', 'PWD': '/home/strain-drone/Documents/drone_position_hold/ros2_ws/src/build/rqt_mocap4r2_control', 'LC_ALL': 'en_US.UTF-8', 'SSH_CONNECTION': '100.125.10.128 53782 100.96.124.69 22', 'XDG_DATA_DIRS': '/usr/share/gnome:/usr/local/share:/usr/share:/var/lib/snapd/desktop', 'PYTHONPATH': '/home/strain-drone/Documents/drone_position_hold/ros2_ws/src/install/mocap4r2_control_msgs/lib/python3.12/site-packages:/opt/ros/jazzy/lib/python3.12/site-packages', 'COLCON': '1', 'CMAKE_PREFIX_PATH': '/home/strain-drone/Documents/drone_position_hold/ros2_ws/src/install/mocap4r2_control:/home/strain-drone/Documents/drone_position_hold/ros2_ws/src/install/mocap4r2_control_msgs:/opt/ros/jazzy/opt/gz_math_vendor:/opt/ros/jazzy/opt/gz_utils_vendor:/opt/ros/jazzy/opt/gz_cmake_vendor:/opt/ros/jazzy'}), 'shell': False}
[49.193099] (mocap4r2_vicon_driver) StdoutLine: {'line': b'[ 56%] \x1b[32mBuilding CXX object CMakeFiles/vicon_sdk.dir/ThirdParty/DataStream/ViconDataStreamSDKCoreUtils/AxisMapping.cpp.o\x1b[0m\n'}
[49.193377] (mocap4r2_dummy_driver) CommandEnded: {'returncode': 0}
[49.193862] (mocap4r2_dummy_driver) JobProgress: {'identifier': 'mocap4r2_dummy_driver', 'progress': 'install'}
[49.196396] (mocap4r2_dummy_driver) Command: {'cmd': ['/usr/bin/cmake', '--install', '/home/strain-drone/Documents/drone_position_hold/ros2_ws/src/build/mocap4r2_dummy_driver'], 'cwd': '/home/strain-drone/Documents/drone_position_hold/ros2_ws/src/build/mocap4r2_dummy_driver', 'env': OrderedDict({'LESSOPEN': '| /usr/bin/lesspipe %s', 'USER': 'strain-drone', 'SSH_CLIENT': '100.125.10.128 53782 22', 'XDG_SESSION_TYPE': 'tty', 'GIT_ASKPASS': '/home/strain-drone/.vscode-server/cli/servers/Stable-b6a47e94e326b5c209d118cf0f994d6065585705/server/extensions/git/dist/askpass.sh', 'SHLVL': '2', 'LD_LIBRARY_PATH': '/home/strain-drone/Documents/drone_position_hold/ros2_ws/src/install/mocap4r2_control/lib:/home/strain-drone/Documents/drone_position_hold/ros2_ws/src/install/mocap4r2_msgs/lib:/home/strain-drone/Documents/drone_position_hold/ros2_ws/src/install/mocap4r2_control_msgs/lib:/opt/ros/jazzy/opt/rviz_ogre_vendor/lib:/opt/ros/jazzy/lib/aarch64-linux-gnu:/opt/ros/jazzy/opt/gz_math_vendor/lib:/opt/ros/jazzy/opt/gz_utils_vendor/lib:/opt/ros/jazzy/opt/gz_cmake_vendor/lib:/opt/ros/jazzy/lib:/home/strain-drone/Documents/drone_position_hold/ros2_ws/src/natnet_ros2/deps/NatNetSDK/lib:/home/strain-drone/Documents/drone_position_hold/ros2_ws/src/natnet_ros2/deps/NatNetSDK/lib', 'BROWSER': '/home/strain-drone/.vscode-server/cli/servers/Stable-b6a47e94e326b5c209d118cf0f994d6065585705/server/bin/helpers/browser.sh', 'HOME': '/home/strain-drone', 'TERM_PROGRAM_VERSION': '1.109.3', 'VSCODE_IPC_HOOK_CLI': '/run/user/1002/vscode-ipc-7f844f56-ced9-4e8e-9017-09603271f316.sock', 'ROS_PYTHON_VERSION': '3', 'VSCODE_GIT_ASKPASS_MAIN': '/home/strain-drone/.vscode-server/cli/servers/Stable-b6a47e94e326b5c209d118cf0f994d6065585705/server/extensions/git/dist/askpass-main.js', 'PS1': '\\[\x1b]633;A\x07\\]\\[\\e]0;\\u@\\h: \\w\\a\\]${debian_chroot:+($debian_chroot)}\\[\\033[01;32m\\]\\u@\\h\\[\\033[00m\\]:\\[\\033[01;34m\\]\\w\\[\\033[00m\\]\\$ \\[\x1b]633;B\x07\\]', 'VSCODE_GIT_ASKPASS_NODE': '/home/strain-drone/.vscode-server/cli/servers/Stable-b6a47e94e326b5c209d118cf0f994d6065585705/server/node', 'SSL_CERT_FILE': '/usr/lib/ssl/cert.pem', 'VSCODE_PYTHON_AUTOACTIVATE_GUARD': '1', 'DBUS_SESSION_BUS_ADDRESS': 'unix:path=/run/user/1002/bus', 'COLORTERM': 'truecolor', 'DEBUGINFOD_URLS': 'https://debuginfod.ubuntu.com', 'ROS_DISTRO': 'jazzy', 'LOGNAME': 'strain-drone', '_': '/usr/bin/colcon', 'ROS_VERSION': '2', 'XDG_SESSION_CLASS': 'user', 'TERM': 'xterm-256color', 'XDG_SESSION_ID': '12', 'PATH': '/home/strain-drone/.vscode-server/data/User/globalStorage/github.copilot-chat/debugCommand:/home/strain-drone/.vscode-server/data/User/globalStorage/github.copilot-chat/copilotCli:/home/strain-drone/.vscode-server/cli/servers/Stable-b6a47e94e326b5c209d118cf0f994d6065585705/server/bin/remote-cli:/usr/lib/ccache:/home/strain-drone/Documents/ardupilot/Tools/autotest:/opt/gcc-arm-none-eabi-10-2020-q4-major/bin:/home/strain-drone/venv-ardupilot/bin:/home/strain-drone/.local/bin:/opt/ros/jazzy/bin:/usr/lib/ccache:/home/strain-drone/Documents/ardupilot/Tools/autotest:/opt/gcc-arm-none-eabi-10-2020-q4-major/bin:/home/strain-drone/venv-ardupilot/bin:/home/strain-drone/.local/bin:/usr/local/sbin:/usr/local/bin:/usr/sbin:/usr/bin:/sbin:/bin:/usr/games:/usr/local/games:/snap/bin:/home/strain-drone/.local/bin:/home/strain-drone/.local/bin:/home/strain-drone/.local/bin:/home/strain-drone/.local/bin', 'XDG_RUNTIME_DIR': '/run/user/1002', 'SSL_CERT_DIR': '/usr/lib/ssl/certs', 'LANG': 'en_US.UTF-8', 'VIRTUAL_ENV_PROMPT': '(venv-ardupilot)', 'LS_COLORS': 'rs=0:di=01;34:ln=01;36:mh=00:pi=40;33:so=01;35:do=01;35:bd=40;33;01:cd=40;33;01:or=40;31;01:mi=00:su=37;41:sg=30;43:ca=00:tw=30;42:ow=34;42:st=37;44:ex=01;32:*.tar=01;31:*.tgz=01;31:*.arc=01;31:*.arj=01;31:*.taz=01;31:*.lha=01;31:*.lz4=01;31:*.lzh=01;31:*.lzma=01;31:*.tlz=01;31:*.txz=01;31:*.tzo=01;31:*.t7z=01;31:*.zip=01;31:*.z=01;31:*.dz=01;31:*.gz=01;31:*.lrz=01;31:*.lz=01;31:*.lzo=01;31:*.xz=01;31:*.zst=01;31:*.tzst=01;31:*.bz2=01;31:*.bz=01;31:*.tbz=01;31:*.tbz2=01;31:*.tz=01;31:*.deb=01;31:*.rpm=01;31:*.jar=01;31:*.war=01;31:*.ear=01;31:*.sar=01;31:*.rar=01;31:*.alz=01;31:*.ace=01;31:*.zoo=01;31:*.cpio=01;31:*.7z=01;31:*.rz=01;31:*.cab=01;31:*.wim=01;31:*.swm=01;31:*.dwm=01;31:*.esd=01;31:*.avif=01;35:*.jpg=01;35:*.jpeg=01;35:*.mjpg=01;35:*.mjpeg=01;35:*.gif=01;35:*.bmp=01;35:*.pbm=01;35:*.pgm=01;35:*.ppm=01;35:*.tga=01;35:*.xbm=01;35:*.xpm=01;35:*.tif=01;35:*.tiff=01;35:*.png=01;35:*.svg=01;35:*.svgz=01;35:*.mng=01;35:*.pcx=01;35:*.mov=01;35:*.mpg=01;35:*.mpeg=01;35:*.m2v=01;35:*.mkv=01;35:*.webm=01;35:*.webp=01;35:*.ogm=01;35:*.mp4=01;35:*.m4v=01;35:*.mp4v=01;35:*.vob=01;35:*.qt=01;35:*.nuv=01;35:*.wmv=01;35:*.asf=01;35:*.rm=01;35:*.rmvb=01;35:*.flc=01;35:*.avi=01;35:*.fli=01;35:*.flv=01;35:*.gl=01;35:*.dl=01;35:*.xcf=01;35:*.xwd=01;35:*.yuv=01;35:*.cgm=01;35:*.emf=01;35:*.ogv=01;35:*.ogx=01;35:*.aac=00;36:*.au=00;36:*.flac=00;36:*.m4a=00;36:*.mid=00;36:*.midi=00;36:*.mka=00;36:*.mp3=00;36:*.mpc=00;36:*.ogg=00;36:*.ra=00;36:*.wav=00;36:*.oga=00;36:*.opus=00;36:*.spx=00;36:*.xspf=00;36:*~=00;90:*#=00;90:*.bak=00;90:*.crdownload=00;90:*.dpkg-dist=00;90:*.dpkg-new=00;90:*.dpkg-old=00;90:*.dpkg-tmp=00;90:*.old=00;90:*.orig=00;90:*.part=00;90:*.rej=00;90:*.rpmnew=00;90:*.rpmorig=00;90:*.rpmsave=00;90:*.swp=00;90:*.tmp=00;90:*.ucf-dist=00;90:*.ucf-new=00;90:*.ucf-old=00;90:', 'VSCODE_GIT_IPC_HANDLE': '/run/user/1002/vscode-git-227cc40744.sock', 'TERM_PROGRAM': 'vscode', 'ROS_DOMAIN_ID': '1', 'AMENT_PREFIX_PATH': '/home/strain-drone/Documents/drone_position_hold/ros2_ws/src/install/mocap4r2_control:/home/strain-drone/Documents/drone_position_hold/ros2_ws/src/install/mocap4r2_msgs:/home/strain-drone/Documents/drone_position_hold/ros2_ws/src/install/mocap4r2_control_msgs:/opt/ros/jazzy', 'SHELL': '/bin/bash', 'LESSCLOSE': '/usr/bin/lesspipe %s %s', 'VIRTUAL_ENV': '/home/strain-drone/venv-ardupilot', 'ROS_AUTOMATIC_DISCOVERY_RANGE': 'SUBNET', 'VSCODE_GIT_ASKPASS_EXTRA_ARGS': '', 'PWD': '/home/strain-drone/Documents/drone_position_hold/ros2_ws/src/build/mocap4r2_dummy_driver', 'LC_ALL': 'en_US.UTF-8', 'SSH_CONNECTION': '100.125.10.128 53782 100.96.124.69 22', 'XDG_DATA_DIRS': '/usr/share/gnome:/usr/local/share:/usr/share:/var/lib/snapd/desktop', 'PYTHONPATH': '/home/strain-drone/Documents/drone_position_hold/ros2_ws/src/install/mocap4r2_msgs/lib/python3.12/site-packages:/home/strain-drone/Documents/drone_position_hold/ros2_ws/src/install/mocap4r2_control_msgs/lib/python3.12/site-packages:/opt/ros/jazzy/lib/python3.12/site-packages', 'COLCON': '1', 'CMAKE_PREFIX_PATH': '/home/strain-drone/Documents/drone_position_hold/ros2_ws/src/install/mocap4r2_control:/home/strain-drone/Documents/drone_position_hold/ros2_ws/src/install/mocap4r2_msgs:/home/strain-drone/Documents/drone_position_hold/ros2_ws/src/install/mocap4r2_control_msgs:/opt/ros/jazzy/opt/gz_math_vendor:/opt/ros/jazzy/opt/gz_utils_vendor:/opt/ros/jazzy/opt/gz_cmake_vendor:/opt/ros/jazzy'}), 'shell': False}
[49.198603] (mocap4r2_vicon_driver) StdoutLine: {'line': b'[ 60%] \x1b[32mBuilding CXX object CMakeFiles/vicon_sdk.dir/ThirdParty/DataStream/ViconDataStreamSDKCoreUtils/ClientUtils.cpp.o\x1b[0m\n'}
[49.203079] (-) TimerEvent: {}
[49.204201] (mocap4r2_vicon_driver) StdoutLine: {'line': b'[ 63%] \x1b[32mBuilding CXX object CMakeFiles/vicon_sdk.dir/ThirdParty/DataStream/ViconDataStreamSDK_C/CClient.cpp.o\x1b[0m\n'}
[49.217530] (mocap4r2_vicon_driver) StderrLine: {'line': b'\x1b[01m\x1b[K/home/strain-drone/Documents/drone_position_hold/ros2_ws/src/mocap4ros2_vicon/mocap4r2_vicon_driver/ThirdParty/DataStream/ViconDataStreamSDK_C/CClient.cpp:\x1b[m\x1b[K In function \xe2\x80\x98\x1b[01m\x1b[KCEnum\x1b[01;32m\x1b[K Client_EnableGreyscaleData\x1b[m\x1b[K(CClient*)\x1b[m\x1b[K\xe2\x80\x99:\n'}
[49.217999] (mocap4r2_vicon_driver) StderrLine: {'line': b'\x1b[01m\x1b[K/home/strain-drone/Documents/drone_position_hold/ros2_ws/src/mocap4ros2_vicon/mocap4r2_vicon_driver/ThirdParty/DataStream/ViconDataStreamSDK_C/CClient.cpp:688:44:\x1b[m\x1b[K \x1b[01;35m\x1b[Kwarning: \x1b[m\x1b[Kunused parameter \xe2\x80\x98\x1b[01m\x1b[Kclient\x1b[m\x1b[K\xe2\x80\x99 [\x1b[01;35m\x1b[K-Wunused-parameter\x1b[m\x1b[K]\n'}
[49.218263] (mocap4r2_dummy_driver) StdoutLine: {'line': b'-- Install configuration: ""\n'}
[49.218516] (mocap4r2_dummy_driver) StdoutLine: {'line': b'-- Installing: /home/strain-drone/Documents/drone_position_hold/ros2_ws/src/install/mocap4r2_dummy_driver/share/mocap4r2_dummy_driver/launch\n'}
[49.218856] (mocap4r2_vicon_driver) StderrLine: {'line': b'  688 | CEnum Client_EnableGreyscaleData( \x1b[01;35m\x1b[KCClient* client\x1b[m\x1b[K )\n'}
[49.218997] (mocap4r2_vicon_driver) StderrLine: {'line': b'      |                                   \x1b[01;35m\x1b[K~~~~~~~~~^~~~~~\x1b[m\x1b[K\n'}
[49.219106] (mocap4r2_vicon_driver) StderrLine: {'line': b'\x1b[01m\x1b[K/home/strain-drone/Documents/drone_position_hold/ros2_ws/src/mocap4ros2_vicon/mocap4r2_vicon_driver/ThirdParty/DataStream/ViconDataStreamSDK_C/CClient.cpp:\x1b[m\x1b[K In function \xe2\x80\x98\x1b[01m\x1b[KCEnum\x1b[01;32m\x1b[K Client_DisableGreyscaleData\x1b[m\x1b[K(CClient*)\x1b[m\x1b[K\xe2\x80\x99:\n'}
[49.219253] (mocap4r2_vicon_driver) StderrLine: {'line': b'\x1b[01m\x1b[K/home/strain-drone/Documents/drone_position_hold/ros2_ws/src/mocap4ros2_vicon/mocap4r2_vicon_driver/ThirdParty/DataStream/ViconDataStreamSDK_C/CClient.cpp:713:45:\x1b[m\x1b[K \x1b[01;35m\x1b[Kwarning: \x1b[m\x1b[Kunused parameter \xe2\x80\x98\x1b[01m\x1b[Kclient\x1b[m\x1b[K\xe2\x80\x99 [\x1b[01;35m\x1b[K-Wunused-parameter\x1b[m\x1b[K]\n'}
[49.219460] (mocap4r2_vicon_driver) StderrLine: {'line': b'  713 | CEnum Client_DisableGreyscaleData( \x1b[01;35m\x1b[KCClient* client\x1b[m\x1b[K )\n'}
[49.219591] (mocap4r2_vicon_driver) StderrLine: {'line': b'      |                                    \x1b[01;35m\x1b[K~~~~~~~~~^~~~~~\x1b[m\x1b[K\n'}
[49.219679] (mocap4r2_vicon_driver) StderrLine: {'line': b'\x1b[01m\x1b[K/home/strain-drone/Documents/drone_position_hold/ros2_ws/src/mocap4ros2_vicon/mocap4r2_vicon_driver/ThirdParty/DataStream/ViconDataStreamSDK_C/CClient.cpp:\x1b[m\x1b[K In function \xe2\x80\x98\x1b[01m\x1b[KCBool\x1b[01;32m\x1b[K Client_IsGreyscaleDataEnabled\x1b[m\x1b[K(CClient*)\x1b[m\x1b[K\xe2\x80\x99:\n'}
[49.219782] (mocap4r2_vicon_driver) StderrLine: {'line': b'\x1b[01m\x1b[K/home/strain-drone/Documents/drone_position_hold/ros2_ws/src/mocap4ros2_vicon/mocap4r2_vicon_driver/ThirdParty/DataStream/ViconDataStreamSDK_C/CClient.cpp:738:47:\x1b[m\x1b[K \x1b[01;35m\x1b[Kwarning: \x1b[m\x1b[Kunused parameter \xe2\x80\x98\x1b[01m\x1b[Kclient\x1b[m\x1b[K\xe2\x80\x99 [\x1b[01;35m\x1b[K-Wunused-parameter\x1b[m\x1b[K]\n'}
[49.219896] (mocap4r2_vicon_driver) StderrLine: {'line': b'  738 | CBool Client_IsGreyscaleDataEnabled( \x1b[01;35m\x1b[KCClient* client\x1b[m\x1b[K )\n'}
[49.220008] (mocap4r2_vicon_driver) StderrLine: {'line': b'      |                                      \x1b[01;35m\x1b[K~~~~~~~~~^~~~~~\x1b[m\x1b[K\n'}
[49.220100] (mocap4r2_vicon_driver) StderrLine: {'line': b'\x1b[01m\x1b[K/home/strain-drone/Documents/drone_position_hold/ros2_ws/src/mocap4ros2_vicon/mocap4r2_vicon_driver/ThirdParty/DataStream/ViconDataStreamSDK_C/CClient.cpp:\x1b[m\x1b[K In function \xe2\x80\x98\x1b[01m\x1b[KCBool\x1b[01;32m\x1b[K Client_IsVideoDataEnabled\x1b[m\x1b[K(CClient*)\x1b[m\x1b[K\xe2\x80\x99:\n'}
[49.220201] (mocap4r2_vicon_driver) StderrLine: {'line': b'\x1b[01m\x1b[K/home/strain-drone/Documents/drone_position_hold/ros2_ws/src/mocap4ros2_vicon/mocap4r2_vicon_driver/ThirdParty/DataStream/ViconDataStreamSDK_C/CClient.cpp:743:43:\x1b[m\x1b[K \x1b[01;35m\x1b[Kwarning: \x1b[m\x1b[Kunused parameter \xe2\x80\x98\x1b[01m\x1b[Kclient\x1b[m\x1b[K\xe2\x80\x99 [\x1b[01;35m\x1b[K-Wunused-parameter\x1b[m\x1b[K]\n'}
[49.220317] (mocap4r2_vicon_driver) StderrLine: {'line': b'  743 | CBool Client_IsVideoDataEnabled( \x1b[01;35m\x1b[KCClient* client\x1b[m\x1b[K )\n'}
[49.220465] (mocap4r2_vicon_driver) StderrLine: {'line': b'      |                                  \x1b[01;35m\x1b[K~~~~~~~~~^~~~~~\x1b[m\x1b[K\n'}
[49.220567] (mocap4r2_vicon_driver) StderrLine: {'line': b'\x1b[01m\x1b[K/home/strain-drone/Documents/drone_position_hold/ros2_ws/src/mocap4ros2_vicon/mocap4r2_vicon_driver/ThirdParty/DataStream/ViconDataStreamSDK_C/CClient.cpp:\x1b[m\x1b[K In function \xe2\x80\x98\x1b[01m\x1b[Kvoid\x1b[01;32m\x1b[K Client_SetBufferSize\x1b[m\x1b[K(CClient*, unsigned int)\x1b[m\x1b[K\xe2\x80\x99:\n'}
[49.220671] (mocap4r2_vicon_driver) StderrLine: {'line': b'\x1b[01m\x1b[K/home/strain-drone/Documents/drone_position_hold/ros2_ws/src/mocap4ros2_vicon/mocap4r2_vicon_driver/ThirdParty/DataStream/ViconDataStreamSDK_C/CClient.cpp:758:58:\x1b[m\x1b[K \x1b[01;35m\x1b[Kwarning: \x1b[m\x1b[Kunused parameter \xe2\x80\x98\x1b[01m\x1b[KbufferSize\x1b[m\x1b[K\xe2\x80\x99 [\x1b[01;35m\x1b[K-Wunused-parameter\x1b[m\x1b[K]\n'}
[49.224400] (mocap4r2_vicon_driver) StderrLine: {'line': b'  758 | void Client_SetBufferSize( CClient* client, \x1b[01;35m\x1b[Kunsigned int bufferSize\x1b[m\x1b[K )\n'}
[49.224835] (mocap4r2_vicon_driver) StderrLine: {'line': b'      |                                             \x1b[01;35m\x1b[K~~~~~~~~~~~~~^~~~~~~~~~\x1b[m\x1b[K\n'}
[49.224997] (mocap4r2_dummy_driver) StdoutLine: {'line': b'-- Installing: /home/strain-drone/Documents/drone_position_hold/ros2_ws/src/install/mocap4r2_dummy_driver/share/mocap4r2_dummy_driver/launch/dummy.launch.py\n'}
[49.225221] (mocap4r2_dummy_driver) StdoutLine: {'line': b'-- Installing: /home/strain-drone/Documents/drone_position_hold/ros2_ws/src/install/mocap4r2_dummy_driver/lib/libmocap4r2_dummy_driver.a\n'}
[49.232006] (mocap4r2_dummy_driver) StdoutLine: {'line': b'-- Installing: /home/strain-drone/Documents/drone_position_hold/ros2_ws/src/install/mocap4r2_dummy_driver/lib/mocap4r2_dummy_driver/mocap4r2_dummy_driver_main\n'}
[49.235173] (mocap4r2_vicon_driver) StdoutLine: {'line': b'[ 66%] \x1b[32mBuilding CXX object CMakeFiles/vicon_sdk.dir/ThirdParty/DataStream/ViconDataStreamSDK_C/CRetimingClient.cpp.o\x1b[0m\n'}
[49.235563] (mocap4r2_dummy_driver) StdoutLine: {'line': b'-- Set non-toolchain portion of runtime path of "/home/strain-drone/Documents/drone_position_hold/ros2_ws/src/install/mocap4r2_dummy_driver/lib/mocap4r2_dummy_driver/mocap4r2_dummy_driver_main" to ""\n'}
[49.235753] (mocap4r2_dummy_driver) StdoutLine: {'line': b'-- Installing: /home/strain-drone/Documents/drone_position_hold/ros2_ws/src/install/mocap4r2_dummy_driver/share/ament_index/resource_index/package_run_dependencies/mocap4r2_dummy_driver\n'}
[49.240518] (mocap4r2_dummy_driver) StdoutLine: {'line': b'-- Installing: /home/strain-drone/Documents/drone_position_hold/ros2_ws/src/install/mocap4r2_dummy_driver/share/ament_index/resource_index/parent_prefix_path/mocap4r2_dummy_driver\n'}
[49.241264] (mocap4r2_dummy_driver) StdoutLine: {'line': b'-- Installing: /home/strain-drone/Documents/drone_position_hold/ros2_ws/src/install/mocap4r2_dummy_driver/share/mocap4r2_dummy_driver/environment/ament_prefix_path.sh\n'}
[49.241512] (mocap4r2_dummy_driver) StdoutLine: {'line': b'-- Installing: /home/strain-drone/Documents/drone_position_hold/ros2_ws/src/install/mocap4r2_dummy_driver/share/mocap4r2_dummy_driver/environment/ament_prefix_path.dsv\n'}
[49.242880] (mocap4r2_dummy_driver) StdoutLine: {'line': b'-- Installing: /home/strain-drone/Documents/drone_position_hold/ros2_ws/src/install/mocap4r2_dummy_driver/share/mocap4r2_dummy_driver/environment/path.sh\n'}
[49.243220] (mocap4r2_dummy_driver) StdoutLine: {'line': b'-- Installing: /home/strain-drone/Documents/drone_position_hold/ros2_ws/src/install/mocap4r2_dummy_driver/share/mocap4r2_dummy_driver/environment/path.dsv\n'}
[49.246287] (mocap4r2_dummy_driver) StdoutLine: {'line': b'-- Installing: /home/strain-drone/Documents/drone_position_hold/ros2_ws/src/install/mocap4r2_dummy_driver/share/mocap4r2_dummy_driver/local_setup.bash\n'}
[49.246706] (mocap4r2_dummy_driver) StdoutLine: {'line': b'-- Installing: /home/strain-drone/Documents/drone_position_hold/ros2_ws/src/install/mocap4r2_dummy_driver/share/mocap4r2_dummy_driver/local_setup.sh\n'}
[49.246842] (mocap4r2_dummy_driver) StdoutLine: {'line': b'-- Installing: /home/strain-drone/Documents/drone_position_hold/ros2_ws/src/install/mocap4r2_dummy_driver/share/mocap4r2_dummy_driver/local_setup.zsh\n'}
[49.246973] (mocap4r2_dummy_driver) StdoutLine: {'line': b'-- Installing: /home/strain-drone/Documents/drone_position_hold/ros2_ws/src/install/mocap4r2_dummy_driver/share/mocap4r2_dummy_driver/local_setup.dsv\n'}
[49.247080] (mocap4r2_dummy_driver) StdoutLine: {'line': b'-- Installing: /home/strain-drone/Documents/drone_position_hold/ros2_ws/src/install/mocap4r2_dummy_driver/share/mocap4r2_dummy_driver/package.dsv\n'}
[49.247171] (mocap4r2_dummy_driver) StdoutLine: {'line': b'-- Installing: /home/strain-drone/Documents/drone_position_hold/ros2_ws/src/install/mocap4r2_dummy_driver/share/ament_index/resource_index/packages/mocap4r2_dummy_driver\n'}
[49.247267] (mocap4r2_dummy_driver) StdoutLine: {'line': b'-- Installing: /home/strain-drone/Documents/drone_position_hold/ros2_ws/src/install/mocap4r2_dummy_driver/share/mocap4r2_dummy_driver/cmake/ament_cmake_export_dependencies-extras.cmake\n'}
[49.247428] (mocap4r2_dummy_driver) StdoutLine: {'line': b'-- Installing: /home/strain-drone/Documents/drone_position_hold/ros2_ws/src/install/mocap4r2_dummy_driver/share/mocap4r2_dummy_driver/cmake/mocap4r2_dummy_driverConfig.cmake\n'}
[49.247560] (mocap4r2_dummy_driver) StdoutLine: {'line': b'-- Installing: /home/strain-drone/Documents/drone_position_hold/ros2_ws/src/install/mocap4r2_dummy_driver/share/mocap4r2_dummy_driver/cmake/mocap4r2_dummy_driverConfig-version.cmake\n'}
[49.247734] (mocap4r2_dummy_driver) StdoutLine: {'line': b'-- Installing: /home/strain-drone/Documents/drone_position_hold/ros2_ws/src/install/mocap4r2_dummy_driver/share/mocap4r2_dummy_driver/package.xml\n'}
[49.255171] (mocap4r2_dummy_driver) CommandEnded: {'returncode': 0}
[49.255983] (mocap4r2_vicon_driver) StdoutLine: {'line': b'[ 70%] \x1b[32mBuilding CXX object CMakeFiles/vicon_sdk.dir/ThirdParty/DataStream/ViconDataStreamSDK_CPP/DataStreamClient.cpp.o\x1b[0m\n'}
[49.278671] (mocap4r2_vicon_driver) StdoutLine: {'line': b'[ 73%] \x1b[32mBuilding CXX object CMakeFiles/vicon_sdk.dir/ThirdParty/DataStream/ViconDataStreamSDK_CPP/DataStreamRetimingClient.cpp.o\x1b[0m\n'}
[49.278992] (mocap4r2_vicon_driver) StdoutLine: {'line': b'[ 76%] \x1b[32mBuilding CXX object CMakeFiles/vicon_sdk.dir/ThirdParty/StreamCommon/CGStreamAsyncReaderWriter.cpp.o\x1b[0m\n'}
[49.292171] (mocap4r2_dummy_driver) JobEnded: {'identifier': 'mocap4r2_dummy_driver', 'rc': 0}
[49.295660] (mocap4r2_vicon_driver) StdoutLine: {'line': b'[ 76%] Built target gtest\n'}
[49.303526] (-) TimerEvent: {}
[49.320491] (rqt_mocap4r2_control) StdoutLine: {'line': b'[ 25%] \x1b[34m\x1b[1mGenerating include/rqt_mocap4r2_control/moc_SystemController.cpp\x1b[0m\n'}
[49.320921] (rqt_mocap4r2_control) StdoutLine: {'line': b'[ 25%] \x1b[34m\x1b[1mGenerating ui_mocap4r2_control.h\x1b[0m\n'}
[49.328189] (rqt_mocap4r2_control) StderrLine: {'line': b'/home/strain-drone/Documents/drone_position_hold/ros2_ws/src/mocap4r2/mocap4r2_control/rqt_mocap4r2_control/include/rqt_mocap4r2_control/SystemController.hpp:0: Note: No relevant classes found. No output generated.\n'}
[49.329208] (rqt_mocap4r2_control) StdoutLine: {'line': b'[ 37%] \x1b[34m\x1b[1mGenerating include/rqt_mocap4r2_control/moc_mocap4r2_control.cpp\x1b[0m\n'}
[49.343164] (mocap4r2_vicon_driver) StdoutLine: {'line': b'[ 80%] \x1b[32m\x1b[1mLinking CXX shared library libvicon_sdk.so\x1b[0m\n'}
[49.378718] (rqt_mocap4r2_control) StdoutLine: {'line': b'[ 50%] \x1b[32mBuilding CXX object CMakeFiles/rqt_mocap4r2_control.dir/src/rqt_mocap4r2_control/mocap4r2_control.cpp.o\x1b[0m\n'}
[49.383195] (rqt_mocap4r2_control) StdoutLine: {'line': b'[ 75%] \x1b[32mBuilding CXX object CMakeFiles/rqt_mocap4r2_control.dir/include/rqt_mocap4r2_control/moc_SystemController.cpp.o\x1b[0m\n'}
[49.383624] (rqt_mocap4r2_control) StdoutLine: {'line': b'[ 75%] \x1b[32mBuilding CXX object CMakeFiles/rqt_mocap4r2_control.dir/include/rqt_mocap4r2_control/moc_mocap4r2_control.cpp.o\x1b[0m\n'}
[49.386180] (rqt_mocap4r2_control) StdoutLine: {'line': b'[ 87%] \x1b[32mBuilding CXX object CMakeFiles/rqt_mocap4r2_control.dir/src/rqt_mocap4r2_control/SystemController.cpp.o\x1b[0m\n'}
[49.403684] (-) TimerEvent: {}
[49.472305] (rqt_mocap4r2_control) StdoutLine: {'line': b'[100%] \x1b[32m\x1b[1mLinking CXX shared library librqt_mocap4r2_control.so\x1b[0m\n'}
[49.503818] (-) TimerEvent: {}
[49.604629] (-) TimerEvent: {}
[49.705578] (-) TimerEvent: {}
[49.806283] (-) TimerEvent: {}
[49.907485] (-) TimerEvent: {}
[50.008298] (-) TimerEvent: {}
[50.109185] (-) TimerEvent: {}
[50.209871] (-) TimerEvent: {}
[50.310542] (-) TimerEvent: {}
[50.411585] (-) TimerEvent: {}
[50.512799] (-) TimerEvent: {}
[50.613501] (-) TimerEvent: {}
[50.714248] (-) TimerEvent: {}
[50.734536] (mocap4r2_vicon_driver) StdoutLine: {'line': b'[ 80%] Built target vicon_sdk\n'}
[50.795507] (mocap4r2_vicon_driver) StdoutLine: {'line': b'[ 83%] \x1b[32mBuilding CXX object CMakeFiles/mocap4r2_vicon_driver.dir/src/mocap4r2_vicon_driver/mocap4r2_vicon_driver.cpp.o\x1b[0m\n'}
[50.814619] (-) TimerEvent: {}
[50.856283] (mocap4r2_vicon_driver) StdoutLine: {'line': b'[ 86%] \x1b[32m\x1b[1mLinking CXX static library libmocap4r2_vicon_driver.a\x1b[0m\n'}
[50.915231] (-) TimerEvent: {}
[51.016397] (-) TimerEvent: {}
[51.117691] (-) TimerEvent: {}
[51.129805] (mocap4r2_vicon_driver) StdoutLine: {'line': b'[ 86%] Built target mocap4r2_vicon_driver\n'}
[51.189467] (mocap4r2_vicon_driver) StdoutLine: {'line': b'[ 93%] \x1b[32mBuilding CXX object CMakeFiles/mocap4r2_vicon_driver_main.dir/src/mocap4r2_vicon_driver_main.cpp.o\x1b[0m\n'}
[51.189932] (mocap4r2_vicon_driver) StdoutLine: {'line': b'[ 93%] \x1b[32mBuilding CXX object CMakeFiles/test_mocap4r2_vicon_driver.dir/test/test_mocap4r2_vicon_driver.cpp.o\x1b[0m\n'}
[51.217948] (-) TimerEvent: {}
[51.235061] (mocap4r2_vicon_driver) StdoutLine: {'line': b'[100%] \x1b[32m\x1b[1mLinking CXX executable test_mocap4r2_vicon_driver\x1b[0m\n'}
[51.235464] (mocap4r2_vicon_driver) StdoutLine: {'line': b'[100%] \x1b[32m\x1b[1mLinking CXX executable mocap4r2_vicon_driver_main\x1b[0m\n'}
[51.318235] (-) TimerEvent: {}
[51.420570] (-) TimerEvent: {}
[51.522494] (-) TimerEvent: {}
[51.624434] (-) TimerEvent: {}
[51.727065] (-) TimerEvent: {}
[51.829289] (-) TimerEvent: {}
[51.931319] (-) TimerEvent: {}
[52.033505] (-) TimerEvent: {}
[52.135820] (-) TimerEvent: {}
[52.239951] (-) TimerEvent: {}
[52.342668] (-) TimerEvent: {}
[52.444402] (-) TimerEvent: {}
[52.552123] (-) TimerEvent: {}
[52.658627] (-) TimerEvent: {}
[52.765607] (-) TimerEvent: {}
[52.867071] (-) TimerEvent: {}
[52.968722] (-) TimerEvent: {}
[53.072320] (-) TimerEvent: {}
[53.176948] (-) TimerEvent: {}
[53.277860] (-) TimerEvent: {}
[53.381867] (-) TimerEvent: {}
[53.483852] (-) TimerEvent: {}
[53.588210] (-) TimerEvent: {}
[53.636484] (mocap4r2_vicon_driver) StdoutLine: {'line': b'[100%] Built target test_mocap4r2_vicon_driver\n'}
[53.688525] (-) TimerEvent: {}
[53.789608] (-) TimerEvent: {}
[53.890904] (-) TimerEvent: {}
[53.992483] (-) TimerEvent: {}
[54.093804] (-) TimerEvent: {}
[54.195477] (-) TimerEvent: {}
[54.296907] (-) TimerEvent: {}
[54.397800] (-) TimerEvent: {}
[54.498839] (-) TimerEvent: {}
[54.600123] (-) TimerEvent: {}
[54.701244] (-) TimerEvent: {}
[54.803100] (-) TimerEvent: {}
[54.904654] (-) TimerEvent: {}
[55.006080] (-) TimerEvent: {}
[55.107638] (-) TimerEvent: {}
[55.209168] (-) TimerEvent: {}
[55.310251] (-) TimerEvent: {}
[55.411445] (-) TimerEvent: {}
[55.512436] (-) TimerEvent: {}
[55.613631] (-) TimerEvent: {}
[55.715056] (-) TimerEvent: {}
[55.816189] (-) TimerEvent: {}
[55.917670] (-) TimerEvent: {}
[56.018802] (-) TimerEvent: {}
[56.119791] (-) TimerEvent: {}
[56.220302] (-) TimerEvent: {}
[56.297275] (mocap4r2_vicon_driver) StdoutLine: {'line': b'[100%] Built target mocap4r2_vicon_driver_main\n'}
[56.322484] (-) TimerEvent: {}
[56.326041] (mocap4r2_vicon_driver) CommandEnded: {'returncode': 0}
[56.327109] (mocap4r2_vicon_driver) JobProgress: {'identifier': 'mocap4r2_vicon_driver', 'progress': 'install'}
[56.327806] (mocap4r2_vicon_driver) Command: {'cmd': ['/usr/bin/cmake', '--install', '/home/strain-drone/Documents/drone_position_hold/ros2_ws/src/build/mocap4r2_vicon_driver'], 'cwd': '/home/strain-drone/Documents/drone_position_hold/ros2_ws/src/build/mocap4r2_vicon_driver', 'env': OrderedDict({'LESSOPEN': '| /usr/bin/lesspipe %s', 'USER': 'strain-drone', 'SSH_CLIENT': '100.125.10.128 53782 22', 'XDG_SESSION_TYPE': 'tty', 'GIT_ASKPASS': '/home/strain-drone/.vscode-server/cli/servers/Stable-b6a47e94e326b5c209d118cf0f994d6065585705/server/extensions/git/dist/askpass.sh', 'SHLVL': '2', 'LD_LIBRARY_PATH': '/home/strain-drone/Documents/drone_position_hold/ros2_ws/src/install/mocap4r2_control/lib:/home/strain-drone/Documents/drone_position_hold/ros2_ws/src/install/mocap4r2_msgs/lib:/home/strain-drone/Documents/drone_position_hold/ros2_ws/src/install/mocap4r2_control_msgs/lib:/opt/ros/jazzy/opt/rviz_ogre_vendor/lib:/opt/ros/jazzy/lib/aarch64-linux-gnu:/opt/ros/jazzy/opt/gz_math_vendor/lib:/opt/ros/jazzy/opt/gz_utils_vendor/lib:/opt/ros/jazzy/opt/gz_cmake_vendor/lib:/opt/ros/jazzy/lib:/home/strain-drone/Documents/drone_position_hold/ros2_ws/src/natnet_ros2/deps/NatNetSDK/lib:/home/strain-drone/Documents/drone_position_hold/ros2_ws/src/natnet_ros2/deps/NatNetSDK/lib', 'BROWSER': '/home/strain-drone/.vscode-server/cli/servers/Stable-b6a47e94e326b5c209d118cf0f994d6065585705/server/bin/helpers/browser.sh', 'HOME': '/home/strain-drone', 'TERM_PROGRAM_VERSION': '1.109.3', 'VSCODE_IPC_HOOK_CLI': '/run/user/1002/vscode-ipc-7f844f56-ced9-4e8e-9017-09603271f316.sock', 'ROS_PYTHON_VERSION': '3', 'VSCODE_GIT_ASKPASS_MAIN': '/home/strain-drone/.vscode-server/cli/servers/Stable-b6a47e94e326b5c209d118cf0f994d6065585705/server/extensions/git/dist/askpass-main.js', 'PS1': '\\[\x1b]633;A\x07\\]\\[\\e]0;\\u@\\h: \\w\\a\\]${debian_chroot:+($debian_chroot)}\\[\\033[01;32m\\]\\u@\\h\\[\\033[00m\\]:\\[\\033[01;34m\\]\\w\\[\\033[00m\\]\\$ \\[\x1b]633;B\x07\\]', 'VSCODE_GIT_ASKPASS_NODE': '/home/strain-drone/.vscode-server/cli/servers/Stable-b6a47e94e326b5c209d118cf0f994d6065585705/server/node', 'SSL_CERT_FILE': '/usr/lib/ssl/cert.pem', 'VSCODE_PYTHON_AUTOACTIVATE_GUARD': '1', 'DBUS_SESSION_BUS_ADDRESS': 'unix:path=/run/user/1002/bus', 'COLORTERM': 'truecolor', 'DEBUGINFOD_URLS': 'https://debuginfod.ubuntu.com', 'ROS_DISTRO': 'jazzy', 'LOGNAME': 'strain-drone', '_': '/usr/bin/colcon', 'ROS_VERSION': '2', 'XDG_SESSION_CLASS': 'user', 'TERM': 'xterm-256color', 'XDG_SESSION_ID': '12', 'PATH': '/home/strain-drone/.vscode-server/data/User/globalStorage/github.copilot-chat/debugCommand:/home/strain-drone/.vscode-server/data/User/globalStorage/github.copilot-chat/copilotCli:/home/strain-drone/.vscode-server/cli/servers/Stable-b6a47e94e326b5c209d118cf0f994d6065585705/server/bin/remote-cli:/usr/lib/ccache:/home/strain-drone/Documents/ardupilot/Tools/autotest:/opt/gcc-arm-none-eabi-10-2020-q4-major/bin:/home/strain-drone/venv-ardupilot/bin:/home/strain-drone/.local/bin:/opt/ros/jazzy/bin:/usr/lib/ccache:/home/strain-drone/Documents/ardupilot/Tools/autotest:/opt/gcc-arm-none-eabi-10-2020-q4-major/bin:/home/strain-drone/venv-ardupilot/bin:/home/strain-drone/.local/bin:/usr/local/sbin:/usr/local/bin:/usr/sbin:/usr/bin:/sbin:/bin:/usr/games:/usr/local/games:/snap/bin:/home/strain-drone/.local/bin:/home/strain-drone/.local/bin:/home/strain-drone/.local/bin:/home/strain-drone/.local/bin', 'XDG_RUNTIME_DIR': '/run/user/1002', 'SSL_CERT_DIR': '/usr/lib/ssl/certs', 'LANG': 'en_US.UTF-8', 'VIRTUAL_ENV_PROMPT': '(venv-ardupilot)', 'LS_COLORS': 'rs=0:di=01;34:ln=01;36:mh=00:pi=40;33:so=01;35:do=01;35:bd=40;33;01:cd=40;33;01:or=40;31;01:mi=00:su=37;41:sg=30;43:ca=00:tw=30;42:ow=34;42:st=37;44:ex=01;32:*.tar=01;31:*.tgz=01;31:*.arc=01;31:*.arj=01;31:*.taz=01;31:*.lha=01;31:*.lz4=01;31:*.lzh=01;31:*.lzma=01;31:*.tlz=01;31:*.txz=01;31:*.tzo=01;31:*.t7z=01;31:*.zip=01;31:*.z=01;31:*.dz=01;31:*.gz=01;31:*.lrz=01;31:*.lz=01;31:*.lzo=01;31:*.xz=01;31:*.zst=01;31:*.tzst=01;31:*.bz2=01;31:*.bz=01;31:*.tbz=01;31:*.tbz2=01;31:*.tz=01;31:*.deb=01;31:*.rpm=01;31:*.jar=01;31:*.war=01;31:*.ear=01;31:*.sar=01;31:*.rar=01;31:*.alz=01;31:*.ace=01;31:*.zoo=01;31:*.cpio=01;31:*.7z=01;31:*.rz=01;31:*.cab=01;31:*.wim=01;31:*.swm=01;31:*.dwm=01;31:*.esd=01;31:*.avif=01;35:*.jpg=01;35:*.jpeg=01;35:*.mjpg=01;35:*.mjpeg=01;35:*.gif=01;35:*.bmp=01;35:*.pbm=01;35:*.pgm=01;35:*.ppm=01;35:*.tga=01;35:*.xbm=01;35:*.xpm=01;35:*.tif=01;35:*.tiff=01;35:*.png=01;35:*.svg=01;35:*.svgz=01;35:*.mng=01;35:*.pcx=01;35:*.mov=01;35:*.mpg=01;35:*.mpeg=01;35:*.m2v=01;35:*.mkv=01;35:*.webm=01;35:*.webp=01;35:*.ogm=01;35:*.mp4=01;35:*.m4v=01;35:*.mp4v=01;35:*.vob=01;35:*.qt=01;35:*.nuv=01;35:*.wmv=01;35:*.asf=01;35:*.rm=01;35:*.rmvb=01;35:*.flc=01;35:*.avi=01;35:*.fli=01;35:*.flv=01;35:*.gl=01;35:*.dl=01;35:*.xcf=01;35:*.xwd=01;35:*.yuv=01;35:*.cgm=01;35:*.emf=01;35:*.ogv=01;35:*.ogx=01;35:*.aac=00;36:*.au=00;36:*.flac=00;36:*.m4a=00;36:*.mid=00;36:*.midi=00;36:*.mka=00;36:*.mp3=00;36:*.mpc=00;36:*.ogg=00;36:*.ra=00;36:*.wav=00;36:*.oga=00;36:*.opus=00;36:*.spx=00;36:*.xspf=00;36:*~=00;90:*#=00;90:*.bak=00;90:*.crdownload=00;90:*.dpkg-dist=00;90:*.dpkg-new=00;90:*.dpkg-old=00;90:*.dpkg-tmp=00;90:*.old=00;90:*.orig=00;90:*.part=00;90:*.rej=00;90:*.rpmnew=00;90:*.rpmorig=00;90:*.rpmsave=00;90:*.swp=00;90:*.tmp=00;90:*.ucf-dist=00;90:*.ucf-new=00;90:*.ucf-old=00;90:', 'VSCODE_GIT_IPC_HANDLE': '/run/user/1002/vscode-git-227cc40744.sock', 'TERM_PROGRAM': 'vscode', 'ROS_DOMAIN_ID': '1', 'AMENT_PREFIX_PATH': '/home/strain-drone/Documents/drone_position_hold/ros2_ws/src/install/mocap4r2_control:/home/strain-drone/Documents/drone_position_hold/ros2_ws/src/install/mocap4r2_msgs:/home/strain-drone/Documents/drone_position_hold/ros2_ws/src/install/mocap4r2_control_msgs:/opt/ros/jazzy', 'SHELL': '/bin/bash', 'LESSCLOSE': '/usr/bin/lesspipe %s %s', 'VIRTUAL_ENV': '/home/strain-drone/venv-ardupilot', 'ROS_AUTOMATIC_DISCOVERY_RANGE': 'SUBNET', 'VSCODE_GIT_ASKPASS_EXTRA_ARGS': '', 'PWD': '/home/strain-drone/Documents/drone_position_hold/ros2_ws/src/build/mocap4r2_vicon_driver', 'LC_ALL': 'en_US.UTF-8', 'SSH_CONNECTION': '100.125.10.128 53782 100.96.124.69 22', 'XDG_DATA_DIRS': '/usr/share/gnome:/usr/local/share:/usr/share:/var/lib/snapd/desktop', 'PYTHONPATH': '/home/strain-drone/Documents/drone_position_hold/ros2_ws/src/install/mocap4r2_msgs/lib/python3.12/site-packages:/home/strain-drone/Documents/drone_position_hold/ros2_ws/src/install/mocap4r2_control_msgs/lib/python3.12/site-packages:/opt/ros/jazzy/lib/python3.12/site-packages', 'COLCON': '1', 'CMAKE_PREFIX_PATH': '/home/strain-drone/Documents/drone_position_hold/ros2_ws/src/install/mocap4r2_control:/home/strain-drone/Documents/drone_position_hold/ros2_ws/src/install/mocap4r2_msgs:/home/strain-drone/Documents/drone_position_hold/ros2_ws/src/install/mocap4r2_control_msgs:/opt/ros/jazzy/opt/gz_math_vendor:/opt/ros/jazzy/opt/gz_utils_vendor:/opt/ros/jazzy/opt/gz_cmake_vendor:/opt/ros/jazzy'}), 'shell': False}
[56.347667] (mocap4r2_vicon_driver) StdoutLine: {'line': b'-- Install configuration: ""\n'}
[56.348134] (mocap4r2_vicon_driver) StdoutLine: {'line': b'-- Installing: /home/strain-drone/Documents/drone_position_hold/ros2_ws/src/install/mocap4r2_vicon_driver/include/\n'}
[56.348290] (mocap4r2_vicon_driver) StdoutLine: {'line': b'-- Installing: /home/strain-drone/Documents/drone_position_hold/ros2_ws/src/install/mocap4r2_vicon_driver/include//mocap4r2_vicon_driver\n'}
[56.348505] (mocap4r2_vicon_driver) StdoutLine: {'line': b'-- Installing: /home/strain-drone/Documents/drone_position_hold/ros2_ws/src/install/mocap4r2_vicon_driver/include//mocap4r2_vicon_driver/mocap4r2_vicon_driver.hpp\n'}
[56.348625] (mocap4r2_vicon_driver) StdoutLine: {'line': b'-- Installing: /home/strain-drone/Documents/drone_position_hold/ros2_ws/src/install/mocap4r2_vicon_driver/share/mocap4r2_vicon_driver/launch\n'}
[56.348782] (mocap4r2_vicon_driver) StdoutLine: {'line': b'-- Installing: /home/strain-drone/Documents/drone_position_hold/ros2_ws/src/install/mocap4r2_vicon_driver/share/mocap4r2_vicon_driver/launch/__pycache__\n'}
[56.348952] (mocap4r2_vicon_driver) StdoutLine: {'line': b'-- Installing: /home/strain-drone/Documents/drone_position_hold/ros2_ws/src/install/mocap4r2_vicon_driver/share/mocap4r2_vicon_driver/launch/__pycache__/mocap4r2_vicon_driver_launch.cpython-312.pyc\n'}
[56.349111] (mocap4r2_vicon_driver) StdoutLine: {'line': b'-- Installing: /home/strain-drone/Documents/drone_position_hold/ros2_ws/src/install/mocap4r2_vicon_driver/share/mocap4r2_vicon_driver/launch/mocap4r2_vicon_driver_launch.py\n'}
[56.349269] (mocap4r2_vicon_driver) StdoutLine: {'line': b'-- Installing: /home/strain-drone/Documents/drone_position_hold/ros2_ws/src/install/mocap4r2_vicon_driver/share/mocap4r2_vicon_driver/config\n'}
[56.349440] (mocap4r2_vicon_driver) StdoutLine: {'line': b'-- Installing: /home/strain-drone/Documents/drone_position_hold/ros2_ws/src/install/mocap4r2_vicon_driver/share/mocap4r2_vicon_driver/config/mocap4r2_vicon_driver_params.yaml\n'}
[56.349777] (mocap4r2_vicon_driver) StdoutLine: {'line': b'-- Installing: /home/strain-drone/Documents/drone_position_hold/ros2_ws/src/install/mocap4r2_vicon_driver/lib/mocap4r2_vicon_driver/mocap4r2_vicon_driver_main\n'}
[56.355527] (mocap4r2_vicon_driver) StdoutLine: {'line': b'-- Set non-toolchain portion of runtime path of "/home/strain-drone/Documents/drone_position_hold/ros2_ws/src/install/mocap4r2_vicon_driver/lib/mocap4r2_vicon_driver/mocap4r2_vicon_driver_main" to ""\n'}
[56.355859] (mocap4r2_vicon_driver) StdoutLine: {'line': b'-- Installing: /home/strain-drone/Documents/drone_position_hold/ros2_ws/src/install/mocap4r2_vicon_driver/lib/libmocap4r2_vicon_driver.a\n'}
[56.362947] (mocap4r2_vicon_driver) StdoutLine: {'line': b'-- Installing: /home/strain-drone/Documents/drone_position_hold/ros2_ws/src/install/mocap4r2_vicon_driver/lib/libvicon_sdk.so\n'}
[56.376065] (mocap4r2_vicon_driver) StdoutLine: {'line': b'-- Installing: /home/strain-drone/Documents/drone_position_hold/ros2_ws/src/install/mocap4r2_vicon_driver/share/mocap4r2_vicon_driver/environment/library_path.sh\n'}
[56.376406] (mocap4r2_vicon_driver) StdoutLine: {'line': b'-- Installing: /home/strain-drone/Documents/drone_position_hold/ros2_ws/src/install/mocap4r2_vicon_driver/share/mocap4r2_vicon_driver/environment/library_path.dsv\n'}
[56.376681] (mocap4r2_vicon_driver) StdoutLine: {'line': b'-- Installing: /home/strain-drone/Documents/drone_position_hold/ros2_ws/src/install/mocap4r2_vicon_driver/share/ament_index/resource_index/package_run_dependencies/mocap4r2_vicon_driver\n'}
[56.376966] (mocap4r2_vicon_driver) StdoutLine: {'line': b'-- Installing: /home/strain-drone/Documents/drone_position_hold/ros2_ws/src/install/mocap4r2_vicon_driver/share/ament_index/resource_index/parent_prefix_path/mocap4r2_vicon_driver\n'}
[56.377185] (mocap4r2_vicon_driver) StdoutLine: {'line': b'-- Installing: /home/strain-drone/Documents/drone_position_hold/ros2_ws/src/install/mocap4r2_vicon_driver/share/mocap4r2_vicon_driver/environment/ament_prefix_path.sh\n'}
[56.377420] (mocap4r2_vicon_driver) StdoutLine: {'line': b'-- Installing: /home/strain-drone/Documents/drone_position_hold/ros2_ws/src/install/mocap4r2_vicon_driver/share/mocap4r2_vicon_driver/environment/ament_prefix_path.dsv\n'}
[56.377640] (mocap4r2_vicon_driver) StdoutLine: {'line': b'-- Installing: /home/strain-drone/Documents/drone_position_hold/ros2_ws/src/install/mocap4r2_vicon_driver/share/mocap4r2_vicon_driver/environment/path.sh\n'}
[56.377841] (mocap4r2_vicon_driver) StdoutLine: {'line': b'-- Installing: /home/strain-drone/Documents/drone_position_hold/ros2_ws/src/install/mocap4r2_vicon_driver/share/mocap4r2_vicon_driver/environment/path.dsv\n'}
[56.378058] (mocap4r2_vicon_driver) StdoutLine: {'line': b'-- Installing: /home/strain-drone/Documents/drone_position_hold/ros2_ws/src/install/mocap4r2_vicon_driver/share/mocap4r2_vicon_driver/local_setup.bash\n'}
[56.378265] (mocap4r2_vicon_driver) StdoutLine: {'line': b'-- Installing: /home/strain-drone/Documents/drone_position_hold/ros2_ws/src/install/mocap4r2_vicon_driver/share/mocap4r2_vicon_driver/local_setup.sh\n'}
[56.378497] (mocap4r2_vicon_driver) StdoutLine: {'line': b'-- Installing: /home/strain-drone/Documents/drone_position_hold/ros2_ws/src/install/mocap4r2_vicon_driver/share/mocap4r2_vicon_driver/local_setup.zsh\n'}
[56.378701] (mocap4r2_vicon_driver) StdoutLine: {'line': b'-- Installing: /home/strain-drone/Documents/drone_position_hold/ros2_ws/src/install/mocap4r2_vicon_driver/share/mocap4r2_vicon_driver/local_setup.dsv\n'}
[56.378897] (mocap4r2_vicon_driver) StdoutLine: {'line': b'-- Installing: /home/strain-drone/Documents/drone_position_hold/ros2_ws/src/install/mocap4r2_vicon_driver/share/mocap4r2_vicon_driver/package.dsv\n'}
[56.379173] (mocap4r2_vicon_driver) StdoutLine: {'line': b'-- Installing: /home/strain-drone/Documents/drone_position_hold/ros2_ws/src/install/mocap4r2_vicon_driver/share/ament_index/resource_index/packages/mocap4r2_vicon_driver\n'}
[56.379435] (mocap4r2_vicon_driver) StdoutLine: {'line': b'-- Installing: /home/strain-drone/Documents/drone_position_hold/ros2_ws/src/install/mocap4r2_vicon_driver/share/mocap4r2_vicon_driver/cmake/ament_cmake_export_include_directories-extras.cmake\n'}
[56.379657] (mocap4r2_vicon_driver) StdoutLine: {'line': b'-- Installing: /home/strain-drone/Documents/drone_position_hold/ros2_ws/src/install/mocap4r2_vicon_driver/share/mocap4r2_vicon_driver/cmake/ament_cmake_export_libraries-extras.cmake\n'}
[56.379874] (mocap4r2_vicon_driver) StdoutLine: {'line': b'-- Installing: /home/strain-drone/Documents/drone_position_hold/ros2_ws/src/install/mocap4r2_vicon_driver/share/mocap4r2_vicon_driver/cmake/ament_cmake_export_dependencies-extras.cmake\n'}
[56.380088] (mocap4r2_vicon_driver) StdoutLine: {'line': b'-- Installing: /home/strain-drone/Documents/drone_position_hold/ros2_ws/src/install/mocap4r2_vicon_driver/share/mocap4r2_vicon_driver/cmake/mocap4r2_vicon_driverConfig.cmake\n'}
[56.380291] (mocap4r2_vicon_driver) StdoutLine: {'line': b'-- Installing: /home/strain-drone/Documents/drone_position_hold/ros2_ws/src/install/mocap4r2_vicon_driver/share/mocap4r2_vicon_driver/cmake/mocap4r2_vicon_driverConfig-version.cmake\n'}
[56.380527] (mocap4r2_vicon_driver) StdoutLine: {'line': b'-- Installing: /home/strain-drone/Documents/drone_position_hold/ros2_ws/src/install/mocap4r2_vicon_driver/share/mocap4r2_vicon_driver/package.xml\n'}
[56.384056] (mocap4r2_vicon_driver) CommandEnded: {'returncode': 0}
[56.411366] (mocap4r2_vicon_driver) JobEnded: {'identifier': 'mocap4r2_vicon_driver', 'rc': 0}
[56.422600] (-) TimerEvent: {}
[56.522957] (-) TimerEvent: {}
[56.623345] (-) TimerEvent: {}
[56.723702] (-) TimerEvent: {}
[56.812582] (rqt_mocap4r2_control) StdoutLine: {'line': b'[100%] Built target rqt_mocap4r2_control\n'}
[56.823806] (-) TimerEvent: {}
[56.833892] (rqt_mocap4r2_control) CommandEnded: {'returncode': 0}
[56.834695] (rqt_mocap4r2_control) JobProgress: {'identifier': 'rqt_mocap4r2_control', 'progress': 'install'}
[56.835049] (rqt_mocap4r2_control) Command: {'cmd': ['/usr/bin/cmake', '--install', '/home/strain-drone/Documents/drone_position_hold/ros2_ws/src/build/rqt_mocap4r2_control'], 'cwd': '/home/strain-drone/Documents/drone_position_hold/ros2_ws/src/build/rqt_mocap4r2_control', 'env': OrderedDict({'LESSOPEN': '| /usr/bin/lesspipe %s', 'USER': 'strain-drone', 'SSH_CLIENT': '100.125.10.128 53782 22', 'XDG_SESSION_TYPE': 'tty', 'GIT_ASKPASS': '/home/strain-drone/.vscode-server/cli/servers/Stable-b6a47e94e326b5c209d118cf0f994d6065585705/server/extensions/git/dist/askpass.sh', 'SHLVL': '2', 'LD_LIBRARY_PATH': '/home/strain-drone/Documents/drone_position_hold/ros2_ws/src/install/mocap4r2_control/lib:/home/strain-drone/Documents/drone_position_hold/ros2_ws/src/install/mocap4r2_control_msgs/lib:/opt/ros/jazzy/opt/rviz_ogre_vendor/lib:/opt/ros/jazzy/lib/aarch64-linux-gnu:/opt/ros/jazzy/opt/gz_math_vendor/lib:/opt/ros/jazzy/opt/gz_utils_vendor/lib:/opt/ros/jazzy/opt/gz_cmake_vendor/lib:/opt/ros/jazzy/lib:/home/strain-drone/Documents/drone_position_hold/ros2_ws/src/natnet_ros2/deps/NatNetSDK/lib:/home/strain-drone/Documents/drone_position_hold/ros2_ws/src/natnet_ros2/deps/NatNetSDK/lib', 'BROWSER': '/home/strain-drone/.vscode-server/cli/servers/Stable-b6a47e94e326b5c209d118cf0f994d6065585705/server/bin/helpers/browser.sh', 'HOME': '/home/strain-drone', 'TERM_PROGRAM_VERSION': '1.109.3', 'VSCODE_IPC_HOOK_CLI': '/run/user/1002/vscode-ipc-7f844f56-ced9-4e8e-9017-09603271f316.sock', 'ROS_PYTHON_VERSION': '3', 'VSCODE_GIT_ASKPASS_MAIN': '/home/strain-drone/.vscode-server/cli/servers/Stable-b6a47e94e326b5c209d118cf0f994d6065585705/server/extensions/git/dist/askpass-main.js', 'PS1': '\\[\x1b]633;A\x07\\]\\[\\e]0;\\u@\\h: \\w\\a\\]${debian_chroot:+($debian_chroot)}\\[\\033[01;32m\\]\\u@\\h\\[\\033[00m\\]:\\[\\033[01;34m\\]\\w\\[\\033[00m\\]\\$ \\[\x1b]633;B\x07\\]', 'VSCODE_GIT_ASKPASS_NODE': '/home/strain-drone/.vscode-server/cli/servers/Stable-b6a47e94e326b5c209d118cf0f994d6065585705/server/node', 'SSL_CERT_FILE': '/usr/lib/ssl/cert.pem', 'VSCODE_PYTHON_AUTOACTIVATE_GUARD': '1', 'DBUS_SESSION_BUS_ADDRESS': 'unix:path=/run/user/1002/bus', 'COLORTERM': 'truecolor', 'DEBUGINFOD_URLS': 'https://debuginfod.ubuntu.com', 'ROS_DISTRO': 'jazzy', 'LOGNAME': 'strain-drone', '_': '/usr/bin/colcon', 'ROS_VERSION': '2', 'XDG_SESSION_CLASS': 'user', 'TERM': 'xterm-256color', 'XDG_SESSION_ID': '12', 'PATH': '/home/strain-drone/.vscode-server/data/User/globalStorage/github.copilot-chat/debugCommand:/home/strain-drone/.vscode-server/data/User/globalStorage/github.copilot-chat/copilotCli:/home/strain-drone/.vscode-server/cli/servers/Stable-b6a47e94e326b5c209d118cf0f994d6065585705/server/bin/remote-cli:/usr/lib/ccache:/home/strain-drone/Documents/ardupilot/Tools/autotest:/opt/gcc-arm-none-eabi-10-2020-q4-major/bin:/home/strain-drone/venv-ardupilot/bin:/home/strain-drone/.local/bin:/opt/ros/jazzy/bin:/usr/lib/ccache:/home/strain-drone/Documents/ardupilot/Tools/autotest:/opt/gcc-arm-none-eabi-10-2020-q4-major/bin:/home/strain-drone/venv-ardupilot/bin:/home/strain-drone/.local/bin:/usr/local/sbin:/usr/local/bin:/usr/sbin:/usr/bin:/sbin:/bin:/usr/games:/usr/local/games:/snap/bin:/home/strain-drone/.local/bin:/home/strain-drone/.local/bin:/home/strain-drone/.local/bin:/home/strain-drone/.local/bin', 'XDG_RUNTIME_DIR': '/run/user/1002', 'SSL_CERT_DIR': '/usr/lib/ssl/certs', 'LANG': 'en_US.UTF-8', 'VIRTUAL_ENV_PROMPT': '(venv-ardupilot)', 'LS_COLORS': 'rs=0:di=01;34:ln=01;36:mh=00:pi=40;33:so=01;35:do=01;35:bd=40;33;01:cd=40;33;01:or=40;31;01:mi=00:su=37;41:sg=30;43:ca=00:tw=30;42:ow=34;42:st=37;44:ex=01;32:*.tar=01;31:*.tgz=01;31:*.arc=01;31:*.arj=01;31:*.taz=01;31:*.lha=01;31:*.lz4=01;31:*.lzh=01;31:*.lzma=01;31:*.tlz=01;31:*.txz=01;31:*.tzo=01;31:*.t7z=01;31:*.zip=01;31:*.z=01;31:*.dz=01;31:*.gz=01;31:*.lrz=01;31:*.lz=01;31:*.lzo=01;31:*.xz=01;31:*.zst=01;31:*.tzst=01;31:*.bz2=01;31:*.bz=01;31:*.tbz=01;31:*.tbz2=01;31:*.tz=01;31:*.deb=01;31:*.rpm=01;31:*.jar=01;31:*.war=01;31:*.ear=01;31:*.sar=01;31:*.rar=01;31:*.alz=01;31:*.ace=01;31:*.zoo=01;31:*.cpio=01;31:*.7z=01;31:*.rz=01;31:*.cab=01;31:*.wim=01;31:*.swm=01;31:*.dwm=01;31:*.esd=01;31:*.avif=01;35:*.jpg=01;35:*.jpeg=01;35:*.mjpg=01;35:*.mjpeg=01;35:*.gif=01;35:*.bmp=01;35:*.pbm=01;35:*.pgm=01;35:*.ppm=01;35:*.tga=01;35:*.xbm=01;35:*.xpm=01;35:*.tif=01;35:*.tiff=01;35:*.png=01;35:*.svg=01;35:*.svgz=01;35:*.mng=01;35:*.pcx=01;35:*.mov=01;35:*.mpg=01;35:*.mpeg=01;35:*.m2v=01;35:*.mkv=01;35:*.webm=01;35:*.webp=01;35:*.ogm=01;35:*.mp4=01;35:*.m4v=01;35:*.mp4v=01;35:*.vob=01;35:*.qt=01;35:*.nuv=01;35:*.wmv=01;35:*.asf=01;35:*.rm=01;35:*.rmvb=01;35:*.flc=01;35:*.avi=01;35:*.fli=01;35:*.flv=01;35:*.gl=01;35:*.dl=01;35:*.xcf=01;35:*.xwd=01;35:*.yuv=01;35:*.cgm=01;35:*.emf=01;35:*.ogv=01;35:*.ogx=01;35:*.aac=00;36:*.au=00;36:*.flac=00;36:*.m4a=00;36:*.mid=00;36:*.midi=00;36:*.mka=00;36:*.mp3=00;36:*.mpc=00;36:*.ogg=00;36:*.ra=00;36:*.wav=00;36:*.oga=00;36:*.opus=00;36:*.spx=00;36:*.xspf=00;36:*~=00;90:*#=00;90:*.bak=00;90:*.crdownload=00;90:*.dpkg-dist=00;90:*.dpkg-new=00;90:*.dpkg-old=00;90:*.dpkg-tmp=00;90:*.old=00;90:*.orig=00;90:*.part=00;90:*.rej=00;90:*.rpmnew=00;90:*.rpmorig=00;90:*.rpmsave=00;90:*.swp=00;90:*.tmp=00;90:*.ucf-dist=00;90:*.ucf-new=00;90:*.ucf-old=00;90:', 'VSCODE_GIT_IPC_HANDLE': '/run/user/1002/vscode-git-227cc40744.sock', 'TERM_PROGRAM': 'vscode', 'ROS_DOMAIN_ID': '1', 'AMENT_PREFIX_PATH': '/home/strain-drone/Documents/drone_position_hold/ros2_ws/src/install/mocap4r2_control:/home/strain-drone/Documents/drone_position_hold/ros2_ws/src/install/mocap4r2_control_msgs:/opt/ros/jazzy', 'SHELL': '/bin/bash', 'LESSCLOSE': '/usr/bin/lesspipe %s %s', 'VIRTUAL_ENV': '/home/strain-drone/venv-ardupilot', 'ROS_AUTOMATIC_DISCOVERY_RANGE': 'SUBNET', 'VSCODE_GIT_ASKPASS_EXTRA_ARGS': '', 'PWD': '/home/strain-drone/Documents/drone_position_hold/ros2_ws/src/build/rqt_mocap4r2_control', 'LC_ALL': 'en_US.UTF-8', 'SSH_CONNECTION': '100.125.10.128 53782 100.96.124.69 22', 'XDG_DATA_DIRS': '/usr/share/gnome:/usr/local/share:/usr/share:/var/lib/snapd/desktop', 'PYTHONPATH': '/home/strain-drone/Documents/drone_position_hold/ros2_ws/src/install/mocap4r2_control_msgs/lib/python3.12/site-packages:/opt/ros/jazzy/lib/python3.12/site-packages', 'COLCON': '1', 'CMAKE_PREFIX_PATH': '/home/strain-drone/Documents/drone_position_hold/ros2_ws/src/install/mocap4r2_control:/home/strain-drone/Documents/drone_position_hold/ros2_ws/src/install/mocap4r2_control_msgs:/opt/ros/jazzy/opt/gz_math_vendor:/opt/ros/jazzy/opt/gz_utils_vendor:/opt/ros/jazzy/opt/gz_cmake_vendor:/opt/ros/jazzy'}), 'shell': False}
[56.850220] (rqt_mocap4r2_control) StdoutLine: {'line': b'-- Install configuration: ""\n'}
[56.850563] (rqt_mocap4r2_control) StdoutLine: {'line': b'-- Installing: /home/strain-drone/Documents/drone_position_hold/ros2_ws/src/install/rqt_mocap4r2_control/lib/rqt_mocap4r2_control/librqt_mocap4r2_control.so\n'}
[56.865648] (rqt_mocap4r2_control) StdoutLine: {'line': b'-- Set non-toolchain portion of runtime path of "/home/strain-drone/Documents/drone_position_hold/ros2_ws/src/install/rqt_mocap4r2_control/lib/rqt_mocap4r2_control/librqt_mocap4r2_control.so" to ""\n'}
[56.865930] (rqt_mocap4r2_control) StdoutLine: {'line': b'-- Installing: /home/strain-drone/Documents/drone_position_hold/ros2_ws/src/install/rqt_mocap4r2_control/lib/rqt_mocap4r2_control/rqt_mocap4r2_control\n'}
[56.866082] (rqt_mocap4r2_control) StdoutLine: {'line': b'-- Installing: /home/strain-drone/Documents/drone_position_hold/ros2_ws/src/install/rqt_mocap4r2_control/include\n'}
[56.866223] (rqt_mocap4r2_control) StdoutLine: {'line': b'-- Installing: /home/strain-drone/Documents/drone_position_hold/ros2_ws/src/install/rqt_mocap4r2_control/include/rqt_mocap4r2_control\n'}
[56.866312] (rqt_mocap4r2_control) StdoutLine: {'line': b'-- Installing: /home/strain-drone/Documents/drone_position_hold/ros2_ws/src/install/rqt_mocap4r2_control/include/rqt_mocap4r2_control/utils.hpp\n'}
[56.866451] (rqt_mocap4r2_control) StdoutLine: {'line': b'-- Installing: /home/strain-drone/Documents/drone_position_hold/ros2_ws/src/install/rqt_mocap4r2_control/include/rqt_mocap4r2_control/mocap4r2_control.hpp\n'}
[56.866579] (rqt_mocap4r2_control) StdoutLine: {'line': b'-- Installing: /home/strain-drone/Documents/drone_position_hold/ros2_ws/src/install/rqt_mocap4r2_control/include/rqt_mocap4r2_control/SystemController.hpp\n'}
[56.866845] (rqt_mocap4r2_control) StdoutLine: {'line': b'-- Installing: /home/strain-drone/Documents/drone_position_hold/ros2_ws/src/install/rqt_mocap4r2_control/share/rqt_mocap4r2_control/plugin.xml\n'}
[56.867012] (rqt_mocap4r2_control) StdoutLine: {'line': b'-- Up-to-date: /home/strain-drone/Documents/drone_position_hold/ros2_ws/src/install/rqt_mocap4r2_control/share/rqt_mocap4r2_control/plugin.xml\n'}
[56.867131] (rqt_mocap4r2_control) StdoutLine: {'line': b'-- Installing: /home/strain-drone/Documents/drone_position_hold/ros2_ws/src/install/rqt_mocap4r2_control/share/rqt_mocap4r2_control/environment/library_path.sh\n'}
[56.867317] (rqt_mocap4r2_control) StdoutLine: {'line': b'-- Installing: /home/strain-drone/Documents/drone_position_hold/ros2_ws/src/install/rqt_mocap4r2_control/share/rqt_mocap4r2_control/environment/library_path.dsv\n'}
[56.867616] (rqt_mocap4r2_control) StdoutLine: {'line': b'-- Installing: /home/strain-drone/Documents/drone_position_hold/ros2_ws/src/install/rqt_mocap4r2_control/share/ament_index/resource_index/package_run_dependencies/rqt_mocap4r2_control\n'}
[56.867845] (rqt_mocap4r2_control) StdoutLine: {'line': b'-- Installing: /home/strain-drone/Documents/drone_position_hold/ros2_ws/src/install/rqt_mocap4r2_control/share/ament_index/resource_index/parent_prefix_path/rqt_mocap4r2_control\n'}
[56.868040] (rqt_mocap4r2_control) StdoutLine: {'line': b'-- Installing: /home/strain-drone/Documents/drone_position_hold/ros2_ws/src/install/rqt_mocap4r2_control/share/rqt_mocap4r2_control/environment/ament_prefix_path.sh\n'}
[56.868228] (rqt_mocap4r2_control) StdoutLine: {'line': b'-- Installing: /home/strain-drone/Documents/drone_position_hold/ros2_ws/src/install/rqt_mocap4r2_control/share/rqt_mocap4r2_control/environment/ament_prefix_path.dsv\n'}
[56.868409] (rqt_mocap4r2_control) StdoutLine: {'line': b'-- Installing: /home/strain-drone/Documents/drone_position_hold/ros2_ws/src/install/rqt_mocap4r2_control/share/rqt_mocap4r2_control/environment/path.sh\n'}
[56.868582] (rqt_mocap4r2_control) StdoutLine: {'line': b'-- Installing: /home/strain-drone/Documents/drone_position_hold/ros2_ws/src/install/rqt_mocap4r2_control/share/rqt_mocap4r2_control/environment/path.dsv\n'}
[56.868753] (rqt_mocap4r2_control) StdoutLine: {'line': b'-- Installing: /home/strain-drone/Documents/drone_position_hold/ros2_ws/src/install/rqt_mocap4r2_control/share/rqt_mocap4r2_control/local_setup.bash\n'}
[56.868921] (rqt_mocap4r2_control) StdoutLine: {'line': b'-- Installing: /home/strain-drone/Documents/drone_position_hold/ros2_ws/src/install/rqt_mocap4r2_control/share/rqt_mocap4r2_control/local_setup.sh\n'}
[56.869091] (rqt_mocap4r2_control) StdoutLine: {'line': b'-- Installing: /home/strain-drone/Documents/drone_position_hold/ros2_ws/src/install/rqt_mocap4r2_control/share/rqt_mocap4r2_control/local_setup.zsh\n'}
[56.869268] (rqt_mocap4r2_control) StdoutLine: {'line': b'-- Installing: /home/strain-drone/Documents/drone_position_hold/ros2_ws/src/install/rqt_mocap4r2_control/share/rqt_mocap4r2_control/local_setup.dsv\n'}
[56.869459] (rqt_mocap4r2_control) StdoutLine: {'line': b'-- Installing: /home/strain-drone/Documents/drone_position_hold/ros2_ws/src/install/rqt_mocap4r2_control/share/rqt_mocap4r2_control/package.dsv\n'}
[56.869712] (rqt_mocap4r2_control) StdoutLine: {'line': b'-- Installing: /home/strain-drone/Documents/drone_position_hold/ros2_ws/src/install/rqt_mocap4r2_control/share/ament_index/resource_index/packages/rqt_mocap4r2_control\n'}
[56.869922] (rqt_mocap4r2_control) StdoutLine: {'line': b'-- Installing: /home/strain-drone/Documents/drone_position_hold/ros2_ws/src/install/rqt_mocap4r2_control/share/ament_index/resource_index/rqt_gui__pluginlib__plugin/rqt_mocap4r2_control\n'}
[56.870143] (rqt_mocap4r2_control) StdoutLine: {'line': b'-- Installing: /home/strain-drone/Documents/drone_position_hold/ros2_ws/src/install/rqt_mocap4r2_control/share/rqt_mocap4r2_control/cmake/ament_cmake_export_include_directories-extras.cmake\n'}
[56.870310] (rqt_mocap4r2_control) StdoutLine: {'line': b'-- Installing: /home/strain-drone/Documents/drone_position_hold/ros2_ws/src/install/rqt_mocap4r2_control/share/rqt_mocap4r2_control/cmake/ament_cmake_export_libraries-extras.cmake\n'}
[56.870507] (rqt_mocap4r2_control) StdoutLine: {'line': b'-- Installing: /home/strain-drone/Documents/drone_position_hold/ros2_ws/src/install/rqt_mocap4r2_control/share/rqt_mocap4r2_control/cmake/rqt_mocap4r2_controlConfig.cmake\n'}
[56.870652] (rqt_mocap4r2_control) StdoutLine: {'line': b'-- Installing: /home/strain-drone/Documents/drone_position_hold/ros2_ws/src/install/rqt_mocap4r2_control/share/rqt_mocap4r2_control/cmake/rqt_mocap4r2_controlConfig-version.cmake\n'}
[56.870816] (rqt_mocap4r2_control) StdoutLine: {'line': b'-- Installing: /home/strain-drone/Documents/drone_position_hold/ros2_ws/src/install/rqt_mocap4r2_control/share/rqt_mocap4r2_control/package.xml\n'}
[56.873639] (rqt_mocap4r2_control) CommandEnded: {'returncode': 0}
[56.923915] (-) TimerEvent: {}
[56.959381] (rqt_mocap4r2_control) JobEnded: {'identifier': 'rqt_mocap4r2_control', 'rc': 0}
[56.960647] (-) EventReactorShutdown: {}
