[0.153s] DEBUG:colcon:Command line arguments: ['/usr/bin/colcon', 'build']
[0.154s] DEBUG:colcon:Parsed command line arguments: Namespace(log_base=None, log_level=None, verb_name='build', build_base='build', install_base='install', merge_install=False, symlink_install=False, test_result_base=None, continue_on_error=False, executor='parallel', parallel_workers=4, event_handlers=None, ignore_user_meta=False, metas=['./colcon.meta'], base_paths=['.'], packages_ignore=None, packages_ignore_regex=None, paths=None, packages_up_to=None, packages_up_to_regex=None, packages_above=None, packages_above_and_dependencies=None, packages_above_depth=None, packages_select_by_dep=None, packages_skip_by_dep=None, packages_skip_up_to=None, packages_select_build_failed=False, packages_skip_build_finished=False, packages_select_test_failures=False, packages_skip_test_passed=False, packages_select=None, packages_skip=None, packages_select_regex=None, packages_skip_regex=None, packages_start=None, packages_end=None, allow_overriding=[], cmake_args=None, cmake_target=None, cmake_target_skip_unavailable=False, cmake_clean_cache=False, cmake_clean_first=False, cmake_force_configure=False, ament_cmake_args=None, catkin_cmake_args=None, catkin_skip_building_tests=False, mixin_files=None, mixin=None, verb_parser=<colcon_mixin.mixin.mixin_argument.MixinArgumentDecorator object at 0xffff91675730>, verb_extension=<colcon_core.verb.build.BuildVerb object at 0xffff9181e090>, main=<bound method BuildVerb.main of <colcon_core.verb.build.BuildVerb object at 0xffff9181e090>>, mixin_verb=('build',))
[0.211s] Level 1:colcon.colcon_core.package_discovery:discover_packages(colcon_meta) check parameters
[0.211s] Level 1:colcon.colcon_core.package_discovery:discover_packages(recursive) check parameters
[0.211s] Level 1:colcon.colcon_core.package_discovery:discover_packages(ignore) check parameters
[0.211s] Level 1:colcon.colcon_core.package_discovery:discover_packages(path) check parameters
[0.211s] Level 1:colcon.colcon_core.package_discovery:discover_packages(colcon_meta) discover
[0.211s] Level 1:colcon.colcon_core.package_discovery:discover_packages(recursive) discover
[0.211s] INFO:colcon.colcon_core.package_discovery:Crawling recursively for packages in '/home/strain-drone/Documents/drone_position_hold/ros2_ws'
[0.212s] Level 1:colcon.colcon_core.package_identification:_identify(.) by extensions ['ignore', 'ignore_ament_install']
[0.212s] Level 1:colcon.colcon_core.package_identification:_identify(.) by extension 'ignore'
[0.212s] Level 1:colcon.colcon_core.package_identification:_identify(.) by extension 'ignore_ament_install'
[0.212s] Level 1:colcon.colcon_core.package_identification:_identify(.) by extensions ['colcon_pkg']
[0.212s] Level 1:colcon.colcon_core.package_identification:_identify(.) by extension 'colcon_pkg'
[0.212s] Level 1:colcon.colcon_core.package_identification:_identify(.) by extensions ['colcon_meta']
[0.212s] Level 1:colcon.colcon_core.package_identification:_identify(.) by extension 'colcon_meta'
[0.212s] Level 1:colcon.colcon_core.package_identification:_identify(.) by extensions ['ros']
[0.212s] Level 1:colcon.colcon_core.package_identification:_identify(.) by extension 'ros'
[0.251s] Level 1:colcon.colcon_core.package_identification:_identify(.) by extensions ['cmake', 'python']
[0.251s] Level 1:colcon.colcon_core.package_identification:_identify(.) by extension 'cmake'
[0.251s] Level 1:colcon.colcon_core.package_identification:_identify(.) by extension 'python'
[0.251s] Level 1:colcon.colcon_core.package_identification:_identify(.) by extensions ['python_setup_py']
[0.251s] Level 1:colcon.colcon_core.package_identification:_identify(.) by extension 'python_setup_py'
[0.251s] Level 1:colcon.colcon_core.package_identification:_identify(build) by extensions ['ignore', 'ignore_ament_install']
[0.251s] Level 1:colcon.colcon_core.package_identification:_identify(build) by extension 'ignore'
[0.251s] Level 1:colcon.colcon_core.package_identification:_identify(build) ignored
[0.252s] Level 1:colcon.colcon_core.package_identification:_identify(install) by extensions ['ignore', 'ignore_ament_install']
[0.252s] Level 1:colcon.colcon_core.package_identification:_identify(install) by extension 'ignore'
[0.252s] Level 1:colcon.colcon_core.package_identification:_identify(install) ignored
[0.252s] Level 1:colcon.colcon_core.package_identification:_identify(log) by extensions ['ignore', 'ignore_ament_install']
[0.252s] Level 1:colcon.colcon_core.package_identification:_identify(log) by extension 'ignore'
[0.252s] Level 1:colcon.colcon_core.package_identification:_identify(log) ignored
[0.252s] Level 1:colcon.colcon_core.package_identification:_identify(src) by extensions ['ignore', 'ignore_ament_install']
[0.252s] Level 1:colcon.colcon_core.package_identification:_identify(src) by extension 'ignore'
[0.252s] Level 1:colcon.colcon_core.package_identification:_identify(src) by extension 'ignore_ament_install'
[0.252s] Level 1:colcon.colcon_core.package_identification:_identify(src) by extensions ['colcon_pkg']
[0.252s] Level 1:colcon.colcon_core.package_identification:_identify(src) by extension 'colcon_pkg'
[0.252s] Level 1:colcon.colcon_core.package_identification:_identify(src) by extensions ['colcon_meta']
[0.252s] Level 1:colcon.colcon_core.package_identification:_identify(src) by extension 'colcon_meta'
[0.252s] Level 1:colcon.colcon_core.package_identification:_identify(src) by extensions ['ros']
[0.253s] Level 1:colcon.colcon_core.package_identification:_identify(src) by extension 'ros'
[0.253s] Level 1:colcon.colcon_core.package_identification:_identify(src) by extensions ['cmake', 'python']
[0.253s] Level 1:colcon.colcon_core.package_identification:_identify(src) by extension 'cmake'
[0.253s] Level 1:colcon.colcon_core.package_identification:_identify(src) by extension 'python'
[0.253s] Level 1:colcon.colcon_core.package_identification:_identify(src) by extensions ['python_setup_py']
[0.253s] Level 1:colcon.colcon_core.package_identification:_identify(src) by extension 'python_setup_py'
[0.253s] Level 1:colcon.colcon_core.package_identification:_identify(src/build) by extensions ['ignore', 'ignore_ament_install']
[0.253s] Level 1:colcon.colcon_core.package_identification:_identify(src/build) by extension 'ignore'
[0.253s] Level 1:colcon.colcon_core.package_identification:_identify(src/build) ignored
[0.253s] Level 1:colcon.colcon_core.package_identification:_identify(src/install) by extensions ['ignore', 'ignore_ament_install']
[0.253s] Level 1:colcon.colcon_core.package_identification:_identify(src/install) by extension 'ignore'
[0.253s] Level 1:colcon.colcon_core.package_identification:_identify(src/install) ignored
[0.253s] Level 1:colcon.colcon_core.package_identification:_identify(src/log) by extensions ['ignore', 'ignore_ament_install']
[0.253s] Level 1:colcon.colcon_core.package_identification:_identify(src/log) by extension 'ignore'
[0.254s] Level 1:colcon.colcon_core.package_identification:_identify(src/log) ignored
[0.254s] Level 1:colcon.colcon_core.package_identification:_identify(src/mavros_config) by extensions ['ignore', 'ignore_ament_install']
[0.254s] Level 1:colcon.colcon_core.package_identification:_identify(src/mavros_config) by extension 'ignore'
[0.254s] Level 1:colcon.colcon_core.package_identification:_identify(src/mavros_config) by extension 'ignore_ament_install'
[0.254s] Level 1:colcon.colcon_core.package_identification:_identify(src/mavros_config) by extensions ['colcon_pkg']
[0.254s] Level 1:colcon.colcon_core.package_identification:_identify(src/mavros_config) by extension 'colcon_pkg'
[0.254s] Level 1:colcon.colcon_core.package_identification:_identify(src/mavros_config) by extensions ['colcon_meta']
[0.254s] Level 1:colcon.colcon_core.package_identification:_identify(src/mavros_config) by extension 'colcon_meta'
[0.254s] Level 1:colcon.colcon_core.package_identification:_identify(src/mavros_config) by extensions ['ros']
[0.254s] Level 1:colcon.colcon_core.package_identification:_identify(src/mavros_config) by extension 'ros'
[0.257s] DEBUG:colcon.colcon_core.package_identification:Package 'src/mavros_config' with type 'ros.ament_python' and name 'mavros_config'
[0.258s] Level 1:colcon.colcon_core.package_identification:_identify(src/mocap4r2) by extensions ['ignore', 'ignore_ament_install']
[0.258s] Level 1:colcon.colcon_core.package_identification:_identify(src/mocap4r2) by extension 'ignore'
[0.258s] Level 1:colcon.colcon_core.package_identification:_identify(src/mocap4r2) by extension 'ignore_ament_install'
[0.258s] Level 1:colcon.colcon_core.package_identification:_identify(src/mocap4r2) by extensions ['colcon_pkg']
[0.258s] Level 1:colcon.colcon_core.package_identification:_identify(src/mocap4r2) by extension 'colcon_pkg'
[0.258s] Level 1:colcon.colcon_core.package_identification:_identify(src/mocap4r2) by extensions ['colcon_meta']
[0.258s] Level 1:colcon.colcon_core.package_identification:_identify(src/mocap4r2) by extension 'colcon_meta'
[0.258s] Level 1:colcon.colcon_core.package_identification:_identify(src/mocap4r2) by extensions ['ros']
[0.258s] Level 1:colcon.colcon_core.package_identification:_identify(src/mocap4r2) by extension 'ros'
[0.258s] Level 1:colcon.colcon_core.package_identification:_identify(src/mocap4r2) by extensions ['cmake', 'python']
[0.258s] Level 1:colcon.colcon_core.package_identification:_identify(src/mocap4r2) by extension 'cmake'
[0.258s] Level 1:colcon.colcon_core.package_identification:_identify(src/mocap4r2) by extension 'python'
[0.258s] Level 1:colcon.colcon_core.package_identification:_identify(src/mocap4r2) by extensions ['python_setup_py']
[0.258s] Level 1:colcon.colcon_core.package_identification:_identify(src/mocap4r2) by extension 'python_setup_py'
[0.258s] Level 1:colcon.colcon_core.package_identification:_identify(src/mocap4r2/mocap4r2_control) by extensions ['ignore', 'ignore_ament_install']
[0.258s] Level 1:colcon.colcon_core.package_identification:_identify(src/mocap4r2/mocap4r2_control) by extension 'ignore'
[0.259s] Level 1:colcon.colcon_core.package_identification:_identify(src/mocap4r2/mocap4r2_control) by extension 'ignore_ament_install'
[0.259s] Level 1:colcon.colcon_core.package_identification:_identify(src/mocap4r2/mocap4r2_control) by extensions ['colcon_pkg']
[0.259s] Level 1:colcon.colcon_core.package_identification:_identify(src/mocap4r2/mocap4r2_control) by extension 'colcon_pkg'
[0.259s] Level 1:colcon.colcon_core.package_identification:_identify(src/mocap4r2/mocap4r2_control) by extensions ['colcon_meta']
[0.259s] Level 1:colcon.colcon_core.package_identification:_identify(src/mocap4r2/mocap4r2_control) by extension 'colcon_meta'
[0.259s] Level 1:colcon.colcon_core.package_identification:_identify(src/mocap4r2/mocap4r2_control) by extensions ['ros']
[0.259s] Level 1:colcon.colcon_core.package_identification:_identify(src/mocap4r2/mocap4r2_control) by extension 'ros'
[0.259s] Level 1:colcon.colcon_core.package_identification:_identify(src/mocap4r2/mocap4r2_control) by extensions ['cmake', 'python']
[0.259s] Level 1:colcon.colcon_core.package_identification:_identify(src/mocap4r2/mocap4r2_control) by extension 'cmake'
[0.259s] Level 1:colcon.colcon_core.package_identification:_identify(src/mocap4r2/mocap4r2_control) by extension 'python'
[0.259s] Level 1:colcon.colcon_core.package_identification:_identify(src/mocap4r2/mocap4r2_control) by extensions ['python_setup_py']
[0.259s] Level 1:colcon.colcon_core.package_identification:_identify(src/mocap4r2/mocap4r2_control) by extension 'python_setup_py'
[0.259s] Level 1:colcon.colcon_core.package_identification:_identify(src/mocap4r2/mocap4r2_control/mocap4r2_control) by extensions ['ignore', 'ignore_ament_install']
[0.259s] Level 1:colcon.colcon_core.package_identification:_identify(src/mocap4r2/mocap4r2_control/mocap4r2_control) by extension 'ignore'
[0.259s] Level 1:colcon.colcon_core.package_identification:_identify(src/mocap4r2/mocap4r2_control/mocap4r2_control) by extension 'ignore_ament_install'
[0.259s] Level 1:colcon.colcon_core.package_identification:_identify(src/mocap4r2/mocap4r2_control/mocap4r2_control) by extensions ['colcon_pkg']
[0.259s] Level 1:colcon.colcon_core.package_identification:_identify(src/mocap4r2/mocap4r2_control/mocap4r2_control) by extension 'colcon_pkg'
[0.259s] Level 1:colcon.colcon_core.package_identification:_identify(src/mocap4r2/mocap4r2_control/mocap4r2_control) by extensions ['colcon_meta']
[0.260s] Level 1:colcon.colcon_core.package_identification:_identify(src/mocap4r2/mocap4r2_control/mocap4r2_control) by extension 'colcon_meta'
[0.260s] Level 1:colcon.colcon_core.package_identification:_identify(src/mocap4r2/mocap4r2_control/mocap4r2_control) by extensions ['ros']
[0.260s] Level 1:colcon.colcon_core.package_identification:_identify(src/mocap4r2/mocap4r2_control/mocap4r2_control) by extension 'ros'
[0.260s] DEBUG:colcon.colcon_core.package_identification:Package 'src/mocap4r2/mocap4r2_control/mocap4r2_control' with type 'ros.ament_cmake' and name 'mocap4r2_control'
[0.261s] Level 1:colcon.colcon_core.package_identification:_identify(src/mocap4r2/mocap4r2_control/mocap4r2_control_msgs) by extensions ['ignore', 'ignore_ament_install']
[0.261s] Level 1:colcon.colcon_core.package_identification:_identify(src/mocap4r2/mocap4r2_control/mocap4r2_control_msgs) by extension 'ignore'
[0.261s] Level 1:colcon.colcon_core.package_identification:_identify(src/mocap4r2/mocap4r2_control/mocap4r2_control_msgs) by extension 'ignore_ament_install'
[0.261s] Level 1:colcon.colcon_core.package_identification:_identify(src/mocap4r2/mocap4r2_control/mocap4r2_control_msgs) by extensions ['colcon_pkg']
[0.261s] Level 1:colcon.colcon_core.package_identification:_identify(src/mocap4r2/mocap4r2_control/mocap4r2_control_msgs) by extension 'colcon_pkg'
[0.261s] Level 1:colcon.colcon_core.package_identification:_identify(src/mocap4r2/mocap4r2_control/mocap4r2_control_msgs) by extensions ['colcon_meta']
[0.261s] Level 1:colcon.colcon_core.package_identification:_identify(src/mocap4r2/mocap4r2_control/mocap4r2_control_msgs) by extension 'colcon_meta'
[0.261s] Level 1:colcon.colcon_core.package_identification:_identify(src/mocap4r2/mocap4r2_control/mocap4r2_control_msgs) by extensions ['ros']
[0.261s] Level 1:colcon.colcon_core.package_identification:_identify(src/mocap4r2/mocap4r2_control/mocap4r2_control_msgs) by extension 'ros'
[0.262s] DEBUG:colcon.colcon_core.package_identification:Package 'src/mocap4r2/mocap4r2_control/mocap4r2_control_msgs' with type 'ros.ament_cmake' and name 'mocap4r2_control_msgs'
[0.262s] Level 1:colcon.colcon_core.package_identification:_identify(src/mocap4r2/mocap4r2_control/rqt_mocap4r2_control) by extensions ['ignore', 'ignore_ament_install']
[0.262s] Level 1:colcon.colcon_core.package_identification:_identify(src/mocap4r2/mocap4r2_control/rqt_mocap4r2_control) by extension 'ignore'
[0.262s] Level 1:colcon.colcon_core.package_identification:_identify(src/mocap4r2/mocap4r2_control/rqt_mocap4r2_control) by extension 'ignore_ament_install'
[0.262s] Level 1:colcon.colcon_core.package_identification:_identify(src/mocap4r2/mocap4r2_control/rqt_mocap4r2_control) by extensions ['colcon_pkg']
[0.262s] Level 1:colcon.colcon_core.package_identification:_identify(src/mocap4r2/mocap4r2_control/rqt_mocap4r2_control) by extension 'colcon_pkg'
[0.262s] Level 1:colcon.colcon_core.package_identification:_identify(src/mocap4r2/mocap4r2_control/rqt_mocap4r2_control) by extensions ['colcon_meta']
[0.262s] Level 1:colcon.colcon_core.package_identification:_identify(src/mocap4r2/mocap4r2_control/rqt_mocap4r2_control) by extension 'colcon_meta'
[0.262s] Level 1:colcon.colcon_core.package_identification:_identify(src/mocap4r2/mocap4r2_control/rqt_mocap4r2_control) by extensions ['ros']
[0.262s] Level 1:colcon.colcon_core.package_identification:_identify(src/mocap4r2/mocap4r2_control/rqt_mocap4r2_control) by extension 'ros'
[0.264s] DEBUG:colcon.colcon_core.package_identification:Package 'src/mocap4r2/mocap4r2_control/rqt_mocap4r2_control' with type 'ros.ament_cmake' and name 'rqt_mocap4r2_control'
[0.264s] Level 1:colcon.colcon_core.package_identification:_identify(src/mocap4r2/mocap4r2_dummy_driver) by extensions ['ignore', 'ignore_ament_install']
[0.264s] Level 1:colcon.colcon_core.package_identification:_identify(src/mocap4r2/mocap4r2_dummy_driver) by extension 'ignore'
[0.264s] Level 1:colcon.colcon_core.package_identification:_identify(src/mocap4r2/mocap4r2_dummy_driver) by extension 'ignore_ament_install'
[0.264s] Level 1:colcon.colcon_core.package_identification:_identify(src/mocap4r2/mocap4r2_dummy_driver) by extensions ['colcon_pkg']
[0.264s] Level 1:colcon.colcon_core.package_identification:_identify(src/mocap4r2/mocap4r2_dummy_driver) by extension 'colcon_pkg'
[0.264s] Level 1:colcon.colcon_core.package_identification:_identify(src/mocap4r2/mocap4r2_dummy_driver) by extensions ['colcon_meta']
[0.264s] Level 1:colcon.colcon_core.package_identification:_identify(src/mocap4r2/mocap4r2_dummy_driver) by extension 'colcon_meta'
[0.264s] Level 1:colcon.colcon_core.package_identification:_identify(src/mocap4r2/mocap4r2_dummy_driver) by extensions ['ros']
[0.264s] Level 1:colcon.colcon_core.package_identification:_identify(src/mocap4r2/mocap4r2_dummy_driver) by extension 'ros'
[0.265s] DEBUG:colcon.colcon_core.package_identification:Package 'src/mocap4r2/mocap4r2_dummy_driver' with type 'ros.ament_cmake' and name 'mocap4r2_dummy_driver'
[0.265s] Level 1:colcon.colcon_core.package_identification:_identify(src/mocap4r2/mocap4r2_marker_viz) by extensions ['ignore', 'ignore_ament_install']
[0.265s] Level 1:colcon.colcon_core.package_identification:_identify(src/mocap4r2/mocap4r2_marker_viz) by extension 'ignore'
[0.265s] Level 1:colcon.colcon_core.package_identification:_identify(src/mocap4r2/mocap4r2_marker_viz) by extension 'ignore_ament_install'
[0.265s] Level 1:colcon.colcon_core.package_identification:_identify(src/mocap4r2/mocap4r2_marker_viz) by extensions ['colcon_pkg']
[0.265s] Level 1:colcon.colcon_core.package_identification:_identify(src/mocap4r2/mocap4r2_marker_viz) by extension 'colcon_pkg'
[0.265s] Level 1:colcon.colcon_core.package_identification:_identify(src/mocap4r2/mocap4r2_marker_viz) by extensions ['colcon_meta']
[0.265s] Level 1:colcon.colcon_core.package_identification:_identify(src/mocap4r2/mocap4r2_marker_viz) by extension 'colcon_meta'
[0.265s] Level 1:colcon.colcon_core.package_identification:_identify(src/mocap4r2/mocap4r2_marker_viz) by extensions ['ros']
[0.265s] Level 1:colcon.colcon_core.package_identification:_identify(src/mocap4r2/mocap4r2_marker_viz) by extension 'ros'
[0.265s] Level 1:colcon.colcon_core.package_identification:_identify(src/mocap4r2/mocap4r2_marker_viz) by extensions ['cmake', 'python']
[0.265s] Level 1:colcon.colcon_core.package_identification:_identify(src/mocap4r2/mocap4r2_marker_viz) by extension 'cmake'
[0.266s] Level 1:colcon.colcon_core.package_identification:_identify(src/mocap4r2/mocap4r2_marker_viz) by extension 'python'
[0.266s] Level 1:colcon.colcon_core.package_identification:_identify(src/mocap4r2/mocap4r2_marker_viz) by extensions ['python_setup_py']
[0.266s] Level 1:colcon.colcon_core.package_identification:_identify(src/mocap4r2/mocap4r2_marker_viz) by extension 'python_setup_py'
[0.266s] Level 1:colcon.colcon_core.package_identification:_identify(src/mocap4r2/mocap4r2_marker_viz/mocap4r2_marker_publisher) by extensions ['ignore', 'ignore_ament_install']
[0.266s] Level 1:colcon.colcon_core.package_identification:_identify(src/mocap4r2/mocap4r2_marker_viz/mocap4r2_marker_publisher) by extension 'ignore'
[0.266s] Level 1:colcon.colcon_core.package_identification:_identify(src/mocap4r2/mocap4r2_marker_viz/mocap4r2_marker_publisher) by extension 'ignore_ament_install'
[0.266s] Level 1:colcon.colcon_core.package_identification:_identify(src/mocap4r2/mocap4r2_marker_viz/mocap4r2_marker_publisher) by extensions ['colcon_pkg']
[0.266s] Level 1:colcon.colcon_core.package_identification:_identify(src/mocap4r2/mocap4r2_marker_viz/mocap4r2_marker_publisher) by extension 'colcon_pkg'
[0.266s] Level 1:colcon.colcon_core.package_identification:_identify(src/mocap4r2/mocap4r2_marker_viz/mocap4r2_marker_publisher) by extensions ['colcon_meta']
[0.266s] Level 1:colcon.colcon_core.package_identification:_identify(src/mocap4r2/mocap4r2_marker_viz/mocap4r2_marker_publisher) by extension 'colcon_meta'
[0.266s] Level 1:colcon.colcon_core.package_identification:_identify(src/mocap4r2/mocap4r2_marker_viz/mocap4r2_marker_publisher) by extensions ['ros']
[0.266s] Level 1:colcon.colcon_core.package_identification:_identify(src/mocap4r2/mocap4r2_marker_viz/mocap4r2_marker_publisher) by extension 'ros'
[0.267s] DEBUG:colcon.colcon_core.package_identification:Package 'src/mocap4r2/mocap4r2_marker_viz/mocap4r2_marker_publisher' with type 'ros.ament_cmake' and name 'mocap4r2_marker_publisher'
[0.267s] Level 1:colcon.colcon_core.package_identification:_identify(src/mocap4r2/mocap4r2_marker_viz/mocap4r2_marker_viz) by extensions ['ignore', 'ignore_ament_install']
[0.267s] Level 1:colcon.colcon_core.package_identification:_identify(src/mocap4r2/mocap4r2_marker_viz/mocap4r2_marker_viz) by extension 'ignore'
[0.267s] Level 1:colcon.colcon_core.package_identification:_identify(src/mocap4r2/mocap4r2_marker_viz/mocap4r2_marker_viz) by extension 'ignore_ament_install'
[0.267s] Level 1:colcon.colcon_core.package_identification:_identify(src/mocap4r2/mocap4r2_marker_viz/mocap4r2_marker_viz) by extensions ['colcon_pkg']
[0.267s] Level 1:colcon.colcon_core.package_identification:_identify(src/mocap4r2/mocap4r2_marker_viz/mocap4r2_marker_viz) by extension 'colcon_pkg'
[0.267s] Level 1:colcon.colcon_core.package_identification:_identify(src/mocap4r2/mocap4r2_marker_viz/mocap4r2_marker_viz) by extensions ['colcon_meta']
[0.267s] Level 1:colcon.colcon_core.package_identification:_identify(src/mocap4r2/mocap4r2_marker_viz/mocap4r2_marker_viz) by extension 'colcon_meta'
[0.267s] Level 1:colcon.colcon_core.package_identification:_identify(src/mocap4r2/mocap4r2_marker_viz/mocap4r2_marker_viz) by extensions ['ros']
[0.267s] Level 1:colcon.colcon_core.package_identification:_identify(src/mocap4r2/mocap4r2_marker_viz/mocap4r2_marker_viz) by extension 'ros'
[0.268s] DEBUG:colcon.colcon_core.package_identification:Package 'src/mocap4r2/mocap4r2_marker_viz/mocap4r2_marker_viz' with type 'ros.ament_cmake' and name 'mocap4r2_marker_viz'
[0.268s] Level 1:colcon.colcon_core.package_identification:_identify(src/mocap4r2/mocap4r2_marker_viz/mocap4r2_marker_viz_srvs) by extensions ['ignore', 'ignore_ament_install']
[0.268s] Level 1:colcon.colcon_core.package_identification:_identify(src/mocap4r2/mocap4r2_marker_viz/mocap4r2_marker_viz_srvs) by extension 'ignore'
[0.268s] Level 1:colcon.colcon_core.package_identification:_identify(src/mocap4r2/mocap4r2_marker_viz/mocap4r2_marker_viz_srvs) by extension 'ignore_ament_install'
[0.268s] Level 1:colcon.colcon_core.package_identification:_identify(src/mocap4r2/mocap4r2_marker_viz/mocap4r2_marker_viz_srvs) by extensions ['colcon_pkg']
[0.268s] Level 1:colcon.colcon_core.package_identification:_identify(src/mocap4r2/mocap4r2_marker_viz/mocap4r2_marker_viz_srvs) by extension 'colcon_pkg'
[0.268s] Level 1:colcon.colcon_core.package_identification:_identify(src/mocap4r2/mocap4r2_marker_viz/mocap4r2_marker_viz_srvs) by extensions ['colcon_meta']
[0.268s] Level 1:colcon.colcon_core.package_identification:_identify(src/mocap4r2/mocap4r2_marker_viz/mocap4r2_marker_viz_srvs) by extension 'colcon_meta'
[0.269s] Level 1:colcon.colcon_core.package_identification:_identify(src/mocap4r2/mocap4r2_marker_viz/mocap4r2_marker_viz_srvs) by extensions ['ros']
[0.269s] Level 1:colcon.colcon_core.package_identification:_identify(src/mocap4r2/mocap4r2_marker_viz/mocap4r2_marker_viz_srvs) by extension 'ros'
[0.269s] DEBUG:colcon.colcon_core.package_identification:Package 'src/mocap4r2/mocap4r2_marker_viz/mocap4r2_marker_viz_srvs' with type 'ros.ament_cmake' and name 'mocap4r2_marker_viz_srvs'
[0.269s] Level 1:colcon.colcon_core.package_identification:_identify(src/mocap4r2/mocap4r2_robot_gt) by extensions ['ignore', 'ignore_ament_install']
[0.269s] Level 1:colcon.colcon_core.package_identification:_identify(src/mocap4r2/mocap4r2_robot_gt) by extension 'ignore'
[0.269s] Level 1:colcon.colcon_core.package_identification:_identify(src/mocap4r2/mocap4r2_robot_gt) by extension 'ignore_ament_install'
[0.269s] Level 1:colcon.colcon_core.package_identification:_identify(src/mocap4r2/mocap4r2_robot_gt) by extensions ['colcon_pkg']
[0.269s] Level 1:colcon.colcon_core.package_identification:_identify(src/mocap4r2/mocap4r2_robot_gt) by extension 'colcon_pkg'
[0.270s] Level 1:colcon.colcon_core.package_identification:_identify(src/mocap4r2/mocap4r2_robot_gt) by extensions ['colcon_meta']
[0.270s] Level 1:colcon.colcon_core.package_identification:_identify(src/mocap4r2/mocap4r2_robot_gt) by extension 'colcon_meta'
[0.270s] Level 1:colcon.colcon_core.package_identification:_identify(src/mocap4r2/mocap4r2_robot_gt) by extensions ['ros']
[0.270s] Level 1:colcon.colcon_core.package_identification:_identify(src/mocap4r2/mocap4r2_robot_gt) by extension 'ros'
[0.270s] Level 1:colcon.colcon_core.package_identification:_identify(src/mocap4r2/mocap4r2_robot_gt) by extensions ['cmake', 'python']
[0.270s] Level 1:colcon.colcon_core.package_identification:_identify(src/mocap4r2/mocap4r2_robot_gt) by extension 'cmake'
[0.270s] Level 1:colcon.colcon_core.package_identification:_identify(src/mocap4r2/mocap4r2_robot_gt) by extension 'python'
[0.270s] Level 1:colcon.colcon_core.package_identification:_identify(src/mocap4r2/mocap4r2_robot_gt) by extensions ['python_setup_py']
[0.270s] Level 1:colcon.colcon_core.package_identification:_identify(src/mocap4r2/mocap4r2_robot_gt) by extension 'python_setup_py'
[0.270s] Level 1:colcon.colcon_core.package_identification:_identify(src/mocap4r2/mocap4r2_robot_gt/mocap4r2_robot_gt) by extensions ['ignore', 'ignore_ament_install']
[0.270s] Level 1:colcon.colcon_core.package_identification:_identify(src/mocap4r2/mocap4r2_robot_gt/mocap4r2_robot_gt) by extension 'ignore'
[0.270s] Level 1:colcon.colcon_core.package_identification:_identify(src/mocap4r2/mocap4r2_robot_gt/mocap4r2_robot_gt) by extension 'ignore_ament_install'
[0.270s] Level 1:colcon.colcon_core.package_identification:_identify(src/mocap4r2/mocap4r2_robot_gt/mocap4r2_robot_gt) by extensions ['colcon_pkg']
[0.270s] Level 1:colcon.colcon_core.package_identification:_identify(src/mocap4r2/mocap4r2_robot_gt/mocap4r2_robot_gt) by extension 'colcon_pkg'
[0.270s] Level 1:colcon.colcon_core.package_identification:_identify(src/mocap4r2/mocap4r2_robot_gt/mocap4r2_robot_gt) by extensions ['colcon_meta']
[0.270s] Level 1:colcon.colcon_core.package_identification:_identify(src/mocap4r2/mocap4r2_robot_gt/mocap4r2_robot_gt) by extension 'colcon_meta'
[0.270s] Level 1:colcon.colcon_core.package_identification:_identify(src/mocap4r2/mocap4r2_robot_gt/mocap4r2_robot_gt) by extensions ['ros']
[0.270s] Level 1:colcon.colcon_core.package_identification:_identify(src/mocap4r2/mocap4r2_robot_gt/mocap4r2_robot_gt) by extension 'ros'
[0.271s] DEBUG:colcon.colcon_core.package_identification:Package 'src/mocap4r2/mocap4r2_robot_gt/mocap4r2_robot_gt' with type 'ros.ament_cmake' and name 'mocap4r2_robot_gt'
[0.272s] Level 1:colcon.colcon_core.package_identification:_identify(src/mocap4r2/mocap4r2_robot_gt/mocap4r2_robot_gt_msgs) by extensions ['ignore', 'ignore_ament_install']
[0.272s] Level 1:colcon.colcon_core.package_identification:_identify(src/mocap4r2/mocap4r2_robot_gt/mocap4r2_robot_gt_msgs) by extension 'ignore'
[0.272s] Level 1:colcon.colcon_core.package_identification:_identify(src/mocap4r2/mocap4r2_robot_gt/mocap4r2_robot_gt_msgs) by extension 'ignore_ament_install'
[0.272s] Level 1:colcon.colcon_core.package_identification:_identify(src/mocap4r2/mocap4r2_robot_gt/mocap4r2_robot_gt_msgs) by extensions ['colcon_pkg']
[0.272s] Level 1:colcon.colcon_core.package_identification:_identify(src/mocap4r2/mocap4r2_robot_gt/mocap4r2_robot_gt_msgs) by extension 'colcon_pkg'
[0.272s] Level 1:colcon.colcon_core.package_identification:_identify(src/mocap4r2/mocap4r2_robot_gt/mocap4r2_robot_gt_msgs) by extensions ['colcon_meta']
[0.272s] Level 1:colcon.colcon_core.package_identification:_identify(src/mocap4r2/mocap4r2_robot_gt/mocap4r2_robot_gt_msgs) by extension 'colcon_meta'
[0.272s] Level 1:colcon.colcon_core.package_identification:_identify(src/mocap4r2/mocap4r2_robot_gt/mocap4r2_robot_gt_msgs) by extensions ['ros']
[0.272s] Level 1:colcon.colcon_core.package_identification:_identify(src/mocap4r2/mocap4r2_robot_gt/mocap4r2_robot_gt_msgs) by extension 'ros'
[0.273s] DEBUG:colcon.colcon_core.package_identification:Package 'src/mocap4r2/mocap4r2_robot_gt/mocap4r2_robot_gt_msgs' with type 'ros.ament_cmake' and name 'mocap4r2_robot_gt_msgs'
[0.273s] Level 1:colcon.colcon_core.package_identification:_identify(src/mocap4r2/mocap4r2cli) by extensions ['ignore', 'ignore_ament_install']
[0.273s] Level 1:colcon.colcon_core.package_identification:_identify(src/mocap4r2/mocap4r2cli) by extension 'ignore'
[0.273s] Level 1:colcon.colcon_core.package_identification:_identify(src/mocap4r2/mocap4r2cli) by extension 'ignore_ament_install'
[0.273s] Level 1:colcon.colcon_core.package_identification:_identify(src/mocap4r2/mocap4r2cli) by extensions ['colcon_pkg']
[0.273s] Level 1:colcon.colcon_core.package_identification:_identify(src/mocap4r2/mocap4r2cli) by extension 'colcon_pkg'
[0.273s] Level 1:colcon.colcon_core.package_identification:_identify(src/mocap4r2/mocap4r2cli) by extensions ['colcon_meta']
[0.273s] Level 1:colcon.colcon_core.package_identification:_identify(src/mocap4r2/mocap4r2cli) by extension 'colcon_meta'
[0.273s] Level 1:colcon.colcon_core.package_identification:_identify(src/mocap4r2/mocap4r2cli) by extensions ['ros']
[0.273s] Level 1:colcon.colcon_core.package_identification:_identify(src/mocap4r2/mocap4r2cli) by extension 'ros'
[0.274s] DEBUG:colcon.colcon_core.package_identification:Package 'src/mocap4r2/mocap4r2cli' with type 'ros.ament_python' and name 'mocap4r2cli'
[0.274s] Level 1:colcon.colcon_core.package_identification:_identify(src/mocap4r2_msgs) by extensions ['ignore', 'ignore_ament_install']
[0.274s] Level 1:colcon.colcon_core.package_identification:_identify(src/mocap4r2_msgs) by extension 'ignore'
[0.274s] Level 1:colcon.colcon_core.package_identification:_identify(src/mocap4r2_msgs) by extension 'ignore_ament_install'
[0.274s] Level 1:colcon.colcon_core.package_identification:_identify(src/mocap4r2_msgs) by extensions ['colcon_pkg']
[0.274s] Level 1:colcon.colcon_core.package_identification:_identify(src/mocap4r2_msgs) by extension 'colcon_pkg'
[0.274s] Level 1:colcon.colcon_core.package_identification:_identify(src/mocap4r2_msgs) by extensions ['colcon_meta']
[0.274s] Level 1:colcon.colcon_core.package_identification:_identify(src/mocap4r2_msgs) by extension 'colcon_meta'
[0.274s] Level 1:colcon.colcon_core.package_identification:_identify(src/mocap4r2_msgs) by extensions ['ros']
[0.274s] Level 1:colcon.colcon_core.package_identification:_identify(src/mocap4r2_msgs) by extension 'ros'
[0.275s] DEBUG:colcon.colcon_core.package_identification:Package 'src/mocap4r2_msgs' with type 'ros.ament_cmake' and name 'mocap4r2_msgs'
[0.275s] Level 1:colcon.colcon_core.package_identification:_identify(src/mocap4ros2_vicon) by extensions ['ignore', 'ignore_ament_install']
[0.276s] Level 1:colcon.colcon_core.package_identification:_identify(src/mocap4ros2_vicon) by extension 'ignore'
[0.276s] Level 1:colcon.colcon_core.package_identification:_identify(src/mocap4ros2_vicon) by extension 'ignore_ament_install'
[0.276s] Level 1:colcon.colcon_core.package_identification:_identify(src/mocap4ros2_vicon) by extensions ['colcon_pkg']
[0.276s] Level 1:colcon.colcon_core.package_identification:_identify(src/mocap4ros2_vicon) by extension 'colcon_pkg'
[0.276s] Level 1:colcon.colcon_core.package_identification:_identify(src/mocap4ros2_vicon) by extensions ['colcon_meta']
[0.276s] Level 1:colcon.colcon_core.package_identification:_identify(src/mocap4ros2_vicon) by extension 'colcon_meta'
[0.276s] Level 1:colcon.colcon_core.package_identification:_identify(src/mocap4ros2_vicon) by extensions ['ros']
[0.276s] Level 1:colcon.colcon_core.package_identification:_identify(src/mocap4ros2_vicon) by extension 'ros'
[0.276s] Level 1:colcon.colcon_core.package_identification:_identify(src/mocap4ros2_vicon) by extensions ['cmake', 'python']
[0.276s] Level 1:colcon.colcon_core.package_identification:_identify(src/mocap4ros2_vicon) by extension 'cmake'
[0.276s] Level 1:colcon.colcon_core.package_identification:_identify(src/mocap4ros2_vicon) by extension 'python'
[0.276s] Level 1:colcon.colcon_core.package_identification:_identify(src/mocap4ros2_vicon) by extensions ['python_setup_py']
[0.276s] Level 1:colcon.colcon_core.package_identification:_identify(src/mocap4ros2_vicon) by extension 'python_setup_py'
[0.276s] Level 1:colcon.colcon_core.package_identification:_identify(src/mocap4ros2_vicon/mocap4r2_vicon_driver) by extensions ['ignore', 'ignore_ament_install']
[0.276s] Level 1:colcon.colcon_core.package_identification:_identify(src/mocap4ros2_vicon/mocap4r2_vicon_driver) by extension 'ignore'
[0.276s] Level 1:colcon.colcon_core.package_identification:_identify(src/mocap4ros2_vicon/mocap4r2_vicon_driver) by extension 'ignore_ament_install'
[0.276s] Level 1:colcon.colcon_core.package_identification:_identify(src/mocap4ros2_vicon/mocap4r2_vicon_driver) by extensions ['colcon_pkg']
[0.276s] Level 1:colcon.colcon_core.package_identification:_identify(src/mocap4ros2_vicon/mocap4r2_vicon_driver) by extension 'colcon_pkg'
[0.277s] Level 1:colcon.colcon_core.package_identification:_identify(src/mocap4ros2_vicon/mocap4r2_vicon_driver) by extensions ['colcon_meta']
[0.277s] Level 1:colcon.colcon_core.package_identification:_identify(src/mocap4ros2_vicon/mocap4r2_vicon_driver) by extension 'colcon_meta'
[0.277s] Level 1:colcon.colcon_core.package_identification:_identify(src/mocap4ros2_vicon/mocap4r2_vicon_driver) by extensions ['ros']
[0.277s] Level 1:colcon.colcon_core.package_identification:_identify(src/mocap4ros2_vicon/mocap4r2_vicon_driver) by extension 'ros'
[0.278s] DEBUG:colcon.colcon_core.package_identification:Package 'src/mocap4ros2_vicon/mocap4r2_vicon_driver' with type 'ros.ament_cmake' and name 'mocap4r2_vicon_driver'
[0.278s] Level 1:colcon.colcon_core.package_identification:_identify(src/natnet_ros2) by extensions ['ignore', 'ignore_ament_install']
[0.278s] Level 1:colcon.colcon_core.package_identification:_identify(src/natnet_ros2) by extension 'ignore'
[0.278s] Level 1:colcon.colcon_core.package_identification:_identify(src/natnet_ros2) by extension 'ignore_ament_install'
[0.278s] Level 1:colcon.colcon_core.package_identification:_identify(src/natnet_ros2) by extensions ['colcon_pkg']
[0.278s] Level 1:colcon.colcon_core.package_identification:_identify(src/natnet_ros2) by extension 'colcon_pkg'
[0.278s] Level 1:colcon.colcon_core.package_identification:_identify(src/natnet_ros2) by extensions ['colcon_meta']
[0.278s] Level 1:colcon.colcon_core.package_identification:_identify(src/natnet_ros2) by extension 'colcon_meta'
[0.278s] Level 1:colcon.colcon_core.package_identification:_identify(src/natnet_ros2) by extensions ['ros']
[0.278s] Level 1:colcon.colcon_core.package_identification:_identify(src/natnet_ros2) by extension 'ros'
[0.279s] DEBUG:colcon.colcon_core.package_identification:Package 'src/natnet_ros2' with type 'ros.ament_cmake' and name 'natnet_ros2'
[0.279s] Level 1:colcon.colcon_core.package_identification:_identify(src/position_publisher) by extensions ['ignore', 'ignore_ament_install']
[0.279s] Level 1:colcon.colcon_core.package_identification:_identify(src/position_publisher) by extension 'ignore'
[0.279s] Level 1:colcon.colcon_core.package_identification:_identify(src/position_publisher) by extension 'ignore_ament_install'
[0.280s] Level 1:colcon.colcon_core.package_identification:_identify(src/position_publisher) by extensions ['colcon_pkg']
[0.280s] Level 1:colcon.colcon_core.package_identification:_identify(src/position_publisher) by extension 'colcon_pkg'
[0.280s] Level 1:colcon.colcon_core.package_identification:_identify(src/position_publisher) by extensions ['colcon_meta']
[0.280s] Level 1:colcon.colcon_core.package_identification:_identify(src/position_publisher) by extension 'colcon_meta'
[0.280s] Level 1:colcon.colcon_core.package_identification:_identify(src/position_publisher) by extensions ['ros']
[0.280s] Level 1:colcon.colcon_core.package_identification:_identify(src/position_publisher) by extension 'ros'
[0.280s] DEBUG:colcon.colcon_core.package_identification:Package 'src/position_publisher' with type 'ros.ament_python' and name 'position_publisher'
[0.280s] Level 1:colcon.colcon_core.package_identification:_identify(src/visualizer) by extensions ['ignore', 'ignore_ament_install']
[0.281s] Level 1:colcon.colcon_core.package_identification:_identify(src/visualizer) by extension 'ignore'
[0.281s] Level 1:colcon.colcon_core.package_identification:_identify(src/visualizer) by extension 'ignore_ament_install'
[0.281s] Level 1:colcon.colcon_core.package_identification:_identify(src/visualizer) by extensions ['colcon_pkg']
[0.281s] Level 1:colcon.colcon_core.package_identification:_identify(src/visualizer) by extension 'colcon_pkg'
[0.281s] Level 1:colcon.colcon_core.package_identification:_identify(src/visualizer) by extensions ['colcon_meta']
[0.281s] Level 1:colcon.colcon_core.package_identification:_identify(src/visualizer) by extension 'colcon_meta'
[0.281s] Level 1:colcon.colcon_core.package_identification:_identify(src/visualizer) by extensions ['ros']
[0.281s] Level 1:colcon.colcon_core.package_identification:_identify(src/visualizer) by extension 'ros'
[0.281s] DEBUG:colcon.colcon_core.package_identification:Package 'src/visualizer' with type 'ros.ament_python' and name 'visualizer'
[0.281s] Level 1:colcon.colcon_core.package_identification:_identify(test) by extensions ['ignore', 'ignore_ament_install']
[0.282s] Level 1:colcon.colcon_core.package_identification:_identify(test) by extension 'ignore'
[0.282s] Level 1:colcon.colcon_core.package_identification:_identify(test) by extension 'ignore_ament_install'
[0.282s] Level 1:colcon.colcon_core.package_identification:_identify(test) by extensions ['colcon_pkg']
[0.282s] Level 1:colcon.colcon_core.package_identification:_identify(test) by extension 'colcon_pkg'
[0.282s] Level 1:colcon.colcon_core.package_identification:_identify(test) by extensions ['colcon_meta']
[0.282s] Level 1:colcon.colcon_core.package_identification:_identify(test) by extension 'colcon_meta'
[0.282s] Level 1:colcon.colcon_core.package_identification:_identify(test) by extensions ['ros']
[0.282s] Level 1:colcon.colcon_core.package_identification:_identify(test) by extension 'ros'
[0.282s] Level 1:colcon.colcon_core.package_identification:_identify(test) by extensions ['cmake', 'python']
[0.282s] Level 1:colcon.colcon_core.package_identification:_identify(test) by extension 'cmake'
[0.282s] Level 1:colcon.colcon_core.package_identification:_identify(test) by extension 'python'
[0.282s] Level 1:colcon.colcon_core.package_identification:_identify(test) by extensions ['python_setup_py']
[0.282s] Level 1:colcon.colcon_core.package_identification:_identify(test) by extension 'python_setup_py'
[0.282s] Level 1:colcon.colcon_core.package_identification:_identify(test/logs) by extensions ['ignore', 'ignore_ament_install']
[0.282s] Level 1:colcon.colcon_core.package_identification:_identify(test/logs) by extension 'ignore'
[0.282s] Level 1:colcon.colcon_core.package_identification:_identify(test/logs) by extension 'ignore_ament_install'
[0.282s] Level 1:colcon.colcon_core.package_identification:_identify(test/logs) by extensions ['colcon_pkg']
[0.282s] Level 1:colcon.colcon_core.package_identification:_identify(test/logs) by extension 'colcon_pkg'
[0.282s] Level 1:colcon.colcon_core.package_identification:_identify(test/logs) by extensions ['colcon_meta']
[0.283s] Level 1:colcon.colcon_core.package_identification:_identify(test/logs) by extension 'colcon_meta'
[0.283s] Level 1:colcon.colcon_core.package_identification:_identify(test/logs) by extensions ['ros']
[0.283s] Level 1:colcon.colcon_core.package_identification:_identify(test/logs) by extension 'ros'
[0.283s] Level 1:colcon.colcon_core.package_identification:_identify(test/logs) by extensions ['cmake', 'python']
[0.283s] Level 1:colcon.colcon_core.package_identification:_identify(test/logs) by extension 'cmake'
[0.283s] Level 1:colcon.colcon_core.package_identification:_identify(test/logs) by extension 'python'
[0.283s] Level 1:colcon.colcon_core.package_identification:_identify(test/logs) by extensions ['python_setup_py']
[0.283s] Level 1:colcon.colcon_core.package_identification:_identify(test/logs) by extension 'python_setup_py'
[0.283s] Level 1:colcon.colcon_core.package_identification:_identify(test/logs/2025-08-04) by extensions ['ignore', 'ignore_ament_install']
[0.283s] Level 1:colcon.colcon_core.package_identification:_identify(test/logs/2025-08-04) by extension 'ignore'
[0.283s] Level 1:colcon.colcon_core.package_identification:_identify(test/logs/2025-08-04) by extension 'ignore_ament_install'
[0.283s] Level 1:colcon.colcon_core.package_identification:_identify(test/logs/2025-08-04) by extensions ['colcon_pkg']
[0.283s] Level 1:colcon.colcon_core.package_identification:_identify(test/logs/2025-08-04) by extension 'colcon_pkg'
[0.283s] Level 1:colcon.colcon_core.package_identification:_identify(test/logs/2025-08-04) by extensions ['colcon_meta']
[0.283s] Level 1:colcon.colcon_core.package_identification:_identify(test/logs/2025-08-04) by extension 'colcon_meta'
[0.283s] Level 1:colcon.colcon_core.package_identification:_identify(test/logs/2025-08-04) by extensions ['ros']
[0.283s] Level 1:colcon.colcon_core.package_identification:_identify(test/logs/2025-08-04) by extension 'ros'
[0.283s] Level 1:colcon.colcon_core.package_identification:_identify(test/logs/2025-08-04) by extensions ['cmake', 'python']
[0.283s] Level 1:colcon.colcon_core.package_identification:_identify(test/logs/2025-08-04) by extension 'cmake'
[0.284s] Level 1:colcon.colcon_core.package_identification:_identify(test/logs/2025-08-04) by extension 'python'
[0.284s] Level 1:colcon.colcon_core.package_identification:_identify(test/logs/2025-08-04) by extensions ['python_setup_py']
[0.284s] Level 1:colcon.colcon_core.package_identification:_identify(test/logs/2025-08-04) by extension 'python_setup_py'
[0.284s] Level 1:colcon.colcon_core.package_identification:_identify(test/logs/2025-08-04/flight1) by extensions ['ignore', 'ignore_ament_install']
[0.284s] Level 1:colcon.colcon_core.package_identification:_identify(test/logs/2025-08-04/flight1) by extension 'ignore'
[0.284s] Level 1:colcon.colcon_core.package_identification:_identify(test/logs/2025-08-04/flight1) by extension 'ignore_ament_install'
[0.284s] Level 1:colcon.colcon_core.package_identification:_identify(test/logs/2025-08-04/flight1) by extensions ['colcon_pkg']
[0.284s] Level 1:colcon.colcon_core.package_identification:_identify(test/logs/2025-08-04/flight1) by extension 'colcon_pkg'
[0.284s] Level 1:colcon.colcon_core.package_identification:_identify(test/logs/2025-08-04/flight1) by extensions ['colcon_meta']
[0.284s] Level 1:colcon.colcon_core.package_identification:_identify(test/logs/2025-08-04/flight1) by extension 'colcon_meta'
[0.284s] Level 1:colcon.colcon_core.package_identification:_identify(test/logs/2025-08-04/flight1) by extensions ['ros']
[0.284s] Level 1:colcon.colcon_core.package_identification:_identify(test/logs/2025-08-04/flight1) by extension 'ros'
[0.284s] Level 1:colcon.colcon_core.package_identification:_identify(test/logs/2025-08-04/flight1) by extensions ['cmake', 'python']
[0.284s] Level 1:colcon.colcon_core.package_identification:_identify(test/logs/2025-08-04/flight1) by extension 'cmake'
[0.284s] Level 1:colcon.colcon_core.package_identification:_identify(test/logs/2025-08-04/flight1) by extension 'python'
[0.284s] Level 1:colcon.colcon_core.package_identification:_identify(test/logs/2025-08-04/flight1) by extensions ['python_setup_py']
[0.284s] Level 1:colcon.colcon_core.package_identification:_identify(test/logs/2025-08-04/flight1) by extension 'python_setup_py'
[0.284s] Level 1:colcon.colcon_core.package_identification:_identify(test/logs/2026-02-11) by extensions ['ignore', 'ignore_ament_install']
[0.285s] Level 1:colcon.colcon_core.package_identification:_identify(test/logs/2026-02-11) by extension 'ignore'
[0.285s] Level 1:colcon.colcon_core.package_identification:_identify(test/logs/2026-02-11) by extension 'ignore_ament_install'
[0.285s] Level 1:colcon.colcon_core.package_identification:_identify(test/logs/2026-02-11) by extensions ['colcon_pkg']
[0.285s] Level 1:colcon.colcon_core.package_identification:_identify(test/logs/2026-02-11) by extension 'colcon_pkg'
[0.285s] Level 1:colcon.colcon_core.package_identification:_identify(test/logs/2026-02-11) by extensions ['colcon_meta']
[0.285s] Level 1:colcon.colcon_core.package_identification:_identify(test/logs/2026-02-11) by extension 'colcon_meta'
[0.285s] Level 1:colcon.colcon_core.package_identification:_identify(test/logs/2026-02-11) by extensions ['ros']
[0.285s] Level 1:colcon.colcon_core.package_identification:_identify(test/logs/2026-02-11) by extension 'ros'
[0.285s] Level 1:colcon.colcon_core.package_identification:_identify(test/logs/2026-02-11) by extensions ['cmake', 'python']
[0.285s] Level 1:colcon.colcon_core.package_identification:_identify(test/logs/2026-02-11) by extension 'cmake'
[0.285s] Level 1:colcon.colcon_core.package_identification:_identify(test/logs/2026-02-11) by extension 'python'
[0.285s] Level 1:colcon.colcon_core.package_identification:_identify(test/logs/2026-02-11) by extensions ['python_setup_py']
[0.285s] Level 1:colcon.colcon_core.package_identification:_identify(test/logs/2026-02-11) by extension 'python_setup_py'
[0.285s] Level 1:colcon.colcon_core.package_identification:_identify(test/logs/2026-02-11/flight1) by extensions ['ignore', 'ignore_ament_install']
[0.285s] Level 1:colcon.colcon_core.package_identification:_identify(test/logs/2026-02-11/flight1) by extension 'ignore'
[0.285s] Level 1:colcon.colcon_core.package_identification:_identify(test/logs/2026-02-11/flight1) by extension 'ignore_ament_install'
[0.285s] Level 1:colcon.colcon_core.package_identification:_identify(test/logs/2026-02-11/flight1) by extensions ['colcon_pkg']
[0.285s] Level 1:colcon.colcon_core.package_identification:_identify(test/logs/2026-02-11/flight1) by extension 'colcon_pkg'
[0.285s] Level 1:colcon.colcon_core.package_identification:_identify(test/logs/2026-02-11/flight1) by extensions ['colcon_meta']
[0.286s] Level 1:colcon.colcon_core.package_identification:_identify(test/logs/2026-02-11/flight1) by extension 'colcon_meta'
[0.286s] Level 1:colcon.colcon_core.package_identification:_identify(test/logs/2026-02-11/flight1) by extensions ['ros']
[0.286s] Level 1:colcon.colcon_core.package_identification:_identify(test/logs/2026-02-11/flight1) by extension 'ros'
[0.286s] Level 1:colcon.colcon_core.package_identification:_identify(test/logs/2026-02-11/flight1) by extensions ['cmake', 'python']
[0.286s] Level 1:colcon.colcon_core.package_identification:_identify(test/logs/2026-02-11/flight1) by extension 'cmake'
[0.286s] Level 1:colcon.colcon_core.package_identification:_identify(test/logs/2026-02-11/flight1) by extension 'python'
[0.286s] Level 1:colcon.colcon_core.package_identification:_identify(test/logs/2026-02-11/flight1) by extensions ['python_setup_py']
[0.286s] Level 1:colcon.colcon_core.package_identification:_identify(test/logs/2026-02-11/flight1) by extension 'python_setup_py'
[0.286s] Level 1:colcon.colcon_core.package_identification:_identify(test/logs/2026-02-11/flight2) by extensions ['ignore', 'ignore_ament_install']
[0.286s] Level 1:colcon.colcon_core.package_identification:_identify(test/logs/2026-02-11/flight2) by extension 'ignore'
[0.286s] Level 1:colcon.colcon_core.package_identification:_identify(test/logs/2026-02-11/flight2) by extension 'ignore_ament_install'
[0.286s] Level 1:colcon.colcon_core.package_identification:_identify(test/logs/2026-02-11/flight2) by extensions ['colcon_pkg']
[0.286s] Level 1:colcon.colcon_core.package_identification:_identify(test/logs/2026-02-11/flight2) by extension 'colcon_pkg'
[0.286s] Level 1:colcon.colcon_core.package_identification:_identify(test/logs/2026-02-11/flight2) by extensions ['colcon_meta']
[0.286s] Level 1:colcon.colcon_core.package_identification:_identify(test/logs/2026-02-11/flight2) by extension 'colcon_meta'
[0.286s] Level 1:colcon.colcon_core.package_identification:_identify(test/logs/2026-02-11/flight2) by extensions ['ros']
[0.286s] Level 1:colcon.colcon_core.package_identification:_identify(test/logs/2026-02-11/flight2) by extension 'ros'
[0.286s] Level 1:colcon.colcon_core.package_identification:_identify(test/logs/2026-02-11/flight2) by extensions ['cmake', 'python']
[0.286s] Level 1:colcon.colcon_core.package_identification:_identify(test/logs/2026-02-11/flight2) by extension 'cmake'
[0.287s] Level 1:colcon.colcon_core.package_identification:_identify(test/logs/2026-02-11/flight2) by extension 'python'
[0.287s] Level 1:colcon.colcon_core.package_identification:_identify(test/logs/2026-02-11/flight2) by extensions ['python_setup_py']
[0.287s] Level 1:colcon.colcon_core.package_identification:_identify(test/logs/2026-02-11/flight2) by extension 'python_setup_py'
[0.287s] Level 1:colcon.colcon_core.package_identification:_identify(test/logs/2026-02-16) by extensions ['ignore', 'ignore_ament_install']
[0.287s] Level 1:colcon.colcon_core.package_identification:_identify(test/logs/2026-02-16) by extension 'ignore'
[0.287s] Level 1:colcon.colcon_core.package_identification:_identify(test/logs/2026-02-16) by extension 'ignore_ament_install'
[0.287s] Level 1:colcon.colcon_core.package_identification:_identify(test/logs/2026-02-16) by extensions ['colcon_pkg']
[0.287s] Level 1:colcon.colcon_core.package_identification:_identify(test/logs/2026-02-16) by extension 'colcon_pkg'
[0.287s] Level 1:colcon.colcon_core.package_identification:_identify(test/logs/2026-02-16) by extensions ['colcon_meta']
[0.287s] Level 1:colcon.colcon_core.package_identification:_identify(test/logs/2026-02-16) by extension 'colcon_meta'
[0.287s] Level 1:colcon.colcon_core.package_identification:_identify(test/logs/2026-02-16) by extensions ['ros']
[0.287s] Level 1:colcon.colcon_core.package_identification:_identify(test/logs/2026-02-16) by extension 'ros'
[0.287s] Level 1:colcon.colcon_core.package_identification:_identify(test/logs/2026-02-16) by extensions ['cmake', 'python']
[0.287s] Level 1:colcon.colcon_core.package_identification:_identify(test/logs/2026-02-16) by extension 'cmake'
[0.287s] Level 1:colcon.colcon_core.package_identification:_identify(test/logs/2026-02-16) by extension 'python'
[0.287s] Level 1:colcon.colcon_core.package_identification:_identify(test/logs/2026-02-16) by extensions ['python_setup_py']
[0.287s] Level 1:colcon.colcon_core.package_identification:_identify(test/logs/2026-02-16) by extension 'python_setup_py'
[0.287s] Level 1:colcon.colcon_core.package_identification:_identify(test/logs/2026-02-16/flight1) by extensions ['ignore', 'ignore_ament_install']
[0.288s] Level 1:colcon.colcon_core.package_identification:_identify(test/logs/2026-02-16/flight1) by extension 'ignore'
[0.288s] Level 1:colcon.colcon_core.package_identification:_identify(test/logs/2026-02-16/flight1) by extension 'ignore_ament_install'
[0.288s] Level 1:colcon.colcon_core.package_identification:_identify(test/logs/2026-02-16/flight1) by extensions ['colcon_pkg']
[0.288s] Level 1:colcon.colcon_core.package_identification:_identify(test/logs/2026-02-16/flight1) by extension 'colcon_pkg'
[0.288s] Level 1:colcon.colcon_core.package_identification:_identify(test/logs/2026-02-16/flight1) by extensions ['colcon_meta']
[0.288s] Level 1:colcon.colcon_core.package_identification:_identify(test/logs/2026-02-16/flight1) by extension 'colcon_meta'
[0.288s] Level 1:colcon.colcon_core.package_identification:_identify(test/logs/2026-02-16/flight1) by extensions ['ros']
[0.288s] Level 1:colcon.colcon_core.package_identification:_identify(test/logs/2026-02-16/flight1) by extension 'ros'
[0.288s] Level 1:colcon.colcon_core.package_identification:_identify(test/logs/2026-02-16/flight1) by extensions ['cmake', 'python']
[0.288s] Level 1:colcon.colcon_core.package_identification:_identify(test/logs/2026-02-16/flight1) by extension 'cmake'
[0.288s] Level 1:colcon.colcon_core.package_identification:_identify(test/logs/2026-02-16/flight1) by extension 'python'
[0.288s] Level 1:colcon.colcon_core.package_identification:_identify(test/logs/2026-02-16/flight1) by extensions ['python_setup_py']
[0.288s] Level 1:colcon.colcon_core.package_identification:_identify(test/logs/2026-02-16/flight1) by extension 'python_setup_py'
[0.288s] Level 1:colcon.colcon_core.package_discovery:discover_packages(recursive) using defaults
[0.288s] Level 1:colcon.colcon_core.package_discovery:discover_packages(ignore) discover
[0.288s] Level 1:colcon.colcon_core.package_discovery:discover_packages(ignore) using defaults
[0.288s] Level 1:colcon.colcon_core.package_discovery:discover_packages(path) discover
[0.288s] Level 1:colcon.colcon_core.package_discovery:discover_packages(path) using defaults
[0.319s] Level 1:colcon.colcon_core.package_discovery:discover_packages(prefix_path) check parameters
[0.319s] Level 1:colcon.colcon_core.package_discovery:discover_packages(prefix_path) discover
[0.322s] DEBUG:colcon.colcon_installed_package_information.package_discovery:Found 16 installed packages in /home/strain-drone/Documents/drone_position_hold/ros2_ws/install
[0.324s] DEBUG:colcon.colcon_installed_package_information.package_discovery:Found 295 installed packages in /opt/ros/jazzy
[0.325s] Level 1:colcon.colcon_core.package_discovery:discover_packages(prefix_path) using defaults
[0.388s] Level 5:colcon.colcon_core.verb:set package 'mavros_config' build argument 'cmake_args' from command line to 'None'
[0.388s] Level 5:colcon.colcon_core.verb:set package 'mavros_config' build argument 'cmake_target' from command line to 'None'
[0.388s] Level 5:colcon.colcon_core.verb:set package 'mavros_config' build argument 'cmake_target_skip_unavailable' from command line to 'False'
[0.388s] Level 5:colcon.colcon_core.verb:set package 'mavros_config' build argument 'cmake_clean_cache' from command line to 'False'
[0.388s] Level 5:colcon.colcon_core.verb:set package 'mavros_config' build argument 'cmake_clean_first' from command line to 'False'
[0.388s] Level 5:colcon.colcon_core.verb:set package 'mavros_config' build argument 'cmake_force_configure' from command line to 'False'
[0.388s] Level 5:colcon.colcon_core.verb:set package 'mavros_config' build argument 'ament_cmake_args' from command line to 'None'
[0.388s] Level 5:colcon.colcon_core.verb:set package 'mavros_config' build argument 'catkin_cmake_args' from command line to 'None'
[0.388s] Level 5:colcon.colcon_core.verb:set package 'mavros_config' build argument 'catkin_skip_building_tests' from command line to 'False'
[0.388s] DEBUG:colcon.colcon_core.verb:Building package 'mavros_config' with the following arguments: {'ament_cmake_args': None, 'build_base': '/home/strain-drone/Documents/drone_position_hold/ros2_ws/build/mavros_config', 'catkin_cmake_args': None, 'catkin_skip_building_tests': False, 'cmake_args': None, 'cmake_clean_cache': False, 'cmake_clean_first': False, 'cmake_force_configure': False, 'cmake_target': None, 'cmake_target_skip_unavailable': False, 'install_base': '/home/strain-drone/Documents/drone_position_hold/ros2_ws/install/mavros_config', 'merge_install': False, 'path': '/home/strain-drone/Documents/drone_position_hold/ros2_ws/src/mavros_config', 'symlink_install': False, 'test_result_base': None}
[0.389s] Level 5:colcon.colcon_core.verb:set package 'mocap4r2_control_msgs' build argument 'cmake_args' from command line to 'None'
[0.389s] Level 5:colcon.colcon_core.verb:set package 'mocap4r2_control_msgs' build argument 'cmake_target' from command line to 'None'
[0.389s] Level 5:colcon.colcon_core.verb:set package 'mocap4r2_control_msgs' build argument 'cmake_target_skip_unavailable' from command line to 'False'
[0.389s] Level 5:colcon.colcon_core.verb:set package 'mocap4r2_control_msgs' build argument 'cmake_clean_cache' from command line to 'False'
[0.389s] Level 5:colcon.colcon_core.verb:set package 'mocap4r2_control_msgs' build argument 'cmake_clean_first' from command line to 'False'
[0.389s] Level 5:colcon.colcon_core.verb:set package 'mocap4r2_control_msgs' build argument 'cmake_force_configure' from command line to 'False'
[0.389s] Level 5:colcon.colcon_core.verb:set package 'mocap4r2_control_msgs' build argument 'ament_cmake_args' from command line to 'None'
[0.389s] Level 5:colcon.colcon_core.verb:set package 'mocap4r2_control_msgs' build argument 'catkin_cmake_args' from command line to 'None'
[0.389s] Level 5:colcon.colcon_core.verb:set package 'mocap4r2_control_msgs' build argument 'catkin_skip_building_tests' from command line to 'False'
[0.389s] DEBUG:colcon.colcon_core.verb:Building package 'mocap4r2_control_msgs' with the following arguments: {'ament_cmake_args': None, 'build_base': '/home/strain-drone/Documents/drone_position_hold/ros2_ws/build/mocap4r2_control_msgs', 'catkin_cmake_args': None, 'catkin_skip_building_tests': False, 'cmake_args': None, 'cmake_clean_cache': False, 'cmake_clean_first': False, 'cmake_force_configure': False, 'cmake_target': None, 'cmake_target_skip_unavailable': False, 'install_base': '/home/strain-drone/Documents/drone_position_hold/ros2_ws/install/mocap4r2_control_msgs', 'merge_install': False, 'path': '/home/strain-drone/Documents/drone_position_hold/ros2_ws/src/mocap4r2/mocap4r2_control/mocap4r2_control_msgs', 'symlink_install': False, 'test_result_base': None}
[0.390s] Level 5:colcon.colcon_core.verb:set package 'mocap4r2_marker_viz_srvs' build argument 'cmake_args' from command line to 'None'
[0.390s] Level 5:colcon.colcon_core.verb:set package 'mocap4r2_marker_viz_srvs' build argument 'cmake_target' from command line to 'None'
[0.390s] Level 5:colcon.colcon_core.verb:set package 'mocap4r2_marker_viz_srvs' build argument 'cmake_target_skip_unavailable' from command line to 'False'
[0.390s] Level 5:colcon.colcon_core.verb:set package 'mocap4r2_marker_viz_srvs' build argument 'cmake_clean_cache' from command line to 'False'
[0.390s] Level 5:colcon.colcon_core.verb:set package 'mocap4r2_marker_viz_srvs' build argument 'cmake_clean_first' from command line to 'False'
[0.390s] Level 5:colcon.colcon_core.verb:set package 'mocap4r2_marker_viz_srvs' build argument 'cmake_force_configure' from command line to 'False'
[0.390s] Level 5:colcon.colcon_core.verb:set package 'mocap4r2_marker_viz_srvs' build argument 'ament_cmake_args' from command line to 'None'
[0.390s] Level 5:colcon.colcon_core.verb:set package 'mocap4r2_marker_viz_srvs' build argument 'catkin_cmake_args' from command line to 'None'
[0.390s] Level 5:colcon.colcon_core.verb:set package 'mocap4r2_marker_viz_srvs' build argument 'catkin_skip_building_tests' from command line to 'False'
[0.390s] DEBUG:colcon.colcon_core.verb:Building package 'mocap4r2_marker_viz_srvs' with the following arguments: {'ament_cmake_args': None, 'build_base': '/home/strain-drone/Documents/drone_position_hold/ros2_ws/build/mocap4r2_marker_viz_srvs', 'catkin_cmake_args': None, 'catkin_skip_building_tests': False, 'cmake_args': None, 'cmake_clean_cache': False, 'cmake_clean_first': False, 'cmake_force_configure': False, 'cmake_target': None, 'cmake_target_skip_unavailable': False, 'install_base': '/home/strain-drone/Documents/drone_position_hold/ros2_ws/install/mocap4r2_marker_viz_srvs', 'merge_install': False, 'path': '/home/strain-drone/Documents/drone_position_hold/ros2_ws/src/mocap4r2/mocap4r2_marker_viz/mocap4r2_marker_viz_srvs', 'symlink_install': False, 'test_result_base': None}
[0.390s] Level 5:colcon.colcon_core.verb:set package 'mocap4r2_msgs' build argument 'cmake_args' from command line to 'None'
[0.390s] Level 5:colcon.colcon_core.verb:set package 'mocap4r2_msgs' build argument 'cmake_target' from command line to 'None'
[0.390s] Level 5:colcon.colcon_core.verb:set package 'mocap4r2_msgs' build argument 'cmake_target_skip_unavailable' from command line to 'False'
[0.390s] Level 5:colcon.colcon_core.verb:set package 'mocap4r2_msgs' build argument 'cmake_clean_cache' from command line to 'False'
[0.390s] Level 5:colcon.colcon_core.verb:set package 'mocap4r2_msgs' build argument 'cmake_clean_first' from command line to 'False'
[0.390s] Level 5:colcon.colcon_core.verb:set package 'mocap4r2_msgs' build argument 'cmake_force_configure' from command line to 'False'
[0.390s] Level 5:colcon.colcon_core.verb:set package 'mocap4r2_msgs' build argument 'ament_cmake_args' from command line to 'None'
[0.390s] Level 5:colcon.colcon_core.verb:set package 'mocap4r2_msgs' build argument 'catkin_cmake_args' from command line to 'None'
[0.390s] Level 5:colcon.colcon_core.verb:set package 'mocap4r2_msgs' build argument 'catkin_skip_building_tests' from command line to 'False'
[0.390s] DEBUG:colcon.colcon_core.verb:Building package 'mocap4r2_msgs' with the following arguments: {'ament_cmake_args': None, 'build_base': '/home/strain-drone/Documents/drone_position_hold/ros2_ws/build/mocap4r2_msgs', 'catkin_cmake_args': None, 'catkin_skip_building_tests': False, 'cmake_args': None, 'cmake_clean_cache': False, 'cmake_clean_first': False, 'cmake_force_configure': False, 'cmake_target': None, 'cmake_target_skip_unavailable': False, 'install_base': '/home/strain-drone/Documents/drone_position_hold/ros2_ws/install/mocap4r2_msgs', 'merge_install': False, 'path': '/home/strain-drone/Documents/drone_position_hold/ros2_ws/src/mocap4r2_msgs', 'symlink_install': False, 'test_result_base': None}
[0.391s] Level 5:colcon.colcon_core.verb:set package 'mocap4r2_robot_gt_msgs' build argument 'cmake_args' from command line to 'None'
[0.391s] Level 5:colcon.colcon_core.verb:set package 'mocap4r2_robot_gt_msgs' build argument 'cmake_target' from command line to 'None'
[0.391s] Level 5:colcon.colcon_core.verb:set package 'mocap4r2_robot_gt_msgs' build argument 'cmake_target_skip_unavailable' from command line to 'False'
[0.391s] Level 5:colcon.colcon_core.verb:set package 'mocap4r2_robot_gt_msgs' build argument 'cmake_clean_cache' from command line to 'False'
[0.391s] Level 5:colcon.colcon_core.verb:set package 'mocap4r2_robot_gt_msgs' build argument 'cmake_clean_first' from command line to 'False'
[0.391s] Level 5:colcon.colcon_core.verb:set package 'mocap4r2_robot_gt_msgs' build argument 'cmake_force_configure' from command line to 'False'
[0.391s] Level 5:colcon.colcon_core.verb:set package 'mocap4r2_robot_gt_msgs' build argument 'ament_cmake_args' from command line to 'None'
[0.391s] Level 5:colcon.colcon_core.verb:set package 'mocap4r2_robot_gt_msgs' build argument 'catkin_cmake_args' from command line to 'None'
[0.391s] Level 5:colcon.colcon_core.verb:set package 'mocap4r2_robot_gt_msgs' build argument 'catkin_skip_building_tests' from command line to 'False'
[0.391s] DEBUG:colcon.colcon_core.verb:Building package 'mocap4r2_robot_gt_msgs' with the following arguments: {'ament_cmake_args': None, 'build_base': '/home/strain-drone/Documents/drone_position_hold/ros2_ws/build/mocap4r2_robot_gt_msgs', 'catkin_cmake_args': None, 'catkin_skip_building_tests': False, 'cmake_args': None, 'cmake_clean_cache': False, 'cmake_clean_first': False, 'cmake_force_configure': False, 'cmake_target': None, 'cmake_target_skip_unavailable': False, 'install_base': '/home/strain-drone/Documents/drone_position_hold/ros2_ws/install/mocap4r2_robot_gt_msgs', 'merge_install': False, 'path': '/home/strain-drone/Documents/drone_position_hold/ros2_ws/src/mocap4r2/mocap4r2_robot_gt/mocap4r2_robot_gt_msgs', 'symlink_install': False, 'test_result_base': None}
[0.391s] Level 5:colcon.colcon_core.verb:set package 'natnet_ros2' build argument 'cmake_args' from command line to 'None'
[0.391s] Level 5:colcon.colcon_core.verb:set package 'natnet_ros2' build argument 'cmake_target' from command line to 'None'
[0.391s] Level 5:colcon.colcon_core.verb:set package 'natnet_ros2' build argument 'cmake_target_skip_unavailable' from command line to 'False'
[0.391s] Level 5:colcon.colcon_core.verb:set package 'natnet_ros2' build argument 'cmake_clean_cache' from command line to 'False'
[0.391s] Level 5:colcon.colcon_core.verb:set package 'natnet_ros2' build argument 'cmake_clean_first' from command line to 'False'
[0.391s] Level 5:colcon.colcon_core.verb:set package 'natnet_ros2' build argument 'cmake_force_configure' from command line to 'False'
[0.391s] Level 5:colcon.colcon_core.verb:set package 'natnet_ros2' build argument 'ament_cmake_args' from command line to 'None'
[0.391s] Level 5:colcon.colcon_core.verb:set package 'natnet_ros2' build argument 'catkin_cmake_args' from command line to 'None'
[0.391s] Level 5:colcon.colcon_core.verb:set package 'natnet_ros2' build argument 'catkin_skip_building_tests' from command line to 'False'
[0.392s] DEBUG:colcon.colcon_core.verb:Building package 'natnet_ros2' with the following arguments: {'ament_cmake_args': None, 'build_base': '/home/strain-drone/Documents/drone_position_hold/ros2_ws/build/natnet_ros2', 'catkin_cmake_args': None, 'catkin_skip_building_tests': False, 'cmake_args': None, 'cmake_clean_cache': False, 'cmake_clean_first': False, 'cmake_force_configure': False, 'cmake_target': None, 'cmake_target_skip_unavailable': False, 'install_base': '/home/strain-drone/Documents/drone_position_hold/ros2_ws/install/natnet_ros2', 'merge_install': False, 'path': '/home/strain-drone/Documents/drone_position_hold/ros2_ws/src/natnet_ros2', 'symlink_install': False, 'test_result_base': None}
[0.392s] Level 5:colcon.colcon_core.verb:set package 'position_publisher' build argument 'cmake_args' from command line to 'None'
[0.392s] Level 5:colcon.colcon_core.verb:set package 'position_publisher' build argument 'cmake_target' from command line to 'None'
[0.392s] Level 5:colcon.colcon_core.verb:set package 'position_publisher' build argument 'cmake_target_skip_unavailable' from command line to 'False'
[0.392s] Level 5:colcon.colcon_core.verb:set package 'position_publisher' build argument 'cmake_clean_cache' from command line to 'False'
[0.392s] Level 5:colcon.colcon_core.verb:set package 'position_publisher' build argument 'cmake_clean_first' from command line to 'False'
[0.392s] Level 5:colcon.colcon_core.verb:set package 'position_publisher' build argument 'cmake_force_configure' from command line to 'False'
[0.392s] Level 5:colcon.colcon_core.verb:set package 'position_publisher' build argument 'ament_cmake_args' from command line to 'None'
[0.392s] Level 5:colcon.colcon_core.verb:set package 'position_publisher' build argument 'catkin_cmake_args' from command line to 'None'
[0.392s] Level 5:colcon.colcon_core.verb:set package 'position_publisher' build argument 'catkin_skip_building_tests' from command line to 'False'
[0.392s] DEBUG:colcon.colcon_core.verb:Building package 'position_publisher' with the following arguments: {'ament_cmake_args': None, 'build_base': '/home/strain-drone/Documents/drone_position_hold/ros2_ws/build/position_publisher', 'catkin_cmake_args': None, 'catkin_skip_building_tests': False, 'cmake_args': None, 'cmake_clean_cache': False, 'cmake_clean_first': False, 'cmake_force_configure': False, 'cmake_target': None, 'cmake_target_skip_unavailable': False, 'install_base': '/home/strain-drone/Documents/drone_position_hold/ros2_ws/install/position_publisher', 'merge_install': False, 'path': '/home/strain-drone/Documents/drone_position_hold/ros2_ws/src/position_publisher', 'symlink_install': False, 'test_result_base': None}
[0.392s] Level 5:colcon.colcon_core.verb:set package 'visualizer' build argument 'cmake_args' from command line to 'None'
[0.392s] Level 5:colcon.colcon_core.verb:set package 'visualizer' build argument 'cmake_target' from command line to 'None'
[0.392s] Level 5:colcon.colcon_core.verb:set package 'visualizer' build argument 'cmake_target_skip_unavailable' from command line to 'False'
[0.392s] Level 5:colcon.colcon_core.verb:set package 'visualizer' build argument 'cmake_clean_cache' from command line to 'False'
[0.392s] Level 5:colcon.colcon_core.verb:set package 'visualizer' build argument 'cmake_clean_first' from command line to 'False'
[0.392s] Level 5:colcon.colcon_core.verb:set package 'visualizer' build argument 'cmake_force_configure' from command line to 'False'
[0.392s] Level 5:colcon.colcon_core.verb:set package 'visualizer' build argument 'ament_cmake_args' from command line to 'None'
[0.393s] Level 5:colcon.colcon_core.verb:set package 'visualizer' build argument 'catkin_cmake_args' from command line to 'None'
[0.393s] Level 5:colcon.colcon_core.verb:set package 'visualizer' build argument 'catkin_skip_building_tests' from command line to 'False'
[0.393s] DEBUG:colcon.colcon_core.verb:Building package 'visualizer' with the following arguments: {'ament_cmake_args': None, 'build_base': '/home/strain-drone/Documents/drone_position_hold/ros2_ws/build/visualizer', 'catkin_cmake_args': None, 'catkin_skip_building_tests': False, 'cmake_args': None, 'cmake_clean_cache': False, 'cmake_clean_first': False, 'cmake_force_configure': False, 'cmake_target': None, 'cmake_target_skip_unavailable': False, 'install_base': '/home/strain-drone/Documents/drone_position_hold/ros2_ws/install/visualizer', 'merge_install': False, 'path': '/home/strain-drone/Documents/drone_position_hold/ros2_ws/src/visualizer', 'symlink_install': False, 'test_result_base': None}
[0.393s] Level 5:colcon.colcon_core.verb:set package 'mocap4r2_control' build argument 'cmake_args' from command line to 'None'
[0.393s] Level 5:colcon.colcon_core.verb:set package 'mocap4r2_control' build argument 'cmake_target' from command line to 'None'
[0.393s] Level 5:colcon.colcon_core.verb:set package 'mocap4r2_control' build argument 'cmake_target_skip_unavailable' from command line to 'False'
[0.393s] Level 5:colcon.colcon_core.verb:set package 'mocap4r2_control' build argument 'cmake_clean_cache' from command line to 'False'
[0.393s] Level 5:colcon.colcon_core.verb:set package 'mocap4r2_control' build argument 'cmake_clean_first' from command line to 'False'
[0.393s] Level 5:colcon.colcon_core.verb:set package 'mocap4r2_control' build argument 'cmake_force_configure' from command line to 'False'
[0.393s] Level 5:colcon.colcon_core.verb:set package 'mocap4r2_control' build argument 'ament_cmake_args' from command line to 'None'
[0.393s] Level 5:colcon.colcon_core.verb:set package 'mocap4r2_control' build argument 'catkin_cmake_args' from command line to 'None'
[0.393s] Level 5:colcon.colcon_core.verb:set package 'mocap4r2_control' build argument 'catkin_skip_building_tests' from command line to 'False'
[0.393s] DEBUG:colcon.colcon_core.verb:Building package 'mocap4r2_control' with the following arguments: {'ament_cmake_args': None, 'build_base': '/home/strain-drone/Documents/drone_position_hold/ros2_ws/build/mocap4r2_control', 'catkin_cmake_args': None, 'catkin_skip_building_tests': False, 'cmake_args': None, 'cmake_clean_cache': False, 'cmake_clean_first': False, 'cmake_force_configure': False, 'cmake_target': None, 'cmake_target_skip_unavailable': False, 'install_base': '/home/strain-drone/Documents/drone_position_hold/ros2_ws/install/mocap4r2_control', 'merge_install': False, 'path': '/home/strain-drone/Documents/drone_position_hold/ros2_ws/src/mocap4r2/mocap4r2_control/mocap4r2_control', 'symlink_install': False, 'test_result_base': None}
[0.393s] Level 5:colcon.colcon_core.verb:set package 'mocap4r2_marker_publisher' build argument 'cmake_args' from command line to 'None'
[0.393s] Level 5:colcon.colcon_core.verb:set package 'mocap4r2_marker_publisher' build argument 'cmake_target' from command line to 'None'
[0.393s] Level 5:colcon.colcon_core.verb:set package 'mocap4r2_marker_publisher' build argument 'cmake_target_skip_unavailable' from command line to 'False'
[0.393s] Level 5:colcon.colcon_core.verb:set package 'mocap4r2_marker_publisher' build argument 'cmake_clean_cache' from command line to 'False'
[0.394s] Level 5:colcon.colcon_core.verb:set package 'mocap4r2_marker_publisher' build argument 'cmake_clean_first' from command line to 'False'
[0.394s] Level 5:colcon.colcon_core.verb:set package 'mocap4r2_marker_publisher' build argument 'cmake_force_configure' from command line to 'False'
[0.394s] Level 5:colcon.colcon_core.verb:set package 'mocap4r2_marker_publisher' build argument 'ament_cmake_args' from command line to 'None'
[0.394s] Level 5:colcon.colcon_core.verb:set package 'mocap4r2_marker_publisher' build argument 'catkin_cmake_args' from command line to 'None'
[0.394s] Level 5:colcon.colcon_core.verb:set package 'mocap4r2_marker_publisher' build argument 'catkin_skip_building_tests' from command line to 'False'
[0.394s] DEBUG:colcon.colcon_core.verb:Building package 'mocap4r2_marker_publisher' with the following arguments: {'ament_cmake_args': None, 'build_base': '/home/strain-drone/Documents/drone_position_hold/ros2_ws/build/mocap4r2_marker_publisher', 'catkin_cmake_args': None, 'catkin_skip_building_tests': False, 'cmake_args': None, 'cmake_clean_cache': False, 'cmake_clean_first': False, 'cmake_force_configure': False, 'cmake_target': None, 'cmake_target_skip_unavailable': False, 'install_base': '/home/strain-drone/Documents/drone_position_hold/ros2_ws/install/mocap4r2_marker_publisher', 'merge_install': False, 'path': '/home/strain-drone/Documents/drone_position_hold/ros2_ws/src/mocap4r2/mocap4r2_marker_viz/mocap4r2_marker_publisher', 'symlink_install': False, 'test_result_base': None}
[0.394s] Level 5:colcon.colcon_core.verb:set package 'mocap4r2_marker_viz' build argument 'cmake_args' from command line to 'None'
[0.394s] Level 5:colcon.colcon_core.verb:set package 'mocap4r2_marker_viz' build argument 'cmake_target' from command line to 'None'
[0.394s] Level 5:colcon.colcon_core.verb:set package 'mocap4r2_marker_viz' build argument 'cmake_target_skip_unavailable' from command line to 'False'
[0.394s] Level 5:colcon.colcon_core.verb:set package 'mocap4r2_marker_viz' build argument 'cmake_clean_cache' from command line to 'False'
[0.394s] Level 5:colcon.colcon_core.verb:set package 'mocap4r2_marker_viz' build argument 'cmake_clean_first' from command line to 'False'
[0.394s] Level 5:colcon.colcon_core.verb:set package 'mocap4r2_marker_viz' build argument 'cmake_force_configure' from command line to 'False'
[0.394s] Level 5:colcon.colcon_core.verb:set package 'mocap4r2_marker_viz' build argument 'ament_cmake_args' from command line to 'None'
[0.394s] Level 5:colcon.colcon_core.verb:set package 'mocap4r2_marker_viz' build argument 'catkin_cmake_args' from command line to 'None'
[0.394s] Level 5:colcon.colcon_core.verb:set package 'mocap4r2_marker_viz' build argument 'catkin_skip_building_tests' from command line to 'False'
[0.394s] DEBUG:colcon.colcon_core.verb:Building package 'mocap4r2_marker_viz' with the following arguments: {'ament_cmake_args': None, 'build_base': '/home/strain-drone/Documents/drone_position_hold/ros2_ws/build/mocap4r2_marker_viz', 'catkin_cmake_args': None, 'catkin_skip_building_tests': False, 'cmake_args': None, 'cmake_clean_cache': False, 'cmake_clean_first': False, 'cmake_force_configure': False, 'cmake_target': None, 'cmake_target_skip_unavailable': False, 'install_base': '/home/strain-drone/Documents/drone_position_hold/ros2_ws/install/mocap4r2_marker_viz', 'merge_install': False, 'path': '/home/strain-drone/Documents/drone_position_hold/ros2_ws/src/mocap4r2/mocap4r2_marker_viz/mocap4r2_marker_viz', 'symlink_install': False, 'test_result_base': None}
[0.394s] Level 5:colcon.colcon_core.verb:set package 'mocap4r2_robot_gt' build argument 'cmake_args' from command line to 'None'
[0.395s] Level 5:colcon.colcon_core.verb:set package 'mocap4r2_robot_gt' build argument 'cmake_target' from command line to 'None'
[0.395s] Level 5:colcon.colcon_core.verb:set package 'mocap4r2_robot_gt' build argument 'cmake_target_skip_unavailable' from command line to 'False'
[0.395s] Level 5:colcon.colcon_core.verb:set package 'mocap4r2_robot_gt' build argument 'cmake_clean_cache' from command line to 'False'
[0.395s] Level 5:colcon.colcon_core.verb:set package 'mocap4r2_robot_gt' build argument 'cmake_clean_first' from command line to 'False'
[0.395s] Level 5:colcon.colcon_core.verb:set package 'mocap4r2_robot_gt' build argument 'cmake_force_configure' from command line to 'False'
[0.395s] Level 5:colcon.colcon_core.verb:set package 'mocap4r2_robot_gt' build argument 'ament_cmake_args' from command line to 'None'
[0.395s] Level 5:colcon.colcon_core.verb:set package 'mocap4r2_robot_gt' build argument 'catkin_cmake_args' from command line to 'None'
[0.395s] Level 5:colcon.colcon_core.verb:set package 'mocap4r2_robot_gt' build argument 'catkin_skip_building_tests' from command line to 'False'
[0.395s] DEBUG:colcon.colcon_core.verb:Building package 'mocap4r2_robot_gt' with the following arguments: {'ament_cmake_args': None, 'build_base': '/home/strain-drone/Documents/drone_position_hold/ros2_ws/build/mocap4r2_robot_gt', 'catkin_cmake_args': None, 'catkin_skip_building_tests': False, 'cmake_args': None, 'cmake_clean_cache': False, 'cmake_clean_first': False, 'cmake_force_configure': False, 'cmake_target': None, 'cmake_target_skip_unavailable': False, 'install_base': '/home/strain-drone/Documents/drone_position_hold/ros2_ws/install/mocap4r2_robot_gt', 'merge_install': False, 'path': '/home/strain-drone/Documents/drone_position_hold/ros2_ws/src/mocap4r2/mocap4r2_robot_gt/mocap4r2_robot_gt', 'symlink_install': False, 'test_result_base': None}
[0.395s] Level 5:colcon.colcon_core.verb:set package 'mocap4r2cli' build argument 'cmake_args' from command line to 'None'
[0.395s] Level 5:colcon.colcon_core.verb:set package 'mocap4r2cli' build argument 'cmake_target' from command line to 'None'
[0.395s] Level 5:colcon.colcon_core.verb:set package 'mocap4r2cli' build argument 'cmake_target_skip_unavailable' from command line to 'False'
[0.395s] Level 5:colcon.colcon_core.verb:set package 'mocap4r2cli' build argument 'cmake_clean_cache' from command line to 'False'
[0.395s] Level 5:colcon.colcon_core.verb:set package 'mocap4r2cli' build argument 'cmake_clean_first' from command line to 'False'
[0.395s] Level 5:colcon.colcon_core.verb:set package 'mocap4r2cli' build argument 'cmake_force_configure' from command line to 'False'
[0.395s] Level 5:colcon.colcon_core.verb:set package 'mocap4r2cli' build argument 'ament_cmake_args' from command line to 'None'
[0.395s] Level 5:colcon.colcon_core.verb:set package 'mocap4r2cli' build argument 'catkin_cmake_args' from command line to 'None'
[0.395s] Level 5:colcon.colcon_core.verb:set package 'mocap4r2cli' build argument 'catkin_skip_building_tests' from command line to 'False'
[0.395s] DEBUG:colcon.colcon_core.verb:Building package 'mocap4r2cli' with the following arguments: {'ament_cmake_args': None, 'build_base': '/home/strain-drone/Documents/drone_position_hold/ros2_ws/build/mocap4r2cli', 'catkin_cmake_args': None, 'catkin_skip_building_tests': False, 'cmake_args': None, 'cmake_clean_cache': False, 'cmake_clean_first': False, 'cmake_force_configure': False, 'cmake_target': None, 'cmake_target_skip_unavailable': False, 'install_base': '/home/strain-drone/Documents/drone_position_hold/ros2_ws/install/mocap4r2cli', 'merge_install': False, 'path': '/home/strain-drone/Documents/drone_position_hold/ros2_ws/src/mocap4r2/mocap4r2cli', 'symlink_install': False, 'test_result_base': None}
[0.396s] Level 5:colcon.colcon_core.verb:set package 'mocap4r2_dummy_driver' build argument 'cmake_args' from command line to 'None'
[0.396s] Level 5:colcon.colcon_core.verb:set package 'mocap4r2_dummy_driver' build argument 'cmake_target' from command line to 'None'
[0.396s] Level 5:colcon.colcon_core.verb:set package 'mocap4r2_dummy_driver' build argument 'cmake_target_skip_unavailable' from command line to 'False'
[0.396s] Level 5:colcon.colcon_core.verb:set package 'mocap4r2_dummy_driver' build argument 'cmake_clean_cache' from command line to 'False'
[0.396s] Level 5:colcon.colcon_core.verb:set package 'mocap4r2_dummy_driver' build argument 'cmake_clean_first' from command line to 'False'
[0.396s] Level 5:colcon.colcon_core.verb:set package 'mocap4r2_dummy_driver' build argument 'cmake_force_configure' from command line to 'False'
[0.396s] Level 5:colcon.colcon_core.verb:set package 'mocap4r2_dummy_driver' build argument 'ament_cmake_args' from command line to 'None'
[0.396s] Level 5:colcon.colcon_core.verb:set package 'mocap4r2_dummy_driver' build argument 'catkin_cmake_args' from command line to 'None'
[0.396s] Level 5:colcon.colcon_core.verb:set package 'mocap4r2_dummy_driver' build argument 'catkin_skip_building_tests' from command line to 'False'
[0.396s] DEBUG:colcon.colcon_core.verb:Building package 'mocap4r2_dummy_driver' with the following arguments: {'ament_cmake_args': None, 'build_base': '/home/strain-drone/Documents/drone_position_hold/ros2_ws/build/mocap4r2_dummy_driver', 'catkin_cmake_args': None, 'catkin_skip_building_tests': False, 'cmake_args': None, 'cmake_clean_cache': False, 'cmake_clean_first': False, 'cmake_force_configure': False, 'cmake_target': None, 'cmake_target_skip_unavailable': False, 'install_base': '/home/strain-drone/Documents/drone_position_hold/ros2_ws/install/mocap4r2_dummy_driver', 'merge_install': False, 'path': '/home/strain-drone/Documents/drone_position_hold/ros2_ws/src/mocap4r2/mocap4r2_dummy_driver', 'symlink_install': False, 'test_result_base': None}
[0.396s] Level 5:colcon.colcon_core.verb:set package 'mocap4r2_vicon_driver' build argument 'cmake_args' from command line to 'None'
[0.396s] Level 5:colcon.colcon_core.verb:set package 'mocap4r2_vicon_driver' build argument 'cmake_target' from command line to 'None'
[0.396s] Level 5:colcon.colcon_core.verb:set package 'mocap4r2_vicon_driver' build argument 'cmake_target_skip_unavailable' from command line to 'False'
[0.396s] Level 5:colcon.colcon_core.verb:set package 'mocap4r2_vicon_driver' build argument 'cmake_clean_cache' from command line to 'False'
[0.396s] Level 5:colcon.colcon_core.verb:set package 'mocap4r2_vicon_driver' build argument 'cmake_clean_first' from command line to 'False'
[0.396s] Level 5:colcon.colcon_core.verb:set package 'mocap4r2_vicon_driver' build argument 'cmake_force_configure' from command line to 'False'
[0.396s] Level 5:colcon.colcon_core.verb:set package 'mocap4r2_vicon_driver' build argument 'ament_cmake_args' from command line to 'None'
[0.396s] Level 5:colcon.colcon_core.verb:set package 'mocap4r2_vicon_driver' build argument 'catkin_cmake_args' from command line to 'None'
[0.396s] Level 5:colcon.colcon_core.verb:set package 'mocap4r2_vicon_driver' build argument 'catkin_skip_building_tests' from command line to 'False'
[0.396s] DEBUG:colcon.colcon_core.verb:Building package 'mocap4r2_vicon_driver' with the following arguments: {'ament_cmake_args': None, 'build_base': '/home/strain-drone/Documents/drone_position_hold/ros2_ws/build/mocap4r2_vicon_driver', 'catkin_cmake_args': None, 'catkin_skip_building_tests': False, 'cmake_args': None, 'cmake_clean_cache': False, 'cmake_clean_first': False, 'cmake_force_configure': False, 'cmake_target': None, 'cmake_target_skip_unavailable': False, 'install_base': '/home/strain-drone/Documents/drone_position_hold/ros2_ws/install/mocap4r2_vicon_driver', 'merge_install': False, 'path': '/home/strain-drone/Documents/drone_position_hold/ros2_ws/src/mocap4ros2_vicon/mocap4r2_vicon_driver', 'symlink_install': False, 'test_result_base': None}
[0.397s] Level 5:colcon.colcon_core.verb:set package 'rqt_mocap4r2_control' build argument 'cmake_args' from command line to 'None'
[0.397s] Level 5:colcon.colcon_core.verb:set package 'rqt_mocap4r2_control' build argument 'cmake_target' from command line to 'None'
[0.397s] Level 5:colcon.colcon_core.verb:set package 'rqt_mocap4r2_control' build argument 'cmake_target_skip_unavailable' from command line to 'False'
[0.397s] Level 5:colcon.colcon_core.verb:set package 'rqt_mocap4r2_control' build argument 'cmake_clean_cache' from command line to 'False'
[0.397s] Level 5:colcon.colcon_core.verb:set package 'rqt_mocap4r2_control' build argument 'cmake_clean_first' from command line to 'False'
[0.397s] Level 5:colcon.colcon_core.verb:set package 'rqt_mocap4r2_control' build argument 'cmake_force_configure' from command line to 'False'
[0.397s] Level 5:colcon.colcon_core.verb:set package 'rqt_mocap4r2_control' build argument 'ament_cmake_args' from command line to 'None'
[0.397s] Level 5:colcon.colcon_core.verb:set package 'rqt_mocap4r2_control' build argument 'catkin_cmake_args' from command line to 'None'
[0.397s] Level 5:colcon.colcon_core.verb:set package 'rqt_mocap4r2_control' build argument 'catkin_skip_building_tests' from command line to 'False'
[0.397s] DEBUG:colcon.colcon_core.verb:Building package 'rqt_mocap4r2_control' with the following arguments: {'ament_cmake_args': None, 'build_base': '/home/strain-drone/Documents/drone_position_hold/ros2_ws/build/rqt_mocap4r2_control', 'catkin_cmake_args': None, 'catkin_skip_building_tests': False, 'cmake_args': None, 'cmake_clean_cache': False, 'cmake_clean_first': False, 'cmake_force_configure': False, 'cmake_target': None, 'cmake_target_skip_unavailable': False, 'install_base': '/home/strain-drone/Documents/drone_position_hold/ros2_ws/install/rqt_mocap4r2_control', 'merge_install': False, 'path': '/home/strain-drone/Documents/drone_position_hold/ros2_ws/src/mocap4r2/mocap4r2_control/rqt_mocap4r2_control', 'symlink_install': False, 'test_result_base': None}
[0.397s] INFO:colcon.colcon_core.executor:Executing jobs using 'parallel' executor
[0.398s] DEBUG:colcon.colcon_parallel_executor.executor.parallel:run_until_complete
[0.399s] INFO:colcon.colcon_ros.task.ament_cmake.build:Building ROS package in '/home/strain-drone/Documents/drone_position_hold/ros2_ws/src/mocap4r2/mocap4r2_control/mocap4r2_control_msgs' with build type 'ament_cmake'
[0.399s] INFO:colcon.colcon_cmake.task.cmake.build:Building CMake package in '/home/strain-drone/Documents/drone_position_hold/ros2_ws/src/mocap4r2/mocap4r2_control/mocap4r2_control_msgs'
[0.402s] INFO:colcon.colcon_core.plugin_system:Skipping extension 'colcon_core.shell.bat': Not used on non-Windows systems
[0.402s] INFO:colcon.colcon_core.shell:Skip shell extension 'powershell' for command environment: Not usable outside of PowerShell
[0.403s] DEBUG:colcon.colcon_core.shell:Skip shell extension 'dsv' for command environment
[0.450s] INFO:colcon.colcon_ros.task.ament_cmake.build:Building ROS package in '/home/strain-drone/Documents/drone_position_hold/ros2_ws/src/mocap4r2_msgs' with build type 'ament_cmake'
[0.450s] INFO:colcon.colcon_cmake.task.cmake.build:Building CMake package in '/home/strain-drone/Documents/drone_position_hold/ros2_ws/src/mocap4r2_msgs'
[0.450s] INFO:colcon.colcon_core.shell:Skip shell extension 'powershell' for command environment: Not usable outside of PowerShell
[0.450s] DEBUG:colcon.colcon_core.shell:Skip shell extension 'dsv' for command environment
[0.456s] INFO:colcon.colcon_ros.task.ament_cmake.build:Building ROS package in '/home/strain-drone/Documents/drone_position_hold/ros2_ws/src/mocap4r2/mocap4r2_marker_viz/mocap4r2_marker_viz_srvs' with build type 'ament_cmake'
[0.457s] INFO:colcon.colcon_cmake.task.cmake.build:Building CMake package in '/home/strain-drone/Documents/drone_position_hold/ros2_ws/src/mocap4r2/mocap4r2_marker_viz/mocap4r2_marker_viz_srvs'
[0.457s] INFO:colcon.colcon_core.shell:Skip shell extension 'powershell' for command environment: Not usable outside of PowerShell
[0.457s] DEBUG:colcon.colcon_core.shell:Skip shell extension 'dsv' for command environment
[0.463s] INFO:colcon.colcon_ros.task.ament_cmake.build:Building ROS package in '/home/strain-drone/Documents/drone_position_hold/ros2_ws/src/mocap4r2/mocap4r2_robot_gt/mocap4r2_robot_gt_msgs' with build type 'ament_cmake'
[0.464s] INFO:colcon.colcon_cmake.task.cmake.build:Building CMake package in '/home/strain-drone/Documents/drone_position_hold/ros2_ws/src/mocap4r2/mocap4r2_robot_gt/mocap4r2_robot_gt_msgs'
[0.464s] INFO:colcon.colcon_core.shell:Skip shell extension 'powershell' for command environment: Not usable outside of PowerShell
[0.464s] DEBUG:colcon.colcon_core.shell:Skip shell extension 'dsv' for command environment
[0.477s] DEBUG:colcon.colcon_core.event_handler.log_command:Invoking command in '/home/strain-drone/Documents/drone_position_hold/ros2_ws/build/mocap4r2_control_msgs': CMAKE_PREFIX_PATH=${CMAKE_PREFIX_PATH}:/home/strain-drone/Documents/drone_position_hold/ros2_ws/install/visualizer:/home/strain-drone/Documents/drone_position_hold/ros2_ws/install/position_publisher:/home/strain-drone/Documents/drone_position_hold/ros2_ws/install/mocap4r2cli:/home/strain-drone/Documents/drone_position_hold/ros2_ws/install/mavros_config:/opt/ros/jazzy DEBUGINFOD_URLS=https://debuginfod.ubuntu.com PS1=(venv-ardupilot) \[\e]0;\u@\h: \w\a\]${debian_chroot:+($debian_chroot)}\[\033[01;32m\]\u@\h\[\033[00m\]:\[\033[01;34m\]\w\[\033[00m\]\$ VIRTUAL_ENV_PROMPT=(venv-ardupilot) /usr/bin/cmake --build /home/strain-drone/Documents/drone_position_hold/ros2_ws/build/mocap4r2_control_msgs -- -j4 -l4
[0.483s] DEBUG:colcon.colcon_core.event_handler.log_command:Invoking command in '/home/strain-drone/Documents/drone_position_hold/ros2_ws/build/mocap4r2_msgs': CMAKE_PREFIX_PATH=${CMAKE_PREFIX_PATH}:/home/strain-drone/Documents/drone_position_hold/ros2_ws/install/visualizer:/home/strain-drone/Documents/drone_position_hold/ros2_ws/install/position_publisher:/home/strain-drone/Documents/drone_position_hold/ros2_ws/install/mocap4r2cli:/home/strain-drone/Documents/drone_position_hold/ros2_ws/install/mavros_config:/opt/ros/jazzy DEBUGINFOD_URLS=https://debuginfod.ubuntu.com PS1=(venv-ardupilot) \[\e]0;\u@\h: \w\a\]${debian_chroot:+($debian_chroot)}\[\033[01;32m\]\u@\h\[\033[00m\]:\[\033[01;34m\]\w\[\033[00m\]\$ VIRTUAL_ENV_PROMPT=(venv-ardupilot) /usr/bin/cmake --build /home/strain-drone/Documents/drone_position_hold/ros2_ws/build/mocap4r2_msgs -- -j4 -l4
[0.492s] DEBUG:colcon.colcon_core.event_handler.log_command:Invoking command in '/home/strain-drone/Documents/drone_position_hold/ros2_ws/build/mocap4r2_marker_viz_srvs': CMAKE_PREFIX_PATH=${CMAKE_PREFIX_PATH}:/home/strain-drone/Documents/drone_position_hold/ros2_ws/install/visualizer:/home/strain-drone/Documents/drone_position_hold/ros2_ws/install/position_publisher:/home/strain-drone/Documents/drone_position_hold/ros2_ws/install/mocap4r2cli:/home/strain-drone/Documents/drone_position_hold/ros2_ws/install/mavros_config:/opt/ros/jazzy DEBUGINFOD_URLS=https://debuginfod.ubuntu.com PS1=(venv-ardupilot) \[\e]0;\u@\h: \w\a\]${debian_chroot:+($debian_chroot)}\[\033[01;32m\]\u@\h\[\033[00m\]:\[\033[01;34m\]\w\[\033[00m\]\$ VIRTUAL_ENV_PROMPT=(venv-ardupilot) /usr/bin/cmake --build /home/strain-drone/Documents/drone_position_hold/ros2_ws/build/mocap4r2_marker_viz_srvs -- -j4 -l4
[0.507s] DEBUG:colcon.colcon_core.event_handler.log_command:Invoking command in '/home/strain-drone/Documents/drone_position_hold/ros2_ws/build/mocap4r2_robot_gt_msgs': CMAKE_PREFIX_PATH=${CMAKE_PREFIX_PATH}:/home/strain-drone/Documents/drone_position_hold/ros2_ws/install/visualizer:/home/strain-drone/Documents/drone_position_hold/ros2_ws/install/position_publisher:/home/strain-drone/Documents/drone_position_hold/ros2_ws/install/mocap4r2cli:/home/strain-drone/Documents/drone_position_hold/ros2_ws/install/mavros_config:/opt/ros/jazzy DEBUGINFOD_URLS=https://debuginfod.ubuntu.com PS1=(venv-ardupilot) \[\e]0;\u@\h: \w\a\]${debian_chroot:+($debian_chroot)}\[\033[01;32m\]\u@\h\[\033[00m\]:\[\033[01;34m\]\w\[\033[00m\]\$ VIRTUAL_ENV_PROMPT=(venv-ardupilot) /usr/bin/cmake --build /home/strain-drone/Documents/drone_position_hold/ros2_ws/build/mocap4r2_robot_gt_msgs -- -j4 -l4
[2.293s] DEBUG:colcon.colcon_core.event_handler.log_command:Invoked command in '/home/strain-drone/Documents/drone_position_hold/ros2_ws/build/mocap4r2_control_msgs' returned '0': CMAKE_PREFIX_PATH=${CMAKE_PREFIX_PATH}:/home/strain-drone/Documents/drone_position_hold/ros2_ws/install/visualizer:/home/strain-drone/Documents/drone_position_hold/ros2_ws/install/position_publisher:/home/strain-drone/Documents/drone_position_hold/ros2_ws/install/mocap4r2cli:/home/strain-drone/Documents/drone_position_hold/ros2_ws/install/mavros_config:/opt/ros/jazzy DEBUGINFOD_URLS=https://debuginfod.ubuntu.com PS1=(venv-ardupilot) \[\e]0;\u@\h: \w\a\]${debian_chroot:+($debian_chroot)}\[\033[01;32m\]\u@\h\[\033[00m\]:\[\033[01;34m\]\w\[\033[00m\]\$ VIRTUAL_ENV_PROMPT=(venv-ardupilot) /usr/bin/cmake --build /home/strain-drone/Documents/drone_position_hold/ros2_ws/build/mocap4r2_control_msgs -- -j4 -l4
[2.321s] DEBUG:colcon.colcon_core.event_handler.log_command:Invoking command in '/home/strain-drone/Documents/drone_position_hold/ros2_ws/build/mocap4r2_control_msgs': CMAKE_PREFIX_PATH=${CMAKE_PREFIX_PATH}:/home/strain-drone/Documents/drone_position_hold/ros2_ws/install/visualizer:/home/strain-drone/Documents/drone_position_hold/ros2_ws/install/position_publisher:/home/strain-drone/Documents/drone_position_hold/ros2_ws/install/mocap4r2cli:/home/strain-drone/Documents/drone_position_hold/ros2_ws/install/mavros_config:/opt/ros/jazzy DEBUGINFOD_URLS=https://debuginfod.ubuntu.com PS1=(venv-ardupilot) \[\e]0;\u@\h: \w\a\]${debian_chroot:+($debian_chroot)}\[\033[01;32m\]\u@\h\[\033[00m\]:\[\033[01;34m\]\w\[\033[00m\]\$ VIRTUAL_ENV_PROMPT=(venv-ardupilot) /usr/bin/cmake --install /home/strain-drone/Documents/drone_position_hold/ros2_ws/build/mocap4r2_control_msgs
[2.325s] DEBUG:colcon.colcon_core.event_handler.log_command:Invoked command in '/home/strain-drone/Documents/drone_position_hold/ros2_ws/build/mocap4r2_robot_gt_msgs' returned '0': CMAKE_PREFIX_PATH=${CMAKE_PREFIX_PATH}:/home/strain-drone/Documents/drone_position_hold/ros2_ws/install/visualizer:/home/strain-drone/Documents/drone_position_hold/ros2_ws/install/position_publisher:/home/strain-drone/Documents/drone_position_hold/ros2_ws/install/mocap4r2cli:/home/strain-drone/Documents/drone_position_hold/ros2_ws/install/mavros_config:/opt/ros/jazzy DEBUGINFOD_URLS=https://debuginfod.ubuntu.com PS1=(venv-ardupilot) \[\e]0;\u@\h: \w\a\]${debian_chroot:+($debian_chroot)}\[\033[01;32m\]\u@\h\[\033[00m\]:\[\033[01;34m\]\w\[\033[00m\]\$ VIRTUAL_ENV_PROMPT=(venv-ardupilot) /usr/bin/cmake --build /home/strain-drone/Documents/drone_position_hold/ros2_ws/build/mocap4r2_robot_gt_msgs -- -j4 -l4
[2.332s] DEBUG:colcon.colcon_core.event_handler.log_command:Invoking command in '/home/strain-drone/Documents/drone_position_hold/ros2_ws/build/mocap4r2_robot_gt_msgs': CMAKE_PREFIX_PATH=${CMAKE_PREFIX_PATH}:/home/strain-drone/Documents/drone_position_hold/ros2_ws/install/visualizer:/home/strain-drone/Documents/drone_position_hold/ros2_ws/install/position_publisher:/home/strain-drone/Documents/drone_position_hold/ros2_ws/install/mocap4r2cli:/home/strain-drone/Documents/drone_position_hold/ros2_ws/install/mavros_config:/opt/ros/jazzy DEBUGINFOD_URLS=https://debuginfod.ubuntu.com PS1=(venv-ardupilot) \[\e]0;\u@\h: \w\a\]${debian_chroot:+($debian_chroot)}\[\033[01;32m\]\u@\h\[\033[00m\]:\[\033[01;34m\]\w\[\033[00m\]\$ VIRTUAL_ENV_PROMPT=(venv-ardupilot) /usr/bin/cmake --install /home/strain-drone/Documents/drone_position_hold/ros2_ws/build/mocap4r2_robot_gt_msgs
[2.340s] DEBUG:colcon.colcon_core.event_handler.log_command:Invoked command in '/home/strain-drone/Documents/drone_position_hold/ros2_ws/build/mocap4r2_marker_viz_srvs' returned '0': CMAKE_PREFIX_PATH=${CMAKE_PREFIX_PATH}:/home/strain-drone/Documents/drone_position_hold/ros2_ws/install/visualizer:/home/strain-drone/Documents/drone_position_hold/ros2_ws/install/position_publisher:/home/strain-drone/Documents/drone_position_hold/ros2_ws/install/mocap4r2cli:/home/strain-drone/Documents/drone_position_hold/ros2_ws/install/mavros_config:/opt/ros/jazzy DEBUGINFOD_URLS=https://debuginfod.ubuntu.com PS1=(venv-ardupilot) \[\e]0;\u@\h: \w\a\]${debian_chroot:+($debian_chroot)}\[\033[01;32m\]\u@\h\[\033[00m\]:\[\033[01;34m\]\w\[\033[00m\]\$ VIRTUAL_ENV_PROMPT=(venv-ardupilot) /usr/bin/cmake --build /home/strain-drone/Documents/drone_position_hold/ros2_ws/build/mocap4r2_marker_viz_srvs -- -j4 -l4
[2.341s] DEBUG:colcon.colcon_core.event_handler.log_command:Invoking command in '/home/strain-drone/Documents/drone_position_hold/ros2_ws/build/mocap4r2_marker_viz_srvs': CMAKE_PREFIX_PATH=${CMAKE_PREFIX_PATH}:/home/strain-drone/Documents/drone_position_hold/ros2_ws/install/visualizer:/home/strain-drone/Documents/drone_position_hold/ros2_ws/install/position_publisher:/home/strain-drone/Documents/drone_position_hold/ros2_ws/install/mocap4r2cli:/home/strain-drone/Documents/drone_position_hold/ros2_ws/install/mavros_config:/opt/ros/jazzy DEBUGINFOD_URLS=https://debuginfod.ubuntu.com PS1=(venv-ardupilot) \[\e]0;\u@\h: \w\a\]${debian_chroot:+($debian_chroot)}\[\033[01;32m\]\u@\h\[\033[00m\]:\[\033[01;34m\]\w\[\033[00m\]\$ VIRTUAL_ENV_PROMPT=(venv-ardupilot) /usr/bin/cmake --install /home/strain-drone/Documents/drone_position_hold/ros2_ws/build/mocap4r2_marker_viz_srvs
[2.414s] DEBUG:colcon.colcon_core.event_handler.log_command:Invoked command in '/home/strain-drone/Documents/drone_position_hold/ros2_ws/build/mocap4r2_msgs' returned '0': CMAKE_PREFIX_PATH=${CMAKE_PREFIX_PATH}:/home/strain-drone/Documents/drone_position_hold/ros2_ws/install/visualizer:/home/strain-drone/Documents/drone_position_hold/ros2_ws/install/position_publisher:/home/strain-drone/Documents/drone_position_hold/ros2_ws/install/mocap4r2cli:/home/strain-drone/Documents/drone_position_hold/ros2_ws/install/mavros_config:/opt/ros/jazzy DEBUGINFOD_URLS=https://debuginfod.ubuntu.com PS1=(venv-ardupilot) \[\e]0;\u@\h: \w\a\]${debian_chroot:+($debian_chroot)}\[\033[01;32m\]\u@\h\[\033[00m\]:\[\033[01;34m\]\w\[\033[00m\]\$ VIRTUAL_ENV_PROMPT=(venv-ardupilot) /usr/bin/cmake --build /home/strain-drone/Documents/drone_position_hold/ros2_ws/build/mocap4r2_msgs -- -j4 -l4
[2.418s] DEBUG:colcon.colcon_core.event_handler.log_command:Invoking command in '/home/strain-drone/Documents/drone_position_hold/ros2_ws/build/mocap4r2_msgs': CMAKE_PREFIX_PATH=${CMAKE_PREFIX_PATH}:/home/strain-drone/Documents/drone_position_hold/ros2_ws/install/visualizer:/home/strain-drone/Documents/drone_position_hold/ros2_ws/install/position_publisher:/home/strain-drone/Documents/drone_position_hold/ros2_ws/install/mocap4r2cli:/home/strain-drone/Documents/drone_position_hold/ros2_ws/install/mavros_config:/opt/ros/jazzy DEBUGINFOD_URLS=https://debuginfod.ubuntu.com PS1=(venv-ardupilot) \[\e]0;\u@\h: \w\a\]${debian_chroot:+($debian_chroot)}\[\033[01;32m\]\u@\h\[\033[00m\]:\[\033[01;34m\]\w\[\033[00m\]\$ VIRTUAL_ENV_PROMPT=(venv-ardupilot) /usr/bin/cmake --install /home/strain-drone/Documents/drone_position_hold/ros2_ws/build/mocap4r2_msgs
[2.472s] Level 1:colcon.colcon_core.environment:create_environment_scripts_only(mocap4r2_control_msgs)
[2.485s] Level 1:colcon.colcon_core.environment:checking '/home/strain-drone/Documents/drone_position_hold/ros2_ws/install/mocap4r2_control_msgs' for CMake module files
[2.489s] Level 1:colcon.colcon_core.environment:checking '/home/strain-drone/Documents/drone_position_hold/ros2_ws/install/mocap4r2_control_msgs' for CMake config files
[2.490s] Level 1:colcon.colcon_core.shell:create_environment_hook('mocap4r2_control_msgs', 'cmake_prefix_path')
[2.491s] INFO:colcon.colcon_core.shell:Creating environment hook '/home/strain-drone/Documents/drone_position_hold/ros2_ws/install/mocap4r2_control_msgs/share/mocap4r2_control_msgs/hook/cmake_prefix_path.ps1'
[2.492s] INFO:colcon.colcon_core.shell:Creating environment descriptor '/home/strain-drone/Documents/drone_position_hold/ros2_ws/install/mocap4r2_control_msgs/share/mocap4r2_control_msgs/hook/cmake_prefix_path.dsv'
[2.494s] INFO:colcon.colcon_core.shell:Creating environment hook '/home/strain-drone/Documents/drone_position_hold/ros2_ws/install/mocap4r2_control_msgs/share/mocap4r2_control_msgs/hook/cmake_prefix_path.sh'
[2.496s] DEBUG:colcon.colcon_core.event_handler.log_command:Invoked command in '/home/strain-drone/Documents/drone_position_hold/ros2_ws/build/mocap4r2_control_msgs' returned '0': CMAKE_PREFIX_PATH=${CMAKE_PREFIX_PATH}:/home/strain-drone/Documents/drone_position_hold/ros2_ws/install/visualizer:/home/strain-drone/Documents/drone_position_hold/ros2_ws/install/position_publisher:/home/strain-drone/Documents/drone_position_hold/ros2_ws/install/mocap4r2cli:/home/strain-drone/Documents/drone_position_hold/ros2_ws/install/mavros_config:/opt/ros/jazzy DEBUGINFOD_URLS=https://debuginfod.ubuntu.com PS1=(venv-ardupilot) \[\e]0;\u@\h: \w\a\]${debian_chroot:+($debian_chroot)}\[\033[01;32m\]\u@\h\[\033[00m\]:\[\033[01;34m\]\w\[\033[00m\]\$ VIRTUAL_ENV_PROMPT=(venv-ardupilot) /usr/bin/cmake --install /home/strain-drone/Documents/drone_position_hold/ros2_ws/build/mocap4r2_control_msgs
[2.497s] Level 1:colcon.colcon_core.environment:checking '/home/strain-drone/Documents/drone_position_hold/ros2_ws/install/mocap4r2_control_msgs/lib'
[2.497s] Level 1:colcon.colcon_core.shell:create_environment_hook('mocap4r2_control_msgs', 'ld_library_path_lib')
[2.497s] INFO:colcon.colcon_core.shell:Creating environment hook '/home/strain-drone/Documents/drone_position_hold/ros2_ws/install/mocap4r2_control_msgs/share/mocap4r2_control_msgs/hook/ld_library_path_lib.ps1'
[2.500s] INFO:colcon.colcon_core.shell:Creating environment descriptor '/home/strain-drone/Documents/drone_position_hold/ros2_ws/install/mocap4r2_control_msgs/share/mocap4r2_control_msgs/hook/ld_library_path_lib.dsv'
[2.501s] INFO:colcon.colcon_core.shell:Creating environment hook '/home/strain-drone/Documents/drone_position_hold/ros2_ws/install/mocap4r2_control_msgs/share/mocap4r2_control_msgs/hook/ld_library_path_lib.sh'
[2.503s] Level 1:colcon.colcon_core.environment:checking '/home/strain-drone/Documents/drone_position_hold/ros2_ws/install/mocap4r2_control_msgs/bin'
[2.503s] Level 1:colcon.colcon_core.environment:checking '/home/strain-drone/Documents/drone_position_hold/ros2_ws/install/mocap4r2_control_msgs/lib/pkgconfig/mocap4r2_control_msgs.pc'
[2.503s] Level 1:colcon.colcon_core.environment:checking '/home/strain-drone/Documents/drone_position_hold/ros2_ws/install/mocap4r2_control_msgs/lib/python3.12/site-packages'
[2.503s] Level 1:colcon.colcon_core.shell:create_environment_hook('mocap4r2_control_msgs', 'pythonpath')
[2.504s] INFO:colcon.colcon_core.shell:Creating environment hook '/home/strain-drone/Documents/drone_position_hold/ros2_ws/install/mocap4r2_control_msgs/share/mocap4r2_control_msgs/hook/pythonpath.ps1'
[2.506s] INFO:colcon.colcon_core.shell:Creating environment descriptor '/home/strain-drone/Documents/drone_position_hold/ros2_ws/install/mocap4r2_control_msgs/share/mocap4r2_control_msgs/hook/pythonpath.dsv'
[2.507s] INFO:colcon.colcon_core.shell:Creating environment hook '/home/strain-drone/Documents/drone_position_hold/ros2_ws/install/mocap4r2_control_msgs/share/mocap4r2_control_msgs/hook/pythonpath.sh'
[2.508s] Level 1:colcon.colcon_core.environment:checking '/home/strain-drone/Documents/drone_position_hold/ros2_ws/install/mocap4r2_control_msgs/bin'
[2.509s] INFO:colcon.colcon_core.shell:Creating package script '/home/strain-drone/Documents/drone_position_hold/ros2_ws/install/mocap4r2_control_msgs/share/mocap4r2_control_msgs/package.ps1'
[2.515s] INFO:colcon.colcon_core.shell:Creating package descriptor '/home/strain-drone/Documents/drone_position_hold/ros2_ws/install/mocap4r2_control_msgs/share/mocap4r2_control_msgs/package.dsv'
[2.516s] INFO:colcon.colcon_core.shell:Creating package script '/home/strain-drone/Documents/drone_position_hold/ros2_ws/install/mocap4r2_control_msgs/share/mocap4r2_control_msgs/package.sh'
[2.517s] INFO:colcon.colcon_core.shell:Creating package script '/home/strain-drone/Documents/drone_position_hold/ros2_ws/install/mocap4r2_control_msgs/share/mocap4r2_control_msgs/package.bash'
[2.518s] INFO:colcon.colcon_core.shell:Creating package script '/home/strain-drone/Documents/drone_position_hold/ros2_ws/install/mocap4r2_control_msgs/share/mocap4r2_control_msgs/package.zsh'
[2.519s] Level 1:colcon.colcon_core.environment:create_file_with_runtime_dependencies(/home/strain-drone/Documents/drone_position_hold/ros2_ws/install/mocap4r2_control_msgs/share/colcon-core/packages/mocap4r2_control_msgs)
[2.521s] Level 1:colcon.colcon_core.environment:create_environment_scripts_only(mocap4r2_control_msgs)
[2.522s] Level 1:colcon.colcon_core.environment:checking '/home/strain-drone/Documents/drone_position_hold/ros2_ws/install/mocap4r2_control_msgs' for CMake module files
[2.523s] Level 1:colcon.colcon_core.environment:checking '/home/strain-drone/Documents/drone_position_hold/ros2_ws/install/mocap4r2_control_msgs' for CMake config files
[2.523s] Level 1:colcon.colcon_core.shell:create_environment_hook('mocap4r2_control_msgs', 'cmake_prefix_path')
[2.524s] INFO:colcon.colcon_core.shell:Creating environment hook '/home/strain-drone/Documents/drone_position_hold/ros2_ws/install/mocap4r2_control_msgs/share/mocap4r2_control_msgs/hook/cmake_prefix_path.ps1'
[2.584s] INFO:colcon.colcon_core.shell:Creating environment descriptor '/home/strain-drone/Documents/drone_position_hold/ros2_ws/install/mocap4r2_control_msgs/share/mocap4r2_control_msgs/hook/cmake_prefix_path.dsv'
[2.585s] INFO:colcon.colcon_core.shell:Creating environment hook '/home/strain-drone/Documents/drone_position_hold/ros2_ws/install/mocap4r2_control_msgs/share/mocap4r2_control_msgs/hook/cmake_prefix_path.sh'
[2.586s] Level 1:colcon.colcon_core.environment:checking '/home/strain-drone/Documents/drone_position_hold/ros2_ws/install/mocap4r2_control_msgs/lib'
[2.586s] Level 1:colcon.colcon_core.shell:create_environment_hook('mocap4r2_control_msgs', 'ld_library_path_lib')
[2.586s] INFO:colcon.colcon_core.shell:Creating environment hook '/home/strain-drone/Documents/drone_position_hold/ros2_ws/install/mocap4r2_control_msgs/share/mocap4r2_control_msgs/hook/ld_library_path_lib.ps1'
[2.593s] INFO:colcon.colcon_core.shell:Creating environment descriptor '/home/strain-drone/Documents/drone_position_hold/ros2_ws/install/mocap4r2_control_msgs/share/mocap4r2_control_msgs/hook/ld_library_path_lib.dsv'
[2.594s] INFO:colcon.colcon_core.shell:Creating environment hook '/home/strain-drone/Documents/drone_position_hold/ros2_ws/install/mocap4r2_control_msgs/share/mocap4r2_control_msgs/hook/ld_library_path_lib.sh'
[2.594s] Level 1:colcon.colcon_core.environment:checking '/home/strain-drone/Documents/drone_position_hold/ros2_ws/install/mocap4r2_control_msgs/bin'
[2.594s] Level 1:colcon.colcon_core.environment:checking '/home/strain-drone/Documents/drone_position_hold/ros2_ws/install/mocap4r2_control_msgs/lib/pkgconfig/mocap4r2_control_msgs.pc'
[2.595s] Level 1:colcon.colcon_core.environment:checking '/home/strain-drone/Documents/drone_position_hold/ros2_ws/install/mocap4r2_control_msgs/lib/python3.12/site-packages'
[2.595s] Level 1:colcon.colcon_core.shell:create_environment_hook('mocap4r2_control_msgs', 'pythonpath')
[2.595s] INFO:colcon.colcon_core.shell:Creating environment hook '/home/strain-drone/Documents/drone_position_hold/ros2_ws/install/mocap4r2_control_msgs/share/mocap4r2_control_msgs/hook/pythonpath.ps1'
[2.595s] INFO:colcon.colcon_core.shell:Creating environment descriptor '/home/strain-drone/Documents/drone_position_hold/ros2_ws/install/mocap4r2_control_msgs/share/mocap4r2_control_msgs/hook/pythonpath.dsv'
[2.596s] INFO:colcon.colcon_core.shell:Creating environment hook '/home/strain-drone/Documents/drone_position_hold/ros2_ws/install/mocap4r2_control_msgs/share/mocap4r2_control_msgs/hook/pythonpath.sh'
[2.600s] Level 1:colcon.colcon_core.environment:checking '/home/strain-drone/Documents/drone_position_hold/ros2_ws/install/mocap4r2_control_msgs/bin'
[2.600s] INFO:colcon.colcon_core.shell:Creating package script '/home/strain-drone/Documents/drone_position_hold/ros2_ws/install/mocap4r2_control_msgs/share/mocap4r2_control_msgs/package.ps1'
[2.612s] INFO:colcon.colcon_core.shell:Creating package descriptor '/home/strain-drone/Documents/drone_position_hold/ros2_ws/install/mocap4r2_control_msgs/share/mocap4r2_control_msgs/package.dsv'
[2.613s] INFO:colcon.colcon_core.shell:Creating package script '/home/strain-drone/Documents/drone_position_hold/ros2_ws/install/mocap4r2_control_msgs/share/mocap4r2_control_msgs/package.sh'
[2.614s] INFO:colcon.colcon_core.shell:Creating package script '/home/strain-drone/Documents/drone_position_hold/ros2_ws/install/mocap4r2_control_msgs/share/mocap4r2_control_msgs/package.bash'
[2.614s] INFO:colcon.colcon_core.shell:Creating package script '/home/strain-drone/Documents/drone_position_hold/ros2_ws/install/mocap4r2_control_msgs/share/mocap4r2_control_msgs/package.zsh'
[2.614s] Level 1:colcon.colcon_core.environment:create_file_with_runtime_dependencies(/home/strain-drone/Documents/drone_position_hold/ros2_ws/install/mocap4r2_control_msgs/share/colcon-core/packages/mocap4r2_control_msgs)
[2.616s] INFO:colcon.colcon_ros.task.ament_cmake.build:Building ROS package in '/home/strain-drone/Documents/drone_position_hold/ros2_ws/src/mocap4r2/mocap4r2_control/mocap4r2_control' with build type 'ament_cmake'
[2.616s] INFO:colcon.colcon_cmake.task.cmake.build:Building CMake package in '/home/strain-drone/Documents/drone_position_hold/ros2_ws/src/mocap4r2/mocap4r2_control/mocap4r2_control'
[2.616s] INFO:colcon.colcon_core.shell:Skip shell extension 'powershell' for command environment: Not usable outside of PowerShell
[2.616s] DEBUG:colcon.colcon_core.shell:Skip shell extension 'dsv' for command environment
[2.623s] Level 1:colcon.colcon_core.environment:create_environment_scripts_only(mocap4r2_robot_gt_msgs)
[2.623s] Level 1:colcon.colcon_core.environment:checking '/home/strain-drone/Documents/drone_position_hold/ros2_ws/install/mocap4r2_robot_gt_msgs' for CMake module files
[2.624s] Level 1:colcon.colcon_core.environment:checking '/home/strain-drone/Documents/drone_position_hold/ros2_ws/install/mocap4r2_robot_gt_msgs' for CMake config files
[2.625s] Level 1:colcon.colcon_core.shell:create_environment_hook('mocap4r2_robot_gt_msgs', 'cmake_prefix_path')
[2.625s] INFO:colcon.colcon_core.shell:Creating environment hook '/home/strain-drone/Documents/drone_position_hold/ros2_ws/install/mocap4r2_robot_gt_msgs/share/mocap4r2_robot_gt_msgs/hook/cmake_prefix_path.ps1'
[2.626s] INFO:colcon.colcon_core.shell:Creating environment descriptor '/home/strain-drone/Documents/drone_position_hold/ros2_ws/install/mocap4r2_robot_gt_msgs/share/mocap4r2_robot_gt_msgs/hook/cmake_prefix_path.dsv'
[2.626s] DEBUG:colcon.colcon_core.event_handler.log_command:Invoked command in '/home/strain-drone/Documents/drone_position_hold/ros2_ws/build/mocap4r2_robot_gt_msgs' returned '0': CMAKE_PREFIX_PATH=${CMAKE_PREFIX_PATH}:/home/strain-drone/Documents/drone_position_hold/ros2_ws/install/visualizer:/home/strain-drone/Documents/drone_position_hold/ros2_ws/install/position_publisher:/home/strain-drone/Documents/drone_position_hold/ros2_ws/install/mocap4r2cli:/home/strain-drone/Documents/drone_position_hold/ros2_ws/install/mavros_config:/opt/ros/jazzy DEBUGINFOD_URLS=https://debuginfod.ubuntu.com PS1=(venv-ardupilot) \[\e]0;\u@\h: \w\a\]${debian_chroot:+($debian_chroot)}\[\033[01;32m\]\u@\h\[\033[00m\]:\[\033[01;34m\]\w\[\033[00m\]\$ VIRTUAL_ENV_PROMPT=(venv-ardupilot) /usr/bin/cmake --install /home/strain-drone/Documents/drone_position_hold/ros2_ws/build/mocap4r2_robot_gt_msgs
[2.627s] INFO:colcon.colcon_core.shell:Creating environment hook '/home/strain-drone/Documents/drone_position_hold/ros2_ws/install/mocap4r2_robot_gt_msgs/share/mocap4r2_robot_gt_msgs/hook/cmake_prefix_path.sh'
[2.628s] Level 1:colcon.colcon_core.environment:checking '/home/strain-drone/Documents/drone_position_hold/ros2_ws/install/mocap4r2_robot_gt_msgs/lib'
[2.628s] Level 1:colcon.colcon_core.shell:create_environment_hook('mocap4r2_robot_gt_msgs', 'ld_library_path_lib')
[2.628s] INFO:colcon.colcon_core.shell:Creating environment hook '/home/strain-drone/Documents/drone_position_hold/ros2_ws/install/mocap4r2_robot_gt_msgs/share/mocap4r2_robot_gt_msgs/hook/ld_library_path_lib.ps1'
[2.629s] INFO:colcon.colcon_core.shell:Creating environment descriptor '/home/strain-drone/Documents/drone_position_hold/ros2_ws/install/mocap4r2_robot_gt_msgs/share/mocap4r2_robot_gt_msgs/hook/ld_library_path_lib.dsv'
[2.629s] INFO:colcon.colcon_core.shell:Creating environment hook '/home/strain-drone/Documents/drone_position_hold/ros2_ws/install/mocap4r2_robot_gt_msgs/share/mocap4r2_robot_gt_msgs/hook/ld_library_path_lib.sh'
[2.630s] Level 1:colcon.colcon_core.environment:checking '/home/strain-drone/Documents/drone_position_hold/ros2_ws/install/mocap4r2_robot_gt_msgs/bin'
[2.630s] Level 1:colcon.colcon_core.environment:checking '/home/strain-drone/Documents/drone_position_hold/ros2_ws/install/mocap4r2_robot_gt_msgs/lib/pkgconfig/mocap4r2_robot_gt_msgs.pc'
[2.630s] Level 1:colcon.colcon_core.environment:checking '/home/strain-drone/Documents/drone_position_hold/ros2_ws/install/mocap4r2_robot_gt_msgs/lib/python3.12/site-packages'
[2.630s] Level 1:colcon.colcon_core.shell:create_environment_hook('mocap4r2_robot_gt_msgs', 'pythonpath')
[2.631s] INFO:colcon.colcon_core.shell:Creating environment hook '/home/strain-drone/Documents/drone_position_hold/ros2_ws/install/mocap4r2_robot_gt_msgs/share/mocap4r2_robot_gt_msgs/hook/pythonpath.ps1'
[2.631s] INFO:colcon.colcon_core.shell:Creating environment descriptor '/home/strain-drone/Documents/drone_position_hold/ros2_ws/install/mocap4r2_robot_gt_msgs/share/mocap4r2_robot_gt_msgs/hook/pythonpath.dsv'
[2.631s] INFO:colcon.colcon_core.shell:Creating environment hook '/home/strain-drone/Documents/drone_position_hold/ros2_ws/install/mocap4r2_robot_gt_msgs/share/mocap4r2_robot_gt_msgs/hook/pythonpath.sh'
[2.632s] Level 1:colcon.colcon_core.environment:checking '/home/strain-drone/Documents/drone_position_hold/ros2_ws/install/mocap4r2_robot_gt_msgs/bin'
[2.633s] INFO:colcon.colcon_core.shell:Creating package script '/home/strain-drone/Documents/drone_position_hold/ros2_ws/install/mocap4r2_robot_gt_msgs/share/mocap4r2_robot_gt_msgs/package.ps1'
[2.633s] INFO:colcon.colcon_core.shell:Creating package descriptor '/home/strain-drone/Documents/drone_position_hold/ros2_ws/install/mocap4r2_robot_gt_msgs/share/mocap4r2_robot_gt_msgs/package.dsv'
[2.634s] INFO:colcon.colcon_core.shell:Creating package script '/home/strain-drone/Documents/drone_position_hold/ros2_ws/install/mocap4r2_robot_gt_msgs/share/mocap4r2_robot_gt_msgs/package.sh'
[2.635s] INFO:colcon.colcon_core.shell:Creating package script '/home/strain-drone/Documents/drone_position_hold/ros2_ws/install/mocap4r2_robot_gt_msgs/share/mocap4r2_robot_gt_msgs/package.bash'
[2.635s] INFO:colcon.colcon_core.shell:Creating package script '/home/strain-drone/Documents/drone_position_hold/ros2_ws/install/mocap4r2_robot_gt_msgs/share/mocap4r2_robot_gt_msgs/package.zsh'
[2.635s] Level 1:colcon.colcon_core.environment:create_file_with_runtime_dependencies(/home/strain-drone/Documents/drone_position_hold/ros2_ws/install/mocap4r2_robot_gt_msgs/share/colcon-core/packages/mocap4r2_robot_gt_msgs)
[2.636s] Level 1:colcon.colcon_core.environment:create_environment_scripts_only(mocap4r2_robot_gt_msgs)
[2.636s] Level 1:colcon.colcon_core.environment:checking '/home/strain-drone/Documents/drone_position_hold/ros2_ws/install/mocap4r2_robot_gt_msgs' for CMake module files
[2.637s] Level 1:colcon.colcon_core.environment:checking '/home/strain-drone/Documents/drone_position_hold/ros2_ws/install/mocap4r2_robot_gt_msgs' for CMake config files
[2.638s] Level 1:colcon.colcon_core.shell:create_environment_hook('mocap4r2_robot_gt_msgs', 'cmake_prefix_path')
[2.638s] INFO:colcon.colcon_core.shell:Creating environment hook '/home/strain-drone/Documents/drone_position_hold/ros2_ws/install/mocap4r2_robot_gt_msgs/share/mocap4r2_robot_gt_msgs/hook/cmake_prefix_path.ps1'
[2.638s] INFO:colcon.colcon_core.shell:Creating environment descriptor '/home/strain-drone/Documents/drone_position_hold/ros2_ws/install/mocap4r2_robot_gt_msgs/share/mocap4r2_robot_gt_msgs/hook/cmake_prefix_path.dsv'
[2.639s] INFO:colcon.colcon_core.shell:Creating environment hook '/home/strain-drone/Documents/drone_position_hold/ros2_ws/install/mocap4r2_robot_gt_msgs/share/mocap4r2_robot_gt_msgs/hook/cmake_prefix_path.sh'
[2.640s] Level 1:colcon.colcon_core.environment:checking '/home/strain-drone/Documents/drone_position_hold/ros2_ws/install/mocap4r2_robot_gt_msgs/lib'
[2.640s] Level 1:colcon.colcon_core.shell:create_environment_hook('mocap4r2_robot_gt_msgs', 'ld_library_path_lib')
[2.640s] INFO:colcon.colcon_core.shell:Creating environment hook '/home/strain-drone/Documents/drone_position_hold/ros2_ws/install/mocap4r2_robot_gt_msgs/share/mocap4r2_robot_gt_msgs/hook/ld_library_path_lib.ps1'
[2.640s] INFO:colcon.colcon_core.shell:Creating environment descriptor '/home/strain-drone/Documents/drone_position_hold/ros2_ws/install/mocap4r2_robot_gt_msgs/share/mocap4r2_robot_gt_msgs/hook/ld_library_path_lib.dsv'
[2.641s] INFO:colcon.colcon_core.shell:Creating environment hook '/home/strain-drone/Documents/drone_position_hold/ros2_ws/install/mocap4r2_robot_gt_msgs/share/mocap4r2_robot_gt_msgs/hook/ld_library_path_lib.sh'
[2.641s] Level 1:colcon.colcon_core.environment:checking '/home/strain-drone/Documents/drone_position_hold/ros2_ws/install/mocap4r2_robot_gt_msgs/bin'
[2.641s] Level 1:colcon.colcon_core.environment:checking '/home/strain-drone/Documents/drone_position_hold/ros2_ws/install/mocap4r2_robot_gt_msgs/lib/pkgconfig/mocap4r2_robot_gt_msgs.pc'
[2.641s] Level 1:colcon.colcon_core.environment:checking '/home/strain-drone/Documents/drone_position_hold/ros2_ws/install/mocap4r2_robot_gt_msgs/lib/python3.12/site-packages'
[2.642s] Level 1:colcon.colcon_core.shell:create_environment_hook('mocap4r2_robot_gt_msgs', 'pythonpath')
[2.642s] INFO:colcon.colcon_core.shell:Creating environment hook '/home/strain-drone/Documents/drone_position_hold/ros2_ws/install/mocap4r2_robot_gt_msgs/share/mocap4r2_robot_gt_msgs/hook/pythonpath.ps1'
[2.656s] INFO:colcon.colcon_core.shell:Creating environment descriptor '/home/strain-drone/Documents/drone_position_hold/ros2_ws/install/mocap4r2_robot_gt_msgs/share/mocap4r2_robot_gt_msgs/hook/pythonpath.dsv'
[2.657s] INFO:colcon.colcon_core.shell:Creating environment hook '/home/strain-drone/Documents/drone_position_hold/ros2_ws/install/mocap4r2_robot_gt_msgs/share/mocap4r2_robot_gt_msgs/hook/pythonpath.sh'
[2.659s] Level 1:colcon.colcon_core.environment:checking '/home/strain-drone/Documents/drone_position_hold/ros2_ws/install/mocap4r2_robot_gt_msgs/bin'
[2.660s] INFO:colcon.colcon_core.shell:Creating package script '/home/strain-drone/Documents/drone_position_hold/ros2_ws/install/mocap4r2_robot_gt_msgs/share/mocap4r2_robot_gt_msgs/package.ps1'
[2.660s] INFO:colcon.colcon_core.shell:Creating package descriptor '/home/strain-drone/Documents/drone_position_hold/ros2_ws/install/mocap4r2_robot_gt_msgs/share/mocap4r2_robot_gt_msgs/package.dsv'
[2.662s] INFO:colcon.colcon_core.shell:Creating package script '/home/strain-drone/Documents/drone_position_hold/ros2_ws/install/mocap4r2_robot_gt_msgs/share/mocap4r2_robot_gt_msgs/package.sh'
[2.664s] INFO:colcon.colcon_core.shell:Creating package script '/home/strain-drone/Documents/drone_position_hold/ros2_ws/install/mocap4r2_robot_gt_msgs/share/mocap4r2_robot_gt_msgs/package.bash'
[2.665s] INFO:colcon.colcon_core.shell:Creating package script '/home/strain-drone/Documents/drone_position_hold/ros2_ws/install/mocap4r2_robot_gt_msgs/share/mocap4r2_robot_gt_msgs/package.zsh'
[2.669s] Level 1:colcon.colcon_core.environment:create_file_with_runtime_dependencies(/home/strain-drone/Documents/drone_position_hold/ros2_ws/install/mocap4r2_robot_gt_msgs/share/colcon-core/packages/mocap4r2_robot_gt_msgs)
[2.670s] Level 1:colcon.colcon_core.environment:create_environment_scripts_only(mocap4r2_marker_viz_srvs)
[2.671s] Level 1:colcon.colcon_core.environment:checking '/home/strain-drone/Documents/drone_position_hold/ros2_ws/install/mocap4r2_marker_viz_srvs' for CMake module files
[2.672s] DEBUG:colcon.colcon_core.event_handler.log_command:Invoked command in '/home/strain-drone/Documents/drone_position_hold/ros2_ws/build/mocap4r2_marker_viz_srvs' returned '0': CMAKE_PREFIX_PATH=${CMAKE_PREFIX_PATH}:/home/strain-drone/Documents/drone_position_hold/ros2_ws/install/visualizer:/home/strain-drone/Documents/drone_position_hold/ros2_ws/install/position_publisher:/home/strain-drone/Documents/drone_position_hold/ros2_ws/install/mocap4r2cli:/home/strain-drone/Documents/drone_position_hold/ros2_ws/install/mavros_config:/opt/ros/jazzy DEBUGINFOD_URLS=https://debuginfod.ubuntu.com PS1=(venv-ardupilot) \[\e]0;\u@\h: \w\a\]${debian_chroot:+($debian_chroot)}\[\033[01;32m\]\u@\h\[\033[00m\]:\[\033[01;34m\]\w\[\033[00m\]\$ VIRTUAL_ENV_PROMPT=(venv-ardupilot) /usr/bin/cmake --install /home/strain-drone/Documents/drone_position_hold/ros2_ws/build/mocap4r2_marker_viz_srvs
[2.672s] Level 1:colcon.colcon_core.environment:checking '/home/strain-drone/Documents/drone_position_hold/ros2_ws/install/mocap4r2_marker_viz_srvs' for CMake config files
[2.673s] Level 1:colcon.colcon_core.shell:create_environment_hook('mocap4r2_marker_viz_srvs', 'cmake_prefix_path')
[2.673s] INFO:colcon.colcon_core.shell:Creating environment hook '/home/strain-drone/Documents/drone_position_hold/ros2_ws/install/mocap4r2_marker_viz_srvs/share/mocap4r2_marker_viz_srvs/hook/cmake_prefix_path.ps1'
[2.674s] INFO:colcon.colcon_core.shell:Creating environment descriptor '/home/strain-drone/Documents/drone_position_hold/ros2_ws/install/mocap4r2_marker_viz_srvs/share/mocap4r2_marker_viz_srvs/hook/cmake_prefix_path.dsv'
[2.675s] INFO:colcon.colcon_core.shell:Creating environment hook '/home/strain-drone/Documents/drone_position_hold/ros2_ws/install/mocap4r2_marker_viz_srvs/share/mocap4r2_marker_viz_srvs/hook/cmake_prefix_path.sh'
[2.676s] Level 1:colcon.colcon_core.environment:checking '/home/strain-drone/Documents/drone_position_hold/ros2_ws/install/mocap4r2_marker_viz_srvs/lib'
[2.676s] Level 1:colcon.colcon_core.shell:create_environment_hook('mocap4r2_marker_viz_srvs', 'ld_library_path_lib')
[2.676s] INFO:colcon.colcon_core.shell:Creating environment hook '/home/strain-drone/Documents/drone_position_hold/ros2_ws/install/mocap4r2_marker_viz_srvs/share/mocap4r2_marker_viz_srvs/hook/ld_library_path_lib.ps1'
[2.677s] INFO:colcon.colcon_core.shell:Creating environment descriptor '/home/strain-drone/Documents/drone_position_hold/ros2_ws/install/mocap4r2_marker_viz_srvs/share/mocap4r2_marker_viz_srvs/hook/ld_library_path_lib.dsv'
[2.678s] INFO:colcon.colcon_core.shell:Creating environment hook '/home/strain-drone/Documents/drone_position_hold/ros2_ws/install/mocap4r2_marker_viz_srvs/share/mocap4r2_marker_viz_srvs/hook/ld_library_path_lib.sh'
[2.679s] Level 1:colcon.colcon_core.environment:checking '/home/strain-drone/Documents/drone_position_hold/ros2_ws/install/mocap4r2_marker_viz_srvs/bin'
[2.679s] Level 1:colcon.colcon_core.environment:checking '/home/strain-drone/Documents/drone_position_hold/ros2_ws/install/mocap4r2_marker_viz_srvs/lib/pkgconfig/mocap4r2_marker_viz_srvs.pc'
[2.679s] Level 1:colcon.colcon_core.environment:checking '/home/strain-drone/Documents/drone_position_hold/ros2_ws/install/mocap4r2_marker_viz_srvs/lib/python3.12/site-packages'
[2.679s] Level 1:colcon.colcon_core.shell:create_environment_hook('mocap4r2_marker_viz_srvs', 'pythonpath')
[2.680s] INFO:colcon.colcon_core.shell:Creating environment hook '/home/strain-drone/Documents/drone_position_hold/ros2_ws/install/mocap4r2_marker_viz_srvs/share/mocap4r2_marker_viz_srvs/hook/pythonpath.ps1'
[2.680s] INFO:colcon.colcon_core.shell:Creating environment descriptor '/home/strain-drone/Documents/drone_position_hold/ros2_ws/install/mocap4r2_marker_viz_srvs/share/mocap4r2_marker_viz_srvs/hook/pythonpath.dsv'
[2.681s] INFO:colcon.colcon_core.shell:Creating environment hook '/home/strain-drone/Documents/drone_position_hold/ros2_ws/install/mocap4r2_marker_viz_srvs/share/mocap4r2_marker_viz_srvs/hook/pythonpath.sh'
[2.683s] Level 1:colcon.colcon_core.environment:checking '/home/strain-drone/Documents/drone_position_hold/ros2_ws/install/mocap4r2_marker_viz_srvs/bin'
[2.683s] INFO:colcon.colcon_core.shell:Creating package script '/home/strain-drone/Documents/drone_position_hold/ros2_ws/install/mocap4r2_marker_viz_srvs/share/mocap4r2_marker_viz_srvs/package.ps1'
[2.684s] INFO:colcon.colcon_core.shell:Creating package descriptor '/home/strain-drone/Documents/drone_position_hold/ros2_ws/install/mocap4r2_marker_viz_srvs/share/mocap4r2_marker_viz_srvs/package.dsv'
[2.685s] INFO:colcon.colcon_core.shell:Creating package script '/home/strain-drone/Documents/drone_position_hold/ros2_ws/install/mocap4r2_marker_viz_srvs/share/mocap4r2_marker_viz_srvs/package.sh'
[2.687s] INFO:colcon.colcon_core.shell:Creating package script '/home/strain-drone/Documents/drone_position_hold/ros2_ws/install/mocap4r2_marker_viz_srvs/share/mocap4r2_marker_viz_srvs/package.bash'
[2.688s] INFO:colcon.colcon_core.shell:Creating package script '/home/strain-drone/Documents/drone_position_hold/ros2_ws/install/mocap4r2_marker_viz_srvs/share/mocap4r2_marker_viz_srvs/package.zsh'
[2.689s] Level 1:colcon.colcon_core.environment:create_file_with_runtime_dependencies(/home/strain-drone/Documents/drone_position_hold/ros2_ws/install/mocap4r2_marker_viz_srvs/share/colcon-core/packages/mocap4r2_marker_viz_srvs)
[2.691s] Level 1:colcon.colcon_core.environment:create_environment_scripts_only(mocap4r2_marker_viz_srvs)
[2.691s] Level 1:colcon.colcon_core.environment:checking '/home/strain-drone/Documents/drone_position_hold/ros2_ws/install/mocap4r2_marker_viz_srvs' for CMake module files
[2.692s] Level 1:colcon.colcon_core.environment:checking '/home/strain-drone/Documents/drone_position_hold/ros2_ws/install/mocap4r2_marker_viz_srvs' for CMake config files
[2.693s] Level 1:colcon.colcon_core.shell:create_environment_hook('mocap4r2_marker_viz_srvs', 'cmake_prefix_path')
[2.693s] INFO:colcon.colcon_core.shell:Creating environment hook '/home/strain-drone/Documents/drone_position_hold/ros2_ws/install/mocap4r2_marker_viz_srvs/share/mocap4r2_marker_viz_srvs/hook/cmake_prefix_path.ps1'
[2.694s] INFO:colcon.colcon_core.shell:Creating environment descriptor '/home/strain-drone/Documents/drone_position_hold/ros2_ws/install/mocap4r2_marker_viz_srvs/share/mocap4r2_marker_viz_srvs/hook/cmake_prefix_path.dsv'
[2.695s] INFO:colcon.colcon_core.shell:Creating environment hook '/home/strain-drone/Documents/drone_position_hold/ros2_ws/install/mocap4r2_marker_viz_srvs/share/mocap4r2_marker_viz_srvs/hook/cmake_prefix_path.sh'
[2.697s] Level 1:colcon.colcon_core.environment:checking '/home/strain-drone/Documents/drone_position_hold/ros2_ws/install/mocap4r2_marker_viz_srvs/lib'
[2.697s] Level 1:colcon.colcon_core.shell:create_environment_hook('mocap4r2_marker_viz_srvs', 'ld_library_path_lib')
[2.698s] INFO:colcon.colcon_core.shell:Creating environment hook '/home/strain-drone/Documents/drone_position_hold/ros2_ws/install/mocap4r2_marker_viz_srvs/share/mocap4r2_marker_viz_srvs/hook/ld_library_path_lib.ps1'
[2.699s] INFO:colcon.colcon_core.shell:Creating environment descriptor '/home/strain-drone/Documents/drone_position_hold/ros2_ws/install/mocap4r2_marker_viz_srvs/share/mocap4r2_marker_viz_srvs/hook/ld_library_path_lib.dsv'
[2.700s] INFO:colcon.colcon_core.shell:Creating environment hook '/home/strain-drone/Documents/drone_position_hold/ros2_ws/install/mocap4r2_marker_viz_srvs/share/mocap4r2_marker_viz_srvs/hook/ld_library_path_lib.sh'
[2.702s] Level 1:colcon.colcon_core.environment:checking '/home/strain-drone/Documents/drone_position_hold/ros2_ws/install/mocap4r2_marker_viz_srvs/bin'
[2.702s] Level 1:colcon.colcon_core.environment:checking '/home/strain-drone/Documents/drone_position_hold/ros2_ws/install/mocap4r2_marker_viz_srvs/lib/pkgconfig/mocap4r2_marker_viz_srvs.pc'
[2.702s] Level 1:colcon.colcon_core.environment:checking '/home/strain-drone/Documents/drone_position_hold/ros2_ws/install/mocap4r2_marker_viz_srvs/lib/python3.12/site-packages'
[2.702s] Level 1:colcon.colcon_core.shell:create_environment_hook('mocap4r2_marker_viz_srvs', 'pythonpath')
[2.703s] INFO:colcon.colcon_core.shell:Creating environment hook '/home/strain-drone/Documents/drone_position_hold/ros2_ws/install/mocap4r2_marker_viz_srvs/share/mocap4r2_marker_viz_srvs/hook/pythonpath.ps1'
[2.705s] INFO:colcon.colcon_core.shell:Creating environment descriptor '/home/strain-drone/Documents/drone_position_hold/ros2_ws/install/mocap4r2_marker_viz_srvs/share/mocap4r2_marker_viz_srvs/hook/pythonpath.dsv'
[2.706s] INFO:colcon.colcon_core.shell:Creating environment hook '/home/strain-drone/Documents/drone_position_hold/ros2_ws/install/mocap4r2_marker_viz_srvs/share/mocap4r2_marker_viz_srvs/hook/pythonpath.sh'
[2.707s] Level 1:colcon.colcon_core.environment:checking '/home/strain-drone/Documents/drone_position_hold/ros2_ws/install/mocap4r2_marker_viz_srvs/bin'
[2.708s] INFO:colcon.colcon_core.shell:Creating package script '/home/strain-drone/Documents/drone_position_hold/ros2_ws/install/mocap4r2_marker_viz_srvs/share/mocap4r2_marker_viz_srvs/package.ps1'
[2.708s] INFO:colcon.colcon_core.shell:Creating package descriptor '/home/strain-drone/Documents/drone_position_hold/ros2_ws/install/mocap4r2_marker_viz_srvs/share/mocap4r2_marker_viz_srvs/package.dsv'
[2.709s] INFO:colcon.colcon_core.shell:Creating package script '/home/strain-drone/Documents/drone_position_hold/ros2_ws/install/mocap4r2_marker_viz_srvs/share/mocap4r2_marker_viz_srvs/package.sh'
[2.710s] INFO:colcon.colcon_core.shell:Creating package script '/home/strain-drone/Documents/drone_position_hold/ros2_ws/install/mocap4r2_marker_viz_srvs/share/mocap4r2_marker_viz_srvs/package.bash'
[2.711s] INFO:colcon.colcon_core.shell:Creating package script '/home/strain-drone/Documents/drone_position_hold/ros2_ws/install/mocap4r2_marker_viz_srvs/share/mocap4r2_marker_viz_srvs/package.zsh'
[2.712s] Level 1:colcon.colcon_core.environment:create_file_with_runtime_dependencies(/home/strain-drone/Documents/drone_position_hold/ros2_ws/install/mocap4r2_marker_viz_srvs/share/colcon-core/packages/mocap4r2_marker_viz_srvs)
[2.713s] Level 1:colcon.colcon_core.environment:create_environment_scripts_only(mocap4r2_msgs)
[2.714s] Level 1:colcon.colcon_core.environment:checking '/home/strain-drone/Documents/drone_position_hold/ros2_ws/install/mocap4r2_msgs' for CMake module files
[2.715s] DEBUG:colcon.colcon_core.event_handler.log_command:Invoked command in '/home/strain-drone/Documents/drone_position_hold/ros2_ws/build/mocap4r2_msgs' returned '0': CMAKE_PREFIX_PATH=${CMAKE_PREFIX_PATH}:/home/strain-drone/Documents/drone_position_hold/ros2_ws/install/visualizer:/home/strain-drone/Documents/drone_position_hold/ros2_ws/install/position_publisher:/home/strain-drone/Documents/drone_position_hold/ros2_ws/install/mocap4r2cli:/home/strain-drone/Documents/drone_position_hold/ros2_ws/install/mavros_config:/opt/ros/jazzy DEBUGINFOD_URLS=https://debuginfod.ubuntu.com PS1=(venv-ardupilot) \[\e]0;\u@\h: \w\a\]${debian_chroot:+($debian_chroot)}\[\033[01;32m\]\u@\h\[\033[00m\]:\[\033[01;34m\]\w\[\033[00m\]\$ VIRTUAL_ENV_PROMPT=(venv-ardupilot) /usr/bin/cmake --install /home/strain-drone/Documents/drone_position_hold/ros2_ws/build/mocap4r2_msgs
[2.715s] Level 1:colcon.colcon_core.environment:checking '/home/strain-drone/Documents/drone_position_hold/ros2_ws/install/mocap4r2_msgs' for CMake config files
[2.716s] Level 1:colcon.colcon_core.shell:create_environment_hook('mocap4r2_msgs', 'cmake_prefix_path')
[2.716s] INFO:colcon.colcon_core.shell:Creating environment hook '/home/strain-drone/Documents/drone_position_hold/ros2_ws/install/mocap4r2_msgs/share/mocap4r2_msgs/hook/cmake_prefix_path.ps1'
[2.717s] INFO:colcon.colcon_core.shell:Creating environment descriptor '/home/strain-drone/Documents/drone_position_hold/ros2_ws/install/mocap4r2_msgs/share/mocap4r2_msgs/hook/cmake_prefix_path.dsv'
[2.718s] INFO:colcon.colcon_core.shell:Creating environment hook '/home/strain-drone/Documents/drone_position_hold/ros2_ws/install/mocap4r2_msgs/share/mocap4r2_msgs/hook/cmake_prefix_path.sh'
[2.720s] Level 1:colcon.colcon_core.environment:checking '/home/strain-drone/Documents/drone_position_hold/ros2_ws/install/mocap4r2_msgs/lib'
[2.720s] Level 1:colcon.colcon_core.shell:create_environment_hook('mocap4r2_msgs', 'ld_library_path_lib')
[2.720s] INFO:colcon.colcon_core.shell:Creating environment hook '/home/strain-drone/Documents/drone_position_hold/ros2_ws/install/mocap4r2_msgs/share/mocap4r2_msgs/hook/ld_library_path_lib.ps1'
[2.721s] INFO:colcon.colcon_core.shell:Creating environment descriptor '/home/strain-drone/Documents/drone_position_hold/ros2_ws/install/mocap4r2_msgs/share/mocap4r2_msgs/hook/ld_library_path_lib.dsv'
[2.722s] INFO:colcon.colcon_core.shell:Creating environment hook '/home/strain-drone/Documents/drone_position_hold/ros2_ws/install/mocap4r2_msgs/share/mocap4r2_msgs/hook/ld_library_path_lib.sh'
[2.723s] Level 1:colcon.colcon_core.environment:checking '/home/strain-drone/Documents/drone_position_hold/ros2_ws/install/mocap4r2_msgs/bin'
[2.723s] Level 1:colcon.colcon_core.environment:checking '/home/strain-drone/Documents/drone_position_hold/ros2_ws/install/mocap4r2_msgs/lib/pkgconfig/mocap4r2_msgs.pc'
[2.724s] Level 1:colcon.colcon_core.environment:checking '/home/strain-drone/Documents/drone_position_hold/ros2_ws/install/mocap4r2_msgs/lib/python3.12/site-packages'
[2.724s] Level 1:colcon.colcon_core.shell:create_environment_hook('mocap4r2_msgs', 'pythonpath')
[2.724s] INFO:colcon.colcon_core.shell:Creating environment hook '/home/strain-drone/Documents/drone_position_hold/ros2_ws/install/mocap4r2_msgs/share/mocap4r2_msgs/hook/pythonpath.ps1'
[2.725s] INFO:colcon.colcon_core.shell:Creating environment descriptor '/home/strain-drone/Documents/drone_position_hold/ros2_ws/install/mocap4r2_msgs/share/mocap4r2_msgs/hook/pythonpath.dsv'
[2.726s] INFO:colcon.colcon_core.shell:Creating environment hook '/home/strain-drone/Documents/drone_position_hold/ros2_ws/install/mocap4r2_msgs/share/mocap4r2_msgs/hook/pythonpath.sh'
[2.728s] Level 1:colcon.colcon_core.environment:checking '/home/strain-drone/Documents/drone_position_hold/ros2_ws/install/mocap4r2_msgs/bin'
[2.728s] INFO:colcon.colcon_core.shell:Creating package script '/home/strain-drone/Documents/drone_position_hold/ros2_ws/install/mocap4r2_msgs/share/mocap4r2_msgs/package.ps1'
[2.729s] INFO:colcon.colcon_core.shell:Creating package descriptor '/home/strain-drone/Documents/drone_position_hold/ros2_ws/install/mocap4r2_msgs/share/mocap4r2_msgs/package.dsv'
[2.731s] INFO:colcon.colcon_core.shell:Creating package script '/home/strain-drone/Documents/drone_position_hold/ros2_ws/install/mocap4r2_msgs/share/mocap4r2_msgs/package.sh'
[2.732s] INFO:colcon.colcon_core.shell:Creating package script '/home/strain-drone/Documents/drone_position_hold/ros2_ws/install/mocap4r2_msgs/share/mocap4r2_msgs/package.bash'
[2.734s] INFO:colcon.colcon_core.shell:Creating package script '/home/strain-drone/Documents/drone_position_hold/ros2_ws/install/mocap4r2_msgs/share/mocap4r2_msgs/package.zsh'
[2.736s] Level 1:colcon.colcon_core.environment:create_file_with_runtime_dependencies(/home/strain-drone/Documents/drone_position_hold/ros2_ws/install/mocap4r2_msgs/share/colcon-core/packages/mocap4r2_msgs)
[2.740s] Level 1:colcon.colcon_core.environment:create_environment_scripts_only(mocap4r2_msgs)
[2.740s] Level 1:colcon.colcon_core.environment:checking '/home/strain-drone/Documents/drone_position_hold/ros2_ws/install/mocap4r2_msgs' for CMake module files
[2.741s] Level 1:colcon.colcon_core.environment:checking '/home/strain-drone/Documents/drone_position_hold/ros2_ws/install/mocap4r2_msgs' for CMake config files
[2.742s] Level 1:colcon.colcon_core.shell:create_environment_hook('mocap4r2_msgs', 'cmake_prefix_path')
[2.742s] INFO:colcon.colcon_core.shell:Creating environment hook '/home/strain-drone/Documents/drone_position_hold/ros2_ws/install/mocap4r2_msgs/share/mocap4r2_msgs/hook/cmake_prefix_path.ps1'
[2.743s] INFO:colcon.colcon_core.shell:Creating environment descriptor '/home/strain-drone/Documents/drone_position_hold/ros2_ws/install/mocap4r2_msgs/share/mocap4r2_msgs/hook/cmake_prefix_path.dsv'
[2.744s] INFO:colcon.colcon_core.shell:Creating environment hook '/home/strain-drone/Documents/drone_position_hold/ros2_ws/install/mocap4r2_msgs/share/mocap4r2_msgs/hook/cmake_prefix_path.sh'
[2.745s] Level 1:colcon.colcon_core.environment:checking '/home/strain-drone/Documents/drone_position_hold/ros2_ws/install/mocap4r2_msgs/lib'
[2.745s] Level 1:colcon.colcon_core.shell:create_environment_hook('mocap4r2_msgs', 'ld_library_path_lib')
[2.745s] INFO:colcon.colcon_core.shell:Creating environment hook '/home/strain-drone/Documents/drone_position_hold/ros2_ws/install/mocap4r2_msgs/share/mocap4r2_msgs/hook/ld_library_path_lib.ps1'
[2.746s] INFO:colcon.colcon_core.shell:Creating environment descriptor '/home/strain-drone/Documents/drone_position_hold/ros2_ws/install/mocap4r2_msgs/share/mocap4r2_msgs/hook/ld_library_path_lib.dsv'
[2.747s] INFO:colcon.colcon_core.shell:Creating environment hook '/home/strain-drone/Documents/drone_position_hold/ros2_ws/install/mocap4r2_msgs/share/mocap4r2_msgs/hook/ld_library_path_lib.sh'
[2.747s] Level 1:colcon.colcon_core.environment:checking '/home/strain-drone/Documents/drone_position_hold/ros2_ws/install/mocap4r2_msgs/bin'
[2.747s] Level 1:colcon.colcon_core.environment:checking '/home/strain-drone/Documents/drone_position_hold/ros2_ws/install/mocap4r2_msgs/lib/pkgconfig/mocap4r2_msgs.pc'
[2.748s] Level 1:colcon.colcon_core.environment:checking '/home/strain-drone/Documents/drone_position_hold/ros2_ws/install/mocap4r2_msgs/lib/python3.12/site-packages'
[2.748s] Level 1:colcon.colcon_core.shell:create_environment_hook('mocap4r2_msgs', 'pythonpath')
[2.748s] INFO:colcon.colcon_core.shell:Creating environment hook '/home/strain-drone/Documents/drone_position_hold/ros2_ws/install/mocap4r2_msgs/share/mocap4r2_msgs/hook/pythonpath.ps1'
[2.749s] INFO:colcon.colcon_core.shell:Creating environment descriptor '/home/strain-drone/Documents/drone_position_hold/ros2_ws/install/mocap4r2_msgs/share/mocap4r2_msgs/hook/pythonpath.dsv'
[2.750s] INFO:colcon.colcon_core.shell:Creating environment hook '/home/strain-drone/Documents/drone_position_hold/ros2_ws/install/mocap4r2_msgs/share/mocap4r2_msgs/hook/pythonpath.sh'
[2.751s] Level 1:colcon.colcon_core.environment:checking '/home/strain-drone/Documents/drone_position_hold/ros2_ws/install/mocap4r2_msgs/bin'
[2.751s] INFO:colcon.colcon_core.shell:Creating package script '/home/strain-drone/Documents/drone_position_hold/ros2_ws/install/mocap4r2_msgs/share/mocap4r2_msgs/package.ps1'
[2.752s] INFO:colcon.colcon_core.shell:Creating package descriptor '/home/strain-drone/Documents/drone_position_hold/ros2_ws/install/mocap4r2_msgs/share/mocap4r2_msgs/package.dsv'
[2.753s] INFO:colcon.colcon_core.shell:Creating package script '/home/strain-drone/Documents/drone_position_hold/ros2_ws/install/mocap4r2_msgs/share/mocap4r2_msgs/package.sh'
[2.755s] INFO:colcon.colcon_core.shell:Creating package script '/home/strain-drone/Documents/drone_position_hold/ros2_ws/install/mocap4r2_msgs/share/mocap4r2_msgs/package.bash'
[2.756s] INFO:colcon.colcon_core.shell:Creating package script '/home/strain-drone/Documents/drone_position_hold/ros2_ws/install/mocap4r2_msgs/share/mocap4r2_msgs/package.zsh'
[2.757s] Level 1:colcon.colcon_core.environment:create_file_with_runtime_dependencies(/home/strain-drone/Documents/drone_position_hold/ros2_ws/install/mocap4r2_msgs/share/colcon-core/packages/mocap4r2_msgs)
[2.758s] INFO:colcon.colcon_ros.task.ament_python.build:Building ROS package in '/home/strain-drone/Documents/drone_position_hold/ros2_ws/src/mavros_config' with build type 'ament_python'
[2.759s] Level 1:colcon.colcon_core.shell:create_environment_hook('mavros_config', 'ament_prefix_path')
[2.759s] INFO:colcon.colcon_core.shell:Creating environment hook '/home/strain-drone/Documents/drone_position_hold/ros2_ws/install/mavros_config/share/mavros_config/hook/ament_prefix_path.ps1'
[2.760s] INFO:colcon.colcon_core.shell:Creating environment descriptor '/home/strain-drone/Documents/drone_position_hold/ros2_ws/install/mavros_config/share/mavros_config/hook/ament_prefix_path.dsv'
[2.760s] INFO:colcon.colcon_core.shell:Creating environment hook '/home/strain-drone/Documents/drone_position_hold/ros2_ws/install/mavros_config/share/mavros_config/hook/ament_prefix_path.sh'
[2.761s] INFO:colcon.colcon_core.shell:Skip shell extension 'powershell' for command environment: Not usable outside of PowerShell
[2.761s] DEBUG:colcon.colcon_core.shell:Skip shell extension 'dsv' for command environment
[2.767s] INFO:colcon.colcon_ros.task.ament_cmake.build:Building ROS package in '/home/strain-drone/Documents/drone_position_hold/ros2_ws/src/natnet_ros2' with build type 'ament_cmake'
[2.767s] INFO:colcon.colcon_cmake.task.cmake.build:Building CMake package in '/home/strain-drone/Documents/drone_position_hold/ros2_ws/src/natnet_ros2'
[2.768s] INFO:colcon.colcon_core.shell:Skip shell extension 'powershell' for command environment: Not usable outside of PowerShell
[2.768s] DEBUG:colcon.colcon_core.shell:Skip shell extension 'dsv' for command environment
[2.776s] INFO:colcon.colcon_ros.task.ament_python.build:Building ROS package in '/home/strain-drone/Documents/drone_position_hold/ros2_ws/src/position_publisher' with build type 'ament_python'
[2.776s] Level 1:colcon.colcon_core.shell:create_environment_hook('position_publisher', 'ament_prefix_path')
[2.776s] INFO:colcon.colcon_core.shell:Creating environment hook '/home/strain-drone/Documents/drone_position_hold/ros2_ws/install/position_publisher/share/position_publisher/hook/ament_prefix_path.ps1'
[2.778s] INFO:colcon.colcon_core.shell:Creating environment descriptor '/home/strain-drone/Documents/drone_position_hold/ros2_ws/install/position_publisher/share/position_publisher/hook/ament_prefix_path.dsv'
[2.779s] INFO:colcon.colcon_core.shell:Creating environment hook '/home/strain-drone/Documents/drone_position_hold/ros2_ws/install/position_publisher/share/position_publisher/hook/ament_prefix_path.sh'
[2.783s] INFO:colcon.colcon_core.shell:Skip shell extension 'powershell' for command environment: Not usable outside of PowerShell
[2.783s] DEBUG:colcon.colcon_core.shell:Skip shell extension 'dsv' for command environment
[2.796s] DEBUG:colcon.colcon_core.event_handler.log_command:Invoking command in '/home/strain-drone/Documents/drone_position_hold/ros2_ws/build/mocap4r2_control': CMAKE_PREFIX_PATH=/home/strain-drone/Documents/drone_position_hold/ros2_ws/install/mocap4r2_control_msgs:/home/strain-drone/Documents/drone_position_hold/ros2_ws/install/rqt_mocap4r2_control:/home/strain-drone/Documents/drone_position_hold/ros2_ws/install/natnet_ros2:/home/strain-drone/Documents/drone_position_hold/ros2_ws/install/mocap4r2_vicon_driver:/home/strain-drone/Documents/drone_position_hold/ros2_ws/install/mocap4r2_robot_gt:/home/strain-drone/Documents/drone_position_hold/ros2_ws/install/mocap4r2_robot_gt_msgs:/home/strain-drone/Documents/drone_position_hold/ros2_ws/install/mocap4r2_marker_viz:/home/strain-drone/Documents/drone_position_hold/ros2_ws/install/mocap4r2_marker_publisher:/home/strain-drone/Documents/drone_position_hold/ros2_ws/install/mocap4r2_dummy_driver:/home/strain-drone/Documents/drone_position_hold/ros2_ws/install/mocap4r2_msgs:/home/strain-drone/Documents/drone_position_hold/ros2_ws/install/mocap4r2_marker_viz_srvs:/home/strain-drone/Documents/drone_position_hold/ros2_ws/install/mocap4r2_control:/opt/ros/jazzy/opt/gz_math_vendor:/opt/ros/jazzy/opt/gz_utils_vendor:/opt/ros/jazzy/opt/gz_cmake_vendor:/home/strain-drone/Documents/drone_position_hold/ros2_ws/install/visualizer:/home/strain-drone/Documents/drone_position_hold/ros2_ws/install/position_publisher:/home/strain-drone/Documents/drone_position_hold/ros2_ws/install/mocap4r2cli:/home/strain-drone/Documents/drone_position_hold/ros2_ws/install/mavros_config:/opt/ros/jazzy DEBUGINFOD_URLS=https://debuginfod.ubuntu.com LD_LIBRARY_PATH=/home/strain-drone/Documents/drone_position_hold/ros2_ws/install/mocap4r2_control_msgs/lib:/home/strain-drone/Documents/drone_position_hold/ros2_ws/install/rqt_mocap4r2_control/lib:/home/strain-drone/Documents/drone_position_hold/ros2_ws/install/natnet_ros2/lib:/home/strain-drone/Documents/drone_position_hold/ros2_ws/install/mocap4r2_vicon_driver/lib:/home/strain-drone/Documents/drone_position_hold/ros2_ws/install/mocap4r2_robot_gt/lib:/home/strain-drone/Documents/drone_position_hold/ros2_ws/install/mocap4r2_robot_gt_msgs/lib:/home/strain-drone/Documents/drone_position_hold/ros2_ws/install/mocap4r2_msgs/lib:/home/strain-drone/Documents/drone_position_hold/ros2_ws/install/mocap4r2_marker_viz_srvs/lib:/home/strain-drone/Documents/drone_position_hold/ros2_ws/install/mocap4r2_control/lib:/opt/ros/jazzy/opt/rviz_ogre_vendor/lib:/opt/ros/jazzy/lib/aarch64-linux-gnu:/opt/ros/jazzy/opt/gz_math_vendor/lib:/opt/ros/jazzy/opt/gz_utils_vendor/lib:/opt/ros/jazzy/opt/gz_cmake_vendor/lib:/opt/ros/jazzy/lib:/home/strain-drone/Documents/drone_position_hold/ros2_ws/src/natnet_ros2/deps/NatNetSDK/lib PS1=(venv-ardupilot) \[\e]0;\u@\h: \w\a\]${debian_chroot:+($debian_chroot)}\[\033[01;32m\]\u@\h\[\033[00m\]:\[\033[01;34m\]\w\[\033[00m\]\$ PYTHONPATH=/home/strain-drone/Documents/drone_position_hold/ros2_ws/install/mocap4r2_control_msgs/lib/python3.12/site-packages:/home/strain-drone/Documents/drone_position_hold/ros2_ws/install/visualizer/lib/python3.12/site-packages:/home/strain-drone/Documents/drone_position_hold/ros2_ws/install/position_publisher/lib/python3.12/site-packages:/home/strain-drone/Documents/drone_position_hold/ros2_ws/install/natnet_ros2/lib/python3.12/site-packages:/home/strain-drone/Documents/drone_position_hold/ros2_ws/install/mocap4r2cli/lib/python3.12/site-packages:/home/strain-drone/Documents/drone_position_hold/ros2_ws/install/mocap4r2_robot_gt_msgs/lib/python3.12/site-packages:/home/strain-drone/Documents/drone_position_hold/ros2_ws/install/mocap4r2_msgs/lib/python3.12/site-packages:/home/strain-drone/Documents/drone_position_hold/ros2_ws/install/mocap4r2_marker_viz_srvs/lib/python3.12/site-packages:/home/strain-drone/Documents/drone_position_hold/ros2_ws/install/mavros_config/lib/python3.12/site-packages:/opt/ros/jazzy/lib/python3.12/site-packages VIRTUAL_ENV_PROMPT=(venv-ardupilot) /usr/bin/cmake --build /home/strain-drone/Documents/drone_position_hold/ros2_ws/build/mocap4r2_control -- -j4 -l4
[3.177s] INFO:colcon.colcon_core.task.python.build:Building Python package in '/home/strain-drone/Documents/drone_position_hold/ros2_ws/src/mavros_config'
[3.177s] INFO:colcon.colcon_core.shell:Skip shell extension 'powershell' for command environment: Not usable outside of PowerShell
[3.177s] DEBUG:colcon.colcon_core.shell:Skip shell extension 'dsv' for command environment
[3.187s] DEBUG:colcon.colcon_core.event_handler.log_command:Invoking command in '/home/strain-drone/Documents/drone_position_hold/ros2_ws/build/natnet_ros2': CMAKE_PREFIX_PATH=${CMAKE_PREFIX_PATH}:/home/strain-drone/Documents/drone_position_hold/ros2_ws/install/visualizer:/home/strain-drone/Documents/drone_position_hold/ros2_ws/install/position_publisher:/home/strain-drone/Documents/drone_position_hold/ros2_ws/install/mocap4r2cli:/home/strain-drone/Documents/drone_position_hold/ros2_ws/install/mavros_config:/opt/ros/jazzy DEBUGINFOD_URLS=https://debuginfod.ubuntu.com PS1=(venv-ardupilot) \[\e]0;\u@\h: \w\a\]${debian_chroot:+($debian_chroot)}\[\033[01;32m\]\u@\h\[\033[00m\]:\[\033[01;34m\]\w\[\033[00m\]\$ VIRTUAL_ENV_PROMPT=(venv-ardupilot) /usr/bin/cmake --build /home/strain-drone/Documents/drone_position_hold/ros2_ws/build/natnet_ros2 -- -j4 -l4
[3.669s] INFO:colcon.colcon_core.task.python.build:Building Python package in '/home/strain-drone/Documents/drone_position_hold/ros2_ws/src/position_publisher'
[3.670s] INFO:colcon.colcon_core.shell:Skip shell extension 'powershell' for command environment: Not usable outside of PowerShell
[3.671s] DEBUG:colcon.colcon_core.shell:Skip shell extension 'dsv' for command environment
[3.697s] DEBUG:colcon.colcon_core.event_handler.log_command:Invoked command in '/home/strain-drone/Documents/drone_position_hold/ros2_ws/build/mocap4r2_control' returned '0': CMAKE_PREFIX_PATH=/home/strain-drone/Documents/drone_position_hold/ros2_ws/install/mocap4r2_control_msgs:/home/strain-drone/Documents/drone_position_hold/ros2_ws/install/rqt_mocap4r2_control:/home/strain-drone/Documents/drone_position_hold/ros2_ws/install/natnet_ros2:/home/strain-drone/Documents/drone_position_hold/ros2_ws/install/mocap4r2_vicon_driver:/home/strain-drone/Documents/drone_position_hold/ros2_ws/install/mocap4r2_robot_gt:/home/strain-drone/Documents/drone_position_hold/ros2_ws/install/mocap4r2_robot_gt_msgs:/home/strain-drone/Documents/drone_position_hold/ros2_ws/install/mocap4r2_marker_viz:/home/strain-drone/Documents/drone_position_hold/ros2_ws/install/mocap4r2_marker_publisher:/home/strain-drone/Documents/drone_position_hold/ros2_ws/install/mocap4r2_dummy_driver:/home/strain-drone/Documents/drone_position_hold/ros2_ws/install/mocap4r2_msgs:/home/strain-drone/Documents/drone_position_hold/ros2_ws/install/mocap4r2_marker_viz_srvs:/home/strain-drone/Documents/drone_position_hold/ros2_ws/install/mocap4r2_control:/opt/ros/jazzy/opt/gz_math_vendor:/opt/ros/jazzy/opt/gz_utils_vendor:/opt/ros/jazzy/opt/gz_cmake_vendor:/home/strain-drone/Documents/drone_position_hold/ros2_ws/install/visualizer:/home/strain-drone/Documents/drone_position_hold/ros2_ws/install/position_publisher:/home/strain-drone/Documents/drone_position_hold/ros2_ws/install/mocap4r2cli:/home/strain-drone/Documents/drone_position_hold/ros2_ws/install/mavros_config:/opt/ros/jazzy DEBUGINFOD_URLS=https://debuginfod.ubuntu.com LD_LIBRARY_PATH=/home/strain-drone/Documents/drone_position_hold/ros2_ws/install/mocap4r2_control_msgs/lib:/home/strain-drone/Documents/drone_position_hold/ros2_ws/install/rqt_mocap4r2_control/lib:/home/strain-drone/Documents/drone_position_hold/ros2_ws/install/natnet_ros2/lib:/home/strain-drone/Documents/drone_position_hold/ros2_ws/install/mocap4r2_vicon_driver/lib:/home/strain-drone/Documents/drone_position_hold/ros2_ws/install/mocap4r2_robot_gt/lib:/home/strain-drone/Documents/drone_position_hold/ros2_ws/install/mocap4r2_robot_gt_msgs/lib:/home/strain-drone/Documents/drone_position_hold/ros2_ws/install/mocap4r2_msgs/lib:/home/strain-drone/Documents/drone_position_hold/ros2_ws/install/mocap4r2_marker_viz_srvs/lib:/home/strain-drone/Documents/drone_position_hold/ros2_ws/install/mocap4r2_control/lib:/opt/ros/jazzy/opt/rviz_ogre_vendor/lib:/opt/ros/jazzy/lib/aarch64-linux-gnu:/opt/ros/jazzy/opt/gz_math_vendor/lib:/opt/ros/jazzy/opt/gz_utils_vendor/lib:/opt/ros/jazzy/opt/gz_cmake_vendor/lib:/opt/ros/jazzy/lib:/home/strain-drone/Documents/drone_position_hold/ros2_ws/src/natnet_ros2/deps/NatNetSDK/lib PS1=(venv-ardupilot) \[\e]0;\u@\h: \w\a\]${debian_chroot:+($debian_chroot)}\[\033[01;32m\]\u@\h\[\033[00m\]:\[\033[01;34m\]\w\[\033[00m\]\$ PYTHONPATH=/home/strain-drone/Documents/drone_position_hold/ros2_ws/install/mocap4r2_control_msgs/lib/python3.12/site-packages:/home/strain-drone/Documents/drone_position_hold/ros2_ws/install/visualizer/lib/python3.12/site-packages:/home/strain-drone/Documents/drone_position_hold/ros2_ws/install/position_publisher/lib/python3.12/site-packages:/home/strain-drone/Documents/drone_position_hold/ros2_ws/install/natnet_ros2/lib/python3.12/site-packages:/home/strain-drone/Documents/drone_position_hold/ros2_ws/install/mocap4r2cli/lib/python3.12/site-packages:/home/strain-drone/Documents/drone_position_hold/ros2_ws/install/mocap4r2_robot_gt_msgs/lib/python3.12/site-packages:/home/strain-drone/Documents/drone_position_hold/ros2_ws/install/mocap4r2_msgs/lib/python3.12/site-packages:/home/strain-drone/Documents/drone_position_hold/ros2_ws/install/mocap4r2_marker_viz_srvs/lib/python3.12/site-packages:/home/strain-drone/Documents/drone_position_hold/ros2_ws/install/mavros_config/lib/python3.12/site-packages:/opt/ros/jazzy/lib/python3.12/site-packages VIRTUAL_ENV_PROMPT=(venv-ardupilot) /usr/bin/cmake --build /home/strain-drone/Documents/drone_position_hold/ros2_ws/build/mocap4r2_control -- -j4 -l4
[3.697s] DEBUG:colcon.colcon_core.event_handler.log_command:Invoking command in '/home/strain-drone/Documents/drone_position_hold/ros2_ws/build/mocap4r2_control': CMAKE_PREFIX_PATH=/home/strain-drone/Documents/drone_position_hold/ros2_ws/install/mocap4r2_control_msgs:/home/strain-drone/Documents/drone_position_hold/ros2_ws/install/rqt_mocap4r2_control:/home/strain-drone/Documents/drone_position_hold/ros2_ws/install/natnet_ros2:/home/strain-drone/Documents/drone_position_hold/ros2_ws/install/mocap4r2_vicon_driver:/home/strain-drone/Documents/drone_position_hold/ros2_ws/install/mocap4r2_robot_gt:/home/strain-drone/Documents/drone_position_hold/ros2_ws/install/mocap4r2_robot_gt_msgs:/home/strain-drone/Documents/drone_position_hold/ros2_ws/install/mocap4r2_marker_viz:/home/strain-drone/Documents/drone_position_hold/ros2_ws/install/mocap4r2_marker_publisher:/home/strain-drone/Documents/drone_position_hold/ros2_ws/install/mocap4r2_dummy_driver:/home/strain-drone/Documents/drone_position_hold/ros2_ws/install/mocap4r2_msgs:/home/strain-drone/Documents/drone_position_hold/ros2_ws/install/mocap4r2_marker_viz_srvs:/home/strain-drone/Documents/drone_position_hold/ros2_ws/install/mocap4r2_control:/opt/ros/jazzy/opt/gz_math_vendor:/opt/ros/jazzy/opt/gz_utils_vendor:/opt/ros/jazzy/opt/gz_cmake_vendor:/home/strain-drone/Documents/drone_position_hold/ros2_ws/install/visualizer:/home/strain-drone/Documents/drone_position_hold/ros2_ws/install/position_publisher:/home/strain-drone/Documents/drone_position_hold/ros2_ws/install/mocap4r2cli:/home/strain-drone/Documents/drone_position_hold/ros2_ws/install/mavros_config:/opt/ros/jazzy DEBUGINFOD_URLS=https://debuginfod.ubuntu.com LD_LIBRARY_PATH=/home/strain-drone/Documents/drone_position_hold/ros2_ws/install/mocap4r2_control_msgs/lib:/home/strain-drone/Documents/drone_position_hold/ros2_ws/install/rqt_mocap4r2_control/lib:/home/strain-drone/Documents/drone_position_hold/ros2_ws/install/natnet_ros2/lib:/home/strain-drone/Documents/drone_position_hold/ros2_ws/install/mocap4r2_vicon_driver/lib:/home/strain-drone/Documents/drone_position_hold/ros2_ws/install/mocap4r2_robot_gt/lib:/home/strain-drone/Documents/drone_position_hold/ros2_ws/install/mocap4r2_robot_gt_msgs/lib:/home/strain-drone/Documents/drone_position_hold/ros2_ws/install/mocap4r2_msgs/lib:/home/strain-drone/Documents/drone_position_hold/ros2_ws/install/mocap4r2_marker_viz_srvs/lib:/home/strain-drone/Documents/drone_position_hold/ros2_ws/install/mocap4r2_control/lib:/opt/ros/jazzy/opt/rviz_ogre_vendor/lib:/opt/ros/jazzy/lib/aarch64-linux-gnu:/opt/ros/jazzy/opt/gz_math_vendor/lib:/opt/ros/jazzy/opt/gz_utils_vendor/lib:/opt/ros/jazzy/opt/gz_cmake_vendor/lib:/opt/ros/jazzy/lib:/home/strain-drone/Documents/drone_position_hold/ros2_ws/src/natnet_ros2/deps/NatNetSDK/lib PS1=(venv-ardupilot) \[\e]0;\u@\h: \w\a\]${debian_chroot:+($debian_chroot)}\[\033[01;32m\]\u@\h\[\033[00m\]:\[\033[01;34m\]\w\[\033[00m\]\$ PYTHONPATH=/home/strain-drone/Documents/drone_position_hold/ros2_ws/install/mocap4r2_control_msgs/lib/python3.12/site-packages:/home/strain-drone/Documents/drone_position_hold/ros2_ws/install/visualizer/lib/python3.12/site-packages:/home/strain-drone/Documents/drone_position_hold/ros2_ws/install/position_publisher/lib/python3.12/site-packages:/home/strain-drone/Documents/drone_position_hold/ros2_ws/install/natnet_ros2/lib/python3.12/site-packages:/home/strain-drone/Documents/drone_position_hold/ros2_ws/install/mocap4r2cli/lib/python3.12/site-packages:/home/strain-drone/Documents/drone_position_hold/ros2_ws/install/mocap4r2_robot_gt_msgs/lib/python3.12/site-packages:/home/strain-drone/Documents/drone_position_hold/ros2_ws/install/mocap4r2_msgs/lib/python3.12/site-packages:/home/strain-drone/Documents/drone_position_hold/ros2_ws/install/mocap4r2_marker_viz_srvs/lib/python3.12/site-packages:/home/strain-drone/Documents/drone_position_hold/ros2_ws/install/mavros_config/lib/python3.12/site-packages:/opt/ros/jazzy/lib/python3.12/site-packages VIRTUAL_ENV_PROMPT=(venv-ardupilot) /usr/bin/cmake --install /home/strain-drone/Documents/drone_position_hold/ros2_ws/build/mocap4r2_control
[3.765s] Level 1:colcon.colcon_core.environment:create_environment_scripts_only(mocap4r2_control)
[3.766s] Level 1:colcon.colcon_core.environment:checking '/home/strain-drone/Documents/drone_position_hold/ros2_ws/install/mocap4r2_control' for CMake module files
[3.767s] Level 1:colcon.colcon_core.environment:checking '/home/strain-drone/Documents/drone_position_hold/ros2_ws/install/mocap4r2_control' for CMake config files
[3.767s] Level 1:colcon.colcon_core.shell:create_environment_hook('mocap4r2_control', 'cmake_prefix_path')
[3.768s] INFO:colcon.colcon_core.shell:Creating environment hook '/home/strain-drone/Documents/drone_position_hold/ros2_ws/install/mocap4r2_control/share/mocap4r2_control/hook/cmake_prefix_path.ps1'
[3.772s] INFO:colcon.colcon_core.shell:Creating environment descriptor '/home/strain-drone/Documents/drone_position_hold/ros2_ws/install/mocap4r2_control/share/mocap4r2_control/hook/cmake_prefix_path.dsv'
[3.773s] DEBUG:colcon.colcon_core.event_handler.log_command:Invoked command in '/home/strain-drone/Documents/drone_position_hold/ros2_ws/build/mocap4r2_control' returned '0': CMAKE_PREFIX_PATH=/home/strain-drone/Documents/drone_position_hold/ros2_ws/install/mocap4r2_control_msgs:/home/strain-drone/Documents/drone_position_hold/ros2_ws/install/rqt_mocap4r2_control:/home/strain-drone/Documents/drone_position_hold/ros2_ws/install/natnet_ros2:/home/strain-drone/Documents/drone_position_hold/ros2_ws/install/mocap4r2_vicon_driver:/home/strain-drone/Documents/drone_position_hold/ros2_ws/install/mocap4r2_robot_gt:/home/strain-drone/Documents/drone_position_hold/ros2_ws/install/mocap4r2_robot_gt_msgs:/home/strain-drone/Documents/drone_position_hold/ros2_ws/install/mocap4r2_marker_viz:/home/strain-drone/Documents/drone_position_hold/ros2_ws/install/mocap4r2_marker_publisher:/home/strain-drone/Documents/drone_position_hold/ros2_ws/install/mocap4r2_dummy_driver:/home/strain-drone/Documents/drone_position_hold/ros2_ws/install/mocap4r2_msgs:/home/strain-drone/Documents/drone_position_hold/ros2_ws/install/mocap4r2_marker_viz_srvs:/home/strain-drone/Documents/drone_position_hold/ros2_ws/install/mocap4r2_control:/opt/ros/jazzy/opt/gz_math_vendor:/opt/ros/jazzy/opt/gz_utils_vendor:/opt/ros/jazzy/opt/gz_cmake_vendor:/home/strain-drone/Documents/drone_position_hold/ros2_ws/install/visualizer:/home/strain-drone/Documents/drone_position_hold/ros2_ws/install/position_publisher:/home/strain-drone/Documents/drone_position_hold/ros2_ws/install/mocap4r2cli:/home/strain-drone/Documents/drone_position_hold/ros2_ws/install/mavros_config:/opt/ros/jazzy DEBUGINFOD_URLS=https://debuginfod.ubuntu.com LD_LIBRARY_PATH=/home/strain-drone/Documents/drone_position_hold/ros2_ws/install/mocap4r2_control_msgs/lib:/home/strain-drone/Documents/drone_position_hold/ros2_ws/install/rqt_mocap4r2_control/lib:/home/strain-drone/Documents/drone_position_hold/ros2_ws/install/natnet_ros2/lib:/home/strain-drone/Documents/drone_position_hold/ros2_ws/install/mocap4r2_vicon_driver/lib:/home/strain-drone/Documents/drone_position_hold/ros2_ws/install/mocap4r2_robot_gt/lib:/home/strain-drone/Documents/drone_position_hold/ros2_ws/install/mocap4r2_robot_gt_msgs/lib:/home/strain-drone/Documents/drone_position_hold/ros2_ws/install/mocap4r2_msgs/lib:/home/strain-drone/Documents/drone_position_hold/ros2_ws/install/mocap4r2_marker_viz_srvs/lib:/home/strain-drone/Documents/drone_position_hold/ros2_ws/install/mocap4r2_control/lib:/opt/ros/jazzy/opt/rviz_ogre_vendor/lib:/opt/ros/jazzy/lib/aarch64-linux-gnu:/opt/ros/jazzy/opt/gz_math_vendor/lib:/opt/ros/jazzy/opt/gz_utils_vendor/lib:/opt/ros/jazzy/opt/gz_cmake_vendor/lib:/opt/ros/jazzy/lib:/home/strain-drone/Documents/drone_position_hold/ros2_ws/src/natnet_ros2/deps/NatNetSDK/lib PS1=(venv-ardupilot) \[\e]0;\u@\h: \w\a\]${debian_chroot:+($debian_chroot)}\[\033[01;32m\]\u@\h\[\033[00m\]:\[\033[01;34m\]\w\[\033[00m\]\$ PYTHONPATH=/home/strain-drone/Documents/drone_position_hold/ros2_ws/install/mocap4r2_control_msgs/lib/python3.12/site-packages:/home/strain-drone/Documents/drone_position_hold/ros2_ws/install/visualizer/lib/python3.12/site-packages:/home/strain-drone/Documents/drone_position_hold/ros2_ws/install/position_publisher/lib/python3.12/site-packages:/home/strain-drone/Documents/drone_position_hold/ros2_ws/install/natnet_ros2/lib/python3.12/site-packages:/home/strain-drone/Documents/drone_position_hold/ros2_ws/install/mocap4r2cli/lib/python3.12/site-packages:/home/strain-drone/Documents/drone_position_hold/ros2_ws/install/mocap4r2_robot_gt_msgs/lib/python3.12/site-packages:/home/strain-drone/Documents/drone_position_hold/ros2_ws/install/mocap4r2_msgs/lib/python3.12/site-packages:/home/strain-drone/Documents/drone_position_hold/ros2_ws/install/mocap4r2_marker_viz_srvs/lib/python3.12/site-packages:/home/strain-drone/Documents/drone_position_hold/ros2_ws/install/mavros_config/lib/python3.12/site-packages:/opt/ros/jazzy/lib/python3.12/site-packages VIRTUAL_ENV_PROMPT=(venv-ardupilot) /usr/bin/cmake --install /home/strain-drone/Documents/drone_position_hold/ros2_ws/build/mocap4r2_control
[3.774s] INFO:colcon.colcon_core.shell:Creating environment hook '/home/strain-drone/Documents/drone_position_hold/ros2_ws/install/mocap4r2_control/share/mocap4r2_control/hook/cmake_prefix_path.sh'
[3.777s] Level 1:colcon.colcon_core.environment:checking '/home/strain-drone/Documents/drone_position_hold/ros2_ws/install/mocap4r2_control/lib'
[3.777s] Level 1:colcon.colcon_core.shell:create_environment_hook('mocap4r2_control', 'ld_library_path_lib')
[3.779s] INFO:colcon.colcon_core.shell:Creating environment hook '/home/strain-drone/Documents/drone_position_hold/ros2_ws/install/mocap4r2_control/share/mocap4r2_control/hook/ld_library_path_lib.ps1'
[3.781s] INFO:colcon.colcon_core.shell:Creating environment descriptor '/home/strain-drone/Documents/drone_position_hold/ros2_ws/install/mocap4r2_control/share/mocap4r2_control/hook/ld_library_path_lib.dsv'
[3.786s] INFO:colcon.colcon_core.shell:Creating environment hook '/home/strain-drone/Documents/drone_position_hold/ros2_ws/install/mocap4r2_control/share/mocap4r2_control/hook/ld_library_path_lib.sh'
[3.789s] Level 1:colcon.colcon_core.environment:checking '/home/strain-drone/Documents/drone_position_hold/ros2_ws/install/mocap4r2_control/bin'
[3.789s] Level 1:colcon.colcon_core.environment:checking '/home/strain-drone/Documents/drone_position_hold/ros2_ws/install/mocap4r2_control/lib/pkgconfig/mocap4r2_control.pc'
[3.794s] Level 1:colcon.colcon_core.environment:checking '/home/strain-drone/Documents/drone_position_hold/ros2_ws/install/mocap4r2_control/lib/python3.12/site-packages'
[3.795s] Level 1:colcon.colcon_core.environment:checking '/home/strain-drone/Documents/drone_position_hold/ros2_ws/install/mocap4r2_control/bin'
[3.798s] INFO:colcon.colcon_core.shell:Creating package script '/home/strain-drone/Documents/drone_position_hold/ros2_ws/install/mocap4r2_control/share/mocap4r2_control/package.ps1'
[3.800s] INFO:colcon.colcon_core.shell:Creating package descriptor '/home/strain-drone/Documents/drone_position_hold/ros2_ws/install/mocap4r2_control/share/mocap4r2_control/package.dsv'
[3.805s] INFO:colcon.colcon_core.shell:Creating package script '/home/strain-drone/Documents/drone_position_hold/ros2_ws/install/mocap4r2_control/share/mocap4r2_control/package.sh'
[3.807s] INFO:colcon.colcon_core.shell:Creating package script '/home/strain-drone/Documents/drone_position_hold/ros2_ws/install/mocap4r2_control/share/mocap4r2_control/package.bash'
[3.814s] INFO:colcon.colcon_core.shell:Creating package script '/home/strain-drone/Documents/drone_position_hold/ros2_ws/install/mocap4r2_control/share/mocap4r2_control/package.zsh'
[3.816s] Level 1:colcon.colcon_core.environment:create_file_with_runtime_dependencies(/home/strain-drone/Documents/drone_position_hold/ros2_ws/install/mocap4r2_control/share/colcon-core/packages/mocap4r2_control)
[3.824s] Level 1:colcon.colcon_core.environment:create_environment_scripts_only(mocap4r2_control)
[3.824s] Level 1:colcon.colcon_core.environment:checking '/home/strain-drone/Documents/drone_position_hold/ros2_ws/install/mocap4r2_control' for CMake module files
[3.825s] Level 1:colcon.colcon_core.environment:checking '/home/strain-drone/Documents/drone_position_hold/ros2_ws/install/mocap4r2_control' for CMake config files
[3.826s] Level 1:colcon.colcon_core.shell:create_environment_hook('mocap4r2_control', 'cmake_prefix_path')
[3.828s] INFO:colcon.colcon_core.shell:Creating environment hook '/home/strain-drone/Documents/drone_position_hold/ros2_ws/install/mocap4r2_control/share/mocap4r2_control/hook/cmake_prefix_path.ps1'
[3.829s] INFO:colcon.colcon_core.shell:Creating environment descriptor '/home/strain-drone/Documents/drone_position_hold/ros2_ws/install/mocap4r2_control/share/mocap4r2_control/hook/cmake_prefix_path.dsv'
[3.840s] INFO:colcon.colcon_core.shell:Creating environment hook '/home/strain-drone/Documents/drone_position_hold/ros2_ws/install/mocap4r2_control/share/mocap4r2_control/hook/cmake_prefix_path.sh'
[3.845s] Level 1:colcon.colcon_core.environment:checking '/home/strain-drone/Documents/drone_position_hold/ros2_ws/install/mocap4r2_control/lib'
[3.846s] Level 1:colcon.colcon_core.shell:create_environment_hook('mocap4r2_control', 'ld_library_path_lib')
[3.846s] INFO:colcon.colcon_core.shell:Creating environment hook '/home/strain-drone/Documents/drone_position_hold/ros2_ws/install/mocap4r2_control/share/mocap4r2_control/hook/ld_library_path_lib.ps1'
[3.849s] INFO:colcon.colcon_core.shell:Creating environment descriptor '/home/strain-drone/Documents/drone_position_hold/ros2_ws/install/mocap4r2_control/share/mocap4r2_control/hook/ld_library_path_lib.dsv'
[3.850s] INFO:colcon.colcon_core.shell:Creating environment hook '/home/strain-drone/Documents/drone_position_hold/ros2_ws/install/mocap4r2_control/share/mocap4r2_control/hook/ld_library_path_lib.sh'
[3.853s] Level 1:colcon.colcon_core.environment:checking '/home/strain-drone/Documents/drone_position_hold/ros2_ws/install/mocap4r2_control/bin'
[3.854s] Level 1:colcon.colcon_core.environment:checking '/home/strain-drone/Documents/drone_position_hold/ros2_ws/install/mocap4r2_control/lib/pkgconfig/mocap4r2_control.pc'
[3.857s] Level 1:colcon.colcon_core.environment:checking '/home/strain-drone/Documents/drone_position_hold/ros2_ws/install/mocap4r2_control/lib/python3.12/site-packages'
[3.860s] Level 1:colcon.colcon_core.environment:checking '/home/strain-drone/Documents/drone_position_hold/ros2_ws/install/mocap4r2_control/bin'
[3.861s] INFO:colcon.colcon_core.shell:Creating package script '/home/strain-drone/Documents/drone_position_hold/ros2_ws/install/mocap4r2_control/share/mocap4r2_control/package.ps1'
[3.862s] INFO:colcon.colcon_core.shell:Creating package descriptor '/home/strain-drone/Documents/drone_position_hold/ros2_ws/install/mocap4r2_control/share/mocap4r2_control/package.dsv'
[3.870s] INFO:colcon.colcon_core.shell:Creating package script '/home/strain-drone/Documents/drone_position_hold/ros2_ws/install/mocap4r2_control/share/mocap4r2_control/package.sh'
[3.871s] INFO:colcon.colcon_core.shell:Creating package script '/home/strain-drone/Documents/drone_position_hold/ros2_ws/install/mocap4r2_control/share/mocap4r2_control/package.bash'
[3.872s] INFO:colcon.colcon_core.shell:Creating package script '/home/strain-drone/Documents/drone_position_hold/ros2_ws/install/mocap4r2_control/share/mocap4r2_control/package.zsh'
[3.876s] Level 1:colcon.colcon_core.environment:create_file_with_runtime_dependencies(/home/strain-drone/Documents/drone_position_hold/ros2_ws/install/mocap4r2_control/share/colcon-core/packages/mocap4r2_control)
[3.880s] INFO:colcon.colcon_ros.task.ament_python.build:Building ROS package in '/home/strain-drone/Documents/drone_position_hold/ros2_ws/src/visualizer' with build type 'ament_python'
[3.880s] Level 1:colcon.colcon_core.shell:create_environment_hook('visualizer', 'ament_prefix_path')
[3.881s] INFO:colcon.colcon_core.shell:Creating environment hook '/home/strain-drone/Documents/drone_position_hold/ros2_ws/install/visualizer/share/visualizer/hook/ament_prefix_path.ps1'
[3.884s] INFO:colcon.colcon_core.shell:Creating environment descriptor '/home/strain-drone/Documents/drone_position_hold/ros2_ws/install/visualizer/share/visualizer/hook/ament_prefix_path.dsv'
[3.887s] INFO:colcon.colcon_core.shell:Creating environment hook '/home/strain-drone/Documents/drone_position_hold/ros2_ws/install/visualizer/share/visualizer/hook/ament_prefix_path.sh'
[3.889s] INFO:colcon.colcon_core.shell:Skip shell extension 'powershell' for command environment: Not usable outside of PowerShell
[3.889s] DEBUG:colcon.colcon_core.shell:Skip shell extension 'dsv' for command environment
[4.543s] INFO:colcon.colcon_core.task.python.build:Building Python package in '/home/strain-drone/Documents/drone_position_hold/ros2_ws/src/visualizer'
[4.543s] INFO:colcon.colcon_core.shell:Skip shell extension 'powershell' for command environment: Not usable outside of PowerShell
[4.544s] DEBUG:colcon.colcon_core.shell:Skip shell extension 'dsv' for command environment
[4.551s] DEBUG:colcon.colcon_core.event_handler.log_command:Invoked command in '/home/strain-drone/Documents/drone_position_hold/ros2_ws/build/natnet_ros2' returned '0': CMAKE_PREFIX_PATH=${CMAKE_PREFIX_PATH}:/home/strain-drone/Documents/drone_position_hold/ros2_ws/install/visualizer:/home/strain-drone/Documents/drone_position_hold/ros2_ws/install/position_publisher:/home/strain-drone/Documents/drone_position_hold/ros2_ws/install/mocap4r2cli:/home/strain-drone/Documents/drone_position_hold/ros2_ws/install/mavros_config:/opt/ros/jazzy DEBUGINFOD_URLS=https://debuginfod.ubuntu.com PS1=(venv-ardupilot) \[\e]0;\u@\h: \w\a\]${debian_chroot:+($debian_chroot)}\[\033[01;32m\]\u@\h\[\033[00m\]:\[\033[01;34m\]\w\[\033[00m\]\$ VIRTUAL_ENV_PROMPT=(venv-ardupilot) /usr/bin/cmake --build /home/strain-drone/Documents/drone_position_hold/ros2_ws/build/natnet_ros2 -- -j4 -l4
[4.555s] DEBUG:colcon.colcon_core.event_handler.log_command:Invoking command in '/home/strain-drone/Documents/drone_position_hold/ros2_ws/build/natnet_ros2': CMAKE_PREFIX_PATH=${CMAKE_PREFIX_PATH}:/home/strain-drone/Documents/drone_position_hold/ros2_ws/install/visualizer:/home/strain-drone/Documents/drone_position_hold/ros2_ws/install/position_publisher:/home/strain-drone/Documents/drone_position_hold/ros2_ws/install/mocap4r2cli:/home/strain-drone/Documents/drone_position_hold/ros2_ws/install/mavros_config:/opt/ros/jazzy DEBUGINFOD_URLS=https://debuginfod.ubuntu.com PS1=(venv-ardupilot) \[\e]0;\u@\h: \w\a\]${debian_chroot:+($debian_chroot)}\[\033[01;32m\]\u@\h\[\033[00m\]:\[\033[01;34m\]\w\[\033[00m\]\$ VIRTUAL_ENV_PROMPT=(venv-ardupilot) /usr/bin/cmake --install /home/strain-drone/Documents/drone_position_hold/ros2_ws/build/natnet_ros2
[4.784s] Level 1:colcon.colcon_core.environment:create_environment_scripts_only(natnet_ros2)
[4.785s] Level 1:colcon.colcon_core.environment:checking '/home/strain-drone/Documents/drone_position_hold/ros2_ws/install/natnet_ros2' for CMake module files
[4.786s] Level 1:colcon.colcon_core.environment:checking '/home/strain-drone/Documents/drone_position_hold/ros2_ws/install/natnet_ros2' for CMake config files
[4.787s] Level 1:colcon.colcon_core.shell:create_environment_hook('natnet_ros2', 'cmake_prefix_path')
[4.787s] INFO:colcon.colcon_core.shell:Creating environment hook '/home/strain-drone/Documents/drone_position_hold/ros2_ws/install/natnet_ros2/share/natnet_ros2/hook/cmake_prefix_path.ps1'
[4.788s] DEBUG:colcon.colcon_core.event_handler.log_command:Invoked command in '/home/strain-drone/Documents/drone_position_hold/ros2_ws/build/natnet_ros2' returned '0': CMAKE_PREFIX_PATH=${CMAKE_PREFIX_PATH}:/home/strain-drone/Documents/drone_position_hold/ros2_ws/install/visualizer:/home/strain-drone/Documents/drone_position_hold/ros2_ws/install/position_publisher:/home/strain-drone/Documents/drone_position_hold/ros2_ws/install/mocap4r2cli:/home/strain-drone/Documents/drone_position_hold/ros2_ws/install/mavros_config:/opt/ros/jazzy DEBUGINFOD_URLS=https://debuginfod.ubuntu.com PS1=(venv-ardupilot) \[\e]0;\u@\h: \w\a\]${debian_chroot:+($debian_chroot)}\[\033[01;32m\]\u@\h\[\033[00m\]:\[\033[01;34m\]\w\[\033[00m\]\$ VIRTUAL_ENV_PROMPT=(venv-ardupilot) /usr/bin/cmake --install /home/strain-drone/Documents/drone_position_hold/ros2_ws/build/natnet_ros2
[4.790s] INFO:colcon.colcon_core.shell:Creating environment descriptor '/home/strain-drone/Documents/drone_position_hold/ros2_ws/install/natnet_ros2/share/natnet_ros2/hook/cmake_prefix_path.dsv'
[4.791s] INFO:colcon.colcon_core.shell:Creating environment hook '/home/strain-drone/Documents/drone_position_hold/ros2_ws/install/natnet_ros2/share/natnet_ros2/hook/cmake_prefix_path.sh'
[4.793s] Level 1:colcon.colcon_core.environment:checking '/home/strain-drone/Documents/drone_position_hold/ros2_ws/install/natnet_ros2/lib'
[4.793s] Level 1:colcon.colcon_core.shell:create_environment_hook('natnet_ros2', 'ld_library_path_lib')
[4.794s] INFO:colcon.colcon_core.shell:Creating environment hook '/home/strain-drone/Documents/drone_position_hold/ros2_ws/install/natnet_ros2/share/natnet_ros2/hook/ld_library_path_lib.ps1'
[4.795s] INFO:colcon.colcon_core.shell:Creating environment descriptor '/home/strain-drone/Documents/drone_position_hold/ros2_ws/install/natnet_ros2/share/natnet_ros2/hook/ld_library_path_lib.dsv'
[4.796s] INFO:colcon.colcon_core.shell:Creating environment hook '/home/strain-drone/Documents/drone_position_hold/ros2_ws/install/natnet_ros2/share/natnet_ros2/hook/ld_library_path_lib.sh'
[4.798s] Level 1:colcon.colcon_core.environment:checking '/home/strain-drone/Documents/drone_position_hold/ros2_ws/install/natnet_ros2/bin'
[4.799s] Level 1:colcon.colcon_core.shell:create_environment_hook('natnet_ros2', 'path')
[4.799s] INFO:colcon.colcon_core.shell:Creating environment hook '/home/strain-drone/Documents/drone_position_hold/ros2_ws/install/natnet_ros2/share/natnet_ros2/hook/path.ps1'
[4.800s] INFO:colcon.colcon_core.shell:Creating environment descriptor '/home/strain-drone/Documents/drone_position_hold/ros2_ws/install/natnet_ros2/share/natnet_ros2/hook/path.dsv'
[4.802s] INFO:colcon.colcon_core.shell:Creating environment hook '/home/strain-drone/Documents/drone_position_hold/ros2_ws/install/natnet_ros2/share/natnet_ros2/hook/path.sh'
[4.804s] Level 1:colcon.colcon_core.environment:checking '/home/strain-drone/Documents/drone_position_hold/ros2_ws/install/natnet_ros2/lib/pkgconfig/natnet_ros2.pc'
[4.804s] Level 1:colcon.colcon_core.environment:checking '/home/strain-drone/Documents/drone_position_hold/ros2_ws/install/natnet_ros2/lib/python3.12/site-packages'
[4.805s] Level 1:colcon.colcon_core.shell:create_environment_hook('natnet_ros2', 'pythonpath')
[4.805s] INFO:colcon.colcon_core.shell:Creating environment hook '/home/strain-drone/Documents/drone_position_hold/ros2_ws/install/natnet_ros2/share/natnet_ros2/hook/pythonpath.ps1'
[4.806s] INFO:colcon.colcon_core.shell:Creating environment descriptor '/home/strain-drone/Documents/drone_position_hold/ros2_ws/install/natnet_ros2/share/natnet_ros2/hook/pythonpath.dsv'
[4.808s] INFO:colcon.colcon_core.shell:Creating environment hook '/home/strain-drone/Documents/drone_position_hold/ros2_ws/install/natnet_ros2/share/natnet_ros2/hook/pythonpath.sh'
[4.810s] Level 1:colcon.colcon_core.environment:checking '/home/strain-drone/Documents/drone_position_hold/ros2_ws/install/natnet_ros2/bin'
[4.810s] Level 1:colcon.colcon_core.shell:create_environment_hook('natnet_ros2', 'pythonscriptspath')
[4.811s] INFO:colcon.colcon_core.shell:Creating environment hook '/home/strain-drone/Documents/drone_position_hold/ros2_ws/install/natnet_ros2/share/natnet_ros2/hook/pythonscriptspath.ps1'
[4.812s] INFO:colcon.colcon_core.shell:Creating environment descriptor '/home/strain-drone/Documents/drone_position_hold/ros2_ws/install/natnet_ros2/share/natnet_ros2/hook/pythonscriptspath.dsv'
[4.816s] INFO:colcon.colcon_core.shell:Creating environment hook '/home/strain-drone/Documents/drone_position_hold/ros2_ws/install/natnet_ros2/share/natnet_ros2/hook/pythonscriptspath.sh'
[4.818s] INFO:colcon.colcon_core.shell:Creating package script '/home/strain-drone/Documents/drone_position_hold/ros2_ws/install/natnet_ros2/share/natnet_ros2/package.ps1'
[4.820s] INFO:colcon.colcon_core.shell:Creating package descriptor '/home/strain-drone/Documents/drone_position_hold/ros2_ws/install/natnet_ros2/share/natnet_ros2/package.dsv'
[4.821s] INFO:colcon.colcon_core.shell:Creating package script '/home/strain-drone/Documents/drone_position_hold/ros2_ws/install/natnet_ros2/share/natnet_ros2/package.sh'
[4.823s] INFO:colcon.colcon_core.shell:Creating package script '/home/strain-drone/Documents/drone_position_hold/ros2_ws/install/natnet_ros2/share/natnet_ros2/package.bash'
[4.824s] INFO:colcon.colcon_core.shell:Creating package script '/home/strain-drone/Documents/drone_position_hold/ros2_ws/install/natnet_ros2/share/natnet_ros2/package.zsh'
[4.825s] Level 1:colcon.colcon_core.environment:create_file_with_runtime_dependencies(/home/strain-drone/Documents/drone_position_hold/ros2_ws/install/natnet_ros2/share/colcon-core/packages/natnet_ros2)
[4.827s] Level 1:colcon.colcon_core.environment:create_environment_scripts_only(natnet_ros2)
[4.828s] Level 1:colcon.colcon_core.environment:checking '/home/strain-drone/Documents/drone_position_hold/ros2_ws/install/natnet_ros2' for CMake module files
[4.829s] Level 1:colcon.colcon_core.environment:checking '/home/strain-drone/Documents/drone_position_hold/ros2_ws/install/natnet_ros2' for CMake config files
[4.831s] Level 1:colcon.colcon_core.shell:create_environment_hook('natnet_ros2', 'cmake_prefix_path')
[4.831s] INFO:colcon.colcon_core.shell:Creating environment hook '/home/strain-drone/Documents/drone_position_hold/ros2_ws/install/natnet_ros2/share/natnet_ros2/hook/cmake_prefix_path.ps1'
[4.832s] INFO:colcon.colcon_core.shell:Creating environment descriptor '/home/strain-drone/Documents/drone_position_hold/ros2_ws/install/natnet_ros2/share/natnet_ros2/hook/cmake_prefix_path.dsv'
[4.833s] INFO:colcon.colcon_core.shell:Creating environment hook '/home/strain-drone/Documents/drone_position_hold/ros2_ws/install/natnet_ros2/share/natnet_ros2/hook/cmake_prefix_path.sh'
[4.835s] Level 1:colcon.colcon_core.environment:checking '/home/strain-drone/Documents/drone_position_hold/ros2_ws/install/natnet_ros2/lib'
[4.835s] Level 1:colcon.colcon_core.shell:create_environment_hook('natnet_ros2', 'ld_library_path_lib')
[4.836s] INFO:colcon.colcon_core.shell:Creating environment hook '/home/strain-drone/Documents/drone_position_hold/ros2_ws/install/natnet_ros2/share/natnet_ros2/hook/ld_library_path_lib.ps1'
[4.837s] INFO:colcon.colcon_core.shell:Creating environment descriptor '/home/strain-drone/Documents/drone_position_hold/ros2_ws/install/natnet_ros2/share/natnet_ros2/hook/ld_library_path_lib.dsv'
[4.838s] INFO:colcon.colcon_core.shell:Creating environment hook '/home/strain-drone/Documents/drone_position_hold/ros2_ws/install/natnet_ros2/share/natnet_ros2/hook/ld_library_path_lib.sh'
[4.840s] Level 1:colcon.colcon_core.environment:checking '/home/strain-drone/Documents/drone_position_hold/ros2_ws/install/natnet_ros2/bin'
[4.840s] Level 1:colcon.colcon_core.shell:create_environment_hook('natnet_ros2', 'path')
[4.840s] INFO:colcon.colcon_core.shell:Creating environment hook '/home/strain-drone/Documents/drone_position_hold/ros2_ws/install/natnet_ros2/share/natnet_ros2/hook/path.ps1'
[4.841s] INFO:colcon.colcon_core.shell:Creating environment descriptor '/home/strain-drone/Documents/drone_position_hold/ros2_ws/install/natnet_ros2/share/natnet_ros2/hook/path.dsv'
[4.843s] INFO:colcon.colcon_core.shell:Creating environment hook '/home/strain-drone/Documents/drone_position_hold/ros2_ws/install/natnet_ros2/share/natnet_ros2/hook/path.sh'
[4.844s] Level 1:colcon.colcon_core.environment:checking '/home/strain-drone/Documents/drone_position_hold/ros2_ws/install/natnet_ros2/lib/pkgconfig/natnet_ros2.pc'
[4.845s] Level 1:colcon.colcon_core.environment:checking '/home/strain-drone/Documents/drone_position_hold/ros2_ws/install/natnet_ros2/lib/python3.12/site-packages'
[4.845s] Level 1:colcon.colcon_core.shell:create_environment_hook('natnet_ros2', 'pythonpath')
[4.846s] INFO:colcon.colcon_core.shell:Creating environment hook '/home/strain-drone/Documents/drone_position_hold/ros2_ws/install/natnet_ros2/share/natnet_ros2/hook/pythonpath.ps1'
[4.848s] INFO:colcon.colcon_core.shell:Creating environment descriptor '/home/strain-drone/Documents/drone_position_hold/ros2_ws/install/natnet_ros2/share/natnet_ros2/hook/pythonpath.dsv'
[4.849s] INFO:colcon.colcon_core.shell:Creating environment hook '/home/strain-drone/Documents/drone_position_hold/ros2_ws/install/natnet_ros2/share/natnet_ros2/hook/pythonpath.sh'
[4.852s] Level 1:colcon.colcon_core.environment:checking '/home/strain-drone/Documents/drone_position_hold/ros2_ws/install/natnet_ros2/bin'
[4.852s] Level 1:colcon.colcon_core.shell:create_environment_hook('natnet_ros2', 'pythonscriptspath')
[4.853s] INFO:colcon.colcon_core.shell:Creating environment hook '/home/strain-drone/Documents/drone_position_hold/ros2_ws/install/natnet_ros2/share/natnet_ros2/hook/pythonscriptspath.ps1'
[4.855s] INFO:colcon.colcon_core.shell:Creating environment descriptor '/home/strain-drone/Documents/drone_position_hold/ros2_ws/install/natnet_ros2/share/natnet_ros2/hook/pythonscriptspath.dsv'
[4.856s] INFO:colcon.colcon_core.shell:Creating environment hook '/home/strain-drone/Documents/drone_position_hold/ros2_ws/install/natnet_ros2/share/natnet_ros2/hook/pythonscriptspath.sh'
[4.859s] INFO:colcon.colcon_core.shell:Creating package script '/home/strain-drone/Documents/drone_position_hold/ros2_ws/install/natnet_ros2/share/natnet_ros2/package.ps1'
[4.861s] INFO:colcon.colcon_core.shell:Creating package descriptor '/home/strain-drone/Documents/drone_position_hold/ros2_ws/install/natnet_ros2/share/natnet_ros2/package.dsv'
[4.865s] INFO:colcon.colcon_core.shell:Creating package script '/home/strain-drone/Documents/drone_position_hold/ros2_ws/install/natnet_ros2/share/natnet_ros2/package.sh'
[4.867s] INFO:colcon.colcon_core.shell:Creating package script '/home/strain-drone/Documents/drone_position_hold/ros2_ws/install/natnet_ros2/share/natnet_ros2/package.bash'
[4.869s] INFO:colcon.colcon_core.shell:Creating package script '/home/strain-drone/Documents/drone_position_hold/ros2_ws/install/natnet_ros2/share/natnet_ros2/package.zsh'
[4.870s] Level 1:colcon.colcon_core.environment:create_file_with_runtime_dependencies(/home/strain-drone/Documents/drone_position_hold/ros2_ws/install/natnet_ros2/share/colcon-core/packages/natnet_ros2)
[4.872s] INFO:colcon.colcon_ros.task.ament_cmake.build:Building ROS package in '/home/strain-drone/Documents/drone_position_hold/ros2_ws/src/mocap4r2/mocap4r2_marker_viz/mocap4r2_marker_publisher' with build type 'ament_cmake'
[4.874s] INFO:colcon.colcon_cmake.task.cmake.build:Building CMake package in '/home/strain-drone/Documents/drone_position_hold/ros2_ws/src/mocap4r2/mocap4r2_marker_viz/mocap4r2_marker_publisher'
[4.876s] INFO:colcon.colcon_core.shell:Skip shell extension 'powershell' for command environment: Not usable outside of PowerShell
[4.876s] DEBUG:colcon.colcon_core.shell:Skip shell extension 'dsv' for command environment
[4.907s] DEBUG:colcon.colcon_core.event_handler.log_command:Invoking command in '/home/strain-drone/Documents/drone_position_hold/ros2_ws/build/mocap4r2_marker_publisher': CMAKE_PREFIX_PATH=/home/strain-drone/Documents/drone_position_hold/ros2_ws/install/mocap4r2_msgs:/home/strain-drone/Documents/drone_position_hold/ros2_ws/install/rqt_mocap4r2_control:/home/strain-drone/Documents/drone_position_hold/ros2_ws/install/natnet_ros2:/home/strain-drone/Documents/drone_position_hold/ros2_ws/install/mocap4r2_vicon_driver:/home/strain-drone/Documents/drone_position_hold/ros2_ws/install/mocap4r2_robot_gt:/home/strain-drone/Documents/drone_position_hold/ros2_ws/install/mocap4r2_robot_gt_msgs:/home/strain-drone/Documents/drone_position_hold/ros2_ws/install/mocap4r2_marker_viz:/home/strain-drone/Documents/drone_position_hold/ros2_ws/install/mocap4r2_marker_publisher:/home/strain-drone/Documents/drone_position_hold/ros2_ws/install/mocap4r2_dummy_driver:/home/strain-drone/Documents/drone_position_hold/ros2_ws/install/mocap4r2_marker_viz_srvs:/home/strain-drone/Documents/drone_position_hold/ros2_ws/install/mocap4r2_control:/home/strain-drone/Documents/drone_position_hold/ros2_ws/install/mocap4r2_control_msgs:/opt/ros/jazzy/opt/gz_math_vendor:/opt/ros/jazzy/opt/gz_utils_vendor:/opt/ros/jazzy/opt/gz_cmake_vendor:/home/strain-drone/Documents/drone_position_hold/ros2_ws/install/visualizer:/home/strain-drone/Documents/drone_position_hold/ros2_ws/install/position_publisher:/home/strain-drone/Documents/drone_position_hold/ros2_ws/install/mocap4r2cli:/home/strain-drone/Documents/drone_position_hold/ros2_ws/install/mavros_config:/opt/ros/jazzy DEBUGINFOD_URLS=https://debuginfod.ubuntu.com LD_LIBRARY_PATH=/home/strain-drone/Documents/drone_position_hold/ros2_ws/install/mocap4r2_msgs/lib:/home/strain-drone/Documents/drone_position_hold/ros2_ws/install/rqt_mocap4r2_control/lib:/home/strain-drone/Documents/drone_position_hold/ros2_ws/install/natnet_ros2/lib:/home/strain-drone/Documents/drone_position_hold/ros2_ws/install/mocap4r2_vicon_driver/lib:/home/strain-drone/Documents/drone_position_hold/ros2_ws/install/mocap4r2_robot_gt/lib:/home/strain-drone/Documents/drone_position_hold/ros2_ws/install/mocap4r2_robot_gt_msgs/lib:/home/strain-drone/Documents/drone_position_hold/ros2_ws/install/mocap4r2_marker_viz_srvs/lib:/home/strain-drone/Documents/drone_position_hold/ros2_ws/install/mocap4r2_control/lib:/home/strain-drone/Documents/drone_position_hold/ros2_ws/install/mocap4r2_control_msgs/lib:/opt/ros/jazzy/opt/rviz_ogre_vendor/lib:/opt/ros/jazzy/lib/aarch64-linux-gnu:/opt/ros/jazzy/opt/gz_math_vendor/lib:/opt/ros/jazzy/opt/gz_utils_vendor/lib:/opt/ros/jazzy/opt/gz_cmake_vendor/lib:/opt/ros/jazzy/lib:/home/strain-drone/Documents/drone_position_hold/ros2_ws/src/natnet_ros2/deps/NatNetSDK/lib PS1=(venv-ardupilot) \[\e]0;\u@\h: \w\a\]${debian_chroot:+($debian_chroot)}\[\033[01;32m\]\u@\h\[\033[00m\]:\[\033[01;34m\]\w\[\033[00m\]\$ PYTHONPATH=/home/strain-drone/Documents/drone_position_hold/ros2_ws/install/mocap4r2_msgs/lib/python3.12/site-packages:/home/strain-drone/Documents/drone_position_hold/ros2_ws/install/visualizer/lib/python3.12/site-packages:/home/strain-drone/Documents/drone_position_hold/ros2_ws/install/position_publisher/lib/python3.12/site-packages:/home/strain-drone/Documents/drone_position_hold/ros2_ws/install/natnet_ros2/lib/python3.12/site-packages:/home/strain-drone/Documents/drone_position_hold/ros2_ws/install/mocap4r2cli/lib/python3.12/site-packages:/home/strain-drone/Documents/drone_position_hold/ros2_ws/install/mocap4r2_robot_gt_msgs/lib/python3.12/site-packages:/home/strain-drone/Documents/drone_position_hold/ros2_ws/install/mocap4r2_marker_viz_srvs/lib/python3.12/site-packages:/home/strain-drone/Documents/drone_position_hold/ros2_ws/install/mocap4r2_control_msgs/lib/python3.12/site-packages:/home/strain-drone/Documents/drone_position_hold/ros2_ws/install/mavros_config/lib/python3.12/site-packages:/opt/ros/jazzy/lib/python3.12/site-packages VIRTUAL_ENV_PROMPT=(venv-ardupilot) /usr/bin/cmake --build /home/strain-drone/Documents/drone_position_hold/ros2_ws/build/mocap4r2_marker_publisher -- -j4 -l4
[4.997s] DEBUG:colcon.colcon_core.event_handler.log_command:Invoking command in '/home/strain-drone/Documents/drone_position_hold/ros2_ws/src/mavros_config': DEBUGINFOD_URLS=https://debuginfod.ubuntu.com PS1=(venv-ardupilot) \[\e]0;\u@\h: \w\a\]${debian_chroot:+($debian_chroot)}\[\033[01;32m\]\u@\h\[\033[00m\]:\[\033[01;34m\]\w\[\033[00m\]\$ PYTHONPATH=/home/strain-drone/Documents/drone_position_hold/ros2_ws/build/mavros_config/prefix_override:/usr/lib/python3/dist-packages/colcon_core/task/python/colcon_distutils_commands:/home/strain-drone/Documents/drone_position_hold/ros2_ws/install/mavros_config/lib/python3.12/site-packages:${PYTHONPATH} VIRTUAL_ENV_PROMPT=(venv-ardupilot) /usr/bin/python3 -W ignore:setup.py install is deprecated -W ignore:easy_install command is deprecated setup.py egg_info --egg-base ../../build/mavros_config build --build-base /home/strain-drone/Documents/drone_position_hold/ros2_ws/build/mavros_config/build install --record /home/strain-drone/Documents/drone_position_hold/ros2_ws/build/mavros_config/install.log --single-version-externally-managed install_data
[5.094s] DEBUG:colcon.colcon_core.event_handler.log_command:Invoked command in '/home/strain-drone/Documents/drone_position_hold/ros2_ws/build/mocap4r2_marker_publisher' returned '0': CMAKE_PREFIX_PATH=/home/strain-drone/Documents/drone_position_hold/ros2_ws/install/mocap4r2_msgs:/home/strain-drone/Documents/drone_position_hold/ros2_ws/install/rqt_mocap4r2_control:/home/strain-drone/Documents/drone_position_hold/ros2_ws/install/natnet_ros2:/home/strain-drone/Documents/drone_position_hold/ros2_ws/install/mocap4r2_vicon_driver:/home/strain-drone/Documents/drone_position_hold/ros2_ws/install/mocap4r2_robot_gt:/home/strain-drone/Documents/drone_position_hold/ros2_ws/install/mocap4r2_robot_gt_msgs:/home/strain-drone/Documents/drone_position_hold/ros2_ws/install/mocap4r2_marker_viz:/home/strain-drone/Documents/drone_position_hold/ros2_ws/install/mocap4r2_marker_publisher:/home/strain-drone/Documents/drone_position_hold/ros2_ws/install/mocap4r2_dummy_driver:/home/strain-drone/Documents/drone_position_hold/ros2_ws/install/mocap4r2_marker_viz_srvs:/home/strain-drone/Documents/drone_position_hold/ros2_ws/install/mocap4r2_control:/home/strain-drone/Documents/drone_position_hold/ros2_ws/install/mocap4r2_control_msgs:/opt/ros/jazzy/opt/gz_math_vendor:/opt/ros/jazzy/opt/gz_utils_vendor:/opt/ros/jazzy/opt/gz_cmake_vendor:/home/strain-drone/Documents/drone_position_hold/ros2_ws/install/visualizer:/home/strain-drone/Documents/drone_position_hold/ros2_ws/install/position_publisher:/home/strain-drone/Documents/drone_position_hold/ros2_ws/install/mocap4r2cli:/home/strain-drone/Documents/drone_position_hold/ros2_ws/install/mavros_config:/opt/ros/jazzy DEBUGINFOD_URLS=https://debuginfod.ubuntu.com LD_LIBRARY_PATH=/home/strain-drone/Documents/drone_position_hold/ros2_ws/install/mocap4r2_msgs/lib:/home/strain-drone/Documents/drone_position_hold/ros2_ws/install/rqt_mocap4r2_control/lib:/home/strain-drone/Documents/drone_position_hold/ros2_ws/install/natnet_ros2/lib:/home/strain-drone/Documents/drone_position_hold/ros2_ws/install/mocap4r2_vicon_driver/lib:/home/strain-drone/Documents/drone_position_hold/ros2_ws/install/mocap4r2_robot_gt/lib:/home/strain-drone/Documents/drone_position_hold/ros2_ws/install/mocap4r2_robot_gt_msgs/lib:/home/strain-drone/Documents/drone_position_hold/ros2_ws/install/mocap4r2_marker_viz_srvs/lib:/home/strain-drone/Documents/drone_position_hold/ros2_ws/install/mocap4r2_control/lib:/home/strain-drone/Documents/drone_position_hold/ros2_ws/install/mocap4r2_control_msgs/lib:/opt/ros/jazzy/opt/rviz_ogre_vendor/lib:/opt/ros/jazzy/lib/aarch64-linux-gnu:/opt/ros/jazzy/opt/gz_math_vendor/lib:/opt/ros/jazzy/opt/gz_utils_vendor/lib:/opt/ros/jazzy/opt/gz_cmake_vendor/lib:/opt/ros/jazzy/lib:/home/strain-drone/Documents/drone_position_hold/ros2_ws/src/natnet_ros2/deps/NatNetSDK/lib PS1=(venv-ardupilot) \[\e]0;\u@\h: \w\a\]${debian_chroot:+($debian_chroot)}\[\033[01;32m\]\u@\h\[\033[00m\]:\[\033[01;34m\]\w\[\033[00m\]\$ PYTHONPATH=/home/strain-drone/Documents/drone_position_hold/ros2_ws/install/mocap4r2_msgs/lib/python3.12/site-packages:/home/strain-drone/Documents/drone_position_hold/ros2_ws/install/visualizer/lib/python3.12/site-packages:/home/strain-drone/Documents/drone_position_hold/ros2_ws/install/position_publisher/lib/python3.12/site-packages:/home/strain-drone/Documents/drone_position_hold/ros2_ws/install/natnet_ros2/lib/python3.12/site-packages:/home/strain-drone/Documents/drone_position_hold/ros2_ws/install/mocap4r2cli/lib/python3.12/site-packages:/home/strain-drone/Documents/drone_position_hold/ros2_ws/install/mocap4r2_robot_gt_msgs/lib/python3.12/site-packages:/home/strain-drone/Documents/drone_position_hold/ros2_ws/install/mocap4r2_marker_viz_srvs/lib/python3.12/site-packages:/home/strain-drone/Documents/drone_position_hold/ros2_ws/install/mocap4r2_control_msgs/lib/python3.12/site-packages:/home/strain-drone/Documents/drone_position_hold/ros2_ws/install/mavros_config/lib/python3.12/site-packages:/opt/ros/jazzy/lib/python3.12/site-packages VIRTUAL_ENV_PROMPT=(venv-ardupilot) /usr/bin/cmake --build /home/strain-drone/Documents/drone_position_hold/ros2_ws/build/mocap4r2_marker_publisher -- -j4 -l4
[5.099s] DEBUG:colcon.colcon_core.event_handler.log_command:Invoking command in '/home/strain-drone/Documents/drone_position_hold/ros2_ws/build/mocap4r2_marker_publisher': CMAKE_PREFIX_PATH=/home/strain-drone/Documents/drone_position_hold/ros2_ws/install/mocap4r2_msgs:/home/strain-drone/Documents/drone_position_hold/ros2_ws/install/rqt_mocap4r2_control:/home/strain-drone/Documents/drone_position_hold/ros2_ws/install/natnet_ros2:/home/strain-drone/Documents/drone_position_hold/ros2_ws/install/mocap4r2_vicon_driver:/home/strain-drone/Documents/drone_position_hold/ros2_ws/install/mocap4r2_robot_gt:/home/strain-drone/Documents/drone_position_hold/ros2_ws/install/mocap4r2_robot_gt_msgs:/home/strain-drone/Documents/drone_position_hold/ros2_ws/install/mocap4r2_marker_viz:/home/strain-drone/Documents/drone_position_hold/ros2_ws/install/mocap4r2_marker_publisher:/home/strain-drone/Documents/drone_position_hold/ros2_ws/install/mocap4r2_dummy_driver:/home/strain-drone/Documents/drone_position_hold/ros2_ws/install/mocap4r2_marker_viz_srvs:/home/strain-drone/Documents/drone_position_hold/ros2_ws/install/mocap4r2_control:/home/strain-drone/Documents/drone_position_hold/ros2_ws/install/mocap4r2_control_msgs:/opt/ros/jazzy/opt/gz_math_vendor:/opt/ros/jazzy/opt/gz_utils_vendor:/opt/ros/jazzy/opt/gz_cmake_vendor:/home/strain-drone/Documents/drone_position_hold/ros2_ws/install/visualizer:/home/strain-drone/Documents/drone_position_hold/ros2_ws/install/position_publisher:/home/strain-drone/Documents/drone_position_hold/ros2_ws/install/mocap4r2cli:/home/strain-drone/Documents/drone_position_hold/ros2_ws/install/mavros_config:/opt/ros/jazzy DEBUGINFOD_URLS=https://debuginfod.ubuntu.com LD_LIBRARY_PATH=/home/strain-drone/Documents/drone_position_hold/ros2_ws/install/mocap4r2_msgs/lib:/home/strain-drone/Documents/drone_position_hold/ros2_ws/install/rqt_mocap4r2_control/lib:/home/strain-drone/Documents/drone_position_hold/ros2_ws/install/natnet_ros2/lib:/home/strain-drone/Documents/drone_position_hold/ros2_ws/install/mocap4r2_vicon_driver/lib:/home/strain-drone/Documents/drone_position_hold/ros2_ws/install/mocap4r2_robot_gt/lib:/home/strain-drone/Documents/drone_position_hold/ros2_ws/install/mocap4r2_robot_gt_msgs/lib:/home/strain-drone/Documents/drone_position_hold/ros2_ws/install/mocap4r2_marker_viz_srvs/lib:/home/strain-drone/Documents/drone_position_hold/ros2_ws/install/mocap4r2_control/lib:/home/strain-drone/Documents/drone_position_hold/ros2_ws/install/mocap4r2_control_msgs/lib:/opt/ros/jazzy/opt/rviz_ogre_vendor/lib:/opt/ros/jazzy/lib/aarch64-linux-gnu:/opt/ros/jazzy/opt/gz_math_vendor/lib:/opt/ros/jazzy/opt/gz_utils_vendor/lib:/opt/ros/jazzy/opt/gz_cmake_vendor/lib:/opt/ros/jazzy/lib:/home/strain-drone/Documents/drone_position_hold/ros2_ws/src/natnet_ros2/deps/NatNetSDK/lib PS1=(venv-ardupilot) \[\e]0;\u@\h: \w\a\]${debian_chroot:+($debian_chroot)}\[\033[01;32m\]\u@\h\[\033[00m\]:\[\033[01;34m\]\w\[\033[00m\]\$ PYTHONPATH=/home/strain-drone/Documents/drone_position_hold/ros2_ws/install/mocap4r2_msgs/lib/python3.12/site-packages:/home/strain-drone/Documents/drone_position_hold/ros2_ws/install/visualizer/lib/python3.12/site-packages:/home/strain-drone/Documents/drone_position_hold/ros2_ws/install/position_publisher/lib/python3.12/site-packages:/home/strain-drone/Documents/drone_position_hold/ros2_ws/install/natnet_ros2/lib/python3.12/site-packages:/home/strain-drone/Documents/drone_position_hold/ros2_ws/install/mocap4r2cli/lib/python3.12/site-packages:/home/strain-drone/Documents/drone_position_hold/ros2_ws/install/mocap4r2_robot_gt_msgs/lib/python3.12/site-packages:/home/strain-drone/Documents/drone_position_hold/ros2_ws/install/mocap4r2_marker_viz_srvs/lib/python3.12/site-packages:/home/strain-drone/Documents/drone_position_hold/ros2_ws/install/mocap4r2_control_msgs/lib/python3.12/site-packages:/home/strain-drone/Documents/drone_position_hold/ros2_ws/install/mavros_config/lib/python3.12/site-packages:/opt/ros/jazzy/lib/python3.12/site-packages VIRTUAL_ENV_PROMPT=(venv-ardupilot) /usr/bin/cmake --install /home/strain-drone/Documents/drone_position_hold/ros2_ws/build/mocap4r2_marker_publisher
[5.147s] Level 1:colcon.colcon_core.environment:create_environment_scripts_only(mocap4r2_marker_publisher)
[5.149s] Level 1:colcon.colcon_core.environment:checking '/home/strain-drone/Documents/drone_position_hold/ros2_ws/install/mocap4r2_marker_publisher' for CMake module files
[5.151s] Level 1:colcon.colcon_core.environment:checking '/home/strain-drone/Documents/drone_position_hold/ros2_ws/install/mocap4r2_marker_publisher' for CMake config files
[5.152s] DEBUG:colcon.colcon_core.event_handler.log_command:Invoked command in '/home/strain-drone/Documents/drone_position_hold/ros2_ws/build/mocap4r2_marker_publisher' returned '0': CMAKE_PREFIX_PATH=/home/strain-drone/Documents/drone_position_hold/ros2_ws/install/mocap4r2_msgs:/home/strain-drone/Documents/drone_position_hold/ros2_ws/install/rqt_mocap4r2_control:/home/strain-drone/Documents/drone_position_hold/ros2_ws/install/natnet_ros2:/home/strain-drone/Documents/drone_position_hold/ros2_ws/install/mocap4r2_vicon_driver:/home/strain-drone/Documents/drone_position_hold/ros2_ws/install/mocap4r2_robot_gt:/home/strain-drone/Documents/drone_position_hold/ros2_ws/install/mocap4r2_robot_gt_msgs:/home/strain-drone/Documents/drone_position_hold/ros2_ws/install/mocap4r2_marker_viz:/home/strain-drone/Documents/drone_position_hold/ros2_ws/install/mocap4r2_marker_publisher:/home/strain-drone/Documents/drone_position_hold/ros2_ws/install/mocap4r2_dummy_driver:/home/strain-drone/Documents/drone_position_hold/ros2_ws/install/mocap4r2_marker_viz_srvs:/home/strain-drone/Documents/drone_position_hold/ros2_ws/install/mocap4r2_control:/home/strain-drone/Documents/drone_position_hold/ros2_ws/install/mocap4r2_control_msgs:/opt/ros/jazzy/opt/gz_math_vendor:/opt/ros/jazzy/opt/gz_utils_vendor:/opt/ros/jazzy/opt/gz_cmake_vendor:/home/strain-drone/Documents/drone_position_hold/ros2_ws/install/visualizer:/home/strain-drone/Documents/drone_position_hold/ros2_ws/install/position_publisher:/home/strain-drone/Documents/drone_position_hold/ros2_ws/install/mocap4r2cli:/home/strain-drone/Documents/drone_position_hold/ros2_ws/install/mavros_config:/opt/ros/jazzy DEBUGINFOD_URLS=https://debuginfod.ubuntu.com LD_LIBRARY_PATH=/home/strain-drone/Documents/drone_position_hold/ros2_ws/install/mocap4r2_msgs/lib:/home/strain-drone/Documents/drone_position_hold/ros2_ws/install/rqt_mocap4r2_control/lib:/home/strain-drone/Documents/drone_position_hold/ros2_ws/install/natnet_ros2/lib:/home/strain-drone/Documents/drone_position_hold/ros2_ws/install/mocap4r2_vicon_driver/lib:/home/strain-drone/Documents/drone_position_hold/ros2_ws/install/mocap4r2_robot_gt/lib:/home/strain-drone/Documents/drone_position_hold/ros2_ws/install/mocap4r2_robot_gt_msgs/lib:/home/strain-drone/Documents/drone_position_hold/ros2_ws/install/mocap4r2_marker_viz_srvs/lib:/home/strain-drone/Documents/drone_position_hold/ros2_ws/install/mocap4r2_control/lib:/home/strain-drone/Documents/drone_position_hold/ros2_ws/install/mocap4r2_control_msgs/lib:/opt/ros/jazzy/opt/rviz_ogre_vendor/lib:/opt/ros/jazzy/lib/aarch64-linux-gnu:/opt/ros/jazzy/opt/gz_math_vendor/lib:/opt/ros/jazzy/opt/gz_utils_vendor/lib:/opt/ros/jazzy/opt/gz_cmake_vendor/lib:/opt/ros/jazzy/lib:/home/strain-drone/Documents/drone_position_hold/ros2_ws/src/natnet_ros2/deps/NatNetSDK/lib PS1=(venv-ardupilot) \[\e]0;\u@\h: \w\a\]${debian_chroot:+($debian_chroot)}\[\033[01;32m\]\u@\h\[\033[00m\]:\[\033[01;34m\]\w\[\033[00m\]\$ PYTHONPATH=/home/strain-drone/Documents/drone_position_hold/ros2_ws/install/mocap4r2_msgs/lib/python3.12/site-packages:/home/strain-drone/Documents/drone_position_hold/ros2_ws/install/visualizer/lib/python3.12/site-packages:/home/strain-drone/Documents/drone_position_hold/ros2_ws/install/position_publisher/lib/python3.12/site-packages:/home/strain-drone/Documents/drone_position_hold/ros2_ws/install/natnet_ros2/lib/python3.12/site-packages:/home/strain-drone/Documents/drone_position_hold/ros2_ws/install/mocap4r2cli/lib/python3.12/site-packages:/home/strain-drone/Documents/drone_position_hold/ros2_ws/install/mocap4r2_robot_gt_msgs/lib/python3.12/site-packages:/home/strain-drone/Documents/drone_position_hold/ros2_ws/install/mocap4r2_marker_viz_srvs/lib/python3.12/site-packages:/home/strain-drone/Documents/drone_position_hold/ros2_ws/install/mocap4r2_control_msgs/lib/python3.12/site-packages:/home/strain-drone/Documents/drone_position_hold/ros2_ws/install/mavros_config/lib/python3.12/site-packages:/opt/ros/jazzy/lib/python3.12/site-packages VIRTUAL_ENV_PROMPT=(venv-ardupilot) /usr/bin/cmake --install /home/strain-drone/Documents/drone_position_hold/ros2_ws/build/mocap4r2_marker_publisher
[5.153s] Level 1:colcon.colcon_core.shell:create_environment_hook('mocap4r2_marker_publisher', 'cmake_prefix_path')
[5.154s] INFO:colcon.colcon_core.shell:Creating environment hook '/home/strain-drone/Documents/drone_position_hold/ros2_ws/install/mocap4r2_marker_publisher/share/mocap4r2_marker_publisher/hook/cmake_prefix_path.ps1'
[5.155s] INFO:colcon.colcon_core.shell:Creating environment descriptor '/home/strain-drone/Documents/drone_position_hold/ros2_ws/install/mocap4r2_marker_publisher/share/mocap4r2_marker_publisher/hook/cmake_prefix_path.dsv'
[5.157s] INFO:colcon.colcon_core.shell:Creating environment hook '/home/strain-drone/Documents/drone_position_hold/ros2_ws/install/mocap4r2_marker_publisher/share/mocap4r2_marker_publisher/hook/cmake_prefix_path.sh'
[5.159s] Level 1:colcon.colcon_core.environment:checking '/home/strain-drone/Documents/drone_position_hold/ros2_ws/install/mocap4r2_marker_publisher/lib'
[5.160s] Level 1:colcon.colcon_core.environment:checking '/home/strain-drone/Documents/drone_position_hold/ros2_ws/install/mocap4r2_marker_publisher/bin'
[5.160s] Level 1:colcon.colcon_core.environment:checking '/home/strain-drone/Documents/drone_position_hold/ros2_ws/install/mocap4r2_marker_publisher/lib/pkgconfig/mocap4r2_marker_publisher.pc'
[5.160s] Level 1:colcon.colcon_core.environment:checking '/home/strain-drone/Documents/drone_position_hold/ros2_ws/install/mocap4r2_marker_publisher/lib/python3.12/site-packages'
[5.161s] Level 1:colcon.colcon_core.environment:checking '/home/strain-drone/Documents/drone_position_hold/ros2_ws/install/mocap4r2_marker_publisher/bin'
[5.162s] INFO:colcon.colcon_core.shell:Creating package script '/home/strain-drone/Documents/drone_position_hold/ros2_ws/install/mocap4r2_marker_publisher/share/mocap4r2_marker_publisher/package.ps1'
[5.164s] INFO:colcon.colcon_core.shell:Creating package descriptor '/home/strain-drone/Documents/drone_position_hold/ros2_ws/install/mocap4r2_marker_publisher/share/mocap4r2_marker_publisher/package.dsv'
[5.166s] INFO:colcon.colcon_core.shell:Creating package script '/home/strain-drone/Documents/drone_position_hold/ros2_ws/install/mocap4r2_marker_publisher/share/mocap4r2_marker_publisher/package.sh'
[5.167s] INFO:colcon.colcon_core.shell:Creating package script '/home/strain-drone/Documents/drone_position_hold/ros2_ws/install/mocap4r2_marker_publisher/share/mocap4r2_marker_publisher/package.bash'
[5.169s] INFO:colcon.colcon_core.shell:Creating package script '/home/strain-drone/Documents/drone_position_hold/ros2_ws/install/mocap4r2_marker_publisher/share/mocap4r2_marker_publisher/package.zsh'
[5.171s] Level 1:colcon.colcon_core.environment:create_file_with_runtime_dependencies(/home/strain-drone/Documents/drone_position_hold/ros2_ws/install/mocap4r2_marker_publisher/share/colcon-core/packages/mocap4r2_marker_publisher)
[5.174s] Level 1:colcon.colcon_core.environment:create_environment_scripts_only(mocap4r2_marker_publisher)
[5.175s] Level 1:colcon.colcon_core.environment:checking '/home/strain-drone/Documents/drone_position_hold/ros2_ws/install/mocap4r2_marker_publisher' for CMake module files
[5.176s] Level 1:colcon.colcon_core.environment:checking '/home/strain-drone/Documents/drone_position_hold/ros2_ws/install/mocap4r2_marker_publisher' for CMake config files
[5.177s] Level 1:colcon.colcon_core.shell:create_environment_hook('mocap4r2_marker_publisher', 'cmake_prefix_path')
[5.177s] INFO:colcon.colcon_core.shell:Creating environment hook '/home/strain-drone/Documents/drone_position_hold/ros2_ws/install/mocap4r2_marker_publisher/share/mocap4r2_marker_publisher/hook/cmake_prefix_path.ps1'
[5.179s] INFO:colcon.colcon_core.shell:Creating environment descriptor '/home/strain-drone/Documents/drone_position_hold/ros2_ws/install/mocap4r2_marker_publisher/share/mocap4r2_marker_publisher/hook/cmake_prefix_path.dsv'
[5.181s] INFO:colcon.colcon_core.shell:Creating environment hook '/home/strain-drone/Documents/drone_position_hold/ros2_ws/install/mocap4r2_marker_publisher/share/mocap4r2_marker_publisher/hook/cmake_prefix_path.sh'
[5.184s] Level 1:colcon.colcon_core.environment:checking '/home/strain-drone/Documents/drone_position_hold/ros2_ws/install/mocap4r2_marker_publisher/lib'
[5.185s] Level 1:colcon.colcon_core.environment:checking '/home/strain-drone/Documents/drone_position_hold/ros2_ws/install/mocap4r2_marker_publisher/bin'
[5.185s] Level 1:colcon.colcon_core.environment:checking '/home/strain-drone/Documents/drone_position_hold/ros2_ws/install/mocap4r2_marker_publisher/lib/pkgconfig/mocap4r2_marker_publisher.pc'
[5.186s] Level 1:colcon.colcon_core.environment:checking '/home/strain-drone/Documents/drone_position_hold/ros2_ws/install/mocap4r2_marker_publisher/lib/python3.12/site-packages'
[5.187s] Level 1:colcon.colcon_core.environment:checking '/home/strain-drone/Documents/drone_position_hold/ros2_ws/install/mocap4r2_marker_publisher/bin'
[5.188s] INFO:colcon.colcon_core.shell:Creating package script '/home/strain-drone/Documents/drone_position_hold/ros2_ws/install/mocap4r2_marker_publisher/share/mocap4r2_marker_publisher/package.ps1'
[5.189s] INFO:colcon.colcon_core.shell:Creating package descriptor '/home/strain-drone/Documents/drone_position_hold/ros2_ws/install/mocap4r2_marker_publisher/share/mocap4r2_marker_publisher/package.dsv'
[5.193s] INFO:colcon.colcon_core.shell:Creating package script '/home/strain-drone/Documents/drone_position_hold/ros2_ws/install/mocap4r2_marker_publisher/share/mocap4r2_marker_publisher/package.sh'
[5.195s] INFO:colcon.colcon_core.shell:Creating package script '/home/strain-drone/Documents/drone_position_hold/ros2_ws/install/mocap4r2_marker_publisher/share/mocap4r2_marker_publisher/package.bash'
[5.196s] INFO:colcon.colcon_core.shell:Creating package script '/home/strain-drone/Documents/drone_position_hold/ros2_ws/install/mocap4r2_marker_publisher/share/mocap4r2_marker_publisher/package.zsh'
[5.197s] Level 1:colcon.colcon_core.environment:create_file_with_runtime_dependencies(/home/strain-drone/Documents/drone_position_hold/ros2_ws/install/mocap4r2_marker_publisher/share/colcon-core/packages/mocap4r2_marker_publisher)
[5.198s] INFO:colcon.colcon_ros.task.ament_cmake.build:Building ROS package in '/home/strain-drone/Documents/drone_position_hold/ros2_ws/src/mocap4r2/mocap4r2_marker_viz/mocap4r2_marker_viz' with build type 'ament_cmake'
[5.200s] INFO:colcon.colcon_cmake.task.cmake.build:Building CMake package in '/home/strain-drone/Documents/drone_position_hold/ros2_ws/src/mocap4r2/mocap4r2_marker_viz/mocap4r2_marker_viz'
[5.201s] INFO:colcon.colcon_core.shell:Skip shell extension 'powershell' for command environment: Not usable outside of PowerShell
[5.202s] DEBUG:colcon.colcon_core.shell:Skip shell extension 'dsv' for command environment
[5.212s] DEBUG:colcon.colcon_core.event_handler.log_command:Invoking command in '/home/strain-drone/Documents/drone_position_hold/ros2_ws/src/position_publisher': DEBUGINFOD_URLS=https://debuginfod.ubuntu.com PS1=(venv-ardupilot) \[\e]0;\u@\h: \w\a\]${debian_chroot:+($debian_chroot)}\[\033[01;32m\]\u@\h\[\033[00m\]:\[\033[01;34m\]\w\[\033[00m\]\$ PYTHONPATH=/home/strain-drone/Documents/drone_position_hold/ros2_ws/build/position_publisher/prefix_override:/usr/lib/python3/dist-packages/colcon_core/task/python/colcon_distutils_commands:/home/strain-drone/Documents/drone_position_hold/ros2_ws/install/position_publisher/lib/python3.12/site-packages:${PYTHONPATH} VIRTUAL_ENV_PROMPT=(venv-ardupilot) /usr/bin/python3 -W ignore:setup.py install is deprecated -W ignore:easy_install command is deprecated setup.py egg_info --egg-base ../../build/position_publisher build --build-base /home/strain-drone/Documents/drone_position_hold/ros2_ws/build/position_publisher/build install --record /home/strain-drone/Documents/drone_position_hold/ros2_ws/build/position_publisher/install.log --single-version-externally-managed install_data
[5.242s] DEBUG:colcon.colcon_core.event_handler.log_command:Invoking command in '/home/strain-drone/Documents/drone_position_hold/ros2_ws/build/mocap4r2_marker_viz': CMAKE_PREFIX_PATH=/home/strain-drone/Documents/drone_position_hold/ros2_ws/install/mocap4r2_msgs:/home/strain-drone/Documents/drone_position_hold/ros2_ws/install/mocap4r2_marker_viz_srvs:/home/strain-drone/Documents/drone_position_hold/ros2_ws/install/rqt_mocap4r2_control:/home/strain-drone/Documents/drone_position_hold/ros2_ws/install/natnet_ros2:/home/strain-drone/Documents/drone_position_hold/ros2_ws/install/mocap4r2_vicon_driver:/home/strain-drone/Documents/drone_position_hold/ros2_ws/install/mocap4r2_robot_gt:/home/strain-drone/Documents/drone_position_hold/ros2_ws/install/mocap4r2_robot_gt_msgs:/home/strain-drone/Documents/drone_position_hold/ros2_ws/install/mocap4r2_marker_viz:/home/strain-drone/Documents/drone_position_hold/ros2_ws/install/mocap4r2_marker_publisher:/home/strain-drone/Documents/drone_position_hold/ros2_ws/install/mocap4r2_dummy_driver:/home/strain-drone/Documents/drone_position_hold/ros2_ws/install/mocap4r2_control:/home/strain-drone/Documents/drone_position_hold/ros2_ws/install/mocap4r2_control_msgs:/opt/ros/jazzy/opt/gz_math_vendor:/opt/ros/jazzy/opt/gz_utils_vendor:/opt/ros/jazzy/opt/gz_cmake_vendor:/home/strain-drone/Documents/drone_position_hold/ros2_ws/install/visualizer:/home/strain-drone/Documents/drone_position_hold/ros2_ws/install/position_publisher:/home/strain-drone/Documents/drone_position_hold/ros2_ws/install/mocap4r2cli:/home/strain-drone/Documents/drone_position_hold/ros2_ws/install/mavros_config:/opt/ros/jazzy DEBUGINFOD_URLS=https://debuginfod.ubuntu.com LD_LIBRARY_PATH=/home/strain-drone/Documents/drone_position_hold/ros2_ws/install/mocap4r2_msgs/lib:/home/strain-drone/Documents/drone_position_hold/ros2_ws/install/mocap4r2_marker_viz_srvs/lib:/home/strain-drone/Documents/drone_position_hold/ros2_ws/install/rqt_mocap4r2_control/lib:/home/strain-drone/Documents/drone_position_hold/ros2_ws/install/natnet_ros2/lib:/home/strain-drone/Documents/drone_position_hold/ros2_ws/install/mocap4r2_vicon_driver/lib:/home/strain-drone/Documents/drone_position_hold/ros2_ws/install/mocap4r2_robot_gt/lib:/home/strain-drone/Documents/drone_position_hold/ros2_ws/install/mocap4r2_robot_gt_msgs/lib:/home/strain-drone/Documents/drone_position_hold/ros2_ws/install/mocap4r2_control/lib:/home/strain-drone/Documents/drone_position_hold/ros2_ws/install/mocap4r2_control_msgs/lib:/opt/ros/jazzy/opt/rviz_ogre_vendor/lib:/opt/ros/jazzy/lib/aarch64-linux-gnu:/opt/ros/jazzy/opt/gz_math_vendor/lib:/opt/ros/jazzy/opt/gz_utils_vendor/lib:/opt/ros/jazzy/opt/gz_cmake_vendor/lib:/opt/ros/jazzy/lib:/home/strain-drone/Documents/drone_position_hold/ros2_ws/src/natnet_ros2/deps/NatNetSDK/lib PS1=(venv-ardupilot) \[\e]0;\u@\h: \w\a\]${debian_chroot:+($debian_chroot)}\[\033[01;32m\]\u@\h\[\033[00m\]:\[\033[01;34m\]\w\[\033[00m\]\$ PYTHONPATH=/home/strain-drone/Documents/drone_position_hold/ros2_ws/install/mocap4r2_msgs/lib/python3.12/site-packages:/home/strain-drone/Documents/drone_position_hold/ros2_ws/install/mocap4r2_marker_viz_srvs/lib/python3.12/site-packages:/home/strain-drone/Documents/drone_position_hold/ros2_ws/install/visualizer/lib/python3.12/site-packages:/home/strain-drone/Documents/drone_position_hold/ros2_ws/install/position_publisher/lib/python3.12/site-packages:/home/strain-drone/Documents/drone_position_hold/ros2_ws/install/natnet_ros2/lib/python3.12/site-packages:/home/strain-drone/Documents/drone_position_hold/ros2_ws/install/mocap4r2cli/lib/python3.12/site-packages:/home/strain-drone/Documents/drone_position_hold/ros2_ws/install/mocap4r2_robot_gt_msgs/lib/python3.12/site-packages:/home/strain-drone/Documents/drone_position_hold/ros2_ws/install/mocap4r2_control_msgs/lib/python3.12/site-packages:/home/strain-drone/Documents/drone_position_hold/ros2_ws/install/mavros_config/lib/python3.12/site-packages:/opt/ros/jazzy/lib/python3.12/site-packages VIRTUAL_ENV_PROMPT=(venv-ardupilot) /usr/bin/cmake --build /home/strain-drone/Documents/drone_position_hold/ros2_ws/build/mocap4r2_marker_viz -- -j4 -l4
[5.469s] DEBUG:colcon.colcon_core.event_handler.log_command:Invoked command in '/home/strain-drone/Documents/drone_position_hold/ros2_ws/build/mocap4r2_marker_viz' returned '0': CMAKE_PREFIX_PATH=/home/strain-drone/Documents/drone_position_hold/ros2_ws/install/mocap4r2_msgs:/home/strain-drone/Documents/drone_position_hold/ros2_ws/install/mocap4r2_marker_viz_srvs:/home/strain-drone/Documents/drone_position_hold/ros2_ws/install/rqt_mocap4r2_control:/home/strain-drone/Documents/drone_position_hold/ros2_ws/install/natnet_ros2:/home/strain-drone/Documents/drone_position_hold/ros2_ws/install/mocap4r2_vicon_driver:/home/strain-drone/Documents/drone_position_hold/ros2_ws/install/mocap4r2_robot_gt:/home/strain-drone/Documents/drone_position_hold/ros2_ws/install/mocap4r2_robot_gt_msgs:/home/strain-drone/Documents/drone_position_hold/ros2_ws/install/mocap4r2_marker_viz:/home/strain-drone/Documents/drone_position_hold/ros2_ws/install/mocap4r2_marker_publisher:/home/strain-drone/Documents/drone_position_hold/ros2_ws/install/mocap4r2_dummy_driver:/home/strain-drone/Documents/drone_position_hold/ros2_ws/install/mocap4r2_control:/home/strain-drone/Documents/drone_position_hold/ros2_ws/install/mocap4r2_control_msgs:/opt/ros/jazzy/opt/gz_math_vendor:/opt/ros/jazzy/opt/gz_utils_vendor:/opt/ros/jazzy/opt/gz_cmake_vendor:/home/strain-drone/Documents/drone_position_hold/ros2_ws/install/visualizer:/home/strain-drone/Documents/drone_position_hold/ros2_ws/install/position_publisher:/home/strain-drone/Documents/drone_position_hold/ros2_ws/install/mocap4r2cli:/home/strain-drone/Documents/drone_position_hold/ros2_ws/install/mavros_config:/opt/ros/jazzy DEBUGINFOD_URLS=https://debuginfod.ubuntu.com LD_LIBRARY_PATH=/home/strain-drone/Documents/drone_position_hold/ros2_ws/install/mocap4r2_msgs/lib:/home/strain-drone/Documents/drone_position_hold/ros2_ws/install/mocap4r2_marker_viz_srvs/lib:/home/strain-drone/Documents/drone_position_hold/ros2_ws/install/rqt_mocap4r2_control/lib:/home/strain-drone/Documents/drone_position_hold/ros2_ws/install/natnet_ros2/lib:/home/strain-drone/Documents/drone_position_hold/ros2_ws/install/mocap4r2_vicon_driver/lib:/home/strain-drone/Documents/drone_position_hold/ros2_ws/install/mocap4r2_robot_gt/lib:/home/strain-drone/Documents/drone_position_hold/ros2_ws/install/mocap4r2_robot_gt_msgs/lib:/home/strain-drone/Documents/drone_position_hold/ros2_ws/install/mocap4r2_control/lib:/home/strain-drone/Documents/drone_position_hold/ros2_ws/install/mocap4r2_control_msgs/lib:/opt/ros/jazzy/opt/rviz_ogre_vendor/lib:/opt/ros/jazzy/lib/aarch64-linux-gnu:/opt/ros/jazzy/opt/gz_math_vendor/lib:/opt/ros/jazzy/opt/gz_utils_vendor/lib:/opt/ros/jazzy/opt/gz_cmake_vendor/lib:/opt/ros/jazzy/lib:/home/strain-drone/Documents/drone_position_hold/ros2_ws/src/natnet_ros2/deps/NatNetSDK/lib PS1=(venv-ardupilot) \[\e]0;\u@\h: \w\a\]${debian_chroot:+($debian_chroot)}\[\033[01;32m\]\u@\h\[\033[00m\]:\[\033[01;34m\]\w\[\033[00m\]\$ PYTHONPATH=/home/strain-drone/Documents/drone_position_hold/ros2_ws/install/mocap4r2_msgs/lib/python3.12/site-packages:/home/strain-drone/Documents/drone_position_hold/ros2_ws/install/mocap4r2_marker_viz_srvs/lib/python3.12/site-packages:/home/strain-drone/Documents/drone_position_hold/ros2_ws/install/visualizer/lib/python3.12/site-packages:/home/strain-drone/Documents/drone_position_hold/ros2_ws/install/position_publisher/lib/python3.12/site-packages:/home/strain-drone/Documents/drone_position_hold/ros2_ws/install/natnet_ros2/lib/python3.12/site-packages:/home/strain-drone/Documents/drone_position_hold/ros2_ws/install/mocap4r2cli/lib/python3.12/site-packages:/home/strain-drone/Documents/drone_position_hold/ros2_ws/install/mocap4r2_robot_gt_msgs/lib/python3.12/site-packages:/home/strain-drone/Documents/drone_position_hold/ros2_ws/install/mocap4r2_control_msgs/lib/python3.12/site-packages:/home/strain-drone/Documents/drone_position_hold/ros2_ws/install/mavros_config/lib/python3.12/site-packages:/opt/ros/jazzy/lib/python3.12/site-packages VIRTUAL_ENV_PROMPT=(venv-ardupilot) /usr/bin/cmake --build /home/strain-drone/Documents/drone_position_hold/ros2_ws/build/mocap4r2_marker_viz -- -j4 -l4
[5.471s] DEBUG:colcon.colcon_core.event_handler.log_command:Invoking command in '/home/strain-drone/Documents/drone_position_hold/ros2_ws/build/mocap4r2_marker_viz': CMAKE_PREFIX_PATH=/home/strain-drone/Documents/drone_position_hold/ros2_ws/install/mocap4r2_msgs:/home/strain-drone/Documents/drone_position_hold/ros2_ws/install/mocap4r2_marker_viz_srvs:/home/strain-drone/Documents/drone_position_hold/ros2_ws/install/rqt_mocap4r2_control:/home/strain-drone/Documents/drone_position_hold/ros2_ws/install/natnet_ros2:/home/strain-drone/Documents/drone_position_hold/ros2_ws/install/mocap4r2_vicon_driver:/home/strain-drone/Documents/drone_position_hold/ros2_ws/install/mocap4r2_robot_gt:/home/strain-drone/Documents/drone_position_hold/ros2_ws/install/mocap4r2_robot_gt_msgs:/home/strain-drone/Documents/drone_position_hold/ros2_ws/install/mocap4r2_marker_viz:/home/strain-drone/Documents/drone_position_hold/ros2_ws/install/mocap4r2_marker_publisher:/home/strain-drone/Documents/drone_position_hold/ros2_ws/install/mocap4r2_dummy_driver:/home/strain-drone/Documents/drone_position_hold/ros2_ws/install/mocap4r2_control:/home/strain-drone/Documents/drone_position_hold/ros2_ws/install/mocap4r2_control_msgs:/opt/ros/jazzy/opt/gz_math_vendor:/opt/ros/jazzy/opt/gz_utils_vendor:/opt/ros/jazzy/opt/gz_cmake_vendor:/home/strain-drone/Documents/drone_position_hold/ros2_ws/install/visualizer:/home/strain-drone/Documents/drone_position_hold/ros2_ws/install/position_publisher:/home/strain-drone/Documents/drone_position_hold/ros2_ws/install/mocap4r2cli:/home/strain-drone/Documents/drone_position_hold/ros2_ws/install/mavros_config:/opt/ros/jazzy DEBUGINFOD_URLS=https://debuginfod.ubuntu.com LD_LIBRARY_PATH=/home/strain-drone/Documents/drone_position_hold/ros2_ws/install/mocap4r2_msgs/lib:/home/strain-drone/Documents/drone_position_hold/ros2_ws/install/mocap4r2_marker_viz_srvs/lib:/home/strain-drone/Documents/drone_position_hold/ros2_ws/install/rqt_mocap4r2_control/lib:/home/strain-drone/Documents/drone_position_hold/ros2_ws/install/natnet_ros2/lib:/home/strain-drone/Documents/drone_position_hold/ros2_ws/install/mocap4r2_vicon_driver/lib:/home/strain-drone/Documents/drone_position_hold/ros2_ws/install/mocap4r2_robot_gt/lib:/home/strain-drone/Documents/drone_position_hold/ros2_ws/install/mocap4r2_robot_gt_msgs/lib:/home/strain-drone/Documents/drone_position_hold/ros2_ws/install/mocap4r2_control/lib:/home/strain-drone/Documents/drone_position_hold/ros2_ws/install/mocap4r2_control_msgs/lib:/opt/ros/jazzy/opt/rviz_ogre_vendor/lib:/opt/ros/jazzy/lib/aarch64-linux-gnu:/opt/ros/jazzy/opt/gz_math_vendor/lib:/opt/ros/jazzy/opt/gz_utils_vendor/lib:/opt/ros/jazzy/opt/gz_cmake_vendor/lib:/opt/ros/jazzy/lib:/home/strain-drone/Documents/drone_position_hold/ros2_ws/src/natnet_ros2/deps/NatNetSDK/lib PS1=(venv-ardupilot) \[\e]0;\u@\h: \w\a\]${debian_chroot:+($debian_chroot)}\[\033[01;32m\]\u@\h\[\033[00m\]:\[\033[01;34m\]\w\[\033[00m\]\$ PYTHONPATH=/home/strain-drone/Documents/drone_position_hold/ros2_ws/install/mocap4r2_msgs/lib/python3.12/site-packages:/home/strain-drone/Documents/drone_position_hold/ros2_ws/install/mocap4r2_marker_viz_srvs/lib/python3.12/site-packages:/home/strain-drone/Documents/drone_position_hold/ros2_ws/install/visualizer/lib/python3.12/site-packages:/home/strain-drone/Documents/drone_position_hold/ros2_ws/install/position_publisher/lib/python3.12/site-packages:/home/strain-drone/Documents/drone_position_hold/ros2_ws/install/natnet_ros2/lib/python3.12/site-packages:/home/strain-drone/Documents/drone_position_hold/ros2_ws/install/mocap4r2cli/lib/python3.12/site-packages:/home/strain-drone/Documents/drone_position_hold/ros2_ws/install/mocap4r2_robot_gt_msgs/lib/python3.12/site-packages:/home/strain-drone/Documents/drone_position_hold/ros2_ws/install/mocap4r2_control_msgs/lib/python3.12/site-packages:/home/strain-drone/Documents/drone_position_hold/ros2_ws/install/mavros_config/lib/python3.12/site-packages:/opt/ros/jazzy/lib/python3.12/site-packages VIRTUAL_ENV_PROMPT=(venv-ardupilot) /usr/bin/cmake --install /home/strain-drone/Documents/drone_position_hold/ros2_ws/build/mocap4r2_marker_viz
[5.512s] Level 1:colcon.colcon_core.environment:create_environment_scripts_only(mocap4r2_marker_viz)
[5.513s] Level 1:colcon.colcon_core.environment:checking '/home/strain-drone/Documents/drone_position_hold/ros2_ws/install/mocap4r2_marker_viz' for CMake module files
[5.514s] Level 1:colcon.colcon_core.environment:checking '/home/strain-drone/Documents/drone_position_hold/ros2_ws/install/mocap4r2_marker_viz' for CMake config files
[5.513s] DEBUG:colcon.colcon_core.event_handler.log_command:Invoked command in '/home/strain-drone/Documents/drone_position_hold/ros2_ws/build/mocap4r2_marker_viz' returned '0': CMAKE_PREFIX_PATH=/home/strain-drone/Documents/drone_position_hold/ros2_ws/install/mocap4r2_msgs:/home/strain-drone/Documents/drone_position_hold/ros2_ws/install/mocap4r2_marker_viz_srvs:/home/strain-drone/Documents/drone_position_hold/ros2_ws/install/rqt_mocap4r2_control:/home/strain-drone/Documents/drone_position_hold/ros2_ws/install/natnet_ros2:/home/strain-drone/Documents/drone_position_hold/ros2_ws/install/mocap4r2_vicon_driver:/home/strain-drone/Documents/drone_position_hold/ros2_ws/install/mocap4r2_robot_gt:/home/strain-drone/Documents/drone_position_hold/ros2_ws/install/mocap4r2_robot_gt_msgs:/home/strain-drone/Documents/drone_position_hold/ros2_ws/install/mocap4r2_marker_viz:/home/strain-drone/Documents/drone_position_hold/ros2_ws/install/mocap4r2_marker_publisher:/home/strain-drone/Documents/drone_position_hold/ros2_ws/install/mocap4r2_dummy_driver:/home/strain-drone/Documents/drone_position_hold/ros2_ws/install/mocap4r2_control:/home/strain-drone/Documents/drone_position_hold/ros2_ws/install/mocap4r2_control_msgs:/opt/ros/jazzy/opt/gz_math_vendor:/opt/ros/jazzy/opt/gz_utils_vendor:/opt/ros/jazzy/opt/gz_cmake_vendor:/home/strain-drone/Documents/drone_position_hold/ros2_ws/install/visualizer:/home/strain-drone/Documents/drone_position_hold/ros2_ws/install/position_publisher:/home/strain-drone/Documents/drone_position_hold/ros2_ws/install/mocap4r2cli:/home/strain-drone/Documents/drone_position_hold/ros2_ws/install/mavros_config:/opt/ros/jazzy DEBUGINFOD_URLS=https://debuginfod.ubuntu.com LD_LIBRARY_PATH=/home/strain-drone/Documents/drone_position_hold/ros2_ws/install/mocap4r2_msgs/lib:/home/strain-drone/Documents/drone_position_hold/ros2_ws/install/mocap4r2_marker_viz_srvs/lib:/home/strain-drone/Documents/drone_position_hold/ros2_ws/install/rqt_mocap4r2_control/lib:/home/strain-drone/Documents/drone_position_hold/ros2_ws/install/natnet_ros2/lib:/home/strain-drone/Documents/drone_position_hold/ros2_ws/install/mocap4r2_vicon_driver/lib:/home/strain-drone/Documents/drone_position_hold/ros2_ws/install/mocap4r2_robot_gt/lib:/home/strain-drone/Documents/drone_position_hold/ros2_ws/install/mocap4r2_robot_gt_msgs/lib:/home/strain-drone/Documents/drone_position_hold/ros2_ws/install/mocap4r2_control/lib:/home/strain-drone/Documents/drone_position_hold/ros2_ws/install/mocap4r2_control_msgs/lib:/opt/ros/jazzy/opt/rviz_ogre_vendor/lib:/opt/ros/jazzy/lib/aarch64-linux-gnu:/opt/ros/jazzy/opt/gz_math_vendor/lib:/opt/ros/jazzy/opt/gz_utils_vendor/lib:/opt/ros/jazzy/opt/gz_cmake_vendor/lib:/opt/ros/jazzy/lib:/home/strain-drone/Documents/drone_position_hold/ros2_ws/src/natnet_ros2/deps/NatNetSDK/lib PS1=(venv-ardupilot) \[\e]0;\u@\h: \w\a\]${debian_chroot:+($debian_chroot)}\[\033[01;32m\]\u@\h\[\033[00m\]:\[\033[01;34m\]\w\[\033[00m\]\$ PYTHONPATH=/home/strain-drone/Documents/drone_position_hold/ros2_ws/install/mocap4r2_msgs/lib/python3.12/site-packages:/home/strain-drone/Documents/drone_position_hold/ros2_ws/install/mocap4r2_marker_viz_srvs/lib/python3.12/site-packages:/home/strain-drone/Documents/drone_position_hold/ros2_ws/install/visualizer/lib/python3.12/site-packages:/home/strain-drone/Documents/drone_position_hold/ros2_ws/install/position_publisher/lib/python3.12/site-packages:/home/strain-drone/Documents/drone_position_hold/ros2_ws/install/natnet_ros2/lib/python3.12/site-packages:/home/strain-drone/Documents/drone_position_hold/ros2_ws/install/mocap4r2cli/lib/python3.12/site-packages:/home/strain-drone/Documents/drone_position_hold/ros2_ws/install/mocap4r2_robot_gt_msgs/lib/python3.12/site-packages:/home/strain-drone/Documents/drone_position_hold/ros2_ws/install/mocap4r2_control_msgs/lib/python3.12/site-packages:/home/strain-drone/Documents/drone_position_hold/ros2_ws/install/mavros_config/lib/python3.12/site-packages:/opt/ros/jazzy/lib/python3.12/site-packages VIRTUAL_ENV_PROMPT=(venv-ardupilot) /usr/bin/cmake --install /home/strain-drone/Documents/drone_position_hold/ros2_ws/build/mocap4r2_marker_viz
[5.515s] Level 1:colcon.colcon_core.shell:create_environment_hook('mocap4r2_marker_viz', 'cmake_prefix_path')
[5.515s] INFO:colcon.colcon_core.shell:Creating environment hook '/home/strain-drone/Documents/drone_position_hold/ros2_ws/install/mocap4r2_marker_viz/share/mocap4r2_marker_viz/hook/cmake_prefix_path.ps1'
[5.516s] INFO:colcon.colcon_core.shell:Creating environment descriptor '/home/strain-drone/Documents/drone_position_hold/ros2_ws/install/mocap4r2_marker_viz/share/mocap4r2_marker_viz/hook/cmake_prefix_path.dsv'
[5.517s] INFO:colcon.colcon_core.shell:Creating environment hook '/home/strain-drone/Documents/drone_position_hold/ros2_ws/install/mocap4r2_marker_viz/share/mocap4r2_marker_viz/hook/cmake_prefix_path.sh'
[5.519s] Level 1:colcon.colcon_core.environment:checking '/home/strain-drone/Documents/drone_position_hold/ros2_ws/install/mocap4r2_marker_viz/lib'
[5.519s] Level 1:colcon.colcon_core.environment:checking '/home/strain-drone/Documents/drone_position_hold/ros2_ws/install/mocap4r2_marker_viz/bin'
[5.519s] Level 1:colcon.colcon_core.environment:checking '/home/strain-drone/Documents/drone_position_hold/ros2_ws/install/mocap4r2_marker_viz/lib/pkgconfig/mocap4r2_marker_viz.pc'
[5.520s] Level 1:colcon.colcon_core.environment:checking '/home/strain-drone/Documents/drone_position_hold/ros2_ws/install/mocap4r2_marker_viz/lib/python3.12/site-packages'
[5.520s] Level 1:colcon.colcon_core.environment:checking '/home/strain-drone/Documents/drone_position_hold/ros2_ws/install/mocap4r2_marker_viz/bin'
[5.521s] INFO:colcon.colcon_core.shell:Creating package script '/home/strain-drone/Documents/drone_position_hold/ros2_ws/install/mocap4r2_marker_viz/share/mocap4r2_marker_viz/package.ps1'
[5.522s] INFO:colcon.colcon_core.shell:Creating package descriptor '/home/strain-drone/Documents/drone_position_hold/ros2_ws/install/mocap4r2_marker_viz/share/mocap4r2_marker_viz/package.dsv'
[5.524s] INFO:colcon.colcon_core.shell:Creating package script '/home/strain-drone/Documents/drone_position_hold/ros2_ws/install/mocap4r2_marker_viz/share/mocap4r2_marker_viz/package.sh'
[5.525s] INFO:colcon.colcon_core.shell:Creating package script '/home/strain-drone/Documents/drone_position_hold/ros2_ws/install/mocap4r2_marker_viz/share/mocap4r2_marker_viz/package.bash'
[5.526s] INFO:colcon.colcon_core.shell:Creating package script '/home/strain-drone/Documents/drone_position_hold/ros2_ws/install/mocap4r2_marker_viz/share/mocap4r2_marker_viz/package.zsh'
[5.528s] Level 1:colcon.colcon_core.environment:create_file_with_runtime_dependencies(/home/strain-drone/Documents/drone_position_hold/ros2_ws/install/mocap4r2_marker_viz/share/colcon-core/packages/mocap4r2_marker_viz)
[5.530s] Level 1:colcon.colcon_core.environment:create_environment_scripts_only(mocap4r2_marker_viz)
[5.530s] Level 1:colcon.colcon_core.environment:checking '/home/strain-drone/Documents/drone_position_hold/ros2_ws/install/mocap4r2_marker_viz' for CMake module files
[5.531s] Level 1:colcon.colcon_core.environment:checking '/home/strain-drone/Documents/drone_position_hold/ros2_ws/install/mocap4r2_marker_viz' for CMake config files
[5.532s] Level 1:colcon.colcon_core.shell:create_environment_hook('mocap4r2_marker_viz', 'cmake_prefix_path')
[5.532s] INFO:colcon.colcon_core.shell:Creating environment hook '/home/strain-drone/Documents/drone_position_hold/ros2_ws/install/mocap4r2_marker_viz/share/mocap4r2_marker_viz/hook/cmake_prefix_path.ps1'
[5.533s] INFO:colcon.colcon_core.shell:Creating environment descriptor '/home/strain-drone/Documents/drone_position_hold/ros2_ws/install/mocap4r2_marker_viz/share/mocap4r2_marker_viz/hook/cmake_prefix_path.dsv'
[5.535s] INFO:colcon.colcon_core.shell:Creating environment hook '/home/strain-drone/Documents/drone_position_hold/ros2_ws/install/mocap4r2_marker_viz/share/mocap4r2_marker_viz/hook/cmake_prefix_path.sh'
[5.537s] Level 1:colcon.colcon_core.environment:checking '/home/strain-drone/Documents/drone_position_hold/ros2_ws/install/mocap4r2_marker_viz/lib'
[5.537s] Level 1:colcon.colcon_core.environment:checking '/home/strain-drone/Documents/drone_position_hold/ros2_ws/install/mocap4r2_marker_viz/bin'
[5.537s] Level 1:colcon.colcon_core.environment:checking '/home/strain-drone/Documents/drone_position_hold/ros2_ws/install/mocap4r2_marker_viz/lib/pkgconfig/mocap4r2_marker_viz.pc'
[5.538s] Level 1:colcon.colcon_core.environment:checking '/home/strain-drone/Documents/drone_position_hold/ros2_ws/install/mocap4r2_marker_viz/lib/python3.12/site-packages'
[5.539s] Level 1:colcon.colcon_core.environment:checking '/home/strain-drone/Documents/drone_position_hold/ros2_ws/install/mocap4r2_marker_viz/bin'
[5.540s] INFO:colcon.colcon_core.shell:Creating package script '/home/strain-drone/Documents/drone_position_hold/ros2_ws/install/mocap4r2_marker_viz/share/mocap4r2_marker_viz/package.ps1'
[5.541s] INFO:colcon.colcon_core.shell:Creating package descriptor '/home/strain-drone/Documents/drone_position_hold/ros2_ws/install/mocap4r2_marker_viz/share/mocap4r2_marker_viz/package.dsv'
[5.545s] INFO:colcon.colcon_core.shell:Creating package script '/home/strain-drone/Documents/drone_position_hold/ros2_ws/install/mocap4r2_marker_viz/share/mocap4r2_marker_viz/package.sh'
[5.581s] INFO:colcon.colcon_core.shell:Creating package script '/home/strain-drone/Documents/drone_position_hold/ros2_ws/install/mocap4r2_marker_viz/share/mocap4r2_marker_viz/package.bash'
[5.583s] INFO:colcon.colcon_core.shell:Creating package script '/home/strain-drone/Documents/drone_position_hold/ros2_ws/install/mocap4r2_marker_viz/share/mocap4r2_marker_viz/package.zsh'
[5.585s] Level 1:colcon.colcon_core.environment:create_file_with_runtime_dependencies(/home/strain-drone/Documents/drone_position_hold/ros2_ws/install/mocap4r2_marker_viz/share/colcon-core/packages/mocap4r2_marker_viz)
[5.587s] INFO:colcon.colcon_ros.task.ament_cmake.build:Building ROS package in '/home/strain-drone/Documents/drone_position_hold/ros2_ws/src/mocap4r2/mocap4r2_robot_gt/mocap4r2_robot_gt' with build type 'ament_cmake'
[5.588s] INFO:colcon.colcon_cmake.task.cmake.build:Building CMake package in '/home/strain-drone/Documents/drone_position_hold/ros2_ws/src/mocap4r2/mocap4r2_robot_gt/mocap4r2_robot_gt'
[5.589s] INFO:colcon.colcon_core.shell:Skip shell extension 'powershell' for command environment: Not usable outside of PowerShell
[5.589s] DEBUG:colcon.colcon_core.shell:Skip shell extension 'dsv' for command environment
[5.621s] DEBUG:colcon.colcon_core.event_handler.log_command:Invoking command in '/home/strain-drone/Documents/drone_position_hold/ros2_ws/build/mocap4r2_robot_gt': CMAKE_PREFIX_PATH=/home/strain-drone/Documents/drone_position_hold/ros2_ws/install/mocap4r2_robot_gt_msgs:/home/strain-drone/Documents/drone_position_hold/ros2_ws/install/mocap4r2_msgs:/home/strain-drone/Documents/drone_position_hold/ros2_ws/install/rqt_mocap4r2_control:/home/strain-drone/Documents/drone_position_hold/ros2_ws/install/natnet_ros2:/home/strain-drone/Documents/drone_position_hold/ros2_ws/install/mocap4r2_vicon_driver:/home/strain-drone/Documents/drone_position_hold/ros2_ws/install/mocap4r2_robot_gt:/home/strain-drone/Documents/drone_position_hold/ros2_ws/install/mocap4r2_marker_viz:/home/strain-drone/Documents/drone_position_hold/ros2_ws/install/mocap4r2_marker_publisher:/home/strain-drone/Documents/drone_position_hold/ros2_ws/install/mocap4r2_dummy_driver:/home/strain-drone/Documents/drone_position_hold/ros2_ws/install/mocap4r2_marker_viz_srvs:/home/strain-drone/Documents/drone_position_hold/ros2_ws/install/mocap4r2_control:/home/strain-drone/Documents/drone_position_hold/ros2_ws/install/mocap4r2_control_msgs:/opt/ros/jazzy/opt/gz_math_vendor:/opt/ros/jazzy/opt/gz_utils_vendor:/opt/ros/jazzy/opt/gz_cmake_vendor:/home/strain-drone/Documents/drone_position_hold/ros2_ws/install/visualizer:/home/strain-drone/Documents/drone_position_hold/ros2_ws/install/position_publisher:/home/strain-drone/Documents/drone_position_hold/ros2_ws/install/mocap4r2cli:/home/strain-drone/Documents/drone_position_hold/ros2_ws/install/mavros_config:/opt/ros/jazzy DEBUGINFOD_URLS=https://debuginfod.ubuntu.com LD_LIBRARY_PATH=/home/strain-drone/Documents/drone_position_hold/ros2_ws/install/mocap4r2_robot_gt_msgs/lib:/home/strain-drone/Documents/drone_position_hold/ros2_ws/install/mocap4r2_msgs/lib:/home/strain-drone/Documents/drone_position_hold/ros2_ws/install/rqt_mocap4r2_control/lib:/home/strain-drone/Documents/drone_position_hold/ros2_ws/install/natnet_ros2/lib:/home/strain-drone/Documents/drone_position_hold/ros2_ws/install/mocap4r2_vicon_driver/lib:/home/strain-drone/Documents/drone_position_hold/ros2_ws/install/mocap4r2_robot_gt/lib:/home/strain-drone/Documents/drone_position_hold/ros2_ws/install/mocap4r2_marker_viz_srvs/lib:/home/strain-drone/Documents/drone_position_hold/ros2_ws/install/mocap4r2_control/lib:/home/strain-drone/Documents/drone_position_hold/ros2_ws/install/mocap4r2_control_msgs/lib:/opt/ros/jazzy/opt/rviz_ogre_vendor/lib:/opt/ros/jazzy/lib/aarch64-linux-gnu:/opt/ros/jazzy/opt/gz_math_vendor/lib:/opt/ros/jazzy/opt/gz_utils_vendor/lib:/opt/ros/jazzy/opt/gz_cmake_vendor/lib:/opt/ros/jazzy/lib:/home/strain-drone/Documents/drone_position_hold/ros2_ws/src/natnet_ros2/deps/NatNetSDK/lib PS1=(venv-ardupilot) \[\e]0;\u@\h: \w\a\]${debian_chroot:+($debian_chroot)}\[\033[01;32m\]\u@\h\[\033[00m\]:\[\033[01;34m\]\w\[\033[00m\]\$ PYTHONPATH=/home/strain-drone/Documents/drone_position_hold/ros2_ws/install/mocap4r2_robot_gt_msgs/lib/python3.12/site-packages:/home/strain-drone/Documents/drone_position_hold/ros2_ws/install/mocap4r2_msgs/lib/python3.12/site-packages:/home/strain-drone/Documents/drone_position_hold/ros2_ws/install/visualizer/lib/python3.12/site-packages:/home/strain-drone/Documents/drone_position_hold/ros2_ws/install/position_publisher/lib/python3.12/site-packages:/home/strain-drone/Documents/drone_position_hold/ros2_ws/install/natnet_ros2/lib/python3.12/site-packages:/home/strain-drone/Documents/drone_position_hold/ros2_ws/install/mocap4r2cli/lib/python3.12/site-packages:/home/strain-drone/Documents/drone_position_hold/ros2_ws/install/mocap4r2_marker_viz_srvs/lib/python3.12/site-packages:/home/strain-drone/Documents/drone_position_hold/ros2_ws/install/mocap4r2_control_msgs/lib/python3.12/site-packages:/home/strain-drone/Documents/drone_position_hold/ros2_ws/install/mavros_config/lib/python3.12/site-packages:/opt/ros/jazzy/lib/python3.12/site-packages VIRTUAL_ENV_PROMPT=(venv-ardupilot) /usr/bin/cmake --build /home/strain-drone/Documents/drone_position_hold/ros2_ws/build/mocap4r2_robot_gt -- -j4 -l4
[5.860s] DEBUG:colcon.colcon_core.event_handler.log_command:Invoking command in '/home/strain-drone/Documents/drone_position_hold/ros2_ws/src/visualizer': DEBUGINFOD_URLS=https://debuginfod.ubuntu.com PS1=(venv-ardupilot) \[\e]0;\u@\h: \w\a\]${debian_chroot:+($debian_chroot)}\[\033[01;32m\]\u@\h\[\033[00m\]:\[\033[01;34m\]\w\[\033[00m\]\$ PYTHONPATH=/home/strain-drone/Documents/drone_position_hold/ros2_ws/build/visualizer/prefix_override:/usr/lib/python3/dist-packages/colcon_core/task/python/colcon_distutils_commands:/home/strain-drone/Documents/drone_position_hold/ros2_ws/install/visualizer/lib/python3.12/site-packages:${PYTHONPATH} VIRTUAL_ENV_PROMPT=(venv-ardupilot) /usr/bin/python3 -W ignore:setup.py install is deprecated -W ignore:easy_install command is deprecated setup.py egg_info --egg-base ../../build/visualizer build --build-base /home/strain-drone/Documents/drone_position_hold/ros2_ws/build/visualizer/build install --record /home/strain-drone/Documents/drone_position_hold/ros2_ws/build/visualizer/install.log --single-version-externally-managed install_data
[5.961s] DEBUG:colcon.colcon_core.event_handler.log_command:Invoked command in '/home/strain-drone/Documents/drone_position_hold/ros2_ws/build/mocap4r2_robot_gt' returned '0': CMAKE_PREFIX_PATH=/home/strain-drone/Documents/drone_position_hold/ros2_ws/install/mocap4r2_robot_gt_msgs:/home/strain-drone/Documents/drone_position_hold/ros2_ws/install/mocap4r2_msgs:/home/strain-drone/Documents/drone_position_hold/ros2_ws/install/rqt_mocap4r2_control:/home/strain-drone/Documents/drone_position_hold/ros2_ws/install/natnet_ros2:/home/strain-drone/Documents/drone_position_hold/ros2_ws/install/mocap4r2_vicon_driver:/home/strain-drone/Documents/drone_position_hold/ros2_ws/install/mocap4r2_robot_gt:/home/strain-drone/Documents/drone_position_hold/ros2_ws/install/mocap4r2_marker_viz:/home/strain-drone/Documents/drone_position_hold/ros2_ws/install/mocap4r2_marker_publisher:/home/strain-drone/Documents/drone_position_hold/ros2_ws/install/mocap4r2_dummy_driver:/home/strain-drone/Documents/drone_position_hold/ros2_ws/install/mocap4r2_marker_viz_srvs:/home/strain-drone/Documents/drone_position_hold/ros2_ws/install/mocap4r2_control:/home/strain-drone/Documents/drone_position_hold/ros2_ws/install/mocap4r2_control_msgs:/opt/ros/jazzy/opt/gz_math_vendor:/opt/ros/jazzy/opt/gz_utils_vendor:/opt/ros/jazzy/opt/gz_cmake_vendor:/home/strain-drone/Documents/drone_position_hold/ros2_ws/install/visualizer:/home/strain-drone/Documents/drone_position_hold/ros2_ws/install/position_publisher:/home/strain-drone/Documents/drone_position_hold/ros2_ws/install/mocap4r2cli:/home/strain-drone/Documents/drone_position_hold/ros2_ws/install/mavros_config:/opt/ros/jazzy DEBUGINFOD_URLS=https://debuginfod.ubuntu.com LD_LIBRARY_PATH=/home/strain-drone/Documents/drone_position_hold/ros2_ws/install/mocap4r2_robot_gt_msgs/lib:/home/strain-drone/Documents/drone_position_hold/ros2_ws/install/mocap4r2_msgs/lib:/home/strain-drone/Documents/drone_position_hold/ros2_ws/install/rqt_mocap4r2_control/lib:/home/strain-drone/Documents/drone_position_hold/ros2_ws/install/natnet_ros2/lib:/home/strain-drone/Documents/drone_position_hold/ros2_ws/install/mocap4r2_vicon_driver/lib:/home/strain-drone/Documents/drone_position_hold/ros2_ws/install/mocap4r2_robot_gt/lib:/home/strain-drone/Documents/drone_position_hold/ros2_ws/install/mocap4r2_marker_viz_srvs/lib:/home/strain-drone/Documents/drone_position_hold/ros2_ws/install/mocap4r2_control/lib:/home/strain-drone/Documents/drone_position_hold/ros2_ws/install/mocap4r2_control_msgs/lib:/opt/ros/jazzy/opt/rviz_ogre_vendor/lib:/opt/ros/jazzy/lib/aarch64-linux-gnu:/opt/ros/jazzy/opt/gz_math_vendor/lib:/opt/ros/jazzy/opt/gz_utils_vendor/lib:/opt/ros/jazzy/opt/gz_cmake_vendor/lib:/opt/ros/jazzy/lib:/home/strain-drone/Documents/drone_position_hold/ros2_ws/src/natnet_ros2/deps/NatNetSDK/lib PS1=(venv-ardupilot) \[\e]0;\u@\h: \w\a\]${debian_chroot:+($debian_chroot)}\[\033[01;32m\]\u@\h\[\033[00m\]:\[\033[01;34m\]\w\[\033[00m\]\$ PYTHONPATH=/home/strain-drone/Documents/drone_position_hold/ros2_ws/install/mocap4r2_robot_gt_msgs/lib/python3.12/site-packages:/home/strain-drone/Documents/drone_position_hold/ros2_ws/install/mocap4r2_msgs/lib/python3.12/site-packages:/home/strain-drone/Documents/drone_position_hold/ros2_ws/install/visualizer/lib/python3.12/site-packages:/home/strain-drone/Documents/drone_position_hold/ros2_ws/install/position_publisher/lib/python3.12/site-packages:/home/strain-drone/Documents/drone_position_hold/ros2_ws/install/natnet_ros2/lib/python3.12/site-packages:/home/strain-drone/Documents/drone_position_hold/ros2_ws/install/mocap4r2cli/lib/python3.12/site-packages:/home/strain-drone/Documents/drone_position_hold/ros2_ws/install/mocap4r2_marker_viz_srvs/lib/python3.12/site-packages:/home/strain-drone/Documents/drone_position_hold/ros2_ws/install/mocap4r2_control_msgs/lib/python3.12/site-packages:/home/strain-drone/Documents/drone_position_hold/ros2_ws/install/mavros_config/lib/python3.12/site-packages:/opt/ros/jazzy/lib/python3.12/site-packages VIRTUAL_ENV_PROMPT=(venv-ardupilot) /usr/bin/cmake --build /home/strain-drone/Documents/drone_position_hold/ros2_ws/build/mocap4r2_robot_gt -- -j4 -l4
[5.963s] DEBUG:colcon.colcon_core.event_handler.log_command:Invoking command in '/home/strain-drone/Documents/drone_position_hold/ros2_ws/build/mocap4r2_robot_gt': CMAKE_PREFIX_PATH=/home/strain-drone/Documents/drone_position_hold/ros2_ws/install/mocap4r2_robot_gt_msgs:/home/strain-drone/Documents/drone_position_hold/ros2_ws/install/mocap4r2_msgs:/home/strain-drone/Documents/drone_position_hold/ros2_ws/install/rqt_mocap4r2_control:/home/strain-drone/Documents/drone_position_hold/ros2_ws/install/natnet_ros2:/home/strain-drone/Documents/drone_position_hold/ros2_ws/install/mocap4r2_vicon_driver:/home/strain-drone/Documents/drone_position_hold/ros2_ws/install/mocap4r2_robot_gt:/home/strain-drone/Documents/drone_position_hold/ros2_ws/install/mocap4r2_marker_viz:/home/strain-drone/Documents/drone_position_hold/ros2_ws/install/mocap4r2_marker_publisher:/home/strain-drone/Documents/drone_position_hold/ros2_ws/install/mocap4r2_dummy_driver:/home/strain-drone/Documents/drone_position_hold/ros2_ws/install/mocap4r2_marker_viz_srvs:/home/strain-drone/Documents/drone_position_hold/ros2_ws/install/mocap4r2_control:/home/strain-drone/Documents/drone_position_hold/ros2_ws/install/mocap4r2_control_msgs:/opt/ros/jazzy/opt/gz_math_vendor:/opt/ros/jazzy/opt/gz_utils_vendor:/opt/ros/jazzy/opt/gz_cmake_vendor:/home/strain-drone/Documents/drone_position_hold/ros2_ws/install/visualizer:/home/strain-drone/Documents/drone_position_hold/ros2_ws/install/position_publisher:/home/strain-drone/Documents/drone_position_hold/ros2_ws/install/mocap4r2cli:/home/strain-drone/Documents/drone_position_hold/ros2_ws/install/mavros_config:/opt/ros/jazzy DEBUGINFOD_URLS=https://debuginfod.ubuntu.com LD_LIBRARY_PATH=/home/strain-drone/Documents/drone_position_hold/ros2_ws/install/mocap4r2_robot_gt_msgs/lib:/home/strain-drone/Documents/drone_position_hold/ros2_ws/install/mocap4r2_msgs/lib:/home/strain-drone/Documents/drone_position_hold/ros2_ws/install/rqt_mocap4r2_control/lib:/home/strain-drone/Documents/drone_position_hold/ros2_ws/install/natnet_ros2/lib:/home/strain-drone/Documents/drone_position_hold/ros2_ws/install/mocap4r2_vicon_driver/lib:/home/strain-drone/Documents/drone_position_hold/ros2_ws/install/mocap4r2_robot_gt/lib:/home/strain-drone/Documents/drone_position_hold/ros2_ws/install/mocap4r2_marker_viz_srvs/lib:/home/strain-drone/Documents/drone_position_hold/ros2_ws/install/mocap4r2_control/lib:/home/strain-drone/Documents/drone_position_hold/ros2_ws/install/mocap4r2_control_msgs/lib:/opt/ros/jazzy/opt/rviz_ogre_vendor/lib:/opt/ros/jazzy/lib/aarch64-linux-gnu:/opt/ros/jazzy/opt/gz_math_vendor/lib:/opt/ros/jazzy/opt/gz_utils_vendor/lib:/opt/ros/jazzy/opt/gz_cmake_vendor/lib:/opt/ros/jazzy/lib:/home/strain-drone/Documents/drone_position_hold/ros2_ws/src/natnet_ros2/deps/NatNetSDK/lib PS1=(venv-ardupilot) \[\e]0;\u@\h: \w\a\]${debian_chroot:+($debian_chroot)}\[\033[01;32m\]\u@\h\[\033[00m\]:\[\033[01;34m\]\w\[\033[00m\]\$ PYTHONPATH=/home/strain-drone/Documents/drone_position_hold/ros2_ws/install/mocap4r2_robot_gt_msgs/lib/python3.12/site-packages:/home/strain-drone/Documents/drone_position_hold/ros2_ws/install/mocap4r2_msgs/lib/python3.12/site-packages:/home/strain-drone/Documents/drone_position_hold/ros2_ws/install/visualizer/lib/python3.12/site-packages:/home/strain-drone/Documents/drone_position_hold/ros2_ws/install/position_publisher/lib/python3.12/site-packages:/home/strain-drone/Documents/drone_position_hold/ros2_ws/install/natnet_ros2/lib/python3.12/site-packages:/home/strain-drone/Documents/drone_position_hold/ros2_ws/install/mocap4r2cli/lib/python3.12/site-packages:/home/strain-drone/Documents/drone_position_hold/ros2_ws/install/mocap4r2_marker_viz_srvs/lib/python3.12/site-packages:/home/strain-drone/Documents/drone_position_hold/ros2_ws/install/mocap4r2_control_msgs/lib/python3.12/site-packages:/home/strain-drone/Documents/drone_position_hold/ros2_ws/install/mavros_config/lib/python3.12/site-packages:/opt/ros/jazzy/lib/python3.12/site-packages VIRTUAL_ENV_PROMPT=(venv-ardupilot) /usr/bin/cmake --install /home/strain-drone/Documents/drone_position_hold/ros2_ws/build/mocap4r2_robot_gt
[6.013s] Level 1:colcon.colcon_core.environment:create_environment_scripts_only(mocap4r2_robot_gt)
[6.014s] Level 1:colcon.colcon_core.environment:checking '/home/strain-drone/Documents/drone_position_hold/ros2_ws/install/mocap4r2_robot_gt' for CMake module files
[6.015s] DEBUG:colcon.colcon_core.event_handler.log_command:Invoked command in '/home/strain-drone/Documents/drone_position_hold/ros2_ws/build/mocap4r2_robot_gt' returned '0': CMAKE_PREFIX_PATH=/home/strain-drone/Documents/drone_position_hold/ros2_ws/install/mocap4r2_robot_gt_msgs:/home/strain-drone/Documents/drone_position_hold/ros2_ws/install/mocap4r2_msgs:/home/strain-drone/Documents/drone_position_hold/ros2_ws/install/rqt_mocap4r2_control:/home/strain-drone/Documents/drone_position_hold/ros2_ws/install/natnet_ros2:/home/strain-drone/Documents/drone_position_hold/ros2_ws/install/mocap4r2_vicon_driver:/home/strain-drone/Documents/drone_position_hold/ros2_ws/install/mocap4r2_robot_gt:/home/strain-drone/Documents/drone_position_hold/ros2_ws/install/mocap4r2_marker_viz:/home/strain-drone/Documents/drone_position_hold/ros2_ws/install/mocap4r2_marker_publisher:/home/strain-drone/Documents/drone_position_hold/ros2_ws/install/mocap4r2_dummy_driver:/home/strain-drone/Documents/drone_position_hold/ros2_ws/install/mocap4r2_marker_viz_srvs:/home/strain-drone/Documents/drone_position_hold/ros2_ws/install/mocap4r2_control:/home/strain-drone/Documents/drone_position_hold/ros2_ws/install/mocap4r2_control_msgs:/opt/ros/jazzy/opt/gz_math_vendor:/opt/ros/jazzy/opt/gz_utils_vendor:/opt/ros/jazzy/opt/gz_cmake_vendor:/home/strain-drone/Documents/drone_position_hold/ros2_ws/install/visualizer:/home/strain-drone/Documents/drone_position_hold/ros2_ws/install/position_publisher:/home/strain-drone/Documents/drone_position_hold/ros2_ws/install/mocap4r2cli:/home/strain-drone/Documents/drone_position_hold/ros2_ws/install/mavros_config:/opt/ros/jazzy DEBUGINFOD_URLS=https://debuginfod.ubuntu.com LD_LIBRARY_PATH=/home/strain-drone/Documents/drone_position_hold/ros2_ws/install/mocap4r2_robot_gt_msgs/lib:/home/strain-drone/Documents/drone_position_hold/ros2_ws/install/mocap4r2_msgs/lib:/home/strain-drone/Documents/drone_position_hold/ros2_ws/install/rqt_mocap4r2_control/lib:/home/strain-drone/Documents/drone_position_hold/ros2_ws/install/natnet_ros2/lib:/home/strain-drone/Documents/drone_position_hold/ros2_ws/install/mocap4r2_vicon_driver/lib:/home/strain-drone/Documents/drone_position_hold/ros2_ws/install/mocap4r2_robot_gt/lib:/home/strain-drone/Documents/drone_position_hold/ros2_ws/install/mocap4r2_marker_viz_srvs/lib:/home/strain-drone/Documents/drone_position_hold/ros2_ws/install/mocap4r2_control/lib:/home/strain-drone/Documents/drone_position_hold/ros2_ws/install/mocap4r2_control_msgs/lib:/opt/ros/jazzy/opt/rviz_ogre_vendor/lib:/opt/ros/jazzy/lib/aarch64-linux-gnu:/opt/ros/jazzy/opt/gz_math_vendor/lib:/opt/ros/jazzy/opt/gz_utils_vendor/lib:/opt/ros/jazzy/opt/gz_cmake_vendor/lib:/opt/ros/jazzy/lib:/home/strain-drone/Documents/drone_position_hold/ros2_ws/src/natnet_ros2/deps/NatNetSDK/lib PS1=(venv-ardupilot) \[\e]0;\u@\h: \w\a\]${debian_chroot:+($debian_chroot)}\[\033[01;32m\]\u@\h\[\033[00m\]:\[\033[01;34m\]\w\[\033[00m\]\$ PYTHONPATH=/home/strain-drone/Documents/drone_position_hold/ros2_ws/install/mocap4r2_robot_gt_msgs/lib/python3.12/site-packages:/home/strain-drone/Documents/drone_position_hold/ros2_ws/install/mocap4r2_msgs/lib/python3.12/site-packages:/home/strain-drone/Documents/drone_position_hold/ros2_ws/install/visualizer/lib/python3.12/site-packages:/home/strain-drone/Documents/drone_position_hold/ros2_ws/install/position_publisher/lib/python3.12/site-packages:/home/strain-drone/Documents/drone_position_hold/ros2_ws/install/natnet_ros2/lib/python3.12/site-packages:/home/strain-drone/Documents/drone_position_hold/ros2_ws/install/mocap4r2cli/lib/python3.12/site-packages:/home/strain-drone/Documents/drone_position_hold/ros2_ws/install/mocap4r2_marker_viz_srvs/lib/python3.12/site-packages:/home/strain-drone/Documents/drone_position_hold/ros2_ws/install/mocap4r2_control_msgs/lib/python3.12/site-packages:/home/strain-drone/Documents/drone_position_hold/ros2_ws/install/mavros_config/lib/python3.12/site-packages:/opt/ros/jazzy/lib/python3.12/site-packages VIRTUAL_ENV_PROMPT=(venv-ardupilot) /usr/bin/cmake --install /home/strain-drone/Documents/drone_position_hold/ros2_ws/build/mocap4r2_robot_gt
[6.016s] Level 1:colcon.colcon_core.environment:checking '/home/strain-drone/Documents/drone_position_hold/ros2_ws/install/mocap4r2_robot_gt' for CMake config files
[6.017s] Level 1:colcon.colcon_core.shell:create_environment_hook('mocap4r2_robot_gt', 'cmake_prefix_path')
[6.017s] INFO:colcon.colcon_core.shell:Creating environment hook '/home/strain-drone/Documents/drone_position_hold/ros2_ws/install/mocap4r2_robot_gt/share/mocap4r2_robot_gt/hook/cmake_prefix_path.ps1'
[6.019s] INFO:colcon.colcon_core.shell:Creating environment descriptor '/home/strain-drone/Documents/drone_position_hold/ros2_ws/install/mocap4r2_robot_gt/share/mocap4r2_robot_gt/hook/cmake_prefix_path.dsv'
[6.020s] INFO:colcon.colcon_core.shell:Creating environment hook '/home/strain-drone/Documents/drone_position_hold/ros2_ws/install/mocap4r2_robot_gt/share/mocap4r2_robot_gt/hook/cmake_prefix_path.sh'
[6.022s] Level 1:colcon.colcon_core.environment:checking '/home/strain-drone/Documents/drone_position_hold/ros2_ws/install/mocap4r2_robot_gt/lib'
[6.022s] Level 1:colcon.colcon_core.shell:create_environment_hook('mocap4r2_robot_gt', 'ld_library_path_lib')
[6.023s] INFO:colcon.colcon_core.shell:Creating environment hook '/home/strain-drone/Documents/drone_position_hold/ros2_ws/install/mocap4r2_robot_gt/share/mocap4r2_robot_gt/hook/ld_library_path_lib.ps1'
[6.024s] INFO:colcon.colcon_core.shell:Creating environment descriptor '/home/strain-drone/Documents/drone_position_hold/ros2_ws/install/mocap4r2_robot_gt/share/mocap4r2_robot_gt/hook/ld_library_path_lib.dsv'
[6.027s] INFO:colcon.colcon_core.shell:Creating environment hook '/home/strain-drone/Documents/drone_position_hold/ros2_ws/install/mocap4r2_robot_gt/share/mocap4r2_robot_gt/hook/ld_library_path_lib.sh'
[6.033s] Level 1:colcon.colcon_core.environment:checking '/home/strain-drone/Documents/drone_position_hold/ros2_ws/install/mocap4r2_robot_gt/bin'
[6.034s] Level 1:colcon.colcon_core.environment:checking '/home/strain-drone/Documents/drone_position_hold/ros2_ws/install/mocap4r2_robot_gt/lib/pkgconfig/mocap4r2_robot_gt.pc'
[6.035s] Level 1:colcon.colcon_core.environment:checking '/home/strain-drone/Documents/drone_position_hold/ros2_ws/install/mocap4r2_robot_gt/lib/python3.12/site-packages'
[6.035s] Level 1:colcon.colcon_core.environment:checking '/home/strain-drone/Documents/drone_position_hold/ros2_ws/install/mocap4r2_robot_gt/bin'
[6.036s] INFO:colcon.colcon_core.shell:Creating package script '/home/strain-drone/Documents/drone_position_hold/ros2_ws/install/mocap4r2_robot_gt/share/mocap4r2_robot_gt/package.ps1'
[6.038s] INFO:colcon.colcon_core.shell:Creating package descriptor '/home/strain-drone/Documents/drone_position_hold/ros2_ws/install/mocap4r2_robot_gt/share/mocap4r2_robot_gt/package.dsv'
[6.040s] INFO:colcon.colcon_core.shell:Creating package script '/home/strain-drone/Documents/drone_position_hold/ros2_ws/install/mocap4r2_robot_gt/share/mocap4r2_robot_gt/package.sh'
[6.042s] INFO:colcon.colcon_core.shell:Creating package script '/home/strain-drone/Documents/drone_position_hold/ros2_ws/install/mocap4r2_robot_gt/share/mocap4r2_robot_gt/package.bash'
[6.044s] INFO:colcon.colcon_core.shell:Creating package script '/home/strain-drone/Documents/drone_position_hold/ros2_ws/install/mocap4r2_robot_gt/share/mocap4r2_robot_gt/package.zsh'
[6.045s] Level 1:colcon.colcon_core.environment:create_file_with_runtime_dependencies(/home/strain-drone/Documents/drone_position_hold/ros2_ws/install/mocap4r2_robot_gt/share/colcon-core/packages/mocap4r2_robot_gt)
[6.048s] Level 1:colcon.colcon_core.environment:create_environment_scripts_only(mocap4r2_robot_gt)
[6.048s] Level 1:colcon.colcon_core.environment:checking '/home/strain-drone/Documents/drone_position_hold/ros2_ws/install/mocap4r2_robot_gt' for CMake module files
[6.049s] Level 1:colcon.colcon_core.environment:checking '/home/strain-drone/Documents/drone_position_hold/ros2_ws/install/mocap4r2_robot_gt' for CMake config files
[6.050s] Level 1:colcon.colcon_core.shell:create_environment_hook('mocap4r2_robot_gt', 'cmake_prefix_path')
[6.051s] INFO:colcon.colcon_core.shell:Creating environment hook '/home/strain-drone/Documents/drone_position_hold/ros2_ws/install/mocap4r2_robot_gt/share/mocap4r2_robot_gt/hook/cmake_prefix_path.ps1'
[6.053s] INFO:colcon.colcon_core.shell:Creating environment descriptor '/home/strain-drone/Documents/drone_position_hold/ros2_ws/install/mocap4r2_robot_gt/share/mocap4r2_robot_gt/hook/cmake_prefix_path.dsv'
[6.055s] INFO:colcon.colcon_core.shell:Creating environment hook '/home/strain-drone/Documents/drone_position_hold/ros2_ws/install/mocap4r2_robot_gt/share/mocap4r2_robot_gt/hook/cmake_prefix_path.sh'
[6.057s] Level 1:colcon.colcon_core.environment:checking '/home/strain-drone/Documents/drone_position_hold/ros2_ws/install/mocap4r2_robot_gt/lib'
[6.058s] Level 1:colcon.colcon_core.shell:create_environment_hook('mocap4r2_robot_gt', 'ld_library_path_lib')
[6.058s] INFO:colcon.colcon_core.shell:Creating environment hook '/home/strain-drone/Documents/drone_position_hold/ros2_ws/install/mocap4r2_robot_gt/share/mocap4r2_robot_gt/hook/ld_library_path_lib.ps1'
[6.060s] INFO:colcon.colcon_core.shell:Creating environment descriptor '/home/strain-drone/Documents/drone_position_hold/ros2_ws/install/mocap4r2_robot_gt/share/mocap4r2_robot_gt/hook/ld_library_path_lib.dsv'
[6.062s] INFO:colcon.colcon_core.shell:Creating environment hook '/home/strain-drone/Documents/drone_position_hold/ros2_ws/install/mocap4r2_robot_gt/share/mocap4r2_robot_gt/hook/ld_library_path_lib.sh'
[6.064s] Level 1:colcon.colcon_core.environment:checking '/home/strain-drone/Documents/drone_position_hold/ros2_ws/install/mocap4r2_robot_gt/bin'
[6.064s] Level 1:colcon.colcon_core.environment:checking '/home/strain-drone/Documents/drone_position_hold/ros2_ws/install/mocap4r2_robot_gt/lib/pkgconfig/mocap4r2_robot_gt.pc'
[6.065s] Level 1:colcon.colcon_core.environment:checking '/home/strain-drone/Documents/drone_position_hold/ros2_ws/install/mocap4r2_robot_gt/lib/python3.12/site-packages'
[6.065s] Level 1:colcon.colcon_core.environment:checking '/home/strain-drone/Documents/drone_position_hold/ros2_ws/install/mocap4r2_robot_gt/bin'
[6.066s] INFO:colcon.colcon_core.shell:Creating package script '/home/strain-drone/Documents/drone_position_hold/ros2_ws/install/mocap4r2_robot_gt/share/mocap4r2_robot_gt/package.ps1'
[6.069s] INFO:colcon.colcon_core.shell:Creating package descriptor '/home/strain-drone/Documents/drone_position_hold/ros2_ws/install/mocap4r2_robot_gt/share/mocap4r2_robot_gt/package.dsv'
[6.070s] INFO:colcon.colcon_core.shell:Creating package script '/home/strain-drone/Documents/drone_position_hold/ros2_ws/install/mocap4r2_robot_gt/share/mocap4r2_robot_gt/package.sh'
[6.072s] INFO:colcon.colcon_core.shell:Creating package script '/home/strain-drone/Documents/drone_position_hold/ros2_ws/install/mocap4r2_robot_gt/share/mocap4r2_robot_gt/package.bash'
[6.073s] INFO:colcon.colcon_core.shell:Creating package script '/home/strain-drone/Documents/drone_position_hold/ros2_ws/install/mocap4r2_robot_gt/share/mocap4r2_robot_gt/package.zsh'
[6.075s] Level 1:colcon.colcon_core.environment:create_file_with_runtime_dependencies(/home/strain-drone/Documents/drone_position_hold/ros2_ws/install/mocap4r2_robot_gt/share/colcon-core/packages/mocap4r2_robot_gt)
[6.076s] INFO:colcon.colcon_ros.task.ament_python.build:Building ROS package in '/home/strain-drone/Documents/drone_position_hold/ros2_ws/src/mocap4r2/mocap4r2cli' with build type 'ament_python'
[6.077s] Level 1:colcon.colcon_core.shell:create_environment_hook('mocap4r2cli', 'ament_prefix_path')
[6.077s] INFO:colcon.colcon_core.shell:Creating environment hook '/home/strain-drone/Documents/drone_position_hold/ros2_ws/install/mocap4r2cli/share/mocap4r2cli/hook/ament_prefix_path.ps1'
[6.080s] INFO:colcon.colcon_core.shell:Creating environment descriptor '/home/strain-drone/Documents/drone_position_hold/ros2_ws/install/mocap4r2cli/share/mocap4r2cli/hook/ament_prefix_path.dsv'
[6.081s] INFO:colcon.colcon_core.shell:Creating environment hook '/home/strain-drone/Documents/drone_position_hold/ros2_ws/install/mocap4r2cli/share/mocap4r2cli/hook/ament_prefix_path.sh'
[6.083s] INFO:colcon.colcon_core.shell:Skip shell extension 'powershell' for command environment: Not usable outside of PowerShell
[6.083s] DEBUG:colcon.colcon_core.shell:Skip shell extension 'dsv' for command environment
[6.488s] INFO:colcon.colcon_core.task.python.build:Building Python package in '/home/strain-drone/Documents/drone_position_hold/ros2_ws/src/mocap4r2/mocap4r2cli'
[6.488s] INFO:colcon.colcon_core.shell:Skip shell extension 'powershell' for command environment: Not usable outside of PowerShell
[6.489s] DEBUG:colcon.colcon_core.shell:Skip shell extension 'dsv' for command environment
[6.496s] Level 1:colcon.colcon_core.environment:checking '/home/strain-drone/Documents/drone_position_hold/ros2_ws/install/mavros_config' for CMake module files
[6.497s] DEBUG:colcon.colcon_core.event_handler.log_command:Invoked command in '/home/strain-drone/Documents/drone_position_hold/ros2_ws/src/mavros_config' returned '0': DEBUGINFOD_URLS=https://debuginfod.ubuntu.com PS1=(venv-ardupilot) \[\e]0;\u@\h: \w\a\]${debian_chroot:+($debian_chroot)}\[\033[01;32m\]\u@\h\[\033[00m\]:\[\033[01;34m\]\w\[\033[00m\]\$ PYTHONPATH=/home/strain-drone/Documents/drone_position_hold/ros2_ws/build/mavros_config/prefix_override:/usr/lib/python3/dist-packages/colcon_core/task/python/colcon_distutils_commands:/home/strain-drone/Documents/drone_position_hold/ros2_ws/install/mavros_config/lib/python3.12/site-packages:${PYTHONPATH} VIRTUAL_ENV_PROMPT=(venv-ardupilot) /usr/bin/python3 -W ignore:setup.py install is deprecated -W ignore:easy_install command is deprecated setup.py egg_info --egg-base ../../build/mavros_config build --build-base /home/strain-drone/Documents/drone_position_hold/ros2_ws/build/mavros_config/build install --record /home/strain-drone/Documents/drone_position_hold/ros2_ws/build/mavros_config/install.log --single-version-externally-managed install_data
[6.497s] Level 1:colcon.colcon_core.environment:checking '/home/strain-drone/Documents/drone_position_hold/ros2_ws/install/mavros_config' for CMake config files
[6.498s] Level 1:colcon.colcon_core.environment:checking '/home/strain-drone/Documents/drone_position_hold/ros2_ws/install/mavros_config/lib'
[6.499s] Level 1:colcon.colcon_core.environment:checking '/home/strain-drone/Documents/drone_position_hold/ros2_ws/install/mavros_config/bin'
[6.499s] Level 1:colcon.colcon_core.environment:checking '/home/strain-drone/Documents/drone_position_hold/ros2_ws/install/mavros_config/lib/pkgconfig/mavros_config.pc'
[6.499s] Level 1:colcon.colcon_core.environment:checking '/home/strain-drone/Documents/drone_position_hold/ros2_ws/install/mavros_config/lib/python3.12/site-packages'
[6.499s] Level 1:colcon.colcon_core.shell:create_environment_hook('mavros_config', 'pythonpath')
[6.500s] INFO:colcon.colcon_core.shell:Creating environment hook '/home/strain-drone/Documents/drone_position_hold/ros2_ws/install/mavros_config/share/mavros_config/hook/pythonpath.ps1'
[6.501s] INFO:colcon.colcon_core.shell:Creating environment descriptor '/home/strain-drone/Documents/drone_position_hold/ros2_ws/install/mavros_config/share/mavros_config/hook/pythonpath.dsv'
[6.504s] INFO:colcon.colcon_core.shell:Creating environment hook '/home/strain-drone/Documents/drone_position_hold/ros2_ws/install/mavros_config/share/mavros_config/hook/pythonpath.sh'
[6.505s] Level 1:colcon.colcon_core.environment:checking '/home/strain-drone/Documents/drone_position_hold/ros2_ws/install/mavros_config/bin'
[6.506s] Level 1:colcon.colcon_core.environment:create_environment_scripts_only(mavros_config)
[6.506s] INFO:colcon.colcon_core.shell:Creating package script '/home/strain-drone/Documents/drone_position_hold/ros2_ws/install/mavros_config/share/mavros_config/package.ps1'
[6.507s] INFO:colcon.colcon_core.shell:Creating package descriptor '/home/strain-drone/Documents/drone_position_hold/ros2_ws/install/mavros_config/share/mavros_config/package.dsv'
[6.507s] INFO:colcon.colcon_core.shell:Creating package script '/home/strain-drone/Documents/drone_position_hold/ros2_ws/install/mavros_config/share/mavros_config/package.sh'
[6.508s] INFO:colcon.colcon_core.shell:Creating package script '/home/strain-drone/Documents/drone_position_hold/ros2_ws/install/mavros_config/share/mavros_config/package.bash'
[6.509s] INFO:colcon.colcon_core.shell:Creating package script '/home/strain-drone/Documents/drone_position_hold/ros2_ws/install/mavros_config/share/mavros_config/package.zsh'
[6.510s] Level 1:colcon.colcon_core.environment:create_file_with_runtime_dependencies(/home/strain-drone/Documents/drone_position_hold/ros2_ws/install/mavros_config/share/colcon-core/packages/mavros_config)
[6.511s] Level 1:colcon.colcon_core.environment:checking '/home/strain-drone/Documents/drone_position_hold/ros2_ws/install/position_publisher' for CMake module files
[6.512s] DEBUG:colcon.colcon_core.event_handler.log_command:Invoked command in '/home/strain-drone/Documents/drone_position_hold/ros2_ws/src/position_publisher' returned '0': DEBUGINFOD_URLS=https://debuginfod.ubuntu.com PS1=(venv-ardupilot) \[\e]0;\u@\h: \w\a\]${debian_chroot:+($debian_chroot)}\[\033[01;32m\]\u@\h\[\033[00m\]:\[\033[01;34m\]\w\[\033[00m\]\$ PYTHONPATH=/home/strain-drone/Documents/drone_position_hold/ros2_ws/build/position_publisher/prefix_override:/usr/lib/python3/dist-packages/colcon_core/task/python/colcon_distutils_commands:/home/strain-drone/Documents/drone_position_hold/ros2_ws/install/position_publisher/lib/python3.12/site-packages:${PYTHONPATH} VIRTUAL_ENV_PROMPT=(venv-ardupilot) /usr/bin/python3 -W ignore:setup.py install is deprecated -W ignore:easy_install command is deprecated setup.py egg_info --egg-base ../../build/position_publisher build --build-base /home/strain-drone/Documents/drone_position_hold/ros2_ws/build/position_publisher/build install --record /home/strain-drone/Documents/drone_position_hold/ros2_ws/build/position_publisher/install.log --single-version-externally-managed install_data
[6.513s] Level 1:colcon.colcon_core.environment:checking '/home/strain-drone/Documents/drone_position_hold/ros2_ws/install/position_publisher' for CMake config files
[6.514s] Level 1:colcon.colcon_core.environment:checking '/home/strain-drone/Documents/drone_position_hold/ros2_ws/install/position_publisher/lib'
[6.514s] Level 1:colcon.colcon_core.environment:checking '/home/strain-drone/Documents/drone_position_hold/ros2_ws/install/position_publisher/bin'
[6.514s] Level 1:colcon.colcon_core.environment:checking '/home/strain-drone/Documents/drone_position_hold/ros2_ws/install/position_publisher/lib/pkgconfig/position_publisher.pc'
[6.514s] Level 1:colcon.colcon_core.environment:checking '/home/strain-drone/Documents/drone_position_hold/ros2_ws/install/position_publisher/lib/python3.12/site-packages'
[6.514s] Level 1:colcon.colcon_core.shell:create_environment_hook('position_publisher', 'pythonpath')
[6.515s] INFO:colcon.colcon_core.shell:Creating environment hook '/home/strain-drone/Documents/drone_position_hold/ros2_ws/install/position_publisher/share/position_publisher/hook/pythonpath.ps1'
[6.515s] INFO:colcon.colcon_core.shell:Creating environment descriptor '/home/strain-drone/Documents/drone_position_hold/ros2_ws/install/position_publisher/share/position_publisher/hook/pythonpath.dsv'
[6.517s] INFO:colcon.colcon_core.shell:Creating environment hook '/home/strain-drone/Documents/drone_position_hold/ros2_ws/install/position_publisher/share/position_publisher/hook/pythonpath.sh'
[6.518s] Level 1:colcon.colcon_core.environment:checking '/home/strain-drone/Documents/drone_position_hold/ros2_ws/install/position_publisher/bin'
[6.518s] Level 1:colcon.colcon_core.environment:create_environment_scripts_only(position_publisher)
[6.519s] INFO:colcon.colcon_core.shell:Creating package script '/home/strain-drone/Documents/drone_position_hold/ros2_ws/install/position_publisher/share/position_publisher/package.ps1'
[6.519s] INFO:colcon.colcon_core.shell:Creating package descriptor '/home/strain-drone/Documents/drone_position_hold/ros2_ws/install/position_publisher/share/position_publisher/package.dsv'
[6.521s] INFO:colcon.colcon_core.shell:Creating package script '/home/strain-drone/Documents/drone_position_hold/ros2_ws/install/position_publisher/share/position_publisher/package.sh'
[6.522s] INFO:colcon.colcon_core.shell:Creating package script '/home/strain-drone/Documents/drone_position_hold/ros2_ws/install/position_publisher/share/position_publisher/package.bash'
[6.523s] INFO:colcon.colcon_core.shell:Creating package script '/home/strain-drone/Documents/drone_position_hold/ros2_ws/install/position_publisher/share/position_publisher/package.zsh'
[6.524s] Level 1:colcon.colcon_core.environment:create_file_with_runtime_dependencies(/home/strain-drone/Documents/drone_position_hold/ros2_ws/install/position_publisher/share/colcon-core/packages/position_publisher)
[6.526s] INFO:colcon.colcon_ros.task.ament_cmake.build:Building ROS package in '/home/strain-drone/Documents/drone_position_hold/ros2_ws/src/mocap4r2/mocap4r2_dummy_driver' with build type 'ament_cmake'
[6.527s] INFO:colcon.colcon_cmake.task.cmake.build:Building CMake package in '/home/strain-drone/Documents/drone_position_hold/ros2_ws/src/mocap4r2/mocap4r2_dummy_driver'
[6.527s] INFO:colcon.colcon_core.shell:Skip shell extension 'powershell' for command environment: Not usable outside of PowerShell
[6.527s] DEBUG:colcon.colcon_core.shell:Skip shell extension 'dsv' for command environment
[6.534s] INFO:colcon.colcon_ros.task.ament_cmake.build:Building ROS package in '/home/strain-drone/Documents/drone_position_hold/ros2_ws/src/mocap4ros2_vicon/mocap4r2_vicon_driver' with build type 'ament_cmake'
[6.534s] INFO:colcon.colcon_cmake.task.cmake.build:Building CMake package in '/home/strain-drone/Documents/drone_position_hold/ros2_ws/src/mocap4ros2_vicon/mocap4r2_vicon_driver'
[6.534s] INFO:colcon.colcon_core.shell:Skip shell extension 'powershell' for command environment: Not usable outside of PowerShell
[6.534s] DEBUG:colcon.colcon_core.shell:Skip shell extension 'dsv' for command environment
[6.562s] DEBUG:colcon.colcon_core.event_handler.log_command:Invoking command in '/home/strain-drone/Documents/drone_position_hold/ros2_ws/build/mocap4r2_dummy_driver': CMAKE_PREFIX_PATH=/home/strain-drone/Documents/drone_position_hold/ros2_ws/install/mocap4r2_control:/home/strain-drone/Documents/drone_position_hold/ros2_ws/install/mocap4r2_msgs:/home/strain-drone/Documents/drone_position_hold/ros2_ws/install/mocap4r2_control_msgs:/home/strain-drone/Documents/drone_position_hold/ros2_ws/install/rqt_mocap4r2_control:/home/strain-drone/Documents/drone_position_hold/ros2_ws/install/natnet_ros2:/home/strain-drone/Documents/drone_position_hold/ros2_ws/install/mocap4r2_vicon_driver:/home/strain-drone/Documents/drone_position_hold/ros2_ws/install/mocap4r2_robot_gt:/home/strain-drone/Documents/drone_position_hold/ros2_ws/install/mocap4r2_robot_gt_msgs:/home/strain-drone/Documents/drone_position_hold/ros2_ws/install/mocap4r2_marker_viz:/home/strain-drone/Documents/drone_position_hold/ros2_ws/install/mocap4r2_marker_publisher:/home/strain-drone/Documents/drone_position_hold/ros2_ws/install/mocap4r2_dummy_driver:/home/strain-drone/Documents/drone_position_hold/ros2_ws/install/mocap4r2_marker_viz_srvs:/opt/ros/jazzy/opt/gz_math_vendor:/opt/ros/jazzy/opt/gz_utils_vendor:/opt/ros/jazzy/opt/gz_cmake_vendor:/home/strain-drone/Documents/drone_position_hold/ros2_ws/install/visualizer:/home/strain-drone/Documents/drone_position_hold/ros2_ws/install/position_publisher:/home/strain-drone/Documents/drone_position_hold/ros2_ws/install/mocap4r2cli:/home/strain-drone/Documents/drone_position_hold/ros2_ws/install/mavros_config:/opt/ros/jazzy DEBUGINFOD_URLS=https://debuginfod.ubuntu.com LD_LIBRARY_PATH=/home/strain-drone/Documents/drone_position_hold/ros2_ws/install/mocap4r2_control/lib:/home/strain-drone/Documents/drone_position_hold/ros2_ws/install/mocap4r2_msgs/lib:/home/strain-drone/Documents/drone_position_hold/ros2_ws/install/mocap4r2_control_msgs/lib:/home/strain-drone/Documents/drone_position_hold/ros2_ws/install/rqt_mocap4r2_control/lib:/home/strain-drone/Documents/drone_position_hold/ros2_ws/install/natnet_ros2/lib:/home/strain-drone/Documents/drone_position_hold/ros2_ws/install/mocap4r2_vicon_driver/lib:/home/strain-drone/Documents/drone_position_hold/ros2_ws/install/mocap4r2_robot_gt/lib:/home/strain-drone/Documents/drone_position_hold/ros2_ws/install/mocap4r2_robot_gt_msgs/lib:/home/strain-drone/Documents/drone_position_hold/ros2_ws/install/mocap4r2_marker_viz_srvs/lib:/opt/ros/jazzy/opt/rviz_ogre_vendor/lib:/opt/ros/jazzy/lib/aarch64-linux-gnu:/opt/ros/jazzy/opt/gz_math_vendor/lib:/opt/ros/jazzy/opt/gz_utils_vendor/lib:/opt/ros/jazzy/opt/gz_cmake_vendor/lib:/opt/ros/jazzy/lib:/home/strain-drone/Documents/drone_position_hold/ros2_ws/src/natnet_ros2/deps/NatNetSDK/lib PS1=(venv-ardupilot) \[\e]0;\u@\h: \w\a\]${debian_chroot:+($debian_chroot)}\[\033[01;32m\]\u@\h\[\033[00m\]:\[\033[01;34m\]\w\[\033[00m\]\$ PYTHONPATH=/home/strain-drone/Documents/drone_position_hold/ros2_ws/install/mocap4r2_msgs/lib/python3.12/site-packages:/home/strain-drone/Documents/drone_position_hold/ros2_ws/install/mocap4r2_control_msgs/lib/python3.12/site-packages:/home/strain-drone/Documents/drone_position_hold/ros2_ws/install/visualizer/lib/python3.12/site-packages:/home/strain-drone/Documents/drone_position_hold/ros2_ws/install/position_publisher/lib/python3.12/site-packages:/home/strain-drone/Documents/drone_position_hold/ros2_ws/install/natnet_ros2/lib/python3.12/site-packages:/home/strain-drone/Documents/drone_position_hold/ros2_ws/install/mocap4r2cli/lib/python3.12/site-packages:/home/strain-drone/Documents/drone_position_hold/ros2_ws/install/mocap4r2_robot_gt_msgs/lib/python3.12/site-packages:/home/strain-drone/Documents/drone_position_hold/ros2_ws/install/mocap4r2_marker_viz_srvs/lib/python3.12/site-packages:/home/strain-drone/Documents/drone_position_hold/ros2_ws/install/mavros_config/lib/python3.12/site-packages:/opt/ros/jazzy/lib/python3.12/site-packages VIRTUAL_ENV_PROMPT=(venv-ardupilot) /usr/bin/cmake --build /home/strain-drone/Documents/drone_position_hold/ros2_ws/build/mocap4r2_dummy_driver -- -j4 -l4
[6.572s] DEBUG:colcon.colcon_core.event_handler.log_command:Invoking command in '/home/strain-drone/Documents/drone_position_hold/ros2_ws/build/mocap4r2_vicon_driver': CMAKE_PREFIX_PATH=/home/strain-drone/Documents/drone_position_hold/ros2_ws/install/mocap4r2_control:/home/strain-drone/Documents/drone_position_hold/ros2_ws/install/mocap4r2_msgs:/home/strain-drone/Documents/drone_position_hold/ros2_ws/install/mocap4r2_control_msgs:/home/strain-drone/Documents/drone_position_hold/ros2_ws/install/rqt_mocap4r2_control:/home/strain-drone/Documents/drone_position_hold/ros2_ws/install/natnet_ros2:/home/strain-drone/Documents/drone_position_hold/ros2_ws/install/mocap4r2_vicon_driver:/home/strain-drone/Documents/drone_position_hold/ros2_ws/install/mocap4r2_robot_gt:/home/strain-drone/Documents/drone_position_hold/ros2_ws/install/mocap4r2_robot_gt_msgs:/home/strain-drone/Documents/drone_position_hold/ros2_ws/install/mocap4r2_marker_viz:/home/strain-drone/Documents/drone_position_hold/ros2_ws/install/mocap4r2_marker_publisher:/home/strain-drone/Documents/drone_position_hold/ros2_ws/install/mocap4r2_dummy_driver:/home/strain-drone/Documents/drone_position_hold/ros2_ws/install/mocap4r2_marker_viz_srvs:/opt/ros/jazzy/opt/gz_math_vendor:/opt/ros/jazzy/opt/gz_utils_vendor:/opt/ros/jazzy/opt/gz_cmake_vendor:/home/strain-drone/Documents/drone_position_hold/ros2_ws/install/visualizer:/home/strain-drone/Documents/drone_position_hold/ros2_ws/install/position_publisher:/home/strain-drone/Documents/drone_position_hold/ros2_ws/install/mocap4r2cli:/home/strain-drone/Documents/drone_position_hold/ros2_ws/install/mavros_config:/opt/ros/jazzy DEBUGINFOD_URLS=https://debuginfod.ubuntu.com LD_LIBRARY_PATH=/home/strain-drone/Documents/drone_position_hold/ros2_ws/install/mocap4r2_control/lib:/home/strain-drone/Documents/drone_position_hold/ros2_ws/install/mocap4r2_msgs/lib:/home/strain-drone/Documents/drone_position_hold/ros2_ws/install/mocap4r2_control_msgs/lib:/home/strain-drone/Documents/drone_position_hold/ros2_ws/install/rqt_mocap4r2_control/lib:/home/strain-drone/Documents/drone_position_hold/ros2_ws/install/natnet_ros2/lib:/home/strain-drone/Documents/drone_position_hold/ros2_ws/install/mocap4r2_vicon_driver/lib:/home/strain-drone/Documents/drone_position_hold/ros2_ws/install/mocap4r2_robot_gt/lib:/home/strain-drone/Documents/drone_position_hold/ros2_ws/install/mocap4r2_robot_gt_msgs/lib:/home/strain-drone/Documents/drone_position_hold/ros2_ws/install/mocap4r2_marker_viz_srvs/lib:/opt/ros/jazzy/opt/rviz_ogre_vendor/lib:/opt/ros/jazzy/lib/aarch64-linux-gnu:/opt/ros/jazzy/opt/gz_math_vendor/lib:/opt/ros/jazzy/opt/gz_utils_vendor/lib:/opt/ros/jazzy/opt/gz_cmake_vendor/lib:/opt/ros/jazzy/lib:/home/strain-drone/Documents/drone_position_hold/ros2_ws/src/natnet_ros2/deps/NatNetSDK/lib PS1=(venv-ardupilot) \[\e]0;\u@\h: \w\a\]${debian_chroot:+($debian_chroot)}\[\033[01;32m\]\u@\h\[\033[00m\]:\[\033[01;34m\]\w\[\033[00m\]\$ PYTHONPATH=/home/strain-drone/Documents/drone_position_hold/ros2_ws/install/mocap4r2_msgs/lib/python3.12/site-packages:/home/strain-drone/Documents/drone_position_hold/ros2_ws/install/mocap4r2_control_msgs/lib/python3.12/site-packages:/home/strain-drone/Documents/drone_position_hold/ros2_ws/install/visualizer/lib/python3.12/site-packages:/home/strain-drone/Documents/drone_position_hold/ros2_ws/install/position_publisher/lib/python3.12/site-packages:/home/strain-drone/Documents/drone_position_hold/ros2_ws/install/natnet_ros2/lib/python3.12/site-packages:/home/strain-drone/Documents/drone_position_hold/ros2_ws/install/mocap4r2cli/lib/python3.12/site-packages:/home/strain-drone/Documents/drone_position_hold/ros2_ws/install/mocap4r2_robot_gt_msgs/lib/python3.12/site-packages:/home/strain-drone/Documents/drone_position_hold/ros2_ws/install/mocap4r2_marker_viz_srvs/lib/python3.12/site-packages:/home/strain-drone/Documents/drone_position_hold/ros2_ws/install/mavros_config/lib/python3.12/site-packages:/opt/ros/jazzy/lib/python3.12/site-packages VIRTUAL_ENV_PROMPT=(venv-ardupilot) /usr/bin/cmake --build /home/strain-drone/Documents/drone_position_hold/ros2_ws/build/mocap4r2_vicon_driver -- -j4 -l4
[6.820s] DEBUG:colcon.colcon_core.event_handler.log_command:Invoked command in '/home/strain-drone/Documents/drone_position_hold/ros2_ws/build/mocap4r2_dummy_driver' returned '0': CMAKE_PREFIX_PATH=/home/strain-drone/Documents/drone_position_hold/ros2_ws/install/mocap4r2_control:/home/strain-drone/Documents/drone_position_hold/ros2_ws/install/mocap4r2_msgs:/home/strain-drone/Documents/drone_position_hold/ros2_ws/install/mocap4r2_control_msgs:/home/strain-drone/Documents/drone_position_hold/ros2_ws/install/rqt_mocap4r2_control:/home/strain-drone/Documents/drone_position_hold/ros2_ws/install/natnet_ros2:/home/strain-drone/Documents/drone_position_hold/ros2_ws/install/mocap4r2_vicon_driver:/home/strain-drone/Documents/drone_position_hold/ros2_ws/install/mocap4r2_robot_gt:/home/strain-drone/Documents/drone_position_hold/ros2_ws/install/mocap4r2_robot_gt_msgs:/home/strain-drone/Documents/drone_position_hold/ros2_ws/install/mocap4r2_marker_viz:/home/strain-drone/Documents/drone_position_hold/ros2_ws/install/mocap4r2_marker_publisher:/home/strain-drone/Documents/drone_position_hold/ros2_ws/install/mocap4r2_dummy_driver:/home/strain-drone/Documents/drone_position_hold/ros2_ws/install/mocap4r2_marker_viz_srvs:/opt/ros/jazzy/opt/gz_math_vendor:/opt/ros/jazzy/opt/gz_utils_vendor:/opt/ros/jazzy/opt/gz_cmake_vendor:/home/strain-drone/Documents/drone_position_hold/ros2_ws/install/visualizer:/home/strain-drone/Documents/drone_position_hold/ros2_ws/install/position_publisher:/home/strain-drone/Documents/drone_position_hold/ros2_ws/install/mocap4r2cli:/home/strain-drone/Documents/drone_position_hold/ros2_ws/install/mavros_config:/opt/ros/jazzy DEBUGINFOD_URLS=https://debuginfod.ubuntu.com LD_LIBRARY_PATH=/home/strain-drone/Documents/drone_position_hold/ros2_ws/install/mocap4r2_control/lib:/home/strain-drone/Documents/drone_position_hold/ros2_ws/install/mocap4r2_msgs/lib:/home/strain-drone/Documents/drone_position_hold/ros2_ws/install/mocap4r2_control_msgs/lib:/home/strain-drone/Documents/drone_position_hold/ros2_ws/install/rqt_mocap4r2_control/lib:/home/strain-drone/Documents/drone_position_hold/ros2_ws/install/natnet_ros2/lib:/home/strain-drone/Documents/drone_position_hold/ros2_ws/install/mocap4r2_vicon_driver/lib:/home/strain-drone/Documents/drone_position_hold/ros2_ws/install/mocap4r2_robot_gt/lib:/home/strain-drone/Documents/drone_position_hold/ros2_ws/install/mocap4r2_robot_gt_msgs/lib:/home/strain-drone/Documents/drone_position_hold/ros2_ws/install/mocap4r2_marker_viz_srvs/lib:/opt/ros/jazzy/opt/rviz_ogre_vendor/lib:/opt/ros/jazzy/lib/aarch64-linux-gnu:/opt/ros/jazzy/opt/gz_math_vendor/lib:/opt/ros/jazzy/opt/gz_utils_vendor/lib:/opt/ros/jazzy/opt/gz_cmake_vendor/lib:/opt/ros/jazzy/lib:/home/strain-drone/Documents/drone_position_hold/ros2_ws/src/natnet_ros2/deps/NatNetSDK/lib PS1=(venv-ardupilot) \[\e]0;\u@\h: \w\a\]${debian_chroot:+($debian_chroot)}\[\033[01;32m\]\u@\h\[\033[00m\]:\[\033[01;34m\]\w\[\033[00m\]\$ PYTHONPATH=/home/strain-drone/Documents/drone_position_hold/ros2_ws/install/mocap4r2_msgs/lib/python3.12/site-packages:/home/strain-drone/Documents/drone_position_hold/ros2_ws/install/mocap4r2_control_msgs/lib/python3.12/site-packages:/home/strain-drone/Documents/drone_position_hold/ros2_ws/install/visualizer/lib/python3.12/site-packages:/home/strain-drone/Documents/drone_position_hold/ros2_ws/install/position_publisher/lib/python3.12/site-packages:/home/strain-drone/Documents/drone_position_hold/ros2_ws/install/natnet_ros2/lib/python3.12/site-packages:/home/strain-drone/Documents/drone_position_hold/ros2_ws/install/mocap4r2cli/lib/python3.12/site-packages:/home/strain-drone/Documents/drone_position_hold/ros2_ws/install/mocap4r2_robot_gt_msgs/lib/python3.12/site-packages:/home/strain-drone/Documents/drone_position_hold/ros2_ws/install/mocap4r2_marker_viz_srvs/lib/python3.12/site-packages:/home/strain-drone/Documents/drone_position_hold/ros2_ws/install/mavros_config/lib/python3.12/site-packages:/opt/ros/jazzy/lib/python3.12/site-packages VIRTUAL_ENV_PROMPT=(venv-ardupilot) /usr/bin/cmake --build /home/strain-drone/Documents/drone_position_hold/ros2_ws/build/mocap4r2_dummy_driver -- -j4 -l4
[6.822s] DEBUG:colcon.colcon_core.event_handler.log_command:Invoking command in '/home/strain-drone/Documents/drone_position_hold/ros2_ws/build/mocap4r2_dummy_driver': CMAKE_PREFIX_PATH=/home/strain-drone/Documents/drone_position_hold/ros2_ws/install/mocap4r2_control:/home/strain-drone/Documents/drone_position_hold/ros2_ws/install/mocap4r2_msgs:/home/strain-drone/Documents/drone_position_hold/ros2_ws/install/mocap4r2_control_msgs:/home/strain-drone/Documents/drone_position_hold/ros2_ws/install/rqt_mocap4r2_control:/home/strain-drone/Documents/drone_position_hold/ros2_ws/install/natnet_ros2:/home/strain-drone/Documents/drone_position_hold/ros2_ws/install/mocap4r2_vicon_driver:/home/strain-drone/Documents/drone_position_hold/ros2_ws/install/mocap4r2_robot_gt:/home/strain-drone/Documents/drone_position_hold/ros2_ws/install/mocap4r2_robot_gt_msgs:/home/strain-drone/Documents/drone_position_hold/ros2_ws/install/mocap4r2_marker_viz:/home/strain-drone/Documents/drone_position_hold/ros2_ws/install/mocap4r2_marker_publisher:/home/strain-drone/Documents/drone_position_hold/ros2_ws/install/mocap4r2_dummy_driver:/home/strain-drone/Documents/drone_position_hold/ros2_ws/install/mocap4r2_marker_viz_srvs:/opt/ros/jazzy/opt/gz_math_vendor:/opt/ros/jazzy/opt/gz_utils_vendor:/opt/ros/jazzy/opt/gz_cmake_vendor:/home/strain-drone/Documents/drone_position_hold/ros2_ws/install/visualizer:/home/strain-drone/Documents/drone_position_hold/ros2_ws/install/position_publisher:/home/strain-drone/Documents/drone_position_hold/ros2_ws/install/mocap4r2cli:/home/strain-drone/Documents/drone_position_hold/ros2_ws/install/mavros_config:/opt/ros/jazzy DEBUGINFOD_URLS=https://debuginfod.ubuntu.com LD_LIBRARY_PATH=/home/strain-drone/Documents/drone_position_hold/ros2_ws/install/mocap4r2_control/lib:/home/strain-drone/Documents/drone_position_hold/ros2_ws/install/mocap4r2_msgs/lib:/home/strain-drone/Documents/drone_position_hold/ros2_ws/install/mocap4r2_control_msgs/lib:/home/strain-drone/Documents/drone_position_hold/ros2_ws/install/rqt_mocap4r2_control/lib:/home/strain-drone/Documents/drone_position_hold/ros2_ws/install/natnet_ros2/lib:/home/strain-drone/Documents/drone_position_hold/ros2_ws/install/mocap4r2_vicon_driver/lib:/home/strain-drone/Documents/drone_position_hold/ros2_ws/install/mocap4r2_robot_gt/lib:/home/strain-drone/Documents/drone_position_hold/ros2_ws/install/mocap4r2_robot_gt_msgs/lib:/home/strain-drone/Documents/drone_position_hold/ros2_ws/install/mocap4r2_marker_viz_srvs/lib:/opt/ros/jazzy/opt/rviz_ogre_vendor/lib:/opt/ros/jazzy/lib/aarch64-linux-gnu:/opt/ros/jazzy/opt/gz_math_vendor/lib:/opt/ros/jazzy/opt/gz_utils_vendor/lib:/opt/ros/jazzy/opt/gz_cmake_vendor/lib:/opt/ros/jazzy/lib:/home/strain-drone/Documents/drone_position_hold/ros2_ws/src/natnet_ros2/deps/NatNetSDK/lib PS1=(venv-ardupilot) \[\e]0;\u@\h: \w\a\]${debian_chroot:+($debian_chroot)}\[\033[01;32m\]\u@\h\[\033[00m\]:\[\033[01;34m\]\w\[\033[00m\]\$ PYTHONPATH=/home/strain-drone/Documents/drone_position_hold/ros2_ws/install/mocap4r2_msgs/lib/python3.12/site-packages:/home/strain-drone/Documents/drone_position_hold/ros2_ws/install/mocap4r2_control_msgs/lib/python3.12/site-packages:/home/strain-drone/Documents/drone_position_hold/ros2_ws/install/visualizer/lib/python3.12/site-packages:/home/strain-drone/Documents/drone_position_hold/ros2_ws/install/position_publisher/lib/python3.12/site-packages:/home/strain-drone/Documents/drone_position_hold/ros2_ws/install/natnet_ros2/lib/python3.12/site-packages:/home/strain-drone/Documents/drone_position_hold/ros2_ws/install/mocap4r2cli/lib/python3.12/site-packages:/home/strain-drone/Documents/drone_position_hold/ros2_ws/install/mocap4r2_robot_gt_msgs/lib/python3.12/site-packages:/home/strain-drone/Documents/drone_position_hold/ros2_ws/install/mocap4r2_marker_viz_srvs/lib/python3.12/site-packages:/home/strain-drone/Documents/drone_position_hold/ros2_ws/install/mavros_config/lib/python3.12/site-packages:/opt/ros/jazzy/lib/python3.12/site-packages VIRTUAL_ENV_PROMPT=(venv-ardupilot) /usr/bin/cmake --install /home/strain-drone/Documents/drone_position_hold/ros2_ws/build/mocap4r2_dummy_driver
[6.849s] Level 1:colcon.colcon_core.environment:create_environment_scripts_only(mocap4r2_dummy_driver)
[6.849s] Level 1:colcon.colcon_core.environment:checking '/home/strain-drone/Documents/drone_position_hold/ros2_ws/install/mocap4r2_dummy_driver' for CMake module files
[6.850s] Level 1:colcon.colcon_core.environment:checking '/home/strain-drone/Documents/drone_position_hold/ros2_ws/install/mocap4r2_dummy_driver' for CMake config files
[6.850s] Level 1:colcon.colcon_core.shell:create_environment_hook('mocap4r2_dummy_driver', 'cmake_prefix_path')
[6.851s] INFO:colcon.colcon_core.shell:Creating environment hook '/home/strain-drone/Documents/drone_position_hold/ros2_ws/install/mocap4r2_dummy_driver/share/mocap4r2_dummy_driver/hook/cmake_prefix_path.ps1'
[6.852s] DEBUG:colcon.colcon_core.event_handler.log_command:Invoked command in '/home/strain-drone/Documents/drone_position_hold/ros2_ws/build/mocap4r2_dummy_driver' returned '0': CMAKE_PREFIX_PATH=/home/strain-drone/Documents/drone_position_hold/ros2_ws/install/mocap4r2_control:/home/strain-drone/Documents/drone_position_hold/ros2_ws/install/mocap4r2_msgs:/home/strain-drone/Documents/drone_position_hold/ros2_ws/install/mocap4r2_control_msgs:/home/strain-drone/Documents/drone_position_hold/ros2_ws/install/rqt_mocap4r2_control:/home/strain-drone/Documents/drone_position_hold/ros2_ws/install/natnet_ros2:/home/strain-drone/Documents/drone_position_hold/ros2_ws/install/mocap4r2_vicon_driver:/home/strain-drone/Documents/drone_position_hold/ros2_ws/install/mocap4r2_robot_gt:/home/strain-drone/Documents/drone_position_hold/ros2_ws/install/mocap4r2_robot_gt_msgs:/home/strain-drone/Documents/drone_position_hold/ros2_ws/install/mocap4r2_marker_viz:/home/strain-drone/Documents/drone_position_hold/ros2_ws/install/mocap4r2_marker_publisher:/home/strain-drone/Documents/drone_position_hold/ros2_ws/install/mocap4r2_dummy_driver:/home/strain-drone/Documents/drone_position_hold/ros2_ws/install/mocap4r2_marker_viz_srvs:/opt/ros/jazzy/opt/gz_math_vendor:/opt/ros/jazzy/opt/gz_utils_vendor:/opt/ros/jazzy/opt/gz_cmake_vendor:/home/strain-drone/Documents/drone_position_hold/ros2_ws/install/visualizer:/home/strain-drone/Documents/drone_position_hold/ros2_ws/install/position_publisher:/home/strain-drone/Documents/drone_position_hold/ros2_ws/install/mocap4r2cli:/home/strain-drone/Documents/drone_position_hold/ros2_ws/install/mavros_config:/opt/ros/jazzy DEBUGINFOD_URLS=https://debuginfod.ubuntu.com LD_LIBRARY_PATH=/home/strain-drone/Documents/drone_position_hold/ros2_ws/install/mocap4r2_control/lib:/home/strain-drone/Documents/drone_position_hold/ros2_ws/install/mocap4r2_msgs/lib:/home/strain-drone/Documents/drone_position_hold/ros2_ws/install/mocap4r2_control_msgs/lib:/home/strain-drone/Documents/drone_position_hold/ros2_ws/install/rqt_mocap4r2_control/lib:/home/strain-drone/Documents/drone_position_hold/ros2_ws/install/natnet_ros2/lib:/home/strain-drone/Documents/drone_position_hold/ros2_ws/install/mocap4r2_vicon_driver/lib:/home/strain-drone/Documents/drone_position_hold/ros2_ws/install/mocap4r2_robot_gt/lib:/home/strain-drone/Documents/drone_position_hold/ros2_ws/install/mocap4r2_robot_gt_msgs/lib:/home/strain-drone/Documents/drone_position_hold/ros2_ws/install/mocap4r2_marker_viz_srvs/lib:/opt/ros/jazzy/opt/rviz_ogre_vendor/lib:/opt/ros/jazzy/lib/aarch64-linux-gnu:/opt/ros/jazzy/opt/gz_math_vendor/lib:/opt/ros/jazzy/opt/gz_utils_vendor/lib:/opt/ros/jazzy/opt/gz_cmake_vendor/lib:/opt/ros/jazzy/lib:/home/strain-drone/Documents/drone_position_hold/ros2_ws/src/natnet_ros2/deps/NatNetSDK/lib PS1=(venv-ardupilot) \[\e]0;\u@\h: \w\a\]${debian_chroot:+($debian_chroot)}\[\033[01;32m\]\u@\h\[\033[00m\]:\[\033[01;34m\]\w\[\033[00m\]\$ PYTHONPATH=/home/strain-drone/Documents/drone_position_hold/ros2_ws/install/mocap4r2_msgs/lib/python3.12/site-packages:/home/strain-drone/Documents/drone_position_hold/ros2_ws/install/mocap4r2_control_msgs/lib/python3.12/site-packages:/home/strain-drone/Documents/drone_position_hold/ros2_ws/install/visualizer/lib/python3.12/site-packages:/home/strain-drone/Documents/drone_position_hold/ros2_ws/install/position_publisher/lib/python3.12/site-packages:/home/strain-drone/Documents/drone_position_hold/ros2_ws/install/natnet_ros2/lib/python3.12/site-packages:/home/strain-drone/Documents/drone_position_hold/ros2_ws/install/mocap4r2cli/lib/python3.12/site-packages:/home/strain-drone/Documents/drone_position_hold/ros2_ws/install/mocap4r2_robot_gt_msgs/lib/python3.12/site-packages:/home/strain-drone/Documents/drone_position_hold/ros2_ws/install/mocap4r2_marker_viz_srvs/lib/python3.12/site-packages:/home/strain-drone/Documents/drone_position_hold/ros2_ws/install/mavros_config/lib/python3.12/site-packages:/opt/ros/jazzy/lib/python3.12/site-packages VIRTUAL_ENV_PROMPT=(venv-ardupilot) /usr/bin/cmake --install /home/strain-drone/Documents/drone_position_hold/ros2_ws/build/mocap4r2_dummy_driver
[6.852s] INFO:colcon.colcon_core.shell:Creating environment descriptor '/home/strain-drone/Documents/drone_position_hold/ros2_ws/install/mocap4r2_dummy_driver/share/mocap4r2_dummy_driver/hook/cmake_prefix_path.dsv'
[6.853s] INFO:colcon.colcon_core.shell:Creating environment hook '/home/strain-drone/Documents/drone_position_hold/ros2_ws/install/mocap4r2_dummy_driver/share/mocap4r2_dummy_driver/hook/cmake_prefix_path.sh'
[6.855s] Level 1:colcon.colcon_core.environment:checking '/home/strain-drone/Documents/drone_position_hold/ros2_ws/install/mocap4r2_dummy_driver/lib'
[6.855s] Level 1:colcon.colcon_core.environment:checking '/home/strain-drone/Documents/drone_position_hold/ros2_ws/install/mocap4r2_dummy_driver/bin'
[6.855s] Level 1:colcon.colcon_core.environment:checking '/home/strain-drone/Documents/drone_position_hold/ros2_ws/install/mocap4r2_dummy_driver/lib/pkgconfig/mocap4r2_dummy_driver.pc'
[6.856s] Level 1:colcon.colcon_core.environment:checking '/home/strain-drone/Documents/drone_position_hold/ros2_ws/install/mocap4r2_dummy_driver/lib/python3.12/site-packages'
[6.856s] Level 1:colcon.colcon_core.environment:checking '/home/strain-drone/Documents/drone_position_hold/ros2_ws/install/mocap4r2_dummy_driver/bin'
[6.857s] INFO:colcon.colcon_core.shell:Creating package script '/home/strain-drone/Documents/drone_position_hold/ros2_ws/install/mocap4r2_dummy_driver/share/mocap4r2_dummy_driver/package.ps1'
[6.858s] INFO:colcon.colcon_core.shell:Creating package descriptor '/home/strain-drone/Documents/drone_position_hold/ros2_ws/install/mocap4r2_dummy_driver/share/mocap4r2_dummy_driver/package.dsv'
[6.859s] INFO:colcon.colcon_core.shell:Creating package script '/home/strain-drone/Documents/drone_position_hold/ros2_ws/install/mocap4r2_dummy_driver/share/mocap4r2_dummy_driver/package.sh'
[6.861s] INFO:colcon.colcon_core.shell:Creating package script '/home/strain-drone/Documents/drone_position_hold/ros2_ws/install/mocap4r2_dummy_driver/share/mocap4r2_dummy_driver/package.bash'
[6.862s] INFO:colcon.colcon_core.shell:Creating package script '/home/strain-drone/Documents/drone_position_hold/ros2_ws/install/mocap4r2_dummy_driver/share/mocap4r2_dummy_driver/package.zsh'
[6.864s] Level 1:colcon.colcon_core.environment:create_file_with_runtime_dependencies(/home/strain-drone/Documents/drone_position_hold/ros2_ws/install/mocap4r2_dummy_driver/share/colcon-core/packages/mocap4r2_dummy_driver)
[6.866s] Level 1:colcon.colcon_core.environment:create_environment_scripts_only(mocap4r2_dummy_driver)
[6.867s] Level 1:colcon.colcon_core.environment:checking '/home/strain-drone/Documents/drone_position_hold/ros2_ws/install/mocap4r2_dummy_driver' for CMake module files
[6.868s] Level 1:colcon.colcon_core.environment:checking '/home/strain-drone/Documents/drone_position_hold/ros2_ws/install/mocap4r2_dummy_driver' for CMake config files
[6.869s] Level 1:colcon.colcon_core.shell:create_environment_hook('mocap4r2_dummy_driver', 'cmake_prefix_path')
[6.869s] INFO:colcon.colcon_core.shell:Creating environment hook '/home/strain-drone/Documents/drone_position_hold/ros2_ws/install/mocap4r2_dummy_driver/share/mocap4r2_dummy_driver/hook/cmake_prefix_path.ps1'
[6.870s] INFO:colcon.colcon_core.shell:Creating environment descriptor '/home/strain-drone/Documents/drone_position_hold/ros2_ws/install/mocap4r2_dummy_driver/share/mocap4r2_dummy_driver/hook/cmake_prefix_path.dsv'
[6.872s] INFO:colcon.colcon_core.shell:Creating environment hook '/home/strain-drone/Documents/drone_position_hold/ros2_ws/install/mocap4r2_dummy_driver/share/mocap4r2_dummy_driver/hook/cmake_prefix_path.sh'
[6.874s] Level 1:colcon.colcon_core.environment:checking '/home/strain-drone/Documents/drone_position_hold/ros2_ws/install/mocap4r2_dummy_driver/lib'
[6.874s] Level 1:colcon.colcon_core.environment:checking '/home/strain-drone/Documents/drone_position_hold/ros2_ws/install/mocap4r2_dummy_driver/bin'
[6.874s] Level 1:colcon.colcon_core.environment:checking '/home/strain-drone/Documents/drone_position_hold/ros2_ws/install/mocap4r2_dummy_driver/lib/pkgconfig/mocap4r2_dummy_driver.pc'
[6.875s] Level 1:colcon.colcon_core.environment:checking '/home/strain-drone/Documents/drone_position_hold/ros2_ws/install/mocap4r2_dummy_driver/lib/python3.12/site-packages'
[6.875s] Level 1:colcon.colcon_core.environment:checking '/home/strain-drone/Documents/drone_position_hold/ros2_ws/install/mocap4r2_dummy_driver/bin'
[6.876s] INFO:colcon.colcon_core.shell:Creating package script '/home/strain-drone/Documents/drone_position_hold/ros2_ws/install/mocap4r2_dummy_driver/share/mocap4r2_dummy_driver/package.ps1'
[6.877s] INFO:colcon.colcon_core.shell:Creating package descriptor '/home/strain-drone/Documents/drone_position_hold/ros2_ws/install/mocap4r2_dummy_driver/share/mocap4r2_dummy_driver/package.dsv'
[6.878s] INFO:colcon.colcon_core.shell:Creating package script '/home/strain-drone/Documents/drone_position_hold/ros2_ws/install/mocap4r2_dummy_driver/share/mocap4r2_dummy_driver/package.sh'
[6.882s] INFO:colcon.colcon_core.shell:Creating package script '/home/strain-drone/Documents/drone_position_hold/ros2_ws/install/mocap4r2_dummy_driver/share/mocap4r2_dummy_driver/package.bash'
[6.884s] INFO:colcon.colcon_core.shell:Creating package script '/home/strain-drone/Documents/drone_position_hold/ros2_ws/install/mocap4r2_dummy_driver/share/mocap4r2_dummy_driver/package.zsh'
[6.885s] Level 1:colcon.colcon_core.environment:create_file_with_runtime_dependencies(/home/strain-drone/Documents/drone_position_hold/ros2_ws/install/mocap4r2_dummy_driver/share/colcon-core/packages/mocap4r2_dummy_driver)
[6.887s] INFO:colcon.colcon_ros.task.ament_cmake.build:Building ROS package in '/home/strain-drone/Documents/drone_position_hold/ros2_ws/src/mocap4r2/mocap4r2_control/rqt_mocap4r2_control' with build type 'ament_cmake'
[6.888s] INFO:colcon.colcon_cmake.task.cmake.build:Building CMake package in '/home/strain-drone/Documents/drone_position_hold/ros2_ws/src/mocap4r2/mocap4r2_control/rqt_mocap4r2_control'
[6.888s] INFO:colcon.colcon_core.shell:Skip shell extension 'powershell' for command environment: Not usable outside of PowerShell
[6.888s] DEBUG:colcon.colcon_core.shell:Skip shell extension 'dsv' for command environment
[6.923s] DEBUG:colcon.colcon_core.event_handler.log_command:Invoking command in '/home/strain-drone/Documents/drone_position_hold/ros2_ws/build/rqt_mocap4r2_control': CMAKE_PREFIX_PATH=/home/strain-drone/Documents/drone_position_hold/ros2_ws/install/mocap4r2_control:/home/strain-drone/Documents/drone_position_hold/ros2_ws/install/mocap4r2_control_msgs:/home/strain-drone/Documents/drone_position_hold/ros2_ws/install/rqt_mocap4r2_control:/home/strain-drone/Documents/drone_position_hold/ros2_ws/install/natnet_ros2:/home/strain-drone/Documents/drone_position_hold/ros2_ws/install/mocap4r2_vicon_driver:/home/strain-drone/Documents/drone_position_hold/ros2_ws/install/mocap4r2_robot_gt:/home/strain-drone/Documents/drone_position_hold/ros2_ws/install/mocap4r2_robot_gt_msgs:/home/strain-drone/Documents/drone_position_hold/ros2_ws/install/mocap4r2_marker_viz:/home/strain-drone/Documents/drone_position_hold/ros2_ws/install/mocap4r2_marker_publisher:/home/strain-drone/Documents/drone_position_hold/ros2_ws/install/mocap4r2_dummy_driver:/home/strain-drone/Documents/drone_position_hold/ros2_ws/install/mocap4r2_msgs:/home/strain-drone/Documents/drone_position_hold/ros2_ws/install/mocap4r2_marker_viz_srvs:/opt/ros/jazzy/opt/gz_math_vendor:/opt/ros/jazzy/opt/gz_utils_vendor:/opt/ros/jazzy/opt/gz_cmake_vendor:/home/strain-drone/Documents/drone_position_hold/ros2_ws/install/visualizer:/home/strain-drone/Documents/drone_position_hold/ros2_ws/install/position_publisher:/home/strain-drone/Documents/drone_position_hold/ros2_ws/install/mocap4r2cli:/home/strain-drone/Documents/drone_position_hold/ros2_ws/install/mavros_config:/opt/ros/jazzy DEBUGINFOD_URLS=https://debuginfod.ubuntu.com LD_LIBRARY_PATH=/home/strain-drone/Documents/drone_position_hold/ros2_ws/install/mocap4r2_control/lib:/home/strain-drone/Documents/drone_position_hold/ros2_ws/install/mocap4r2_control_msgs/lib:/home/strain-drone/Documents/drone_position_hold/ros2_ws/install/rqt_mocap4r2_control/lib:/home/strain-drone/Documents/drone_position_hold/ros2_ws/install/natnet_ros2/lib:/home/strain-drone/Documents/drone_position_hold/ros2_ws/install/mocap4r2_vicon_driver/lib:/home/strain-drone/Documents/drone_position_hold/ros2_ws/install/mocap4r2_robot_gt/lib:/home/strain-drone/Documents/drone_position_hold/ros2_ws/install/mocap4r2_robot_gt_msgs/lib:/home/strain-drone/Documents/drone_position_hold/ros2_ws/install/mocap4r2_msgs/lib:/home/strain-drone/Documents/drone_position_hold/ros2_ws/install/mocap4r2_marker_viz_srvs/lib:/opt/ros/jazzy/opt/rviz_ogre_vendor/lib:/opt/ros/jazzy/lib/aarch64-linux-gnu:/opt/ros/jazzy/opt/gz_math_vendor/lib:/opt/ros/jazzy/opt/gz_utils_vendor/lib:/opt/ros/jazzy/opt/gz_cmake_vendor/lib:/opt/ros/jazzy/lib:/home/strain-drone/Documents/drone_position_hold/ros2_ws/src/natnet_ros2/deps/NatNetSDK/lib PS1=(venv-ardupilot) \[\e]0;\u@\h: \w\a\]${debian_chroot:+($debian_chroot)}\[\033[01;32m\]\u@\h\[\033[00m\]:\[\033[01;34m\]\w\[\033[00m\]\$ PYTHONPATH=/home/strain-drone/Documents/drone_position_hold/ros2_ws/install/mocap4r2_control_msgs/lib/python3.12/site-packages:/home/strain-drone/Documents/drone_position_hold/ros2_ws/install/visualizer/lib/python3.12/site-packages:/home/strain-drone/Documents/drone_position_hold/ros2_ws/install/position_publisher/lib/python3.12/site-packages:/home/strain-drone/Documents/drone_position_hold/ros2_ws/install/natnet_ros2/lib/python3.12/site-packages:/home/strain-drone/Documents/drone_position_hold/ros2_ws/install/mocap4r2cli/lib/python3.12/site-packages:/home/strain-drone/Documents/drone_position_hold/ros2_ws/install/mocap4r2_robot_gt_msgs/lib/python3.12/site-packages:/home/strain-drone/Documents/drone_position_hold/ros2_ws/install/mocap4r2_msgs/lib/python3.12/site-packages:/home/strain-drone/Documents/drone_position_hold/ros2_ws/install/mocap4r2_marker_viz_srvs/lib/python3.12/site-packages:/home/strain-drone/Documents/drone_position_hold/ros2_ws/install/mavros_config/lib/python3.12/site-packages:/opt/ros/jazzy/lib/python3.12/site-packages VIRTUAL_ENV_PROMPT=(venv-ardupilot) /usr/bin/cmake --build /home/strain-drone/Documents/drone_position_hold/ros2_ws/build/rqt_mocap4r2_control -- -j4 -l4
[6.980s] Level 1:colcon.colcon_core.environment:checking '/home/strain-drone/Documents/drone_position_hold/ros2_ws/install/visualizer' for CMake module files
[6.981s] DEBUG:colcon.colcon_core.event_handler.log_command:Invoked command in '/home/strain-drone/Documents/drone_position_hold/ros2_ws/src/visualizer' returned '0': DEBUGINFOD_URLS=https://debuginfod.ubuntu.com PS1=(venv-ardupilot) \[\e]0;\u@\h: \w\a\]${debian_chroot:+($debian_chroot)}\[\033[01;32m\]\u@\h\[\033[00m\]:\[\033[01;34m\]\w\[\033[00m\]\$ PYTHONPATH=/home/strain-drone/Documents/drone_position_hold/ros2_ws/build/visualizer/prefix_override:/usr/lib/python3/dist-packages/colcon_core/task/python/colcon_distutils_commands:/home/strain-drone/Documents/drone_position_hold/ros2_ws/install/visualizer/lib/python3.12/site-packages:${PYTHONPATH} VIRTUAL_ENV_PROMPT=(venv-ardupilot) /usr/bin/python3 -W ignore:setup.py install is deprecated -W ignore:easy_install command is deprecated setup.py egg_info --egg-base ../../build/visualizer build --build-base /home/strain-drone/Documents/drone_position_hold/ros2_ws/build/visualizer/build install --record /home/strain-drone/Documents/drone_position_hold/ros2_ws/build/visualizer/install.log --single-version-externally-managed install_data
[6.982s] Level 1:colcon.colcon_core.environment:checking '/home/strain-drone/Documents/drone_position_hold/ros2_ws/install/visualizer' for CMake config files
[6.983s] Level 1:colcon.colcon_core.environment:checking '/home/strain-drone/Documents/drone_position_hold/ros2_ws/install/visualizer/lib'
[6.983s] Level 1:colcon.colcon_core.environment:checking '/home/strain-drone/Documents/drone_position_hold/ros2_ws/install/visualizer/bin'
[6.983s] Level 1:colcon.colcon_core.environment:checking '/home/strain-drone/Documents/drone_position_hold/ros2_ws/install/visualizer/lib/pkgconfig/visualizer.pc'
[6.984s] Level 1:colcon.colcon_core.environment:checking '/home/strain-drone/Documents/drone_position_hold/ros2_ws/install/visualizer/lib/python3.12/site-packages'
[6.984s] Level 1:colcon.colcon_core.shell:create_environment_hook('visualizer', 'pythonpath')
[6.986s] INFO:colcon.colcon_core.shell:Creating environment hook '/home/strain-drone/Documents/drone_position_hold/ros2_ws/install/visualizer/share/visualizer/hook/pythonpath.ps1'
[6.987s] INFO:colcon.colcon_core.shell:Creating environment descriptor '/home/strain-drone/Documents/drone_position_hold/ros2_ws/install/visualizer/share/visualizer/hook/pythonpath.dsv'
[6.989s] INFO:colcon.colcon_core.shell:Creating environment hook '/home/strain-drone/Documents/drone_position_hold/ros2_ws/install/visualizer/share/visualizer/hook/pythonpath.sh'
[6.990s] Level 1:colcon.colcon_core.environment:checking '/home/strain-drone/Documents/drone_position_hold/ros2_ws/install/visualizer/bin'
[6.991s] Level 1:colcon.colcon_core.environment:create_environment_scripts_only(visualizer)
[6.991s] INFO:colcon.colcon_core.shell:Creating package script '/home/strain-drone/Documents/drone_position_hold/ros2_ws/install/visualizer/share/visualizer/package.ps1'
[6.993s] INFO:colcon.colcon_core.shell:Creating package descriptor '/home/strain-drone/Documents/drone_position_hold/ros2_ws/install/visualizer/share/visualizer/package.dsv'
[6.995s] INFO:colcon.colcon_core.shell:Creating package script '/home/strain-drone/Documents/drone_position_hold/ros2_ws/install/visualizer/share/visualizer/package.sh'
[6.996s] INFO:colcon.colcon_core.shell:Creating package script '/home/strain-drone/Documents/drone_position_hold/ros2_ws/install/visualizer/share/visualizer/package.bash'
[6.997s] INFO:colcon.colcon_core.shell:Creating package script '/home/strain-drone/Documents/drone_position_hold/ros2_ws/install/visualizer/share/visualizer/package.zsh'
[6.999s] Level 1:colcon.colcon_core.environment:create_file_with_runtime_dependencies(/home/strain-drone/Documents/drone_position_hold/ros2_ws/install/visualizer/share/colcon-core/packages/visualizer)
[7.057s] DEBUG:colcon.colcon_core.event_handler.log_command:Invoked command in '/home/strain-drone/Documents/drone_position_hold/ros2_ws/build/mocap4r2_vicon_driver' returned '0': CMAKE_PREFIX_PATH=/home/strain-drone/Documents/drone_position_hold/ros2_ws/install/mocap4r2_control:/home/strain-drone/Documents/drone_position_hold/ros2_ws/install/mocap4r2_msgs:/home/strain-drone/Documents/drone_position_hold/ros2_ws/install/mocap4r2_control_msgs:/home/strain-drone/Documents/drone_position_hold/ros2_ws/install/rqt_mocap4r2_control:/home/strain-drone/Documents/drone_position_hold/ros2_ws/install/natnet_ros2:/home/strain-drone/Documents/drone_position_hold/ros2_ws/install/mocap4r2_vicon_driver:/home/strain-drone/Documents/drone_position_hold/ros2_ws/install/mocap4r2_robot_gt:/home/strain-drone/Documents/drone_position_hold/ros2_ws/install/mocap4r2_robot_gt_msgs:/home/strain-drone/Documents/drone_position_hold/ros2_ws/install/mocap4r2_marker_viz:/home/strain-drone/Documents/drone_position_hold/ros2_ws/install/mocap4r2_marker_publisher:/home/strain-drone/Documents/drone_position_hold/ros2_ws/install/mocap4r2_dummy_driver:/home/strain-drone/Documents/drone_position_hold/ros2_ws/install/mocap4r2_marker_viz_srvs:/opt/ros/jazzy/opt/gz_math_vendor:/opt/ros/jazzy/opt/gz_utils_vendor:/opt/ros/jazzy/opt/gz_cmake_vendor:/home/strain-drone/Documents/drone_position_hold/ros2_ws/install/visualizer:/home/strain-drone/Documents/drone_position_hold/ros2_ws/install/position_publisher:/home/strain-drone/Documents/drone_position_hold/ros2_ws/install/mocap4r2cli:/home/strain-drone/Documents/drone_position_hold/ros2_ws/install/mavros_config:/opt/ros/jazzy DEBUGINFOD_URLS=https://debuginfod.ubuntu.com LD_LIBRARY_PATH=/home/strain-drone/Documents/drone_position_hold/ros2_ws/install/mocap4r2_control/lib:/home/strain-drone/Documents/drone_position_hold/ros2_ws/install/mocap4r2_msgs/lib:/home/strain-drone/Documents/drone_position_hold/ros2_ws/install/mocap4r2_control_msgs/lib:/home/strain-drone/Documents/drone_position_hold/ros2_ws/install/rqt_mocap4r2_control/lib:/home/strain-drone/Documents/drone_position_hold/ros2_ws/install/natnet_ros2/lib:/home/strain-drone/Documents/drone_position_hold/ros2_ws/install/mocap4r2_vicon_driver/lib:/home/strain-drone/Documents/drone_position_hold/ros2_ws/install/mocap4r2_robot_gt/lib:/home/strain-drone/Documents/drone_position_hold/ros2_ws/install/mocap4r2_robot_gt_msgs/lib:/home/strain-drone/Documents/drone_position_hold/ros2_ws/install/mocap4r2_marker_viz_srvs/lib:/opt/ros/jazzy/opt/rviz_ogre_vendor/lib:/opt/ros/jazzy/lib/aarch64-linux-gnu:/opt/ros/jazzy/opt/gz_math_vendor/lib:/opt/ros/jazzy/opt/gz_utils_vendor/lib:/opt/ros/jazzy/opt/gz_cmake_vendor/lib:/opt/ros/jazzy/lib:/home/strain-drone/Documents/drone_position_hold/ros2_ws/src/natnet_ros2/deps/NatNetSDK/lib PS1=(venv-ardupilot) \[\e]0;\u@\h: \w\a\]${debian_chroot:+($debian_chroot)}\[\033[01;32m\]\u@\h\[\033[00m\]:\[\033[01;34m\]\w\[\033[00m\]\$ PYTHONPATH=/home/strain-drone/Documents/drone_position_hold/ros2_ws/install/mocap4r2_msgs/lib/python3.12/site-packages:/home/strain-drone/Documents/drone_position_hold/ros2_ws/install/mocap4r2_control_msgs/lib/python3.12/site-packages:/home/strain-drone/Documents/drone_position_hold/ros2_ws/install/visualizer/lib/python3.12/site-packages:/home/strain-drone/Documents/drone_position_hold/ros2_ws/install/position_publisher/lib/python3.12/site-packages:/home/strain-drone/Documents/drone_position_hold/ros2_ws/install/natnet_ros2/lib/python3.12/site-packages:/home/strain-drone/Documents/drone_position_hold/ros2_ws/install/mocap4r2cli/lib/python3.12/site-packages:/home/strain-drone/Documents/drone_position_hold/ros2_ws/install/mocap4r2_robot_gt_msgs/lib/python3.12/site-packages:/home/strain-drone/Documents/drone_position_hold/ros2_ws/install/mocap4r2_marker_viz_srvs/lib/python3.12/site-packages:/home/strain-drone/Documents/drone_position_hold/ros2_ws/install/mavros_config/lib/python3.12/site-packages:/opt/ros/jazzy/lib/python3.12/site-packages VIRTUAL_ENV_PROMPT=(venv-ardupilot) /usr/bin/cmake --build /home/strain-drone/Documents/drone_position_hold/ros2_ws/build/mocap4r2_vicon_driver -- -j4 -l4
[7.063s] DEBUG:colcon.colcon_core.event_handler.log_command:Invoking command in '/home/strain-drone/Documents/drone_position_hold/ros2_ws/build/mocap4r2_vicon_driver': CMAKE_PREFIX_PATH=/home/strain-drone/Documents/drone_position_hold/ros2_ws/install/mocap4r2_control:/home/strain-drone/Documents/drone_position_hold/ros2_ws/install/mocap4r2_msgs:/home/strain-drone/Documents/drone_position_hold/ros2_ws/install/mocap4r2_control_msgs:/home/strain-drone/Documents/drone_position_hold/ros2_ws/install/rqt_mocap4r2_control:/home/strain-drone/Documents/drone_position_hold/ros2_ws/install/natnet_ros2:/home/strain-drone/Documents/drone_position_hold/ros2_ws/install/mocap4r2_vicon_driver:/home/strain-drone/Documents/drone_position_hold/ros2_ws/install/mocap4r2_robot_gt:/home/strain-drone/Documents/drone_position_hold/ros2_ws/install/mocap4r2_robot_gt_msgs:/home/strain-drone/Documents/drone_position_hold/ros2_ws/install/mocap4r2_marker_viz:/home/strain-drone/Documents/drone_position_hold/ros2_ws/install/mocap4r2_marker_publisher:/home/strain-drone/Documents/drone_position_hold/ros2_ws/install/mocap4r2_dummy_driver:/home/strain-drone/Documents/drone_position_hold/ros2_ws/install/mocap4r2_marker_viz_srvs:/opt/ros/jazzy/opt/gz_math_vendor:/opt/ros/jazzy/opt/gz_utils_vendor:/opt/ros/jazzy/opt/gz_cmake_vendor:/home/strain-drone/Documents/drone_position_hold/ros2_ws/install/visualizer:/home/strain-drone/Documents/drone_position_hold/ros2_ws/install/position_publisher:/home/strain-drone/Documents/drone_position_hold/ros2_ws/install/mocap4r2cli:/home/strain-drone/Documents/drone_position_hold/ros2_ws/install/mavros_config:/opt/ros/jazzy DEBUGINFOD_URLS=https://debuginfod.ubuntu.com LD_LIBRARY_PATH=/home/strain-drone/Documents/drone_position_hold/ros2_ws/install/mocap4r2_control/lib:/home/strain-drone/Documents/drone_position_hold/ros2_ws/install/mocap4r2_msgs/lib:/home/strain-drone/Documents/drone_position_hold/ros2_ws/install/mocap4r2_control_msgs/lib:/home/strain-drone/Documents/drone_position_hold/ros2_ws/install/rqt_mocap4r2_control/lib:/home/strain-drone/Documents/drone_position_hold/ros2_ws/install/natnet_ros2/lib:/home/strain-drone/Documents/drone_position_hold/ros2_ws/install/mocap4r2_vicon_driver/lib:/home/strain-drone/Documents/drone_position_hold/ros2_ws/install/mocap4r2_robot_gt/lib:/home/strain-drone/Documents/drone_position_hold/ros2_ws/install/mocap4r2_robot_gt_msgs/lib:/home/strain-drone/Documents/drone_position_hold/ros2_ws/install/mocap4r2_marker_viz_srvs/lib:/opt/ros/jazzy/opt/rviz_ogre_vendor/lib:/opt/ros/jazzy/lib/aarch64-linux-gnu:/opt/ros/jazzy/opt/gz_math_vendor/lib:/opt/ros/jazzy/opt/gz_utils_vendor/lib:/opt/ros/jazzy/opt/gz_cmake_vendor/lib:/opt/ros/jazzy/lib:/home/strain-drone/Documents/drone_position_hold/ros2_ws/src/natnet_ros2/deps/NatNetSDK/lib PS1=(venv-ardupilot) \[\e]0;\u@\h: \w\a\]${debian_chroot:+($debian_chroot)}\[\033[01;32m\]\u@\h\[\033[00m\]:\[\033[01;34m\]\w\[\033[00m\]\$ PYTHONPATH=/home/strain-drone/Documents/drone_position_hold/ros2_ws/install/mocap4r2_msgs/lib/python3.12/site-packages:/home/strain-drone/Documents/drone_position_hold/ros2_ws/install/mocap4r2_control_msgs/lib/python3.12/site-packages:/home/strain-drone/Documents/drone_position_hold/ros2_ws/install/visualizer/lib/python3.12/site-packages:/home/strain-drone/Documents/drone_position_hold/ros2_ws/install/position_publisher/lib/python3.12/site-packages:/home/strain-drone/Documents/drone_position_hold/ros2_ws/install/natnet_ros2/lib/python3.12/site-packages:/home/strain-drone/Documents/drone_position_hold/ros2_ws/install/mocap4r2cli/lib/python3.12/site-packages:/home/strain-drone/Documents/drone_position_hold/ros2_ws/install/mocap4r2_robot_gt_msgs/lib/python3.12/site-packages:/home/strain-drone/Documents/drone_position_hold/ros2_ws/install/mocap4r2_marker_viz_srvs/lib/python3.12/site-packages:/home/strain-drone/Documents/drone_position_hold/ros2_ws/install/mavros_config/lib/python3.12/site-packages:/opt/ros/jazzy/lib/python3.12/site-packages VIRTUAL_ENV_PROMPT=(venv-ardupilot) /usr/bin/cmake --install /home/strain-drone/Documents/drone_position_hold/ros2_ws/build/mocap4r2_vicon_driver
[7.094s] Level 1:colcon.colcon_core.environment:create_environment_scripts_only(mocap4r2_vicon_driver)
[7.095s] Level 1:colcon.colcon_core.environment:checking '/home/strain-drone/Documents/drone_position_hold/ros2_ws/install/mocap4r2_vicon_driver' for CMake module files
[7.095s] DEBUG:colcon.colcon_core.event_handler.log_command:Invoked command in '/home/strain-drone/Documents/drone_position_hold/ros2_ws/build/mocap4r2_vicon_driver' returned '0': CMAKE_PREFIX_PATH=/home/strain-drone/Documents/drone_position_hold/ros2_ws/install/mocap4r2_control:/home/strain-drone/Documents/drone_position_hold/ros2_ws/install/mocap4r2_msgs:/home/strain-drone/Documents/drone_position_hold/ros2_ws/install/mocap4r2_control_msgs:/home/strain-drone/Documents/drone_position_hold/ros2_ws/install/rqt_mocap4r2_control:/home/strain-drone/Documents/drone_position_hold/ros2_ws/install/natnet_ros2:/home/strain-drone/Documents/drone_position_hold/ros2_ws/install/mocap4r2_vicon_driver:/home/strain-drone/Documents/drone_position_hold/ros2_ws/install/mocap4r2_robot_gt:/home/strain-drone/Documents/drone_position_hold/ros2_ws/install/mocap4r2_robot_gt_msgs:/home/strain-drone/Documents/drone_position_hold/ros2_ws/install/mocap4r2_marker_viz:/home/strain-drone/Documents/drone_position_hold/ros2_ws/install/mocap4r2_marker_publisher:/home/strain-drone/Documents/drone_position_hold/ros2_ws/install/mocap4r2_dummy_driver:/home/strain-drone/Documents/drone_position_hold/ros2_ws/install/mocap4r2_marker_viz_srvs:/opt/ros/jazzy/opt/gz_math_vendor:/opt/ros/jazzy/opt/gz_utils_vendor:/opt/ros/jazzy/opt/gz_cmake_vendor:/home/strain-drone/Documents/drone_position_hold/ros2_ws/install/visualizer:/home/strain-drone/Documents/drone_position_hold/ros2_ws/install/position_publisher:/home/strain-drone/Documents/drone_position_hold/ros2_ws/install/mocap4r2cli:/home/strain-drone/Documents/drone_position_hold/ros2_ws/install/mavros_config:/opt/ros/jazzy DEBUGINFOD_URLS=https://debuginfod.ubuntu.com LD_LIBRARY_PATH=/home/strain-drone/Documents/drone_position_hold/ros2_ws/install/mocap4r2_control/lib:/home/strain-drone/Documents/drone_position_hold/ros2_ws/install/mocap4r2_msgs/lib:/home/strain-drone/Documents/drone_position_hold/ros2_ws/install/mocap4r2_control_msgs/lib:/home/strain-drone/Documents/drone_position_hold/ros2_ws/install/rqt_mocap4r2_control/lib:/home/strain-drone/Documents/drone_position_hold/ros2_ws/install/natnet_ros2/lib:/home/strain-drone/Documents/drone_position_hold/ros2_ws/install/mocap4r2_vicon_driver/lib:/home/strain-drone/Documents/drone_position_hold/ros2_ws/install/mocap4r2_robot_gt/lib:/home/strain-drone/Documents/drone_position_hold/ros2_ws/install/mocap4r2_robot_gt_msgs/lib:/home/strain-drone/Documents/drone_position_hold/ros2_ws/install/mocap4r2_marker_viz_srvs/lib:/opt/ros/jazzy/opt/rviz_ogre_vendor/lib:/opt/ros/jazzy/lib/aarch64-linux-gnu:/opt/ros/jazzy/opt/gz_math_vendor/lib:/opt/ros/jazzy/opt/gz_utils_vendor/lib:/opt/ros/jazzy/opt/gz_cmake_vendor/lib:/opt/ros/jazzy/lib:/home/strain-drone/Documents/drone_position_hold/ros2_ws/src/natnet_ros2/deps/NatNetSDK/lib PS1=(venv-ardupilot) \[\e]0;\u@\h: \w\a\]${debian_chroot:+($debian_chroot)}\[\033[01;32m\]\u@\h\[\033[00m\]:\[\033[01;34m\]\w\[\033[00m\]\$ PYTHONPATH=/home/strain-drone/Documents/drone_position_hold/ros2_ws/install/mocap4r2_msgs/lib/python3.12/site-packages:/home/strain-drone/Documents/drone_position_hold/ros2_ws/install/mocap4r2_control_msgs/lib/python3.12/site-packages:/home/strain-drone/Documents/drone_position_hold/ros2_ws/install/visualizer/lib/python3.12/site-packages:/home/strain-drone/Documents/drone_position_hold/ros2_ws/install/position_publisher/lib/python3.12/site-packages:/home/strain-drone/Documents/drone_position_hold/ros2_ws/install/natnet_ros2/lib/python3.12/site-packages:/home/strain-drone/Documents/drone_position_hold/ros2_ws/install/mocap4r2cli/lib/python3.12/site-packages:/home/strain-drone/Documents/drone_position_hold/ros2_ws/install/mocap4r2_robot_gt_msgs/lib/python3.12/site-packages:/home/strain-drone/Documents/drone_position_hold/ros2_ws/install/mocap4r2_marker_viz_srvs/lib/python3.12/site-packages:/home/strain-drone/Documents/drone_position_hold/ros2_ws/install/mavros_config/lib/python3.12/site-packages:/opt/ros/jazzy/lib/python3.12/site-packages VIRTUAL_ENV_PROMPT=(venv-ardupilot) /usr/bin/cmake --install /home/strain-drone/Documents/drone_position_hold/ros2_ws/build/mocap4r2_vicon_driver
[7.096s] Level 1:colcon.colcon_core.environment:checking '/home/strain-drone/Documents/drone_position_hold/ros2_ws/install/mocap4r2_vicon_driver' for CMake config files
[7.097s] Level 1:colcon.colcon_core.shell:create_environment_hook('mocap4r2_vicon_driver', 'cmake_prefix_path')
[7.097s] INFO:colcon.colcon_core.shell:Creating environment hook '/home/strain-drone/Documents/drone_position_hold/ros2_ws/install/mocap4r2_vicon_driver/share/mocap4r2_vicon_driver/hook/cmake_prefix_path.ps1'
[7.098s] INFO:colcon.colcon_core.shell:Creating environment descriptor '/home/strain-drone/Documents/drone_position_hold/ros2_ws/install/mocap4r2_vicon_driver/share/mocap4r2_vicon_driver/hook/cmake_prefix_path.dsv'
[7.099s] INFO:colcon.colcon_core.shell:Creating environment hook '/home/strain-drone/Documents/drone_position_hold/ros2_ws/install/mocap4r2_vicon_driver/share/mocap4r2_vicon_driver/hook/cmake_prefix_path.sh'
[7.101s] Level 1:colcon.colcon_core.environment:checking '/home/strain-drone/Documents/drone_position_hold/ros2_ws/install/mocap4r2_vicon_driver/lib'
[7.101s] Level 1:colcon.colcon_core.shell:create_environment_hook('mocap4r2_vicon_driver', 'ld_library_path_lib')
[7.102s] INFO:colcon.colcon_core.shell:Creating environment hook '/home/strain-drone/Documents/drone_position_hold/ros2_ws/install/mocap4r2_vicon_driver/share/mocap4r2_vicon_driver/hook/ld_library_path_lib.ps1'
[7.102s] INFO:colcon.colcon_core.shell:Creating environment descriptor '/home/strain-drone/Documents/drone_position_hold/ros2_ws/install/mocap4r2_vicon_driver/share/mocap4r2_vicon_driver/hook/ld_library_path_lib.dsv'
[7.104s] INFO:colcon.colcon_core.shell:Creating environment hook '/home/strain-drone/Documents/drone_position_hold/ros2_ws/install/mocap4r2_vicon_driver/share/mocap4r2_vicon_driver/hook/ld_library_path_lib.sh'
[7.108s] Level 1:colcon.colcon_core.environment:checking '/home/strain-drone/Documents/drone_position_hold/ros2_ws/install/mocap4r2_vicon_driver/bin'
[7.108s] Level 1:colcon.colcon_core.environment:checking '/home/strain-drone/Documents/drone_position_hold/ros2_ws/install/mocap4r2_vicon_driver/lib/pkgconfig/mocap4r2_vicon_driver.pc'
[7.108s] Level 1:colcon.colcon_core.environment:checking '/home/strain-drone/Documents/drone_position_hold/ros2_ws/install/mocap4r2_vicon_driver/lib/python3.12/site-packages'
[7.109s] Level 1:colcon.colcon_core.environment:checking '/home/strain-drone/Documents/drone_position_hold/ros2_ws/install/mocap4r2_vicon_driver/bin'
[7.109s] INFO:colcon.colcon_core.shell:Creating package script '/home/strain-drone/Documents/drone_position_hold/ros2_ws/install/mocap4r2_vicon_driver/share/mocap4r2_vicon_driver/package.ps1'
[7.110s] INFO:colcon.colcon_core.shell:Creating package descriptor '/home/strain-drone/Documents/drone_position_hold/ros2_ws/install/mocap4r2_vicon_driver/share/mocap4r2_vicon_driver/package.dsv'
[7.110s] INFO:colcon.colcon_core.shell:Creating package script '/home/strain-drone/Documents/drone_position_hold/ros2_ws/install/mocap4r2_vicon_driver/share/mocap4r2_vicon_driver/package.sh'
[7.111s] INFO:colcon.colcon_core.shell:Creating package script '/home/strain-drone/Documents/drone_position_hold/ros2_ws/install/mocap4r2_vicon_driver/share/mocap4r2_vicon_driver/package.bash'
[7.112s] INFO:colcon.colcon_core.shell:Creating package script '/home/strain-drone/Documents/drone_position_hold/ros2_ws/install/mocap4r2_vicon_driver/share/mocap4r2_vicon_driver/package.zsh'
[7.113s] Level 1:colcon.colcon_core.environment:create_file_with_runtime_dependencies(/home/strain-drone/Documents/drone_position_hold/ros2_ws/install/mocap4r2_vicon_driver/share/colcon-core/packages/mocap4r2_vicon_driver)
[7.114s] Level 1:colcon.colcon_core.environment:create_environment_scripts_only(mocap4r2_vicon_driver)
[7.114s] Level 1:colcon.colcon_core.environment:checking '/home/strain-drone/Documents/drone_position_hold/ros2_ws/install/mocap4r2_vicon_driver' for CMake module files
[7.115s] Level 1:colcon.colcon_core.environment:checking '/home/strain-drone/Documents/drone_position_hold/ros2_ws/install/mocap4r2_vicon_driver' for CMake config files
[7.115s] Level 1:colcon.colcon_core.shell:create_environment_hook('mocap4r2_vicon_driver', 'cmake_prefix_path')
[7.115s] INFO:colcon.colcon_core.shell:Creating environment hook '/home/strain-drone/Documents/drone_position_hold/ros2_ws/install/mocap4r2_vicon_driver/share/mocap4r2_vicon_driver/hook/cmake_prefix_path.ps1'
[7.116s] INFO:colcon.colcon_core.shell:Creating environment descriptor '/home/strain-drone/Documents/drone_position_hold/ros2_ws/install/mocap4r2_vicon_driver/share/mocap4r2_vicon_driver/hook/cmake_prefix_path.dsv'
[7.117s] INFO:colcon.colcon_core.shell:Creating environment hook '/home/strain-drone/Documents/drone_position_hold/ros2_ws/install/mocap4r2_vicon_driver/share/mocap4r2_vicon_driver/hook/cmake_prefix_path.sh'
[7.118s] Level 1:colcon.colcon_core.environment:checking '/home/strain-drone/Documents/drone_position_hold/ros2_ws/install/mocap4r2_vicon_driver/lib'
[7.118s] Level 1:colcon.colcon_core.shell:create_environment_hook('mocap4r2_vicon_driver', 'ld_library_path_lib')
[7.119s] INFO:colcon.colcon_core.shell:Creating environment hook '/home/strain-drone/Documents/drone_position_hold/ros2_ws/install/mocap4r2_vicon_driver/share/mocap4r2_vicon_driver/hook/ld_library_path_lib.ps1'
[7.119s] INFO:colcon.colcon_core.shell:Creating environment descriptor '/home/strain-drone/Documents/drone_position_hold/ros2_ws/install/mocap4r2_vicon_driver/share/mocap4r2_vicon_driver/hook/ld_library_path_lib.dsv'
[7.120s] INFO:colcon.colcon_core.shell:Creating environment hook '/home/strain-drone/Documents/drone_position_hold/ros2_ws/install/mocap4r2_vicon_driver/share/mocap4r2_vicon_driver/hook/ld_library_path_lib.sh'
[7.122s] Level 1:colcon.colcon_core.environment:checking '/home/strain-drone/Documents/drone_position_hold/ros2_ws/install/mocap4r2_vicon_driver/bin'
[7.122s] Level 1:colcon.colcon_core.environment:checking '/home/strain-drone/Documents/drone_position_hold/ros2_ws/install/mocap4r2_vicon_driver/lib/pkgconfig/mocap4r2_vicon_driver.pc'
[7.122s] Level 1:colcon.colcon_core.environment:checking '/home/strain-drone/Documents/drone_position_hold/ros2_ws/install/mocap4r2_vicon_driver/lib/python3.12/site-packages'
[7.122s] Level 1:colcon.colcon_core.environment:checking '/home/strain-drone/Documents/drone_position_hold/ros2_ws/install/mocap4r2_vicon_driver/bin'
[7.123s] INFO:colcon.colcon_core.shell:Creating package script '/home/strain-drone/Documents/drone_position_hold/ros2_ws/install/mocap4r2_vicon_driver/share/mocap4r2_vicon_driver/package.ps1'
[7.123s] INFO:colcon.colcon_core.shell:Creating package descriptor '/home/strain-drone/Documents/drone_position_hold/ros2_ws/install/mocap4r2_vicon_driver/share/mocap4r2_vicon_driver/package.dsv'
[7.125s] INFO:colcon.colcon_core.shell:Creating package script '/home/strain-drone/Documents/drone_position_hold/ros2_ws/install/mocap4r2_vicon_driver/share/mocap4r2_vicon_driver/package.sh'
[7.126s] INFO:colcon.colcon_core.shell:Creating package script '/home/strain-drone/Documents/drone_position_hold/ros2_ws/install/mocap4r2_vicon_driver/share/mocap4r2_vicon_driver/package.bash'
[7.127s] INFO:colcon.colcon_core.shell:Creating package script '/home/strain-drone/Documents/drone_position_hold/ros2_ws/install/mocap4r2_vicon_driver/share/mocap4r2_vicon_driver/package.zsh'
[7.129s] Level 1:colcon.colcon_core.environment:create_file_with_runtime_dependencies(/home/strain-drone/Documents/drone_position_hold/ros2_ws/install/mocap4r2_vicon_driver/share/colcon-core/packages/mocap4r2_vicon_driver)
[7.133s] DEBUG:colcon.colcon_core.event_handler.log_command:Invoked command in '/home/strain-drone/Documents/drone_position_hold/ros2_ws/build/rqt_mocap4r2_control' returned '0': CMAKE_PREFIX_PATH=/home/strain-drone/Documents/drone_position_hold/ros2_ws/install/mocap4r2_control:/home/strain-drone/Documents/drone_position_hold/ros2_ws/install/mocap4r2_control_msgs:/home/strain-drone/Documents/drone_position_hold/ros2_ws/install/rqt_mocap4r2_control:/home/strain-drone/Documents/drone_position_hold/ros2_ws/install/natnet_ros2:/home/strain-drone/Documents/drone_position_hold/ros2_ws/install/mocap4r2_vicon_driver:/home/strain-drone/Documents/drone_position_hold/ros2_ws/install/mocap4r2_robot_gt:/home/strain-drone/Documents/drone_position_hold/ros2_ws/install/mocap4r2_robot_gt_msgs:/home/strain-drone/Documents/drone_position_hold/ros2_ws/install/mocap4r2_marker_viz:/home/strain-drone/Documents/drone_position_hold/ros2_ws/install/mocap4r2_marker_publisher:/home/strain-drone/Documents/drone_position_hold/ros2_ws/install/mocap4r2_dummy_driver:/home/strain-drone/Documents/drone_position_hold/ros2_ws/install/mocap4r2_msgs:/home/strain-drone/Documents/drone_position_hold/ros2_ws/install/mocap4r2_marker_viz_srvs:/opt/ros/jazzy/opt/gz_math_vendor:/opt/ros/jazzy/opt/gz_utils_vendor:/opt/ros/jazzy/opt/gz_cmake_vendor:/home/strain-drone/Documents/drone_position_hold/ros2_ws/install/visualizer:/home/strain-drone/Documents/drone_position_hold/ros2_ws/install/position_publisher:/home/strain-drone/Documents/drone_position_hold/ros2_ws/install/mocap4r2cli:/home/strain-drone/Documents/drone_position_hold/ros2_ws/install/mavros_config:/opt/ros/jazzy DEBUGINFOD_URLS=https://debuginfod.ubuntu.com LD_LIBRARY_PATH=/home/strain-drone/Documents/drone_position_hold/ros2_ws/install/mocap4r2_control/lib:/home/strain-drone/Documents/drone_position_hold/ros2_ws/install/mocap4r2_control_msgs/lib:/home/strain-drone/Documents/drone_position_hold/ros2_ws/install/rqt_mocap4r2_control/lib:/home/strain-drone/Documents/drone_position_hold/ros2_ws/install/natnet_ros2/lib:/home/strain-drone/Documents/drone_position_hold/ros2_ws/install/mocap4r2_vicon_driver/lib:/home/strain-drone/Documents/drone_position_hold/ros2_ws/install/mocap4r2_robot_gt/lib:/home/strain-drone/Documents/drone_position_hold/ros2_ws/install/mocap4r2_robot_gt_msgs/lib:/home/strain-drone/Documents/drone_position_hold/ros2_ws/install/mocap4r2_msgs/lib:/home/strain-drone/Documents/drone_position_hold/ros2_ws/install/mocap4r2_marker_viz_srvs/lib:/opt/ros/jazzy/opt/rviz_ogre_vendor/lib:/opt/ros/jazzy/lib/aarch64-linux-gnu:/opt/ros/jazzy/opt/gz_math_vendor/lib:/opt/ros/jazzy/opt/gz_utils_vendor/lib:/opt/ros/jazzy/opt/gz_cmake_vendor/lib:/opt/ros/jazzy/lib:/home/strain-drone/Documents/drone_position_hold/ros2_ws/src/natnet_ros2/deps/NatNetSDK/lib PS1=(venv-ardupilot) \[\e]0;\u@\h: \w\a\]${debian_chroot:+($debian_chroot)}\[\033[01;32m\]\u@\h\[\033[00m\]:\[\033[01;34m\]\w\[\033[00m\]\$ PYTHONPATH=/home/strain-drone/Documents/drone_position_hold/ros2_ws/install/mocap4r2_control_msgs/lib/python3.12/site-packages:/home/strain-drone/Documents/drone_position_hold/ros2_ws/install/visualizer/lib/python3.12/site-packages:/home/strain-drone/Documents/drone_position_hold/ros2_ws/install/position_publisher/lib/python3.12/site-packages:/home/strain-drone/Documents/drone_position_hold/ros2_ws/install/natnet_ros2/lib/python3.12/site-packages:/home/strain-drone/Documents/drone_position_hold/ros2_ws/install/mocap4r2cli/lib/python3.12/site-packages:/home/strain-drone/Documents/drone_position_hold/ros2_ws/install/mocap4r2_robot_gt_msgs/lib/python3.12/site-packages:/home/strain-drone/Documents/drone_position_hold/ros2_ws/install/mocap4r2_msgs/lib/python3.12/site-packages:/home/strain-drone/Documents/drone_position_hold/ros2_ws/install/mocap4r2_marker_viz_srvs/lib/python3.12/site-packages:/home/strain-drone/Documents/drone_position_hold/ros2_ws/install/mavros_config/lib/python3.12/site-packages:/opt/ros/jazzy/lib/python3.12/site-packages VIRTUAL_ENV_PROMPT=(venv-ardupilot) /usr/bin/cmake --build /home/strain-drone/Documents/drone_position_hold/ros2_ws/build/rqt_mocap4r2_control -- -j4 -l4
[7.134s] DEBUG:colcon.colcon_core.event_handler.log_command:Invoking command in '/home/strain-drone/Documents/drone_position_hold/ros2_ws/build/rqt_mocap4r2_control': CMAKE_PREFIX_PATH=/home/strain-drone/Documents/drone_position_hold/ros2_ws/install/mocap4r2_control:/home/strain-drone/Documents/drone_position_hold/ros2_ws/install/mocap4r2_control_msgs:/home/strain-drone/Documents/drone_position_hold/ros2_ws/install/rqt_mocap4r2_control:/home/strain-drone/Documents/drone_position_hold/ros2_ws/install/natnet_ros2:/home/strain-drone/Documents/drone_position_hold/ros2_ws/install/mocap4r2_vicon_driver:/home/strain-drone/Documents/drone_position_hold/ros2_ws/install/mocap4r2_robot_gt:/home/strain-drone/Documents/drone_position_hold/ros2_ws/install/mocap4r2_robot_gt_msgs:/home/strain-drone/Documents/drone_position_hold/ros2_ws/install/mocap4r2_marker_viz:/home/strain-drone/Documents/drone_position_hold/ros2_ws/install/mocap4r2_marker_publisher:/home/strain-drone/Documents/drone_position_hold/ros2_ws/install/mocap4r2_dummy_driver:/home/strain-drone/Documents/drone_position_hold/ros2_ws/install/mocap4r2_msgs:/home/strain-drone/Documents/drone_position_hold/ros2_ws/install/mocap4r2_marker_viz_srvs:/opt/ros/jazzy/opt/gz_math_vendor:/opt/ros/jazzy/opt/gz_utils_vendor:/opt/ros/jazzy/opt/gz_cmake_vendor:/home/strain-drone/Documents/drone_position_hold/ros2_ws/install/visualizer:/home/strain-drone/Documents/drone_position_hold/ros2_ws/install/position_publisher:/home/strain-drone/Documents/drone_position_hold/ros2_ws/install/mocap4r2cli:/home/strain-drone/Documents/drone_position_hold/ros2_ws/install/mavros_config:/opt/ros/jazzy DEBUGINFOD_URLS=https://debuginfod.ubuntu.com LD_LIBRARY_PATH=/home/strain-drone/Documents/drone_position_hold/ros2_ws/install/mocap4r2_control/lib:/home/strain-drone/Documents/drone_position_hold/ros2_ws/install/mocap4r2_control_msgs/lib:/home/strain-drone/Documents/drone_position_hold/ros2_ws/install/rqt_mocap4r2_control/lib:/home/strain-drone/Documents/drone_position_hold/ros2_ws/install/natnet_ros2/lib:/home/strain-drone/Documents/drone_position_hold/ros2_ws/install/mocap4r2_vicon_driver/lib:/home/strain-drone/Documents/drone_position_hold/ros2_ws/install/mocap4r2_robot_gt/lib:/home/strain-drone/Documents/drone_position_hold/ros2_ws/install/mocap4r2_robot_gt_msgs/lib:/home/strain-drone/Documents/drone_position_hold/ros2_ws/install/mocap4r2_msgs/lib:/home/strain-drone/Documents/drone_position_hold/ros2_ws/install/mocap4r2_marker_viz_srvs/lib:/opt/ros/jazzy/opt/rviz_ogre_vendor/lib:/opt/ros/jazzy/lib/aarch64-linux-gnu:/opt/ros/jazzy/opt/gz_math_vendor/lib:/opt/ros/jazzy/opt/gz_utils_vendor/lib:/opt/ros/jazzy/opt/gz_cmake_vendor/lib:/opt/ros/jazzy/lib:/home/strain-drone/Documents/drone_position_hold/ros2_ws/src/natnet_ros2/deps/NatNetSDK/lib PS1=(venv-ardupilot) \[\e]0;\u@\h: \w\a\]${debian_chroot:+($debian_chroot)}\[\033[01;32m\]\u@\h\[\033[00m\]:\[\033[01;34m\]\w\[\033[00m\]\$ PYTHONPATH=/home/strain-drone/Documents/drone_position_hold/ros2_ws/install/mocap4r2_control_msgs/lib/python3.12/site-packages:/home/strain-drone/Documents/drone_position_hold/ros2_ws/install/visualizer/lib/python3.12/site-packages:/home/strain-drone/Documents/drone_position_hold/ros2_ws/install/position_publisher/lib/python3.12/site-packages:/home/strain-drone/Documents/drone_position_hold/ros2_ws/install/natnet_ros2/lib/python3.12/site-packages:/home/strain-drone/Documents/drone_position_hold/ros2_ws/install/mocap4r2cli/lib/python3.12/site-packages:/home/strain-drone/Documents/drone_position_hold/ros2_ws/install/mocap4r2_robot_gt_msgs/lib/python3.12/site-packages:/home/strain-drone/Documents/drone_position_hold/ros2_ws/install/mocap4r2_msgs/lib/python3.12/site-packages:/home/strain-drone/Documents/drone_position_hold/ros2_ws/install/mocap4r2_marker_viz_srvs/lib/python3.12/site-packages:/home/strain-drone/Documents/drone_position_hold/ros2_ws/install/mavros_config/lib/python3.12/site-packages:/opt/ros/jazzy/lib/python3.12/site-packages VIRTUAL_ENV_PROMPT=(venv-ardupilot) /usr/bin/cmake --install /home/strain-drone/Documents/drone_position_hold/ros2_ws/build/rqt_mocap4r2_control
[7.154s] Level 1:colcon.colcon_core.environment:create_environment_scripts_only(rqt_mocap4r2_control)
[7.155s] Level 1:colcon.colcon_core.environment:checking '/home/strain-drone/Documents/drone_position_hold/ros2_ws/install/rqt_mocap4r2_control' for CMake module files
[7.156s] DEBUG:colcon.colcon_core.event_handler.log_command:Invoked command in '/home/strain-drone/Documents/drone_position_hold/ros2_ws/build/rqt_mocap4r2_control' returned '0': CMAKE_PREFIX_PATH=/home/strain-drone/Documents/drone_position_hold/ros2_ws/install/mocap4r2_control:/home/strain-drone/Documents/drone_position_hold/ros2_ws/install/mocap4r2_control_msgs:/home/strain-drone/Documents/drone_position_hold/ros2_ws/install/rqt_mocap4r2_control:/home/strain-drone/Documents/drone_position_hold/ros2_ws/install/natnet_ros2:/home/strain-drone/Documents/drone_position_hold/ros2_ws/install/mocap4r2_vicon_driver:/home/strain-drone/Documents/drone_position_hold/ros2_ws/install/mocap4r2_robot_gt:/home/strain-drone/Documents/drone_position_hold/ros2_ws/install/mocap4r2_robot_gt_msgs:/home/strain-drone/Documents/drone_position_hold/ros2_ws/install/mocap4r2_marker_viz:/home/strain-drone/Documents/drone_position_hold/ros2_ws/install/mocap4r2_marker_publisher:/home/strain-drone/Documents/drone_position_hold/ros2_ws/install/mocap4r2_dummy_driver:/home/strain-drone/Documents/drone_position_hold/ros2_ws/install/mocap4r2_msgs:/home/strain-drone/Documents/drone_position_hold/ros2_ws/install/mocap4r2_marker_viz_srvs:/opt/ros/jazzy/opt/gz_math_vendor:/opt/ros/jazzy/opt/gz_utils_vendor:/opt/ros/jazzy/opt/gz_cmake_vendor:/home/strain-drone/Documents/drone_position_hold/ros2_ws/install/visualizer:/home/strain-drone/Documents/drone_position_hold/ros2_ws/install/position_publisher:/home/strain-drone/Documents/drone_position_hold/ros2_ws/install/mocap4r2cli:/home/strain-drone/Documents/drone_position_hold/ros2_ws/install/mavros_config:/opt/ros/jazzy DEBUGINFOD_URLS=https://debuginfod.ubuntu.com LD_LIBRARY_PATH=/home/strain-drone/Documents/drone_position_hold/ros2_ws/install/mocap4r2_control/lib:/home/strain-drone/Documents/drone_position_hold/ros2_ws/install/mocap4r2_control_msgs/lib:/home/strain-drone/Documents/drone_position_hold/ros2_ws/install/rqt_mocap4r2_control/lib:/home/strain-drone/Documents/drone_position_hold/ros2_ws/install/natnet_ros2/lib:/home/strain-drone/Documents/drone_position_hold/ros2_ws/install/mocap4r2_vicon_driver/lib:/home/strain-drone/Documents/drone_position_hold/ros2_ws/install/mocap4r2_robot_gt/lib:/home/strain-drone/Documents/drone_position_hold/ros2_ws/install/mocap4r2_robot_gt_msgs/lib:/home/strain-drone/Documents/drone_position_hold/ros2_ws/install/mocap4r2_msgs/lib:/home/strain-drone/Documents/drone_position_hold/ros2_ws/install/mocap4r2_marker_viz_srvs/lib:/opt/ros/jazzy/opt/rviz_ogre_vendor/lib:/opt/ros/jazzy/lib/aarch64-linux-gnu:/opt/ros/jazzy/opt/gz_math_vendor/lib:/opt/ros/jazzy/opt/gz_utils_vendor/lib:/opt/ros/jazzy/opt/gz_cmake_vendor/lib:/opt/ros/jazzy/lib:/home/strain-drone/Documents/drone_position_hold/ros2_ws/src/natnet_ros2/deps/NatNetSDK/lib PS1=(venv-ardupilot) \[\e]0;\u@\h: \w\a\]${debian_chroot:+($debian_chroot)}\[\033[01;32m\]\u@\h\[\033[00m\]:\[\033[01;34m\]\w\[\033[00m\]\$ PYTHONPATH=/home/strain-drone/Documents/drone_position_hold/ros2_ws/install/mocap4r2_control_msgs/lib/python3.12/site-packages:/home/strain-drone/Documents/drone_position_hold/ros2_ws/install/visualizer/lib/python3.12/site-packages:/home/strain-drone/Documents/drone_position_hold/ros2_ws/install/position_publisher/lib/python3.12/site-packages:/home/strain-drone/Documents/drone_position_hold/ros2_ws/install/natnet_ros2/lib/python3.12/site-packages:/home/strain-drone/Documents/drone_position_hold/ros2_ws/install/mocap4r2cli/lib/python3.12/site-packages:/home/strain-drone/Documents/drone_position_hold/ros2_ws/install/mocap4r2_robot_gt_msgs/lib/python3.12/site-packages:/home/strain-drone/Documents/drone_position_hold/ros2_ws/install/mocap4r2_msgs/lib/python3.12/site-packages:/home/strain-drone/Documents/drone_position_hold/ros2_ws/install/mocap4r2_marker_viz_srvs/lib/python3.12/site-packages:/home/strain-drone/Documents/drone_position_hold/ros2_ws/install/mavros_config/lib/python3.12/site-packages:/opt/ros/jazzy/lib/python3.12/site-packages VIRTUAL_ENV_PROMPT=(venv-ardupilot) /usr/bin/cmake --install /home/strain-drone/Documents/drone_position_hold/ros2_ws/build/rqt_mocap4r2_control
[7.156s] Level 1:colcon.colcon_core.environment:checking '/home/strain-drone/Documents/drone_position_hold/ros2_ws/install/rqt_mocap4r2_control' for CMake config files
[7.157s] Level 1:colcon.colcon_core.shell:create_environment_hook('rqt_mocap4r2_control', 'cmake_prefix_path')
[7.157s] INFO:colcon.colcon_core.shell:Creating environment hook '/home/strain-drone/Documents/drone_position_hold/ros2_ws/install/rqt_mocap4r2_control/share/rqt_mocap4r2_control/hook/cmake_prefix_path.ps1'
[7.158s] INFO:colcon.colcon_core.shell:Creating environment descriptor '/home/strain-drone/Documents/drone_position_hold/ros2_ws/install/rqt_mocap4r2_control/share/rqt_mocap4r2_control/hook/cmake_prefix_path.dsv'
[7.159s] INFO:colcon.colcon_core.shell:Creating environment hook '/home/strain-drone/Documents/drone_position_hold/ros2_ws/install/rqt_mocap4r2_control/share/rqt_mocap4r2_control/hook/cmake_prefix_path.sh'
[7.161s] Level 1:colcon.colcon_core.environment:checking '/home/strain-drone/Documents/drone_position_hold/ros2_ws/install/rqt_mocap4r2_control/lib'
[7.161s] Level 1:colcon.colcon_core.environment:checking '/home/strain-drone/Documents/drone_position_hold/ros2_ws/install/rqt_mocap4r2_control/bin'
[7.161s] Level 1:colcon.colcon_core.environment:checking '/home/strain-drone/Documents/drone_position_hold/ros2_ws/install/rqt_mocap4r2_control/lib/pkgconfig/rqt_mocap4r2_control.pc'
[7.162s] Level 1:colcon.colcon_core.environment:checking '/home/strain-drone/Documents/drone_position_hold/ros2_ws/install/rqt_mocap4r2_control/lib/python3.12/site-packages'
[7.162s] Level 1:colcon.colcon_core.environment:checking '/home/strain-drone/Documents/drone_position_hold/ros2_ws/install/rqt_mocap4r2_control/bin'
[7.162s] INFO:colcon.colcon_core.shell:Creating package script '/home/strain-drone/Documents/drone_position_hold/ros2_ws/install/rqt_mocap4r2_control/share/rqt_mocap4r2_control/package.ps1'
[7.165s] INFO:colcon.colcon_core.shell:Creating package descriptor '/home/strain-drone/Documents/drone_position_hold/ros2_ws/install/rqt_mocap4r2_control/share/rqt_mocap4r2_control/package.dsv'
[7.165s] INFO:colcon.colcon_core.shell:Creating package script '/home/strain-drone/Documents/drone_position_hold/ros2_ws/install/rqt_mocap4r2_control/share/rqt_mocap4r2_control/package.sh'
[7.166s] INFO:colcon.colcon_core.shell:Creating package script '/home/strain-drone/Documents/drone_position_hold/ros2_ws/install/rqt_mocap4r2_control/share/rqt_mocap4r2_control/package.bash'
[7.167s] INFO:colcon.colcon_core.shell:Creating package script '/home/strain-drone/Documents/drone_position_hold/ros2_ws/install/rqt_mocap4r2_control/share/rqt_mocap4r2_control/package.zsh'
[7.167s] Level 1:colcon.colcon_core.environment:create_file_with_runtime_dependencies(/home/strain-drone/Documents/drone_position_hold/ros2_ws/install/rqt_mocap4r2_control/share/colcon-core/packages/rqt_mocap4r2_control)
[7.169s] Level 1:colcon.colcon_core.environment:create_environment_scripts_only(rqt_mocap4r2_control)
[7.169s] Level 1:colcon.colcon_core.environment:checking '/home/strain-drone/Documents/drone_position_hold/ros2_ws/install/rqt_mocap4r2_control' for CMake module files
[7.170s] Level 1:colcon.colcon_core.environment:checking '/home/strain-drone/Documents/drone_position_hold/ros2_ws/install/rqt_mocap4r2_control' for CMake config files
[7.170s] Level 1:colcon.colcon_core.shell:create_environment_hook('rqt_mocap4r2_control', 'cmake_prefix_path')
[7.170s] INFO:colcon.colcon_core.shell:Creating environment hook '/home/strain-drone/Documents/drone_position_hold/ros2_ws/install/rqt_mocap4r2_control/share/rqt_mocap4r2_control/hook/cmake_prefix_path.ps1'
[7.171s] INFO:colcon.colcon_core.shell:Creating environment descriptor '/home/strain-drone/Documents/drone_position_hold/ros2_ws/install/rqt_mocap4r2_control/share/rqt_mocap4r2_control/hook/cmake_prefix_path.dsv'
[7.172s] INFO:colcon.colcon_core.shell:Creating environment hook '/home/strain-drone/Documents/drone_position_hold/ros2_ws/install/rqt_mocap4r2_control/share/rqt_mocap4r2_control/hook/cmake_prefix_path.sh'
[7.173s] Level 1:colcon.colcon_core.environment:checking '/home/strain-drone/Documents/drone_position_hold/ros2_ws/install/rqt_mocap4r2_control/lib'
[7.173s] Level 1:colcon.colcon_core.environment:checking '/home/strain-drone/Documents/drone_position_hold/ros2_ws/install/rqt_mocap4r2_control/bin'
[7.173s] Level 1:colcon.colcon_core.environment:checking '/home/strain-drone/Documents/drone_position_hold/ros2_ws/install/rqt_mocap4r2_control/lib/pkgconfig/rqt_mocap4r2_control.pc'
[7.173s] Level 1:colcon.colcon_core.environment:checking '/home/strain-drone/Documents/drone_position_hold/ros2_ws/install/rqt_mocap4r2_control/lib/python3.12/site-packages'
[7.173s] Level 1:colcon.colcon_core.environment:checking '/home/strain-drone/Documents/drone_position_hold/ros2_ws/install/rqt_mocap4r2_control/bin'
[7.174s] INFO:colcon.colcon_core.shell:Creating package script '/home/strain-drone/Documents/drone_position_hold/ros2_ws/install/rqt_mocap4r2_control/share/rqt_mocap4r2_control/package.ps1'
[7.174s] INFO:colcon.colcon_core.shell:Creating package descriptor '/home/strain-drone/Documents/drone_position_hold/ros2_ws/install/rqt_mocap4r2_control/share/rqt_mocap4r2_control/package.dsv'
[7.176s] INFO:colcon.colcon_core.shell:Creating package script '/home/strain-drone/Documents/drone_position_hold/ros2_ws/install/rqt_mocap4r2_control/share/rqt_mocap4r2_control/package.sh'
[7.177s] INFO:colcon.colcon_core.shell:Creating package script '/home/strain-drone/Documents/drone_position_hold/ros2_ws/install/rqt_mocap4r2_control/share/rqt_mocap4r2_control/package.bash'
[7.178s] INFO:colcon.colcon_core.shell:Creating package script '/home/strain-drone/Documents/drone_position_hold/ros2_ws/install/rqt_mocap4r2_control/share/rqt_mocap4r2_control/package.zsh'
[7.179s] Level 1:colcon.colcon_core.environment:create_file_with_runtime_dependencies(/home/strain-drone/Documents/drone_position_hold/ros2_ws/install/rqt_mocap4r2_control/share/colcon-core/packages/rqt_mocap4r2_control)
[7.609s] DEBUG:colcon.colcon_core.event_handler.log_command:Invoking command in '/home/strain-drone/Documents/drone_position_hold/ros2_ws/src/mocap4r2/mocap4r2cli': CMAKE_PREFIX_PATH=/home/strain-drone/Documents/drone_position_hold/ros2_ws/install/mocap4r2_control_msgs:/home/strain-drone/Documents/drone_position_hold/ros2_ws/install/rqt_mocap4r2_control:/home/strain-drone/Documents/drone_position_hold/ros2_ws/install/natnet_ros2:/home/strain-drone/Documents/drone_position_hold/ros2_ws/install/mocap4r2_vicon_driver:/home/strain-drone/Documents/drone_position_hold/ros2_ws/install/mocap4r2_robot_gt:/home/strain-drone/Documents/drone_position_hold/ros2_ws/install/mocap4r2_robot_gt_msgs:/home/strain-drone/Documents/drone_position_hold/ros2_ws/install/mocap4r2_marker_viz:/home/strain-drone/Documents/drone_position_hold/ros2_ws/install/mocap4r2_marker_publisher:/home/strain-drone/Documents/drone_position_hold/ros2_ws/install/mocap4r2_dummy_driver:/home/strain-drone/Documents/drone_position_hold/ros2_ws/install/mocap4r2_msgs:/home/strain-drone/Documents/drone_position_hold/ros2_ws/install/mocap4r2_marker_viz_srvs:/home/strain-drone/Documents/drone_position_hold/ros2_ws/install/mocap4r2_control:/opt/ros/jazzy/opt/gz_math_vendor:/opt/ros/jazzy/opt/gz_utils_vendor:/opt/ros/jazzy/opt/gz_cmake_vendor DEBUGINFOD_URLS=https://debuginfod.ubuntu.com LD_LIBRARY_PATH=/home/strain-drone/Documents/drone_position_hold/ros2_ws/install/mocap4r2_control_msgs/lib:/home/strain-drone/Documents/drone_position_hold/ros2_ws/install/rqt_mocap4r2_control/lib:/home/strain-drone/Documents/drone_position_hold/ros2_ws/install/natnet_ros2/lib:/home/strain-drone/Documents/drone_position_hold/ros2_ws/install/mocap4r2_vicon_driver/lib:/home/strain-drone/Documents/drone_position_hold/ros2_ws/install/mocap4r2_robot_gt/lib:/home/strain-drone/Documents/drone_position_hold/ros2_ws/install/mocap4r2_robot_gt_msgs/lib:/home/strain-drone/Documents/drone_position_hold/ros2_ws/install/mocap4r2_msgs/lib:/home/strain-drone/Documents/drone_position_hold/ros2_ws/install/mocap4r2_marker_viz_srvs/lib:/home/strain-drone/Documents/drone_position_hold/ros2_ws/install/mocap4r2_control/lib:/opt/ros/jazzy/opt/rviz_ogre_vendor/lib:/opt/ros/jazzy/lib/aarch64-linux-gnu:/opt/ros/jazzy/opt/gz_math_vendor/lib:/opt/ros/jazzy/opt/gz_utils_vendor/lib:/opt/ros/jazzy/opt/gz_cmake_vendor/lib:/opt/ros/jazzy/lib:/home/strain-drone/Documents/drone_position_hold/ros2_ws/src/natnet_ros2/deps/NatNetSDK/lib PS1=(venv-ardupilot) \[\e]0;\u@\h: \w\a\]${debian_chroot:+($debian_chroot)}\[\033[01;32m\]\u@\h\[\033[00m\]:\[\033[01;34m\]\w\[\033[00m\]\$ PYTHONPATH=/home/strain-drone/Documents/drone_position_hold/ros2_ws/build/mocap4r2cli/prefix_override:/usr/lib/python3/dist-packages/colcon_core/task/python/colcon_distutils_commands:/home/strain-drone/Documents/drone_position_hold/ros2_ws/install/mocap4r2cli/lib/python3.12/site-packages:/home/strain-drone/Documents/drone_position_hold/ros2_ws/install/mocap4r2_control_msgs/lib/python3.12/site-packages:/home/strain-drone/Documents/drone_position_hold/ros2_ws/install/visualizer/lib/python3.12/site-packages:/home/strain-drone/Documents/drone_position_hold/ros2_ws/install/position_publisher/lib/python3.12/site-packages:/home/strain-drone/Documents/drone_position_hold/ros2_ws/install/natnet_ros2/lib/python3.12/site-packages:/home/strain-drone/Documents/drone_position_hold/ros2_ws/install/mocap4r2cli/lib/python3.12/site-packages:/home/strain-drone/Documents/drone_position_hold/ros2_ws/install/mocap4r2_robot_gt_msgs/lib/python3.12/site-packages:/home/strain-drone/Documents/drone_position_hold/ros2_ws/install/mocap4r2_msgs/lib/python3.12/site-packages:/home/strain-drone/Documents/drone_position_hold/ros2_ws/install/mocap4r2_marker_viz_srvs/lib/python3.12/site-packages:/home/strain-drone/Documents/drone_position_hold/ros2_ws/install/mavros_config/lib/python3.12/site-packages:/opt/ros/jazzy/lib/python3.12/site-packages VIRTUAL_ENV_PROMPT=(venv-ardupilot) /usr/bin/python3 -W ignore:setup.py install is deprecated -W ignore:easy_install command is deprecated setup.py egg_info --egg-base ../../../build/mocap4r2cli build --build-base /home/strain-drone/Documents/drone_position_hold/ros2_ws/build/mocap4r2cli/build install --record /home/strain-drone/Documents/drone_position_hold/ros2_ws/build/mocap4r2cli/install.log --single-version-externally-managed install_data
[8.399s] Level 1:colcon.colcon_core.environment:checking '/home/strain-drone/Documents/drone_position_hold/ros2_ws/install/mocap4r2cli' for CMake module files
[8.400s] DEBUG:colcon.colcon_core.event_handler.log_command:Invoked command in '/home/strain-drone/Documents/drone_position_hold/ros2_ws/src/mocap4r2/mocap4r2cli' returned '0': CMAKE_PREFIX_PATH=/home/strain-drone/Documents/drone_position_hold/ros2_ws/install/mocap4r2_control_msgs:/home/strain-drone/Documents/drone_position_hold/ros2_ws/install/rqt_mocap4r2_control:/home/strain-drone/Documents/drone_position_hold/ros2_ws/install/natnet_ros2:/home/strain-drone/Documents/drone_position_hold/ros2_ws/install/mocap4r2_vicon_driver:/home/strain-drone/Documents/drone_position_hold/ros2_ws/install/mocap4r2_robot_gt:/home/strain-drone/Documents/drone_position_hold/ros2_ws/install/mocap4r2_robot_gt_msgs:/home/strain-drone/Documents/drone_position_hold/ros2_ws/install/mocap4r2_marker_viz:/home/strain-drone/Documents/drone_position_hold/ros2_ws/install/mocap4r2_marker_publisher:/home/strain-drone/Documents/drone_position_hold/ros2_ws/install/mocap4r2_dummy_driver:/home/strain-drone/Documents/drone_position_hold/ros2_ws/install/mocap4r2_msgs:/home/strain-drone/Documents/drone_position_hold/ros2_ws/install/mocap4r2_marker_viz_srvs:/home/strain-drone/Documents/drone_position_hold/ros2_ws/install/mocap4r2_control:/opt/ros/jazzy/opt/gz_math_vendor:/opt/ros/jazzy/opt/gz_utils_vendor:/opt/ros/jazzy/opt/gz_cmake_vendor DEBUGINFOD_URLS=https://debuginfod.ubuntu.com LD_LIBRARY_PATH=/home/strain-drone/Documents/drone_position_hold/ros2_ws/install/mocap4r2_control_msgs/lib:/home/strain-drone/Documents/drone_position_hold/ros2_ws/install/rqt_mocap4r2_control/lib:/home/strain-drone/Documents/drone_position_hold/ros2_ws/install/natnet_ros2/lib:/home/strain-drone/Documents/drone_position_hold/ros2_ws/install/mocap4r2_vicon_driver/lib:/home/strain-drone/Documents/drone_position_hold/ros2_ws/install/mocap4r2_robot_gt/lib:/home/strain-drone/Documents/drone_position_hold/ros2_ws/install/mocap4r2_robot_gt_msgs/lib:/home/strain-drone/Documents/drone_position_hold/ros2_ws/install/mocap4r2_msgs/lib:/home/strain-drone/Documents/drone_position_hold/ros2_ws/install/mocap4r2_marker_viz_srvs/lib:/home/strain-drone/Documents/drone_position_hold/ros2_ws/install/mocap4r2_control/lib:/opt/ros/jazzy/opt/rviz_ogre_vendor/lib:/opt/ros/jazzy/lib/aarch64-linux-gnu:/opt/ros/jazzy/opt/gz_math_vendor/lib:/opt/ros/jazzy/opt/gz_utils_vendor/lib:/opt/ros/jazzy/opt/gz_cmake_vendor/lib:/opt/ros/jazzy/lib:/home/strain-drone/Documents/drone_position_hold/ros2_ws/src/natnet_ros2/deps/NatNetSDK/lib PS1=(venv-ardupilot) \[\e]0;\u@\h: \w\a\]${debian_chroot:+($debian_chroot)}\[\033[01;32m\]\u@\h\[\033[00m\]:\[\033[01;34m\]\w\[\033[00m\]\$ PYTHONPATH=/home/strain-drone/Documents/drone_position_hold/ros2_ws/build/mocap4r2cli/prefix_override:/usr/lib/python3/dist-packages/colcon_core/task/python/colcon_distutils_commands:/home/strain-drone/Documents/drone_position_hold/ros2_ws/install/mocap4r2cli/lib/python3.12/site-packages:/home/strain-drone/Documents/drone_position_hold/ros2_ws/install/mocap4r2_control_msgs/lib/python3.12/site-packages:/home/strain-drone/Documents/drone_position_hold/ros2_ws/install/visualizer/lib/python3.12/site-packages:/home/strain-drone/Documents/drone_position_hold/ros2_ws/install/position_publisher/lib/python3.12/site-packages:/home/strain-drone/Documents/drone_position_hold/ros2_ws/install/natnet_ros2/lib/python3.12/site-packages:/home/strain-drone/Documents/drone_position_hold/ros2_ws/install/mocap4r2cli/lib/python3.12/site-packages:/home/strain-drone/Documents/drone_position_hold/ros2_ws/install/mocap4r2_robot_gt_msgs/lib/python3.12/site-packages:/home/strain-drone/Documents/drone_position_hold/ros2_ws/install/mocap4r2_msgs/lib/python3.12/site-packages:/home/strain-drone/Documents/drone_position_hold/ros2_ws/install/mocap4r2_marker_viz_srvs/lib/python3.12/site-packages:/home/strain-drone/Documents/drone_position_hold/ros2_ws/install/mavros_config/lib/python3.12/site-packages:/opt/ros/jazzy/lib/python3.12/site-packages VIRTUAL_ENV_PROMPT=(venv-ardupilot) /usr/bin/python3 -W ignore:setup.py install is deprecated -W ignore:easy_install command is deprecated setup.py egg_info --egg-base ../../../build/mocap4r2cli build --build-base /home/strain-drone/Documents/drone_position_hold/ros2_ws/build/mocap4r2cli/build install --record /home/strain-drone/Documents/drone_position_hold/ros2_ws/build/mocap4r2cli/install.log --single-version-externally-managed install_data
[8.401s] Level 1:colcon.colcon_core.environment:checking '/home/strain-drone/Documents/drone_position_hold/ros2_ws/install/mocap4r2cli' for CMake config files
[8.401s] Level 1:colcon.colcon_core.environment:checking '/home/strain-drone/Documents/drone_position_hold/ros2_ws/install/mocap4r2cli/lib'
[8.401s] Level 1:colcon.colcon_core.environment:checking '/home/strain-drone/Documents/drone_position_hold/ros2_ws/install/mocap4r2cli/bin'
[8.402s] Level 1:colcon.colcon_core.environment:checking '/home/strain-drone/Documents/drone_position_hold/ros2_ws/install/mocap4r2cli/lib/pkgconfig/mocap4r2cli.pc'
[8.402s] Level 1:colcon.colcon_core.environment:checking '/home/strain-drone/Documents/drone_position_hold/ros2_ws/install/mocap4r2cli/lib/python3.12/site-packages'
[8.402s] Level 1:colcon.colcon_core.shell:create_environment_hook('mocap4r2cli', 'pythonpath')
[8.402s] INFO:colcon.colcon_core.shell:Creating environment hook '/home/strain-drone/Documents/drone_position_hold/ros2_ws/install/mocap4r2cli/share/mocap4r2cli/hook/pythonpath.ps1'
[8.403s] INFO:colcon.colcon_core.shell:Creating environment descriptor '/home/strain-drone/Documents/drone_position_hold/ros2_ws/install/mocap4r2cli/share/mocap4r2cli/hook/pythonpath.dsv'
[8.404s] INFO:colcon.colcon_core.shell:Creating environment hook '/home/strain-drone/Documents/drone_position_hold/ros2_ws/install/mocap4r2cli/share/mocap4r2cli/hook/pythonpath.sh'
[8.404s] Level 1:colcon.colcon_core.environment:checking '/home/strain-drone/Documents/drone_position_hold/ros2_ws/install/mocap4r2cli/bin'
[8.405s] Level 1:colcon.colcon_core.environment:create_environment_scripts_only(mocap4r2cli)
[8.405s] INFO:colcon.colcon_core.shell:Creating package script '/home/strain-drone/Documents/drone_position_hold/ros2_ws/install/mocap4r2cli/share/mocap4r2cli/package.ps1'
[8.405s] INFO:colcon.colcon_core.shell:Creating package descriptor '/home/strain-drone/Documents/drone_position_hold/ros2_ws/install/mocap4r2cli/share/mocap4r2cli/package.dsv'
[8.406s] INFO:colcon.colcon_core.shell:Creating package script '/home/strain-drone/Documents/drone_position_hold/ros2_ws/install/mocap4r2cli/share/mocap4r2cli/package.sh'
[8.406s] INFO:colcon.colcon_core.shell:Creating package script '/home/strain-drone/Documents/drone_position_hold/ros2_ws/install/mocap4r2cli/share/mocap4r2cli/package.bash'
[8.407s] INFO:colcon.colcon_core.shell:Creating package script '/home/strain-drone/Documents/drone_position_hold/ros2_ws/install/mocap4r2cli/share/mocap4r2cli/package.zsh'
[8.407s] Level 1:colcon.colcon_core.environment:create_file_with_runtime_dependencies(/home/strain-drone/Documents/drone_position_hold/ros2_ws/install/mocap4r2cli/share/colcon-core/packages/mocap4r2cli)
[8.408s] DEBUG:colcon.colcon_parallel_executor.executor.parallel:closing loop
[8.408s] DEBUG:colcon.colcon_parallel_executor.executor.parallel:loop closed
[8.409s] DEBUG:colcon.colcon_parallel_executor.executor.parallel:run_until_complete finished with '0'
[8.409s] DEBUG:colcon.colcon_core.event_reactor:joining thread
[8.419s] INFO:colcon.colcon_core.plugin_system:Skipping extension 'colcon_notification.desktop_notification.terminal_notifier': Not used on non-Darwin systems
[8.419s] INFO:colcon.colcon_core.plugin_system:Skipping extension 'colcon_notification.desktop_notification.win32': Not used on non-Windows systems
[8.419s] INFO:colcon.colcon_notification.desktop_notification:Sending desktop notification using 'notify2'
[8.437s] DEBUG:colcon.colcon_core.event_reactor:joined thread
[8.438s] INFO:colcon.colcon_core.shell:Creating prefix script '/home/strain-drone/Documents/drone_position_hold/ros2_ws/install/local_setup.ps1'
[8.439s] INFO:colcon.colcon_core.shell:Creating prefix util module '/home/strain-drone/Documents/drone_position_hold/ros2_ws/install/_local_setup_util_ps1.py'
[8.441s] INFO:colcon.colcon_core.shell:Creating prefix chain script '/home/strain-drone/Documents/drone_position_hold/ros2_ws/install/setup.ps1'
[8.443s] INFO:colcon.colcon_core.shell:Creating prefix script '/home/strain-drone/Documents/drone_position_hold/ros2_ws/install/local_setup.sh'
[8.443s] INFO:colcon.colcon_core.shell:Creating prefix util module '/home/strain-drone/Documents/drone_position_hold/ros2_ws/install/_local_setup_util_sh.py'
[8.444s] INFO:colcon.colcon_core.shell:Creating prefix chain script '/home/strain-drone/Documents/drone_position_hold/ros2_ws/install/setup.sh'
[8.446s] INFO:colcon.colcon_core.shell:Creating prefix script '/home/strain-drone/Documents/drone_position_hold/ros2_ws/install/local_setup.bash'
[8.447s] INFO:colcon.colcon_core.shell:Creating prefix chain script '/home/strain-drone/Documents/drone_position_hold/ros2_ws/install/setup.bash'
[8.448s] INFO:colcon.colcon_core.shell:Creating prefix script '/home/strain-drone/Documents/drone_position_hold/ros2_ws/install/local_setup.zsh'
[8.449s] INFO:colcon.colcon_core.shell:Creating prefix chain script '/home/strain-drone/Documents/drone_position_hold/ros2_ws/install/setup.zsh'
