[0.153s] DEBUG:colcon:Command line arguments: ['/usr/bin/colcon', 'build']
[0.153s] DEBUG:colcon:Parsed command line arguments: Namespace(log_base=None, log_level=None, verb_name='build', build_base='build', install_base='install', merge_install=False, symlink_install=False, test_result_base=None, continue_on_error=False, executor='parallel', parallel_workers=4, event_handlers=None, ignore_user_meta=False, metas=['./colcon.meta'], base_paths=['.'], packages_ignore=None, packages_ignore_regex=None, paths=None, packages_up_to=None, packages_up_to_regex=None, packages_above=None, packages_above_and_dependencies=None, packages_above_depth=None, packages_select_by_dep=None, packages_skip_by_dep=None, packages_skip_up_to=None, packages_select_build_failed=False, packages_skip_build_finished=False, packages_select_test_failures=False, packages_skip_test_passed=False, packages_select=None, packages_skip=None, packages_select_regex=None, packages_skip_regex=None, packages_start=None, packages_end=None, allow_overriding=[], cmake_args=None, cmake_target=None, cmake_target_skip_unavailable=False, cmake_clean_cache=False, cmake_clean_first=False, cmake_force_configure=False, ament_cmake_args=None, catkin_cmake_args=None, catkin_skip_building_tests=False, mixin_files=None, mixin=None, verb_parser=<colcon_mixin.mixin.mixin_argument.MixinArgumentDecorator object at 0xffffac0457f0>, verb_extension=<colcon_core.verb.build.BuildVerb object at 0xffffac1edfd0>, main=<bound method BuildVerb.main of <colcon_core.verb.build.BuildVerb object at 0xffffac1edfd0>>, mixin_verb=('build',))
[0.210s] Level 1:colcon.colcon_core.package_discovery:discover_packages(colcon_meta) check parameters
[0.210s] Level 1:colcon.colcon_core.package_discovery:discover_packages(recursive) check parameters
[0.210s] Level 1:colcon.colcon_core.package_discovery:discover_packages(ignore) check parameters
[0.210s] Level 1:colcon.colcon_core.package_discovery:discover_packages(path) check parameters
[0.210s] Level 1:colcon.colcon_core.package_discovery:discover_packages(colcon_meta) discover
[0.210s] Level 1:colcon.colcon_core.package_discovery:discover_packages(recursive) discover
[0.210s] INFO:colcon.colcon_core.package_discovery:Crawling recursively for packages in '/home/strain-drone/Documents/drone_position_hold/ros2_ws'
[0.210s] Level 1:colcon.colcon_core.package_identification:_identify(.) by extensions ['ignore', 'ignore_ament_install']
[0.211s] Level 1:colcon.colcon_core.package_identification:_identify(.) by extension 'ignore'
[0.211s] Level 1:colcon.colcon_core.package_identification:_identify(.) by extension 'ignore_ament_install'
[0.211s] Level 1:colcon.colcon_core.package_identification:_identify(.) by extensions ['colcon_pkg']
[0.211s] Level 1:colcon.colcon_core.package_identification:_identify(.) by extension 'colcon_pkg'
[0.211s] Level 1:colcon.colcon_core.package_identification:_identify(.) by extensions ['colcon_meta']
[0.211s] Level 1:colcon.colcon_core.package_identification:_identify(.) by extension 'colcon_meta'
[0.211s] Level 1:colcon.colcon_core.package_identification:_identify(.) by extensions ['ros']
[0.211s] Level 1:colcon.colcon_core.package_identification:_identify(.) by extension 'ros'
[0.249s] Level 1:colcon.colcon_core.package_identification:_identify(.) by extensions ['cmake', 'python']
[0.250s] Level 1:colcon.colcon_core.package_identification:_identify(.) by extension 'cmake'
[0.250s] Level 1:colcon.colcon_core.package_identification:_identify(.) by extension 'python'
[0.250s] Level 1:colcon.colcon_core.package_identification:_identify(.) by extensions ['python_setup_py']
[0.250s] Level 1:colcon.colcon_core.package_identification:_identify(.) by extension 'python_setup_py'
[0.250s] Level 1:colcon.colcon_core.package_identification:_identify(build) by extensions ['ignore', 'ignore_ament_install']
[0.250s] Level 1:colcon.colcon_core.package_identification:_identify(build) by extension 'ignore'
[0.250s] Level 1:colcon.colcon_core.package_identification:_identify(build) ignored
[0.250s] Level 1:colcon.colcon_core.package_identification:_identify(install) by extensions ['ignore', 'ignore_ament_install']
[0.250s] Level 1:colcon.colcon_core.package_identification:_identify(install) by extension 'ignore'
[0.250s] Level 1:colcon.colcon_core.package_identification:_identify(install) ignored
[0.250s] Level 1:colcon.colcon_core.package_identification:_identify(log) by extensions ['ignore', 'ignore_ament_install']
[0.251s] Level 1:colcon.colcon_core.package_identification:_identify(log) by extension 'ignore'
[0.251s] Level 1:colcon.colcon_core.package_identification:_identify(log) ignored
[0.251s] Level 1:colcon.colcon_core.package_identification:_identify(src) by extensions ['ignore', 'ignore_ament_install']
[0.251s] Level 1:colcon.colcon_core.package_identification:_identify(src) by extension 'ignore'
[0.251s] Level 1:colcon.colcon_core.package_identification:_identify(src) by extension 'ignore_ament_install'
[0.251s] Level 1:colcon.colcon_core.package_identification:_identify(src) by extensions ['colcon_pkg']
[0.251s] Level 1:colcon.colcon_core.package_identification:_identify(src) by extension 'colcon_pkg'
[0.251s] Level 1:colcon.colcon_core.package_identification:_identify(src) by extensions ['colcon_meta']
[0.251s] Level 1:colcon.colcon_core.package_identification:_identify(src) by extension 'colcon_meta'
[0.251s] Level 1:colcon.colcon_core.package_identification:_identify(src) by extensions ['ros']
[0.251s] Level 1:colcon.colcon_core.package_identification:_identify(src) by extension 'ros'
[0.251s] Level 1:colcon.colcon_core.package_identification:_identify(src) by extensions ['cmake', 'python']
[0.251s] Level 1:colcon.colcon_core.package_identification:_identify(src) by extension 'cmake'
[0.251s] Level 1:colcon.colcon_core.package_identification:_identify(src) by extension 'python'
[0.251s] Level 1:colcon.colcon_core.package_identification:_identify(src) by extensions ['python_setup_py']
[0.251s] Level 1:colcon.colcon_core.package_identification:_identify(src) by extension 'python_setup_py'
[0.251s] Level 1:colcon.colcon_core.package_identification:_identify(src/build) by extensions ['ignore', 'ignore_ament_install']
[0.252s] Level 1:colcon.colcon_core.package_identification:_identify(src/build) by extension 'ignore'
[0.252s] Level 1:colcon.colcon_core.package_identification:_identify(src/build) ignored
[0.252s] Level 1:colcon.colcon_core.package_identification:_identify(src/install) by extensions ['ignore', 'ignore_ament_install']
[0.252s] Level 1:colcon.colcon_core.package_identification:_identify(src/install) by extension 'ignore'
[0.252s] Level 1:colcon.colcon_core.package_identification:_identify(src/install) ignored
[0.252s] Level 1:colcon.colcon_core.package_identification:_identify(src/log) by extensions ['ignore', 'ignore_ament_install']
[0.252s] Level 1:colcon.colcon_core.package_identification:_identify(src/log) by extension 'ignore'
[0.252s] Level 1:colcon.colcon_core.package_identification:_identify(src/log) ignored
[0.252s] Level 1:colcon.colcon_core.package_identification:_identify(src/mavros_config) by extensions ['ignore', 'ignore_ament_install']
[0.252s] Level 1:colcon.colcon_core.package_identification:_identify(src/mavros_config) by extension 'ignore'
[0.252s] Level 1:colcon.colcon_core.package_identification:_identify(src/mavros_config) by extension 'ignore_ament_install'
[0.252s] Level 1:colcon.colcon_core.package_identification:_identify(src/mavros_config) by extensions ['colcon_pkg']
[0.252s] Level 1:colcon.colcon_core.package_identification:_identify(src/mavros_config) by extension 'colcon_pkg'
[0.252s] Level 1:colcon.colcon_core.package_identification:_identify(src/mavros_config) by extensions ['colcon_meta']
[0.253s] Level 1:colcon.colcon_core.package_identification:_identify(src/mavros_config) by extension 'colcon_meta'
[0.253s] Level 1:colcon.colcon_core.package_identification:_identify(src/mavros_config) by extensions ['ros']
[0.253s] Level 1:colcon.colcon_core.package_identification:_identify(src/mavros_config) by extension 'ros'
[0.256s] DEBUG:colcon.colcon_core.package_identification:Package 'src/mavros_config' with type 'ros.ament_python' and name 'mavros_config'
[0.256s] Level 1:colcon.colcon_core.package_identification:_identify(src/mocap4r2) by extensions ['ignore', 'ignore_ament_install']
[0.256s] Level 1:colcon.colcon_core.package_identification:_identify(src/mocap4r2) by extension 'ignore'
[0.256s] Level 1:colcon.colcon_core.package_identification:_identify(src/mocap4r2) by extension 'ignore_ament_install'
[0.256s] Level 1:colcon.colcon_core.package_identification:_identify(src/mocap4r2) by extensions ['colcon_pkg']
[0.256s] Level 1:colcon.colcon_core.package_identification:_identify(src/mocap4r2) by extension 'colcon_pkg'
[0.256s] Level 1:colcon.colcon_core.package_identification:_identify(src/mocap4r2) by extensions ['colcon_meta']
[0.256s] Level 1:colcon.colcon_core.package_identification:_identify(src/mocap4r2) by extension 'colcon_meta'
[0.256s] Level 1:colcon.colcon_core.package_identification:_identify(src/mocap4r2) by extensions ['ros']
[0.256s] Level 1:colcon.colcon_core.package_identification:_identify(src/mocap4r2) by extension 'ros'
[0.257s] Level 1:colcon.colcon_core.package_identification:_identify(src/mocap4r2) by extensions ['cmake', 'python']
[0.257s] Level 1:colcon.colcon_core.package_identification:_identify(src/mocap4r2) by extension 'cmake'
[0.257s] Level 1:colcon.colcon_core.package_identification:_identify(src/mocap4r2) by extension 'python'
[0.257s] Level 1:colcon.colcon_core.package_identification:_identify(src/mocap4r2) by extensions ['python_setup_py']
[0.257s] Level 1:colcon.colcon_core.package_identification:_identify(src/mocap4r2) by extension 'python_setup_py'
[0.257s] Level 1:colcon.colcon_core.package_identification:_identify(src/mocap4r2/mocap4r2_control) by extensions ['ignore', 'ignore_ament_install']
[0.257s] Level 1:colcon.colcon_core.package_identification:_identify(src/mocap4r2/mocap4r2_control) by extension 'ignore'
[0.257s] Level 1:colcon.colcon_core.package_identification:_identify(src/mocap4r2/mocap4r2_control) by extension 'ignore_ament_install'
[0.257s] Level 1:colcon.colcon_core.package_identification:_identify(src/mocap4r2/mocap4r2_control) by extensions ['colcon_pkg']
[0.257s] Level 1:colcon.colcon_core.package_identification:_identify(src/mocap4r2/mocap4r2_control) by extension 'colcon_pkg'
[0.257s] Level 1:colcon.colcon_core.package_identification:_identify(src/mocap4r2/mocap4r2_control) by extensions ['colcon_meta']
[0.257s] Level 1:colcon.colcon_core.package_identification:_identify(src/mocap4r2/mocap4r2_control) by extension 'colcon_meta'
[0.257s] Level 1:colcon.colcon_core.package_identification:_identify(src/mocap4r2/mocap4r2_control) by extensions ['ros']
[0.257s] Level 1:colcon.colcon_core.package_identification:_identify(src/mocap4r2/mocap4r2_control) by extension 'ros'
[0.257s] Level 1:colcon.colcon_core.package_identification:_identify(src/mocap4r2/mocap4r2_control) by extensions ['cmake', 'python']
[0.257s] Level 1:colcon.colcon_core.package_identification:_identify(src/mocap4r2/mocap4r2_control) by extension 'cmake'
[0.257s] Level 1:colcon.colcon_core.package_identification:_identify(src/mocap4r2/mocap4r2_control) by extension 'python'
[0.257s] Level 1:colcon.colcon_core.package_identification:_identify(src/mocap4r2/mocap4r2_control) by extensions ['python_setup_py']
[0.257s] Level 1:colcon.colcon_core.package_identification:_identify(src/mocap4r2/mocap4r2_control) by extension 'python_setup_py'
[0.258s] Level 1:colcon.colcon_core.package_identification:_identify(src/mocap4r2/mocap4r2_control/mocap4r2_control) by extensions ['ignore', 'ignore_ament_install']
[0.258s] Level 1:colcon.colcon_core.package_identification:_identify(src/mocap4r2/mocap4r2_control/mocap4r2_control) by extension 'ignore'
[0.258s] Level 1:colcon.colcon_core.package_identification:_identify(src/mocap4r2/mocap4r2_control/mocap4r2_control) by extension 'ignore_ament_install'
[0.258s] Level 1:colcon.colcon_core.package_identification:_identify(src/mocap4r2/mocap4r2_control/mocap4r2_control) by extensions ['colcon_pkg']
[0.258s] Level 1:colcon.colcon_core.package_identification:_identify(src/mocap4r2/mocap4r2_control/mocap4r2_control) by extension 'colcon_pkg'
[0.258s] Level 1:colcon.colcon_core.package_identification:_identify(src/mocap4r2/mocap4r2_control/mocap4r2_control) by extensions ['colcon_meta']
[0.258s] Level 1:colcon.colcon_core.package_identification:_identify(src/mocap4r2/mocap4r2_control/mocap4r2_control) by extension 'colcon_meta'
[0.258s] Level 1:colcon.colcon_core.package_identification:_identify(src/mocap4r2/mocap4r2_control/mocap4r2_control) by extensions ['ros']
[0.258s] Level 1:colcon.colcon_core.package_identification:_identify(src/mocap4r2/mocap4r2_control/mocap4r2_control) by extension 'ros'
[0.259s] DEBUG:colcon.colcon_core.package_identification:Package 'src/mocap4r2/mocap4r2_control/mocap4r2_control' with type 'ros.ament_cmake' and name 'mocap4r2_control'
[0.259s] Level 1:colcon.colcon_core.package_identification:_identify(src/mocap4r2/mocap4r2_control/mocap4r2_control_msgs) by extensions ['ignore', 'ignore_ament_install']
[0.259s] Level 1:colcon.colcon_core.package_identification:_identify(src/mocap4r2/mocap4r2_control/mocap4r2_control_msgs) by extension 'ignore'
[0.259s] Level 1:colcon.colcon_core.package_identification:_identify(src/mocap4r2/mocap4r2_control/mocap4r2_control_msgs) by extension 'ignore_ament_install'
[0.259s] Level 1:colcon.colcon_core.package_identification:_identify(src/mocap4r2/mocap4r2_control/mocap4r2_control_msgs) by extensions ['colcon_pkg']
[0.259s] Level 1:colcon.colcon_core.package_identification:_identify(src/mocap4r2/mocap4r2_control/mocap4r2_control_msgs) by extension 'colcon_pkg'
[0.259s] Level 1:colcon.colcon_core.package_identification:_identify(src/mocap4r2/mocap4r2_control/mocap4r2_control_msgs) by extensions ['colcon_meta']
[0.259s] Level 1:colcon.colcon_core.package_identification:_identify(src/mocap4r2/mocap4r2_control/mocap4r2_control_msgs) by extension 'colcon_meta'
[0.259s] Level 1:colcon.colcon_core.package_identification:_identify(src/mocap4r2/mocap4r2_control/mocap4r2_control_msgs) by extensions ['ros']
[0.259s] Level 1:colcon.colcon_core.package_identification:_identify(src/mocap4r2/mocap4r2_control/mocap4r2_control_msgs) by extension 'ros'
[0.260s] DEBUG:colcon.colcon_core.package_identification:Package 'src/mocap4r2/mocap4r2_control/mocap4r2_control_msgs' with type 'ros.ament_cmake' and name 'mocap4r2_control_msgs'
[0.260s] Level 1:colcon.colcon_core.package_identification:_identify(src/mocap4r2/mocap4r2_control/rqt_mocap4r2_control) by extensions ['ignore', 'ignore_ament_install']
[0.260s] Level 1:colcon.colcon_core.package_identification:_identify(src/mocap4r2/mocap4r2_control/rqt_mocap4r2_control) by extension 'ignore'
[0.260s] Level 1:colcon.colcon_core.package_identification:_identify(src/mocap4r2/mocap4r2_control/rqt_mocap4r2_control) by extension 'ignore_ament_install'
[0.260s] Level 1:colcon.colcon_core.package_identification:_identify(src/mocap4r2/mocap4r2_control/rqt_mocap4r2_control) by extensions ['colcon_pkg']
[0.260s] Level 1:colcon.colcon_core.package_identification:_identify(src/mocap4r2/mocap4r2_control/rqt_mocap4r2_control) by extension 'colcon_pkg'
[0.260s] Level 1:colcon.colcon_core.package_identification:_identify(src/mocap4r2/mocap4r2_control/rqt_mocap4r2_control) by extensions ['colcon_meta']
[0.260s] Level 1:colcon.colcon_core.package_identification:_identify(src/mocap4r2/mocap4r2_control/rqt_mocap4r2_control) by extension 'colcon_meta'
[0.261s] Level 1:colcon.colcon_core.package_identification:_identify(src/mocap4r2/mocap4r2_control/rqt_mocap4r2_control) by extensions ['ros']
[0.261s] Level 1:colcon.colcon_core.package_identification:_identify(src/mocap4r2/mocap4r2_control/rqt_mocap4r2_control) by extension 'ros'
[0.262s] DEBUG:colcon.colcon_core.package_identification:Package 'src/mocap4r2/mocap4r2_control/rqt_mocap4r2_control' with type 'ros.ament_cmake' and name 'rqt_mocap4r2_control'
[0.262s] Level 1:colcon.colcon_core.package_identification:_identify(src/mocap4r2/mocap4r2_dummy_driver) by extensions ['ignore', 'ignore_ament_install']
[0.262s] Level 1:colcon.colcon_core.package_identification:_identify(src/mocap4r2/mocap4r2_dummy_driver) by extension 'ignore'
[0.262s] Level 1:colcon.colcon_core.package_identification:_identify(src/mocap4r2/mocap4r2_dummy_driver) by extension 'ignore_ament_install'
[0.262s] Level 1:colcon.colcon_core.package_identification:_identify(src/mocap4r2/mocap4r2_dummy_driver) by extensions ['colcon_pkg']
[0.262s] Level 1:colcon.colcon_core.package_identification:_identify(src/mocap4r2/mocap4r2_dummy_driver) by extension 'colcon_pkg'
[0.262s] Level 1:colcon.colcon_core.package_identification:_identify(src/mocap4r2/mocap4r2_dummy_driver) by extensions ['colcon_meta']
[0.262s] Level 1:colcon.colcon_core.package_identification:_identify(src/mocap4r2/mocap4r2_dummy_driver) by extension 'colcon_meta'
[0.262s] Level 1:colcon.colcon_core.package_identification:_identify(src/mocap4r2/mocap4r2_dummy_driver) by extensions ['ros']
[0.262s] Level 1:colcon.colcon_core.package_identification:_identify(src/mocap4r2/mocap4r2_dummy_driver) by extension 'ros'
[0.263s] DEBUG:colcon.colcon_core.package_identification:Package 'src/mocap4r2/mocap4r2_dummy_driver' with type 'ros.ament_cmake' and name 'mocap4r2_dummy_driver'
[0.263s] Level 1:colcon.colcon_core.package_identification:_identify(src/mocap4r2/mocap4r2_marker_viz) by extensions ['ignore', 'ignore_ament_install']
[0.263s] Level 1:colcon.colcon_core.package_identification:_identify(src/mocap4r2/mocap4r2_marker_viz) by extension 'ignore'
[0.263s] Level 1:colcon.colcon_core.package_identification:_identify(src/mocap4r2/mocap4r2_marker_viz) by extension 'ignore_ament_install'
[0.263s] Level 1:colcon.colcon_core.package_identification:_identify(src/mocap4r2/mocap4r2_marker_viz) by extensions ['colcon_pkg']
[0.263s] Level 1:colcon.colcon_core.package_identification:_identify(src/mocap4r2/mocap4r2_marker_viz) by extension 'colcon_pkg'
[0.263s] Level 1:colcon.colcon_core.package_identification:_identify(src/mocap4r2/mocap4r2_marker_viz) by extensions ['colcon_meta']
[0.263s] Level 1:colcon.colcon_core.package_identification:_identify(src/mocap4r2/mocap4r2_marker_viz) by extension 'colcon_meta'
[0.263s] Level 1:colcon.colcon_core.package_identification:_identify(src/mocap4r2/mocap4r2_marker_viz) by extensions ['ros']
[0.263s] Level 1:colcon.colcon_core.package_identification:_identify(src/mocap4r2/mocap4r2_marker_viz) by extension 'ros'
[0.263s] Level 1:colcon.colcon_core.package_identification:_identify(src/mocap4r2/mocap4r2_marker_viz) by extensions ['cmake', 'python']
[0.264s] Level 1:colcon.colcon_core.package_identification:_identify(src/mocap4r2/mocap4r2_marker_viz) by extension 'cmake'
[0.264s] Level 1:colcon.colcon_core.package_identification:_identify(src/mocap4r2/mocap4r2_marker_viz) by extension 'python'
[0.264s] Level 1:colcon.colcon_core.package_identification:_identify(src/mocap4r2/mocap4r2_marker_viz) by extensions ['python_setup_py']
[0.264s] Level 1:colcon.colcon_core.package_identification:_identify(src/mocap4r2/mocap4r2_marker_viz) by extension 'python_setup_py'
[0.264s] Level 1:colcon.colcon_core.package_identification:_identify(src/mocap4r2/mocap4r2_marker_viz/mocap4r2_marker_publisher) by extensions ['ignore', 'ignore_ament_install']
[0.264s] Level 1:colcon.colcon_core.package_identification:_identify(src/mocap4r2/mocap4r2_marker_viz/mocap4r2_marker_publisher) by extension 'ignore'
[0.264s] Level 1:colcon.colcon_core.package_identification:_identify(src/mocap4r2/mocap4r2_marker_viz/mocap4r2_marker_publisher) by extension 'ignore_ament_install'
[0.264s] Level 1:colcon.colcon_core.package_identification:_identify(src/mocap4r2/mocap4r2_marker_viz/mocap4r2_marker_publisher) by extensions ['colcon_pkg']
[0.264s] Level 1:colcon.colcon_core.package_identification:_identify(src/mocap4r2/mocap4r2_marker_viz/mocap4r2_marker_publisher) by extension 'colcon_pkg'
[0.264s] Level 1:colcon.colcon_core.package_identification:_identify(src/mocap4r2/mocap4r2_marker_viz/mocap4r2_marker_publisher) by extensions ['colcon_meta']
[0.264s] Level 1:colcon.colcon_core.package_identification:_identify(src/mocap4r2/mocap4r2_marker_viz/mocap4r2_marker_publisher) by extension 'colcon_meta'
[0.264s] Level 1:colcon.colcon_core.package_identification:_identify(src/mocap4r2/mocap4r2_marker_viz/mocap4r2_marker_publisher) by extensions ['ros']
[0.264s] Level 1:colcon.colcon_core.package_identification:_identify(src/mocap4r2/mocap4r2_marker_viz/mocap4r2_marker_publisher) by extension 'ros'
[0.265s] DEBUG:colcon.colcon_core.package_identification:Package 'src/mocap4r2/mocap4r2_marker_viz/mocap4r2_marker_publisher' with type 'ros.ament_cmake' and name 'mocap4r2_marker_publisher'
[0.265s] Level 1:colcon.colcon_core.package_identification:_identify(src/mocap4r2/mocap4r2_marker_viz/mocap4r2_marker_viz) by extensions ['ignore', 'ignore_ament_install']
[0.265s] Level 1:colcon.colcon_core.package_identification:_identify(src/mocap4r2/mocap4r2_marker_viz/mocap4r2_marker_viz) by extension 'ignore'
[0.265s] Level 1:colcon.colcon_core.package_identification:_identify(src/mocap4r2/mocap4r2_marker_viz/mocap4r2_marker_viz) by extension 'ignore_ament_install'
[0.265s] Level 1:colcon.colcon_core.package_identification:_identify(src/mocap4r2/mocap4r2_marker_viz/mocap4r2_marker_viz) by extensions ['colcon_pkg']
[0.265s] Level 1:colcon.colcon_core.package_identification:_identify(src/mocap4r2/mocap4r2_marker_viz/mocap4r2_marker_viz) by extension 'colcon_pkg'
[0.265s] Level 1:colcon.colcon_core.package_identification:_identify(src/mocap4r2/mocap4r2_marker_viz/mocap4r2_marker_viz) by extensions ['colcon_meta']
[0.265s] Level 1:colcon.colcon_core.package_identification:_identify(src/mocap4r2/mocap4r2_marker_viz/mocap4r2_marker_viz) by extension 'colcon_meta'
[0.265s] Level 1:colcon.colcon_core.package_identification:_identify(src/mocap4r2/mocap4r2_marker_viz/mocap4r2_marker_viz) by extensions ['ros']
[0.265s] Level 1:colcon.colcon_core.package_identification:_identify(src/mocap4r2/mocap4r2_marker_viz/mocap4r2_marker_viz) by extension 'ros'
[0.266s] DEBUG:colcon.colcon_core.package_identification:Package 'src/mocap4r2/mocap4r2_marker_viz/mocap4r2_marker_viz' with type 'ros.ament_cmake' and name 'mocap4r2_marker_viz'
[0.266s] Level 1:colcon.colcon_core.package_identification:_identify(src/mocap4r2/mocap4r2_marker_viz/mocap4r2_marker_viz_srvs) by extensions ['ignore', 'ignore_ament_install']
[0.266s] Level 1:colcon.colcon_core.package_identification:_identify(src/mocap4r2/mocap4r2_marker_viz/mocap4r2_marker_viz_srvs) by extension 'ignore'
[0.266s] Level 1:colcon.colcon_core.package_identification:_identify(src/mocap4r2/mocap4r2_marker_viz/mocap4r2_marker_viz_srvs) by extension 'ignore_ament_install'
[0.266s] Level 1:colcon.colcon_core.package_identification:_identify(src/mocap4r2/mocap4r2_marker_viz/mocap4r2_marker_viz_srvs) by extensions ['colcon_pkg']
[0.266s] Level 1:colcon.colcon_core.package_identification:_identify(src/mocap4r2/mocap4r2_marker_viz/mocap4r2_marker_viz_srvs) by extension 'colcon_pkg'
[0.266s] Level 1:colcon.colcon_core.package_identification:_identify(src/mocap4r2/mocap4r2_marker_viz/mocap4r2_marker_viz_srvs) by extensions ['colcon_meta']
[0.266s] Level 1:colcon.colcon_core.package_identification:_identify(src/mocap4r2/mocap4r2_marker_viz/mocap4r2_marker_viz_srvs) by extension 'colcon_meta'
[0.266s] Level 1:colcon.colcon_core.package_identification:_identify(src/mocap4r2/mocap4r2_marker_viz/mocap4r2_marker_viz_srvs) by extensions ['ros']
[0.266s] Level 1:colcon.colcon_core.package_identification:_identify(src/mocap4r2/mocap4r2_marker_viz/mocap4r2_marker_viz_srvs) by extension 'ros'
[0.267s] DEBUG:colcon.colcon_core.package_identification:Package 'src/mocap4r2/mocap4r2_marker_viz/mocap4r2_marker_viz_srvs' with type 'ros.ament_cmake' and name 'mocap4r2_marker_viz_srvs'
[0.267s] Level 1:colcon.colcon_core.package_identification:_identify(src/mocap4r2/mocap4r2_robot_gt) by extensions ['ignore', 'ignore_ament_install']
[0.267s] Level 1:colcon.colcon_core.package_identification:_identify(src/mocap4r2/mocap4r2_robot_gt) by extension 'ignore'
[0.267s] Level 1:colcon.colcon_core.package_identification:_identify(src/mocap4r2/mocap4r2_robot_gt) by extension 'ignore_ament_install'
[0.267s] Level 1:colcon.colcon_core.package_identification:_identify(src/mocap4r2/mocap4r2_robot_gt) by extensions ['colcon_pkg']
[0.267s] Level 1:colcon.colcon_core.package_identification:_identify(src/mocap4r2/mocap4r2_robot_gt) by extension 'colcon_pkg'
[0.267s] Level 1:colcon.colcon_core.package_identification:_identify(src/mocap4r2/mocap4r2_robot_gt) by extensions ['colcon_meta']
[0.267s] Level 1:colcon.colcon_core.package_identification:_identify(src/mocap4r2/mocap4r2_robot_gt) by extension 'colcon_meta'
[0.267s] Level 1:colcon.colcon_core.package_identification:_identify(src/mocap4r2/mocap4r2_robot_gt) by extensions ['ros']
[0.267s] Level 1:colcon.colcon_core.package_identification:_identify(src/mocap4r2/mocap4r2_robot_gt) by extension 'ros'
[0.268s] Level 1:colcon.colcon_core.package_identification:_identify(src/mocap4r2/mocap4r2_robot_gt) by extensions ['cmake', 'python']
[0.268s] Level 1:colcon.colcon_core.package_identification:_identify(src/mocap4r2/mocap4r2_robot_gt) by extension 'cmake'
[0.268s] Level 1:colcon.colcon_core.package_identification:_identify(src/mocap4r2/mocap4r2_robot_gt) by extension 'python'
[0.268s] Level 1:colcon.colcon_core.package_identification:_identify(src/mocap4r2/mocap4r2_robot_gt) by extensions ['python_setup_py']
[0.268s] Level 1:colcon.colcon_core.package_identification:_identify(src/mocap4r2/mocap4r2_robot_gt) by extension 'python_setup_py'
[0.268s] Level 1:colcon.colcon_core.package_identification:_identify(src/mocap4r2/mocap4r2_robot_gt/mocap4r2_robot_gt) by extensions ['ignore', 'ignore_ament_install']
[0.268s] Level 1:colcon.colcon_core.package_identification:_identify(src/mocap4r2/mocap4r2_robot_gt/mocap4r2_robot_gt) by extension 'ignore'
[0.268s] Level 1:colcon.colcon_core.package_identification:_identify(src/mocap4r2/mocap4r2_robot_gt/mocap4r2_robot_gt) by extension 'ignore_ament_install'
[0.268s] Level 1:colcon.colcon_core.package_identification:_identify(src/mocap4r2/mocap4r2_robot_gt/mocap4r2_robot_gt) by extensions ['colcon_pkg']
[0.268s] Level 1:colcon.colcon_core.package_identification:_identify(src/mocap4r2/mocap4r2_robot_gt/mocap4r2_robot_gt) by extension 'colcon_pkg'
[0.268s] Level 1:colcon.colcon_core.package_identification:_identify(src/mocap4r2/mocap4r2_robot_gt/mocap4r2_robot_gt) by extensions ['colcon_meta']
[0.268s] Level 1:colcon.colcon_core.package_identification:_identify(src/mocap4r2/mocap4r2_robot_gt/mocap4r2_robot_gt) by extension 'colcon_meta'
[0.268s] Level 1:colcon.colcon_core.package_identification:_identify(src/mocap4r2/mocap4r2_robot_gt/mocap4r2_robot_gt) by extensions ['ros']
[0.268s] Level 1:colcon.colcon_core.package_identification:_identify(src/mocap4r2/mocap4r2_robot_gt/mocap4r2_robot_gt) by extension 'ros'
[0.269s] DEBUG:colcon.colcon_core.package_identification:Package 'src/mocap4r2/mocap4r2_robot_gt/mocap4r2_robot_gt' with type 'ros.ament_cmake' and name 'mocap4r2_robot_gt'
[0.269s] Level 1:colcon.colcon_core.package_identification:_identify(src/mocap4r2/mocap4r2_robot_gt/mocap4r2_robot_gt_msgs) by extensions ['ignore', 'ignore_ament_install']
[0.269s] Level 1:colcon.colcon_core.package_identification:_identify(src/mocap4r2/mocap4r2_robot_gt/mocap4r2_robot_gt_msgs) by extension 'ignore'
[0.270s] Level 1:colcon.colcon_core.package_identification:_identify(src/mocap4r2/mocap4r2_robot_gt/mocap4r2_robot_gt_msgs) by extension 'ignore_ament_install'
[0.270s] Level 1:colcon.colcon_core.package_identification:_identify(src/mocap4r2/mocap4r2_robot_gt/mocap4r2_robot_gt_msgs) by extensions ['colcon_pkg']
[0.270s] Level 1:colcon.colcon_core.package_identification:_identify(src/mocap4r2/mocap4r2_robot_gt/mocap4r2_robot_gt_msgs) by extension 'colcon_pkg'
[0.270s] Level 1:colcon.colcon_core.package_identification:_identify(src/mocap4r2/mocap4r2_robot_gt/mocap4r2_robot_gt_msgs) by extensions ['colcon_meta']
[0.270s] Level 1:colcon.colcon_core.package_identification:_identify(src/mocap4r2/mocap4r2_robot_gt/mocap4r2_robot_gt_msgs) by extension 'colcon_meta'
[0.270s] Level 1:colcon.colcon_core.package_identification:_identify(src/mocap4r2/mocap4r2_robot_gt/mocap4r2_robot_gt_msgs) by extensions ['ros']
[0.270s] Level 1:colcon.colcon_core.package_identification:_identify(src/mocap4r2/mocap4r2_robot_gt/mocap4r2_robot_gt_msgs) by extension 'ros'
[0.271s] DEBUG:colcon.colcon_core.package_identification:Package 'src/mocap4r2/mocap4r2_robot_gt/mocap4r2_robot_gt_msgs' with type 'ros.ament_cmake' and name 'mocap4r2_robot_gt_msgs'
[0.271s] Level 1:colcon.colcon_core.package_identification:_identify(src/mocap4r2/mocap4r2cli) by extensions ['ignore', 'ignore_ament_install']
[0.271s] Level 1:colcon.colcon_core.package_identification:_identify(src/mocap4r2/mocap4r2cli) by extension 'ignore'
[0.271s] Level 1:colcon.colcon_core.package_identification:_identify(src/mocap4r2/mocap4r2cli) by extension 'ignore_ament_install'
[0.271s] Level 1:colcon.colcon_core.package_identification:_identify(src/mocap4r2/mocap4r2cli) by extensions ['colcon_pkg']
[0.271s] Level 1:colcon.colcon_core.package_identification:_identify(src/mocap4r2/mocap4r2cli) by extension 'colcon_pkg'
[0.271s] Level 1:colcon.colcon_core.package_identification:_identify(src/mocap4r2/mocap4r2cli) by extensions ['colcon_meta']
[0.271s] Level 1:colcon.colcon_core.package_identification:_identify(src/mocap4r2/mocap4r2cli) by extension 'colcon_meta'
[0.271s] Level 1:colcon.colcon_core.package_identification:_identify(src/mocap4r2/mocap4r2cli) by extensions ['ros']
[0.271s] Level 1:colcon.colcon_core.package_identification:_identify(src/mocap4r2/mocap4r2cli) by extension 'ros'
[0.272s] DEBUG:colcon.colcon_core.package_identification:Package 'src/mocap4r2/mocap4r2cli' with type 'ros.ament_python' and name 'mocap4r2cli'
[0.272s] Level 1:colcon.colcon_core.package_identification:_identify(src/mocap4r2_msgs) by extensions ['ignore', 'ignore_ament_install']
[0.272s] Level 1:colcon.colcon_core.package_identification:_identify(src/mocap4r2_msgs) by extension 'ignore'
[0.272s] Level 1:colcon.colcon_core.package_identification:_identify(src/mocap4r2_msgs) by extension 'ignore_ament_install'
[0.272s] Level 1:colcon.colcon_core.package_identification:_identify(src/mocap4r2_msgs) by extensions ['colcon_pkg']
[0.272s] Level 1:colcon.colcon_core.package_identification:_identify(src/mocap4r2_msgs) by extension 'colcon_pkg'
[0.272s] Level 1:colcon.colcon_core.package_identification:_identify(src/mocap4r2_msgs) by extensions ['colcon_meta']
[0.272s] Level 1:colcon.colcon_core.package_identification:_identify(src/mocap4r2_msgs) by extension 'colcon_meta'
[0.272s] Level 1:colcon.colcon_core.package_identification:_identify(src/mocap4r2_msgs) by extensions ['ros']
[0.272s] Level 1:colcon.colcon_core.package_identification:_identify(src/mocap4r2_msgs) by extension 'ros'
[0.273s] DEBUG:colcon.colcon_core.package_identification:Package 'src/mocap4r2_msgs' with type 'ros.ament_cmake' and name 'mocap4r2_msgs'
[0.273s] Level 1:colcon.colcon_core.package_identification:_identify(src/mocap4ros2_vicon) by extensions ['ignore', 'ignore_ament_install']
[0.273s] Level 1:colcon.colcon_core.package_identification:_identify(src/mocap4ros2_vicon) by extension 'ignore'
[0.273s] Level 1:colcon.colcon_core.package_identification:_identify(src/mocap4ros2_vicon) by extension 'ignore_ament_install'
[0.273s] Level 1:colcon.colcon_core.package_identification:_identify(src/mocap4ros2_vicon) by extensions ['colcon_pkg']
[0.273s] Level 1:colcon.colcon_core.package_identification:_identify(src/mocap4ros2_vicon) by extension 'colcon_pkg'
[0.273s] Level 1:colcon.colcon_core.package_identification:_identify(src/mocap4ros2_vicon) by extensions ['colcon_meta']
[0.273s] Level 1:colcon.colcon_core.package_identification:_identify(src/mocap4ros2_vicon) by extension 'colcon_meta'
[0.273s] Level 1:colcon.colcon_core.package_identification:_identify(src/mocap4ros2_vicon) by extensions ['ros']
[0.273s] Level 1:colcon.colcon_core.package_identification:_identify(src/mocap4ros2_vicon) by extension 'ros'
[0.274s] Level 1:colcon.colcon_core.package_identification:_identify(src/mocap4ros2_vicon) by extensions ['cmake', 'python']
[0.274s] Level 1:colcon.colcon_core.package_identification:_identify(src/mocap4ros2_vicon) by extension 'cmake'
[0.274s] Level 1:colcon.colcon_core.package_identification:_identify(src/mocap4ros2_vicon) by extension 'python'
[0.274s] Level 1:colcon.colcon_core.package_identification:_identify(src/mocap4ros2_vicon) by extensions ['python_setup_py']
[0.274s] Level 1:colcon.colcon_core.package_identification:_identify(src/mocap4ros2_vicon) by extension 'python_setup_py'
[0.274s] Level 1:colcon.colcon_core.package_identification:_identify(src/mocap4ros2_vicon/mocap4r2_vicon_driver) by extensions ['ignore', 'ignore_ament_install']
[0.274s] Level 1:colcon.colcon_core.package_identification:_identify(src/mocap4ros2_vicon/mocap4r2_vicon_driver) by extension 'ignore'
[0.274s] Level 1:colcon.colcon_core.package_identification:_identify(src/mocap4ros2_vicon/mocap4r2_vicon_driver) by extension 'ignore_ament_install'
[0.274s] Level 1:colcon.colcon_core.package_identification:_identify(src/mocap4ros2_vicon/mocap4r2_vicon_driver) by extensions ['colcon_pkg']
[0.274s] Level 1:colcon.colcon_core.package_identification:_identify(src/mocap4ros2_vicon/mocap4r2_vicon_driver) by extension 'colcon_pkg'
[0.274s] Level 1:colcon.colcon_core.package_identification:_identify(src/mocap4ros2_vicon/mocap4r2_vicon_driver) by extensions ['colcon_meta']
[0.274s] Level 1:colcon.colcon_core.package_identification:_identify(src/mocap4ros2_vicon/mocap4r2_vicon_driver) by extension 'colcon_meta'
[0.274s] Level 1:colcon.colcon_core.package_identification:_identify(src/mocap4ros2_vicon/mocap4r2_vicon_driver) by extensions ['ros']
[0.274s] Level 1:colcon.colcon_core.package_identification:_identify(src/mocap4ros2_vicon/mocap4r2_vicon_driver) by extension 'ros'
[0.275s] DEBUG:colcon.colcon_core.package_identification:Package 'src/mocap4ros2_vicon/mocap4r2_vicon_driver' with type 'ros.ament_cmake' and name 'mocap4r2_vicon_driver'
[0.275s] Level 1:colcon.colcon_core.package_identification:_identify(src/natnet_ros2) by extensions ['ignore', 'ignore_ament_install']
[0.276s] Level 1:colcon.colcon_core.package_identification:_identify(src/natnet_ros2) by extension 'ignore'
[0.276s] Level 1:colcon.colcon_core.package_identification:_identify(src/natnet_ros2) by extension 'ignore_ament_install'
[0.276s] Level 1:colcon.colcon_core.package_identification:_identify(src/natnet_ros2) by extensions ['colcon_pkg']
[0.276s] Level 1:colcon.colcon_core.package_identification:_identify(src/natnet_ros2) by extension 'colcon_pkg'
[0.276s] Level 1:colcon.colcon_core.package_identification:_identify(src/natnet_ros2) by extensions ['colcon_meta']
[0.276s] Level 1:colcon.colcon_core.package_identification:_identify(src/natnet_ros2) by extension 'colcon_meta'
[0.276s] Level 1:colcon.colcon_core.package_identification:_identify(src/natnet_ros2) by extensions ['ros']
[0.276s] Level 1:colcon.colcon_core.package_identification:_identify(src/natnet_ros2) by extension 'ros'
[0.277s] DEBUG:colcon.colcon_core.package_identification:Package 'src/natnet_ros2' with type 'ros.ament_cmake' and name 'natnet_ros2'
[0.277s] Level 1:colcon.colcon_core.package_identification:_identify(src/position_publisher) by extensions ['ignore', 'ignore_ament_install']
[0.277s] Level 1:colcon.colcon_core.package_identification:_identify(src/position_publisher) by extension 'ignore'
[0.277s] Level 1:colcon.colcon_core.package_identification:_identify(src/position_publisher) by extension 'ignore_ament_install'
[0.277s] Level 1:colcon.colcon_core.package_identification:_identify(src/position_publisher) by extensions ['colcon_pkg']
[0.277s] Level 1:colcon.colcon_core.package_identification:_identify(src/position_publisher) by extension 'colcon_pkg'
[0.277s] Level 1:colcon.colcon_core.package_identification:_identify(src/position_publisher) by extensions ['colcon_meta']
[0.277s] Level 1:colcon.colcon_core.package_identification:_identify(src/position_publisher) by extension 'colcon_meta'
[0.277s] Level 1:colcon.colcon_core.package_identification:_identify(src/position_publisher) by extensions ['ros']
[0.277s] Level 1:colcon.colcon_core.package_identification:_identify(src/position_publisher) by extension 'ros'
[0.278s] DEBUG:colcon.colcon_core.package_identification:Package 'src/position_publisher' with type 'ros.ament_python' and name 'position_publisher'
[0.278s] Level 1:colcon.colcon_core.package_identification:_identify(src/visualizer) by extensions ['ignore', 'ignore_ament_install']
[0.278s] Level 1:colcon.colcon_core.package_identification:_identify(src/visualizer) by extension 'ignore'
[0.278s] Level 1:colcon.colcon_core.package_identification:_identify(src/visualizer) by extension 'ignore_ament_install'
[0.278s] Level 1:colcon.colcon_core.package_identification:_identify(src/visualizer) by extensions ['colcon_pkg']
[0.278s] Level 1:colcon.colcon_core.package_identification:_identify(src/visualizer) by extension 'colcon_pkg'
[0.278s] Level 1:colcon.colcon_core.package_identification:_identify(src/visualizer) by extensions ['colcon_meta']
[0.278s] Level 1:colcon.colcon_core.package_identification:_identify(src/visualizer) by extension 'colcon_meta'
[0.278s] Level 1:colcon.colcon_core.package_identification:_identify(src/visualizer) by extensions ['ros']
[0.278s] Level 1:colcon.colcon_core.package_identification:_identify(src/visualizer) by extension 'ros'
[0.279s] DEBUG:colcon.colcon_core.package_identification:Package 'src/visualizer' with type 'ros.ament_python' and name 'visualizer'
[0.279s] Level 1:colcon.colcon_core.package_identification:_identify(test) by extensions ['ignore', 'ignore_ament_install']
[0.279s] Level 1:colcon.colcon_core.package_identification:_identify(test) by extension 'ignore'
[0.279s] Level 1:colcon.colcon_core.package_identification:_identify(test) by extension 'ignore_ament_install'
[0.279s] Level 1:colcon.colcon_core.package_identification:_identify(test) by extensions ['colcon_pkg']
[0.279s] Level 1:colcon.colcon_core.package_identification:_identify(test) by extension 'colcon_pkg'
[0.279s] Level 1:colcon.colcon_core.package_identification:_identify(test) by extensions ['colcon_meta']
[0.279s] Level 1:colcon.colcon_core.package_identification:_identify(test) by extension 'colcon_meta'
[0.279s] Level 1:colcon.colcon_core.package_identification:_identify(test) by extensions ['ros']
[0.279s] Level 1:colcon.colcon_core.package_identification:_identify(test) by extension 'ros'
[0.279s] Level 1:colcon.colcon_core.package_identification:_identify(test) by extensions ['cmake', 'python']
[0.279s] Level 1:colcon.colcon_core.package_identification:_identify(test) by extension 'cmake'
[0.279s] Level 1:colcon.colcon_core.package_identification:_identify(test) by extension 'python'
[0.279s] Level 1:colcon.colcon_core.package_identification:_identify(test) by extensions ['python_setup_py']
[0.279s] Level 1:colcon.colcon_core.package_identification:_identify(test) by extension 'python_setup_py'
[0.279s] Level 1:colcon.colcon_core.package_identification:_identify(test/logs) by extensions ['ignore', 'ignore_ament_install']
[0.280s] Level 1:colcon.colcon_core.package_identification:_identify(test/logs) by extension 'ignore'
[0.280s] Level 1:colcon.colcon_core.package_identification:_identify(test/logs) by extension 'ignore_ament_install'
[0.280s] Level 1:colcon.colcon_core.package_identification:_identify(test/logs) by extensions ['colcon_pkg']
[0.280s] Level 1:colcon.colcon_core.package_identification:_identify(test/logs) by extension 'colcon_pkg'
[0.280s] Level 1:colcon.colcon_core.package_identification:_identify(test/logs) by extensions ['colcon_meta']
[0.280s] Level 1:colcon.colcon_core.package_identification:_identify(test/logs) by extension 'colcon_meta'
[0.280s] Level 1:colcon.colcon_core.package_identification:_identify(test/logs) by extensions ['ros']
[0.280s] Level 1:colcon.colcon_core.package_identification:_identify(test/logs) by extension 'ros'
[0.280s] Level 1:colcon.colcon_core.package_identification:_identify(test/logs) by extensions ['cmake', 'python']
[0.280s] Level 1:colcon.colcon_core.package_identification:_identify(test/logs) by extension 'cmake'
[0.280s] Level 1:colcon.colcon_core.package_identification:_identify(test/logs) by extension 'python'
[0.280s] Level 1:colcon.colcon_core.package_identification:_identify(test/logs) by extensions ['python_setup_py']
[0.280s] Level 1:colcon.colcon_core.package_identification:_identify(test/logs) by extension 'python_setup_py'
[0.280s] Level 1:colcon.colcon_core.package_identification:_identify(test/logs/2025-08-04) by extensions ['ignore', 'ignore_ament_install']
[0.280s] Level 1:colcon.colcon_core.package_identification:_identify(test/logs/2025-08-04) by extension 'ignore'
[0.280s] Level 1:colcon.colcon_core.package_identification:_identify(test/logs/2025-08-04) by extension 'ignore_ament_install'
[0.280s] Level 1:colcon.colcon_core.package_identification:_identify(test/logs/2025-08-04) by extensions ['colcon_pkg']
[0.280s] Level 1:colcon.colcon_core.package_identification:_identify(test/logs/2025-08-04) by extension 'colcon_pkg'
[0.280s] Level 1:colcon.colcon_core.package_identification:_identify(test/logs/2025-08-04) by extensions ['colcon_meta']
[0.280s] Level 1:colcon.colcon_core.package_identification:_identify(test/logs/2025-08-04) by extension 'colcon_meta'
[0.281s] Level 1:colcon.colcon_core.package_identification:_identify(test/logs/2025-08-04) by extensions ['ros']
[0.281s] Level 1:colcon.colcon_core.package_identification:_identify(test/logs/2025-08-04) by extension 'ros'
[0.281s] Level 1:colcon.colcon_core.package_identification:_identify(test/logs/2025-08-04) by extensions ['cmake', 'python']
[0.281s] Level 1:colcon.colcon_core.package_identification:_identify(test/logs/2025-08-04) by extension 'cmake'
[0.281s] Level 1:colcon.colcon_core.package_identification:_identify(test/logs/2025-08-04) by extension 'python'
[0.281s] Level 1:colcon.colcon_core.package_identification:_identify(test/logs/2025-08-04) by extensions ['python_setup_py']
[0.281s] Level 1:colcon.colcon_core.package_identification:_identify(test/logs/2025-08-04) by extension 'python_setup_py'
[0.281s] Level 1:colcon.colcon_core.package_identification:_identify(test/logs/2025-08-04/flight1) by extensions ['ignore', 'ignore_ament_install']
[0.281s] Level 1:colcon.colcon_core.package_identification:_identify(test/logs/2025-08-04/flight1) by extension 'ignore'
[0.281s] Level 1:colcon.colcon_core.package_identification:_identify(test/logs/2025-08-04/flight1) by extension 'ignore_ament_install'
[0.281s] Level 1:colcon.colcon_core.package_identification:_identify(test/logs/2025-08-04/flight1) by extensions ['colcon_pkg']
[0.281s] Level 1:colcon.colcon_core.package_identification:_identify(test/logs/2025-08-04/flight1) by extension 'colcon_pkg'
[0.281s] Level 1:colcon.colcon_core.package_identification:_identify(test/logs/2025-08-04/flight1) by extensions ['colcon_meta']
[0.281s] Level 1:colcon.colcon_core.package_identification:_identify(test/logs/2025-08-04/flight1) by extension 'colcon_meta'
[0.281s] Level 1:colcon.colcon_core.package_identification:_identify(test/logs/2025-08-04/flight1) by extensions ['ros']
[0.281s] Level 1:colcon.colcon_core.package_identification:_identify(test/logs/2025-08-04/flight1) by extension 'ros'
[0.281s] Level 1:colcon.colcon_core.package_identification:_identify(test/logs/2025-08-04/flight1) by extensions ['cmake', 'python']
[0.281s] Level 1:colcon.colcon_core.package_identification:_identify(test/logs/2025-08-04/flight1) by extension 'cmake'
[0.281s] Level 1:colcon.colcon_core.package_identification:_identify(test/logs/2025-08-04/flight1) by extension 'python'
[0.281s] Level 1:colcon.colcon_core.package_identification:_identify(test/logs/2025-08-04/flight1) by extensions ['python_setup_py']
[0.281s] Level 1:colcon.colcon_core.package_identification:_identify(test/logs/2025-08-04/flight1) by extension 'python_setup_py'
[0.282s] Level 1:colcon.colcon_core.package_identification:_identify(test/logs/2026-02-11) by extensions ['ignore', 'ignore_ament_install']
[0.282s] Level 1:colcon.colcon_core.package_identification:_identify(test/logs/2026-02-11) by extension 'ignore'
[0.282s] Level 1:colcon.colcon_core.package_identification:_identify(test/logs/2026-02-11) by extension 'ignore_ament_install'
[0.282s] Level 1:colcon.colcon_core.package_identification:_identify(test/logs/2026-02-11) by extensions ['colcon_pkg']
[0.282s] Level 1:colcon.colcon_core.package_identification:_identify(test/logs/2026-02-11) by extension 'colcon_pkg'
[0.282s] Level 1:colcon.colcon_core.package_identification:_identify(test/logs/2026-02-11) by extensions ['colcon_meta']
[0.282s] Level 1:colcon.colcon_core.package_identification:_identify(test/logs/2026-02-11) by extension 'colcon_meta'
[0.282s] Level 1:colcon.colcon_core.package_identification:_identify(test/logs/2026-02-11) by extensions ['ros']
[0.282s] Level 1:colcon.colcon_core.package_identification:_identify(test/logs/2026-02-11) by extension 'ros'
[0.282s] Level 1:colcon.colcon_core.package_identification:_identify(test/logs/2026-02-11) by extensions ['cmake', 'python']
[0.282s] Level 1:colcon.colcon_core.package_identification:_identify(test/logs/2026-02-11) by extension 'cmake'
[0.282s] Level 1:colcon.colcon_core.package_identification:_identify(test/logs/2026-02-11) by extension 'python'
[0.282s] Level 1:colcon.colcon_core.package_identification:_identify(test/logs/2026-02-11) by extensions ['python_setup_py']
[0.282s] Level 1:colcon.colcon_core.package_identification:_identify(test/logs/2026-02-11) by extension 'python_setup_py'
[0.282s] Level 1:colcon.colcon_core.package_identification:_identify(test/logs/2026-02-11/flight1) by extensions ['ignore', 'ignore_ament_install']
[0.282s] Level 1:colcon.colcon_core.package_identification:_identify(test/logs/2026-02-11/flight1) by extension 'ignore'
[0.282s] Level 1:colcon.colcon_core.package_identification:_identify(test/logs/2026-02-11/flight1) by extension 'ignore_ament_install'
[0.282s] Level 1:colcon.colcon_core.package_identification:_identify(test/logs/2026-02-11/flight1) by extensions ['colcon_pkg']
[0.282s] Level 1:colcon.colcon_core.package_identification:_identify(test/logs/2026-02-11/flight1) by extension 'colcon_pkg'
[0.283s] Level 1:colcon.colcon_core.package_identification:_identify(test/logs/2026-02-11/flight1) by extensions ['colcon_meta']
[0.283s] Level 1:colcon.colcon_core.package_identification:_identify(test/logs/2026-02-11/flight1) by extension 'colcon_meta'
[0.283s] Level 1:colcon.colcon_core.package_identification:_identify(test/logs/2026-02-11/flight1) by extensions ['ros']
[0.283s] Level 1:colcon.colcon_core.package_identification:_identify(test/logs/2026-02-11/flight1) by extension 'ros'
[0.283s] Level 1:colcon.colcon_core.package_identification:_identify(test/logs/2026-02-11/flight1) by extensions ['cmake', 'python']
[0.283s] Level 1:colcon.colcon_core.package_identification:_identify(test/logs/2026-02-11/flight1) by extension 'cmake'
[0.283s] Level 1:colcon.colcon_core.package_identification:_identify(test/logs/2026-02-11/flight1) by extension 'python'
[0.283s] Level 1:colcon.colcon_core.package_identification:_identify(test/logs/2026-02-11/flight1) by extensions ['python_setup_py']
[0.283s] Level 1:colcon.colcon_core.package_identification:_identify(test/logs/2026-02-11/flight1) by extension 'python_setup_py'
[0.283s] Level 1:colcon.colcon_core.package_identification:_identify(test/logs/2026-02-11/flight2) by extensions ['ignore', 'ignore_ament_install']
[0.283s] Level 1:colcon.colcon_core.package_identification:_identify(test/logs/2026-02-11/flight2) by extension 'ignore'
[0.283s] Level 1:colcon.colcon_core.package_identification:_identify(test/logs/2026-02-11/flight2) by extension 'ignore_ament_install'
[0.283s] Level 1:colcon.colcon_core.package_identification:_identify(test/logs/2026-02-11/flight2) by extensions ['colcon_pkg']
[0.283s] Level 1:colcon.colcon_core.package_identification:_identify(test/logs/2026-02-11/flight2) by extension 'colcon_pkg'
[0.283s] Level 1:colcon.colcon_core.package_identification:_identify(test/logs/2026-02-11/flight2) by extensions ['colcon_meta']
[0.283s] Level 1:colcon.colcon_core.package_identification:_identify(test/logs/2026-02-11/flight2) by extension 'colcon_meta'
[0.283s] Level 1:colcon.colcon_core.package_identification:_identify(test/logs/2026-02-11/flight2) by extensions ['ros']
[0.283s] Level 1:colcon.colcon_core.package_identification:_identify(test/logs/2026-02-11/flight2) by extension 'ros'
[0.283s] Level 1:colcon.colcon_core.package_identification:_identify(test/logs/2026-02-11/flight2) by extensions ['cmake', 'python']
[0.283s] Level 1:colcon.colcon_core.package_identification:_identify(test/logs/2026-02-11/flight2) by extension 'cmake'
[0.283s] Level 1:colcon.colcon_core.package_identification:_identify(test/logs/2026-02-11/flight2) by extension 'python'
[0.283s] Level 1:colcon.colcon_core.package_identification:_identify(test/logs/2026-02-11/flight2) by extensions ['python_setup_py']
[0.284s] Level 1:colcon.colcon_core.package_identification:_identify(test/logs/2026-02-11/flight2) by extension 'python_setup_py'
[0.284s] Level 1:colcon.colcon_core.package_identification:_identify(test/logs/2026-02-16) by extensions ['ignore', 'ignore_ament_install']
[0.284s] Level 1:colcon.colcon_core.package_identification:_identify(test/logs/2026-02-16) by extension 'ignore'
[0.284s] Level 1:colcon.colcon_core.package_identification:_identify(test/logs/2026-02-16) by extension 'ignore_ament_install'
[0.284s] Level 1:colcon.colcon_core.package_identification:_identify(test/logs/2026-02-16) by extensions ['colcon_pkg']
[0.284s] Level 1:colcon.colcon_core.package_identification:_identify(test/logs/2026-02-16) by extension 'colcon_pkg'
[0.284s] Level 1:colcon.colcon_core.package_identification:_identify(test/logs/2026-02-16) by extensions ['colcon_meta']
[0.284s] Level 1:colcon.colcon_core.package_identification:_identify(test/logs/2026-02-16) by extension 'colcon_meta'
[0.284s] Level 1:colcon.colcon_core.package_identification:_identify(test/logs/2026-02-16) by extensions ['ros']
[0.284s] Level 1:colcon.colcon_core.package_identification:_identify(test/logs/2026-02-16) by extension 'ros'
[0.284s] Level 1:colcon.colcon_core.package_identification:_identify(test/logs/2026-02-16) by extensions ['cmake', 'python']
[0.284s] Level 1:colcon.colcon_core.package_identification:_identify(test/logs/2026-02-16) by extension 'cmake'
[0.284s] Level 1:colcon.colcon_core.package_identification:_identify(test/logs/2026-02-16) by extension 'python'
[0.284s] Level 1:colcon.colcon_core.package_identification:_identify(test/logs/2026-02-16) by extensions ['python_setup_py']
[0.284s] Level 1:colcon.colcon_core.package_identification:_identify(test/logs/2026-02-16) by extension 'python_setup_py'
[0.284s] Level 1:colcon.colcon_core.package_identification:_identify(test/logs/2026-02-16/flight1) by extensions ['ignore', 'ignore_ament_install']
[0.284s] Level 1:colcon.colcon_core.package_identification:_identify(test/logs/2026-02-16/flight1) by extension 'ignore'
[0.284s] Level 1:colcon.colcon_core.package_identification:_identify(test/logs/2026-02-16/flight1) by extension 'ignore_ament_install'
[0.284s] Level 1:colcon.colcon_core.package_identification:_identify(test/logs/2026-02-16/flight1) by extensions ['colcon_pkg']
[0.284s] Level 1:colcon.colcon_core.package_identification:_identify(test/logs/2026-02-16/flight1) by extension 'colcon_pkg'
[0.285s] Level 1:colcon.colcon_core.package_identification:_identify(test/logs/2026-02-16/flight1) by extensions ['colcon_meta']
[0.285s] Level 1:colcon.colcon_core.package_identification:_identify(test/logs/2026-02-16/flight1) by extension 'colcon_meta'
[0.285s] Level 1:colcon.colcon_core.package_identification:_identify(test/logs/2026-02-16/flight1) by extensions ['ros']
[0.285s] Level 1:colcon.colcon_core.package_identification:_identify(test/logs/2026-02-16/flight1) by extension 'ros'
[0.285s] Level 1:colcon.colcon_core.package_identification:_identify(test/logs/2026-02-16/flight1) by extensions ['cmake', 'python']
[0.285s] Level 1:colcon.colcon_core.package_identification:_identify(test/logs/2026-02-16/flight1) by extension 'cmake'
[0.285s] Level 1:colcon.colcon_core.package_identification:_identify(test/logs/2026-02-16/flight1) by extension 'python'
[0.285s] Level 1:colcon.colcon_core.package_identification:_identify(test/logs/2026-02-16/flight1) by extensions ['python_setup_py']
[0.285s] Level 1:colcon.colcon_core.package_identification:_identify(test/logs/2026-02-16/flight1) by extension 'python_setup_py'
[0.285s] Level 1:colcon.colcon_core.package_discovery:discover_packages(recursive) using defaults
[0.285s] Level 1:colcon.colcon_core.package_discovery:discover_packages(ignore) discover
[0.285s] Level 1:colcon.colcon_core.package_discovery:discover_packages(ignore) using defaults
[0.285s] Level 1:colcon.colcon_core.package_discovery:discover_packages(path) discover
[0.285s] Level 1:colcon.colcon_core.package_discovery:discover_packages(path) using defaults
[0.315s] Level 1:colcon.colcon_core.package_discovery:discover_packages(prefix_path) check parameters
[0.315s] Level 1:colcon.colcon_core.package_discovery:discover_packages(prefix_path) discover
[0.319s] DEBUG:colcon.colcon_installed_package_information.package_discovery:Found 16 installed packages in /home/strain-drone/Documents/drone_position_hold/ros2_ws/install
[0.321s] DEBUG:colcon.colcon_installed_package_information.package_discovery:Found 295 installed packages in /opt/ros/jazzy
[0.322s] Level 1:colcon.colcon_core.package_discovery:discover_packages(prefix_path) using defaults
[0.385s] Level 5:colcon.colcon_core.verb:set package 'mavros_config' build argument 'cmake_args' from command line to 'None'
[0.385s] Level 5:colcon.colcon_core.verb:set package 'mavros_config' build argument 'cmake_target' from command line to 'None'
[0.385s] Level 5:colcon.colcon_core.verb:set package 'mavros_config' build argument 'cmake_target_skip_unavailable' from command line to 'False'
[0.385s] Level 5:colcon.colcon_core.verb:set package 'mavros_config' build argument 'cmake_clean_cache' from command line to 'False'
[0.385s] Level 5:colcon.colcon_core.verb:set package 'mavros_config' build argument 'cmake_clean_first' from command line to 'False'
[0.385s] Level 5:colcon.colcon_core.verb:set package 'mavros_config' build argument 'cmake_force_configure' from command line to 'False'
[0.385s] Level 5:colcon.colcon_core.verb:set package 'mavros_config' build argument 'ament_cmake_args' from command line to 'None'
[0.385s] Level 5:colcon.colcon_core.verb:set package 'mavros_config' build argument 'catkin_cmake_args' from command line to 'None'
[0.385s] Level 5:colcon.colcon_core.verb:set package 'mavros_config' build argument 'catkin_skip_building_tests' from command line to 'False'
[0.385s] DEBUG:colcon.colcon_core.verb:Building package 'mavros_config' with the following arguments: {'ament_cmake_args': None, 'build_base': '/home/strain-drone/Documents/drone_position_hold/ros2_ws/build/mavros_config', 'catkin_cmake_args': None, 'catkin_skip_building_tests': False, 'cmake_args': None, 'cmake_clean_cache': False, 'cmake_clean_first': False, 'cmake_force_configure': False, 'cmake_target': None, 'cmake_target_skip_unavailable': False, 'install_base': '/home/strain-drone/Documents/drone_position_hold/ros2_ws/install/mavros_config', 'merge_install': False, 'path': '/home/strain-drone/Documents/drone_position_hold/ros2_ws/src/mavros_config', 'symlink_install': False, 'test_result_base': None}
[0.386s] Level 5:colcon.colcon_core.verb:set package 'mocap4r2_control_msgs' build argument 'cmake_args' from command line to 'None'
[0.386s] Level 5:colcon.colcon_core.verb:set package 'mocap4r2_control_msgs' build argument 'cmake_target' from command line to 'None'
[0.386s] Level 5:colcon.colcon_core.verb:set package 'mocap4r2_control_msgs' build argument 'cmake_target_skip_unavailable' from command line to 'False'
[0.386s] Level 5:colcon.colcon_core.verb:set package 'mocap4r2_control_msgs' build argument 'cmake_clean_cache' from command line to 'False'
[0.386s] Level 5:colcon.colcon_core.verb:set package 'mocap4r2_control_msgs' build argument 'cmake_clean_first' from command line to 'False'
[0.390s] Level 5:colcon.colcon_core.verb:set package 'mocap4r2_control_msgs' build argument 'cmake_force_configure' from command line to 'False'
[0.390s] Level 5:colcon.colcon_core.verb:set package 'mocap4r2_control_msgs' build argument 'ament_cmake_args' from command line to 'None'
[0.390s] Level 5:colcon.colcon_core.verb:set package 'mocap4r2_control_msgs' build argument 'catkin_cmake_args' from command line to 'None'
[0.390s] Level 5:colcon.colcon_core.verb:set package 'mocap4r2_control_msgs' build argument 'catkin_skip_building_tests' from command line to 'False'
[0.390s] DEBUG:colcon.colcon_core.verb:Building package 'mocap4r2_control_msgs' with the following arguments: {'ament_cmake_args': None, 'build_base': '/home/strain-drone/Documents/drone_position_hold/ros2_ws/build/mocap4r2_control_msgs', 'catkin_cmake_args': None, 'catkin_skip_building_tests': False, 'cmake_args': None, 'cmake_clean_cache': False, 'cmake_clean_first': False, 'cmake_force_configure': False, 'cmake_target': None, 'cmake_target_skip_unavailable': False, 'install_base': '/home/strain-drone/Documents/drone_position_hold/ros2_ws/install/mocap4r2_control_msgs', 'merge_install': False, 'path': '/home/strain-drone/Documents/drone_position_hold/ros2_ws/src/mocap4r2/mocap4r2_control/mocap4r2_control_msgs', 'symlink_install': False, 'test_result_base': None}
[0.390s] Level 5:colcon.colcon_core.verb:set package 'mocap4r2_marker_viz_srvs' build argument 'cmake_args' from command line to 'None'
[0.390s] Level 5:colcon.colcon_core.verb:set package 'mocap4r2_marker_viz_srvs' build argument 'cmake_target' from command line to 'None'
[0.390s] Level 5:colcon.colcon_core.verb:set package 'mocap4r2_marker_viz_srvs' build argument 'cmake_target_skip_unavailable' from command line to 'False'
[0.390s] Level 5:colcon.colcon_core.verb:set package 'mocap4r2_marker_viz_srvs' build argument 'cmake_clean_cache' from command line to 'False'
[0.390s] Level 5:colcon.colcon_core.verb:set package 'mocap4r2_marker_viz_srvs' build argument 'cmake_clean_first' from command line to 'False'
[0.390s] Level 5:colcon.colcon_core.verb:set package 'mocap4r2_marker_viz_srvs' build argument 'cmake_force_configure' from command line to 'False'
[0.390s] Level 5:colcon.colcon_core.verb:set package 'mocap4r2_marker_viz_srvs' build argument 'ament_cmake_args' from command line to 'None'
[0.390s] Level 5:colcon.colcon_core.verb:set package 'mocap4r2_marker_viz_srvs' build argument 'catkin_cmake_args' from command line to 'None'
[0.391s] Level 5:colcon.colcon_core.verb:set package 'mocap4r2_marker_viz_srvs' build argument 'catkin_skip_building_tests' from command line to 'False'
[0.391s] DEBUG:colcon.colcon_core.verb:Building package 'mocap4r2_marker_viz_srvs' with the following arguments: {'ament_cmake_args': None, 'build_base': '/home/strain-drone/Documents/drone_position_hold/ros2_ws/build/mocap4r2_marker_viz_srvs', 'catkin_cmake_args': None, 'catkin_skip_building_tests': False, 'cmake_args': None, 'cmake_clean_cache': False, 'cmake_clean_first': False, 'cmake_force_configure': False, 'cmake_target': None, 'cmake_target_skip_unavailable': False, 'install_base': '/home/strain-drone/Documents/drone_position_hold/ros2_ws/install/mocap4r2_marker_viz_srvs', 'merge_install': False, 'path': '/home/strain-drone/Documents/drone_position_hold/ros2_ws/src/mocap4r2/mocap4r2_marker_viz/mocap4r2_marker_viz_srvs', 'symlink_install': False, 'test_result_base': None}
[0.391s] Level 5:colcon.colcon_core.verb:set package 'mocap4r2_msgs' build argument 'cmake_args' from command line to 'None'
[0.391s] Level 5:colcon.colcon_core.verb:set package 'mocap4r2_msgs' build argument 'cmake_target' from command line to 'None'
[0.391s] Level 5:colcon.colcon_core.verb:set package 'mocap4r2_msgs' build argument 'cmake_target_skip_unavailable' from command line to 'False'
[0.391s] Level 5:colcon.colcon_core.verb:set package 'mocap4r2_msgs' build argument 'cmake_clean_cache' from command line to 'False'
[0.391s] Level 5:colcon.colcon_core.verb:set package 'mocap4r2_msgs' build argument 'cmake_clean_first' from command line to 'False'
[0.391s] Level 5:colcon.colcon_core.verb:set package 'mocap4r2_msgs' build argument 'cmake_force_configure' from command line to 'False'
[0.391s] Level 5:colcon.colcon_core.verb:set package 'mocap4r2_msgs' build argument 'ament_cmake_args' from command line to 'None'
[0.391s] Level 5:colcon.colcon_core.verb:set package 'mocap4r2_msgs' build argument 'catkin_cmake_args' from command line to 'None'
[0.391s] Level 5:colcon.colcon_core.verb:set package 'mocap4r2_msgs' build argument 'catkin_skip_building_tests' from command line to 'False'
[0.391s] DEBUG:colcon.colcon_core.verb:Building package 'mocap4r2_msgs' with the following arguments: {'ament_cmake_args': None, 'build_base': '/home/strain-drone/Documents/drone_position_hold/ros2_ws/build/mocap4r2_msgs', 'catkin_cmake_args': None, 'catkin_skip_building_tests': False, 'cmake_args': None, 'cmake_clean_cache': False, 'cmake_clean_first': False, 'cmake_force_configure': False, 'cmake_target': None, 'cmake_target_skip_unavailable': False, 'install_base': '/home/strain-drone/Documents/drone_position_hold/ros2_ws/install/mocap4r2_msgs', 'merge_install': False, 'path': '/home/strain-drone/Documents/drone_position_hold/ros2_ws/src/mocap4r2_msgs', 'symlink_install': False, 'test_result_base': None}
[0.391s] Level 5:colcon.colcon_core.verb:set package 'mocap4r2_robot_gt_msgs' build argument 'cmake_args' from command line to 'None'
[0.392s] Level 5:colcon.colcon_core.verb:set package 'mocap4r2_robot_gt_msgs' build argument 'cmake_target' from command line to 'None'
[0.392s] Level 5:colcon.colcon_core.verb:set package 'mocap4r2_robot_gt_msgs' build argument 'cmake_target_skip_unavailable' from command line to 'False'
[0.392s] Level 5:colcon.colcon_core.verb:set package 'mocap4r2_robot_gt_msgs' build argument 'cmake_clean_cache' from command line to 'False'
[0.392s] Level 5:colcon.colcon_core.verb:set package 'mocap4r2_robot_gt_msgs' build argument 'cmake_clean_first' from command line to 'False'
[0.392s] Level 5:colcon.colcon_core.verb:set package 'mocap4r2_robot_gt_msgs' build argument 'cmake_force_configure' from command line to 'False'
[0.392s] Level 5:colcon.colcon_core.verb:set package 'mocap4r2_robot_gt_msgs' build argument 'ament_cmake_args' from command line to 'None'
[0.392s] Level 5:colcon.colcon_core.verb:set package 'mocap4r2_robot_gt_msgs' build argument 'catkin_cmake_args' from command line to 'None'
[0.392s] Level 5:colcon.colcon_core.verb:set package 'mocap4r2_robot_gt_msgs' build argument 'catkin_skip_building_tests' from command line to 'False'
[0.392s] DEBUG:colcon.colcon_core.verb:Building package 'mocap4r2_robot_gt_msgs' with the following arguments: {'ament_cmake_args': None, 'build_base': '/home/strain-drone/Documents/drone_position_hold/ros2_ws/build/mocap4r2_robot_gt_msgs', 'catkin_cmake_args': None, 'catkin_skip_building_tests': False, 'cmake_args': None, 'cmake_clean_cache': False, 'cmake_clean_first': False, 'cmake_force_configure': False, 'cmake_target': None, 'cmake_target_skip_unavailable': False, 'install_base': '/home/strain-drone/Documents/drone_position_hold/ros2_ws/install/mocap4r2_robot_gt_msgs', 'merge_install': False, 'path': '/home/strain-drone/Documents/drone_position_hold/ros2_ws/src/mocap4r2/mocap4r2_robot_gt/mocap4r2_robot_gt_msgs', 'symlink_install': False, 'test_result_base': None}
[0.392s] Level 5:colcon.colcon_core.verb:set package 'natnet_ros2' build argument 'cmake_args' from command line to 'None'
[0.392s] Level 5:colcon.colcon_core.verb:set package 'natnet_ros2' build argument 'cmake_target' from command line to 'None'
[0.392s] Level 5:colcon.colcon_core.verb:set package 'natnet_ros2' build argument 'cmake_target_skip_unavailable' from command line to 'False'
[0.392s] Level 5:colcon.colcon_core.verb:set package 'natnet_ros2' build argument 'cmake_clean_cache' from command line to 'False'
[0.392s] Level 5:colcon.colcon_core.verb:set package 'natnet_ros2' build argument 'cmake_clean_first' from command line to 'False'
[0.392s] Level 5:colcon.colcon_core.verb:set package 'natnet_ros2' build argument 'cmake_force_configure' from command line to 'False'
[0.392s] Level 5:colcon.colcon_core.verb:set package 'natnet_ros2' build argument 'ament_cmake_args' from command line to 'None'
[0.392s] Level 5:colcon.colcon_core.verb:set package 'natnet_ros2' build argument 'catkin_cmake_args' from command line to 'None'
[0.392s] Level 5:colcon.colcon_core.verb:set package 'natnet_ros2' build argument 'catkin_skip_building_tests' from command line to 'False'
[0.392s] DEBUG:colcon.colcon_core.verb:Building package 'natnet_ros2' with the following arguments: {'ament_cmake_args': None, 'build_base': '/home/strain-drone/Documents/drone_position_hold/ros2_ws/build/natnet_ros2', 'catkin_cmake_args': None, 'catkin_skip_building_tests': False, 'cmake_args': None, 'cmake_clean_cache': False, 'cmake_clean_first': False, 'cmake_force_configure': False, 'cmake_target': None, 'cmake_target_skip_unavailable': False, 'install_base': '/home/strain-drone/Documents/drone_position_hold/ros2_ws/install/natnet_ros2', 'merge_install': False, 'path': '/home/strain-drone/Documents/drone_position_hold/ros2_ws/src/natnet_ros2', 'symlink_install': False, 'test_result_base': None}
[0.393s] Level 5:colcon.colcon_core.verb:set package 'position_publisher' build argument 'cmake_args' from command line to 'None'
[0.393s] Level 5:colcon.colcon_core.verb:set package 'position_publisher' build argument 'cmake_target' from command line to 'None'
[0.393s] Level 5:colcon.colcon_core.verb:set package 'position_publisher' build argument 'cmake_target_skip_unavailable' from command line to 'False'
[0.393s] Level 5:colcon.colcon_core.verb:set package 'position_publisher' build argument 'cmake_clean_cache' from command line to 'False'
[0.393s] Level 5:colcon.colcon_core.verb:set package 'position_publisher' build argument 'cmake_clean_first' from command line to 'False'
[0.393s] Level 5:colcon.colcon_core.verb:set package 'position_publisher' build argument 'cmake_force_configure' from command line to 'False'
[0.393s] Level 5:colcon.colcon_core.verb:set package 'position_publisher' build argument 'ament_cmake_args' from command line to 'None'
[0.393s] Level 5:colcon.colcon_core.verb:set package 'position_publisher' build argument 'catkin_cmake_args' from command line to 'None'
[0.393s] Level 5:colcon.colcon_core.verb:set package 'position_publisher' build argument 'catkin_skip_building_tests' from command line to 'False'
[0.393s] DEBUG:colcon.colcon_core.verb:Building package 'position_publisher' with the following arguments: {'ament_cmake_args': None, 'build_base': '/home/strain-drone/Documents/drone_position_hold/ros2_ws/build/position_publisher', 'catkin_cmake_args': None, 'catkin_skip_building_tests': False, 'cmake_args': None, 'cmake_clean_cache': False, 'cmake_clean_first': False, 'cmake_force_configure': False, 'cmake_target': None, 'cmake_target_skip_unavailable': False, 'install_base': '/home/strain-drone/Documents/drone_position_hold/ros2_ws/install/position_publisher', 'merge_install': False, 'path': '/home/strain-drone/Documents/drone_position_hold/ros2_ws/src/position_publisher', 'symlink_install': False, 'test_result_base': None}
[0.393s] Level 5:colcon.colcon_core.verb:set package 'visualizer' build argument 'cmake_args' from command line to 'None'
[0.393s] Level 5:colcon.colcon_core.verb:set package 'visualizer' build argument 'cmake_target' from command line to 'None'
[0.393s] Level 5:colcon.colcon_core.verb:set package 'visualizer' build argument 'cmake_target_skip_unavailable' from command line to 'False'
[0.393s] Level 5:colcon.colcon_core.verb:set package 'visualizer' build argument 'cmake_clean_cache' from command line to 'False'
[0.393s] Level 5:colcon.colcon_core.verb:set package 'visualizer' build argument 'cmake_clean_first' from command line to 'False'
[0.393s] Level 5:colcon.colcon_core.verb:set package 'visualizer' build argument 'cmake_force_configure' from command line to 'False'
[0.393s] Level 5:colcon.colcon_core.verb:set package 'visualizer' build argument 'ament_cmake_args' from command line to 'None'
[0.393s] Level 5:colcon.colcon_core.verb:set package 'visualizer' build argument 'catkin_cmake_args' from command line to 'None'
[0.393s] Level 5:colcon.colcon_core.verb:set package 'visualizer' build argument 'catkin_skip_building_tests' from command line to 'False'
[0.393s] DEBUG:colcon.colcon_core.verb:Building package 'visualizer' with the following arguments: {'ament_cmake_args': None, 'build_base': '/home/strain-drone/Documents/drone_position_hold/ros2_ws/build/visualizer', 'catkin_cmake_args': None, 'catkin_skip_building_tests': False, 'cmake_args': None, 'cmake_clean_cache': False, 'cmake_clean_first': False, 'cmake_force_configure': False, 'cmake_target': None, 'cmake_target_skip_unavailable': False, 'install_base': '/home/strain-drone/Documents/drone_position_hold/ros2_ws/install/visualizer', 'merge_install': False, 'path': '/home/strain-drone/Documents/drone_position_hold/ros2_ws/src/visualizer', 'symlink_install': False, 'test_result_base': None}
[0.394s] Level 5:colcon.colcon_core.verb:set package 'mocap4r2_control' build argument 'cmake_args' from command line to 'None'
[0.394s] Level 5:colcon.colcon_core.verb:set package 'mocap4r2_control' build argument 'cmake_target' from command line to 'None'
[0.394s] Level 5:colcon.colcon_core.verb:set package 'mocap4r2_control' build argument 'cmake_target_skip_unavailable' from command line to 'False'
[0.394s] Level 5:colcon.colcon_core.verb:set package 'mocap4r2_control' build argument 'cmake_clean_cache' from command line to 'False'
[0.394s] Level 5:colcon.colcon_core.verb:set package 'mocap4r2_control' build argument 'cmake_clean_first' from command line to 'False'
[0.394s] Level 5:colcon.colcon_core.verb:set package 'mocap4r2_control' build argument 'cmake_force_configure' from command line to 'False'
[0.394s] Level 5:colcon.colcon_core.verb:set package 'mocap4r2_control' build argument 'ament_cmake_args' from command line to 'None'
[0.394s] Level 5:colcon.colcon_core.verb:set package 'mocap4r2_control' build argument 'catkin_cmake_args' from command line to 'None'
[0.394s] Level 5:colcon.colcon_core.verb:set package 'mocap4r2_control' build argument 'catkin_skip_building_tests' from command line to 'False'
[0.394s] DEBUG:colcon.colcon_core.verb:Building package 'mocap4r2_control' with the following arguments: {'ament_cmake_args': None, 'build_base': '/home/strain-drone/Documents/drone_position_hold/ros2_ws/build/mocap4r2_control', 'catkin_cmake_args': None, 'catkin_skip_building_tests': False, 'cmake_args': None, 'cmake_clean_cache': False, 'cmake_clean_first': False, 'cmake_force_configure': False, 'cmake_target': None, 'cmake_target_skip_unavailable': False, 'install_base': '/home/strain-drone/Documents/drone_position_hold/ros2_ws/install/mocap4r2_control', 'merge_install': False, 'path': '/home/strain-drone/Documents/drone_position_hold/ros2_ws/src/mocap4r2/mocap4r2_control/mocap4r2_control', 'symlink_install': False, 'test_result_base': None}
[0.394s] Level 5:colcon.colcon_core.verb:set package 'mocap4r2_marker_publisher' build argument 'cmake_args' from command line to 'None'
[0.394s] Level 5:colcon.colcon_core.verb:set package 'mocap4r2_marker_publisher' build argument 'cmake_target' from command line to 'None'
[0.394s] Level 5:colcon.colcon_core.verb:set package 'mocap4r2_marker_publisher' build argument 'cmake_target_skip_unavailable' from command line to 'False'
[0.394s] Level 5:colcon.colcon_core.verb:set package 'mocap4r2_marker_publisher' build argument 'cmake_clean_cache' from command line to 'False'
[0.394s] Level 5:colcon.colcon_core.verb:set package 'mocap4r2_marker_publisher' build argument 'cmake_clean_first' from command line to 'False'
[0.394s] Level 5:colcon.colcon_core.verb:set package 'mocap4r2_marker_publisher' build argument 'cmake_force_configure' from command line to 'False'
[0.394s] Level 5:colcon.colcon_core.verb:set package 'mocap4r2_marker_publisher' build argument 'ament_cmake_args' from command line to 'None'
[0.394s] Level 5:colcon.colcon_core.verb:set package 'mocap4r2_marker_publisher' build argument 'catkin_cmake_args' from command line to 'None'
[0.394s] Level 5:colcon.colcon_core.verb:set package 'mocap4r2_marker_publisher' build argument 'catkin_skip_building_tests' from command line to 'False'
[0.395s] DEBUG:colcon.colcon_core.verb:Building package 'mocap4r2_marker_publisher' with the following arguments: {'ament_cmake_args': None, 'build_base': '/home/strain-drone/Documents/drone_position_hold/ros2_ws/build/mocap4r2_marker_publisher', 'catkin_cmake_args': None, 'catkin_skip_building_tests': False, 'cmake_args': None, 'cmake_clean_cache': False, 'cmake_clean_first': False, 'cmake_force_configure': False, 'cmake_target': None, 'cmake_target_skip_unavailable': False, 'install_base': '/home/strain-drone/Documents/drone_position_hold/ros2_ws/install/mocap4r2_marker_publisher', 'merge_install': False, 'path': '/home/strain-drone/Documents/drone_position_hold/ros2_ws/src/mocap4r2/mocap4r2_marker_viz/mocap4r2_marker_publisher', 'symlink_install': False, 'test_result_base': None}
[0.395s] Level 5:colcon.colcon_core.verb:set package 'mocap4r2_marker_viz' build argument 'cmake_args' from command line to 'None'
[0.395s] Level 5:colcon.colcon_core.verb:set package 'mocap4r2_marker_viz' build argument 'cmake_target' from command line to 'None'
[0.395s] Level 5:colcon.colcon_core.verb:set package 'mocap4r2_marker_viz' build argument 'cmake_target_skip_unavailable' from command line to 'False'
[0.395s] Level 5:colcon.colcon_core.verb:set package 'mocap4r2_marker_viz' build argument 'cmake_clean_cache' from command line to 'False'
[0.395s] Level 5:colcon.colcon_core.verb:set package 'mocap4r2_marker_viz' build argument 'cmake_clean_first' from command line to 'False'
[0.395s] Level 5:colcon.colcon_core.verb:set package 'mocap4r2_marker_viz' build argument 'cmake_force_configure' from command line to 'False'
[0.395s] Level 5:colcon.colcon_core.verb:set package 'mocap4r2_marker_viz' build argument 'ament_cmake_args' from command line to 'None'
[0.395s] Level 5:colcon.colcon_core.verb:set package 'mocap4r2_marker_viz' build argument 'catkin_cmake_args' from command line to 'None'
[0.395s] Level 5:colcon.colcon_core.verb:set package 'mocap4r2_marker_viz' build argument 'catkin_skip_building_tests' from command line to 'False'
[0.395s] DEBUG:colcon.colcon_core.verb:Building package 'mocap4r2_marker_viz' with the following arguments: {'ament_cmake_args': None, 'build_base': '/home/strain-drone/Documents/drone_position_hold/ros2_ws/build/mocap4r2_marker_viz', 'catkin_cmake_args': None, 'catkin_skip_building_tests': False, 'cmake_args': None, 'cmake_clean_cache': False, 'cmake_clean_first': False, 'cmake_force_configure': False, 'cmake_target': None, 'cmake_target_skip_unavailable': False, 'install_base': '/home/strain-drone/Documents/drone_position_hold/ros2_ws/install/mocap4r2_marker_viz', 'merge_install': False, 'path': '/home/strain-drone/Documents/drone_position_hold/ros2_ws/src/mocap4r2/mocap4r2_marker_viz/mocap4r2_marker_viz', 'symlink_install': False, 'test_result_base': None}
[0.395s] Level 5:colcon.colcon_core.verb:set package 'mocap4r2_robot_gt' build argument 'cmake_args' from command line to 'None'
[0.395s] Level 5:colcon.colcon_core.verb:set package 'mocap4r2_robot_gt' build argument 'cmake_target' from command line to 'None'
[0.395s] Level 5:colcon.colcon_core.verb:set package 'mocap4r2_robot_gt' build argument 'cmake_target_skip_unavailable' from command line to 'False'
[0.396s] Level 5:colcon.colcon_core.verb:set package 'mocap4r2_robot_gt' build argument 'cmake_clean_cache' from command line to 'False'
[0.396s] Level 5:colcon.colcon_core.verb:set package 'mocap4r2_robot_gt' build argument 'cmake_clean_first' from command line to 'False'
[0.396s] Level 5:colcon.colcon_core.verb:set package 'mocap4r2_robot_gt' build argument 'cmake_force_configure' from command line to 'False'
[0.396s] Level 5:colcon.colcon_core.verb:set package 'mocap4r2_robot_gt' build argument 'ament_cmake_args' from command line to 'None'
[0.396s] Level 5:colcon.colcon_core.verb:set package 'mocap4r2_robot_gt' build argument 'catkin_cmake_args' from command line to 'None'
[0.396s] Level 5:colcon.colcon_core.verb:set package 'mocap4r2_robot_gt' build argument 'catkin_skip_building_tests' from command line to 'False'
[0.396s] DEBUG:colcon.colcon_core.verb:Building package 'mocap4r2_robot_gt' with the following arguments: {'ament_cmake_args': None, 'build_base': '/home/strain-drone/Documents/drone_position_hold/ros2_ws/build/mocap4r2_robot_gt', 'catkin_cmake_args': None, 'catkin_skip_building_tests': False, 'cmake_args': None, 'cmake_clean_cache': False, 'cmake_clean_first': False, 'cmake_force_configure': False, 'cmake_target': None, 'cmake_target_skip_unavailable': False, 'install_base': '/home/strain-drone/Documents/drone_position_hold/ros2_ws/install/mocap4r2_robot_gt', 'merge_install': False, 'path': '/home/strain-drone/Documents/drone_position_hold/ros2_ws/src/mocap4r2/mocap4r2_robot_gt/mocap4r2_robot_gt', 'symlink_install': False, 'test_result_base': None}
[0.396s] Level 5:colcon.colcon_core.verb:set package 'mocap4r2cli' build argument 'cmake_args' from command line to 'None'
[0.396s] Level 5:colcon.colcon_core.verb:set package 'mocap4r2cli' build argument 'cmake_target' from command line to 'None'
[0.396s] Level 5:colcon.colcon_core.verb:set package 'mocap4r2cli' build argument 'cmake_target_skip_unavailable' from command line to 'False'
[0.396s] Level 5:colcon.colcon_core.verb:set package 'mocap4r2cli' build argument 'cmake_clean_cache' from command line to 'False'
[0.396s] Level 5:colcon.colcon_core.verb:set package 'mocap4r2cli' build argument 'cmake_clean_first' from command line to 'False'
[0.396s] Level 5:colcon.colcon_core.verb:set package 'mocap4r2cli' build argument 'cmake_force_configure' from command line to 'False'
[0.396s] Level 5:colcon.colcon_core.verb:set package 'mocap4r2cli' build argument 'ament_cmake_args' from command line to 'None'
[0.396s] Level 5:colcon.colcon_core.verb:set package 'mocap4r2cli' build argument 'catkin_cmake_args' from command line to 'None'
[0.396s] Level 5:colcon.colcon_core.verb:set package 'mocap4r2cli' build argument 'catkin_skip_building_tests' from command line to 'False'
[0.396s] DEBUG:colcon.colcon_core.verb:Building package 'mocap4r2cli' with the following arguments: {'ament_cmake_args': None, 'build_base': '/home/strain-drone/Documents/drone_position_hold/ros2_ws/build/mocap4r2cli', 'catkin_cmake_args': None, 'catkin_skip_building_tests': False, 'cmake_args': None, 'cmake_clean_cache': False, 'cmake_clean_first': False, 'cmake_force_configure': False, 'cmake_target': None, 'cmake_target_skip_unavailable': False, 'install_base': '/home/strain-drone/Documents/drone_position_hold/ros2_ws/install/mocap4r2cli', 'merge_install': False, 'path': '/home/strain-drone/Documents/drone_position_hold/ros2_ws/src/mocap4r2/mocap4r2cli', 'symlink_install': False, 'test_result_base': None}
[0.397s] Level 5:colcon.colcon_core.verb:set package 'mocap4r2_dummy_driver' build argument 'cmake_args' from command line to 'None'
[0.397s] Level 5:colcon.colcon_core.verb:set package 'mocap4r2_dummy_driver' build argument 'cmake_target' from command line to 'None'
[0.397s] Level 5:colcon.colcon_core.verb:set package 'mocap4r2_dummy_driver' build argument 'cmake_target_skip_unavailable' from command line to 'False'
[0.397s] Level 5:colcon.colcon_core.verb:set package 'mocap4r2_dummy_driver' build argument 'cmake_clean_cache' from command line to 'False'
[0.397s] Level 5:colcon.colcon_core.verb:set package 'mocap4r2_dummy_driver' build argument 'cmake_clean_first' from command line to 'False'
[0.397s] Level 5:colcon.colcon_core.verb:set package 'mocap4r2_dummy_driver' build argument 'cmake_force_configure' from command line to 'False'
[0.397s] Level 5:colcon.colcon_core.verb:set package 'mocap4r2_dummy_driver' build argument 'ament_cmake_args' from command line to 'None'
[0.397s] Level 5:colcon.colcon_core.verb:set package 'mocap4r2_dummy_driver' build argument 'catkin_cmake_args' from command line to 'None'
[0.397s] Level 5:colcon.colcon_core.verb:set package 'mocap4r2_dummy_driver' build argument 'catkin_skip_building_tests' from command line to 'False'
[0.397s] DEBUG:colcon.colcon_core.verb:Building package 'mocap4r2_dummy_driver' with the following arguments: {'ament_cmake_args': None, 'build_base': '/home/strain-drone/Documents/drone_position_hold/ros2_ws/build/mocap4r2_dummy_driver', 'catkin_cmake_args': None, 'catkin_skip_building_tests': False, 'cmake_args': None, 'cmake_clean_cache': False, 'cmake_clean_first': False, 'cmake_force_configure': False, 'cmake_target': None, 'cmake_target_skip_unavailable': False, 'install_base': '/home/strain-drone/Documents/drone_position_hold/ros2_ws/install/mocap4r2_dummy_driver', 'merge_install': False, 'path': '/home/strain-drone/Documents/drone_position_hold/ros2_ws/src/mocap4r2/mocap4r2_dummy_driver', 'symlink_install': False, 'test_result_base': None}
[0.397s] Level 5:colcon.colcon_core.verb:set package 'mocap4r2_vicon_driver' build argument 'cmake_args' from command line to 'None'
[0.397s] Level 5:colcon.colcon_core.verb:set package 'mocap4r2_vicon_driver' build argument 'cmake_target' from command line to 'None'
[0.397s] Level 5:colcon.colcon_core.verb:set package 'mocap4r2_vicon_driver' build argument 'cmake_target_skip_unavailable' from command line to 'False'
[0.397s] Level 5:colcon.colcon_core.verb:set package 'mocap4r2_vicon_driver' build argument 'cmake_clean_cache' from command line to 'False'
[0.397s] Level 5:colcon.colcon_core.verb:set package 'mocap4r2_vicon_driver' build argument 'cmake_clean_first' from command line to 'False'
[0.397s] Level 5:colcon.colcon_core.verb:set package 'mocap4r2_vicon_driver' build argument 'cmake_force_configure' from command line to 'False'
[0.397s] Level 5:colcon.colcon_core.verb:set package 'mocap4r2_vicon_driver' build argument 'ament_cmake_args' from command line to 'None'
[0.397s] Level 5:colcon.colcon_core.verb:set package 'mocap4r2_vicon_driver' build argument 'catkin_cmake_args' from command line to 'None'
[0.397s] Level 5:colcon.colcon_core.verb:set package 'mocap4r2_vicon_driver' build argument 'catkin_skip_building_tests' from command line to 'False'
[0.397s] DEBUG:colcon.colcon_core.verb:Building package 'mocap4r2_vicon_driver' with the following arguments: {'ament_cmake_args': None, 'build_base': '/home/strain-drone/Documents/drone_position_hold/ros2_ws/build/mocap4r2_vicon_driver', 'catkin_cmake_args': None, 'catkin_skip_building_tests': False, 'cmake_args': None, 'cmake_clean_cache': False, 'cmake_clean_first': False, 'cmake_force_configure': False, 'cmake_target': None, 'cmake_target_skip_unavailable': False, 'install_base': '/home/strain-drone/Documents/drone_position_hold/ros2_ws/install/mocap4r2_vicon_driver', 'merge_install': False, 'path': '/home/strain-drone/Documents/drone_position_hold/ros2_ws/src/mocap4ros2_vicon/mocap4r2_vicon_driver', 'symlink_install': False, 'test_result_base': None}
[0.398s] Level 5:colcon.colcon_core.verb:set package 'rqt_mocap4r2_control' build argument 'cmake_args' from command line to 'None'
[0.398s] Level 5:colcon.colcon_core.verb:set package 'rqt_mocap4r2_control' build argument 'cmake_target' from command line to 'None'
[0.398s] Level 5:colcon.colcon_core.verb:set package 'rqt_mocap4r2_control' build argument 'cmake_target_skip_unavailable' from command line to 'False'
[0.398s] Level 5:colcon.colcon_core.verb:set package 'rqt_mocap4r2_control' build argument 'cmake_clean_cache' from command line to 'False'
[0.398s] Level 5:colcon.colcon_core.verb:set package 'rqt_mocap4r2_control' build argument 'cmake_clean_first' from command line to 'False'
[0.398s] Level 5:colcon.colcon_core.verb:set package 'rqt_mocap4r2_control' build argument 'cmake_force_configure' from command line to 'False'
[0.398s] Level 5:colcon.colcon_core.verb:set package 'rqt_mocap4r2_control' build argument 'ament_cmake_args' from command line to 'None'
[0.398s] Level 5:colcon.colcon_core.verb:set package 'rqt_mocap4r2_control' build argument 'catkin_cmake_args' from command line to 'None'
[0.398s] Level 5:colcon.colcon_core.verb:set package 'rqt_mocap4r2_control' build argument 'catkin_skip_building_tests' from command line to 'False'
[0.398s] DEBUG:colcon.colcon_core.verb:Building package 'rqt_mocap4r2_control' with the following arguments: {'ament_cmake_args': None, 'build_base': '/home/strain-drone/Documents/drone_position_hold/ros2_ws/build/rqt_mocap4r2_control', 'catkin_cmake_args': None, 'catkin_skip_building_tests': False, 'cmake_args': None, 'cmake_clean_cache': False, 'cmake_clean_first': False, 'cmake_force_configure': False, 'cmake_target': None, 'cmake_target_skip_unavailable': False, 'install_base': '/home/strain-drone/Documents/drone_position_hold/ros2_ws/install/rqt_mocap4r2_control', 'merge_install': False, 'path': '/home/strain-drone/Documents/drone_position_hold/ros2_ws/src/mocap4r2/mocap4r2_control/rqt_mocap4r2_control', 'symlink_install': False, 'test_result_base': None}
[0.398s] INFO:colcon.colcon_core.executor:Executing jobs using 'parallel' executor
[0.400s] DEBUG:colcon.colcon_parallel_executor.executor.parallel:run_until_complete
[0.400s] INFO:colcon.colcon_ros.task.ament_cmake.build:Building ROS package in '/home/strain-drone/Documents/drone_position_hold/ros2_ws/src/mocap4r2/mocap4r2_control/mocap4r2_control_msgs' with build type 'ament_cmake'
[0.401s] INFO:colcon.colcon_cmake.task.cmake.build:Building CMake package in '/home/strain-drone/Documents/drone_position_hold/ros2_ws/src/mocap4r2/mocap4r2_control/mocap4r2_control_msgs'
[0.404s] INFO:colcon.colcon_core.plugin_system:Skipping extension 'colcon_core.shell.bat': Not used on non-Windows systems
[0.404s] INFO:colcon.colcon_core.shell:Skip shell extension 'powershell' for command environment: Not usable outside of PowerShell
[0.404s] DEBUG:colcon.colcon_core.shell:Skip shell extension 'dsv' for command environment
[0.410s] INFO:colcon.colcon_ros.task.ament_cmake.build:Building ROS package in '/home/strain-drone/Documents/drone_position_hold/ros2_ws/src/mocap4r2_msgs' with build type 'ament_cmake'
[0.411s] INFO:colcon.colcon_cmake.task.cmake.build:Building CMake package in '/home/strain-drone/Documents/drone_position_hold/ros2_ws/src/mocap4r2_msgs'
[0.411s] INFO:colcon.colcon_core.shell:Skip shell extension 'powershell' for command environment: Not usable outside of PowerShell
[0.411s] DEBUG:colcon.colcon_core.shell:Skip shell extension 'dsv' for command environment
[0.417s] INFO:colcon.colcon_ros.task.ament_cmake.build:Building ROS package in '/home/strain-drone/Documents/drone_position_hold/ros2_ws/src/mocap4r2/mocap4r2_marker_viz/mocap4r2_marker_viz_srvs' with build type 'ament_cmake'
[0.417s] INFO:colcon.colcon_cmake.task.cmake.build:Building CMake package in '/home/strain-drone/Documents/drone_position_hold/ros2_ws/src/mocap4r2/mocap4r2_marker_viz/mocap4r2_marker_viz_srvs'
[0.418s] INFO:colcon.colcon_core.shell:Skip shell extension 'powershell' for command environment: Not usable outside of PowerShell
[0.418s] DEBUG:colcon.colcon_core.shell:Skip shell extension 'dsv' for command environment
[0.424s] INFO:colcon.colcon_ros.task.ament_cmake.build:Building ROS package in '/home/strain-drone/Documents/drone_position_hold/ros2_ws/src/mocap4r2/mocap4r2_robot_gt/mocap4r2_robot_gt_msgs' with build type 'ament_cmake'
[0.424s] INFO:colcon.colcon_cmake.task.cmake.build:Building CMake package in '/home/strain-drone/Documents/drone_position_hold/ros2_ws/src/mocap4r2/mocap4r2_robot_gt/mocap4r2_robot_gt_msgs'
[0.424s] INFO:colcon.colcon_core.shell:Skip shell extension 'powershell' for command environment: Not usable outside of PowerShell
[0.424s] DEBUG:colcon.colcon_core.shell:Skip shell extension 'dsv' for command environment
[0.435s] DEBUG:colcon.colcon_core.event_handler.log_command:Invoking command in '/home/strain-drone/Documents/drone_position_hold/ros2_ws/build/mocap4r2_control_msgs': CMAKE_PREFIX_PATH=${CMAKE_PREFIX_PATH}:/home/strain-drone/Documents/drone_position_hold/ros2_ws/install/visualizer:/home/strain-drone/Documents/drone_position_hold/ros2_ws/install/position_publisher:/home/strain-drone/Documents/drone_position_hold/ros2_ws/install/mocap4r2cli:/home/strain-drone/Documents/drone_position_hold/ros2_ws/install/mavros_config:/opt/ros/jazzy DEBUGINFOD_URLS=https://debuginfod.ubuntu.com PS1=(venv-ardupilot) \[\e]0;\u@\h: \w\a\]${debian_chroot:+($debian_chroot)}\[\033[01;32m\]\u@\h\[\033[00m\]:\[\033[01;34m\]\w\[\033[00m\]\$ VIRTUAL_ENV_PROMPT=(venv-ardupilot) /usr/bin/cmake --build /home/strain-drone/Documents/drone_position_hold/ros2_ws/build/mocap4r2_control_msgs -- -j4 -l4
[0.442s] DEBUG:colcon.colcon_core.event_handler.log_command:Invoking command in '/home/strain-drone/Documents/drone_position_hold/ros2_ws/build/mocap4r2_msgs': CMAKE_PREFIX_PATH=${CMAKE_PREFIX_PATH}:/home/strain-drone/Documents/drone_position_hold/ros2_ws/install/visualizer:/home/strain-drone/Documents/drone_position_hold/ros2_ws/install/position_publisher:/home/strain-drone/Documents/drone_position_hold/ros2_ws/install/mocap4r2cli:/home/strain-drone/Documents/drone_position_hold/ros2_ws/install/mavros_config:/opt/ros/jazzy DEBUGINFOD_URLS=https://debuginfod.ubuntu.com PS1=(venv-ardupilot) \[\e]0;\u@\h: \w\a\]${debian_chroot:+($debian_chroot)}\[\033[01;32m\]\u@\h\[\033[00m\]:\[\033[01;34m\]\w\[\033[00m\]\$ VIRTUAL_ENV_PROMPT=(venv-ardupilot) /usr/bin/cmake --build /home/strain-drone/Documents/drone_position_hold/ros2_ws/build/mocap4r2_msgs -- -j4 -l4
[0.447s] DEBUG:colcon.colcon_core.event_handler.log_command:Invoking command in '/home/strain-drone/Documents/drone_position_hold/ros2_ws/build/mocap4r2_marker_viz_srvs': CMAKE_PREFIX_PATH=${CMAKE_PREFIX_PATH}:/home/strain-drone/Documents/drone_position_hold/ros2_ws/install/visualizer:/home/strain-drone/Documents/drone_position_hold/ros2_ws/install/position_publisher:/home/strain-drone/Documents/drone_position_hold/ros2_ws/install/mocap4r2cli:/home/strain-drone/Documents/drone_position_hold/ros2_ws/install/mavros_config:/opt/ros/jazzy DEBUGINFOD_URLS=https://debuginfod.ubuntu.com PS1=(venv-ardupilot) \[\e]0;\u@\h: \w\a\]${debian_chroot:+($debian_chroot)}\[\033[01;32m\]\u@\h\[\033[00m\]:\[\033[01;34m\]\w\[\033[00m\]\$ VIRTUAL_ENV_PROMPT=(venv-ardupilot) /usr/bin/cmake --build /home/strain-drone/Documents/drone_position_hold/ros2_ws/build/mocap4r2_marker_viz_srvs -- -j4 -l4
[0.464s] DEBUG:colcon.colcon_core.event_handler.log_command:Invoking command in '/home/strain-drone/Documents/drone_position_hold/ros2_ws/build/mocap4r2_robot_gt_msgs': CMAKE_PREFIX_PATH=${CMAKE_PREFIX_PATH}:/home/strain-drone/Documents/drone_position_hold/ros2_ws/install/visualizer:/home/strain-drone/Documents/drone_position_hold/ros2_ws/install/position_publisher:/home/strain-drone/Documents/drone_position_hold/ros2_ws/install/mocap4r2cli:/home/strain-drone/Documents/drone_position_hold/ros2_ws/install/mavros_config:/opt/ros/jazzy DEBUGINFOD_URLS=https://debuginfod.ubuntu.com PS1=(venv-ardupilot) \[\e]0;\u@\h: \w\a\]${debian_chroot:+($debian_chroot)}\[\033[01;32m\]\u@\h\[\033[00m\]:\[\033[01;34m\]\w\[\033[00m\]\$ VIRTUAL_ENV_PROMPT=(venv-ardupilot) /usr/bin/cmake --build /home/strain-drone/Documents/drone_position_hold/ros2_ws/build/mocap4r2_robot_gt_msgs -- -j4 -l4
[2.225s] DEBUG:colcon.colcon_core.event_handler.log_command:Invoked command in '/home/strain-drone/Documents/drone_position_hold/ros2_ws/build/mocap4r2_control_msgs' returned '0': CMAKE_PREFIX_PATH=${CMAKE_PREFIX_PATH}:/home/strain-drone/Documents/drone_position_hold/ros2_ws/install/visualizer:/home/strain-drone/Documents/drone_position_hold/ros2_ws/install/position_publisher:/home/strain-drone/Documents/drone_position_hold/ros2_ws/install/mocap4r2cli:/home/strain-drone/Documents/drone_position_hold/ros2_ws/install/mavros_config:/opt/ros/jazzy DEBUGINFOD_URLS=https://debuginfod.ubuntu.com PS1=(venv-ardupilot) \[\e]0;\u@\h: \w\a\]${debian_chroot:+($debian_chroot)}\[\033[01;32m\]\u@\h\[\033[00m\]:\[\033[01;34m\]\w\[\033[00m\]\$ VIRTUAL_ENV_PROMPT=(venv-ardupilot) /usr/bin/cmake --build /home/strain-drone/Documents/drone_position_hold/ros2_ws/build/mocap4r2_control_msgs -- -j4 -l4
[2.256s] DEBUG:colcon.colcon_core.event_handler.log_command:Invoking command in '/home/strain-drone/Documents/drone_position_hold/ros2_ws/build/mocap4r2_control_msgs': CMAKE_PREFIX_PATH=${CMAKE_PREFIX_PATH}:/home/strain-drone/Documents/drone_position_hold/ros2_ws/install/visualizer:/home/strain-drone/Documents/drone_position_hold/ros2_ws/install/position_publisher:/home/strain-drone/Documents/drone_position_hold/ros2_ws/install/mocap4r2cli:/home/strain-drone/Documents/drone_position_hold/ros2_ws/install/mavros_config:/opt/ros/jazzy DEBUGINFOD_URLS=https://debuginfod.ubuntu.com PS1=(venv-ardupilot) \[\e]0;\u@\h: \w\a\]${debian_chroot:+($debian_chroot)}\[\033[01;32m\]\u@\h\[\033[00m\]:\[\033[01;34m\]\w\[\033[00m\]\$ VIRTUAL_ENV_PROMPT=(venv-ardupilot) /usr/bin/cmake --install /home/strain-drone/Documents/drone_position_hold/ros2_ws/build/mocap4r2_control_msgs
[2.265s] DEBUG:colcon.colcon_core.event_handler.log_command:Invoked command in '/home/strain-drone/Documents/drone_position_hold/ros2_ws/build/mocap4r2_robot_gt_msgs' returned '0': CMAKE_PREFIX_PATH=${CMAKE_PREFIX_PATH}:/home/strain-drone/Documents/drone_position_hold/ros2_ws/install/visualizer:/home/strain-drone/Documents/drone_position_hold/ros2_ws/install/position_publisher:/home/strain-drone/Documents/drone_position_hold/ros2_ws/install/mocap4r2cli:/home/strain-drone/Documents/drone_position_hold/ros2_ws/install/mavros_config:/opt/ros/jazzy DEBUGINFOD_URLS=https://debuginfod.ubuntu.com PS1=(venv-ardupilot) \[\e]0;\u@\h: \w\a\]${debian_chroot:+($debian_chroot)}\[\033[01;32m\]\u@\h\[\033[00m\]:\[\033[01;34m\]\w\[\033[00m\]\$ VIRTUAL_ENV_PROMPT=(venv-ardupilot) /usr/bin/cmake --build /home/strain-drone/Documents/drone_position_hold/ros2_ws/build/mocap4r2_robot_gt_msgs -- -j4 -l4
[2.269s] DEBUG:colcon.colcon_core.event_handler.log_command:Invoking command in '/home/strain-drone/Documents/drone_position_hold/ros2_ws/build/mocap4r2_robot_gt_msgs': CMAKE_PREFIX_PATH=${CMAKE_PREFIX_PATH}:/home/strain-drone/Documents/drone_position_hold/ros2_ws/install/visualizer:/home/strain-drone/Documents/drone_position_hold/ros2_ws/install/position_publisher:/home/strain-drone/Documents/drone_position_hold/ros2_ws/install/mocap4r2cli:/home/strain-drone/Documents/drone_position_hold/ros2_ws/install/mavros_config:/opt/ros/jazzy DEBUGINFOD_URLS=https://debuginfod.ubuntu.com PS1=(venv-ardupilot) \[\e]0;\u@\h: \w\a\]${debian_chroot:+($debian_chroot)}\[\033[01;32m\]\u@\h\[\033[00m\]:\[\033[01;34m\]\w\[\033[00m\]\$ VIRTUAL_ENV_PROMPT=(venv-ardupilot) /usr/bin/cmake --install /home/strain-drone/Documents/drone_position_hold/ros2_ws/build/mocap4r2_robot_gt_msgs
[2.272s] DEBUG:colcon.colcon_core.event_handler.log_command:Invoked command in '/home/strain-drone/Documents/drone_position_hold/ros2_ws/build/mocap4r2_marker_viz_srvs' returned '0': CMAKE_PREFIX_PATH=${CMAKE_PREFIX_PATH}:/home/strain-drone/Documents/drone_position_hold/ros2_ws/install/visualizer:/home/strain-drone/Documents/drone_position_hold/ros2_ws/install/position_publisher:/home/strain-drone/Documents/drone_position_hold/ros2_ws/install/mocap4r2cli:/home/strain-drone/Documents/drone_position_hold/ros2_ws/install/mavros_config:/opt/ros/jazzy DEBUGINFOD_URLS=https://debuginfod.ubuntu.com PS1=(venv-ardupilot) \[\e]0;\u@\h: \w\a\]${debian_chroot:+($debian_chroot)}\[\033[01;32m\]\u@\h\[\033[00m\]:\[\033[01;34m\]\w\[\033[00m\]\$ VIRTUAL_ENV_PROMPT=(venv-ardupilot) /usr/bin/cmake --build /home/strain-drone/Documents/drone_position_hold/ros2_ws/build/mocap4r2_marker_viz_srvs -- -j4 -l4
[2.276s] DEBUG:colcon.colcon_core.event_handler.log_command:Invoking command in '/home/strain-drone/Documents/drone_position_hold/ros2_ws/build/mocap4r2_marker_viz_srvs': CMAKE_PREFIX_PATH=${CMAKE_PREFIX_PATH}:/home/strain-drone/Documents/drone_position_hold/ros2_ws/install/visualizer:/home/strain-drone/Documents/drone_position_hold/ros2_ws/install/position_publisher:/home/strain-drone/Documents/drone_position_hold/ros2_ws/install/mocap4r2cli:/home/strain-drone/Documents/drone_position_hold/ros2_ws/install/mavros_config:/opt/ros/jazzy DEBUGINFOD_URLS=https://debuginfod.ubuntu.com PS1=(venv-ardupilot) \[\e]0;\u@\h: \w\a\]${debian_chroot:+($debian_chroot)}\[\033[01;32m\]\u@\h\[\033[00m\]:\[\033[01;34m\]\w\[\033[00m\]\$ VIRTUAL_ENV_PROMPT=(venv-ardupilot) /usr/bin/cmake --install /home/strain-drone/Documents/drone_position_hold/ros2_ws/build/mocap4r2_marker_viz_srvs
[2.322s] DEBUG:colcon.colcon_core.event_handler.log_command:Invoked command in '/home/strain-drone/Documents/drone_position_hold/ros2_ws/build/mocap4r2_msgs' returned '0': CMAKE_PREFIX_PATH=${CMAKE_PREFIX_PATH}:/home/strain-drone/Documents/drone_position_hold/ros2_ws/install/visualizer:/home/strain-drone/Documents/drone_position_hold/ros2_ws/install/position_publisher:/home/strain-drone/Documents/drone_position_hold/ros2_ws/install/mocap4r2cli:/home/strain-drone/Documents/drone_position_hold/ros2_ws/install/mavros_config:/opt/ros/jazzy DEBUGINFOD_URLS=https://debuginfod.ubuntu.com PS1=(venv-ardupilot) \[\e]0;\u@\h: \w\a\]${debian_chroot:+($debian_chroot)}\[\033[01;32m\]\u@\h\[\033[00m\]:\[\033[01;34m\]\w\[\033[00m\]\$ VIRTUAL_ENV_PROMPT=(venv-ardupilot) /usr/bin/cmake --build /home/strain-drone/Documents/drone_position_hold/ros2_ws/build/mocap4r2_msgs -- -j4 -l4
[2.328s] DEBUG:colcon.colcon_core.event_handler.log_command:Invoking command in '/home/strain-drone/Documents/drone_position_hold/ros2_ws/build/mocap4r2_msgs': CMAKE_PREFIX_PATH=${CMAKE_PREFIX_PATH}:/home/strain-drone/Documents/drone_position_hold/ros2_ws/install/visualizer:/home/strain-drone/Documents/drone_position_hold/ros2_ws/install/position_publisher:/home/strain-drone/Documents/drone_position_hold/ros2_ws/install/mocap4r2cli:/home/strain-drone/Documents/drone_position_hold/ros2_ws/install/mavros_config:/opt/ros/jazzy DEBUGINFOD_URLS=https://debuginfod.ubuntu.com PS1=(venv-ardupilot) \[\e]0;\u@\h: \w\a\]${debian_chroot:+($debian_chroot)}\[\033[01;32m\]\u@\h\[\033[00m\]:\[\033[01;34m\]\w\[\033[00m\]\$ VIRTUAL_ENV_PROMPT=(venv-ardupilot) /usr/bin/cmake --install /home/strain-drone/Documents/drone_position_hold/ros2_ws/build/mocap4r2_msgs
[2.434s] Level 1:colcon.colcon_core.environment:create_environment_scripts_only(mocap4r2_marker_viz_srvs)
[2.449s] Level 1:colcon.colcon_core.environment:checking '/home/strain-drone/Documents/drone_position_hold/ros2_ws/install/mocap4r2_marker_viz_srvs' for CMake module files
[2.454s] Level 1:colcon.colcon_core.environment:checking '/home/strain-drone/Documents/drone_position_hold/ros2_ws/install/mocap4r2_marker_viz_srvs' for CMake config files
[2.456s] DEBUG:colcon.colcon_core.event_handler.log_command:Invoked command in '/home/strain-drone/Documents/drone_position_hold/ros2_ws/build/mocap4r2_marker_viz_srvs' returned '0': CMAKE_PREFIX_PATH=${CMAKE_PREFIX_PATH}:/home/strain-drone/Documents/drone_position_hold/ros2_ws/install/visualizer:/home/strain-drone/Documents/drone_position_hold/ros2_ws/install/position_publisher:/home/strain-drone/Documents/drone_position_hold/ros2_ws/install/mocap4r2cli:/home/strain-drone/Documents/drone_position_hold/ros2_ws/install/mavros_config:/opt/ros/jazzy DEBUGINFOD_URLS=https://debuginfod.ubuntu.com PS1=(venv-ardupilot) \[\e]0;\u@\h: \w\a\]${debian_chroot:+($debian_chroot)}\[\033[01;32m\]\u@\h\[\033[00m\]:\[\033[01;34m\]\w\[\033[00m\]\$ VIRTUAL_ENV_PROMPT=(venv-ardupilot) /usr/bin/cmake --install /home/strain-drone/Documents/drone_position_hold/ros2_ws/build/mocap4r2_marker_viz_srvs
[2.464s] Level 1:colcon.colcon_core.shell:create_environment_hook('mocap4r2_marker_viz_srvs', 'cmake_prefix_path')
[2.464s] INFO:colcon.colcon_core.shell:Creating environment hook '/home/strain-drone/Documents/drone_position_hold/ros2_ws/install/mocap4r2_marker_viz_srvs/share/mocap4r2_marker_viz_srvs/hook/cmake_prefix_path.ps1'
[2.465s] INFO:colcon.colcon_core.shell:Creating environment descriptor '/home/strain-drone/Documents/drone_position_hold/ros2_ws/install/mocap4r2_marker_viz_srvs/share/mocap4r2_marker_viz_srvs/hook/cmake_prefix_path.dsv'
[2.467s] INFO:colcon.colcon_core.shell:Creating environment hook '/home/strain-drone/Documents/drone_position_hold/ros2_ws/install/mocap4r2_marker_viz_srvs/share/mocap4r2_marker_viz_srvs/hook/cmake_prefix_path.sh'
[2.470s] Level 1:colcon.colcon_core.environment:checking '/home/strain-drone/Documents/drone_position_hold/ros2_ws/install/mocap4r2_marker_viz_srvs/lib'
[2.472s] Level 1:colcon.colcon_core.shell:create_environment_hook('mocap4r2_marker_viz_srvs', 'ld_library_path_lib')
[2.473s] INFO:colcon.colcon_core.shell:Creating environment hook '/home/strain-drone/Documents/drone_position_hold/ros2_ws/install/mocap4r2_marker_viz_srvs/share/mocap4r2_marker_viz_srvs/hook/ld_library_path_lib.ps1'
[2.477s] INFO:colcon.colcon_core.shell:Creating environment descriptor '/home/strain-drone/Documents/drone_position_hold/ros2_ws/install/mocap4r2_marker_viz_srvs/share/mocap4r2_marker_viz_srvs/hook/ld_library_path_lib.dsv'
[2.477s] INFO:colcon.colcon_core.shell:Creating environment hook '/home/strain-drone/Documents/drone_position_hold/ros2_ws/install/mocap4r2_marker_viz_srvs/share/mocap4r2_marker_viz_srvs/hook/ld_library_path_lib.sh'
[2.478s] Level 1:colcon.colcon_core.environment:checking '/home/strain-drone/Documents/drone_position_hold/ros2_ws/install/mocap4r2_marker_viz_srvs/bin'
[2.478s] Level 1:colcon.colcon_core.environment:checking '/home/strain-drone/Documents/drone_position_hold/ros2_ws/install/mocap4r2_marker_viz_srvs/lib/pkgconfig/mocap4r2_marker_viz_srvs.pc'
[2.479s] Level 1:colcon.colcon_core.environment:checking '/home/strain-drone/Documents/drone_position_hold/ros2_ws/install/mocap4r2_marker_viz_srvs/lib/python3.12/site-packages'
[2.479s] Level 1:colcon.colcon_core.shell:create_environment_hook('mocap4r2_marker_viz_srvs', 'pythonpath')
[2.479s] INFO:colcon.colcon_core.shell:Creating environment hook '/home/strain-drone/Documents/drone_position_hold/ros2_ws/install/mocap4r2_marker_viz_srvs/share/mocap4r2_marker_viz_srvs/hook/pythonpath.ps1'
[2.480s] INFO:colcon.colcon_core.shell:Creating environment descriptor '/home/strain-drone/Documents/drone_position_hold/ros2_ws/install/mocap4r2_marker_viz_srvs/share/mocap4r2_marker_viz_srvs/hook/pythonpath.dsv'
[2.481s] INFO:colcon.colcon_core.shell:Creating environment hook '/home/strain-drone/Documents/drone_position_hold/ros2_ws/install/mocap4r2_marker_viz_srvs/share/mocap4r2_marker_viz_srvs/hook/pythonpath.sh'
[2.482s] Level 1:colcon.colcon_core.environment:checking '/home/strain-drone/Documents/drone_position_hold/ros2_ws/install/mocap4r2_marker_viz_srvs/bin'
[2.483s] INFO:colcon.colcon_core.shell:Creating package script '/home/strain-drone/Documents/drone_position_hold/ros2_ws/install/mocap4r2_marker_viz_srvs/share/mocap4r2_marker_viz_srvs/package.ps1'
[2.484s] INFO:colcon.colcon_core.shell:Creating package descriptor '/home/strain-drone/Documents/drone_position_hold/ros2_ws/install/mocap4r2_marker_viz_srvs/share/mocap4r2_marker_viz_srvs/package.dsv'
[2.485s] INFO:colcon.colcon_core.shell:Creating package script '/home/strain-drone/Documents/drone_position_hold/ros2_ws/install/mocap4r2_marker_viz_srvs/share/mocap4r2_marker_viz_srvs/package.sh'
[2.486s] INFO:colcon.colcon_core.shell:Creating package script '/home/strain-drone/Documents/drone_position_hold/ros2_ws/install/mocap4r2_marker_viz_srvs/share/mocap4r2_marker_viz_srvs/package.bash'
[2.488s] INFO:colcon.colcon_core.shell:Creating package script '/home/strain-drone/Documents/drone_position_hold/ros2_ws/install/mocap4r2_marker_viz_srvs/share/mocap4r2_marker_viz_srvs/package.zsh'
[2.489s] Level 1:colcon.colcon_core.environment:create_file_with_runtime_dependencies(/home/strain-drone/Documents/drone_position_hold/ros2_ws/install/mocap4r2_marker_viz_srvs/share/colcon-core/packages/mocap4r2_marker_viz_srvs)
[2.491s] Level 1:colcon.colcon_core.environment:create_environment_scripts_only(mocap4r2_marker_viz_srvs)
[2.491s] Level 1:colcon.colcon_core.environment:checking '/home/strain-drone/Documents/drone_position_hold/ros2_ws/install/mocap4r2_marker_viz_srvs' for CMake module files
[2.492s] Level 1:colcon.colcon_core.environment:checking '/home/strain-drone/Documents/drone_position_hold/ros2_ws/install/mocap4r2_marker_viz_srvs' for CMake config files
[2.493s] Level 1:colcon.colcon_core.shell:create_environment_hook('mocap4r2_marker_viz_srvs', 'cmake_prefix_path')
[2.493s] INFO:colcon.colcon_core.shell:Creating environment hook '/home/strain-drone/Documents/drone_position_hold/ros2_ws/install/mocap4r2_marker_viz_srvs/share/mocap4r2_marker_viz_srvs/hook/cmake_prefix_path.ps1'
[2.493s] INFO:colcon.colcon_core.shell:Creating environment descriptor '/home/strain-drone/Documents/drone_position_hold/ros2_ws/install/mocap4r2_marker_viz_srvs/share/mocap4r2_marker_viz_srvs/hook/cmake_prefix_path.dsv'
[2.495s] INFO:colcon.colcon_core.shell:Creating environment hook '/home/strain-drone/Documents/drone_position_hold/ros2_ws/install/mocap4r2_marker_viz_srvs/share/mocap4r2_marker_viz_srvs/hook/cmake_prefix_path.sh'
[2.497s] Level 1:colcon.colcon_core.environment:checking '/home/strain-drone/Documents/drone_position_hold/ros2_ws/install/mocap4r2_marker_viz_srvs/lib'
[2.497s] Level 1:colcon.colcon_core.shell:create_environment_hook('mocap4r2_marker_viz_srvs', 'ld_library_path_lib')
[2.497s] INFO:colcon.colcon_core.shell:Creating environment hook '/home/strain-drone/Documents/drone_position_hold/ros2_ws/install/mocap4r2_marker_viz_srvs/share/mocap4r2_marker_viz_srvs/hook/ld_library_path_lib.ps1'
[2.498s] INFO:colcon.colcon_core.shell:Creating environment descriptor '/home/strain-drone/Documents/drone_position_hold/ros2_ws/install/mocap4r2_marker_viz_srvs/share/mocap4r2_marker_viz_srvs/hook/ld_library_path_lib.dsv'
[2.500s] INFO:colcon.colcon_core.shell:Creating environment hook '/home/strain-drone/Documents/drone_position_hold/ros2_ws/install/mocap4r2_marker_viz_srvs/share/mocap4r2_marker_viz_srvs/hook/ld_library_path_lib.sh'
[2.501s] Level 1:colcon.colcon_core.environment:checking '/home/strain-drone/Documents/drone_position_hold/ros2_ws/install/mocap4r2_marker_viz_srvs/bin'
[2.501s] Level 1:colcon.colcon_core.environment:checking '/home/strain-drone/Documents/drone_position_hold/ros2_ws/install/mocap4r2_marker_viz_srvs/lib/pkgconfig/mocap4r2_marker_viz_srvs.pc'
[2.502s] Level 1:colcon.colcon_core.environment:checking '/home/strain-drone/Documents/drone_position_hold/ros2_ws/install/mocap4r2_marker_viz_srvs/lib/python3.12/site-packages'
[2.502s] Level 1:colcon.colcon_core.shell:create_environment_hook('mocap4r2_marker_viz_srvs', 'pythonpath')
[2.502s] INFO:colcon.colcon_core.shell:Creating environment hook '/home/strain-drone/Documents/drone_position_hold/ros2_ws/install/mocap4r2_marker_viz_srvs/share/mocap4r2_marker_viz_srvs/hook/pythonpath.ps1'
[2.505s] INFO:colcon.colcon_core.shell:Creating environment descriptor '/home/strain-drone/Documents/drone_position_hold/ros2_ws/install/mocap4r2_marker_viz_srvs/share/mocap4r2_marker_viz_srvs/hook/pythonpath.dsv'
[2.506s] INFO:colcon.colcon_core.shell:Creating environment hook '/home/strain-drone/Documents/drone_position_hold/ros2_ws/install/mocap4r2_marker_viz_srvs/share/mocap4r2_marker_viz_srvs/hook/pythonpath.sh'
[2.507s] Level 1:colcon.colcon_core.environment:checking '/home/strain-drone/Documents/drone_position_hold/ros2_ws/install/mocap4r2_marker_viz_srvs/bin'
[2.507s] INFO:colcon.colcon_core.shell:Creating package script '/home/strain-drone/Documents/drone_position_hold/ros2_ws/install/mocap4r2_marker_viz_srvs/share/mocap4r2_marker_viz_srvs/package.ps1'
[2.508s] INFO:colcon.colcon_core.shell:Creating package descriptor '/home/strain-drone/Documents/drone_position_hold/ros2_ws/install/mocap4r2_marker_viz_srvs/share/mocap4r2_marker_viz_srvs/package.dsv'
[2.509s] INFO:colcon.colcon_core.shell:Creating package script '/home/strain-drone/Documents/drone_position_hold/ros2_ws/install/mocap4r2_marker_viz_srvs/share/mocap4r2_marker_viz_srvs/package.sh'
[2.510s] INFO:colcon.colcon_core.shell:Creating package script '/home/strain-drone/Documents/drone_position_hold/ros2_ws/install/mocap4r2_marker_viz_srvs/share/mocap4r2_marker_viz_srvs/package.bash'
[2.511s] INFO:colcon.colcon_core.shell:Creating package script '/home/strain-drone/Documents/drone_position_hold/ros2_ws/install/mocap4r2_marker_viz_srvs/share/mocap4r2_marker_viz_srvs/package.zsh'
[2.511s] Level 1:colcon.colcon_core.environment:create_file_with_runtime_dependencies(/home/strain-drone/Documents/drone_position_hold/ros2_ws/install/mocap4r2_marker_viz_srvs/share/colcon-core/packages/mocap4r2_marker_viz_srvs)
[2.513s] INFO:colcon.colcon_ros.task.ament_python.build:Building ROS package in '/home/strain-drone/Documents/drone_position_hold/ros2_ws/src/mavros_config' with build type 'ament_python'
[2.513s] Level 1:colcon.colcon_core.shell:create_environment_hook('mavros_config', 'ament_prefix_path')
[2.514s] INFO:colcon.colcon_core.shell:Creating environment hook '/home/strain-drone/Documents/drone_position_hold/ros2_ws/install/mavros_config/share/mavros_config/hook/ament_prefix_path.ps1'
[2.515s] INFO:colcon.colcon_core.shell:Creating environment descriptor '/home/strain-drone/Documents/drone_position_hold/ros2_ws/install/mavros_config/share/mavros_config/hook/ament_prefix_path.dsv'
[2.516s] INFO:colcon.colcon_core.shell:Creating environment hook '/home/strain-drone/Documents/drone_position_hold/ros2_ws/install/mavros_config/share/mavros_config/hook/ament_prefix_path.sh'
[2.517s] INFO:colcon.colcon_core.shell:Skip shell extension 'powershell' for command environment: Not usable outside of PowerShell
[2.517s] DEBUG:colcon.colcon_core.shell:Skip shell extension 'dsv' for command environment
[2.525s] Level 1:colcon.colcon_core.environment:create_environment_scripts_only(mocap4r2_msgs)
[2.525s] Level 1:colcon.colcon_core.environment:checking '/home/strain-drone/Documents/drone_position_hold/ros2_ws/install/mocap4r2_msgs' for CMake module files
[2.526s] DEBUG:colcon.colcon_core.event_handler.log_command:Invoked command in '/home/strain-drone/Documents/drone_position_hold/ros2_ws/build/mocap4r2_msgs' returned '0': CMAKE_PREFIX_PATH=${CMAKE_PREFIX_PATH}:/home/strain-drone/Documents/drone_position_hold/ros2_ws/install/visualizer:/home/strain-drone/Documents/drone_position_hold/ros2_ws/install/position_publisher:/home/strain-drone/Documents/drone_position_hold/ros2_ws/install/mocap4r2cli:/home/strain-drone/Documents/drone_position_hold/ros2_ws/install/mavros_config:/opt/ros/jazzy DEBUGINFOD_URLS=https://debuginfod.ubuntu.com PS1=(venv-ardupilot) \[\e]0;\u@\h: \w\a\]${debian_chroot:+($debian_chroot)}\[\033[01;32m\]\u@\h\[\033[00m\]:\[\033[01;34m\]\w\[\033[00m\]\$ VIRTUAL_ENV_PROMPT=(venv-ardupilot) /usr/bin/cmake --install /home/strain-drone/Documents/drone_position_hold/ros2_ws/build/mocap4r2_msgs
[2.527s] Level 1:colcon.colcon_core.environment:checking '/home/strain-drone/Documents/drone_position_hold/ros2_ws/install/mocap4r2_msgs' for CMake config files
[2.528s] Level 1:colcon.colcon_core.shell:create_environment_hook('mocap4r2_msgs', 'cmake_prefix_path')
[2.528s] INFO:colcon.colcon_core.shell:Creating environment hook '/home/strain-drone/Documents/drone_position_hold/ros2_ws/install/mocap4r2_msgs/share/mocap4r2_msgs/hook/cmake_prefix_path.ps1'
[2.529s] INFO:colcon.colcon_core.shell:Creating environment descriptor '/home/strain-drone/Documents/drone_position_hold/ros2_ws/install/mocap4r2_msgs/share/mocap4r2_msgs/hook/cmake_prefix_path.dsv'
[2.530s] INFO:colcon.colcon_core.shell:Creating environment hook '/home/strain-drone/Documents/drone_position_hold/ros2_ws/install/mocap4r2_msgs/share/mocap4r2_msgs/hook/cmake_prefix_path.sh'
[2.532s] Level 1:colcon.colcon_core.environment:checking '/home/strain-drone/Documents/drone_position_hold/ros2_ws/install/mocap4r2_msgs/lib'
[2.532s] Level 1:colcon.colcon_core.shell:create_environment_hook('mocap4r2_msgs', 'ld_library_path_lib')
[2.532s] INFO:colcon.colcon_core.shell:Creating environment hook '/home/strain-drone/Documents/drone_position_hold/ros2_ws/install/mocap4r2_msgs/share/mocap4r2_msgs/hook/ld_library_path_lib.ps1'
[2.533s] INFO:colcon.colcon_core.shell:Creating environment descriptor '/home/strain-drone/Documents/drone_position_hold/ros2_ws/install/mocap4r2_msgs/share/mocap4r2_msgs/hook/ld_library_path_lib.dsv'
[2.534s] INFO:colcon.colcon_core.shell:Creating environment hook '/home/strain-drone/Documents/drone_position_hold/ros2_ws/install/mocap4r2_msgs/share/mocap4r2_msgs/hook/ld_library_path_lib.sh'
[2.536s] Level 1:colcon.colcon_core.environment:checking '/home/strain-drone/Documents/drone_position_hold/ros2_ws/install/mocap4r2_msgs/bin'
[2.536s] Level 1:colcon.colcon_core.environment:checking '/home/strain-drone/Documents/drone_position_hold/ros2_ws/install/mocap4r2_msgs/lib/pkgconfig/mocap4r2_msgs.pc'
[2.536s] Level 1:colcon.colcon_core.environment:checking '/home/strain-drone/Documents/drone_position_hold/ros2_ws/install/mocap4r2_msgs/lib/python3.12/site-packages'
[2.536s] Level 1:colcon.colcon_core.shell:create_environment_hook('mocap4r2_msgs', 'pythonpath')
[2.537s] INFO:colcon.colcon_core.shell:Creating environment hook '/home/strain-drone/Documents/drone_position_hold/ros2_ws/install/mocap4r2_msgs/share/mocap4r2_msgs/hook/pythonpath.ps1'
[2.537s] INFO:colcon.colcon_core.shell:Creating environment descriptor '/home/strain-drone/Documents/drone_position_hold/ros2_ws/install/mocap4r2_msgs/share/mocap4r2_msgs/hook/pythonpath.dsv'
[2.539s] INFO:colcon.colcon_core.shell:Creating environment hook '/home/strain-drone/Documents/drone_position_hold/ros2_ws/install/mocap4r2_msgs/share/mocap4r2_msgs/hook/pythonpath.sh'
[2.541s] Level 1:colcon.colcon_core.environment:checking '/home/strain-drone/Documents/drone_position_hold/ros2_ws/install/mocap4r2_msgs/bin'
[2.541s] INFO:colcon.colcon_core.shell:Creating package script '/home/strain-drone/Documents/drone_position_hold/ros2_ws/install/mocap4r2_msgs/share/mocap4r2_msgs/package.ps1'
[2.542s] INFO:colcon.colcon_core.shell:Creating package descriptor '/home/strain-drone/Documents/drone_position_hold/ros2_ws/install/mocap4r2_msgs/share/mocap4r2_msgs/package.dsv'
[2.546s] INFO:colcon.colcon_core.shell:Creating package script '/home/strain-drone/Documents/drone_position_hold/ros2_ws/install/mocap4r2_msgs/share/mocap4r2_msgs/package.sh'
[2.547s] INFO:colcon.colcon_core.shell:Creating package script '/home/strain-drone/Documents/drone_position_hold/ros2_ws/install/mocap4r2_msgs/share/mocap4r2_msgs/package.bash'
[2.547s] INFO:colcon.colcon_core.shell:Creating package script '/home/strain-drone/Documents/drone_position_hold/ros2_ws/install/mocap4r2_msgs/share/mocap4r2_msgs/package.zsh'
[2.548s] Level 1:colcon.colcon_core.environment:create_file_with_runtime_dependencies(/home/strain-drone/Documents/drone_position_hold/ros2_ws/install/mocap4r2_msgs/share/colcon-core/packages/mocap4r2_msgs)
[2.549s] Level 1:colcon.colcon_core.environment:create_environment_scripts_only(mocap4r2_msgs)
[2.550s] Level 1:colcon.colcon_core.environment:checking '/home/strain-drone/Documents/drone_position_hold/ros2_ws/install/mocap4r2_msgs' for CMake module files
[2.551s] Level 1:colcon.colcon_core.environment:checking '/home/strain-drone/Documents/drone_position_hold/ros2_ws/install/mocap4r2_msgs' for CMake config files
[2.552s] Level 1:colcon.colcon_core.shell:create_environment_hook('mocap4r2_msgs', 'cmake_prefix_path')
[2.552s] INFO:colcon.colcon_core.shell:Creating environment hook '/home/strain-drone/Documents/drone_position_hold/ros2_ws/install/mocap4r2_msgs/share/mocap4r2_msgs/hook/cmake_prefix_path.ps1'
[2.552s] INFO:colcon.colcon_core.shell:Creating environment descriptor '/home/strain-drone/Documents/drone_position_hold/ros2_ws/install/mocap4r2_msgs/share/mocap4r2_msgs/hook/cmake_prefix_path.dsv'
[2.553s] INFO:colcon.colcon_core.shell:Creating environment hook '/home/strain-drone/Documents/drone_position_hold/ros2_ws/install/mocap4r2_msgs/share/mocap4r2_msgs/hook/cmake_prefix_path.sh'
[2.554s] Level 1:colcon.colcon_core.environment:checking '/home/strain-drone/Documents/drone_position_hold/ros2_ws/install/mocap4r2_msgs/lib'
[2.554s] Level 1:colcon.colcon_core.shell:create_environment_hook('mocap4r2_msgs', 'ld_library_path_lib')
[2.555s] INFO:colcon.colcon_core.shell:Creating environment hook '/home/strain-drone/Documents/drone_position_hold/ros2_ws/install/mocap4r2_msgs/share/mocap4r2_msgs/hook/ld_library_path_lib.ps1'
[2.555s] INFO:colcon.colcon_core.shell:Creating environment descriptor '/home/strain-drone/Documents/drone_position_hold/ros2_ws/install/mocap4r2_msgs/share/mocap4r2_msgs/hook/ld_library_path_lib.dsv'
[2.556s] INFO:colcon.colcon_core.shell:Creating environment hook '/home/strain-drone/Documents/drone_position_hold/ros2_ws/install/mocap4r2_msgs/share/mocap4r2_msgs/hook/ld_library_path_lib.sh'
[2.557s] Level 1:colcon.colcon_core.environment:checking '/home/strain-drone/Documents/drone_position_hold/ros2_ws/install/mocap4r2_msgs/bin'
[2.557s] Level 1:colcon.colcon_core.environment:checking '/home/strain-drone/Documents/drone_position_hold/ros2_ws/install/mocap4r2_msgs/lib/pkgconfig/mocap4r2_msgs.pc'
[2.558s] Level 1:colcon.colcon_core.environment:checking '/home/strain-drone/Documents/drone_position_hold/ros2_ws/install/mocap4r2_msgs/lib/python3.12/site-packages'
[2.558s] Level 1:colcon.colcon_core.shell:create_environment_hook('mocap4r2_msgs', 'pythonpath')
[2.558s] INFO:colcon.colcon_core.shell:Creating environment hook '/home/strain-drone/Documents/drone_position_hold/ros2_ws/install/mocap4r2_msgs/share/mocap4r2_msgs/hook/pythonpath.ps1'
[2.559s] INFO:colcon.colcon_core.shell:Creating environment descriptor '/home/strain-drone/Documents/drone_position_hold/ros2_ws/install/mocap4r2_msgs/share/mocap4r2_msgs/hook/pythonpath.dsv'
[2.560s] INFO:colcon.colcon_core.shell:Creating environment hook '/home/strain-drone/Documents/drone_position_hold/ros2_ws/install/mocap4r2_msgs/share/mocap4r2_msgs/hook/pythonpath.sh'
[2.561s] Level 1:colcon.colcon_core.environment:checking '/home/strain-drone/Documents/drone_position_hold/ros2_ws/install/mocap4r2_msgs/bin'
[2.562s] INFO:colcon.colcon_core.shell:Creating package script '/home/strain-drone/Documents/drone_position_hold/ros2_ws/install/mocap4r2_msgs/share/mocap4r2_msgs/package.ps1'
[2.563s] INFO:colcon.colcon_core.shell:Creating package descriptor '/home/strain-drone/Documents/drone_position_hold/ros2_ws/install/mocap4r2_msgs/share/mocap4r2_msgs/package.dsv'
[2.564s] INFO:colcon.colcon_core.shell:Creating package script '/home/strain-drone/Documents/drone_position_hold/ros2_ws/install/mocap4r2_msgs/share/mocap4r2_msgs/package.sh'
[2.565s] INFO:colcon.colcon_core.shell:Creating package script '/home/strain-drone/Documents/drone_position_hold/ros2_ws/install/mocap4r2_msgs/share/mocap4r2_msgs/package.bash'
[2.567s] INFO:colcon.colcon_core.shell:Creating package script '/home/strain-drone/Documents/drone_position_hold/ros2_ws/install/mocap4r2_msgs/share/mocap4r2_msgs/package.zsh'
[2.568s] Level 1:colcon.colcon_core.environment:create_file_with_runtime_dependencies(/home/strain-drone/Documents/drone_position_hold/ros2_ws/install/mocap4r2_msgs/share/colcon-core/packages/mocap4r2_msgs)
[2.571s] INFO:colcon.colcon_ros.task.ament_cmake.build:Building ROS package in '/home/strain-drone/Documents/drone_position_hold/ros2_ws/src/natnet_ros2' with build type 'ament_cmake'
[2.571s] INFO:colcon.colcon_cmake.task.cmake.build:Building CMake package in '/home/strain-drone/Documents/drone_position_hold/ros2_ws/src/natnet_ros2'
[2.571s] INFO:colcon.colcon_core.shell:Skip shell extension 'powershell' for command environment: Not usable outside of PowerShell
[2.571s] DEBUG:colcon.colcon_core.shell:Skip shell extension 'dsv' for command environment
[2.578s] Level 1:colcon.colcon_core.environment:create_environment_scripts_only(mocap4r2_control_msgs)
[2.579s] Level 1:colcon.colcon_core.environment:checking '/home/strain-drone/Documents/drone_position_hold/ros2_ws/install/mocap4r2_control_msgs' for CMake module files
[2.579s] DEBUG:colcon.colcon_core.event_handler.log_command:Invoked command in '/home/strain-drone/Documents/drone_position_hold/ros2_ws/build/mocap4r2_control_msgs' returned '0': CMAKE_PREFIX_PATH=${CMAKE_PREFIX_PATH}:/home/strain-drone/Documents/drone_position_hold/ros2_ws/install/visualizer:/home/strain-drone/Documents/drone_position_hold/ros2_ws/install/position_publisher:/home/strain-drone/Documents/drone_position_hold/ros2_ws/install/mocap4r2cli:/home/strain-drone/Documents/drone_position_hold/ros2_ws/install/mavros_config:/opt/ros/jazzy DEBUGINFOD_URLS=https://debuginfod.ubuntu.com PS1=(venv-ardupilot) \[\e]0;\u@\h: \w\a\]${debian_chroot:+($debian_chroot)}\[\033[01;32m\]\u@\h\[\033[00m\]:\[\033[01;34m\]\w\[\033[00m\]\$ VIRTUAL_ENV_PROMPT=(venv-ardupilot) /usr/bin/cmake --install /home/strain-drone/Documents/drone_position_hold/ros2_ws/build/mocap4r2_control_msgs
[2.580s] Level 1:colcon.colcon_core.environment:checking '/home/strain-drone/Documents/drone_position_hold/ros2_ws/install/mocap4r2_control_msgs' for CMake config files
[2.581s] Level 1:colcon.colcon_core.shell:create_environment_hook('mocap4r2_control_msgs', 'cmake_prefix_path')
[2.581s] INFO:colcon.colcon_core.shell:Creating environment hook '/home/strain-drone/Documents/drone_position_hold/ros2_ws/install/mocap4r2_control_msgs/share/mocap4r2_control_msgs/hook/cmake_prefix_path.ps1'
[2.582s] INFO:colcon.colcon_core.shell:Creating environment descriptor '/home/strain-drone/Documents/drone_position_hold/ros2_ws/install/mocap4r2_control_msgs/share/mocap4r2_control_msgs/hook/cmake_prefix_path.dsv'
[2.584s] INFO:colcon.colcon_core.shell:Creating environment hook '/home/strain-drone/Documents/drone_position_hold/ros2_ws/install/mocap4r2_control_msgs/share/mocap4r2_control_msgs/hook/cmake_prefix_path.sh'
[2.588s] Level 1:colcon.colcon_core.environment:checking '/home/strain-drone/Documents/drone_position_hold/ros2_ws/install/mocap4r2_control_msgs/lib'
[2.588s] Level 1:colcon.colcon_core.shell:create_environment_hook('mocap4r2_control_msgs', 'ld_library_path_lib')
[2.588s] INFO:colcon.colcon_core.shell:Creating environment hook '/home/strain-drone/Documents/drone_position_hold/ros2_ws/install/mocap4r2_control_msgs/share/mocap4r2_control_msgs/hook/ld_library_path_lib.ps1'
[2.589s] INFO:colcon.colcon_core.shell:Creating environment descriptor '/home/strain-drone/Documents/drone_position_hold/ros2_ws/install/mocap4r2_control_msgs/share/mocap4r2_control_msgs/hook/ld_library_path_lib.dsv'
[2.589s] INFO:colcon.colcon_core.shell:Creating environment hook '/home/strain-drone/Documents/drone_position_hold/ros2_ws/install/mocap4r2_control_msgs/share/mocap4r2_control_msgs/hook/ld_library_path_lib.sh'
[2.590s] Level 1:colcon.colcon_core.environment:checking '/home/strain-drone/Documents/drone_position_hold/ros2_ws/install/mocap4r2_control_msgs/bin'
[2.590s] Level 1:colcon.colcon_core.environment:checking '/home/strain-drone/Documents/drone_position_hold/ros2_ws/install/mocap4r2_control_msgs/lib/pkgconfig/mocap4r2_control_msgs.pc'
[2.590s] Level 1:colcon.colcon_core.environment:checking '/home/strain-drone/Documents/drone_position_hold/ros2_ws/install/mocap4r2_control_msgs/lib/python3.12/site-packages'
[2.591s] Level 1:colcon.colcon_core.shell:create_environment_hook('mocap4r2_control_msgs', 'pythonpath')
[2.591s] INFO:colcon.colcon_core.shell:Creating environment hook '/home/strain-drone/Documents/drone_position_hold/ros2_ws/install/mocap4r2_control_msgs/share/mocap4r2_control_msgs/hook/pythonpath.ps1'
[2.591s] INFO:colcon.colcon_core.shell:Creating environment descriptor '/home/strain-drone/Documents/drone_position_hold/ros2_ws/install/mocap4r2_control_msgs/share/mocap4r2_control_msgs/hook/pythonpath.dsv'
[2.592s] INFO:colcon.colcon_core.shell:Creating environment hook '/home/strain-drone/Documents/drone_position_hold/ros2_ws/install/mocap4r2_control_msgs/share/mocap4r2_control_msgs/hook/pythonpath.sh'
[2.593s] Level 1:colcon.colcon_core.environment:checking '/home/strain-drone/Documents/drone_position_hold/ros2_ws/install/mocap4r2_control_msgs/bin'
[2.593s] INFO:colcon.colcon_core.shell:Creating package script '/home/strain-drone/Documents/drone_position_hold/ros2_ws/install/mocap4r2_control_msgs/share/mocap4r2_control_msgs/package.ps1'
[2.594s] INFO:colcon.colcon_core.shell:Creating package descriptor '/home/strain-drone/Documents/drone_position_hold/ros2_ws/install/mocap4r2_control_msgs/share/mocap4r2_control_msgs/package.dsv'
[2.595s] INFO:colcon.colcon_core.shell:Creating package script '/home/strain-drone/Documents/drone_position_hold/ros2_ws/install/mocap4r2_control_msgs/share/mocap4r2_control_msgs/package.sh'
[2.596s] INFO:colcon.colcon_core.shell:Creating package script '/home/strain-drone/Documents/drone_position_hold/ros2_ws/install/mocap4r2_control_msgs/share/mocap4r2_control_msgs/package.bash'
[2.597s] INFO:colcon.colcon_core.shell:Creating package script '/home/strain-drone/Documents/drone_position_hold/ros2_ws/install/mocap4r2_control_msgs/share/mocap4r2_control_msgs/package.zsh'
[2.598s] Level 1:colcon.colcon_core.environment:create_file_with_runtime_dependencies(/home/strain-drone/Documents/drone_position_hold/ros2_ws/install/mocap4r2_control_msgs/share/colcon-core/packages/mocap4r2_control_msgs)
[2.600s] Level 1:colcon.colcon_core.environment:create_environment_scripts_only(mocap4r2_control_msgs)
[2.600s] Level 1:colcon.colcon_core.environment:checking '/home/strain-drone/Documents/drone_position_hold/ros2_ws/install/mocap4r2_control_msgs' for CMake module files
[2.601s] Level 1:colcon.colcon_core.environment:checking '/home/strain-drone/Documents/drone_position_hold/ros2_ws/install/mocap4r2_control_msgs' for CMake config files
[2.602s] Level 1:colcon.colcon_core.shell:create_environment_hook('mocap4r2_control_msgs', 'cmake_prefix_path')
[2.602s] INFO:colcon.colcon_core.shell:Creating environment hook '/home/strain-drone/Documents/drone_position_hold/ros2_ws/install/mocap4r2_control_msgs/share/mocap4r2_control_msgs/hook/cmake_prefix_path.ps1'
[2.603s] INFO:colcon.colcon_core.shell:Creating environment descriptor '/home/strain-drone/Documents/drone_position_hold/ros2_ws/install/mocap4r2_control_msgs/share/mocap4r2_control_msgs/hook/cmake_prefix_path.dsv'
[2.604s] INFO:colcon.colcon_core.shell:Creating environment hook '/home/strain-drone/Documents/drone_position_hold/ros2_ws/install/mocap4r2_control_msgs/share/mocap4r2_control_msgs/hook/cmake_prefix_path.sh'
[2.606s] Level 1:colcon.colcon_core.environment:checking '/home/strain-drone/Documents/drone_position_hold/ros2_ws/install/mocap4r2_control_msgs/lib'
[2.606s] Level 1:colcon.colcon_core.shell:create_environment_hook('mocap4r2_control_msgs', 'ld_library_path_lib')
[2.606s] INFO:colcon.colcon_core.shell:Creating environment hook '/home/strain-drone/Documents/drone_position_hold/ros2_ws/install/mocap4r2_control_msgs/share/mocap4r2_control_msgs/hook/ld_library_path_lib.ps1'
[2.607s] INFO:colcon.colcon_core.shell:Creating environment descriptor '/home/strain-drone/Documents/drone_position_hold/ros2_ws/install/mocap4r2_control_msgs/share/mocap4r2_control_msgs/hook/ld_library_path_lib.dsv'
[2.608s] INFO:colcon.colcon_core.shell:Creating environment hook '/home/strain-drone/Documents/drone_position_hold/ros2_ws/install/mocap4r2_control_msgs/share/mocap4r2_control_msgs/hook/ld_library_path_lib.sh'
[2.610s] Level 1:colcon.colcon_core.environment:checking '/home/strain-drone/Documents/drone_position_hold/ros2_ws/install/mocap4r2_control_msgs/bin'
[2.610s] Level 1:colcon.colcon_core.environment:checking '/home/strain-drone/Documents/drone_position_hold/ros2_ws/install/mocap4r2_control_msgs/lib/pkgconfig/mocap4r2_control_msgs.pc'
[2.610s] Level 1:colcon.colcon_core.environment:checking '/home/strain-drone/Documents/drone_position_hold/ros2_ws/install/mocap4r2_control_msgs/lib/python3.12/site-packages'
[2.610s] Level 1:colcon.colcon_core.shell:create_environment_hook('mocap4r2_control_msgs', 'pythonpath')
[2.610s] INFO:colcon.colcon_core.shell:Creating environment hook '/home/strain-drone/Documents/drone_position_hold/ros2_ws/install/mocap4r2_control_msgs/share/mocap4r2_control_msgs/hook/pythonpath.ps1'
[2.611s] INFO:colcon.colcon_core.shell:Creating environment descriptor '/home/strain-drone/Documents/drone_position_hold/ros2_ws/install/mocap4r2_control_msgs/share/mocap4r2_control_msgs/hook/pythonpath.dsv'
[2.613s] INFO:colcon.colcon_core.shell:Creating environment hook '/home/strain-drone/Documents/drone_position_hold/ros2_ws/install/mocap4r2_control_msgs/share/mocap4r2_control_msgs/hook/pythonpath.sh'
[2.614s] Level 1:colcon.colcon_core.environment:checking '/home/strain-drone/Documents/drone_position_hold/ros2_ws/install/mocap4r2_control_msgs/bin'
[2.615s] INFO:colcon.colcon_core.shell:Creating package script '/home/strain-drone/Documents/drone_position_hold/ros2_ws/install/mocap4r2_control_msgs/share/mocap4r2_control_msgs/package.ps1'
[2.616s] INFO:colcon.colcon_core.shell:Creating package descriptor '/home/strain-drone/Documents/drone_position_hold/ros2_ws/install/mocap4r2_control_msgs/share/mocap4r2_control_msgs/package.dsv'
[2.618s] INFO:colcon.colcon_core.shell:Creating package script '/home/strain-drone/Documents/drone_position_hold/ros2_ws/install/mocap4r2_control_msgs/share/mocap4r2_control_msgs/package.sh'
[2.622s] INFO:colcon.colcon_core.shell:Creating package script '/home/strain-drone/Documents/drone_position_hold/ros2_ws/install/mocap4r2_control_msgs/share/mocap4r2_control_msgs/package.bash'
[2.622s] INFO:colcon.colcon_core.shell:Creating package script '/home/strain-drone/Documents/drone_position_hold/ros2_ws/install/mocap4r2_control_msgs/share/mocap4r2_control_msgs/package.zsh'
[2.623s] Level 1:colcon.colcon_core.environment:create_file_with_runtime_dependencies(/home/strain-drone/Documents/drone_position_hold/ros2_ws/install/mocap4r2_control_msgs/share/colcon-core/packages/mocap4r2_control_msgs)
[2.624s] Level 1:colcon.colcon_core.environment:create_environment_scripts_only(mocap4r2_robot_gt_msgs)
[2.624s] Level 1:colcon.colcon_core.environment:checking '/home/strain-drone/Documents/drone_position_hold/ros2_ws/install/mocap4r2_robot_gt_msgs' for CMake module files
[2.626s] DEBUG:colcon.colcon_core.event_handler.log_command:Invoked command in '/home/strain-drone/Documents/drone_position_hold/ros2_ws/build/mocap4r2_robot_gt_msgs' returned '0': CMAKE_PREFIX_PATH=${CMAKE_PREFIX_PATH}:/home/strain-drone/Documents/drone_position_hold/ros2_ws/install/visualizer:/home/strain-drone/Documents/drone_position_hold/ros2_ws/install/position_publisher:/home/strain-drone/Documents/drone_position_hold/ros2_ws/install/mocap4r2cli:/home/strain-drone/Documents/drone_position_hold/ros2_ws/install/mavros_config:/opt/ros/jazzy DEBUGINFOD_URLS=https://debuginfod.ubuntu.com PS1=(venv-ardupilot) \[\e]0;\u@\h: \w\a\]${debian_chroot:+($debian_chroot)}\[\033[01;32m\]\u@\h\[\033[00m\]:\[\033[01;34m\]\w\[\033[00m\]\$ VIRTUAL_ENV_PROMPT=(venv-ardupilot) /usr/bin/cmake --install /home/strain-drone/Documents/drone_position_hold/ros2_ws/build/mocap4r2_robot_gt_msgs
[2.626s] Level 1:colcon.colcon_core.environment:checking '/home/strain-drone/Documents/drone_position_hold/ros2_ws/install/mocap4r2_robot_gt_msgs' for CMake config files
[2.627s] Level 1:colcon.colcon_core.shell:create_environment_hook('mocap4r2_robot_gt_msgs', 'cmake_prefix_path')
[2.627s] INFO:colcon.colcon_core.shell:Creating environment hook '/home/strain-drone/Documents/drone_position_hold/ros2_ws/install/mocap4r2_robot_gt_msgs/share/mocap4r2_robot_gt_msgs/hook/cmake_prefix_path.ps1'
[2.628s] INFO:colcon.colcon_core.shell:Creating environment descriptor '/home/strain-drone/Documents/drone_position_hold/ros2_ws/install/mocap4r2_robot_gt_msgs/share/mocap4r2_robot_gt_msgs/hook/cmake_prefix_path.dsv'
[2.629s] INFO:colcon.colcon_core.shell:Creating environment hook '/home/strain-drone/Documents/drone_position_hold/ros2_ws/install/mocap4r2_robot_gt_msgs/share/mocap4r2_robot_gt_msgs/hook/cmake_prefix_path.sh'
[2.630s] Level 1:colcon.colcon_core.environment:checking '/home/strain-drone/Documents/drone_position_hold/ros2_ws/install/mocap4r2_robot_gt_msgs/lib'
[2.630s] Level 1:colcon.colcon_core.shell:create_environment_hook('mocap4r2_robot_gt_msgs', 'ld_library_path_lib')
[2.630s] INFO:colcon.colcon_core.shell:Creating environment hook '/home/strain-drone/Documents/drone_position_hold/ros2_ws/install/mocap4r2_robot_gt_msgs/share/mocap4r2_robot_gt_msgs/hook/ld_library_path_lib.ps1'
[2.631s] INFO:colcon.colcon_core.shell:Creating environment descriptor '/home/strain-drone/Documents/drone_position_hold/ros2_ws/install/mocap4r2_robot_gt_msgs/share/mocap4r2_robot_gt_msgs/hook/ld_library_path_lib.dsv'
[2.632s] INFO:colcon.colcon_core.shell:Creating environment hook '/home/strain-drone/Documents/drone_position_hold/ros2_ws/install/mocap4r2_robot_gt_msgs/share/mocap4r2_robot_gt_msgs/hook/ld_library_path_lib.sh'
[2.633s] Level 1:colcon.colcon_core.environment:checking '/home/strain-drone/Documents/drone_position_hold/ros2_ws/install/mocap4r2_robot_gt_msgs/bin'
[2.634s] Level 1:colcon.colcon_core.environment:checking '/home/strain-drone/Documents/drone_position_hold/ros2_ws/install/mocap4r2_robot_gt_msgs/lib/pkgconfig/mocap4r2_robot_gt_msgs.pc'
[2.634s] Level 1:colcon.colcon_core.environment:checking '/home/strain-drone/Documents/drone_position_hold/ros2_ws/install/mocap4r2_robot_gt_msgs/lib/python3.12/site-packages'
[2.634s] Level 1:colcon.colcon_core.shell:create_environment_hook('mocap4r2_robot_gt_msgs', 'pythonpath')
[2.634s] INFO:colcon.colcon_core.shell:Creating environment hook '/home/strain-drone/Documents/drone_position_hold/ros2_ws/install/mocap4r2_robot_gt_msgs/share/mocap4r2_robot_gt_msgs/hook/pythonpath.ps1'
[2.635s] INFO:colcon.colcon_core.shell:Creating environment descriptor '/home/strain-drone/Documents/drone_position_hold/ros2_ws/install/mocap4r2_robot_gt_msgs/share/mocap4r2_robot_gt_msgs/hook/pythonpath.dsv'
[2.636s] INFO:colcon.colcon_core.shell:Creating environment hook '/home/strain-drone/Documents/drone_position_hold/ros2_ws/install/mocap4r2_robot_gt_msgs/share/mocap4r2_robot_gt_msgs/hook/pythonpath.sh'
[2.638s] Level 1:colcon.colcon_core.environment:checking '/home/strain-drone/Documents/drone_position_hold/ros2_ws/install/mocap4r2_robot_gt_msgs/bin'
[2.638s] INFO:colcon.colcon_core.shell:Creating package script '/home/strain-drone/Documents/drone_position_hold/ros2_ws/install/mocap4r2_robot_gt_msgs/share/mocap4r2_robot_gt_msgs/package.ps1'
[2.639s] INFO:colcon.colcon_core.shell:Creating package descriptor '/home/strain-drone/Documents/drone_position_hold/ros2_ws/install/mocap4r2_robot_gt_msgs/share/mocap4r2_robot_gt_msgs/package.dsv'
[2.640s] INFO:colcon.colcon_core.shell:Creating package script '/home/strain-drone/Documents/drone_position_hold/ros2_ws/install/mocap4r2_robot_gt_msgs/share/mocap4r2_robot_gt_msgs/package.sh'
[2.641s] INFO:colcon.colcon_core.shell:Creating package script '/home/strain-drone/Documents/drone_position_hold/ros2_ws/install/mocap4r2_robot_gt_msgs/share/mocap4r2_robot_gt_msgs/package.bash'
[2.643s] INFO:colcon.colcon_core.shell:Creating package script '/home/strain-drone/Documents/drone_position_hold/ros2_ws/install/mocap4r2_robot_gt_msgs/share/mocap4r2_robot_gt_msgs/package.zsh'
[2.644s] Level 1:colcon.colcon_core.environment:create_file_with_runtime_dependencies(/home/strain-drone/Documents/drone_position_hold/ros2_ws/install/mocap4r2_robot_gt_msgs/share/colcon-core/packages/mocap4r2_robot_gt_msgs)
[2.647s] Level 1:colcon.colcon_core.environment:create_environment_scripts_only(mocap4r2_robot_gt_msgs)
[2.647s] Level 1:colcon.colcon_core.environment:checking '/home/strain-drone/Documents/drone_position_hold/ros2_ws/install/mocap4r2_robot_gt_msgs' for CMake module files
[2.648s] Level 1:colcon.colcon_core.environment:checking '/home/strain-drone/Documents/drone_position_hold/ros2_ws/install/mocap4r2_robot_gt_msgs' for CMake config files
[2.648s] Level 1:colcon.colcon_core.shell:create_environment_hook('mocap4r2_robot_gt_msgs', 'cmake_prefix_path')
[2.649s] INFO:colcon.colcon_core.shell:Creating environment hook '/home/strain-drone/Documents/drone_position_hold/ros2_ws/install/mocap4r2_robot_gt_msgs/share/mocap4r2_robot_gt_msgs/hook/cmake_prefix_path.ps1'
[2.649s] INFO:colcon.colcon_core.shell:Creating environment descriptor '/home/strain-drone/Documents/drone_position_hold/ros2_ws/install/mocap4r2_robot_gt_msgs/share/mocap4r2_robot_gt_msgs/hook/cmake_prefix_path.dsv'
[2.651s] INFO:colcon.colcon_core.shell:Creating environment hook '/home/strain-drone/Documents/drone_position_hold/ros2_ws/install/mocap4r2_robot_gt_msgs/share/mocap4r2_robot_gt_msgs/hook/cmake_prefix_path.sh'
[2.652s] Level 1:colcon.colcon_core.environment:checking '/home/strain-drone/Documents/drone_position_hold/ros2_ws/install/mocap4r2_robot_gt_msgs/lib'
[2.653s] Level 1:colcon.colcon_core.shell:create_environment_hook('mocap4r2_robot_gt_msgs', 'ld_library_path_lib')
[2.653s] INFO:colcon.colcon_core.shell:Creating environment hook '/home/strain-drone/Documents/drone_position_hold/ros2_ws/install/mocap4r2_robot_gt_msgs/share/mocap4r2_robot_gt_msgs/hook/ld_library_path_lib.ps1'
[2.654s] INFO:colcon.colcon_core.shell:Creating environment descriptor '/home/strain-drone/Documents/drone_position_hold/ros2_ws/install/mocap4r2_robot_gt_msgs/share/mocap4r2_robot_gt_msgs/hook/ld_library_path_lib.dsv'
[2.658s] INFO:colcon.colcon_core.shell:Creating environment hook '/home/strain-drone/Documents/drone_position_hold/ros2_ws/install/mocap4r2_robot_gt_msgs/share/mocap4r2_robot_gt_msgs/hook/ld_library_path_lib.sh'
[2.658s] Level 1:colcon.colcon_core.environment:checking '/home/strain-drone/Documents/drone_position_hold/ros2_ws/install/mocap4r2_robot_gt_msgs/bin'
[2.658s] Level 1:colcon.colcon_core.environment:checking '/home/strain-drone/Documents/drone_position_hold/ros2_ws/install/mocap4r2_robot_gt_msgs/lib/pkgconfig/mocap4r2_robot_gt_msgs.pc'
[2.659s] Level 1:colcon.colcon_core.environment:checking '/home/strain-drone/Documents/drone_position_hold/ros2_ws/install/mocap4r2_robot_gt_msgs/lib/python3.12/site-packages'
[2.659s] Level 1:colcon.colcon_core.shell:create_environment_hook('mocap4r2_robot_gt_msgs', 'pythonpath')
[2.659s] INFO:colcon.colcon_core.shell:Creating environment hook '/home/strain-drone/Documents/drone_position_hold/ros2_ws/install/mocap4r2_robot_gt_msgs/share/mocap4r2_robot_gt_msgs/hook/pythonpath.ps1'
[2.660s] INFO:colcon.colcon_core.shell:Creating environment descriptor '/home/strain-drone/Documents/drone_position_hold/ros2_ws/install/mocap4r2_robot_gt_msgs/share/mocap4r2_robot_gt_msgs/hook/pythonpath.dsv'
[2.661s] INFO:colcon.colcon_core.shell:Creating environment hook '/home/strain-drone/Documents/drone_position_hold/ros2_ws/install/mocap4r2_robot_gt_msgs/share/mocap4r2_robot_gt_msgs/hook/pythonpath.sh'
[2.662s] Level 1:colcon.colcon_core.environment:checking '/home/strain-drone/Documents/drone_position_hold/ros2_ws/install/mocap4r2_robot_gt_msgs/bin'
[2.662s] INFO:colcon.colcon_core.shell:Creating package script '/home/strain-drone/Documents/drone_position_hold/ros2_ws/install/mocap4r2_robot_gt_msgs/share/mocap4r2_robot_gt_msgs/package.ps1'
[2.663s] INFO:colcon.colcon_core.shell:Creating package descriptor '/home/strain-drone/Documents/drone_position_hold/ros2_ws/install/mocap4r2_robot_gt_msgs/share/mocap4r2_robot_gt_msgs/package.dsv'
[2.664s] INFO:colcon.colcon_core.shell:Creating package script '/home/strain-drone/Documents/drone_position_hold/ros2_ws/install/mocap4r2_robot_gt_msgs/share/mocap4r2_robot_gt_msgs/package.sh'
[2.664s] INFO:colcon.colcon_core.shell:Creating package script '/home/strain-drone/Documents/drone_position_hold/ros2_ws/install/mocap4r2_robot_gt_msgs/share/mocap4r2_robot_gt_msgs/package.bash'
[2.665s] INFO:colcon.colcon_core.shell:Creating package script '/home/strain-drone/Documents/drone_position_hold/ros2_ws/install/mocap4r2_robot_gt_msgs/share/mocap4r2_robot_gt_msgs/package.zsh'
[2.666s] Level 1:colcon.colcon_core.environment:create_file_with_runtime_dependencies(/home/strain-drone/Documents/drone_position_hold/ros2_ws/install/mocap4r2_robot_gt_msgs/share/colcon-core/packages/mocap4r2_robot_gt_msgs)
[2.668s] INFO:colcon.colcon_ros.task.ament_cmake.build:Building ROS package in '/home/strain-drone/Documents/drone_position_hold/ros2_ws/src/mocap4r2/mocap4r2_control/mocap4r2_control' with build type 'ament_cmake'
[2.669s] INFO:colcon.colcon_cmake.task.cmake.build:Building CMake package in '/home/strain-drone/Documents/drone_position_hold/ros2_ws/src/mocap4r2/mocap4r2_control/mocap4r2_control'
[2.669s] INFO:colcon.colcon_core.shell:Skip shell extension 'powershell' for command environment: Not usable outside of PowerShell
[2.669s] DEBUG:colcon.colcon_core.shell:Skip shell extension 'dsv' for command environment
[2.675s] INFO:colcon.colcon_ros.task.ament_python.build:Building ROS package in '/home/strain-drone/Documents/drone_position_hold/ros2_ws/src/position_publisher' with build type 'ament_python'
[2.676s] Level 1:colcon.colcon_core.shell:create_environment_hook('position_publisher', 'ament_prefix_path')
[2.676s] INFO:colcon.colcon_core.shell:Creating environment hook '/home/strain-drone/Documents/drone_position_hold/ros2_ws/install/position_publisher/share/position_publisher/hook/ament_prefix_path.ps1'
[2.677s] INFO:colcon.colcon_core.shell:Creating environment descriptor '/home/strain-drone/Documents/drone_position_hold/ros2_ws/install/position_publisher/share/position_publisher/hook/ament_prefix_path.dsv'
[2.678s] INFO:colcon.colcon_core.shell:Creating environment hook '/home/strain-drone/Documents/drone_position_hold/ros2_ws/install/position_publisher/share/position_publisher/hook/ament_prefix_path.sh'
[2.680s] INFO:colcon.colcon_core.shell:Skip shell extension 'powershell' for command environment: Not usable outside of PowerShell
[2.680s] DEBUG:colcon.colcon_core.shell:Skip shell extension 'dsv' for command environment
[3.009s] INFO:colcon.colcon_core.task.python.build:Building Python package in '/home/strain-drone/Documents/drone_position_hold/ros2_ws/src/mavros_config'
[3.009s] INFO:colcon.colcon_core.shell:Skip shell extension 'powershell' for command environment: Not usable outside of PowerShell
[3.009s] DEBUG:colcon.colcon_core.shell:Skip shell extension 'dsv' for command environment
[3.021s] DEBUG:colcon.colcon_core.event_handler.log_command:Invoking command in '/home/strain-drone/Documents/drone_position_hold/ros2_ws/build/natnet_ros2': CMAKE_PREFIX_PATH=${CMAKE_PREFIX_PATH}:/home/strain-drone/Documents/drone_position_hold/ros2_ws/install/visualizer:/home/strain-drone/Documents/drone_position_hold/ros2_ws/install/position_publisher:/home/strain-drone/Documents/drone_position_hold/ros2_ws/install/mocap4r2cli:/home/strain-drone/Documents/drone_position_hold/ros2_ws/install/mavros_config:/opt/ros/jazzy DEBUGINFOD_URLS=https://debuginfod.ubuntu.com PS1=(venv-ardupilot) \[\e]0;\u@\h: \w\a\]${debian_chroot:+($debian_chroot)}\[\033[01;32m\]\u@\h\[\033[00m\]:\[\033[01;34m\]\w\[\033[00m\]\$ VIRTUAL_ENV_PROMPT=(venv-ardupilot) /usr/bin/cmake --build /home/strain-drone/Documents/drone_position_hold/ros2_ws/build/natnet_ros2 -- -j4 -l4
[3.030s] DEBUG:colcon.colcon_core.event_handler.log_command:Invoking command in '/home/strain-drone/Documents/drone_position_hold/ros2_ws/build/mocap4r2_control': CMAKE_PREFIX_PATH=/home/strain-drone/Documents/drone_position_hold/ros2_ws/install/mocap4r2_control_msgs:/home/strain-drone/Documents/drone_position_hold/ros2_ws/install/rqt_mocap4r2_control:/home/strain-drone/Documents/drone_position_hold/ros2_ws/install/natnet_ros2:/home/strain-drone/Documents/drone_position_hold/ros2_ws/install/mocap4r2_vicon_driver:/home/strain-drone/Documents/drone_position_hold/ros2_ws/install/mocap4r2_robot_gt:/home/strain-drone/Documents/drone_position_hold/ros2_ws/install/mocap4r2_robot_gt_msgs:/home/strain-drone/Documents/drone_position_hold/ros2_ws/install/mocap4r2_marker_viz:/home/strain-drone/Documents/drone_position_hold/ros2_ws/install/mocap4r2_marker_publisher:/home/strain-drone/Documents/drone_position_hold/ros2_ws/install/mocap4r2_dummy_driver:/home/strain-drone/Documents/drone_position_hold/ros2_ws/install/mocap4r2_msgs:/home/strain-drone/Documents/drone_position_hold/ros2_ws/install/mocap4r2_marker_viz_srvs:/home/strain-drone/Documents/drone_position_hold/ros2_ws/install/mocap4r2_control:/opt/ros/jazzy/opt/gz_math_vendor:/opt/ros/jazzy/opt/gz_utils_vendor:/opt/ros/jazzy/opt/gz_cmake_vendor:/home/strain-drone/Documents/drone_position_hold/ros2_ws/install/visualizer:/home/strain-drone/Documents/drone_position_hold/ros2_ws/install/position_publisher:/home/strain-drone/Documents/drone_position_hold/ros2_ws/install/mocap4r2cli:/home/strain-drone/Documents/drone_position_hold/ros2_ws/install/mavros_config:/opt/ros/jazzy DEBUGINFOD_URLS=https://debuginfod.ubuntu.com LD_LIBRARY_PATH=/home/strain-drone/Documents/drone_position_hold/ros2_ws/install/mocap4r2_control_msgs/lib:/home/strain-drone/Documents/drone_position_hold/ros2_ws/install/rqt_mocap4r2_control/lib:/home/strain-drone/Documents/drone_position_hold/ros2_ws/install/natnet_ros2/lib:/home/strain-drone/Documents/drone_position_hold/ros2_ws/install/mocap4r2_vicon_driver/lib:/home/strain-drone/Documents/drone_position_hold/ros2_ws/install/mocap4r2_robot_gt/lib:/home/strain-drone/Documents/drone_position_hold/ros2_ws/install/mocap4r2_robot_gt_msgs/lib:/home/strain-drone/Documents/drone_position_hold/ros2_ws/install/mocap4r2_msgs/lib:/home/strain-drone/Documents/drone_position_hold/ros2_ws/install/mocap4r2_marker_viz_srvs/lib:/home/strain-drone/Documents/drone_position_hold/ros2_ws/install/mocap4r2_control/lib:/opt/ros/jazzy/opt/rviz_ogre_vendor/lib:/opt/ros/jazzy/lib/aarch64-linux-gnu:/opt/ros/jazzy/opt/gz_math_vendor/lib:/opt/ros/jazzy/opt/gz_utils_vendor/lib:/opt/ros/jazzy/opt/gz_cmake_vendor/lib:/opt/ros/jazzy/lib:/home/strain-drone/Documents/drone_position_hold/ros2_ws/src/natnet_ros2/deps/NatNetSDK/lib PS1=(venv-ardupilot) \[\e]0;\u@\h: \w\a\]${debian_chroot:+($debian_chroot)}\[\033[01;32m\]\u@\h\[\033[00m\]:\[\033[01;34m\]\w\[\033[00m\]\$ PYTHONPATH=/home/strain-drone/Documents/drone_position_hold/ros2_ws/install/mocap4r2_control_msgs/lib/python3.12/site-packages:/home/strain-drone/Documents/drone_position_hold/ros2_ws/install/visualizer/lib/python3.12/site-packages:/home/strain-drone/Documents/drone_position_hold/ros2_ws/install/position_publisher/lib/python3.12/site-packages:/home/strain-drone/Documents/drone_position_hold/ros2_ws/install/natnet_ros2/lib/python3.12/site-packages:/home/strain-drone/Documents/drone_position_hold/ros2_ws/install/mocap4r2cli/lib/python3.12/site-packages:/home/strain-drone/Documents/drone_position_hold/ros2_ws/install/mocap4r2_robot_gt_msgs/lib/python3.12/site-packages:/home/strain-drone/Documents/drone_position_hold/ros2_ws/install/mocap4r2_msgs/lib/python3.12/site-packages:/home/strain-drone/Documents/drone_position_hold/ros2_ws/install/mocap4r2_marker_viz_srvs/lib/python3.12/site-packages:/home/strain-drone/Documents/drone_position_hold/ros2_ws/install/mavros_config/lib/python3.12/site-packages:/opt/ros/jazzy/lib/python3.12/site-packages VIRTUAL_ENV_PROMPT=(venv-ardupilot) /usr/bin/cmake --build /home/strain-drone/Documents/drone_position_hold/ros2_ws/build/mocap4r2_control -- -j4 -l4
[3.666s] INFO:colcon.colcon_core.task.python.build:Building Python package in '/home/strain-drone/Documents/drone_position_hold/ros2_ws/src/position_publisher'
[3.667s] INFO:colcon.colcon_core.shell:Skip shell extension 'powershell' for command environment: Not usable outside of PowerShell
[3.667s] DEBUG:colcon.colcon_core.shell:Skip shell extension 'dsv' for command environment
[3.687s] DEBUG:colcon.colcon_core.event_handler.log_command:Invoked command in '/home/strain-drone/Documents/drone_position_hold/ros2_ws/build/mocap4r2_control' returned '0': CMAKE_PREFIX_PATH=/home/strain-drone/Documents/drone_position_hold/ros2_ws/install/mocap4r2_control_msgs:/home/strain-drone/Documents/drone_position_hold/ros2_ws/install/rqt_mocap4r2_control:/home/strain-drone/Documents/drone_position_hold/ros2_ws/install/natnet_ros2:/home/strain-drone/Documents/drone_position_hold/ros2_ws/install/mocap4r2_vicon_driver:/home/strain-drone/Documents/drone_position_hold/ros2_ws/install/mocap4r2_robot_gt:/home/strain-drone/Documents/drone_position_hold/ros2_ws/install/mocap4r2_robot_gt_msgs:/home/strain-drone/Documents/drone_position_hold/ros2_ws/install/mocap4r2_marker_viz:/home/strain-drone/Documents/drone_position_hold/ros2_ws/install/mocap4r2_marker_publisher:/home/strain-drone/Documents/drone_position_hold/ros2_ws/install/mocap4r2_dummy_driver:/home/strain-drone/Documents/drone_position_hold/ros2_ws/install/mocap4r2_msgs:/home/strain-drone/Documents/drone_position_hold/ros2_ws/install/mocap4r2_marker_viz_srvs:/home/strain-drone/Documents/drone_position_hold/ros2_ws/install/mocap4r2_control:/opt/ros/jazzy/opt/gz_math_vendor:/opt/ros/jazzy/opt/gz_utils_vendor:/opt/ros/jazzy/opt/gz_cmake_vendor:/home/strain-drone/Documents/drone_position_hold/ros2_ws/install/visualizer:/home/strain-drone/Documents/drone_position_hold/ros2_ws/install/position_publisher:/home/strain-drone/Documents/drone_position_hold/ros2_ws/install/mocap4r2cli:/home/strain-drone/Documents/drone_position_hold/ros2_ws/install/mavros_config:/opt/ros/jazzy DEBUGINFOD_URLS=https://debuginfod.ubuntu.com LD_LIBRARY_PATH=/home/strain-drone/Documents/drone_position_hold/ros2_ws/install/mocap4r2_control_msgs/lib:/home/strain-drone/Documents/drone_position_hold/ros2_ws/install/rqt_mocap4r2_control/lib:/home/strain-drone/Documents/drone_position_hold/ros2_ws/install/natnet_ros2/lib:/home/strain-drone/Documents/drone_position_hold/ros2_ws/install/mocap4r2_vicon_driver/lib:/home/strain-drone/Documents/drone_position_hold/ros2_ws/install/mocap4r2_robot_gt/lib:/home/strain-drone/Documents/drone_position_hold/ros2_ws/install/mocap4r2_robot_gt_msgs/lib:/home/strain-drone/Documents/drone_position_hold/ros2_ws/install/mocap4r2_msgs/lib:/home/strain-drone/Documents/drone_position_hold/ros2_ws/install/mocap4r2_marker_viz_srvs/lib:/home/strain-drone/Documents/drone_position_hold/ros2_ws/install/mocap4r2_control/lib:/opt/ros/jazzy/opt/rviz_ogre_vendor/lib:/opt/ros/jazzy/lib/aarch64-linux-gnu:/opt/ros/jazzy/opt/gz_math_vendor/lib:/opt/ros/jazzy/opt/gz_utils_vendor/lib:/opt/ros/jazzy/opt/gz_cmake_vendor/lib:/opt/ros/jazzy/lib:/home/strain-drone/Documents/drone_position_hold/ros2_ws/src/natnet_ros2/deps/NatNetSDK/lib PS1=(venv-ardupilot) \[\e]0;\u@\h: \w\a\]${debian_chroot:+($debian_chroot)}\[\033[01;32m\]\u@\h\[\033[00m\]:\[\033[01;34m\]\w\[\033[00m\]\$ PYTHONPATH=/home/strain-drone/Documents/drone_position_hold/ros2_ws/install/mocap4r2_control_msgs/lib/python3.12/site-packages:/home/strain-drone/Documents/drone_position_hold/ros2_ws/install/visualizer/lib/python3.12/site-packages:/home/strain-drone/Documents/drone_position_hold/ros2_ws/install/position_publisher/lib/python3.12/site-packages:/home/strain-drone/Documents/drone_position_hold/ros2_ws/install/natnet_ros2/lib/python3.12/site-packages:/home/strain-drone/Documents/drone_position_hold/ros2_ws/install/mocap4r2cli/lib/python3.12/site-packages:/home/strain-drone/Documents/drone_position_hold/ros2_ws/install/mocap4r2_robot_gt_msgs/lib/python3.12/site-packages:/home/strain-drone/Documents/drone_position_hold/ros2_ws/install/mocap4r2_msgs/lib/python3.12/site-packages:/home/strain-drone/Documents/drone_position_hold/ros2_ws/install/mocap4r2_marker_viz_srvs/lib/python3.12/site-packages:/home/strain-drone/Documents/drone_position_hold/ros2_ws/install/mavros_config/lib/python3.12/site-packages:/opt/ros/jazzy/lib/python3.12/site-packages VIRTUAL_ENV_PROMPT=(venv-ardupilot) /usr/bin/cmake --build /home/strain-drone/Documents/drone_position_hold/ros2_ws/build/mocap4r2_control -- -j4 -l4
[3.687s] DEBUG:colcon.colcon_core.event_handler.log_command:Invoking command in '/home/strain-drone/Documents/drone_position_hold/ros2_ws/build/mocap4r2_control': CMAKE_PREFIX_PATH=/home/strain-drone/Documents/drone_position_hold/ros2_ws/install/mocap4r2_control_msgs:/home/strain-drone/Documents/drone_position_hold/ros2_ws/install/rqt_mocap4r2_control:/home/strain-drone/Documents/drone_position_hold/ros2_ws/install/natnet_ros2:/home/strain-drone/Documents/drone_position_hold/ros2_ws/install/mocap4r2_vicon_driver:/home/strain-drone/Documents/drone_position_hold/ros2_ws/install/mocap4r2_robot_gt:/home/strain-drone/Documents/drone_position_hold/ros2_ws/install/mocap4r2_robot_gt_msgs:/home/strain-drone/Documents/drone_position_hold/ros2_ws/install/mocap4r2_marker_viz:/home/strain-drone/Documents/drone_position_hold/ros2_ws/install/mocap4r2_marker_publisher:/home/strain-drone/Documents/drone_position_hold/ros2_ws/install/mocap4r2_dummy_driver:/home/strain-drone/Documents/drone_position_hold/ros2_ws/install/mocap4r2_msgs:/home/strain-drone/Documents/drone_position_hold/ros2_ws/install/mocap4r2_marker_viz_srvs:/home/strain-drone/Documents/drone_position_hold/ros2_ws/install/mocap4r2_control:/opt/ros/jazzy/opt/gz_math_vendor:/opt/ros/jazzy/opt/gz_utils_vendor:/opt/ros/jazzy/opt/gz_cmake_vendor:/home/strain-drone/Documents/drone_position_hold/ros2_ws/install/visualizer:/home/strain-drone/Documents/drone_position_hold/ros2_ws/install/position_publisher:/home/strain-drone/Documents/drone_position_hold/ros2_ws/install/mocap4r2cli:/home/strain-drone/Documents/drone_position_hold/ros2_ws/install/mavros_config:/opt/ros/jazzy DEBUGINFOD_URLS=https://debuginfod.ubuntu.com LD_LIBRARY_PATH=/home/strain-drone/Documents/drone_position_hold/ros2_ws/install/mocap4r2_control_msgs/lib:/home/strain-drone/Documents/drone_position_hold/ros2_ws/install/rqt_mocap4r2_control/lib:/home/strain-drone/Documents/drone_position_hold/ros2_ws/install/natnet_ros2/lib:/home/strain-drone/Documents/drone_position_hold/ros2_ws/install/mocap4r2_vicon_driver/lib:/home/strain-drone/Documents/drone_position_hold/ros2_ws/install/mocap4r2_robot_gt/lib:/home/strain-drone/Documents/drone_position_hold/ros2_ws/install/mocap4r2_robot_gt_msgs/lib:/home/strain-drone/Documents/drone_position_hold/ros2_ws/install/mocap4r2_msgs/lib:/home/strain-drone/Documents/drone_position_hold/ros2_ws/install/mocap4r2_marker_viz_srvs/lib:/home/strain-drone/Documents/drone_position_hold/ros2_ws/install/mocap4r2_control/lib:/opt/ros/jazzy/opt/rviz_ogre_vendor/lib:/opt/ros/jazzy/lib/aarch64-linux-gnu:/opt/ros/jazzy/opt/gz_math_vendor/lib:/opt/ros/jazzy/opt/gz_utils_vendor/lib:/opt/ros/jazzy/opt/gz_cmake_vendor/lib:/opt/ros/jazzy/lib:/home/strain-drone/Documents/drone_position_hold/ros2_ws/src/natnet_ros2/deps/NatNetSDK/lib PS1=(venv-ardupilot) \[\e]0;\u@\h: \w\a\]${debian_chroot:+($debian_chroot)}\[\033[01;32m\]\u@\h\[\033[00m\]:\[\033[01;34m\]\w\[\033[00m\]\$ PYTHONPATH=/home/strain-drone/Documents/drone_position_hold/ros2_ws/install/mocap4r2_control_msgs/lib/python3.12/site-packages:/home/strain-drone/Documents/drone_position_hold/ros2_ws/install/visualizer/lib/python3.12/site-packages:/home/strain-drone/Documents/drone_position_hold/ros2_ws/install/position_publisher/lib/python3.12/site-packages:/home/strain-drone/Documents/drone_position_hold/ros2_ws/install/natnet_ros2/lib/python3.12/site-packages:/home/strain-drone/Documents/drone_position_hold/ros2_ws/install/mocap4r2cli/lib/python3.12/site-packages:/home/strain-drone/Documents/drone_position_hold/ros2_ws/install/mocap4r2_robot_gt_msgs/lib/python3.12/site-packages:/home/strain-drone/Documents/drone_position_hold/ros2_ws/install/mocap4r2_msgs/lib/python3.12/site-packages:/home/strain-drone/Documents/drone_position_hold/ros2_ws/install/mocap4r2_marker_viz_srvs/lib/python3.12/site-packages:/home/strain-drone/Documents/drone_position_hold/ros2_ws/install/mavros_config/lib/python3.12/site-packages:/opt/ros/jazzy/lib/python3.12/site-packages VIRTUAL_ENV_PROMPT=(venv-ardupilot) /usr/bin/cmake --install /home/strain-drone/Documents/drone_position_hold/ros2_ws/build/mocap4r2_control
[3.760s] Level 1:colcon.colcon_core.environment:create_environment_scripts_only(mocap4r2_control)
[3.760s] Level 1:colcon.colcon_core.environment:checking '/home/strain-drone/Documents/drone_position_hold/ros2_ws/install/mocap4r2_control' for CMake module files
[3.762s] Level 1:colcon.colcon_core.environment:checking '/home/strain-drone/Documents/drone_position_hold/ros2_ws/install/mocap4r2_control' for CMake config files
[3.765s] DEBUG:colcon.colcon_core.event_handler.log_command:Invoked command in '/home/strain-drone/Documents/drone_position_hold/ros2_ws/build/mocap4r2_control' returned '0': CMAKE_PREFIX_PATH=/home/strain-drone/Documents/drone_position_hold/ros2_ws/install/mocap4r2_control_msgs:/home/strain-drone/Documents/drone_position_hold/ros2_ws/install/rqt_mocap4r2_control:/home/strain-drone/Documents/drone_position_hold/ros2_ws/install/natnet_ros2:/home/strain-drone/Documents/drone_position_hold/ros2_ws/install/mocap4r2_vicon_driver:/home/strain-drone/Documents/drone_position_hold/ros2_ws/install/mocap4r2_robot_gt:/home/strain-drone/Documents/drone_position_hold/ros2_ws/install/mocap4r2_robot_gt_msgs:/home/strain-drone/Documents/drone_position_hold/ros2_ws/install/mocap4r2_marker_viz:/home/strain-drone/Documents/drone_position_hold/ros2_ws/install/mocap4r2_marker_publisher:/home/strain-drone/Documents/drone_position_hold/ros2_ws/install/mocap4r2_dummy_driver:/home/strain-drone/Documents/drone_position_hold/ros2_ws/install/mocap4r2_msgs:/home/strain-drone/Documents/drone_position_hold/ros2_ws/install/mocap4r2_marker_viz_srvs:/home/strain-drone/Documents/drone_position_hold/ros2_ws/install/mocap4r2_control:/opt/ros/jazzy/opt/gz_math_vendor:/opt/ros/jazzy/opt/gz_utils_vendor:/opt/ros/jazzy/opt/gz_cmake_vendor:/home/strain-drone/Documents/drone_position_hold/ros2_ws/install/visualizer:/home/strain-drone/Documents/drone_position_hold/ros2_ws/install/position_publisher:/home/strain-drone/Documents/drone_position_hold/ros2_ws/install/mocap4r2cli:/home/strain-drone/Documents/drone_position_hold/ros2_ws/install/mavros_config:/opt/ros/jazzy DEBUGINFOD_URLS=https://debuginfod.ubuntu.com LD_LIBRARY_PATH=/home/strain-drone/Documents/drone_position_hold/ros2_ws/install/mocap4r2_control_msgs/lib:/home/strain-drone/Documents/drone_position_hold/ros2_ws/install/rqt_mocap4r2_control/lib:/home/strain-drone/Documents/drone_position_hold/ros2_ws/install/natnet_ros2/lib:/home/strain-drone/Documents/drone_position_hold/ros2_ws/install/mocap4r2_vicon_driver/lib:/home/strain-drone/Documents/drone_position_hold/ros2_ws/install/mocap4r2_robot_gt/lib:/home/strain-drone/Documents/drone_position_hold/ros2_ws/install/mocap4r2_robot_gt_msgs/lib:/home/strain-drone/Documents/drone_position_hold/ros2_ws/install/mocap4r2_msgs/lib:/home/strain-drone/Documents/drone_position_hold/ros2_ws/install/mocap4r2_marker_viz_srvs/lib:/home/strain-drone/Documents/drone_position_hold/ros2_ws/install/mocap4r2_control/lib:/opt/ros/jazzy/opt/rviz_ogre_vendor/lib:/opt/ros/jazzy/lib/aarch64-linux-gnu:/opt/ros/jazzy/opt/gz_math_vendor/lib:/opt/ros/jazzy/opt/gz_utils_vendor/lib:/opt/ros/jazzy/opt/gz_cmake_vendor/lib:/opt/ros/jazzy/lib:/home/strain-drone/Documents/drone_position_hold/ros2_ws/src/natnet_ros2/deps/NatNetSDK/lib PS1=(venv-ardupilot) \[\e]0;\u@\h: \w\a\]${debian_chroot:+($debian_chroot)}\[\033[01;32m\]\u@\h\[\033[00m\]:\[\033[01;34m\]\w\[\033[00m\]\$ PYTHONPATH=/home/strain-drone/Documents/drone_position_hold/ros2_ws/install/mocap4r2_control_msgs/lib/python3.12/site-packages:/home/strain-drone/Documents/drone_position_hold/ros2_ws/install/visualizer/lib/python3.12/site-packages:/home/strain-drone/Documents/drone_position_hold/ros2_ws/install/position_publisher/lib/python3.12/site-packages:/home/strain-drone/Documents/drone_position_hold/ros2_ws/install/natnet_ros2/lib/python3.12/site-packages:/home/strain-drone/Documents/drone_position_hold/ros2_ws/install/mocap4r2cli/lib/python3.12/site-packages:/home/strain-drone/Documents/drone_position_hold/ros2_ws/install/mocap4r2_robot_gt_msgs/lib/python3.12/site-packages:/home/strain-drone/Documents/drone_position_hold/ros2_ws/install/mocap4r2_msgs/lib/python3.12/site-packages:/home/strain-drone/Documents/drone_position_hold/ros2_ws/install/mocap4r2_marker_viz_srvs/lib/python3.12/site-packages:/home/strain-drone/Documents/drone_position_hold/ros2_ws/install/mavros_config/lib/python3.12/site-packages:/opt/ros/jazzy/lib/python3.12/site-packages VIRTUAL_ENV_PROMPT=(venv-ardupilot) /usr/bin/cmake --install /home/strain-drone/Documents/drone_position_hold/ros2_ws/build/mocap4r2_control
[3.765s] Level 1:colcon.colcon_core.shell:create_environment_hook('mocap4r2_control', 'cmake_prefix_path')
[3.765s] INFO:colcon.colcon_core.shell:Creating environment hook '/home/strain-drone/Documents/drone_position_hold/ros2_ws/install/mocap4r2_control/share/mocap4r2_control/hook/cmake_prefix_path.ps1'
[3.769s] INFO:colcon.colcon_core.shell:Creating environment descriptor '/home/strain-drone/Documents/drone_position_hold/ros2_ws/install/mocap4r2_control/share/mocap4r2_control/hook/cmake_prefix_path.dsv'
[3.770s] INFO:colcon.colcon_core.shell:Creating environment hook '/home/strain-drone/Documents/drone_position_hold/ros2_ws/install/mocap4r2_control/share/mocap4r2_control/hook/cmake_prefix_path.sh'
[3.773s] Level 1:colcon.colcon_core.environment:checking '/home/strain-drone/Documents/drone_position_hold/ros2_ws/install/mocap4r2_control/lib'
[3.773s] Level 1:colcon.colcon_core.shell:create_environment_hook('mocap4r2_control', 'ld_library_path_lib')
[3.774s] INFO:colcon.colcon_core.shell:Creating environment hook '/home/strain-drone/Documents/drone_position_hold/ros2_ws/install/mocap4r2_control/share/mocap4r2_control/hook/ld_library_path_lib.ps1'
[3.775s] INFO:colcon.colcon_core.shell:Creating environment descriptor '/home/strain-drone/Documents/drone_position_hold/ros2_ws/install/mocap4r2_control/share/mocap4r2_control/hook/ld_library_path_lib.dsv'
[3.777s] INFO:colcon.colcon_core.shell:Creating environment hook '/home/strain-drone/Documents/drone_position_hold/ros2_ws/install/mocap4r2_control/share/mocap4r2_control/hook/ld_library_path_lib.sh'
[3.780s] Level 1:colcon.colcon_core.environment:checking '/home/strain-drone/Documents/drone_position_hold/ros2_ws/install/mocap4r2_control/bin'
[3.780s] Level 1:colcon.colcon_core.environment:checking '/home/strain-drone/Documents/drone_position_hold/ros2_ws/install/mocap4r2_control/lib/pkgconfig/mocap4r2_control.pc'
[3.781s] Level 1:colcon.colcon_core.environment:checking '/home/strain-drone/Documents/drone_position_hold/ros2_ws/install/mocap4r2_control/lib/python3.12/site-packages'
[3.781s] Level 1:colcon.colcon_core.environment:checking '/home/strain-drone/Documents/drone_position_hold/ros2_ws/install/mocap4r2_control/bin'
[3.782s] INFO:colcon.colcon_core.shell:Creating package script '/home/strain-drone/Documents/drone_position_hold/ros2_ws/install/mocap4r2_control/share/mocap4r2_control/package.ps1'
[3.786s] INFO:colcon.colcon_core.shell:Creating package descriptor '/home/strain-drone/Documents/drone_position_hold/ros2_ws/install/mocap4r2_control/share/mocap4r2_control/package.dsv'
[3.788s] INFO:colcon.colcon_core.shell:Creating package script '/home/strain-drone/Documents/drone_position_hold/ros2_ws/install/mocap4r2_control/share/mocap4r2_control/package.sh'
[3.791s] INFO:colcon.colcon_core.shell:Creating package script '/home/strain-drone/Documents/drone_position_hold/ros2_ws/install/mocap4r2_control/share/mocap4r2_control/package.bash'
[3.883s] INFO:colcon.colcon_core.shell:Creating package script '/home/strain-drone/Documents/drone_position_hold/ros2_ws/install/mocap4r2_control/share/mocap4r2_control/package.zsh'
[3.884s] Level 1:colcon.colcon_core.environment:create_file_with_runtime_dependencies(/home/strain-drone/Documents/drone_position_hold/ros2_ws/install/mocap4r2_control/share/colcon-core/packages/mocap4r2_control)
[3.886s] Level 1:colcon.colcon_core.environment:create_environment_scripts_only(mocap4r2_control)
[3.887s] Level 1:colcon.colcon_core.environment:checking '/home/strain-drone/Documents/drone_position_hold/ros2_ws/install/mocap4r2_control' for CMake module files
[3.891s] Level 1:colcon.colcon_core.environment:checking '/home/strain-drone/Documents/drone_position_hold/ros2_ws/install/mocap4r2_control' for CMake config files
[3.891s] Level 1:colcon.colcon_core.shell:create_environment_hook('mocap4r2_control', 'cmake_prefix_path')
[3.891s] INFO:colcon.colcon_core.shell:Creating environment hook '/home/strain-drone/Documents/drone_position_hold/ros2_ws/install/mocap4r2_control/share/mocap4r2_control/hook/cmake_prefix_path.ps1'
[3.892s] INFO:colcon.colcon_core.shell:Creating environment descriptor '/home/strain-drone/Documents/drone_position_hold/ros2_ws/install/mocap4r2_control/share/mocap4r2_control/hook/cmake_prefix_path.dsv'
[3.895s] INFO:colcon.colcon_core.shell:Creating environment hook '/home/strain-drone/Documents/drone_position_hold/ros2_ws/install/mocap4r2_control/share/mocap4r2_control/hook/cmake_prefix_path.sh'
[3.897s] Level 1:colcon.colcon_core.environment:checking '/home/strain-drone/Documents/drone_position_hold/ros2_ws/install/mocap4r2_control/lib'
[3.897s] Level 1:colcon.colcon_core.shell:create_environment_hook('mocap4r2_control', 'ld_library_path_lib')
[3.899s] INFO:colcon.colcon_core.shell:Creating environment hook '/home/strain-drone/Documents/drone_position_hold/ros2_ws/install/mocap4r2_control/share/mocap4r2_control/hook/ld_library_path_lib.ps1'
[3.900s] INFO:colcon.colcon_core.shell:Creating environment descriptor '/home/strain-drone/Documents/drone_position_hold/ros2_ws/install/mocap4r2_control/share/mocap4r2_control/hook/ld_library_path_lib.dsv'
[3.905s] INFO:colcon.colcon_core.shell:Creating environment hook '/home/strain-drone/Documents/drone_position_hold/ros2_ws/install/mocap4r2_control/share/mocap4r2_control/hook/ld_library_path_lib.sh'
[3.906s] Level 1:colcon.colcon_core.environment:checking '/home/strain-drone/Documents/drone_position_hold/ros2_ws/install/mocap4r2_control/bin'
[3.907s] Level 1:colcon.colcon_core.environment:checking '/home/strain-drone/Documents/drone_position_hold/ros2_ws/install/mocap4r2_control/lib/pkgconfig/mocap4r2_control.pc'
[3.907s] Level 1:colcon.colcon_core.environment:checking '/home/strain-drone/Documents/drone_position_hold/ros2_ws/install/mocap4r2_control/lib/python3.12/site-packages'
[3.907s] Level 1:colcon.colcon_core.environment:checking '/home/strain-drone/Documents/drone_position_hold/ros2_ws/install/mocap4r2_control/bin'
[3.911s] INFO:colcon.colcon_core.shell:Creating package script '/home/strain-drone/Documents/drone_position_hold/ros2_ws/install/mocap4r2_control/share/mocap4r2_control/package.ps1'
[3.912s] INFO:colcon.colcon_core.shell:Creating package descriptor '/home/strain-drone/Documents/drone_position_hold/ros2_ws/install/mocap4r2_control/share/mocap4r2_control/package.dsv'
[3.915s] INFO:colcon.colcon_core.shell:Creating package script '/home/strain-drone/Documents/drone_position_hold/ros2_ws/install/mocap4r2_control/share/mocap4r2_control/package.sh'
[3.916s] INFO:colcon.colcon_core.shell:Creating package script '/home/strain-drone/Documents/drone_position_hold/ros2_ws/install/mocap4r2_control/share/mocap4r2_control/package.bash'
[3.920s] INFO:colcon.colcon_core.shell:Creating package script '/home/strain-drone/Documents/drone_position_hold/ros2_ws/install/mocap4r2_control/share/mocap4r2_control/package.zsh'
[3.921s] Level 1:colcon.colcon_core.environment:create_file_with_runtime_dependencies(/home/strain-drone/Documents/drone_position_hold/ros2_ws/install/mocap4r2_control/share/colcon-core/packages/mocap4r2_control)
[3.923s] INFO:colcon.colcon_ros.task.ament_python.build:Building ROS package in '/home/strain-drone/Documents/drone_position_hold/ros2_ws/src/visualizer' with build type 'ament_python'
[3.924s] Level 1:colcon.colcon_core.shell:create_environment_hook('visualizer', 'ament_prefix_path')
[3.926s] INFO:colcon.colcon_core.shell:Creating environment hook '/home/strain-drone/Documents/drone_position_hold/ros2_ws/install/visualizer/share/visualizer/hook/ament_prefix_path.ps1'
[3.931s] INFO:colcon.colcon_core.shell:Creating environment descriptor '/home/strain-drone/Documents/drone_position_hold/ros2_ws/install/visualizer/share/visualizer/hook/ament_prefix_path.dsv'
[3.934s] INFO:colcon.colcon_core.shell:Creating environment hook '/home/strain-drone/Documents/drone_position_hold/ros2_ws/install/visualizer/share/visualizer/hook/ament_prefix_path.sh'
[3.938s] INFO:colcon.colcon_core.shell:Skip shell extension 'powershell' for command environment: Not usable outside of PowerShell
[3.938s] DEBUG:colcon.colcon_core.shell:Skip shell extension 'dsv' for command environment
[4.489s] INFO:colcon.colcon_core.task.python.build:Building Python package in '/home/strain-drone/Documents/drone_position_hold/ros2_ws/src/visualizer'
[4.490s] INFO:colcon.colcon_core.shell:Skip shell extension 'powershell' for command environment: Not usable outside of PowerShell
[4.490s] DEBUG:colcon.colcon_core.shell:Skip shell extension 'dsv' for command environment
[4.500s] DEBUG:colcon.colcon_core.event_handler.log_command:Invoked command in '/home/strain-drone/Documents/drone_position_hold/ros2_ws/build/natnet_ros2' returned '0': CMAKE_PREFIX_PATH=${CMAKE_PREFIX_PATH}:/home/strain-drone/Documents/drone_position_hold/ros2_ws/install/visualizer:/home/strain-drone/Documents/drone_position_hold/ros2_ws/install/position_publisher:/home/strain-drone/Documents/drone_position_hold/ros2_ws/install/mocap4r2cli:/home/strain-drone/Documents/drone_position_hold/ros2_ws/install/mavros_config:/opt/ros/jazzy DEBUGINFOD_URLS=https://debuginfod.ubuntu.com PS1=(venv-ardupilot) \[\e]0;\u@\h: \w\a\]${debian_chroot:+($debian_chroot)}\[\033[01;32m\]\u@\h\[\033[00m\]:\[\033[01;34m\]\w\[\033[00m\]\$ VIRTUAL_ENV_PROMPT=(venv-ardupilot) /usr/bin/cmake --build /home/strain-drone/Documents/drone_position_hold/ros2_ws/build/natnet_ros2 -- -j4 -l4
[4.500s] DEBUG:colcon.colcon_core.event_handler.log_command:Invoking command in '/home/strain-drone/Documents/drone_position_hold/ros2_ws/build/natnet_ros2': CMAKE_PREFIX_PATH=${CMAKE_PREFIX_PATH}:/home/strain-drone/Documents/drone_position_hold/ros2_ws/install/visualizer:/home/strain-drone/Documents/drone_position_hold/ros2_ws/install/position_publisher:/home/strain-drone/Documents/drone_position_hold/ros2_ws/install/mocap4r2cli:/home/strain-drone/Documents/drone_position_hold/ros2_ws/install/mavros_config:/opt/ros/jazzy DEBUGINFOD_URLS=https://debuginfod.ubuntu.com PS1=(venv-ardupilot) \[\e]0;\u@\h: \w\a\]${debian_chroot:+($debian_chroot)}\[\033[01;32m\]\u@\h\[\033[00m\]:\[\033[01;34m\]\w\[\033[00m\]\$ VIRTUAL_ENV_PROMPT=(venv-ardupilot) /usr/bin/cmake --install /home/strain-drone/Documents/drone_position_hold/ros2_ws/build/natnet_ros2
[4.729s] Level 1:colcon.colcon_core.environment:create_environment_scripts_only(natnet_ros2)
[4.729s] Level 1:colcon.colcon_core.environment:checking '/home/strain-drone/Documents/drone_position_hold/ros2_ws/install/natnet_ros2' for CMake module files
[4.730s] Level 1:colcon.colcon_core.environment:checking '/home/strain-drone/Documents/drone_position_hold/ros2_ws/install/natnet_ros2' for CMake config files
[4.732s] DEBUG:colcon.colcon_core.event_handler.log_command:Invoked command in '/home/strain-drone/Documents/drone_position_hold/ros2_ws/build/natnet_ros2' returned '0': CMAKE_PREFIX_PATH=${CMAKE_PREFIX_PATH}:/home/strain-drone/Documents/drone_position_hold/ros2_ws/install/visualizer:/home/strain-drone/Documents/drone_position_hold/ros2_ws/install/position_publisher:/home/strain-drone/Documents/drone_position_hold/ros2_ws/install/mocap4r2cli:/home/strain-drone/Documents/drone_position_hold/ros2_ws/install/mavros_config:/opt/ros/jazzy DEBUGINFOD_URLS=https://debuginfod.ubuntu.com PS1=(venv-ardupilot) \[\e]0;\u@\h: \w\a\]${debian_chroot:+($debian_chroot)}\[\033[01;32m\]\u@\h\[\033[00m\]:\[\033[01;34m\]\w\[\033[00m\]\$ VIRTUAL_ENV_PROMPT=(venv-ardupilot) /usr/bin/cmake --install /home/strain-drone/Documents/drone_position_hold/ros2_ws/build/natnet_ros2
[4.732s] Level 1:colcon.colcon_core.shell:create_environment_hook('natnet_ros2', 'cmake_prefix_path')
[4.733s] INFO:colcon.colcon_core.shell:Creating environment hook '/home/strain-drone/Documents/drone_position_hold/ros2_ws/install/natnet_ros2/share/natnet_ros2/hook/cmake_prefix_path.ps1'
[4.733s] INFO:colcon.colcon_core.shell:Creating environment descriptor '/home/strain-drone/Documents/drone_position_hold/ros2_ws/install/natnet_ros2/share/natnet_ros2/hook/cmake_prefix_path.dsv'
[4.735s] INFO:colcon.colcon_core.shell:Creating environment hook '/home/strain-drone/Documents/drone_position_hold/ros2_ws/install/natnet_ros2/share/natnet_ros2/hook/cmake_prefix_path.sh'
[4.737s] Level 1:colcon.colcon_core.environment:checking '/home/strain-drone/Documents/drone_position_hold/ros2_ws/install/natnet_ros2/lib'
[4.737s] Level 1:colcon.colcon_core.shell:create_environment_hook('natnet_ros2', 'ld_library_path_lib')
[4.737s] INFO:colcon.colcon_core.shell:Creating environment hook '/home/strain-drone/Documents/drone_position_hold/ros2_ws/install/natnet_ros2/share/natnet_ros2/hook/ld_library_path_lib.ps1'
[4.739s] INFO:colcon.colcon_core.shell:Creating environment descriptor '/home/strain-drone/Documents/drone_position_hold/ros2_ws/install/natnet_ros2/share/natnet_ros2/hook/ld_library_path_lib.dsv'
[4.740s] INFO:colcon.colcon_core.shell:Creating environment hook '/home/strain-drone/Documents/drone_position_hold/ros2_ws/install/natnet_ros2/share/natnet_ros2/hook/ld_library_path_lib.sh'
[4.742s] Level 1:colcon.colcon_core.environment:checking '/home/strain-drone/Documents/drone_position_hold/ros2_ws/install/natnet_ros2/bin'
[4.742s] Level 1:colcon.colcon_core.shell:create_environment_hook('natnet_ros2', 'path')
[4.742s] INFO:colcon.colcon_core.shell:Creating environment hook '/home/strain-drone/Documents/drone_position_hold/ros2_ws/install/natnet_ros2/share/natnet_ros2/hook/path.ps1'
[4.743s] INFO:colcon.colcon_core.shell:Creating environment descriptor '/home/strain-drone/Documents/drone_position_hold/ros2_ws/install/natnet_ros2/share/natnet_ros2/hook/path.dsv'
[4.745s] INFO:colcon.colcon_core.shell:Creating environment hook '/home/strain-drone/Documents/drone_position_hold/ros2_ws/install/natnet_ros2/share/natnet_ros2/hook/path.sh'
[4.747s] Level 1:colcon.colcon_core.environment:checking '/home/strain-drone/Documents/drone_position_hold/ros2_ws/install/natnet_ros2/lib/pkgconfig/natnet_ros2.pc'
[4.747s] Level 1:colcon.colcon_core.environment:checking '/home/strain-drone/Documents/drone_position_hold/ros2_ws/install/natnet_ros2/lib/python3.12/site-packages'
[4.747s] Level 1:colcon.colcon_core.shell:create_environment_hook('natnet_ros2', 'pythonpath')
[4.748s] INFO:colcon.colcon_core.shell:Creating environment hook '/home/strain-drone/Documents/drone_position_hold/ros2_ws/install/natnet_ros2/share/natnet_ros2/hook/pythonpath.ps1'
[4.751s] INFO:colcon.colcon_core.shell:Creating environment descriptor '/home/strain-drone/Documents/drone_position_hold/ros2_ws/install/natnet_ros2/share/natnet_ros2/hook/pythonpath.dsv'
[4.751s] INFO:colcon.colcon_core.shell:Creating environment hook '/home/strain-drone/Documents/drone_position_hold/ros2_ws/install/natnet_ros2/share/natnet_ros2/hook/pythonpath.sh'
[4.752s] Level 1:colcon.colcon_core.environment:checking '/home/strain-drone/Documents/drone_position_hold/ros2_ws/install/natnet_ros2/bin'
[4.753s] Level 1:colcon.colcon_core.shell:create_environment_hook('natnet_ros2', 'pythonscriptspath')
[4.753s] INFO:colcon.colcon_core.shell:Creating environment hook '/home/strain-drone/Documents/drone_position_hold/ros2_ws/install/natnet_ros2/share/natnet_ros2/hook/pythonscriptspath.ps1'
[4.753s] INFO:colcon.colcon_core.shell:Creating environment descriptor '/home/strain-drone/Documents/drone_position_hold/ros2_ws/install/natnet_ros2/share/natnet_ros2/hook/pythonscriptspath.dsv'
[4.754s] INFO:colcon.colcon_core.shell:Creating environment hook '/home/strain-drone/Documents/drone_position_hold/ros2_ws/install/natnet_ros2/share/natnet_ros2/hook/pythonscriptspath.sh'
[4.755s] INFO:colcon.colcon_core.shell:Creating package script '/home/strain-drone/Documents/drone_position_hold/ros2_ws/install/natnet_ros2/share/natnet_ros2/package.ps1'
[4.756s] INFO:colcon.colcon_core.shell:Creating package descriptor '/home/strain-drone/Documents/drone_position_hold/ros2_ws/install/natnet_ros2/share/natnet_ros2/package.dsv'
[4.757s] INFO:colcon.colcon_core.shell:Creating package script '/home/strain-drone/Documents/drone_position_hold/ros2_ws/install/natnet_ros2/share/natnet_ros2/package.sh'
[4.758s] INFO:colcon.colcon_core.shell:Creating package script '/home/strain-drone/Documents/drone_position_hold/ros2_ws/install/natnet_ros2/share/natnet_ros2/package.bash'
[4.759s] INFO:colcon.colcon_core.shell:Creating package script '/home/strain-drone/Documents/drone_position_hold/ros2_ws/install/natnet_ros2/share/natnet_ros2/package.zsh'
[4.760s] Level 1:colcon.colcon_core.environment:create_file_with_runtime_dependencies(/home/strain-drone/Documents/drone_position_hold/ros2_ws/install/natnet_ros2/share/colcon-core/packages/natnet_ros2)
[4.762s] Level 1:colcon.colcon_core.environment:create_environment_scripts_only(natnet_ros2)
[4.762s] Level 1:colcon.colcon_core.environment:checking '/home/strain-drone/Documents/drone_position_hold/ros2_ws/install/natnet_ros2' for CMake module files
[4.763s] Level 1:colcon.colcon_core.environment:checking '/home/strain-drone/Documents/drone_position_hold/ros2_ws/install/natnet_ros2' for CMake config files
[4.764s] Level 1:colcon.colcon_core.shell:create_environment_hook('natnet_ros2', 'cmake_prefix_path')
[4.764s] INFO:colcon.colcon_core.shell:Creating environment hook '/home/strain-drone/Documents/drone_position_hold/ros2_ws/install/natnet_ros2/share/natnet_ros2/hook/cmake_prefix_path.ps1'
[4.765s] INFO:colcon.colcon_core.shell:Creating environment descriptor '/home/strain-drone/Documents/drone_position_hold/ros2_ws/install/natnet_ros2/share/natnet_ros2/hook/cmake_prefix_path.dsv'
[4.766s] INFO:colcon.colcon_core.shell:Creating environment hook '/home/strain-drone/Documents/drone_position_hold/ros2_ws/install/natnet_ros2/share/natnet_ros2/hook/cmake_prefix_path.sh'
[4.768s] Level 1:colcon.colcon_core.environment:checking '/home/strain-drone/Documents/drone_position_hold/ros2_ws/install/natnet_ros2/lib'
[4.768s] Level 1:colcon.colcon_core.shell:create_environment_hook('natnet_ros2', 'ld_library_path_lib')
[4.768s] INFO:colcon.colcon_core.shell:Creating environment hook '/home/strain-drone/Documents/drone_position_hold/ros2_ws/install/natnet_ros2/share/natnet_ros2/hook/ld_library_path_lib.ps1'
[4.769s] INFO:colcon.colcon_core.shell:Creating environment descriptor '/home/strain-drone/Documents/drone_position_hold/ros2_ws/install/natnet_ros2/share/natnet_ros2/hook/ld_library_path_lib.dsv'
[4.770s] INFO:colcon.colcon_core.shell:Creating environment hook '/home/strain-drone/Documents/drone_position_hold/ros2_ws/install/natnet_ros2/share/natnet_ros2/hook/ld_library_path_lib.sh'
[4.772s] Level 1:colcon.colcon_core.environment:checking '/home/strain-drone/Documents/drone_position_hold/ros2_ws/install/natnet_ros2/bin'
[4.772s] Level 1:colcon.colcon_core.shell:create_environment_hook('natnet_ros2', 'path')
[4.772s] INFO:colcon.colcon_core.shell:Creating environment hook '/home/strain-drone/Documents/drone_position_hold/ros2_ws/install/natnet_ros2/share/natnet_ros2/hook/path.ps1'
[4.773s] INFO:colcon.colcon_core.shell:Creating environment descriptor '/home/strain-drone/Documents/drone_position_hold/ros2_ws/install/natnet_ros2/share/natnet_ros2/hook/path.dsv'
[4.775s] INFO:colcon.colcon_core.shell:Creating environment hook '/home/strain-drone/Documents/drone_position_hold/ros2_ws/install/natnet_ros2/share/natnet_ros2/hook/path.sh'
[4.776s] Level 1:colcon.colcon_core.environment:checking '/home/strain-drone/Documents/drone_position_hold/ros2_ws/install/natnet_ros2/lib/pkgconfig/natnet_ros2.pc'
[4.777s] Level 1:colcon.colcon_core.environment:checking '/home/strain-drone/Documents/drone_position_hold/ros2_ws/install/natnet_ros2/lib/python3.12/site-packages'
[4.777s] Level 1:colcon.colcon_core.shell:create_environment_hook('natnet_ros2', 'pythonpath')
[4.777s] INFO:colcon.colcon_core.shell:Creating environment hook '/home/strain-drone/Documents/drone_position_hold/ros2_ws/install/natnet_ros2/share/natnet_ros2/hook/pythonpath.ps1'
[4.778s] INFO:colcon.colcon_core.shell:Creating environment descriptor '/home/strain-drone/Documents/drone_position_hold/ros2_ws/install/natnet_ros2/share/natnet_ros2/hook/pythonpath.dsv'
[4.779s] INFO:colcon.colcon_core.shell:Creating environment hook '/home/strain-drone/Documents/drone_position_hold/ros2_ws/install/natnet_ros2/share/natnet_ros2/hook/pythonpath.sh'
[4.781s] Level 1:colcon.colcon_core.environment:checking '/home/strain-drone/Documents/drone_position_hold/ros2_ws/install/natnet_ros2/bin'
[4.782s] Level 1:colcon.colcon_core.shell:create_environment_hook('natnet_ros2', 'pythonscriptspath')
[4.782s] INFO:colcon.colcon_core.shell:Creating environment hook '/home/strain-drone/Documents/drone_position_hold/ros2_ws/install/natnet_ros2/share/natnet_ros2/hook/pythonscriptspath.ps1'
[4.785s] INFO:colcon.colcon_core.shell:Creating environment descriptor '/home/strain-drone/Documents/drone_position_hold/ros2_ws/install/natnet_ros2/share/natnet_ros2/hook/pythonscriptspath.dsv'
[4.786s] INFO:colcon.colcon_core.shell:Creating environment hook '/home/strain-drone/Documents/drone_position_hold/ros2_ws/install/natnet_ros2/share/natnet_ros2/hook/pythonscriptspath.sh'
[4.787s] INFO:colcon.colcon_core.shell:Creating package script '/home/strain-drone/Documents/drone_position_hold/ros2_ws/install/natnet_ros2/share/natnet_ros2/package.ps1'
[4.788s] INFO:colcon.colcon_core.shell:Creating package descriptor '/home/strain-drone/Documents/drone_position_hold/ros2_ws/install/natnet_ros2/share/natnet_ros2/package.dsv'
[4.789s] INFO:colcon.colcon_core.shell:Creating package script '/home/strain-drone/Documents/drone_position_hold/ros2_ws/install/natnet_ros2/share/natnet_ros2/package.sh'
[4.789s] INFO:colcon.colcon_core.shell:Creating package script '/home/strain-drone/Documents/drone_position_hold/ros2_ws/install/natnet_ros2/share/natnet_ros2/package.bash'
[4.790s] INFO:colcon.colcon_core.shell:Creating package script '/home/strain-drone/Documents/drone_position_hold/ros2_ws/install/natnet_ros2/share/natnet_ros2/package.zsh'
[4.791s] Level 1:colcon.colcon_core.environment:create_file_with_runtime_dependencies(/home/strain-drone/Documents/drone_position_hold/ros2_ws/install/natnet_ros2/share/colcon-core/packages/natnet_ros2)
[4.793s] INFO:colcon.colcon_ros.task.ament_cmake.build:Building ROS package in '/home/strain-drone/Documents/drone_position_hold/ros2_ws/src/mocap4r2/mocap4r2_marker_viz/mocap4r2_marker_publisher' with build type 'ament_cmake'
[4.793s] INFO:colcon.colcon_cmake.task.cmake.build:Building CMake package in '/home/strain-drone/Documents/drone_position_hold/ros2_ws/src/mocap4r2/mocap4r2_marker_viz/mocap4r2_marker_publisher'
[4.794s] INFO:colcon.colcon_core.shell:Skip shell extension 'powershell' for command environment: Not usable outside of PowerShell
[4.794s] DEBUG:colcon.colcon_core.shell:Skip shell extension 'dsv' for command environment
[4.815s] DEBUG:colcon.colcon_core.event_handler.log_command:Invoking command in '/home/strain-drone/Documents/drone_position_hold/ros2_ws/build/mocap4r2_marker_publisher': CMAKE_PREFIX_PATH=/home/strain-drone/Documents/drone_position_hold/ros2_ws/install/mocap4r2_msgs:/home/strain-drone/Documents/drone_position_hold/ros2_ws/install/rqt_mocap4r2_control:/home/strain-drone/Documents/drone_position_hold/ros2_ws/install/natnet_ros2:/home/strain-drone/Documents/drone_position_hold/ros2_ws/install/mocap4r2_vicon_driver:/home/strain-drone/Documents/drone_position_hold/ros2_ws/install/mocap4r2_robot_gt:/home/strain-drone/Documents/drone_position_hold/ros2_ws/install/mocap4r2_robot_gt_msgs:/home/strain-drone/Documents/drone_position_hold/ros2_ws/install/mocap4r2_marker_viz:/home/strain-drone/Documents/drone_position_hold/ros2_ws/install/mocap4r2_marker_publisher:/home/strain-drone/Documents/drone_position_hold/ros2_ws/install/mocap4r2_dummy_driver:/home/strain-drone/Documents/drone_position_hold/ros2_ws/install/mocap4r2_marker_viz_srvs:/home/strain-drone/Documents/drone_position_hold/ros2_ws/install/mocap4r2_control:/home/strain-drone/Documents/drone_position_hold/ros2_ws/install/mocap4r2_control_msgs:/opt/ros/jazzy/opt/gz_math_vendor:/opt/ros/jazzy/opt/gz_utils_vendor:/opt/ros/jazzy/opt/gz_cmake_vendor:/home/strain-drone/Documents/drone_position_hold/ros2_ws/install/visualizer:/home/strain-drone/Documents/drone_position_hold/ros2_ws/install/position_publisher:/home/strain-drone/Documents/drone_position_hold/ros2_ws/install/mocap4r2cli:/home/strain-drone/Documents/drone_position_hold/ros2_ws/install/mavros_config:/opt/ros/jazzy DEBUGINFOD_URLS=https://debuginfod.ubuntu.com LD_LIBRARY_PATH=/home/strain-drone/Documents/drone_position_hold/ros2_ws/install/mocap4r2_msgs/lib:/home/strain-drone/Documents/drone_position_hold/ros2_ws/install/rqt_mocap4r2_control/lib:/home/strain-drone/Documents/drone_position_hold/ros2_ws/install/natnet_ros2/lib:/home/strain-drone/Documents/drone_position_hold/ros2_ws/install/mocap4r2_vicon_driver/lib:/home/strain-drone/Documents/drone_position_hold/ros2_ws/install/mocap4r2_robot_gt/lib:/home/strain-drone/Documents/drone_position_hold/ros2_ws/install/mocap4r2_robot_gt_msgs/lib:/home/strain-drone/Documents/drone_position_hold/ros2_ws/install/mocap4r2_marker_viz_srvs/lib:/home/strain-drone/Documents/drone_position_hold/ros2_ws/install/mocap4r2_control/lib:/home/strain-drone/Documents/drone_position_hold/ros2_ws/install/mocap4r2_control_msgs/lib:/opt/ros/jazzy/opt/rviz_ogre_vendor/lib:/opt/ros/jazzy/lib/aarch64-linux-gnu:/opt/ros/jazzy/opt/gz_math_vendor/lib:/opt/ros/jazzy/opt/gz_utils_vendor/lib:/opt/ros/jazzy/opt/gz_cmake_vendor/lib:/opt/ros/jazzy/lib:/home/strain-drone/Documents/drone_position_hold/ros2_ws/src/natnet_ros2/deps/NatNetSDK/lib PS1=(venv-ardupilot) \[\e]0;\u@\h: \w\a\]${debian_chroot:+($debian_chroot)}\[\033[01;32m\]\u@\h\[\033[00m\]:\[\033[01;34m\]\w\[\033[00m\]\$ PYTHONPATH=/home/strain-drone/Documents/drone_position_hold/ros2_ws/install/mocap4r2_msgs/lib/python3.12/site-packages:/home/strain-drone/Documents/drone_position_hold/ros2_ws/install/visualizer/lib/python3.12/site-packages:/home/strain-drone/Documents/drone_position_hold/ros2_ws/install/position_publisher/lib/python3.12/site-packages:/home/strain-drone/Documents/drone_position_hold/ros2_ws/install/natnet_ros2/lib/python3.12/site-packages:/home/strain-drone/Documents/drone_position_hold/ros2_ws/install/mocap4r2cli/lib/python3.12/site-packages:/home/strain-drone/Documents/drone_position_hold/ros2_ws/install/mocap4r2_robot_gt_msgs/lib/python3.12/site-packages:/home/strain-drone/Documents/drone_position_hold/ros2_ws/install/mocap4r2_marker_viz_srvs/lib/python3.12/site-packages:/home/strain-drone/Documents/drone_position_hold/ros2_ws/install/mocap4r2_control_msgs/lib/python3.12/site-packages:/home/strain-drone/Documents/drone_position_hold/ros2_ws/install/mavros_config/lib/python3.12/site-packages:/opt/ros/jazzy/lib/python3.12/site-packages VIRTUAL_ENV_PROMPT=(venv-ardupilot) /usr/bin/cmake --build /home/strain-drone/Documents/drone_position_hold/ros2_ws/build/mocap4r2_marker_publisher -- -j4 -l4
[4.999s] DEBUG:colcon.colcon_core.event_handler.log_command:Invoked command in '/home/strain-drone/Documents/drone_position_hold/ros2_ws/build/mocap4r2_marker_publisher' returned '0': CMAKE_PREFIX_PATH=/home/strain-drone/Documents/drone_position_hold/ros2_ws/install/mocap4r2_msgs:/home/strain-drone/Documents/drone_position_hold/ros2_ws/install/rqt_mocap4r2_control:/home/strain-drone/Documents/drone_position_hold/ros2_ws/install/natnet_ros2:/home/strain-drone/Documents/drone_position_hold/ros2_ws/install/mocap4r2_vicon_driver:/home/strain-drone/Documents/drone_position_hold/ros2_ws/install/mocap4r2_robot_gt:/home/strain-drone/Documents/drone_position_hold/ros2_ws/install/mocap4r2_robot_gt_msgs:/home/strain-drone/Documents/drone_position_hold/ros2_ws/install/mocap4r2_marker_viz:/home/strain-drone/Documents/drone_position_hold/ros2_ws/install/mocap4r2_marker_publisher:/home/strain-drone/Documents/drone_position_hold/ros2_ws/install/mocap4r2_dummy_driver:/home/strain-drone/Documents/drone_position_hold/ros2_ws/install/mocap4r2_marker_viz_srvs:/home/strain-drone/Documents/drone_position_hold/ros2_ws/install/mocap4r2_control:/home/strain-drone/Documents/drone_position_hold/ros2_ws/install/mocap4r2_control_msgs:/opt/ros/jazzy/opt/gz_math_vendor:/opt/ros/jazzy/opt/gz_utils_vendor:/opt/ros/jazzy/opt/gz_cmake_vendor:/home/strain-drone/Documents/drone_position_hold/ros2_ws/install/visualizer:/home/strain-drone/Documents/drone_position_hold/ros2_ws/install/position_publisher:/home/strain-drone/Documents/drone_position_hold/ros2_ws/install/mocap4r2cli:/home/strain-drone/Documents/drone_position_hold/ros2_ws/install/mavros_config:/opt/ros/jazzy DEBUGINFOD_URLS=https://debuginfod.ubuntu.com LD_LIBRARY_PATH=/home/strain-drone/Documents/drone_position_hold/ros2_ws/install/mocap4r2_msgs/lib:/home/strain-drone/Documents/drone_position_hold/ros2_ws/install/rqt_mocap4r2_control/lib:/home/strain-drone/Documents/drone_position_hold/ros2_ws/install/natnet_ros2/lib:/home/strain-drone/Documents/drone_position_hold/ros2_ws/install/mocap4r2_vicon_driver/lib:/home/strain-drone/Documents/drone_position_hold/ros2_ws/install/mocap4r2_robot_gt/lib:/home/strain-drone/Documents/drone_position_hold/ros2_ws/install/mocap4r2_robot_gt_msgs/lib:/home/strain-drone/Documents/drone_position_hold/ros2_ws/install/mocap4r2_marker_viz_srvs/lib:/home/strain-drone/Documents/drone_position_hold/ros2_ws/install/mocap4r2_control/lib:/home/strain-drone/Documents/drone_position_hold/ros2_ws/install/mocap4r2_control_msgs/lib:/opt/ros/jazzy/opt/rviz_ogre_vendor/lib:/opt/ros/jazzy/lib/aarch64-linux-gnu:/opt/ros/jazzy/opt/gz_math_vendor/lib:/opt/ros/jazzy/opt/gz_utils_vendor/lib:/opt/ros/jazzy/opt/gz_cmake_vendor/lib:/opt/ros/jazzy/lib:/home/strain-drone/Documents/drone_position_hold/ros2_ws/src/natnet_ros2/deps/NatNetSDK/lib PS1=(venv-ardupilot) \[\e]0;\u@\h: \w\a\]${debian_chroot:+($debian_chroot)}\[\033[01;32m\]\u@\h\[\033[00m\]:\[\033[01;34m\]\w\[\033[00m\]\$ PYTHONPATH=/home/strain-drone/Documents/drone_position_hold/ros2_ws/install/mocap4r2_msgs/lib/python3.12/site-packages:/home/strain-drone/Documents/drone_position_hold/ros2_ws/install/visualizer/lib/python3.12/site-packages:/home/strain-drone/Documents/drone_position_hold/ros2_ws/install/position_publisher/lib/python3.12/site-packages:/home/strain-drone/Documents/drone_position_hold/ros2_ws/install/natnet_ros2/lib/python3.12/site-packages:/home/strain-drone/Documents/drone_position_hold/ros2_ws/install/mocap4r2cli/lib/python3.12/site-packages:/home/strain-drone/Documents/drone_position_hold/ros2_ws/install/mocap4r2_robot_gt_msgs/lib/python3.12/site-packages:/home/strain-drone/Documents/drone_position_hold/ros2_ws/install/mocap4r2_marker_viz_srvs/lib/python3.12/site-packages:/home/strain-drone/Documents/drone_position_hold/ros2_ws/install/mocap4r2_control_msgs/lib/python3.12/site-packages:/home/strain-drone/Documents/drone_position_hold/ros2_ws/install/mavros_config/lib/python3.12/site-packages:/opt/ros/jazzy/lib/python3.12/site-packages VIRTUAL_ENV_PROMPT=(venv-ardupilot) /usr/bin/cmake --build /home/strain-drone/Documents/drone_position_hold/ros2_ws/build/mocap4r2_marker_publisher -- -j4 -l4
[5.004s] DEBUG:colcon.colcon_core.event_handler.log_command:Invoking command in '/home/strain-drone/Documents/drone_position_hold/ros2_ws/build/mocap4r2_marker_publisher': CMAKE_PREFIX_PATH=/home/strain-drone/Documents/drone_position_hold/ros2_ws/install/mocap4r2_msgs:/home/strain-drone/Documents/drone_position_hold/ros2_ws/install/rqt_mocap4r2_control:/home/strain-drone/Documents/drone_position_hold/ros2_ws/install/natnet_ros2:/home/strain-drone/Documents/drone_position_hold/ros2_ws/install/mocap4r2_vicon_driver:/home/strain-drone/Documents/drone_position_hold/ros2_ws/install/mocap4r2_robot_gt:/home/strain-drone/Documents/drone_position_hold/ros2_ws/install/mocap4r2_robot_gt_msgs:/home/strain-drone/Documents/drone_position_hold/ros2_ws/install/mocap4r2_marker_viz:/home/strain-drone/Documents/drone_position_hold/ros2_ws/install/mocap4r2_marker_publisher:/home/strain-drone/Documents/drone_position_hold/ros2_ws/install/mocap4r2_dummy_driver:/home/strain-drone/Documents/drone_position_hold/ros2_ws/install/mocap4r2_marker_viz_srvs:/home/strain-drone/Documents/drone_position_hold/ros2_ws/install/mocap4r2_control:/home/strain-drone/Documents/drone_position_hold/ros2_ws/install/mocap4r2_control_msgs:/opt/ros/jazzy/opt/gz_math_vendor:/opt/ros/jazzy/opt/gz_utils_vendor:/opt/ros/jazzy/opt/gz_cmake_vendor:/home/strain-drone/Documents/drone_position_hold/ros2_ws/install/visualizer:/home/strain-drone/Documents/drone_position_hold/ros2_ws/install/position_publisher:/home/strain-drone/Documents/drone_position_hold/ros2_ws/install/mocap4r2cli:/home/strain-drone/Documents/drone_position_hold/ros2_ws/install/mavros_config:/opt/ros/jazzy DEBUGINFOD_URLS=https://debuginfod.ubuntu.com LD_LIBRARY_PATH=/home/strain-drone/Documents/drone_position_hold/ros2_ws/install/mocap4r2_msgs/lib:/home/strain-drone/Documents/drone_position_hold/ros2_ws/install/rqt_mocap4r2_control/lib:/home/strain-drone/Documents/drone_position_hold/ros2_ws/install/natnet_ros2/lib:/home/strain-drone/Documents/drone_position_hold/ros2_ws/install/mocap4r2_vicon_driver/lib:/home/strain-drone/Documents/drone_position_hold/ros2_ws/install/mocap4r2_robot_gt/lib:/home/strain-drone/Documents/drone_position_hold/ros2_ws/install/mocap4r2_robot_gt_msgs/lib:/home/strain-drone/Documents/drone_position_hold/ros2_ws/install/mocap4r2_marker_viz_srvs/lib:/home/strain-drone/Documents/drone_position_hold/ros2_ws/install/mocap4r2_control/lib:/home/strain-drone/Documents/drone_position_hold/ros2_ws/install/mocap4r2_control_msgs/lib:/opt/ros/jazzy/opt/rviz_ogre_vendor/lib:/opt/ros/jazzy/lib/aarch64-linux-gnu:/opt/ros/jazzy/opt/gz_math_vendor/lib:/opt/ros/jazzy/opt/gz_utils_vendor/lib:/opt/ros/jazzy/opt/gz_cmake_vendor/lib:/opt/ros/jazzy/lib:/home/strain-drone/Documents/drone_position_hold/ros2_ws/src/natnet_ros2/deps/NatNetSDK/lib PS1=(venv-ardupilot) \[\e]0;\u@\h: \w\a\]${debian_chroot:+($debian_chroot)}\[\033[01;32m\]\u@\h\[\033[00m\]:\[\033[01;34m\]\w\[\033[00m\]\$ PYTHONPATH=/home/strain-drone/Documents/drone_position_hold/ros2_ws/install/mocap4r2_msgs/lib/python3.12/site-packages:/home/strain-drone/Documents/drone_position_hold/ros2_ws/install/visualizer/lib/python3.12/site-packages:/home/strain-drone/Documents/drone_position_hold/ros2_ws/install/position_publisher/lib/python3.12/site-packages:/home/strain-drone/Documents/drone_position_hold/ros2_ws/install/natnet_ros2/lib/python3.12/site-packages:/home/strain-drone/Documents/drone_position_hold/ros2_ws/install/mocap4r2cli/lib/python3.12/site-packages:/home/strain-drone/Documents/drone_position_hold/ros2_ws/install/mocap4r2_robot_gt_msgs/lib/python3.12/site-packages:/home/strain-drone/Documents/drone_position_hold/ros2_ws/install/mocap4r2_marker_viz_srvs/lib/python3.12/site-packages:/home/strain-drone/Documents/drone_position_hold/ros2_ws/install/mocap4r2_control_msgs/lib/python3.12/site-packages:/home/strain-drone/Documents/drone_position_hold/ros2_ws/install/mavros_config/lib/python3.12/site-packages:/opt/ros/jazzy/lib/python3.12/site-packages VIRTUAL_ENV_PROMPT=(venv-ardupilot) /usr/bin/cmake --install /home/strain-drone/Documents/drone_position_hold/ros2_ws/build/mocap4r2_marker_publisher
[5.045s] Level 1:colcon.colcon_core.environment:create_environment_scripts_only(mocap4r2_marker_publisher)
[5.045s] Level 1:colcon.colcon_core.environment:checking '/home/strain-drone/Documents/drone_position_hold/ros2_ws/install/mocap4r2_marker_publisher' for CMake module files
[5.047s] DEBUG:colcon.colcon_core.event_handler.log_command:Invoked command in '/home/strain-drone/Documents/drone_position_hold/ros2_ws/build/mocap4r2_marker_publisher' returned '0': CMAKE_PREFIX_PATH=/home/strain-drone/Documents/drone_position_hold/ros2_ws/install/mocap4r2_msgs:/home/strain-drone/Documents/drone_position_hold/ros2_ws/install/rqt_mocap4r2_control:/home/strain-drone/Documents/drone_position_hold/ros2_ws/install/natnet_ros2:/home/strain-drone/Documents/drone_position_hold/ros2_ws/install/mocap4r2_vicon_driver:/home/strain-drone/Documents/drone_position_hold/ros2_ws/install/mocap4r2_robot_gt:/home/strain-drone/Documents/drone_position_hold/ros2_ws/install/mocap4r2_robot_gt_msgs:/home/strain-drone/Documents/drone_position_hold/ros2_ws/install/mocap4r2_marker_viz:/home/strain-drone/Documents/drone_position_hold/ros2_ws/install/mocap4r2_marker_publisher:/home/strain-drone/Documents/drone_position_hold/ros2_ws/install/mocap4r2_dummy_driver:/home/strain-drone/Documents/drone_position_hold/ros2_ws/install/mocap4r2_marker_viz_srvs:/home/strain-drone/Documents/drone_position_hold/ros2_ws/install/mocap4r2_control:/home/strain-drone/Documents/drone_position_hold/ros2_ws/install/mocap4r2_control_msgs:/opt/ros/jazzy/opt/gz_math_vendor:/opt/ros/jazzy/opt/gz_utils_vendor:/opt/ros/jazzy/opt/gz_cmake_vendor:/home/strain-drone/Documents/drone_position_hold/ros2_ws/install/visualizer:/home/strain-drone/Documents/drone_position_hold/ros2_ws/install/position_publisher:/home/strain-drone/Documents/drone_position_hold/ros2_ws/install/mocap4r2cli:/home/strain-drone/Documents/drone_position_hold/ros2_ws/install/mavros_config:/opt/ros/jazzy DEBUGINFOD_URLS=https://debuginfod.ubuntu.com LD_LIBRARY_PATH=/home/strain-drone/Documents/drone_position_hold/ros2_ws/install/mocap4r2_msgs/lib:/home/strain-drone/Documents/drone_position_hold/ros2_ws/install/rqt_mocap4r2_control/lib:/home/strain-drone/Documents/drone_position_hold/ros2_ws/install/natnet_ros2/lib:/home/strain-drone/Documents/drone_position_hold/ros2_ws/install/mocap4r2_vicon_driver/lib:/home/strain-drone/Documents/drone_position_hold/ros2_ws/install/mocap4r2_robot_gt/lib:/home/strain-drone/Documents/drone_position_hold/ros2_ws/install/mocap4r2_robot_gt_msgs/lib:/home/strain-drone/Documents/drone_position_hold/ros2_ws/install/mocap4r2_marker_viz_srvs/lib:/home/strain-drone/Documents/drone_position_hold/ros2_ws/install/mocap4r2_control/lib:/home/strain-drone/Documents/drone_position_hold/ros2_ws/install/mocap4r2_control_msgs/lib:/opt/ros/jazzy/opt/rviz_ogre_vendor/lib:/opt/ros/jazzy/lib/aarch64-linux-gnu:/opt/ros/jazzy/opt/gz_math_vendor/lib:/opt/ros/jazzy/opt/gz_utils_vendor/lib:/opt/ros/jazzy/opt/gz_cmake_vendor/lib:/opt/ros/jazzy/lib:/home/strain-drone/Documents/drone_position_hold/ros2_ws/src/natnet_ros2/deps/NatNetSDK/lib PS1=(venv-ardupilot) \[\e]0;\u@\h: \w\a\]${debian_chroot:+($debian_chroot)}\[\033[01;32m\]\u@\h\[\033[00m\]:\[\033[01;34m\]\w\[\033[00m\]\$ PYTHONPATH=/home/strain-drone/Documents/drone_position_hold/ros2_ws/install/mocap4r2_msgs/lib/python3.12/site-packages:/home/strain-drone/Documents/drone_position_hold/ros2_ws/install/visualizer/lib/python3.12/site-packages:/home/strain-drone/Documents/drone_position_hold/ros2_ws/install/position_publisher/lib/python3.12/site-packages:/home/strain-drone/Documents/drone_position_hold/ros2_ws/install/natnet_ros2/lib/python3.12/site-packages:/home/strain-drone/Documents/drone_position_hold/ros2_ws/install/mocap4r2cli/lib/python3.12/site-packages:/home/strain-drone/Documents/drone_position_hold/ros2_ws/install/mocap4r2_robot_gt_msgs/lib/python3.12/site-packages:/home/strain-drone/Documents/drone_position_hold/ros2_ws/install/mocap4r2_marker_viz_srvs/lib/python3.12/site-packages:/home/strain-drone/Documents/drone_position_hold/ros2_ws/install/mocap4r2_control_msgs/lib/python3.12/site-packages:/home/strain-drone/Documents/drone_position_hold/ros2_ws/install/mavros_config/lib/python3.12/site-packages:/opt/ros/jazzy/lib/python3.12/site-packages VIRTUAL_ENV_PROMPT=(venv-ardupilot) /usr/bin/cmake --install /home/strain-drone/Documents/drone_position_hold/ros2_ws/build/mocap4r2_marker_publisher
[5.047s] Level 1:colcon.colcon_core.environment:checking '/home/strain-drone/Documents/drone_position_hold/ros2_ws/install/mocap4r2_marker_publisher' for CMake config files
[5.048s] Level 1:colcon.colcon_core.shell:create_environment_hook('mocap4r2_marker_publisher', 'cmake_prefix_path')
[5.049s] INFO:colcon.colcon_core.shell:Creating environment hook '/home/strain-drone/Documents/drone_position_hold/ros2_ws/install/mocap4r2_marker_publisher/share/mocap4r2_marker_publisher/hook/cmake_prefix_path.ps1'
[5.050s] INFO:colcon.colcon_core.shell:Creating environment descriptor '/home/strain-drone/Documents/drone_position_hold/ros2_ws/install/mocap4r2_marker_publisher/share/mocap4r2_marker_publisher/hook/cmake_prefix_path.dsv'
[5.052s] INFO:colcon.colcon_core.shell:Creating environment hook '/home/strain-drone/Documents/drone_position_hold/ros2_ws/install/mocap4r2_marker_publisher/share/mocap4r2_marker_publisher/hook/cmake_prefix_path.sh'
[5.054s] Level 1:colcon.colcon_core.environment:checking '/home/strain-drone/Documents/drone_position_hold/ros2_ws/install/mocap4r2_marker_publisher/lib'
[5.055s] Level 1:colcon.colcon_core.environment:checking '/home/strain-drone/Documents/drone_position_hold/ros2_ws/install/mocap4r2_marker_publisher/bin'
[5.055s] Level 1:colcon.colcon_core.environment:checking '/home/strain-drone/Documents/drone_position_hold/ros2_ws/install/mocap4r2_marker_publisher/lib/pkgconfig/mocap4r2_marker_publisher.pc'
[5.055s] Level 1:colcon.colcon_core.environment:checking '/home/strain-drone/Documents/drone_position_hold/ros2_ws/install/mocap4r2_marker_publisher/lib/python3.12/site-packages'
[5.056s] Level 1:colcon.colcon_core.environment:checking '/home/strain-drone/Documents/drone_position_hold/ros2_ws/install/mocap4r2_marker_publisher/bin'
[5.056s] INFO:colcon.colcon_core.shell:Creating package script '/home/strain-drone/Documents/drone_position_hold/ros2_ws/install/mocap4r2_marker_publisher/share/mocap4r2_marker_publisher/package.ps1'
[5.058s] INFO:colcon.colcon_core.shell:Creating package descriptor '/home/strain-drone/Documents/drone_position_hold/ros2_ws/install/mocap4r2_marker_publisher/share/mocap4r2_marker_publisher/package.dsv'
[5.059s] INFO:colcon.colcon_core.shell:Creating package script '/home/strain-drone/Documents/drone_position_hold/ros2_ws/install/mocap4r2_marker_publisher/share/mocap4r2_marker_publisher/package.sh'
[5.061s] INFO:colcon.colcon_core.shell:Creating package script '/home/strain-drone/Documents/drone_position_hold/ros2_ws/install/mocap4r2_marker_publisher/share/mocap4r2_marker_publisher/package.bash'
[5.062s] INFO:colcon.colcon_core.shell:Creating package script '/home/strain-drone/Documents/drone_position_hold/ros2_ws/install/mocap4r2_marker_publisher/share/mocap4r2_marker_publisher/package.zsh'
[5.064s] Level 1:colcon.colcon_core.environment:create_file_with_runtime_dependencies(/home/strain-drone/Documents/drone_position_hold/ros2_ws/install/mocap4r2_marker_publisher/share/colcon-core/packages/mocap4r2_marker_publisher)
[5.066s] Level 1:colcon.colcon_core.environment:create_environment_scripts_only(mocap4r2_marker_publisher)
[5.067s] Level 1:colcon.colcon_core.environment:checking '/home/strain-drone/Documents/drone_position_hold/ros2_ws/install/mocap4r2_marker_publisher' for CMake module files
[5.067s] Level 1:colcon.colcon_core.environment:checking '/home/strain-drone/Documents/drone_position_hold/ros2_ws/install/mocap4r2_marker_publisher' for CMake config files
[5.068s] Level 1:colcon.colcon_core.shell:create_environment_hook('mocap4r2_marker_publisher', 'cmake_prefix_path')
[5.068s] INFO:colcon.colcon_core.shell:Creating environment hook '/home/strain-drone/Documents/drone_position_hold/ros2_ws/install/mocap4r2_marker_publisher/share/mocap4r2_marker_publisher/hook/cmake_prefix_path.ps1'
[5.070s] INFO:colcon.colcon_core.shell:Creating environment descriptor '/home/strain-drone/Documents/drone_position_hold/ros2_ws/install/mocap4r2_marker_publisher/share/mocap4r2_marker_publisher/hook/cmake_prefix_path.dsv'
[5.070s] INFO:colcon.colcon_core.shell:Creating environment hook '/home/strain-drone/Documents/drone_position_hold/ros2_ws/install/mocap4r2_marker_publisher/share/mocap4r2_marker_publisher/hook/cmake_prefix_path.sh'
[5.071s] Level 1:colcon.colcon_core.environment:checking '/home/strain-drone/Documents/drone_position_hold/ros2_ws/install/mocap4r2_marker_publisher/lib'
[5.072s] Level 1:colcon.colcon_core.environment:checking '/home/strain-drone/Documents/drone_position_hold/ros2_ws/install/mocap4r2_marker_publisher/bin'
[5.072s] Level 1:colcon.colcon_core.environment:checking '/home/strain-drone/Documents/drone_position_hold/ros2_ws/install/mocap4r2_marker_publisher/lib/pkgconfig/mocap4r2_marker_publisher.pc'
[5.072s] Level 1:colcon.colcon_core.environment:checking '/home/strain-drone/Documents/drone_position_hold/ros2_ws/install/mocap4r2_marker_publisher/lib/python3.12/site-packages'
[5.072s] Level 1:colcon.colcon_core.environment:checking '/home/strain-drone/Documents/drone_position_hold/ros2_ws/install/mocap4r2_marker_publisher/bin'
[5.073s] INFO:colcon.colcon_core.shell:Creating package script '/home/strain-drone/Documents/drone_position_hold/ros2_ws/install/mocap4r2_marker_publisher/share/mocap4r2_marker_publisher/package.ps1'
[5.074s] INFO:colcon.colcon_core.shell:Creating package descriptor '/home/strain-drone/Documents/drone_position_hold/ros2_ws/install/mocap4r2_marker_publisher/share/mocap4r2_marker_publisher/package.dsv'
[5.075s] INFO:colcon.colcon_core.shell:Creating package script '/home/strain-drone/Documents/drone_position_hold/ros2_ws/install/mocap4r2_marker_publisher/share/mocap4r2_marker_publisher/package.sh'
[5.075s] INFO:colcon.colcon_core.shell:Creating package script '/home/strain-drone/Documents/drone_position_hold/ros2_ws/install/mocap4r2_marker_publisher/share/mocap4r2_marker_publisher/package.bash'
[5.076s] INFO:colcon.colcon_core.shell:Creating package script '/home/strain-drone/Documents/drone_position_hold/ros2_ws/install/mocap4r2_marker_publisher/share/mocap4r2_marker_publisher/package.zsh'
[5.077s] Level 1:colcon.colcon_core.environment:create_file_with_runtime_dependencies(/home/strain-drone/Documents/drone_position_hold/ros2_ws/install/mocap4r2_marker_publisher/share/colcon-core/packages/mocap4r2_marker_publisher)
[5.079s] INFO:colcon.colcon_ros.task.ament_cmake.build:Building ROS package in '/home/strain-drone/Documents/drone_position_hold/ros2_ws/src/mocap4r2/mocap4r2_marker_viz/mocap4r2_marker_viz' with build type 'ament_cmake'
[5.079s] INFO:colcon.colcon_cmake.task.cmake.build:Building CMake package in '/home/strain-drone/Documents/drone_position_hold/ros2_ws/src/mocap4r2/mocap4r2_marker_viz/mocap4r2_marker_viz'
[5.080s] INFO:colcon.colcon_core.shell:Skip shell extension 'powershell' for command environment: Not usable outside of PowerShell
[5.080s] DEBUG:colcon.colcon_core.shell:Skip shell extension 'dsv' for command environment
[5.090s] DEBUG:colcon.colcon_core.event_handler.log_command:Invoking command in '/home/strain-drone/Documents/drone_position_hold/ros2_ws/src/mavros_config': DEBUGINFOD_URLS=https://debuginfod.ubuntu.com PS1=(venv-ardupilot) \[\e]0;\u@\h: \w\a\]${debian_chroot:+($debian_chroot)}\[\033[01;32m\]\u@\h\[\033[00m\]:\[\033[01;34m\]\w\[\033[00m\]\$ PYTHONPATH=/home/strain-drone/Documents/drone_position_hold/ros2_ws/build/mavros_config/prefix_override:/usr/lib/python3/dist-packages/colcon_core/task/python/colcon_distutils_commands:/home/strain-drone/Documents/drone_position_hold/ros2_ws/install/mavros_config/lib/python3.12/site-packages:${PYTHONPATH} VIRTUAL_ENV_PROMPT=(venv-ardupilot) /usr/bin/python3 -W ignore:setup.py install is deprecated -W ignore:easy_install command is deprecated setup.py egg_info --egg-base ../../build/mavros_config build --build-base /home/strain-drone/Documents/drone_position_hold/ros2_ws/build/mavros_config/build install --record /home/strain-drone/Documents/drone_position_hold/ros2_ws/build/mavros_config/install.log --single-version-externally-managed install_data
[5.096s] DEBUG:colcon.colcon_core.event_handler.log_command:Invoking command in '/home/strain-drone/Documents/drone_position_hold/ros2_ws/src/position_publisher': DEBUGINFOD_URLS=https://debuginfod.ubuntu.com PS1=(venv-ardupilot) \[\e]0;\u@\h: \w\a\]${debian_chroot:+($debian_chroot)}\[\033[01;32m\]\u@\h\[\033[00m\]:\[\033[01;34m\]\w\[\033[00m\]\$ PYTHONPATH=/home/strain-drone/Documents/drone_position_hold/ros2_ws/build/position_publisher/prefix_override:/usr/lib/python3/dist-packages/colcon_core/task/python/colcon_distutils_commands:/home/strain-drone/Documents/drone_position_hold/ros2_ws/install/position_publisher/lib/python3.12/site-packages:${PYTHONPATH} VIRTUAL_ENV_PROMPT=(venv-ardupilot) /usr/bin/python3 -W ignore:setup.py install is deprecated -W ignore:easy_install command is deprecated setup.py egg_info --egg-base ../../build/position_publisher build --build-base /home/strain-drone/Documents/drone_position_hold/ros2_ws/build/position_publisher/build install --record /home/strain-drone/Documents/drone_position_hold/ros2_ws/build/position_publisher/install.log --single-version-externally-managed install_data
[5.105s] DEBUG:colcon.colcon_core.event_handler.log_command:Invoking command in '/home/strain-drone/Documents/drone_position_hold/ros2_ws/build/mocap4r2_marker_viz': CMAKE_PREFIX_PATH=/home/strain-drone/Documents/drone_position_hold/ros2_ws/install/mocap4r2_msgs:/home/strain-drone/Documents/drone_position_hold/ros2_ws/install/mocap4r2_marker_viz_srvs:/home/strain-drone/Documents/drone_position_hold/ros2_ws/install/rqt_mocap4r2_control:/home/strain-drone/Documents/drone_position_hold/ros2_ws/install/natnet_ros2:/home/strain-drone/Documents/drone_position_hold/ros2_ws/install/mocap4r2_vicon_driver:/home/strain-drone/Documents/drone_position_hold/ros2_ws/install/mocap4r2_robot_gt:/home/strain-drone/Documents/drone_position_hold/ros2_ws/install/mocap4r2_robot_gt_msgs:/home/strain-drone/Documents/drone_position_hold/ros2_ws/install/mocap4r2_marker_viz:/home/strain-drone/Documents/drone_position_hold/ros2_ws/install/mocap4r2_marker_publisher:/home/strain-drone/Documents/drone_position_hold/ros2_ws/install/mocap4r2_dummy_driver:/home/strain-drone/Documents/drone_position_hold/ros2_ws/install/mocap4r2_control:/home/strain-drone/Documents/drone_position_hold/ros2_ws/install/mocap4r2_control_msgs:/opt/ros/jazzy/opt/gz_math_vendor:/opt/ros/jazzy/opt/gz_utils_vendor:/opt/ros/jazzy/opt/gz_cmake_vendor:/home/strain-drone/Documents/drone_position_hold/ros2_ws/install/visualizer:/home/strain-drone/Documents/drone_position_hold/ros2_ws/install/position_publisher:/home/strain-drone/Documents/drone_position_hold/ros2_ws/install/mocap4r2cli:/home/strain-drone/Documents/drone_position_hold/ros2_ws/install/mavros_config:/opt/ros/jazzy DEBUGINFOD_URLS=https://debuginfod.ubuntu.com LD_LIBRARY_PATH=/home/strain-drone/Documents/drone_position_hold/ros2_ws/install/mocap4r2_msgs/lib:/home/strain-drone/Documents/drone_position_hold/ros2_ws/install/mocap4r2_marker_viz_srvs/lib:/home/strain-drone/Documents/drone_position_hold/ros2_ws/install/rqt_mocap4r2_control/lib:/home/strain-drone/Documents/drone_position_hold/ros2_ws/install/natnet_ros2/lib:/home/strain-drone/Documents/drone_position_hold/ros2_ws/install/mocap4r2_vicon_driver/lib:/home/strain-drone/Documents/drone_position_hold/ros2_ws/install/mocap4r2_robot_gt/lib:/home/strain-drone/Documents/drone_position_hold/ros2_ws/install/mocap4r2_robot_gt_msgs/lib:/home/strain-drone/Documents/drone_position_hold/ros2_ws/install/mocap4r2_control/lib:/home/strain-drone/Documents/drone_position_hold/ros2_ws/install/mocap4r2_control_msgs/lib:/opt/ros/jazzy/opt/rviz_ogre_vendor/lib:/opt/ros/jazzy/lib/aarch64-linux-gnu:/opt/ros/jazzy/opt/gz_math_vendor/lib:/opt/ros/jazzy/opt/gz_utils_vendor/lib:/opt/ros/jazzy/opt/gz_cmake_vendor/lib:/opt/ros/jazzy/lib:/home/strain-drone/Documents/drone_position_hold/ros2_ws/src/natnet_ros2/deps/NatNetSDK/lib PS1=(venv-ardupilot) \[\e]0;\u@\h: \w\a\]${debian_chroot:+($debian_chroot)}\[\033[01;32m\]\u@\h\[\033[00m\]:\[\033[01;34m\]\w\[\033[00m\]\$ PYTHONPATH=/home/strain-drone/Documents/drone_position_hold/ros2_ws/install/mocap4r2_msgs/lib/python3.12/site-packages:/home/strain-drone/Documents/drone_position_hold/ros2_ws/install/mocap4r2_marker_viz_srvs/lib/python3.12/site-packages:/home/strain-drone/Documents/drone_position_hold/ros2_ws/install/visualizer/lib/python3.12/site-packages:/home/strain-drone/Documents/drone_position_hold/ros2_ws/install/position_publisher/lib/python3.12/site-packages:/home/strain-drone/Documents/drone_position_hold/ros2_ws/install/natnet_ros2/lib/python3.12/site-packages:/home/strain-drone/Documents/drone_position_hold/ros2_ws/install/mocap4r2cli/lib/python3.12/site-packages:/home/strain-drone/Documents/drone_position_hold/ros2_ws/install/mocap4r2_robot_gt_msgs/lib/python3.12/site-packages:/home/strain-drone/Documents/drone_position_hold/ros2_ws/install/mocap4r2_control_msgs/lib/python3.12/site-packages:/home/strain-drone/Documents/drone_position_hold/ros2_ws/install/mavros_config/lib/python3.12/site-packages:/opt/ros/jazzy/lib/python3.12/site-packages VIRTUAL_ENV_PROMPT=(venv-ardupilot) /usr/bin/cmake --build /home/strain-drone/Documents/drone_position_hold/ros2_ws/build/mocap4r2_marker_viz -- -j4 -l4
[5.337s] DEBUG:colcon.colcon_core.event_handler.log_command:Invoked command in '/home/strain-drone/Documents/drone_position_hold/ros2_ws/build/mocap4r2_marker_viz' returned '0': CMAKE_PREFIX_PATH=/home/strain-drone/Documents/drone_position_hold/ros2_ws/install/mocap4r2_msgs:/home/strain-drone/Documents/drone_position_hold/ros2_ws/install/mocap4r2_marker_viz_srvs:/home/strain-drone/Documents/drone_position_hold/ros2_ws/install/rqt_mocap4r2_control:/home/strain-drone/Documents/drone_position_hold/ros2_ws/install/natnet_ros2:/home/strain-drone/Documents/drone_position_hold/ros2_ws/install/mocap4r2_vicon_driver:/home/strain-drone/Documents/drone_position_hold/ros2_ws/install/mocap4r2_robot_gt:/home/strain-drone/Documents/drone_position_hold/ros2_ws/install/mocap4r2_robot_gt_msgs:/home/strain-drone/Documents/drone_position_hold/ros2_ws/install/mocap4r2_marker_viz:/home/strain-drone/Documents/drone_position_hold/ros2_ws/install/mocap4r2_marker_publisher:/home/strain-drone/Documents/drone_position_hold/ros2_ws/install/mocap4r2_dummy_driver:/home/strain-drone/Documents/drone_position_hold/ros2_ws/install/mocap4r2_control:/home/strain-drone/Documents/drone_position_hold/ros2_ws/install/mocap4r2_control_msgs:/opt/ros/jazzy/opt/gz_math_vendor:/opt/ros/jazzy/opt/gz_utils_vendor:/opt/ros/jazzy/opt/gz_cmake_vendor:/home/strain-drone/Documents/drone_position_hold/ros2_ws/install/visualizer:/home/strain-drone/Documents/drone_position_hold/ros2_ws/install/position_publisher:/home/strain-drone/Documents/drone_position_hold/ros2_ws/install/mocap4r2cli:/home/strain-drone/Documents/drone_position_hold/ros2_ws/install/mavros_config:/opt/ros/jazzy DEBUGINFOD_URLS=https://debuginfod.ubuntu.com LD_LIBRARY_PATH=/home/strain-drone/Documents/drone_position_hold/ros2_ws/install/mocap4r2_msgs/lib:/home/strain-drone/Documents/drone_position_hold/ros2_ws/install/mocap4r2_marker_viz_srvs/lib:/home/strain-drone/Documents/drone_position_hold/ros2_ws/install/rqt_mocap4r2_control/lib:/home/strain-drone/Documents/drone_position_hold/ros2_ws/install/natnet_ros2/lib:/home/strain-drone/Documents/drone_position_hold/ros2_ws/install/mocap4r2_vicon_driver/lib:/home/strain-drone/Documents/drone_position_hold/ros2_ws/install/mocap4r2_robot_gt/lib:/home/strain-drone/Documents/drone_position_hold/ros2_ws/install/mocap4r2_robot_gt_msgs/lib:/home/strain-drone/Documents/drone_position_hold/ros2_ws/install/mocap4r2_control/lib:/home/strain-drone/Documents/drone_position_hold/ros2_ws/install/mocap4r2_control_msgs/lib:/opt/ros/jazzy/opt/rviz_ogre_vendor/lib:/opt/ros/jazzy/lib/aarch64-linux-gnu:/opt/ros/jazzy/opt/gz_math_vendor/lib:/opt/ros/jazzy/opt/gz_utils_vendor/lib:/opt/ros/jazzy/opt/gz_cmake_vendor/lib:/opt/ros/jazzy/lib:/home/strain-drone/Documents/drone_position_hold/ros2_ws/src/natnet_ros2/deps/NatNetSDK/lib PS1=(venv-ardupilot) \[\e]0;\u@\h: \w\a\]${debian_chroot:+($debian_chroot)}\[\033[01;32m\]\u@\h\[\033[00m\]:\[\033[01;34m\]\w\[\033[00m\]\$ PYTHONPATH=/home/strain-drone/Documents/drone_position_hold/ros2_ws/install/mocap4r2_msgs/lib/python3.12/site-packages:/home/strain-drone/Documents/drone_position_hold/ros2_ws/install/mocap4r2_marker_viz_srvs/lib/python3.12/site-packages:/home/strain-drone/Documents/drone_position_hold/ros2_ws/install/visualizer/lib/python3.12/site-packages:/home/strain-drone/Documents/drone_position_hold/ros2_ws/install/position_publisher/lib/python3.12/site-packages:/home/strain-drone/Documents/drone_position_hold/ros2_ws/install/natnet_ros2/lib/python3.12/site-packages:/home/strain-drone/Documents/drone_position_hold/ros2_ws/install/mocap4r2cli/lib/python3.12/site-packages:/home/strain-drone/Documents/drone_position_hold/ros2_ws/install/mocap4r2_robot_gt_msgs/lib/python3.12/site-packages:/home/strain-drone/Documents/drone_position_hold/ros2_ws/install/mocap4r2_control_msgs/lib/python3.12/site-packages:/home/strain-drone/Documents/drone_position_hold/ros2_ws/install/mavros_config/lib/python3.12/site-packages:/opt/ros/jazzy/lib/python3.12/site-packages VIRTUAL_ENV_PROMPT=(venv-ardupilot) /usr/bin/cmake --build /home/strain-drone/Documents/drone_position_hold/ros2_ws/build/mocap4r2_marker_viz -- -j4 -l4
[5.338s] DEBUG:colcon.colcon_core.event_handler.log_command:Invoking command in '/home/strain-drone/Documents/drone_position_hold/ros2_ws/build/mocap4r2_marker_viz': CMAKE_PREFIX_PATH=/home/strain-drone/Documents/drone_position_hold/ros2_ws/install/mocap4r2_msgs:/home/strain-drone/Documents/drone_position_hold/ros2_ws/install/mocap4r2_marker_viz_srvs:/home/strain-drone/Documents/drone_position_hold/ros2_ws/install/rqt_mocap4r2_control:/home/strain-drone/Documents/drone_position_hold/ros2_ws/install/natnet_ros2:/home/strain-drone/Documents/drone_position_hold/ros2_ws/install/mocap4r2_vicon_driver:/home/strain-drone/Documents/drone_position_hold/ros2_ws/install/mocap4r2_robot_gt:/home/strain-drone/Documents/drone_position_hold/ros2_ws/install/mocap4r2_robot_gt_msgs:/home/strain-drone/Documents/drone_position_hold/ros2_ws/install/mocap4r2_marker_viz:/home/strain-drone/Documents/drone_position_hold/ros2_ws/install/mocap4r2_marker_publisher:/home/strain-drone/Documents/drone_position_hold/ros2_ws/install/mocap4r2_dummy_driver:/home/strain-drone/Documents/drone_position_hold/ros2_ws/install/mocap4r2_control:/home/strain-drone/Documents/drone_position_hold/ros2_ws/install/mocap4r2_control_msgs:/opt/ros/jazzy/opt/gz_math_vendor:/opt/ros/jazzy/opt/gz_utils_vendor:/opt/ros/jazzy/opt/gz_cmake_vendor:/home/strain-drone/Documents/drone_position_hold/ros2_ws/install/visualizer:/home/strain-drone/Documents/drone_position_hold/ros2_ws/install/position_publisher:/home/strain-drone/Documents/drone_position_hold/ros2_ws/install/mocap4r2cli:/home/strain-drone/Documents/drone_position_hold/ros2_ws/install/mavros_config:/opt/ros/jazzy DEBUGINFOD_URLS=https://debuginfod.ubuntu.com LD_LIBRARY_PATH=/home/strain-drone/Documents/drone_position_hold/ros2_ws/install/mocap4r2_msgs/lib:/home/strain-drone/Documents/drone_position_hold/ros2_ws/install/mocap4r2_marker_viz_srvs/lib:/home/strain-drone/Documents/drone_position_hold/ros2_ws/install/rqt_mocap4r2_control/lib:/home/strain-drone/Documents/drone_position_hold/ros2_ws/install/natnet_ros2/lib:/home/strain-drone/Documents/drone_position_hold/ros2_ws/install/mocap4r2_vicon_driver/lib:/home/strain-drone/Documents/drone_position_hold/ros2_ws/install/mocap4r2_robot_gt/lib:/home/strain-drone/Documents/drone_position_hold/ros2_ws/install/mocap4r2_robot_gt_msgs/lib:/home/strain-drone/Documents/drone_position_hold/ros2_ws/install/mocap4r2_control/lib:/home/strain-drone/Documents/drone_position_hold/ros2_ws/install/mocap4r2_control_msgs/lib:/opt/ros/jazzy/opt/rviz_ogre_vendor/lib:/opt/ros/jazzy/lib/aarch64-linux-gnu:/opt/ros/jazzy/opt/gz_math_vendor/lib:/opt/ros/jazzy/opt/gz_utils_vendor/lib:/opt/ros/jazzy/opt/gz_cmake_vendor/lib:/opt/ros/jazzy/lib:/home/strain-drone/Documents/drone_position_hold/ros2_ws/src/natnet_ros2/deps/NatNetSDK/lib PS1=(venv-ardupilot) \[\e]0;\u@\h: \w\a\]${debian_chroot:+($debian_chroot)}\[\033[01;32m\]\u@\h\[\033[00m\]:\[\033[01;34m\]\w\[\033[00m\]\$ PYTHONPATH=/home/strain-drone/Documents/drone_position_hold/ros2_ws/install/mocap4r2_msgs/lib/python3.12/site-packages:/home/strain-drone/Documents/drone_position_hold/ros2_ws/install/mocap4r2_marker_viz_srvs/lib/python3.12/site-packages:/home/strain-drone/Documents/drone_position_hold/ros2_ws/install/visualizer/lib/python3.12/site-packages:/home/strain-drone/Documents/drone_position_hold/ros2_ws/install/position_publisher/lib/python3.12/site-packages:/home/strain-drone/Documents/drone_position_hold/ros2_ws/install/natnet_ros2/lib/python3.12/site-packages:/home/strain-drone/Documents/drone_position_hold/ros2_ws/install/mocap4r2cli/lib/python3.12/site-packages:/home/strain-drone/Documents/drone_position_hold/ros2_ws/install/mocap4r2_robot_gt_msgs/lib/python3.12/site-packages:/home/strain-drone/Documents/drone_position_hold/ros2_ws/install/mocap4r2_control_msgs/lib/python3.12/site-packages:/home/strain-drone/Documents/drone_position_hold/ros2_ws/install/mavros_config/lib/python3.12/site-packages:/opt/ros/jazzy/lib/python3.12/site-packages VIRTUAL_ENV_PROMPT=(venv-ardupilot) /usr/bin/cmake --install /home/strain-drone/Documents/drone_position_hold/ros2_ws/build/mocap4r2_marker_viz
[5.368s] Level 1:colcon.colcon_core.environment:create_environment_scripts_only(mocap4r2_marker_viz)
[5.369s] Level 1:colcon.colcon_core.environment:checking '/home/strain-drone/Documents/drone_position_hold/ros2_ws/install/mocap4r2_marker_viz' for CMake module files
[5.371s] DEBUG:colcon.colcon_core.event_handler.log_command:Invoked command in '/home/strain-drone/Documents/drone_position_hold/ros2_ws/build/mocap4r2_marker_viz' returned '0': CMAKE_PREFIX_PATH=/home/strain-drone/Documents/drone_position_hold/ros2_ws/install/mocap4r2_msgs:/home/strain-drone/Documents/drone_position_hold/ros2_ws/install/mocap4r2_marker_viz_srvs:/home/strain-drone/Documents/drone_position_hold/ros2_ws/install/rqt_mocap4r2_control:/home/strain-drone/Documents/drone_position_hold/ros2_ws/install/natnet_ros2:/home/strain-drone/Documents/drone_position_hold/ros2_ws/install/mocap4r2_vicon_driver:/home/strain-drone/Documents/drone_position_hold/ros2_ws/install/mocap4r2_robot_gt:/home/strain-drone/Documents/drone_position_hold/ros2_ws/install/mocap4r2_robot_gt_msgs:/home/strain-drone/Documents/drone_position_hold/ros2_ws/install/mocap4r2_marker_viz:/home/strain-drone/Documents/drone_position_hold/ros2_ws/install/mocap4r2_marker_publisher:/home/strain-drone/Documents/drone_position_hold/ros2_ws/install/mocap4r2_dummy_driver:/home/strain-drone/Documents/drone_position_hold/ros2_ws/install/mocap4r2_control:/home/strain-drone/Documents/drone_position_hold/ros2_ws/install/mocap4r2_control_msgs:/opt/ros/jazzy/opt/gz_math_vendor:/opt/ros/jazzy/opt/gz_utils_vendor:/opt/ros/jazzy/opt/gz_cmake_vendor:/home/strain-drone/Documents/drone_position_hold/ros2_ws/install/visualizer:/home/strain-drone/Documents/drone_position_hold/ros2_ws/install/position_publisher:/home/strain-drone/Documents/drone_position_hold/ros2_ws/install/mocap4r2cli:/home/strain-drone/Documents/drone_position_hold/ros2_ws/install/mavros_config:/opt/ros/jazzy DEBUGINFOD_URLS=https://debuginfod.ubuntu.com LD_LIBRARY_PATH=/home/strain-drone/Documents/drone_position_hold/ros2_ws/install/mocap4r2_msgs/lib:/home/strain-drone/Documents/drone_position_hold/ros2_ws/install/mocap4r2_marker_viz_srvs/lib:/home/strain-drone/Documents/drone_position_hold/ros2_ws/install/rqt_mocap4r2_control/lib:/home/strain-drone/Documents/drone_position_hold/ros2_ws/install/natnet_ros2/lib:/home/strain-drone/Documents/drone_position_hold/ros2_ws/install/mocap4r2_vicon_driver/lib:/home/strain-drone/Documents/drone_position_hold/ros2_ws/install/mocap4r2_robot_gt/lib:/home/strain-drone/Documents/drone_position_hold/ros2_ws/install/mocap4r2_robot_gt_msgs/lib:/home/strain-drone/Documents/drone_position_hold/ros2_ws/install/mocap4r2_control/lib:/home/strain-drone/Documents/drone_position_hold/ros2_ws/install/mocap4r2_control_msgs/lib:/opt/ros/jazzy/opt/rviz_ogre_vendor/lib:/opt/ros/jazzy/lib/aarch64-linux-gnu:/opt/ros/jazzy/opt/gz_math_vendor/lib:/opt/ros/jazzy/opt/gz_utils_vendor/lib:/opt/ros/jazzy/opt/gz_cmake_vendor/lib:/opt/ros/jazzy/lib:/home/strain-drone/Documents/drone_position_hold/ros2_ws/src/natnet_ros2/deps/NatNetSDK/lib PS1=(venv-ardupilot) \[\e]0;\u@\h: \w\a\]${debian_chroot:+($debian_chroot)}\[\033[01;32m\]\u@\h\[\033[00m\]:\[\033[01;34m\]\w\[\033[00m\]\$ PYTHONPATH=/home/strain-drone/Documents/drone_position_hold/ros2_ws/install/mocap4r2_msgs/lib/python3.12/site-packages:/home/strain-drone/Documents/drone_position_hold/ros2_ws/install/mocap4r2_marker_viz_srvs/lib/python3.12/site-packages:/home/strain-drone/Documents/drone_position_hold/ros2_ws/install/visualizer/lib/python3.12/site-packages:/home/strain-drone/Documents/drone_position_hold/ros2_ws/install/position_publisher/lib/python3.12/site-packages:/home/strain-drone/Documents/drone_position_hold/ros2_ws/install/natnet_ros2/lib/python3.12/site-packages:/home/strain-drone/Documents/drone_position_hold/ros2_ws/install/mocap4r2cli/lib/python3.12/site-packages:/home/strain-drone/Documents/drone_position_hold/ros2_ws/install/mocap4r2_robot_gt_msgs/lib/python3.12/site-packages:/home/strain-drone/Documents/drone_position_hold/ros2_ws/install/mocap4r2_control_msgs/lib/python3.12/site-packages:/home/strain-drone/Documents/drone_position_hold/ros2_ws/install/mavros_config/lib/python3.12/site-packages:/opt/ros/jazzy/lib/python3.12/site-packages VIRTUAL_ENV_PROMPT=(venv-ardupilot) /usr/bin/cmake --install /home/strain-drone/Documents/drone_position_hold/ros2_ws/build/mocap4r2_marker_viz
[5.371s] Level 1:colcon.colcon_core.environment:checking '/home/strain-drone/Documents/drone_position_hold/ros2_ws/install/mocap4r2_marker_viz' for CMake config files
[5.372s] Level 1:colcon.colcon_core.shell:create_environment_hook('mocap4r2_marker_viz', 'cmake_prefix_path')
[5.372s] INFO:colcon.colcon_core.shell:Creating environment hook '/home/strain-drone/Documents/drone_position_hold/ros2_ws/install/mocap4r2_marker_viz/share/mocap4r2_marker_viz/hook/cmake_prefix_path.ps1'
[5.456s] INFO:colcon.colcon_core.shell:Creating environment descriptor '/home/strain-drone/Documents/drone_position_hold/ros2_ws/install/mocap4r2_marker_viz/share/mocap4r2_marker_viz/hook/cmake_prefix_path.dsv'
[5.458s] INFO:colcon.colcon_core.shell:Creating environment hook '/home/strain-drone/Documents/drone_position_hold/ros2_ws/install/mocap4r2_marker_viz/share/mocap4r2_marker_viz/hook/cmake_prefix_path.sh'
[5.461s] Level 1:colcon.colcon_core.environment:checking '/home/strain-drone/Documents/drone_position_hold/ros2_ws/install/mocap4r2_marker_viz/lib'
[5.461s] Level 1:colcon.colcon_core.environment:checking '/home/strain-drone/Documents/drone_position_hold/ros2_ws/install/mocap4r2_marker_viz/bin'
[5.461s] Level 1:colcon.colcon_core.environment:checking '/home/strain-drone/Documents/drone_position_hold/ros2_ws/install/mocap4r2_marker_viz/lib/pkgconfig/mocap4r2_marker_viz.pc'
[5.462s] Level 1:colcon.colcon_core.environment:checking '/home/strain-drone/Documents/drone_position_hold/ros2_ws/install/mocap4r2_marker_viz/lib/python3.12/site-packages'
[5.462s] Level 1:colcon.colcon_core.environment:checking '/home/strain-drone/Documents/drone_position_hold/ros2_ws/install/mocap4r2_marker_viz/bin'
[5.463s] INFO:colcon.colcon_core.shell:Creating package script '/home/strain-drone/Documents/drone_position_hold/ros2_ws/install/mocap4r2_marker_viz/share/mocap4r2_marker_viz/package.ps1'
[5.463s] INFO:colcon.colcon_core.shell:Creating package descriptor '/home/strain-drone/Documents/drone_position_hold/ros2_ws/install/mocap4r2_marker_viz/share/mocap4r2_marker_viz/package.dsv'
[5.464s] INFO:colcon.colcon_core.shell:Creating package script '/home/strain-drone/Documents/drone_position_hold/ros2_ws/install/mocap4r2_marker_viz/share/mocap4r2_marker_viz/package.sh'
[5.464s] INFO:colcon.colcon_core.shell:Creating package script '/home/strain-drone/Documents/drone_position_hold/ros2_ws/install/mocap4r2_marker_viz/share/mocap4r2_marker_viz/package.bash'
[5.465s] INFO:colcon.colcon_core.shell:Creating package script '/home/strain-drone/Documents/drone_position_hold/ros2_ws/install/mocap4r2_marker_viz/share/mocap4r2_marker_viz/package.zsh'
[5.465s] Level 1:colcon.colcon_core.environment:create_file_with_runtime_dependencies(/home/strain-drone/Documents/drone_position_hold/ros2_ws/install/mocap4r2_marker_viz/share/colcon-core/packages/mocap4r2_marker_viz)
[5.466s] Level 1:colcon.colcon_core.environment:create_environment_scripts_only(mocap4r2_marker_viz)
[5.466s] Level 1:colcon.colcon_core.environment:checking '/home/strain-drone/Documents/drone_position_hold/ros2_ws/install/mocap4r2_marker_viz' for CMake module files
[5.467s] Level 1:colcon.colcon_core.environment:checking '/home/strain-drone/Documents/drone_position_hold/ros2_ws/install/mocap4r2_marker_viz' for CMake config files
[5.467s] Level 1:colcon.colcon_core.shell:create_environment_hook('mocap4r2_marker_viz', 'cmake_prefix_path')
[5.467s] INFO:colcon.colcon_core.shell:Creating environment hook '/home/strain-drone/Documents/drone_position_hold/ros2_ws/install/mocap4r2_marker_viz/share/mocap4r2_marker_viz/hook/cmake_prefix_path.ps1'
[5.468s] INFO:colcon.colcon_core.shell:Creating environment descriptor '/home/strain-drone/Documents/drone_position_hold/ros2_ws/install/mocap4r2_marker_viz/share/mocap4r2_marker_viz/hook/cmake_prefix_path.dsv'
[5.468s] INFO:colcon.colcon_core.shell:Creating environment hook '/home/strain-drone/Documents/drone_position_hold/ros2_ws/install/mocap4r2_marker_viz/share/mocap4r2_marker_viz/hook/cmake_prefix_path.sh'
[5.469s] Level 1:colcon.colcon_core.environment:checking '/home/strain-drone/Documents/drone_position_hold/ros2_ws/install/mocap4r2_marker_viz/lib'
[5.469s] Level 1:colcon.colcon_core.environment:checking '/home/strain-drone/Documents/drone_position_hold/ros2_ws/install/mocap4r2_marker_viz/bin'
[5.469s] Level 1:colcon.colcon_core.environment:checking '/home/strain-drone/Documents/drone_position_hold/ros2_ws/install/mocap4r2_marker_viz/lib/pkgconfig/mocap4r2_marker_viz.pc'
[5.470s] Level 1:colcon.colcon_core.environment:checking '/home/strain-drone/Documents/drone_position_hold/ros2_ws/install/mocap4r2_marker_viz/lib/python3.12/site-packages'
[5.470s] Level 1:colcon.colcon_core.environment:checking '/home/strain-drone/Documents/drone_position_hold/ros2_ws/install/mocap4r2_marker_viz/bin'
[5.471s] INFO:colcon.colcon_core.shell:Creating package script '/home/strain-drone/Documents/drone_position_hold/ros2_ws/install/mocap4r2_marker_viz/share/mocap4r2_marker_viz/package.ps1'
[5.505s] INFO:colcon.colcon_core.shell:Creating package descriptor '/home/strain-drone/Documents/drone_position_hold/ros2_ws/install/mocap4r2_marker_viz/share/mocap4r2_marker_viz/package.dsv'
[5.506s] INFO:colcon.colcon_core.shell:Creating package script '/home/strain-drone/Documents/drone_position_hold/ros2_ws/install/mocap4r2_marker_viz/share/mocap4r2_marker_viz/package.sh'
[5.507s] INFO:colcon.colcon_core.shell:Creating package script '/home/strain-drone/Documents/drone_position_hold/ros2_ws/install/mocap4r2_marker_viz/share/mocap4r2_marker_viz/package.bash'
[5.507s] INFO:colcon.colcon_core.shell:Creating package script '/home/strain-drone/Documents/drone_position_hold/ros2_ws/install/mocap4r2_marker_viz/share/mocap4r2_marker_viz/package.zsh'
[5.508s] Level 1:colcon.colcon_core.environment:create_file_with_runtime_dependencies(/home/strain-drone/Documents/drone_position_hold/ros2_ws/install/mocap4r2_marker_viz/share/colcon-core/packages/mocap4r2_marker_viz)
[5.508s] INFO:colcon.colcon_ros.task.ament_cmake.build:Building ROS package in '/home/strain-drone/Documents/drone_position_hold/ros2_ws/src/mocap4r2/mocap4r2_robot_gt/mocap4r2_robot_gt' with build type 'ament_cmake'
[5.508s] INFO:colcon.colcon_cmake.task.cmake.build:Building CMake package in '/home/strain-drone/Documents/drone_position_hold/ros2_ws/src/mocap4r2/mocap4r2_robot_gt/mocap4r2_robot_gt'
[5.509s] INFO:colcon.colcon_core.shell:Skip shell extension 'powershell' for command environment: Not usable outside of PowerShell
[5.509s] DEBUG:colcon.colcon_core.shell:Skip shell extension 'dsv' for command environment
[5.538s] DEBUG:colcon.colcon_core.event_handler.log_command:Invoking command in '/home/strain-drone/Documents/drone_position_hold/ros2_ws/build/mocap4r2_robot_gt': CMAKE_PREFIX_PATH=/home/strain-drone/Documents/drone_position_hold/ros2_ws/install/mocap4r2_robot_gt_msgs:/home/strain-drone/Documents/drone_position_hold/ros2_ws/install/mocap4r2_msgs:/home/strain-drone/Documents/drone_position_hold/ros2_ws/install/rqt_mocap4r2_control:/home/strain-drone/Documents/drone_position_hold/ros2_ws/install/natnet_ros2:/home/strain-drone/Documents/drone_position_hold/ros2_ws/install/mocap4r2_vicon_driver:/home/strain-drone/Documents/drone_position_hold/ros2_ws/install/mocap4r2_robot_gt:/home/strain-drone/Documents/drone_position_hold/ros2_ws/install/mocap4r2_marker_viz:/home/strain-drone/Documents/drone_position_hold/ros2_ws/install/mocap4r2_marker_publisher:/home/strain-drone/Documents/drone_position_hold/ros2_ws/install/mocap4r2_dummy_driver:/home/strain-drone/Documents/drone_position_hold/ros2_ws/install/mocap4r2_marker_viz_srvs:/home/strain-drone/Documents/drone_position_hold/ros2_ws/install/mocap4r2_control:/home/strain-drone/Documents/drone_position_hold/ros2_ws/install/mocap4r2_control_msgs:/opt/ros/jazzy/opt/gz_math_vendor:/opt/ros/jazzy/opt/gz_utils_vendor:/opt/ros/jazzy/opt/gz_cmake_vendor:/home/strain-drone/Documents/drone_position_hold/ros2_ws/install/visualizer:/home/strain-drone/Documents/drone_position_hold/ros2_ws/install/position_publisher:/home/strain-drone/Documents/drone_position_hold/ros2_ws/install/mocap4r2cli:/home/strain-drone/Documents/drone_position_hold/ros2_ws/install/mavros_config:/opt/ros/jazzy DEBUGINFOD_URLS=https://debuginfod.ubuntu.com LD_LIBRARY_PATH=/home/strain-drone/Documents/drone_position_hold/ros2_ws/install/mocap4r2_robot_gt_msgs/lib:/home/strain-drone/Documents/drone_position_hold/ros2_ws/install/mocap4r2_msgs/lib:/home/strain-drone/Documents/drone_position_hold/ros2_ws/install/rqt_mocap4r2_control/lib:/home/strain-drone/Documents/drone_position_hold/ros2_ws/install/natnet_ros2/lib:/home/strain-drone/Documents/drone_position_hold/ros2_ws/install/mocap4r2_vicon_driver/lib:/home/strain-drone/Documents/drone_position_hold/ros2_ws/install/mocap4r2_robot_gt/lib:/home/strain-drone/Documents/drone_position_hold/ros2_ws/install/mocap4r2_marker_viz_srvs/lib:/home/strain-drone/Documents/drone_position_hold/ros2_ws/install/mocap4r2_control/lib:/home/strain-drone/Documents/drone_position_hold/ros2_ws/install/mocap4r2_control_msgs/lib:/opt/ros/jazzy/opt/rviz_ogre_vendor/lib:/opt/ros/jazzy/lib/aarch64-linux-gnu:/opt/ros/jazzy/opt/gz_math_vendor/lib:/opt/ros/jazzy/opt/gz_utils_vendor/lib:/opt/ros/jazzy/opt/gz_cmake_vendor/lib:/opt/ros/jazzy/lib:/home/strain-drone/Documents/drone_position_hold/ros2_ws/src/natnet_ros2/deps/NatNetSDK/lib PS1=(venv-ardupilot) \[\e]0;\u@\h: \w\a\]${debian_chroot:+($debian_chroot)}\[\033[01;32m\]\u@\h\[\033[00m\]:\[\033[01;34m\]\w\[\033[00m\]\$ PYTHONPATH=/home/strain-drone/Documents/drone_position_hold/ros2_ws/install/mocap4r2_robot_gt_msgs/lib/python3.12/site-packages:/home/strain-drone/Documents/drone_position_hold/ros2_ws/install/mocap4r2_msgs/lib/python3.12/site-packages:/home/strain-drone/Documents/drone_position_hold/ros2_ws/install/visualizer/lib/python3.12/site-packages:/home/strain-drone/Documents/drone_position_hold/ros2_ws/install/position_publisher/lib/python3.12/site-packages:/home/strain-drone/Documents/drone_position_hold/ros2_ws/install/natnet_ros2/lib/python3.12/site-packages:/home/strain-drone/Documents/drone_position_hold/ros2_ws/install/mocap4r2cli/lib/python3.12/site-packages:/home/strain-drone/Documents/drone_position_hold/ros2_ws/install/mocap4r2_marker_viz_srvs/lib/python3.12/site-packages:/home/strain-drone/Documents/drone_position_hold/ros2_ws/install/mocap4r2_control_msgs/lib/python3.12/site-packages:/home/strain-drone/Documents/drone_position_hold/ros2_ws/install/mavros_config/lib/python3.12/site-packages:/opt/ros/jazzy/lib/python3.12/site-packages VIRTUAL_ENV_PROMPT=(venv-ardupilot) /usr/bin/cmake --build /home/strain-drone/Documents/drone_position_hold/ros2_ws/build/mocap4r2_robot_gt -- -j4 -l4
[5.760s] DEBUG:colcon.colcon_core.event_handler.log_command:Invoking command in '/home/strain-drone/Documents/drone_position_hold/ros2_ws/src/visualizer': DEBUGINFOD_URLS=https://debuginfod.ubuntu.com PS1=(venv-ardupilot) \[\e]0;\u@\h: \w\a\]${debian_chroot:+($debian_chroot)}\[\033[01;32m\]\u@\h\[\033[00m\]:\[\033[01;34m\]\w\[\033[00m\]\$ PYTHONPATH=/home/strain-drone/Documents/drone_position_hold/ros2_ws/build/visualizer/prefix_override:/usr/lib/python3/dist-packages/colcon_core/task/python/colcon_distutils_commands:/home/strain-drone/Documents/drone_position_hold/ros2_ws/install/visualizer/lib/python3.12/site-packages:${PYTHONPATH} VIRTUAL_ENV_PROMPT=(venv-ardupilot) /usr/bin/python3 -W ignore:setup.py install is deprecated -W ignore:easy_install command is deprecated setup.py egg_info --egg-base ../../build/visualizer build --build-base /home/strain-drone/Documents/drone_position_hold/ros2_ws/build/visualizer/build install --record /home/strain-drone/Documents/drone_position_hold/ros2_ws/build/visualizer/install.log --single-version-externally-managed install_data
[5.869s] DEBUG:colcon.colcon_core.event_handler.log_command:Invoked command in '/home/strain-drone/Documents/drone_position_hold/ros2_ws/build/mocap4r2_robot_gt' returned '0': CMAKE_PREFIX_PATH=/home/strain-drone/Documents/drone_position_hold/ros2_ws/install/mocap4r2_robot_gt_msgs:/home/strain-drone/Documents/drone_position_hold/ros2_ws/install/mocap4r2_msgs:/home/strain-drone/Documents/drone_position_hold/ros2_ws/install/rqt_mocap4r2_control:/home/strain-drone/Documents/drone_position_hold/ros2_ws/install/natnet_ros2:/home/strain-drone/Documents/drone_position_hold/ros2_ws/install/mocap4r2_vicon_driver:/home/strain-drone/Documents/drone_position_hold/ros2_ws/install/mocap4r2_robot_gt:/home/strain-drone/Documents/drone_position_hold/ros2_ws/install/mocap4r2_marker_viz:/home/strain-drone/Documents/drone_position_hold/ros2_ws/install/mocap4r2_marker_publisher:/home/strain-drone/Documents/drone_position_hold/ros2_ws/install/mocap4r2_dummy_driver:/home/strain-drone/Documents/drone_position_hold/ros2_ws/install/mocap4r2_marker_viz_srvs:/home/strain-drone/Documents/drone_position_hold/ros2_ws/install/mocap4r2_control:/home/strain-drone/Documents/drone_position_hold/ros2_ws/install/mocap4r2_control_msgs:/opt/ros/jazzy/opt/gz_math_vendor:/opt/ros/jazzy/opt/gz_utils_vendor:/opt/ros/jazzy/opt/gz_cmake_vendor:/home/strain-drone/Documents/drone_position_hold/ros2_ws/install/visualizer:/home/strain-drone/Documents/drone_position_hold/ros2_ws/install/position_publisher:/home/strain-drone/Documents/drone_position_hold/ros2_ws/install/mocap4r2cli:/home/strain-drone/Documents/drone_position_hold/ros2_ws/install/mavros_config:/opt/ros/jazzy DEBUGINFOD_URLS=https://debuginfod.ubuntu.com LD_LIBRARY_PATH=/home/strain-drone/Documents/drone_position_hold/ros2_ws/install/mocap4r2_robot_gt_msgs/lib:/home/strain-drone/Documents/drone_position_hold/ros2_ws/install/mocap4r2_msgs/lib:/home/strain-drone/Documents/drone_position_hold/ros2_ws/install/rqt_mocap4r2_control/lib:/home/strain-drone/Documents/drone_position_hold/ros2_ws/install/natnet_ros2/lib:/home/strain-drone/Documents/drone_position_hold/ros2_ws/install/mocap4r2_vicon_driver/lib:/home/strain-drone/Documents/drone_position_hold/ros2_ws/install/mocap4r2_robot_gt/lib:/home/strain-drone/Documents/drone_position_hold/ros2_ws/install/mocap4r2_marker_viz_srvs/lib:/home/strain-drone/Documents/drone_position_hold/ros2_ws/install/mocap4r2_control/lib:/home/strain-drone/Documents/drone_position_hold/ros2_ws/install/mocap4r2_control_msgs/lib:/opt/ros/jazzy/opt/rviz_ogre_vendor/lib:/opt/ros/jazzy/lib/aarch64-linux-gnu:/opt/ros/jazzy/opt/gz_math_vendor/lib:/opt/ros/jazzy/opt/gz_utils_vendor/lib:/opt/ros/jazzy/opt/gz_cmake_vendor/lib:/opt/ros/jazzy/lib:/home/strain-drone/Documents/drone_position_hold/ros2_ws/src/natnet_ros2/deps/NatNetSDK/lib PS1=(venv-ardupilot) \[\e]0;\u@\h: \w\a\]${debian_chroot:+($debian_chroot)}\[\033[01;32m\]\u@\h\[\033[00m\]:\[\033[01;34m\]\w\[\033[00m\]\$ PYTHONPATH=/home/strain-drone/Documents/drone_position_hold/ros2_ws/install/mocap4r2_robot_gt_msgs/lib/python3.12/site-packages:/home/strain-drone/Documents/drone_position_hold/ros2_ws/install/mocap4r2_msgs/lib/python3.12/site-packages:/home/strain-drone/Documents/drone_position_hold/ros2_ws/install/visualizer/lib/python3.12/site-packages:/home/strain-drone/Documents/drone_position_hold/ros2_ws/install/position_publisher/lib/python3.12/site-packages:/home/strain-drone/Documents/drone_position_hold/ros2_ws/install/natnet_ros2/lib/python3.12/site-packages:/home/strain-drone/Documents/drone_position_hold/ros2_ws/install/mocap4r2cli/lib/python3.12/site-packages:/home/strain-drone/Documents/drone_position_hold/ros2_ws/install/mocap4r2_marker_viz_srvs/lib/python3.12/site-packages:/home/strain-drone/Documents/drone_position_hold/ros2_ws/install/mocap4r2_control_msgs/lib/python3.12/site-packages:/home/strain-drone/Documents/drone_position_hold/ros2_ws/install/mavros_config/lib/python3.12/site-packages:/opt/ros/jazzy/lib/python3.12/site-packages VIRTUAL_ENV_PROMPT=(venv-ardupilot) /usr/bin/cmake --build /home/strain-drone/Documents/drone_position_hold/ros2_ws/build/mocap4r2_robot_gt -- -j4 -l4
[5.870s] DEBUG:colcon.colcon_core.event_handler.log_command:Invoking command in '/home/strain-drone/Documents/drone_position_hold/ros2_ws/build/mocap4r2_robot_gt': CMAKE_PREFIX_PATH=/home/strain-drone/Documents/drone_position_hold/ros2_ws/install/mocap4r2_robot_gt_msgs:/home/strain-drone/Documents/drone_position_hold/ros2_ws/install/mocap4r2_msgs:/home/strain-drone/Documents/drone_position_hold/ros2_ws/install/rqt_mocap4r2_control:/home/strain-drone/Documents/drone_position_hold/ros2_ws/install/natnet_ros2:/home/strain-drone/Documents/drone_position_hold/ros2_ws/install/mocap4r2_vicon_driver:/home/strain-drone/Documents/drone_position_hold/ros2_ws/install/mocap4r2_robot_gt:/home/strain-drone/Documents/drone_position_hold/ros2_ws/install/mocap4r2_marker_viz:/home/strain-drone/Documents/drone_position_hold/ros2_ws/install/mocap4r2_marker_publisher:/home/strain-drone/Documents/drone_position_hold/ros2_ws/install/mocap4r2_dummy_driver:/home/strain-drone/Documents/drone_position_hold/ros2_ws/install/mocap4r2_marker_viz_srvs:/home/strain-drone/Documents/drone_position_hold/ros2_ws/install/mocap4r2_control:/home/strain-drone/Documents/drone_position_hold/ros2_ws/install/mocap4r2_control_msgs:/opt/ros/jazzy/opt/gz_math_vendor:/opt/ros/jazzy/opt/gz_utils_vendor:/opt/ros/jazzy/opt/gz_cmake_vendor:/home/strain-drone/Documents/drone_position_hold/ros2_ws/install/visualizer:/home/strain-drone/Documents/drone_position_hold/ros2_ws/install/position_publisher:/home/strain-drone/Documents/drone_position_hold/ros2_ws/install/mocap4r2cli:/home/strain-drone/Documents/drone_position_hold/ros2_ws/install/mavros_config:/opt/ros/jazzy DEBUGINFOD_URLS=https://debuginfod.ubuntu.com LD_LIBRARY_PATH=/home/strain-drone/Documents/drone_position_hold/ros2_ws/install/mocap4r2_robot_gt_msgs/lib:/home/strain-drone/Documents/drone_position_hold/ros2_ws/install/mocap4r2_msgs/lib:/home/strain-drone/Documents/drone_position_hold/ros2_ws/install/rqt_mocap4r2_control/lib:/home/strain-drone/Documents/drone_position_hold/ros2_ws/install/natnet_ros2/lib:/home/strain-drone/Documents/drone_position_hold/ros2_ws/install/mocap4r2_vicon_driver/lib:/home/strain-drone/Documents/drone_position_hold/ros2_ws/install/mocap4r2_robot_gt/lib:/home/strain-drone/Documents/drone_position_hold/ros2_ws/install/mocap4r2_marker_viz_srvs/lib:/home/strain-drone/Documents/drone_position_hold/ros2_ws/install/mocap4r2_control/lib:/home/strain-drone/Documents/drone_position_hold/ros2_ws/install/mocap4r2_control_msgs/lib:/opt/ros/jazzy/opt/rviz_ogre_vendor/lib:/opt/ros/jazzy/lib/aarch64-linux-gnu:/opt/ros/jazzy/opt/gz_math_vendor/lib:/opt/ros/jazzy/opt/gz_utils_vendor/lib:/opt/ros/jazzy/opt/gz_cmake_vendor/lib:/opt/ros/jazzy/lib:/home/strain-drone/Documents/drone_position_hold/ros2_ws/src/natnet_ros2/deps/NatNetSDK/lib PS1=(venv-ardupilot) \[\e]0;\u@\h: \w\a\]${debian_chroot:+($debian_chroot)}\[\033[01;32m\]\u@\h\[\033[00m\]:\[\033[01;34m\]\w\[\033[00m\]\$ PYTHONPATH=/home/strain-drone/Documents/drone_position_hold/ros2_ws/install/mocap4r2_robot_gt_msgs/lib/python3.12/site-packages:/home/strain-drone/Documents/drone_position_hold/ros2_ws/install/mocap4r2_msgs/lib/python3.12/site-packages:/home/strain-drone/Documents/drone_position_hold/ros2_ws/install/visualizer/lib/python3.12/site-packages:/home/strain-drone/Documents/drone_position_hold/ros2_ws/install/position_publisher/lib/python3.12/site-packages:/home/strain-drone/Documents/drone_position_hold/ros2_ws/install/natnet_ros2/lib/python3.12/site-packages:/home/strain-drone/Documents/drone_position_hold/ros2_ws/install/mocap4r2cli/lib/python3.12/site-packages:/home/strain-drone/Documents/drone_position_hold/ros2_ws/install/mocap4r2_marker_viz_srvs/lib/python3.12/site-packages:/home/strain-drone/Documents/drone_position_hold/ros2_ws/install/mocap4r2_control_msgs/lib/python3.12/site-packages:/home/strain-drone/Documents/drone_position_hold/ros2_ws/install/mavros_config/lib/python3.12/site-packages:/opt/ros/jazzy/lib/python3.12/site-packages VIRTUAL_ENV_PROMPT=(venv-ardupilot) /usr/bin/cmake --install /home/strain-drone/Documents/drone_position_hold/ros2_ws/build/mocap4r2_robot_gt
[5.904s] Level 1:colcon.colcon_core.environment:create_environment_scripts_only(mocap4r2_robot_gt)
[5.905s] Level 1:colcon.colcon_core.environment:checking '/home/strain-drone/Documents/drone_position_hold/ros2_ws/install/mocap4r2_robot_gt' for CMake module files
[5.906s] Level 1:colcon.colcon_core.environment:checking '/home/strain-drone/Documents/drone_position_hold/ros2_ws/install/mocap4r2_robot_gt' for CMake config files
[5.906s] Level 1:colcon.colcon_core.shell:create_environment_hook('mocap4r2_robot_gt', 'cmake_prefix_path')
[5.907s] INFO:colcon.colcon_core.shell:Creating environment hook '/home/strain-drone/Documents/drone_position_hold/ros2_ws/install/mocap4r2_robot_gt/share/mocap4r2_robot_gt/hook/cmake_prefix_path.ps1'
[5.905s] DEBUG:colcon.colcon_core.event_handler.log_command:Invoked command in '/home/strain-drone/Documents/drone_position_hold/ros2_ws/build/mocap4r2_robot_gt' returned '0': CMAKE_PREFIX_PATH=/home/strain-drone/Documents/drone_position_hold/ros2_ws/install/mocap4r2_robot_gt_msgs:/home/strain-drone/Documents/drone_position_hold/ros2_ws/install/mocap4r2_msgs:/home/strain-drone/Documents/drone_position_hold/ros2_ws/install/rqt_mocap4r2_control:/home/strain-drone/Documents/drone_position_hold/ros2_ws/install/natnet_ros2:/home/strain-drone/Documents/drone_position_hold/ros2_ws/install/mocap4r2_vicon_driver:/home/strain-drone/Documents/drone_position_hold/ros2_ws/install/mocap4r2_robot_gt:/home/strain-drone/Documents/drone_position_hold/ros2_ws/install/mocap4r2_marker_viz:/home/strain-drone/Documents/drone_position_hold/ros2_ws/install/mocap4r2_marker_publisher:/home/strain-drone/Documents/drone_position_hold/ros2_ws/install/mocap4r2_dummy_driver:/home/strain-drone/Documents/drone_position_hold/ros2_ws/install/mocap4r2_marker_viz_srvs:/home/strain-drone/Documents/drone_position_hold/ros2_ws/install/mocap4r2_control:/home/strain-drone/Documents/drone_position_hold/ros2_ws/install/mocap4r2_control_msgs:/opt/ros/jazzy/opt/gz_math_vendor:/opt/ros/jazzy/opt/gz_utils_vendor:/opt/ros/jazzy/opt/gz_cmake_vendor:/home/strain-drone/Documents/drone_position_hold/ros2_ws/install/visualizer:/home/strain-drone/Documents/drone_position_hold/ros2_ws/install/position_publisher:/home/strain-drone/Documents/drone_position_hold/ros2_ws/install/mocap4r2cli:/home/strain-drone/Documents/drone_position_hold/ros2_ws/install/mavros_config:/opt/ros/jazzy DEBUGINFOD_URLS=https://debuginfod.ubuntu.com LD_LIBRARY_PATH=/home/strain-drone/Documents/drone_position_hold/ros2_ws/install/mocap4r2_robot_gt_msgs/lib:/home/strain-drone/Documents/drone_position_hold/ros2_ws/install/mocap4r2_msgs/lib:/home/strain-drone/Documents/drone_position_hold/ros2_ws/install/rqt_mocap4r2_control/lib:/home/strain-drone/Documents/drone_position_hold/ros2_ws/install/natnet_ros2/lib:/home/strain-drone/Documents/drone_position_hold/ros2_ws/install/mocap4r2_vicon_driver/lib:/home/strain-drone/Documents/drone_position_hold/ros2_ws/install/mocap4r2_robot_gt/lib:/home/strain-drone/Documents/drone_position_hold/ros2_ws/install/mocap4r2_marker_viz_srvs/lib:/home/strain-drone/Documents/drone_position_hold/ros2_ws/install/mocap4r2_control/lib:/home/strain-drone/Documents/drone_position_hold/ros2_ws/install/mocap4r2_control_msgs/lib:/opt/ros/jazzy/opt/rviz_ogre_vendor/lib:/opt/ros/jazzy/lib/aarch64-linux-gnu:/opt/ros/jazzy/opt/gz_math_vendor/lib:/opt/ros/jazzy/opt/gz_utils_vendor/lib:/opt/ros/jazzy/opt/gz_cmake_vendor/lib:/opt/ros/jazzy/lib:/home/strain-drone/Documents/drone_position_hold/ros2_ws/src/natnet_ros2/deps/NatNetSDK/lib PS1=(venv-ardupilot) \[\e]0;\u@\h: \w\a\]${debian_chroot:+($debian_chroot)}\[\033[01;32m\]\u@\h\[\033[00m\]:\[\033[01;34m\]\w\[\033[00m\]\$ PYTHONPATH=/home/strain-drone/Documents/drone_position_hold/ros2_ws/install/mocap4r2_robot_gt_msgs/lib/python3.12/site-packages:/home/strain-drone/Documents/drone_position_hold/ros2_ws/install/mocap4r2_msgs/lib/python3.12/site-packages:/home/strain-drone/Documents/drone_position_hold/ros2_ws/install/visualizer/lib/python3.12/site-packages:/home/strain-drone/Documents/drone_position_hold/ros2_ws/install/position_publisher/lib/python3.12/site-packages:/home/strain-drone/Documents/drone_position_hold/ros2_ws/install/natnet_ros2/lib/python3.12/site-packages:/home/strain-drone/Documents/drone_position_hold/ros2_ws/install/mocap4r2cli/lib/python3.12/site-packages:/home/strain-drone/Documents/drone_position_hold/ros2_ws/install/mocap4r2_marker_viz_srvs/lib/python3.12/site-packages:/home/strain-drone/Documents/drone_position_hold/ros2_ws/install/mocap4r2_control_msgs/lib/python3.12/site-packages:/home/strain-drone/Documents/drone_position_hold/ros2_ws/install/mavros_config/lib/python3.12/site-packages:/opt/ros/jazzy/lib/python3.12/site-packages VIRTUAL_ENV_PROMPT=(venv-ardupilot) /usr/bin/cmake --install /home/strain-drone/Documents/drone_position_hold/ros2_ws/build/mocap4r2_robot_gt
[5.908s] INFO:colcon.colcon_core.shell:Creating environment descriptor '/home/strain-drone/Documents/drone_position_hold/ros2_ws/install/mocap4r2_robot_gt/share/mocap4r2_robot_gt/hook/cmake_prefix_path.dsv'
[5.909s] INFO:colcon.colcon_core.shell:Creating environment hook '/home/strain-drone/Documents/drone_position_hold/ros2_ws/install/mocap4r2_robot_gt/share/mocap4r2_robot_gt/hook/cmake_prefix_path.sh'
[5.910s] Level 1:colcon.colcon_core.environment:checking '/home/strain-drone/Documents/drone_position_hold/ros2_ws/install/mocap4r2_robot_gt/lib'
[5.910s] Level 1:colcon.colcon_core.shell:create_environment_hook('mocap4r2_robot_gt', 'ld_library_path_lib')
[5.911s] INFO:colcon.colcon_core.shell:Creating environment hook '/home/strain-drone/Documents/drone_position_hold/ros2_ws/install/mocap4r2_robot_gt/share/mocap4r2_robot_gt/hook/ld_library_path_lib.ps1'
[5.911s] INFO:colcon.colcon_core.shell:Creating environment descriptor '/home/strain-drone/Documents/drone_position_hold/ros2_ws/install/mocap4r2_robot_gt/share/mocap4r2_robot_gt/hook/ld_library_path_lib.dsv'
[5.912s] INFO:colcon.colcon_core.shell:Creating environment hook '/home/strain-drone/Documents/drone_position_hold/ros2_ws/install/mocap4r2_robot_gt/share/mocap4r2_robot_gt/hook/ld_library_path_lib.sh'
[5.913s] Level 1:colcon.colcon_core.environment:checking '/home/strain-drone/Documents/drone_position_hold/ros2_ws/install/mocap4r2_robot_gt/bin'
[5.913s] Level 1:colcon.colcon_core.environment:checking '/home/strain-drone/Documents/drone_position_hold/ros2_ws/install/mocap4r2_robot_gt/lib/pkgconfig/mocap4r2_robot_gt.pc'
[5.914s] Level 1:colcon.colcon_core.environment:checking '/home/strain-drone/Documents/drone_position_hold/ros2_ws/install/mocap4r2_robot_gt/lib/python3.12/site-packages'
[5.914s] Level 1:colcon.colcon_core.environment:checking '/home/strain-drone/Documents/drone_position_hold/ros2_ws/install/mocap4r2_robot_gt/bin'
[5.915s] INFO:colcon.colcon_core.shell:Creating package script '/home/strain-drone/Documents/drone_position_hold/ros2_ws/install/mocap4r2_robot_gt/share/mocap4r2_robot_gt/package.ps1'
[5.916s] INFO:colcon.colcon_core.shell:Creating package descriptor '/home/strain-drone/Documents/drone_position_hold/ros2_ws/install/mocap4r2_robot_gt/share/mocap4r2_robot_gt/package.dsv'
[5.916s] INFO:colcon.colcon_core.shell:Creating package script '/home/strain-drone/Documents/drone_position_hold/ros2_ws/install/mocap4r2_robot_gt/share/mocap4r2_robot_gt/package.sh'
[5.918s] INFO:colcon.colcon_core.shell:Creating package script '/home/strain-drone/Documents/drone_position_hold/ros2_ws/install/mocap4r2_robot_gt/share/mocap4r2_robot_gt/package.bash'
[5.919s] INFO:colcon.colcon_core.shell:Creating package script '/home/strain-drone/Documents/drone_position_hold/ros2_ws/install/mocap4r2_robot_gt/share/mocap4r2_robot_gt/package.zsh'
[5.920s] Level 1:colcon.colcon_core.environment:create_file_with_runtime_dependencies(/home/strain-drone/Documents/drone_position_hold/ros2_ws/install/mocap4r2_robot_gt/share/colcon-core/packages/mocap4r2_robot_gt)
[5.922s] Level 1:colcon.colcon_core.environment:create_environment_scripts_only(mocap4r2_robot_gt)
[5.923s] Level 1:colcon.colcon_core.environment:checking '/home/strain-drone/Documents/drone_position_hold/ros2_ws/install/mocap4r2_robot_gt' for CMake module files
[5.923s] Level 1:colcon.colcon_core.environment:checking '/home/strain-drone/Documents/drone_position_hold/ros2_ws/install/mocap4r2_robot_gt' for CMake config files
[5.924s] Level 1:colcon.colcon_core.shell:create_environment_hook('mocap4r2_robot_gt', 'cmake_prefix_path')
[5.924s] INFO:colcon.colcon_core.shell:Creating environment hook '/home/strain-drone/Documents/drone_position_hold/ros2_ws/install/mocap4r2_robot_gt/share/mocap4r2_robot_gt/hook/cmake_prefix_path.ps1'
[5.925s] INFO:colcon.colcon_core.shell:Creating environment descriptor '/home/strain-drone/Documents/drone_position_hold/ros2_ws/install/mocap4r2_robot_gt/share/mocap4r2_robot_gt/hook/cmake_prefix_path.dsv'
[5.926s] INFO:colcon.colcon_core.shell:Creating environment hook '/home/strain-drone/Documents/drone_position_hold/ros2_ws/install/mocap4r2_robot_gt/share/mocap4r2_robot_gt/hook/cmake_prefix_path.sh'
[5.928s] Level 1:colcon.colcon_core.environment:checking '/home/strain-drone/Documents/drone_position_hold/ros2_ws/install/mocap4r2_robot_gt/lib'
[5.928s] Level 1:colcon.colcon_core.shell:create_environment_hook('mocap4r2_robot_gt', 'ld_library_path_lib')
[5.928s] INFO:colcon.colcon_core.shell:Creating environment hook '/home/strain-drone/Documents/drone_position_hold/ros2_ws/install/mocap4r2_robot_gt/share/mocap4r2_robot_gt/hook/ld_library_path_lib.ps1'
[5.929s] INFO:colcon.colcon_core.shell:Creating environment descriptor '/home/strain-drone/Documents/drone_position_hold/ros2_ws/install/mocap4r2_robot_gt/share/mocap4r2_robot_gt/hook/ld_library_path_lib.dsv'
[5.931s] INFO:colcon.colcon_core.shell:Creating environment hook '/home/strain-drone/Documents/drone_position_hold/ros2_ws/install/mocap4r2_robot_gt/share/mocap4r2_robot_gt/hook/ld_library_path_lib.sh'
[5.932s] Level 1:colcon.colcon_core.environment:checking '/home/strain-drone/Documents/drone_position_hold/ros2_ws/install/mocap4r2_robot_gt/bin'
[5.932s] Level 1:colcon.colcon_core.environment:checking '/home/strain-drone/Documents/drone_position_hold/ros2_ws/install/mocap4r2_robot_gt/lib/pkgconfig/mocap4r2_robot_gt.pc'
[5.933s] Level 1:colcon.colcon_core.environment:checking '/home/strain-drone/Documents/drone_position_hold/ros2_ws/install/mocap4r2_robot_gt/lib/python3.12/site-packages'
[5.933s] Level 1:colcon.colcon_core.environment:checking '/home/strain-drone/Documents/drone_position_hold/ros2_ws/install/mocap4r2_robot_gt/bin'
[5.934s] INFO:colcon.colcon_core.shell:Creating package script '/home/strain-drone/Documents/drone_position_hold/ros2_ws/install/mocap4r2_robot_gt/share/mocap4r2_robot_gt/package.ps1'
[5.935s] INFO:colcon.colcon_core.shell:Creating package descriptor '/home/strain-drone/Documents/drone_position_hold/ros2_ws/install/mocap4r2_robot_gt/share/mocap4r2_robot_gt/package.dsv'
[5.936s] INFO:colcon.colcon_core.shell:Creating package script '/home/strain-drone/Documents/drone_position_hold/ros2_ws/install/mocap4r2_robot_gt/share/mocap4r2_robot_gt/package.sh'
[5.938s] INFO:colcon.colcon_core.shell:Creating package script '/home/strain-drone/Documents/drone_position_hold/ros2_ws/install/mocap4r2_robot_gt/share/mocap4r2_robot_gt/package.bash'
[5.939s] INFO:colcon.colcon_core.shell:Creating package script '/home/strain-drone/Documents/drone_position_hold/ros2_ws/install/mocap4r2_robot_gt/share/mocap4r2_robot_gt/package.zsh'
[5.941s] Level 1:colcon.colcon_core.environment:create_file_with_runtime_dependencies(/home/strain-drone/Documents/drone_position_hold/ros2_ws/install/mocap4r2_robot_gt/share/colcon-core/packages/mocap4r2_robot_gt)
[5.946s] INFO:colcon.colcon_ros.task.ament_python.build:Building ROS package in '/home/strain-drone/Documents/drone_position_hold/ros2_ws/src/mocap4r2/mocap4r2cli' with build type 'ament_python'
[5.947s] Level 1:colcon.colcon_core.shell:create_environment_hook('mocap4r2cli', 'ament_prefix_path')
[5.947s] INFO:colcon.colcon_core.shell:Creating environment hook '/home/strain-drone/Documents/drone_position_hold/ros2_ws/install/mocap4r2cli/share/mocap4r2cli/hook/ament_prefix_path.ps1'
[5.948s] INFO:colcon.colcon_core.shell:Creating environment descriptor '/home/strain-drone/Documents/drone_position_hold/ros2_ws/install/mocap4r2cli/share/mocap4r2cli/hook/ament_prefix_path.dsv'
[5.949s] INFO:colcon.colcon_core.shell:Creating environment hook '/home/strain-drone/Documents/drone_position_hold/ros2_ws/install/mocap4r2cli/share/mocap4r2cli/hook/ament_prefix_path.sh'
[5.951s] INFO:colcon.colcon_core.shell:Skip shell extension 'powershell' for command environment: Not usable outside of PowerShell
[5.951s] DEBUG:colcon.colcon_core.shell:Skip shell extension 'dsv' for command environment
[6.386s] INFO:colcon.colcon_core.task.python.build:Building Python package in '/home/strain-drone/Documents/drone_position_hold/ros2_ws/src/mocap4r2/mocap4r2cli'
[6.387s] INFO:colcon.colcon_core.shell:Skip shell extension 'powershell' for command environment: Not usable outside of PowerShell
[6.387s] DEBUG:colcon.colcon_core.shell:Skip shell extension 'dsv' for command environment
[6.394s] Level 1:colcon.colcon_core.environment:checking '/home/strain-drone/Documents/drone_position_hold/ros2_ws/install/position_publisher' for CMake module files
[6.395s] DEBUG:colcon.colcon_core.event_handler.log_command:Invoked command in '/home/strain-drone/Documents/drone_position_hold/ros2_ws/src/position_publisher' returned '0': DEBUGINFOD_URLS=https://debuginfod.ubuntu.com PS1=(venv-ardupilot) \[\e]0;\u@\h: \w\a\]${debian_chroot:+($debian_chroot)}\[\033[01;32m\]\u@\h\[\033[00m\]:\[\033[01;34m\]\w\[\033[00m\]\$ PYTHONPATH=/home/strain-drone/Documents/drone_position_hold/ros2_ws/build/position_publisher/prefix_override:/usr/lib/python3/dist-packages/colcon_core/task/python/colcon_distutils_commands:/home/strain-drone/Documents/drone_position_hold/ros2_ws/install/position_publisher/lib/python3.12/site-packages:${PYTHONPATH} VIRTUAL_ENV_PROMPT=(venv-ardupilot) /usr/bin/python3 -W ignore:setup.py install is deprecated -W ignore:easy_install command is deprecated setup.py egg_info --egg-base ../../build/position_publisher build --build-base /home/strain-drone/Documents/drone_position_hold/ros2_ws/build/position_publisher/build install --record /home/strain-drone/Documents/drone_position_hold/ros2_ws/build/position_publisher/install.log --single-version-externally-managed install_data
[6.396s] Level 1:colcon.colcon_core.environment:checking '/home/strain-drone/Documents/drone_position_hold/ros2_ws/install/position_publisher' for CMake config files
[6.397s] Level 1:colcon.colcon_core.environment:checking '/home/strain-drone/Documents/drone_position_hold/ros2_ws/install/position_publisher/lib'
[6.397s] Level 1:colcon.colcon_core.environment:checking '/home/strain-drone/Documents/drone_position_hold/ros2_ws/install/position_publisher/bin'
[6.397s] Level 1:colcon.colcon_core.environment:checking '/home/strain-drone/Documents/drone_position_hold/ros2_ws/install/position_publisher/lib/pkgconfig/position_publisher.pc'
[6.397s] Level 1:colcon.colcon_core.environment:checking '/home/strain-drone/Documents/drone_position_hold/ros2_ws/install/position_publisher/lib/python3.12/site-packages'
[6.397s] Level 1:colcon.colcon_core.shell:create_environment_hook('position_publisher', 'pythonpath')
[6.398s] INFO:colcon.colcon_core.shell:Creating environment hook '/home/strain-drone/Documents/drone_position_hold/ros2_ws/install/position_publisher/share/position_publisher/hook/pythonpath.ps1'
[6.399s] INFO:colcon.colcon_core.shell:Creating environment descriptor '/home/strain-drone/Documents/drone_position_hold/ros2_ws/install/position_publisher/share/position_publisher/hook/pythonpath.dsv'
[6.401s] INFO:colcon.colcon_core.shell:Creating environment hook '/home/strain-drone/Documents/drone_position_hold/ros2_ws/install/position_publisher/share/position_publisher/hook/pythonpath.sh'
[6.402s] Level 1:colcon.colcon_core.environment:checking '/home/strain-drone/Documents/drone_position_hold/ros2_ws/install/position_publisher/bin'
[6.402s] Level 1:colcon.colcon_core.environment:create_environment_scripts_only(position_publisher)
[6.403s] INFO:colcon.colcon_core.shell:Creating package script '/home/strain-drone/Documents/drone_position_hold/ros2_ws/install/position_publisher/share/position_publisher/package.ps1'
[6.404s] INFO:colcon.colcon_core.shell:Creating package descriptor '/home/strain-drone/Documents/drone_position_hold/ros2_ws/install/position_publisher/share/position_publisher/package.dsv'
[6.405s] INFO:colcon.colcon_core.shell:Creating package script '/home/strain-drone/Documents/drone_position_hold/ros2_ws/install/position_publisher/share/position_publisher/package.sh'
[6.410s] INFO:colcon.colcon_core.shell:Creating package script '/home/strain-drone/Documents/drone_position_hold/ros2_ws/install/position_publisher/share/position_publisher/package.bash'
[6.410s] INFO:colcon.colcon_core.shell:Creating package script '/home/strain-drone/Documents/drone_position_hold/ros2_ws/install/position_publisher/share/position_publisher/package.zsh'
[6.411s] Level 1:colcon.colcon_core.environment:create_file_with_runtime_dependencies(/home/strain-drone/Documents/drone_position_hold/ros2_ws/install/position_publisher/share/colcon-core/packages/position_publisher)
[6.413s] INFO:colcon.colcon_ros.task.ament_cmake.build:Building ROS package in '/home/strain-drone/Documents/drone_position_hold/ros2_ws/src/mocap4r2/mocap4r2_dummy_driver' with build type 'ament_cmake'
[6.413s] INFO:colcon.colcon_cmake.task.cmake.build:Building CMake package in '/home/strain-drone/Documents/drone_position_hold/ros2_ws/src/mocap4r2/mocap4r2_dummy_driver'
[6.413s] INFO:colcon.colcon_core.shell:Skip shell extension 'powershell' for command environment: Not usable outside of PowerShell
[6.413s] DEBUG:colcon.colcon_core.shell:Skip shell extension 'dsv' for command environment
[6.420s] Level 1:colcon.colcon_core.environment:checking '/home/strain-drone/Documents/drone_position_hold/ros2_ws/install/mavros_config' for CMake module files
[6.421s] DEBUG:colcon.colcon_core.event_handler.log_command:Invoked command in '/home/strain-drone/Documents/drone_position_hold/ros2_ws/src/mavros_config' returned '0': DEBUGINFOD_URLS=https://debuginfod.ubuntu.com PS1=(venv-ardupilot) \[\e]0;\u@\h: \w\a\]${debian_chroot:+($debian_chroot)}\[\033[01;32m\]\u@\h\[\033[00m\]:\[\033[01;34m\]\w\[\033[00m\]\$ PYTHONPATH=/home/strain-drone/Documents/drone_position_hold/ros2_ws/build/mavros_config/prefix_override:/usr/lib/python3/dist-packages/colcon_core/task/python/colcon_distutils_commands:/home/strain-drone/Documents/drone_position_hold/ros2_ws/install/mavros_config/lib/python3.12/site-packages:${PYTHONPATH} VIRTUAL_ENV_PROMPT=(venv-ardupilot) /usr/bin/python3 -W ignore:setup.py install is deprecated -W ignore:easy_install command is deprecated setup.py egg_info --egg-base ../../build/mavros_config build --build-base /home/strain-drone/Documents/drone_position_hold/ros2_ws/build/mavros_config/build install --record /home/strain-drone/Documents/drone_position_hold/ros2_ws/build/mavros_config/install.log --single-version-externally-managed install_data
[6.421s] Level 1:colcon.colcon_core.environment:checking '/home/strain-drone/Documents/drone_position_hold/ros2_ws/install/mavros_config' for CMake config files
[6.422s] Level 1:colcon.colcon_core.environment:checking '/home/strain-drone/Documents/drone_position_hold/ros2_ws/install/mavros_config/lib'
[6.422s] Level 1:colcon.colcon_core.environment:checking '/home/strain-drone/Documents/drone_position_hold/ros2_ws/install/mavros_config/bin'
[6.422s] Level 1:colcon.colcon_core.environment:checking '/home/strain-drone/Documents/drone_position_hold/ros2_ws/install/mavros_config/lib/pkgconfig/mavros_config.pc'
[6.423s] Level 1:colcon.colcon_core.environment:checking '/home/strain-drone/Documents/drone_position_hold/ros2_ws/install/mavros_config/lib/python3.12/site-packages'
[6.423s] Level 1:colcon.colcon_core.shell:create_environment_hook('mavros_config', 'pythonpath')
[6.423s] INFO:colcon.colcon_core.shell:Creating environment hook '/home/strain-drone/Documents/drone_position_hold/ros2_ws/install/mavros_config/share/mavros_config/hook/pythonpath.ps1'
[6.424s] INFO:colcon.colcon_core.shell:Creating environment descriptor '/home/strain-drone/Documents/drone_position_hold/ros2_ws/install/mavros_config/share/mavros_config/hook/pythonpath.dsv'
[6.425s] INFO:colcon.colcon_core.shell:Creating environment hook '/home/strain-drone/Documents/drone_position_hold/ros2_ws/install/mavros_config/share/mavros_config/hook/pythonpath.sh'
[6.426s] Level 1:colcon.colcon_core.environment:checking '/home/strain-drone/Documents/drone_position_hold/ros2_ws/install/mavros_config/bin'
[6.426s] Level 1:colcon.colcon_core.environment:create_environment_scripts_only(mavros_config)
[6.427s] INFO:colcon.colcon_core.shell:Creating package script '/home/strain-drone/Documents/drone_position_hold/ros2_ws/install/mavros_config/share/mavros_config/package.ps1'
[6.428s] INFO:colcon.colcon_core.shell:Creating package descriptor '/home/strain-drone/Documents/drone_position_hold/ros2_ws/install/mavros_config/share/mavros_config/package.dsv'
[6.429s] INFO:colcon.colcon_core.shell:Creating package script '/home/strain-drone/Documents/drone_position_hold/ros2_ws/install/mavros_config/share/mavros_config/package.sh'
[6.430s] INFO:colcon.colcon_core.shell:Creating package script '/home/strain-drone/Documents/drone_position_hold/ros2_ws/install/mavros_config/share/mavros_config/package.bash'
[6.431s] INFO:colcon.colcon_core.shell:Creating package script '/home/strain-drone/Documents/drone_position_hold/ros2_ws/install/mavros_config/share/mavros_config/package.zsh'
[6.433s] Level 1:colcon.colcon_core.environment:create_file_with_runtime_dependencies(/home/strain-drone/Documents/drone_position_hold/ros2_ws/install/mavros_config/share/colcon-core/packages/mavros_config)
[6.434s] INFO:colcon.colcon_ros.task.ament_cmake.build:Building ROS package in '/home/strain-drone/Documents/drone_position_hold/ros2_ws/src/mocap4ros2_vicon/mocap4r2_vicon_driver' with build type 'ament_cmake'
[6.435s] INFO:colcon.colcon_cmake.task.cmake.build:Building CMake package in '/home/strain-drone/Documents/drone_position_hold/ros2_ws/src/mocap4ros2_vicon/mocap4r2_vicon_driver'
[6.435s] INFO:colcon.colcon_core.shell:Skip shell extension 'powershell' for command environment: Not usable outside of PowerShell
[6.435s] DEBUG:colcon.colcon_core.shell:Skip shell extension 'dsv' for command environment
[6.452s] DEBUG:colcon.colcon_core.event_handler.log_command:Invoking command in '/home/strain-drone/Documents/drone_position_hold/ros2_ws/build/mocap4r2_dummy_driver': CMAKE_PREFIX_PATH=/home/strain-drone/Documents/drone_position_hold/ros2_ws/install/mocap4r2_control:/home/strain-drone/Documents/drone_position_hold/ros2_ws/install/mocap4r2_msgs:/home/strain-drone/Documents/drone_position_hold/ros2_ws/install/mocap4r2_control_msgs:/home/strain-drone/Documents/drone_position_hold/ros2_ws/install/rqt_mocap4r2_control:/home/strain-drone/Documents/drone_position_hold/ros2_ws/install/natnet_ros2:/home/strain-drone/Documents/drone_position_hold/ros2_ws/install/mocap4r2_vicon_driver:/home/strain-drone/Documents/drone_position_hold/ros2_ws/install/mocap4r2_robot_gt:/home/strain-drone/Documents/drone_position_hold/ros2_ws/install/mocap4r2_robot_gt_msgs:/home/strain-drone/Documents/drone_position_hold/ros2_ws/install/mocap4r2_marker_viz:/home/strain-drone/Documents/drone_position_hold/ros2_ws/install/mocap4r2_marker_publisher:/home/strain-drone/Documents/drone_position_hold/ros2_ws/install/mocap4r2_dummy_driver:/home/strain-drone/Documents/drone_position_hold/ros2_ws/install/mocap4r2_marker_viz_srvs:/opt/ros/jazzy/opt/gz_math_vendor:/opt/ros/jazzy/opt/gz_utils_vendor:/opt/ros/jazzy/opt/gz_cmake_vendor:/home/strain-drone/Documents/drone_position_hold/ros2_ws/install/visualizer:/home/strain-drone/Documents/drone_position_hold/ros2_ws/install/position_publisher:/home/strain-drone/Documents/drone_position_hold/ros2_ws/install/mocap4r2cli:/home/strain-drone/Documents/drone_position_hold/ros2_ws/install/mavros_config:/opt/ros/jazzy DEBUGINFOD_URLS=https://debuginfod.ubuntu.com LD_LIBRARY_PATH=/home/strain-drone/Documents/drone_position_hold/ros2_ws/install/mocap4r2_control/lib:/home/strain-drone/Documents/drone_position_hold/ros2_ws/install/mocap4r2_msgs/lib:/home/strain-drone/Documents/drone_position_hold/ros2_ws/install/mocap4r2_control_msgs/lib:/home/strain-drone/Documents/drone_position_hold/ros2_ws/install/rqt_mocap4r2_control/lib:/home/strain-drone/Documents/drone_position_hold/ros2_ws/install/natnet_ros2/lib:/home/strain-drone/Documents/drone_position_hold/ros2_ws/install/mocap4r2_vicon_driver/lib:/home/strain-drone/Documents/drone_position_hold/ros2_ws/install/mocap4r2_robot_gt/lib:/home/strain-drone/Documents/drone_position_hold/ros2_ws/install/mocap4r2_robot_gt_msgs/lib:/home/strain-drone/Documents/drone_position_hold/ros2_ws/install/mocap4r2_marker_viz_srvs/lib:/opt/ros/jazzy/opt/rviz_ogre_vendor/lib:/opt/ros/jazzy/lib/aarch64-linux-gnu:/opt/ros/jazzy/opt/gz_math_vendor/lib:/opt/ros/jazzy/opt/gz_utils_vendor/lib:/opt/ros/jazzy/opt/gz_cmake_vendor/lib:/opt/ros/jazzy/lib:/home/strain-drone/Documents/drone_position_hold/ros2_ws/src/natnet_ros2/deps/NatNetSDK/lib PS1=(venv-ardupilot) \[\e]0;\u@\h: \w\a\]${debian_chroot:+($debian_chroot)}\[\033[01;32m\]\u@\h\[\033[00m\]:\[\033[01;34m\]\w\[\033[00m\]\$ PYTHONPATH=/home/strain-drone/Documents/drone_position_hold/ros2_ws/install/mocap4r2_msgs/lib/python3.12/site-packages:/home/strain-drone/Documents/drone_position_hold/ros2_ws/install/mocap4r2_control_msgs/lib/python3.12/site-packages:/home/strain-drone/Documents/drone_position_hold/ros2_ws/install/visualizer/lib/python3.12/site-packages:/home/strain-drone/Documents/drone_position_hold/ros2_ws/install/position_publisher/lib/python3.12/site-packages:/home/strain-drone/Documents/drone_position_hold/ros2_ws/install/natnet_ros2/lib/python3.12/site-packages:/home/strain-drone/Documents/drone_position_hold/ros2_ws/install/mocap4r2cli/lib/python3.12/site-packages:/home/strain-drone/Documents/drone_position_hold/ros2_ws/install/mocap4r2_robot_gt_msgs/lib/python3.12/site-packages:/home/strain-drone/Documents/drone_position_hold/ros2_ws/install/mocap4r2_marker_viz_srvs/lib/python3.12/site-packages:/home/strain-drone/Documents/drone_position_hold/ros2_ws/install/mavros_config/lib/python3.12/site-packages:/opt/ros/jazzy/lib/python3.12/site-packages VIRTUAL_ENV_PROMPT=(venv-ardupilot) /usr/bin/cmake --build /home/strain-drone/Documents/drone_position_hold/ros2_ws/build/mocap4r2_dummy_driver -- -j4 -l4
[6.468s] DEBUG:colcon.colcon_core.event_handler.log_command:Invoking command in '/home/strain-drone/Documents/drone_position_hold/ros2_ws/build/mocap4r2_vicon_driver': CMAKE_PREFIX_PATH=/home/strain-drone/Documents/drone_position_hold/ros2_ws/install/mocap4r2_control:/home/strain-drone/Documents/drone_position_hold/ros2_ws/install/mocap4r2_msgs:/home/strain-drone/Documents/drone_position_hold/ros2_ws/install/mocap4r2_control_msgs:/home/strain-drone/Documents/drone_position_hold/ros2_ws/install/rqt_mocap4r2_control:/home/strain-drone/Documents/drone_position_hold/ros2_ws/install/natnet_ros2:/home/strain-drone/Documents/drone_position_hold/ros2_ws/install/mocap4r2_vicon_driver:/home/strain-drone/Documents/drone_position_hold/ros2_ws/install/mocap4r2_robot_gt:/home/strain-drone/Documents/drone_position_hold/ros2_ws/install/mocap4r2_robot_gt_msgs:/home/strain-drone/Documents/drone_position_hold/ros2_ws/install/mocap4r2_marker_viz:/home/strain-drone/Documents/drone_position_hold/ros2_ws/install/mocap4r2_marker_publisher:/home/strain-drone/Documents/drone_position_hold/ros2_ws/install/mocap4r2_dummy_driver:/home/strain-drone/Documents/drone_position_hold/ros2_ws/install/mocap4r2_marker_viz_srvs:/opt/ros/jazzy/opt/gz_math_vendor:/opt/ros/jazzy/opt/gz_utils_vendor:/opt/ros/jazzy/opt/gz_cmake_vendor:/home/strain-drone/Documents/drone_position_hold/ros2_ws/install/visualizer:/home/strain-drone/Documents/drone_position_hold/ros2_ws/install/position_publisher:/home/strain-drone/Documents/drone_position_hold/ros2_ws/install/mocap4r2cli:/home/strain-drone/Documents/drone_position_hold/ros2_ws/install/mavros_config:/opt/ros/jazzy DEBUGINFOD_URLS=https://debuginfod.ubuntu.com LD_LIBRARY_PATH=/home/strain-drone/Documents/drone_position_hold/ros2_ws/install/mocap4r2_control/lib:/home/strain-drone/Documents/drone_position_hold/ros2_ws/install/mocap4r2_msgs/lib:/home/strain-drone/Documents/drone_position_hold/ros2_ws/install/mocap4r2_control_msgs/lib:/home/strain-drone/Documents/drone_position_hold/ros2_ws/install/rqt_mocap4r2_control/lib:/home/strain-drone/Documents/drone_position_hold/ros2_ws/install/natnet_ros2/lib:/home/strain-drone/Documents/drone_position_hold/ros2_ws/install/mocap4r2_vicon_driver/lib:/home/strain-drone/Documents/drone_position_hold/ros2_ws/install/mocap4r2_robot_gt/lib:/home/strain-drone/Documents/drone_position_hold/ros2_ws/install/mocap4r2_robot_gt_msgs/lib:/home/strain-drone/Documents/drone_position_hold/ros2_ws/install/mocap4r2_marker_viz_srvs/lib:/opt/ros/jazzy/opt/rviz_ogre_vendor/lib:/opt/ros/jazzy/lib/aarch64-linux-gnu:/opt/ros/jazzy/opt/gz_math_vendor/lib:/opt/ros/jazzy/opt/gz_utils_vendor/lib:/opt/ros/jazzy/opt/gz_cmake_vendor/lib:/opt/ros/jazzy/lib:/home/strain-drone/Documents/drone_position_hold/ros2_ws/src/natnet_ros2/deps/NatNetSDK/lib PS1=(venv-ardupilot) \[\e]0;\u@\h: \w\a\]${debian_chroot:+($debian_chroot)}\[\033[01;32m\]\u@\h\[\033[00m\]:\[\033[01;34m\]\w\[\033[00m\]\$ PYTHONPATH=/home/strain-drone/Documents/drone_position_hold/ros2_ws/install/mocap4r2_msgs/lib/python3.12/site-packages:/home/strain-drone/Documents/drone_position_hold/ros2_ws/install/mocap4r2_control_msgs/lib/python3.12/site-packages:/home/strain-drone/Documents/drone_position_hold/ros2_ws/install/visualizer/lib/python3.12/site-packages:/home/strain-drone/Documents/drone_position_hold/ros2_ws/install/position_publisher/lib/python3.12/site-packages:/home/strain-drone/Documents/drone_position_hold/ros2_ws/install/natnet_ros2/lib/python3.12/site-packages:/home/strain-drone/Documents/drone_position_hold/ros2_ws/install/mocap4r2cli/lib/python3.12/site-packages:/home/strain-drone/Documents/drone_position_hold/ros2_ws/install/mocap4r2_robot_gt_msgs/lib/python3.12/site-packages:/home/strain-drone/Documents/drone_position_hold/ros2_ws/install/mocap4r2_marker_viz_srvs/lib/python3.12/site-packages:/home/strain-drone/Documents/drone_position_hold/ros2_ws/install/mavros_config/lib/python3.12/site-packages:/opt/ros/jazzy/lib/python3.12/site-packages VIRTUAL_ENV_PROMPT=(venv-ardupilot) /usr/bin/cmake --build /home/strain-drone/Documents/drone_position_hold/ros2_ws/build/mocap4r2_vicon_driver -- -j4 -l4
[6.703s] DEBUG:colcon.colcon_core.event_handler.log_command:Invoked command in '/home/strain-drone/Documents/drone_position_hold/ros2_ws/build/mocap4r2_dummy_driver' returned '0': CMAKE_PREFIX_PATH=/home/strain-drone/Documents/drone_position_hold/ros2_ws/install/mocap4r2_control:/home/strain-drone/Documents/drone_position_hold/ros2_ws/install/mocap4r2_msgs:/home/strain-drone/Documents/drone_position_hold/ros2_ws/install/mocap4r2_control_msgs:/home/strain-drone/Documents/drone_position_hold/ros2_ws/install/rqt_mocap4r2_control:/home/strain-drone/Documents/drone_position_hold/ros2_ws/install/natnet_ros2:/home/strain-drone/Documents/drone_position_hold/ros2_ws/install/mocap4r2_vicon_driver:/home/strain-drone/Documents/drone_position_hold/ros2_ws/install/mocap4r2_robot_gt:/home/strain-drone/Documents/drone_position_hold/ros2_ws/install/mocap4r2_robot_gt_msgs:/home/strain-drone/Documents/drone_position_hold/ros2_ws/install/mocap4r2_marker_viz:/home/strain-drone/Documents/drone_position_hold/ros2_ws/install/mocap4r2_marker_publisher:/home/strain-drone/Documents/drone_position_hold/ros2_ws/install/mocap4r2_dummy_driver:/home/strain-drone/Documents/drone_position_hold/ros2_ws/install/mocap4r2_marker_viz_srvs:/opt/ros/jazzy/opt/gz_math_vendor:/opt/ros/jazzy/opt/gz_utils_vendor:/opt/ros/jazzy/opt/gz_cmake_vendor:/home/strain-drone/Documents/drone_position_hold/ros2_ws/install/visualizer:/home/strain-drone/Documents/drone_position_hold/ros2_ws/install/position_publisher:/home/strain-drone/Documents/drone_position_hold/ros2_ws/install/mocap4r2cli:/home/strain-drone/Documents/drone_position_hold/ros2_ws/install/mavros_config:/opt/ros/jazzy DEBUGINFOD_URLS=https://debuginfod.ubuntu.com LD_LIBRARY_PATH=/home/strain-drone/Documents/drone_position_hold/ros2_ws/install/mocap4r2_control/lib:/home/strain-drone/Documents/drone_position_hold/ros2_ws/install/mocap4r2_msgs/lib:/home/strain-drone/Documents/drone_position_hold/ros2_ws/install/mocap4r2_control_msgs/lib:/home/strain-drone/Documents/drone_position_hold/ros2_ws/install/rqt_mocap4r2_control/lib:/home/strain-drone/Documents/drone_position_hold/ros2_ws/install/natnet_ros2/lib:/home/strain-drone/Documents/drone_position_hold/ros2_ws/install/mocap4r2_vicon_driver/lib:/home/strain-drone/Documents/drone_position_hold/ros2_ws/install/mocap4r2_robot_gt/lib:/home/strain-drone/Documents/drone_position_hold/ros2_ws/install/mocap4r2_robot_gt_msgs/lib:/home/strain-drone/Documents/drone_position_hold/ros2_ws/install/mocap4r2_marker_viz_srvs/lib:/opt/ros/jazzy/opt/rviz_ogre_vendor/lib:/opt/ros/jazzy/lib/aarch64-linux-gnu:/opt/ros/jazzy/opt/gz_math_vendor/lib:/opt/ros/jazzy/opt/gz_utils_vendor/lib:/opt/ros/jazzy/opt/gz_cmake_vendor/lib:/opt/ros/jazzy/lib:/home/strain-drone/Documents/drone_position_hold/ros2_ws/src/natnet_ros2/deps/NatNetSDK/lib PS1=(venv-ardupilot) \[\e]0;\u@\h: \w\a\]${debian_chroot:+($debian_chroot)}\[\033[01;32m\]\u@\h\[\033[00m\]:\[\033[01;34m\]\w\[\033[00m\]\$ PYTHONPATH=/home/strain-drone/Documents/drone_position_hold/ros2_ws/install/mocap4r2_msgs/lib/python3.12/site-packages:/home/strain-drone/Documents/drone_position_hold/ros2_ws/install/mocap4r2_control_msgs/lib/python3.12/site-packages:/home/strain-drone/Documents/drone_position_hold/ros2_ws/install/visualizer/lib/python3.12/site-packages:/home/strain-drone/Documents/drone_position_hold/ros2_ws/install/position_publisher/lib/python3.12/site-packages:/home/strain-drone/Documents/drone_position_hold/ros2_ws/install/natnet_ros2/lib/python3.12/site-packages:/home/strain-drone/Documents/drone_position_hold/ros2_ws/install/mocap4r2cli/lib/python3.12/site-packages:/home/strain-drone/Documents/drone_position_hold/ros2_ws/install/mocap4r2_robot_gt_msgs/lib/python3.12/site-packages:/home/strain-drone/Documents/drone_position_hold/ros2_ws/install/mocap4r2_marker_viz_srvs/lib/python3.12/site-packages:/home/strain-drone/Documents/drone_position_hold/ros2_ws/install/mavros_config/lib/python3.12/site-packages:/opt/ros/jazzy/lib/python3.12/site-packages VIRTUAL_ENV_PROMPT=(venv-ardupilot) /usr/bin/cmake --build /home/strain-drone/Documents/drone_position_hold/ros2_ws/build/mocap4r2_dummy_driver -- -j4 -l4
[6.703s] DEBUG:colcon.colcon_core.event_handler.log_command:Invoking command in '/home/strain-drone/Documents/drone_position_hold/ros2_ws/build/mocap4r2_dummy_driver': CMAKE_PREFIX_PATH=/home/strain-drone/Documents/drone_position_hold/ros2_ws/install/mocap4r2_control:/home/strain-drone/Documents/drone_position_hold/ros2_ws/install/mocap4r2_msgs:/home/strain-drone/Documents/drone_position_hold/ros2_ws/install/mocap4r2_control_msgs:/home/strain-drone/Documents/drone_position_hold/ros2_ws/install/rqt_mocap4r2_control:/home/strain-drone/Documents/drone_position_hold/ros2_ws/install/natnet_ros2:/home/strain-drone/Documents/drone_position_hold/ros2_ws/install/mocap4r2_vicon_driver:/home/strain-drone/Documents/drone_position_hold/ros2_ws/install/mocap4r2_robot_gt:/home/strain-drone/Documents/drone_position_hold/ros2_ws/install/mocap4r2_robot_gt_msgs:/home/strain-drone/Documents/drone_position_hold/ros2_ws/install/mocap4r2_marker_viz:/home/strain-drone/Documents/drone_position_hold/ros2_ws/install/mocap4r2_marker_publisher:/home/strain-drone/Documents/drone_position_hold/ros2_ws/install/mocap4r2_dummy_driver:/home/strain-drone/Documents/drone_position_hold/ros2_ws/install/mocap4r2_marker_viz_srvs:/opt/ros/jazzy/opt/gz_math_vendor:/opt/ros/jazzy/opt/gz_utils_vendor:/opt/ros/jazzy/opt/gz_cmake_vendor:/home/strain-drone/Documents/drone_position_hold/ros2_ws/install/visualizer:/home/strain-drone/Documents/drone_position_hold/ros2_ws/install/position_publisher:/home/strain-drone/Documents/drone_position_hold/ros2_ws/install/mocap4r2cli:/home/strain-drone/Documents/drone_position_hold/ros2_ws/install/mavros_config:/opt/ros/jazzy DEBUGINFOD_URLS=https://debuginfod.ubuntu.com LD_LIBRARY_PATH=/home/strain-drone/Documents/drone_position_hold/ros2_ws/install/mocap4r2_control/lib:/home/strain-drone/Documents/drone_position_hold/ros2_ws/install/mocap4r2_msgs/lib:/home/strain-drone/Documents/drone_position_hold/ros2_ws/install/mocap4r2_control_msgs/lib:/home/strain-drone/Documents/drone_position_hold/ros2_ws/install/rqt_mocap4r2_control/lib:/home/strain-drone/Documents/drone_position_hold/ros2_ws/install/natnet_ros2/lib:/home/strain-drone/Documents/drone_position_hold/ros2_ws/install/mocap4r2_vicon_driver/lib:/home/strain-drone/Documents/drone_position_hold/ros2_ws/install/mocap4r2_robot_gt/lib:/home/strain-drone/Documents/drone_position_hold/ros2_ws/install/mocap4r2_robot_gt_msgs/lib:/home/strain-drone/Documents/drone_position_hold/ros2_ws/install/mocap4r2_marker_viz_srvs/lib:/opt/ros/jazzy/opt/rviz_ogre_vendor/lib:/opt/ros/jazzy/lib/aarch64-linux-gnu:/opt/ros/jazzy/opt/gz_math_vendor/lib:/opt/ros/jazzy/opt/gz_utils_vendor/lib:/opt/ros/jazzy/opt/gz_cmake_vendor/lib:/opt/ros/jazzy/lib:/home/strain-drone/Documents/drone_position_hold/ros2_ws/src/natnet_ros2/deps/NatNetSDK/lib PS1=(venv-ardupilot) \[\e]0;\u@\h: \w\a\]${debian_chroot:+($debian_chroot)}\[\033[01;32m\]\u@\h\[\033[00m\]:\[\033[01;34m\]\w\[\033[00m\]\$ PYTHONPATH=/home/strain-drone/Documents/drone_position_hold/ros2_ws/install/mocap4r2_msgs/lib/python3.12/site-packages:/home/strain-drone/Documents/drone_position_hold/ros2_ws/install/mocap4r2_control_msgs/lib/python3.12/site-packages:/home/strain-drone/Documents/drone_position_hold/ros2_ws/install/visualizer/lib/python3.12/site-packages:/home/strain-drone/Documents/drone_position_hold/ros2_ws/install/position_publisher/lib/python3.12/site-packages:/home/strain-drone/Documents/drone_position_hold/ros2_ws/install/natnet_ros2/lib/python3.12/site-packages:/home/strain-drone/Documents/drone_position_hold/ros2_ws/install/mocap4r2cli/lib/python3.12/site-packages:/home/strain-drone/Documents/drone_position_hold/ros2_ws/install/mocap4r2_robot_gt_msgs/lib/python3.12/site-packages:/home/strain-drone/Documents/drone_position_hold/ros2_ws/install/mocap4r2_marker_viz_srvs/lib/python3.12/site-packages:/home/strain-drone/Documents/drone_position_hold/ros2_ws/install/mavros_config/lib/python3.12/site-packages:/opt/ros/jazzy/lib/python3.12/site-packages VIRTUAL_ENV_PROMPT=(venv-ardupilot) /usr/bin/cmake --install /home/strain-drone/Documents/drone_position_hold/ros2_ws/build/mocap4r2_dummy_driver
[6.729s] Level 1:colcon.colcon_core.environment:create_environment_scripts_only(mocap4r2_dummy_driver)
[6.730s] Level 1:colcon.colcon_core.environment:checking '/home/strain-drone/Documents/drone_position_hold/ros2_ws/install/mocap4r2_dummy_driver' for CMake module files
[6.731s] Level 1:colcon.colcon_core.environment:checking '/home/strain-drone/Documents/drone_position_hold/ros2_ws/install/mocap4r2_dummy_driver' for CMake config files
[6.731s] Level 1:colcon.colcon_core.shell:create_environment_hook('mocap4r2_dummy_driver', 'cmake_prefix_path')
[6.729s] DEBUG:colcon.colcon_core.event_handler.log_command:Invoked command in '/home/strain-drone/Documents/drone_position_hold/ros2_ws/build/mocap4r2_dummy_driver' returned '0': CMAKE_PREFIX_PATH=/home/strain-drone/Documents/drone_position_hold/ros2_ws/install/mocap4r2_control:/home/strain-drone/Documents/drone_position_hold/ros2_ws/install/mocap4r2_msgs:/home/strain-drone/Documents/drone_position_hold/ros2_ws/install/mocap4r2_control_msgs:/home/strain-drone/Documents/drone_position_hold/ros2_ws/install/rqt_mocap4r2_control:/home/strain-drone/Documents/drone_position_hold/ros2_ws/install/natnet_ros2:/home/strain-drone/Documents/drone_position_hold/ros2_ws/install/mocap4r2_vicon_driver:/home/strain-drone/Documents/drone_position_hold/ros2_ws/install/mocap4r2_robot_gt:/home/strain-drone/Documents/drone_position_hold/ros2_ws/install/mocap4r2_robot_gt_msgs:/home/strain-drone/Documents/drone_position_hold/ros2_ws/install/mocap4r2_marker_viz:/home/strain-drone/Documents/drone_position_hold/ros2_ws/install/mocap4r2_marker_publisher:/home/strain-drone/Documents/drone_position_hold/ros2_ws/install/mocap4r2_dummy_driver:/home/strain-drone/Documents/drone_position_hold/ros2_ws/install/mocap4r2_marker_viz_srvs:/opt/ros/jazzy/opt/gz_math_vendor:/opt/ros/jazzy/opt/gz_utils_vendor:/opt/ros/jazzy/opt/gz_cmake_vendor:/home/strain-drone/Documents/drone_position_hold/ros2_ws/install/visualizer:/home/strain-drone/Documents/drone_position_hold/ros2_ws/install/position_publisher:/home/strain-drone/Documents/drone_position_hold/ros2_ws/install/mocap4r2cli:/home/strain-drone/Documents/drone_position_hold/ros2_ws/install/mavros_config:/opt/ros/jazzy DEBUGINFOD_URLS=https://debuginfod.ubuntu.com LD_LIBRARY_PATH=/home/strain-drone/Documents/drone_position_hold/ros2_ws/install/mocap4r2_control/lib:/home/strain-drone/Documents/drone_position_hold/ros2_ws/install/mocap4r2_msgs/lib:/home/strain-drone/Documents/drone_position_hold/ros2_ws/install/mocap4r2_control_msgs/lib:/home/strain-drone/Documents/drone_position_hold/ros2_ws/install/rqt_mocap4r2_control/lib:/home/strain-drone/Documents/drone_position_hold/ros2_ws/install/natnet_ros2/lib:/home/strain-drone/Documents/drone_position_hold/ros2_ws/install/mocap4r2_vicon_driver/lib:/home/strain-drone/Documents/drone_position_hold/ros2_ws/install/mocap4r2_robot_gt/lib:/home/strain-drone/Documents/drone_position_hold/ros2_ws/install/mocap4r2_robot_gt_msgs/lib:/home/strain-drone/Documents/drone_position_hold/ros2_ws/install/mocap4r2_marker_viz_srvs/lib:/opt/ros/jazzy/opt/rviz_ogre_vendor/lib:/opt/ros/jazzy/lib/aarch64-linux-gnu:/opt/ros/jazzy/opt/gz_math_vendor/lib:/opt/ros/jazzy/opt/gz_utils_vendor/lib:/opt/ros/jazzy/opt/gz_cmake_vendor/lib:/opt/ros/jazzy/lib:/home/strain-drone/Documents/drone_position_hold/ros2_ws/src/natnet_ros2/deps/NatNetSDK/lib PS1=(venv-ardupilot) \[\e]0;\u@\h: \w\a\]${debian_chroot:+($debian_chroot)}\[\033[01;32m\]\u@\h\[\033[00m\]:\[\033[01;34m\]\w\[\033[00m\]\$ PYTHONPATH=/home/strain-drone/Documents/drone_position_hold/ros2_ws/install/mocap4r2_msgs/lib/python3.12/site-packages:/home/strain-drone/Documents/drone_position_hold/ros2_ws/install/mocap4r2_control_msgs/lib/python3.12/site-packages:/home/strain-drone/Documents/drone_position_hold/ros2_ws/install/visualizer/lib/python3.12/site-packages:/home/strain-drone/Documents/drone_position_hold/ros2_ws/install/position_publisher/lib/python3.12/site-packages:/home/strain-drone/Documents/drone_position_hold/ros2_ws/install/natnet_ros2/lib/python3.12/site-packages:/home/strain-drone/Documents/drone_position_hold/ros2_ws/install/mocap4r2cli/lib/python3.12/site-packages:/home/strain-drone/Documents/drone_position_hold/ros2_ws/install/mocap4r2_robot_gt_msgs/lib/python3.12/site-packages:/home/strain-drone/Documents/drone_position_hold/ros2_ws/install/mocap4r2_marker_viz_srvs/lib/python3.12/site-packages:/home/strain-drone/Documents/drone_position_hold/ros2_ws/install/mavros_config/lib/python3.12/site-packages:/opt/ros/jazzy/lib/python3.12/site-packages VIRTUAL_ENV_PROMPT=(venv-ardupilot) /usr/bin/cmake --install /home/strain-drone/Documents/drone_position_hold/ros2_ws/build/mocap4r2_dummy_driver
[6.732s] INFO:colcon.colcon_core.shell:Creating environment hook '/home/strain-drone/Documents/drone_position_hold/ros2_ws/install/mocap4r2_dummy_driver/share/mocap4r2_dummy_driver/hook/cmake_prefix_path.ps1'
[6.733s] INFO:colcon.colcon_core.shell:Creating environment descriptor '/home/strain-drone/Documents/drone_position_hold/ros2_ws/install/mocap4r2_dummy_driver/share/mocap4r2_dummy_driver/hook/cmake_prefix_path.dsv'
[6.734s] INFO:colcon.colcon_core.shell:Creating environment hook '/home/strain-drone/Documents/drone_position_hold/ros2_ws/install/mocap4r2_dummy_driver/share/mocap4r2_dummy_driver/hook/cmake_prefix_path.sh'
[6.735s] Level 1:colcon.colcon_core.environment:checking '/home/strain-drone/Documents/drone_position_hold/ros2_ws/install/mocap4r2_dummy_driver/lib'
[6.735s] Level 1:colcon.colcon_core.environment:checking '/home/strain-drone/Documents/drone_position_hold/ros2_ws/install/mocap4r2_dummy_driver/bin'
[6.735s] Level 1:colcon.colcon_core.environment:checking '/home/strain-drone/Documents/drone_position_hold/ros2_ws/install/mocap4r2_dummy_driver/lib/pkgconfig/mocap4r2_dummy_driver.pc'
[6.736s] Level 1:colcon.colcon_core.environment:checking '/home/strain-drone/Documents/drone_position_hold/ros2_ws/install/mocap4r2_dummy_driver/lib/python3.12/site-packages'
[6.736s] Level 1:colcon.colcon_core.environment:checking '/home/strain-drone/Documents/drone_position_hold/ros2_ws/install/mocap4r2_dummy_driver/bin'
[6.736s] INFO:colcon.colcon_core.shell:Creating package script '/home/strain-drone/Documents/drone_position_hold/ros2_ws/install/mocap4r2_dummy_driver/share/mocap4r2_dummy_driver/package.ps1'
[6.737s] INFO:colcon.colcon_core.shell:Creating package descriptor '/home/strain-drone/Documents/drone_position_hold/ros2_ws/install/mocap4r2_dummy_driver/share/mocap4r2_dummy_driver/package.dsv'
[6.738s] INFO:colcon.colcon_core.shell:Creating package script '/home/strain-drone/Documents/drone_position_hold/ros2_ws/install/mocap4r2_dummy_driver/share/mocap4r2_dummy_driver/package.sh'
[6.739s] INFO:colcon.colcon_core.shell:Creating package script '/home/strain-drone/Documents/drone_position_hold/ros2_ws/install/mocap4r2_dummy_driver/share/mocap4r2_dummy_driver/package.bash'
[6.741s] INFO:colcon.colcon_core.shell:Creating package script '/home/strain-drone/Documents/drone_position_hold/ros2_ws/install/mocap4r2_dummy_driver/share/mocap4r2_dummy_driver/package.zsh'
[6.742s] Level 1:colcon.colcon_core.environment:create_file_with_runtime_dependencies(/home/strain-drone/Documents/drone_position_hold/ros2_ws/install/mocap4r2_dummy_driver/share/colcon-core/packages/mocap4r2_dummy_driver)
[6.744s] Level 1:colcon.colcon_core.environment:create_environment_scripts_only(mocap4r2_dummy_driver)
[6.744s] Level 1:colcon.colcon_core.environment:checking '/home/strain-drone/Documents/drone_position_hold/ros2_ws/install/mocap4r2_dummy_driver' for CMake module files
[6.745s] Level 1:colcon.colcon_core.environment:checking '/home/strain-drone/Documents/drone_position_hold/ros2_ws/install/mocap4r2_dummy_driver' for CMake config files
[6.745s] Level 1:colcon.colcon_core.shell:create_environment_hook('mocap4r2_dummy_driver', 'cmake_prefix_path')
[6.746s] INFO:colcon.colcon_core.shell:Creating environment hook '/home/strain-drone/Documents/drone_position_hold/ros2_ws/install/mocap4r2_dummy_driver/share/mocap4r2_dummy_driver/hook/cmake_prefix_path.ps1'
[6.746s] INFO:colcon.colcon_core.shell:Creating environment descriptor '/home/strain-drone/Documents/drone_position_hold/ros2_ws/install/mocap4r2_dummy_driver/share/mocap4r2_dummy_driver/hook/cmake_prefix_path.dsv'
[6.748s] INFO:colcon.colcon_core.shell:Creating environment hook '/home/strain-drone/Documents/drone_position_hold/ros2_ws/install/mocap4r2_dummy_driver/share/mocap4r2_dummy_driver/hook/cmake_prefix_path.sh'
[6.749s] Level 1:colcon.colcon_core.environment:checking '/home/strain-drone/Documents/drone_position_hold/ros2_ws/install/mocap4r2_dummy_driver/lib'
[6.750s] Level 1:colcon.colcon_core.environment:checking '/home/strain-drone/Documents/drone_position_hold/ros2_ws/install/mocap4r2_dummy_driver/bin'
[6.750s] Level 1:colcon.colcon_core.environment:checking '/home/strain-drone/Documents/drone_position_hold/ros2_ws/install/mocap4r2_dummy_driver/lib/pkgconfig/mocap4r2_dummy_driver.pc'
[6.750s] Level 1:colcon.colcon_core.environment:checking '/home/strain-drone/Documents/drone_position_hold/ros2_ws/install/mocap4r2_dummy_driver/lib/python3.12/site-packages'
[6.751s] Level 1:colcon.colcon_core.environment:checking '/home/strain-drone/Documents/drone_position_hold/ros2_ws/install/mocap4r2_dummy_driver/bin'
[6.751s] INFO:colcon.colcon_core.shell:Creating package script '/home/strain-drone/Documents/drone_position_hold/ros2_ws/install/mocap4r2_dummy_driver/share/mocap4r2_dummy_driver/package.ps1'
[6.752s] INFO:colcon.colcon_core.shell:Creating package descriptor '/home/strain-drone/Documents/drone_position_hold/ros2_ws/install/mocap4r2_dummy_driver/share/mocap4r2_dummy_driver/package.dsv'
[6.754s] INFO:colcon.colcon_core.shell:Creating package script '/home/strain-drone/Documents/drone_position_hold/ros2_ws/install/mocap4r2_dummy_driver/share/mocap4r2_dummy_driver/package.sh'
[6.755s] INFO:colcon.colcon_core.shell:Creating package script '/home/strain-drone/Documents/drone_position_hold/ros2_ws/install/mocap4r2_dummy_driver/share/mocap4r2_dummy_driver/package.bash'
[6.757s] INFO:colcon.colcon_core.shell:Creating package script '/home/strain-drone/Documents/drone_position_hold/ros2_ws/install/mocap4r2_dummy_driver/share/mocap4r2_dummy_driver/package.zsh'
[6.759s] Level 1:colcon.colcon_core.environment:create_file_with_runtime_dependencies(/home/strain-drone/Documents/drone_position_hold/ros2_ws/install/mocap4r2_dummy_driver/share/colcon-core/packages/mocap4r2_dummy_driver)
[6.761s] INFO:colcon.colcon_ros.task.ament_cmake.build:Building ROS package in '/home/strain-drone/Documents/drone_position_hold/ros2_ws/src/mocap4r2/mocap4r2_control/rqt_mocap4r2_control' with build type 'ament_cmake'
[6.761s] INFO:colcon.colcon_cmake.task.cmake.build:Building CMake package in '/home/strain-drone/Documents/drone_position_hold/ros2_ws/src/mocap4r2/mocap4r2_control/rqt_mocap4r2_control'
[6.761s] INFO:colcon.colcon_core.shell:Skip shell extension 'powershell' for command environment: Not usable outside of PowerShell
[6.761s] DEBUG:colcon.colcon_core.shell:Skip shell extension 'dsv' for command environment
[6.789s] DEBUG:colcon.colcon_core.event_handler.log_command:Invoking command in '/home/strain-drone/Documents/drone_position_hold/ros2_ws/build/rqt_mocap4r2_control': CMAKE_PREFIX_PATH=/home/strain-drone/Documents/drone_position_hold/ros2_ws/install/mocap4r2_control:/home/strain-drone/Documents/drone_position_hold/ros2_ws/install/mocap4r2_control_msgs:/home/strain-drone/Documents/drone_position_hold/ros2_ws/install/rqt_mocap4r2_control:/home/strain-drone/Documents/drone_position_hold/ros2_ws/install/natnet_ros2:/home/strain-drone/Documents/drone_position_hold/ros2_ws/install/mocap4r2_vicon_driver:/home/strain-drone/Documents/drone_position_hold/ros2_ws/install/mocap4r2_robot_gt:/home/strain-drone/Documents/drone_position_hold/ros2_ws/install/mocap4r2_robot_gt_msgs:/home/strain-drone/Documents/drone_position_hold/ros2_ws/install/mocap4r2_marker_viz:/home/strain-drone/Documents/drone_position_hold/ros2_ws/install/mocap4r2_marker_publisher:/home/strain-drone/Documents/drone_position_hold/ros2_ws/install/mocap4r2_dummy_driver:/home/strain-drone/Documents/drone_position_hold/ros2_ws/install/mocap4r2_msgs:/home/strain-drone/Documents/drone_position_hold/ros2_ws/install/mocap4r2_marker_viz_srvs:/opt/ros/jazzy/opt/gz_math_vendor:/opt/ros/jazzy/opt/gz_utils_vendor:/opt/ros/jazzy/opt/gz_cmake_vendor:/home/strain-drone/Documents/drone_position_hold/ros2_ws/install/visualizer:/home/strain-drone/Documents/drone_position_hold/ros2_ws/install/position_publisher:/home/strain-drone/Documents/drone_position_hold/ros2_ws/install/mocap4r2cli:/home/strain-drone/Documents/drone_position_hold/ros2_ws/install/mavros_config:/opt/ros/jazzy DEBUGINFOD_URLS=https://debuginfod.ubuntu.com LD_LIBRARY_PATH=/home/strain-drone/Documents/drone_position_hold/ros2_ws/install/mocap4r2_control/lib:/home/strain-drone/Documents/drone_position_hold/ros2_ws/install/mocap4r2_control_msgs/lib:/home/strain-drone/Documents/drone_position_hold/ros2_ws/install/rqt_mocap4r2_control/lib:/home/strain-drone/Documents/drone_position_hold/ros2_ws/install/natnet_ros2/lib:/home/strain-drone/Documents/drone_position_hold/ros2_ws/install/mocap4r2_vicon_driver/lib:/home/strain-drone/Documents/drone_position_hold/ros2_ws/install/mocap4r2_robot_gt/lib:/home/strain-drone/Documents/drone_position_hold/ros2_ws/install/mocap4r2_robot_gt_msgs/lib:/home/strain-drone/Documents/drone_position_hold/ros2_ws/install/mocap4r2_msgs/lib:/home/strain-drone/Documents/drone_position_hold/ros2_ws/install/mocap4r2_marker_viz_srvs/lib:/opt/ros/jazzy/opt/rviz_ogre_vendor/lib:/opt/ros/jazzy/lib/aarch64-linux-gnu:/opt/ros/jazzy/opt/gz_math_vendor/lib:/opt/ros/jazzy/opt/gz_utils_vendor/lib:/opt/ros/jazzy/opt/gz_cmake_vendor/lib:/opt/ros/jazzy/lib:/home/strain-drone/Documents/drone_position_hold/ros2_ws/src/natnet_ros2/deps/NatNetSDK/lib PS1=(venv-ardupilot) \[\e]0;\u@\h: \w\a\]${debian_chroot:+($debian_chroot)}\[\033[01;32m\]\u@\h\[\033[00m\]:\[\033[01;34m\]\w\[\033[00m\]\$ PYTHONPATH=/home/strain-drone/Documents/drone_position_hold/ros2_ws/install/mocap4r2_control_msgs/lib/python3.12/site-packages:/home/strain-drone/Documents/drone_position_hold/ros2_ws/install/visualizer/lib/python3.12/site-packages:/home/strain-drone/Documents/drone_position_hold/ros2_ws/install/position_publisher/lib/python3.12/site-packages:/home/strain-drone/Documents/drone_position_hold/ros2_ws/install/natnet_ros2/lib/python3.12/site-packages:/home/strain-drone/Documents/drone_position_hold/ros2_ws/install/mocap4r2cli/lib/python3.12/site-packages:/home/strain-drone/Documents/drone_position_hold/ros2_ws/install/mocap4r2_robot_gt_msgs/lib/python3.12/site-packages:/home/strain-drone/Documents/drone_position_hold/ros2_ws/install/mocap4r2_msgs/lib/python3.12/site-packages:/home/strain-drone/Documents/drone_position_hold/ros2_ws/install/mocap4r2_marker_viz_srvs/lib/python3.12/site-packages:/home/strain-drone/Documents/drone_position_hold/ros2_ws/install/mavros_config/lib/python3.12/site-packages:/opt/ros/jazzy/lib/python3.12/site-packages VIRTUAL_ENV_PROMPT=(venv-ardupilot) /usr/bin/cmake --build /home/strain-drone/Documents/drone_position_hold/ros2_ws/build/rqt_mocap4r2_control -- -j4 -l4
[6.930s] DEBUG:colcon.colcon_core.event_handler.log_command:Invoked command in '/home/strain-drone/Documents/drone_position_hold/ros2_ws/build/mocap4r2_vicon_driver' returned '0': CMAKE_PREFIX_PATH=/home/strain-drone/Documents/drone_position_hold/ros2_ws/install/mocap4r2_control:/home/strain-drone/Documents/drone_position_hold/ros2_ws/install/mocap4r2_msgs:/home/strain-drone/Documents/drone_position_hold/ros2_ws/install/mocap4r2_control_msgs:/home/strain-drone/Documents/drone_position_hold/ros2_ws/install/rqt_mocap4r2_control:/home/strain-drone/Documents/drone_position_hold/ros2_ws/install/natnet_ros2:/home/strain-drone/Documents/drone_position_hold/ros2_ws/install/mocap4r2_vicon_driver:/home/strain-drone/Documents/drone_position_hold/ros2_ws/install/mocap4r2_robot_gt:/home/strain-drone/Documents/drone_position_hold/ros2_ws/install/mocap4r2_robot_gt_msgs:/home/strain-drone/Documents/drone_position_hold/ros2_ws/install/mocap4r2_marker_viz:/home/strain-drone/Documents/drone_position_hold/ros2_ws/install/mocap4r2_marker_publisher:/home/strain-drone/Documents/drone_position_hold/ros2_ws/install/mocap4r2_dummy_driver:/home/strain-drone/Documents/drone_position_hold/ros2_ws/install/mocap4r2_marker_viz_srvs:/opt/ros/jazzy/opt/gz_math_vendor:/opt/ros/jazzy/opt/gz_utils_vendor:/opt/ros/jazzy/opt/gz_cmake_vendor:/home/strain-drone/Documents/drone_position_hold/ros2_ws/install/visualizer:/home/strain-drone/Documents/drone_position_hold/ros2_ws/install/position_publisher:/home/strain-drone/Documents/drone_position_hold/ros2_ws/install/mocap4r2cli:/home/strain-drone/Documents/drone_position_hold/ros2_ws/install/mavros_config:/opt/ros/jazzy DEBUGINFOD_URLS=https://debuginfod.ubuntu.com LD_LIBRARY_PATH=/home/strain-drone/Documents/drone_position_hold/ros2_ws/install/mocap4r2_control/lib:/home/strain-drone/Documents/drone_position_hold/ros2_ws/install/mocap4r2_msgs/lib:/home/strain-drone/Documents/drone_position_hold/ros2_ws/install/mocap4r2_control_msgs/lib:/home/strain-drone/Documents/drone_position_hold/ros2_ws/install/rqt_mocap4r2_control/lib:/home/strain-drone/Documents/drone_position_hold/ros2_ws/install/natnet_ros2/lib:/home/strain-drone/Documents/drone_position_hold/ros2_ws/install/mocap4r2_vicon_driver/lib:/home/strain-drone/Documents/drone_position_hold/ros2_ws/install/mocap4r2_robot_gt/lib:/home/strain-drone/Documents/drone_position_hold/ros2_ws/install/mocap4r2_robot_gt_msgs/lib:/home/strain-drone/Documents/drone_position_hold/ros2_ws/install/mocap4r2_marker_viz_srvs/lib:/opt/ros/jazzy/opt/rviz_ogre_vendor/lib:/opt/ros/jazzy/lib/aarch64-linux-gnu:/opt/ros/jazzy/opt/gz_math_vendor/lib:/opt/ros/jazzy/opt/gz_utils_vendor/lib:/opt/ros/jazzy/opt/gz_cmake_vendor/lib:/opt/ros/jazzy/lib:/home/strain-drone/Documents/drone_position_hold/ros2_ws/src/natnet_ros2/deps/NatNetSDK/lib PS1=(venv-ardupilot) \[\e]0;\u@\h: \w\a\]${debian_chroot:+($debian_chroot)}\[\033[01;32m\]\u@\h\[\033[00m\]:\[\033[01;34m\]\w\[\033[00m\]\$ PYTHONPATH=/home/strain-drone/Documents/drone_position_hold/ros2_ws/install/mocap4r2_msgs/lib/python3.12/site-packages:/home/strain-drone/Documents/drone_position_hold/ros2_ws/install/mocap4r2_control_msgs/lib/python3.12/site-packages:/home/strain-drone/Documents/drone_position_hold/ros2_ws/install/visualizer/lib/python3.12/site-packages:/home/strain-drone/Documents/drone_position_hold/ros2_ws/install/position_publisher/lib/python3.12/site-packages:/home/strain-drone/Documents/drone_position_hold/ros2_ws/install/natnet_ros2/lib/python3.12/site-packages:/home/strain-drone/Documents/drone_position_hold/ros2_ws/install/mocap4r2cli/lib/python3.12/site-packages:/home/strain-drone/Documents/drone_position_hold/ros2_ws/install/mocap4r2_robot_gt_msgs/lib/python3.12/site-packages:/home/strain-drone/Documents/drone_position_hold/ros2_ws/install/mocap4r2_marker_viz_srvs/lib/python3.12/site-packages:/home/strain-drone/Documents/drone_position_hold/ros2_ws/install/mavros_config/lib/python3.12/site-packages:/opt/ros/jazzy/lib/python3.12/site-packages VIRTUAL_ENV_PROMPT=(venv-ardupilot) /usr/bin/cmake --build /home/strain-drone/Documents/drone_position_hold/ros2_ws/build/mocap4r2_vicon_driver -- -j4 -l4
[6.931s] DEBUG:colcon.colcon_core.event_handler.log_command:Invoking command in '/home/strain-drone/Documents/drone_position_hold/ros2_ws/build/mocap4r2_vicon_driver': CMAKE_PREFIX_PATH=/home/strain-drone/Documents/drone_position_hold/ros2_ws/install/mocap4r2_control:/home/strain-drone/Documents/drone_position_hold/ros2_ws/install/mocap4r2_msgs:/home/strain-drone/Documents/drone_position_hold/ros2_ws/install/mocap4r2_control_msgs:/home/strain-drone/Documents/drone_position_hold/ros2_ws/install/rqt_mocap4r2_control:/home/strain-drone/Documents/drone_position_hold/ros2_ws/install/natnet_ros2:/home/strain-drone/Documents/drone_position_hold/ros2_ws/install/mocap4r2_vicon_driver:/home/strain-drone/Documents/drone_position_hold/ros2_ws/install/mocap4r2_robot_gt:/home/strain-drone/Documents/drone_position_hold/ros2_ws/install/mocap4r2_robot_gt_msgs:/home/strain-drone/Documents/drone_position_hold/ros2_ws/install/mocap4r2_marker_viz:/home/strain-drone/Documents/drone_position_hold/ros2_ws/install/mocap4r2_marker_publisher:/home/strain-drone/Documents/drone_position_hold/ros2_ws/install/mocap4r2_dummy_driver:/home/strain-drone/Documents/drone_position_hold/ros2_ws/install/mocap4r2_marker_viz_srvs:/opt/ros/jazzy/opt/gz_math_vendor:/opt/ros/jazzy/opt/gz_utils_vendor:/opt/ros/jazzy/opt/gz_cmake_vendor:/home/strain-drone/Documents/drone_position_hold/ros2_ws/install/visualizer:/home/strain-drone/Documents/drone_position_hold/ros2_ws/install/position_publisher:/home/strain-drone/Documents/drone_position_hold/ros2_ws/install/mocap4r2cli:/home/strain-drone/Documents/drone_position_hold/ros2_ws/install/mavros_config:/opt/ros/jazzy DEBUGINFOD_URLS=https://debuginfod.ubuntu.com LD_LIBRARY_PATH=/home/strain-drone/Documents/drone_position_hold/ros2_ws/install/mocap4r2_control/lib:/home/strain-drone/Documents/drone_position_hold/ros2_ws/install/mocap4r2_msgs/lib:/home/strain-drone/Documents/drone_position_hold/ros2_ws/install/mocap4r2_control_msgs/lib:/home/strain-drone/Documents/drone_position_hold/ros2_ws/install/rqt_mocap4r2_control/lib:/home/strain-drone/Documents/drone_position_hold/ros2_ws/install/natnet_ros2/lib:/home/strain-drone/Documents/drone_position_hold/ros2_ws/install/mocap4r2_vicon_driver/lib:/home/strain-drone/Documents/drone_position_hold/ros2_ws/install/mocap4r2_robot_gt/lib:/home/strain-drone/Documents/drone_position_hold/ros2_ws/install/mocap4r2_robot_gt_msgs/lib:/home/strain-drone/Documents/drone_position_hold/ros2_ws/install/mocap4r2_marker_viz_srvs/lib:/opt/ros/jazzy/opt/rviz_ogre_vendor/lib:/opt/ros/jazzy/lib/aarch64-linux-gnu:/opt/ros/jazzy/opt/gz_math_vendor/lib:/opt/ros/jazzy/opt/gz_utils_vendor/lib:/opt/ros/jazzy/opt/gz_cmake_vendor/lib:/opt/ros/jazzy/lib:/home/strain-drone/Documents/drone_position_hold/ros2_ws/src/natnet_ros2/deps/NatNetSDK/lib PS1=(venv-ardupilot) \[\e]0;\u@\h: \w\a\]${debian_chroot:+($debian_chroot)}\[\033[01;32m\]\u@\h\[\033[00m\]:\[\033[01;34m\]\w\[\033[00m\]\$ PYTHONPATH=/home/strain-drone/Documents/drone_position_hold/ros2_ws/install/mocap4r2_msgs/lib/python3.12/site-packages:/home/strain-drone/Documents/drone_position_hold/ros2_ws/install/mocap4r2_control_msgs/lib/python3.12/site-packages:/home/strain-drone/Documents/drone_position_hold/ros2_ws/install/visualizer/lib/python3.12/site-packages:/home/strain-drone/Documents/drone_position_hold/ros2_ws/install/position_publisher/lib/python3.12/site-packages:/home/strain-drone/Documents/drone_position_hold/ros2_ws/install/natnet_ros2/lib/python3.12/site-packages:/home/strain-drone/Documents/drone_position_hold/ros2_ws/install/mocap4r2cli/lib/python3.12/site-packages:/home/strain-drone/Documents/drone_position_hold/ros2_ws/install/mocap4r2_robot_gt_msgs/lib/python3.12/site-packages:/home/strain-drone/Documents/drone_position_hold/ros2_ws/install/mocap4r2_marker_viz_srvs/lib/python3.12/site-packages:/home/strain-drone/Documents/drone_position_hold/ros2_ws/install/mavros_config/lib/python3.12/site-packages:/opt/ros/jazzy/lib/python3.12/site-packages VIRTUAL_ENV_PROMPT=(venv-ardupilot) /usr/bin/cmake --install /home/strain-drone/Documents/drone_position_hold/ros2_ws/build/mocap4r2_vicon_driver
[6.966s] Level 1:colcon.colcon_core.environment:checking '/home/strain-drone/Documents/drone_position_hold/ros2_ws/install/visualizer' for CMake module files
[6.967s] Level 1:colcon.colcon_core.environment:checking '/home/strain-drone/Documents/drone_position_hold/ros2_ws/install/visualizer' for CMake config files
[6.969s] DEBUG:colcon.colcon_core.event_handler.log_command:Invoked command in '/home/strain-drone/Documents/drone_position_hold/ros2_ws/src/visualizer' returned '0': DEBUGINFOD_URLS=https://debuginfod.ubuntu.com PS1=(venv-ardupilot) \[\e]0;\u@\h: \w\a\]${debian_chroot:+($debian_chroot)}\[\033[01;32m\]\u@\h\[\033[00m\]:\[\033[01;34m\]\w\[\033[00m\]\$ PYTHONPATH=/home/strain-drone/Documents/drone_position_hold/ros2_ws/build/visualizer/prefix_override:/usr/lib/python3/dist-packages/colcon_core/task/python/colcon_distutils_commands:/home/strain-drone/Documents/drone_position_hold/ros2_ws/install/visualizer/lib/python3.12/site-packages:${PYTHONPATH} VIRTUAL_ENV_PROMPT=(venv-ardupilot) /usr/bin/python3 -W ignore:setup.py install is deprecated -W ignore:easy_install command is deprecated setup.py egg_info --egg-base ../../build/visualizer build --build-base /home/strain-drone/Documents/drone_position_hold/ros2_ws/build/visualizer/build install --record /home/strain-drone/Documents/drone_position_hold/ros2_ws/build/visualizer/install.log --single-version-externally-managed install_data
[6.970s] Level 1:colcon.colcon_core.environment:checking '/home/strain-drone/Documents/drone_position_hold/ros2_ws/install/visualizer/lib'
[6.971s] Level 1:colcon.colcon_core.environment:checking '/home/strain-drone/Documents/drone_position_hold/ros2_ws/install/visualizer/bin'
[6.971s] Level 1:colcon.colcon_core.environment:checking '/home/strain-drone/Documents/drone_position_hold/ros2_ws/install/visualizer/lib/pkgconfig/visualizer.pc'
[6.971s] Level 1:colcon.colcon_core.environment:checking '/home/strain-drone/Documents/drone_position_hold/ros2_ws/install/visualizer/lib/python3.12/site-packages'
[6.971s] Level 1:colcon.colcon_core.shell:create_environment_hook('visualizer', 'pythonpath')
[6.972s] INFO:colcon.colcon_core.shell:Creating environment hook '/home/strain-drone/Documents/drone_position_hold/ros2_ws/install/visualizer/share/visualizer/hook/pythonpath.ps1'
[6.973s] INFO:colcon.colcon_core.shell:Creating environment descriptor '/home/strain-drone/Documents/drone_position_hold/ros2_ws/install/visualizer/share/visualizer/hook/pythonpath.dsv'
[6.973s] INFO:colcon.colcon_core.shell:Creating environment hook '/home/strain-drone/Documents/drone_position_hold/ros2_ws/install/visualizer/share/visualizer/hook/pythonpath.sh'
[6.975s] Level 1:colcon.colcon_core.environment:checking '/home/strain-drone/Documents/drone_position_hold/ros2_ws/install/visualizer/bin'
[6.975s] Level 1:colcon.colcon_core.environment:create_environment_scripts_only(visualizer)
[6.975s] INFO:colcon.colcon_core.shell:Creating package script '/home/strain-drone/Documents/drone_position_hold/ros2_ws/install/visualizer/share/visualizer/package.ps1'
[6.976s] INFO:colcon.colcon_core.shell:Creating package descriptor '/home/strain-drone/Documents/drone_position_hold/ros2_ws/install/visualizer/share/visualizer/package.dsv'
[6.977s] INFO:colcon.colcon_core.shell:Creating package script '/home/strain-drone/Documents/drone_position_hold/ros2_ws/install/visualizer/share/visualizer/package.sh'
[6.978s] INFO:colcon.colcon_core.shell:Creating package script '/home/strain-drone/Documents/drone_position_hold/ros2_ws/install/visualizer/share/visualizer/package.bash'
[6.980s] INFO:colcon.colcon_core.shell:Creating package script '/home/strain-drone/Documents/drone_position_hold/ros2_ws/install/visualizer/share/visualizer/package.zsh'
[6.981s] Level 1:colcon.colcon_core.environment:create_file_with_runtime_dependencies(/home/strain-drone/Documents/drone_position_hold/ros2_ws/install/visualizer/share/colcon-core/packages/visualizer)
[6.984s] Level 1:colcon.colcon_core.environment:create_environment_scripts_only(mocap4r2_vicon_driver)
[6.984s] Level 1:colcon.colcon_core.environment:checking '/home/strain-drone/Documents/drone_position_hold/ros2_ws/install/mocap4r2_vicon_driver' for CMake module files
[6.985s] Level 1:colcon.colcon_core.environment:checking '/home/strain-drone/Documents/drone_position_hold/ros2_ws/install/mocap4r2_vicon_driver' for CMake config files
[6.986s] Level 1:colcon.colcon_core.shell:create_environment_hook('mocap4r2_vicon_driver', 'cmake_prefix_path')
[6.985s] DEBUG:colcon.colcon_core.event_handler.log_command:Invoked command in '/home/strain-drone/Documents/drone_position_hold/ros2_ws/build/mocap4r2_vicon_driver' returned '0': CMAKE_PREFIX_PATH=/home/strain-drone/Documents/drone_position_hold/ros2_ws/install/mocap4r2_control:/home/strain-drone/Documents/drone_position_hold/ros2_ws/install/mocap4r2_msgs:/home/strain-drone/Documents/drone_position_hold/ros2_ws/install/mocap4r2_control_msgs:/home/strain-drone/Documents/drone_position_hold/ros2_ws/install/rqt_mocap4r2_control:/home/strain-drone/Documents/drone_position_hold/ros2_ws/install/natnet_ros2:/home/strain-drone/Documents/drone_position_hold/ros2_ws/install/mocap4r2_vicon_driver:/home/strain-drone/Documents/drone_position_hold/ros2_ws/install/mocap4r2_robot_gt:/home/strain-drone/Documents/drone_position_hold/ros2_ws/install/mocap4r2_robot_gt_msgs:/home/strain-drone/Documents/drone_position_hold/ros2_ws/install/mocap4r2_marker_viz:/home/strain-drone/Documents/drone_position_hold/ros2_ws/install/mocap4r2_marker_publisher:/home/strain-drone/Documents/drone_position_hold/ros2_ws/install/mocap4r2_dummy_driver:/home/strain-drone/Documents/drone_position_hold/ros2_ws/install/mocap4r2_marker_viz_srvs:/opt/ros/jazzy/opt/gz_math_vendor:/opt/ros/jazzy/opt/gz_utils_vendor:/opt/ros/jazzy/opt/gz_cmake_vendor:/home/strain-drone/Documents/drone_position_hold/ros2_ws/install/visualizer:/home/strain-drone/Documents/drone_position_hold/ros2_ws/install/position_publisher:/home/strain-drone/Documents/drone_position_hold/ros2_ws/install/mocap4r2cli:/home/strain-drone/Documents/drone_position_hold/ros2_ws/install/mavros_config:/opt/ros/jazzy DEBUGINFOD_URLS=https://debuginfod.ubuntu.com LD_LIBRARY_PATH=/home/strain-drone/Documents/drone_position_hold/ros2_ws/install/mocap4r2_control/lib:/home/strain-drone/Documents/drone_position_hold/ros2_ws/install/mocap4r2_msgs/lib:/home/strain-drone/Documents/drone_position_hold/ros2_ws/install/mocap4r2_control_msgs/lib:/home/strain-drone/Documents/drone_position_hold/ros2_ws/install/rqt_mocap4r2_control/lib:/home/strain-drone/Documents/drone_position_hold/ros2_ws/install/natnet_ros2/lib:/home/strain-drone/Documents/drone_position_hold/ros2_ws/install/mocap4r2_vicon_driver/lib:/home/strain-drone/Documents/drone_position_hold/ros2_ws/install/mocap4r2_robot_gt/lib:/home/strain-drone/Documents/drone_position_hold/ros2_ws/install/mocap4r2_robot_gt_msgs/lib:/home/strain-drone/Documents/drone_position_hold/ros2_ws/install/mocap4r2_marker_viz_srvs/lib:/opt/ros/jazzy/opt/rviz_ogre_vendor/lib:/opt/ros/jazzy/lib/aarch64-linux-gnu:/opt/ros/jazzy/opt/gz_math_vendor/lib:/opt/ros/jazzy/opt/gz_utils_vendor/lib:/opt/ros/jazzy/opt/gz_cmake_vendor/lib:/opt/ros/jazzy/lib:/home/strain-drone/Documents/drone_position_hold/ros2_ws/src/natnet_ros2/deps/NatNetSDK/lib PS1=(venv-ardupilot) \[\e]0;\u@\h: \w\a\]${debian_chroot:+($debian_chroot)}\[\033[01;32m\]\u@\h\[\033[00m\]:\[\033[01;34m\]\w\[\033[00m\]\$ PYTHONPATH=/home/strain-drone/Documents/drone_position_hold/ros2_ws/install/mocap4r2_msgs/lib/python3.12/site-packages:/home/strain-drone/Documents/drone_position_hold/ros2_ws/install/mocap4r2_control_msgs/lib/python3.12/site-packages:/home/strain-drone/Documents/drone_position_hold/ros2_ws/install/visualizer/lib/python3.12/site-packages:/home/strain-drone/Documents/drone_position_hold/ros2_ws/install/position_publisher/lib/python3.12/site-packages:/home/strain-drone/Documents/drone_position_hold/ros2_ws/install/natnet_ros2/lib/python3.12/site-packages:/home/strain-drone/Documents/drone_position_hold/ros2_ws/install/mocap4r2cli/lib/python3.12/site-packages:/home/strain-drone/Documents/drone_position_hold/ros2_ws/install/mocap4r2_robot_gt_msgs/lib/python3.12/site-packages:/home/strain-drone/Documents/drone_position_hold/ros2_ws/install/mocap4r2_marker_viz_srvs/lib/python3.12/site-packages:/home/strain-drone/Documents/drone_position_hold/ros2_ws/install/mavros_config/lib/python3.12/site-packages:/opt/ros/jazzy/lib/python3.12/site-packages VIRTUAL_ENV_PROMPT=(venv-ardupilot) /usr/bin/cmake --install /home/strain-drone/Documents/drone_position_hold/ros2_ws/build/mocap4r2_vicon_driver
[6.986s] INFO:colcon.colcon_core.shell:Creating environment hook '/home/strain-drone/Documents/drone_position_hold/ros2_ws/install/mocap4r2_vicon_driver/share/mocap4r2_vicon_driver/hook/cmake_prefix_path.ps1'
[6.987s] INFO:colcon.colcon_core.shell:Creating environment descriptor '/home/strain-drone/Documents/drone_position_hold/ros2_ws/install/mocap4r2_vicon_driver/share/mocap4r2_vicon_driver/hook/cmake_prefix_path.dsv'
[6.989s] INFO:colcon.colcon_core.shell:Creating environment hook '/home/strain-drone/Documents/drone_position_hold/ros2_ws/install/mocap4r2_vicon_driver/share/mocap4r2_vicon_driver/hook/cmake_prefix_path.sh'
[6.991s] Level 1:colcon.colcon_core.environment:checking '/home/strain-drone/Documents/drone_position_hold/ros2_ws/install/mocap4r2_vicon_driver/lib'
[6.991s] Level 1:colcon.colcon_core.shell:create_environment_hook('mocap4r2_vicon_driver', 'ld_library_path_lib')
[6.991s] INFO:colcon.colcon_core.shell:Creating environment hook '/home/strain-drone/Documents/drone_position_hold/ros2_ws/install/mocap4r2_vicon_driver/share/mocap4r2_vicon_driver/hook/ld_library_path_lib.ps1'
[6.992s] INFO:colcon.colcon_core.shell:Creating environment descriptor '/home/strain-drone/Documents/drone_position_hold/ros2_ws/install/mocap4r2_vicon_driver/share/mocap4r2_vicon_driver/hook/ld_library_path_lib.dsv'
[6.993s] INFO:colcon.colcon_core.shell:Creating environment hook '/home/strain-drone/Documents/drone_position_hold/ros2_ws/install/mocap4r2_vicon_driver/share/mocap4r2_vicon_driver/hook/ld_library_path_lib.sh'
[6.995s] Level 1:colcon.colcon_core.environment:checking '/home/strain-drone/Documents/drone_position_hold/ros2_ws/install/mocap4r2_vicon_driver/bin'
[6.995s] Level 1:colcon.colcon_core.environment:checking '/home/strain-drone/Documents/drone_position_hold/ros2_ws/install/mocap4r2_vicon_driver/lib/pkgconfig/mocap4r2_vicon_driver.pc'
[6.995s] Level 1:colcon.colcon_core.environment:checking '/home/strain-drone/Documents/drone_position_hold/ros2_ws/install/mocap4r2_vicon_driver/lib/python3.12/site-packages'
[6.996s] Level 1:colcon.colcon_core.environment:checking '/home/strain-drone/Documents/drone_position_hold/ros2_ws/install/mocap4r2_vicon_driver/bin'
[6.996s] INFO:colcon.colcon_core.shell:Creating package script '/home/strain-drone/Documents/drone_position_hold/ros2_ws/install/mocap4r2_vicon_driver/share/mocap4r2_vicon_driver/package.ps1'
[6.997s] INFO:colcon.colcon_core.shell:Creating package descriptor '/home/strain-drone/Documents/drone_position_hold/ros2_ws/install/mocap4r2_vicon_driver/share/mocap4r2_vicon_driver/package.dsv'
[6.998s] INFO:colcon.colcon_core.shell:Creating package script '/home/strain-drone/Documents/drone_position_hold/ros2_ws/install/mocap4r2_vicon_driver/share/mocap4r2_vicon_driver/package.sh'
[7.000s] INFO:colcon.colcon_core.shell:Creating package script '/home/strain-drone/Documents/drone_position_hold/ros2_ws/install/mocap4r2_vicon_driver/share/mocap4r2_vicon_driver/package.bash'
[7.004s] INFO:colcon.colcon_core.shell:Creating package script '/home/strain-drone/Documents/drone_position_hold/ros2_ws/install/mocap4r2_vicon_driver/share/mocap4r2_vicon_driver/package.zsh'
[7.005s] Level 1:colcon.colcon_core.environment:create_file_with_runtime_dependencies(/home/strain-drone/Documents/drone_position_hold/ros2_ws/install/mocap4r2_vicon_driver/share/colcon-core/packages/mocap4r2_vicon_driver)
[7.006s] Level 1:colcon.colcon_core.environment:create_environment_scripts_only(mocap4r2_vicon_driver)
[7.006s] Level 1:colcon.colcon_core.environment:checking '/home/strain-drone/Documents/drone_position_hold/ros2_ws/install/mocap4r2_vicon_driver' for CMake module files
[7.007s] Level 1:colcon.colcon_core.environment:checking '/home/strain-drone/Documents/drone_position_hold/ros2_ws/install/mocap4r2_vicon_driver' for CMake config files
[7.008s] Level 1:colcon.colcon_core.shell:create_environment_hook('mocap4r2_vicon_driver', 'cmake_prefix_path')
[7.008s] INFO:colcon.colcon_core.shell:Creating environment hook '/home/strain-drone/Documents/drone_position_hold/ros2_ws/install/mocap4r2_vicon_driver/share/mocap4r2_vicon_driver/hook/cmake_prefix_path.ps1'
[7.008s] INFO:colcon.colcon_core.shell:Creating environment descriptor '/home/strain-drone/Documents/drone_position_hold/ros2_ws/install/mocap4r2_vicon_driver/share/mocap4r2_vicon_driver/hook/cmake_prefix_path.dsv'
[7.009s] INFO:colcon.colcon_core.shell:Creating environment hook '/home/strain-drone/Documents/drone_position_hold/ros2_ws/install/mocap4r2_vicon_driver/share/mocap4r2_vicon_driver/hook/cmake_prefix_path.sh'
[7.010s] Level 1:colcon.colcon_core.environment:checking '/home/strain-drone/Documents/drone_position_hold/ros2_ws/install/mocap4r2_vicon_driver/lib'
[7.010s] Level 1:colcon.colcon_core.shell:create_environment_hook('mocap4r2_vicon_driver', 'ld_library_path_lib')
[7.011s] INFO:colcon.colcon_core.shell:Creating environment hook '/home/strain-drone/Documents/drone_position_hold/ros2_ws/install/mocap4r2_vicon_driver/share/mocap4r2_vicon_driver/hook/ld_library_path_lib.ps1'
[7.011s] INFO:colcon.colcon_core.shell:Creating environment descriptor '/home/strain-drone/Documents/drone_position_hold/ros2_ws/install/mocap4r2_vicon_driver/share/mocap4r2_vicon_driver/hook/ld_library_path_lib.dsv'
[7.012s] INFO:colcon.colcon_core.shell:Creating environment hook '/home/strain-drone/Documents/drone_position_hold/ros2_ws/install/mocap4r2_vicon_driver/share/mocap4r2_vicon_driver/hook/ld_library_path_lib.sh'
[7.013s] Level 1:colcon.colcon_core.environment:checking '/home/strain-drone/Documents/drone_position_hold/ros2_ws/install/mocap4r2_vicon_driver/bin'
[7.013s] Level 1:colcon.colcon_core.environment:checking '/home/strain-drone/Documents/drone_position_hold/ros2_ws/install/mocap4r2_vicon_driver/lib/pkgconfig/mocap4r2_vicon_driver.pc'
[7.013s] Level 1:colcon.colcon_core.environment:checking '/home/strain-drone/Documents/drone_position_hold/ros2_ws/install/mocap4r2_vicon_driver/lib/python3.12/site-packages'
[7.013s] Level 1:colcon.colcon_core.environment:checking '/home/strain-drone/Documents/drone_position_hold/ros2_ws/install/mocap4r2_vicon_driver/bin'
[7.014s] INFO:colcon.colcon_core.shell:Creating package script '/home/strain-drone/Documents/drone_position_hold/ros2_ws/install/mocap4r2_vicon_driver/share/mocap4r2_vicon_driver/package.ps1'
[7.014s] INFO:colcon.colcon_core.shell:Creating package descriptor '/home/strain-drone/Documents/drone_position_hold/ros2_ws/install/mocap4r2_vicon_driver/share/mocap4r2_vicon_driver/package.dsv'
[7.015s] INFO:colcon.colcon_core.shell:Creating package script '/home/strain-drone/Documents/drone_position_hold/ros2_ws/install/mocap4r2_vicon_driver/share/mocap4r2_vicon_driver/package.sh'
[7.017s] INFO:colcon.colcon_core.shell:Creating package script '/home/strain-drone/Documents/drone_position_hold/ros2_ws/install/mocap4r2_vicon_driver/share/mocap4r2_vicon_driver/package.bash'
[7.018s] INFO:colcon.colcon_core.shell:Creating package script '/home/strain-drone/Documents/drone_position_hold/ros2_ws/install/mocap4r2_vicon_driver/share/mocap4r2_vicon_driver/package.zsh'
[7.019s] Level 1:colcon.colcon_core.environment:create_file_with_runtime_dependencies(/home/strain-drone/Documents/drone_position_hold/ros2_ws/install/mocap4r2_vicon_driver/share/colcon-core/packages/mocap4r2_vicon_driver)
[7.022s] DEBUG:colcon.colcon_core.event_handler.log_command:Invoked command in '/home/strain-drone/Documents/drone_position_hold/ros2_ws/build/rqt_mocap4r2_control' returned '0': CMAKE_PREFIX_PATH=/home/strain-drone/Documents/drone_position_hold/ros2_ws/install/mocap4r2_control:/home/strain-drone/Documents/drone_position_hold/ros2_ws/install/mocap4r2_control_msgs:/home/strain-drone/Documents/drone_position_hold/ros2_ws/install/rqt_mocap4r2_control:/home/strain-drone/Documents/drone_position_hold/ros2_ws/install/natnet_ros2:/home/strain-drone/Documents/drone_position_hold/ros2_ws/install/mocap4r2_vicon_driver:/home/strain-drone/Documents/drone_position_hold/ros2_ws/install/mocap4r2_robot_gt:/home/strain-drone/Documents/drone_position_hold/ros2_ws/install/mocap4r2_robot_gt_msgs:/home/strain-drone/Documents/drone_position_hold/ros2_ws/install/mocap4r2_marker_viz:/home/strain-drone/Documents/drone_position_hold/ros2_ws/install/mocap4r2_marker_publisher:/home/strain-drone/Documents/drone_position_hold/ros2_ws/install/mocap4r2_dummy_driver:/home/strain-drone/Documents/drone_position_hold/ros2_ws/install/mocap4r2_msgs:/home/strain-drone/Documents/drone_position_hold/ros2_ws/install/mocap4r2_marker_viz_srvs:/opt/ros/jazzy/opt/gz_math_vendor:/opt/ros/jazzy/opt/gz_utils_vendor:/opt/ros/jazzy/opt/gz_cmake_vendor:/home/strain-drone/Documents/drone_position_hold/ros2_ws/install/visualizer:/home/strain-drone/Documents/drone_position_hold/ros2_ws/install/position_publisher:/home/strain-drone/Documents/drone_position_hold/ros2_ws/install/mocap4r2cli:/home/strain-drone/Documents/drone_position_hold/ros2_ws/install/mavros_config:/opt/ros/jazzy DEBUGINFOD_URLS=https://debuginfod.ubuntu.com LD_LIBRARY_PATH=/home/strain-drone/Documents/drone_position_hold/ros2_ws/install/mocap4r2_control/lib:/home/strain-drone/Documents/drone_position_hold/ros2_ws/install/mocap4r2_control_msgs/lib:/home/strain-drone/Documents/drone_position_hold/ros2_ws/install/rqt_mocap4r2_control/lib:/home/strain-drone/Documents/drone_position_hold/ros2_ws/install/natnet_ros2/lib:/home/strain-drone/Documents/drone_position_hold/ros2_ws/install/mocap4r2_vicon_driver/lib:/home/strain-drone/Documents/drone_position_hold/ros2_ws/install/mocap4r2_robot_gt/lib:/home/strain-drone/Documents/drone_position_hold/ros2_ws/install/mocap4r2_robot_gt_msgs/lib:/home/strain-drone/Documents/drone_position_hold/ros2_ws/install/mocap4r2_msgs/lib:/home/strain-drone/Documents/drone_position_hold/ros2_ws/install/mocap4r2_marker_viz_srvs/lib:/opt/ros/jazzy/opt/rviz_ogre_vendor/lib:/opt/ros/jazzy/lib/aarch64-linux-gnu:/opt/ros/jazzy/opt/gz_math_vendor/lib:/opt/ros/jazzy/opt/gz_utils_vendor/lib:/opt/ros/jazzy/opt/gz_cmake_vendor/lib:/opt/ros/jazzy/lib:/home/strain-drone/Documents/drone_position_hold/ros2_ws/src/natnet_ros2/deps/NatNetSDK/lib PS1=(venv-ardupilot) \[\e]0;\u@\h: \w\a\]${debian_chroot:+($debian_chroot)}\[\033[01;32m\]\u@\h\[\033[00m\]:\[\033[01;34m\]\w\[\033[00m\]\$ PYTHONPATH=/home/strain-drone/Documents/drone_position_hold/ros2_ws/install/mocap4r2_control_msgs/lib/python3.12/site-packages:/home/strain-drone/Documents/drone_position_hold/ros2_ws/install/visualizer/lib/python3.12/site-packages:/home/strain-drone/Documents/drone_position_hold/ros2_ws/install/position_publisher/lib/python3.12/site-packages:/home/strain-drone/Documents/drone_position_hold/ros2_ws/install/natnet_ros2/lib/python3.12/site-packages:/home/strain-drone/Documents/drone_position_hold/ros2_ws/install/mocap4r2cli/lib/python3.12/site-packages:/home/strain-drone/Documents/drone_position_hold/ros2_ws/install/mocap4r2_robot_gt_msgs/lib/python3.12/site-packages:/home/strain-drone/Documents/drone_position_hold/ros2_ws/install/mocap4r2_msgs/lib/python3.12/site-packages:/home/strain-drone/Documents/drone_position_hold/ros2_ws/install/mocap4r2_marker_viz_srvs/lib/python3.12/site-packages:/home/strain-drone/Documents/drone_position_hold/ros2_ws/install/mavros_config/lib/python3.12/site-packages:/opt/ros/jazzy/lib/python3.12/site-packages VIRTUAL_ENV_PROMPT=(venv-ardupilot) /usr/bin/cmake --build /home/strain-drone/Documents/drone_position_hold/ros2_ws/build/rqt_mocap4r2_control -- -j4 -l4
[7.024s] DEBUG:colcon.colcon_core.event_handler.log_command:Invoking command in '/home/strain-drone/Documents/drone_position_hold/ros2_ws/build/rqt_mocap4r2_control': CMAKE_PREFIX_PATH=/home/strain-drone/Documents/drone_position_hold/ros2_ws/install/mocap4r2_control:/home/strain-drone/Documents/drone_position_hold/ros2_ws/install/mocap4r2_control_msgs:/home/strain-drone/Documents/drone_position_hold/ros2_ws/install/rqt_mocap4r2_control:/home/strain-drone/Documents/drone_position_hold/ros2_ws/install/natnet_ros2:/home/strain-drone/Documents/drone_position_hold/ros2_ws/install/mocap4r2_vicon_driver:/home/strain-drone/Documents/drone_position_hold/ros2_ws/install/mocap4r2_robot_gt:/home/strain-drone/Documents/drone_position_hold/ros2_ws/install/mocap4r2_robot_gt_msgs:/home/strain-drone/Documents/drone_position_hold/ros2_ws/install/mocap4r2_marker_viz:/home/strain-drone/Documents/drone_position_hold/ros2_ws/install/mocap4r2_marker_publisher:/home/strain-drone/Documents/drone_position_hold/ros2_ws/install/mocap4r2_dummy_driver:/home/strain-drone/Documents/drone_position_hold/ros2_ws/install/mocap4r2_msgs:/home/strain-drone/Documents/drone_position_hold/ros2_ws/install/mocap4r2_marker_viz_srvs:/opt/ros/jazzy/opt/gz_math_vendor:/opt/ros/jazzy/opt/gz_utils_vendor:/opt/ros/jazzy/opt/gz_cmake_vendor:/home/strain-drone/Documents/drone_position_hold/ros2_ws/install/visualizer:/home/strain-drone/Documents/drone_position_hold/ros2_ws/install/position_publisher:/home/strain-drone/Documents/drone_position_hold/ros2_ws/install/mocap4r2cli:/home/strain-drone/Documents/drone_position_hold/ros2_ws/install/mavros_config:/opt/ros/jazzy DEBUGINFOD_URLS=https://debuginfod.ubuntu.com LD_LIBRARY_PATH=/home/strain-drone/Documents/drone_position_hold/ros2_ws/install/mocap4r2_control/lib:/home/strain-drone/Documents/drone_position_hold/ros2_ws/install/mocap4r2_control_msgs/lib:/home/strain-drone/Documents/drone_position_hold/ros2_ws/install/rqt_mocap4r2_control/lib:/home/strain-drone/Documents/drone_position_hold/ros2_ws/install/natnet_ros2/lib:/home/strain-drone/Documents/drone_position_hold/ros2_ws/install/mocap4r2_vicon_driver/lib:/home/strain-drone/Documents/drone_position_hold/ros2_ws/install/mocap4r2_robot_gt/lib:/home/strain-drone/Documents/drone_position_hold/ros2_ws/install/mocap4r2_robot_gt_msgs/lib:/home/strain-drone/Documents/drone_position_hold/ros2_ws/install/mocap4r2_msgs/lib:/home/strain-drone/Documents/drone_position_hold/ros2_ws/install/mocap4r2_marker_viz_srvs/lib:/opt/ros/jazzy/opt/rviz_ogre_vendor/lib:/opt/ros/jazzy/lib/aarch64-linux-gnu:/opt/ros/jazzy/opt/gz_math_vendor/lib:/opt/ros/jazzy/opt/gz_utils_vendor/lib:/opt/ros/jazzy/opt/gz_cmake_vendor/lib:/opt/ros/jazzy/lib:/home/strain-drone/Documents/drone_position_hold/ros2_ws/src/natnet_ros2/deps/NatNetSDK/lib PS1=(venv-ardupilot) \[\e]0;\u@\h: \w\a\]${debian_chroot:+($debian_chroot)}\[\033[01;32m\]\u@\h\[\033[00m\]:\[\033[01;34m\]\w\[\033[00m\]\$ PYTHONPATH=/home/strain-drone/Documents/drone_position_hold/ros2_ws/install/mocap4r2_control_msgs/lib/python3.12/site-packages:/home/strain-drone/Documents/drone_position_hold/ros2_ws/install/visualizer/lib/python3.12/site-packages:/home/strain-drone/Documents/drone_position_hold/ros2_ws/install/position_publisher/lib/python3.12/site-packages:/home/strain-drone/Documents/drone_position_hold/ros2_ws/install/natnet_ros2/lib/python3.12/site-packages:/home/strain-drone/Documents/drone_position_hold/ros2_ws/install/mocap4r2cli/lib/python3.12/site-packages:/home/strain-drone/Documents/drone_position_hold/ros2_ws/install/mocap4r2_robot_gt_msgs/lib/python3.12/site-packages:/home/strain-drone/Documents/drone_position_hold/ros2_ws/install/mocap4r2_msgs/lib/python3.12/site-packages:/home/strain-drone/Documents/drone_position_hold/ros2_ws/install/mocap4r2_marker_viz_srvs/lib/python3.12/site-packages:/home/strain-drone/Documents/drone_position_hold/ros2_ws/install/mavros_config/lib/python3.12/site-packages:/opt/ros/jazzy/lib/python3.12/site-packages VIRTUAL_ENV_PROMPT=(venv-ardupilot) /usr/bin/cmake --install /home/strain-drone/Documents/drone_position_hold/ros2_ws/build/rqt_mocap4r2_control
[7.045s] Level 1:colcon.colcon_core.environment:create_environment_scripts_only(rqt_mocap4r2_control)
[7.045s] Level 1:colcon.colcon_core.environment:checking '/home/strain-drone/Documents/drone_position_hold/ros2_ws/install/rqt_mocap4r2_control' for CMake module files
[7.046s] DEBUG:colcon.colcon_core.event_handler.log_command:Invoked command in '/home/strain-drone/Documents/drone_position_hold/ros2_ws/build/rqt_mocap4r2_control' returned '0': CMAKE_PREFIX_PATH=/home/strain-drone/Documents/drone_position_hold/ros2_ws/install/mocap4r2_control:/home/strain-drone/Documents/drone_position_hold/ros2_ws/install/mocap4r2_control_msgs:/home/strain-drone/Documents/drone_position_hold/ros2_ws/install/rqt_mocap4r2_control:/home/strain-drone/Documents/drone_position_hold/ros2_ws/install/natnet_ros2:/home/strain-drone/Documents/drone_position_hold/ros2_ws/install/mocap4r2_vicon_driver:/home/strain-drone/Documents/drone_position_hold/ros2_ws/install/mocap4r2_robot_gt:/home/strain-drone/Documents/drone_position_hold/ros2_ws/install/mocap4r2_robot_gt_msgs:/home/strain-drone/Documents/drone_position_hold/ros2_ws/install/mocap4r2_marker_viz:/home/strain-drone/Documents/drone_position_hold/ros2_ws/install/mocap4r2_marker_publisher:/home/strain-drone/Documents/drone_position_hold/ros2_ws/install/mocap4r2_dummy_driver:/home/strain-drone/Documents/drone_position_hold/ros2_ws/install/mocap4r2_msgs:/home/strain-drone/Documents/drone_position_hold/ros2_ws/install/mocap4r2_marker_viz_srvs:/opt/ros/jazzy/opt/gz_math_vendor:/opt/ros/jazzy/opt/gz_utils_vendor:/opt/ros/jazzy/opt/gz_cmake_vendor:/home/strain-drone/Documents/drone_position_hold/ros2_ws/install/visualizer:/home/strain-drone/Documents/drone_position_hold/ros2_ws/install/position_publisher:/home/strain-drone/Documents/drone_position_hold/ros2_ws/install/mocap4r2cli:/home/strain-drone/Documents/drone_position_hold/ros2_ws/install/mavros_config:/opt/ros/jazzy DEBUGINFOD_URLS=https://debuginfod.ubuntu.com LD_LIBRARY_PATH=/home/strain-drone/Documents/drone_position_hold/ros2_ws/install/mocap4r2_control/lib:/home/strain-drone/Documents/drone_position_hold/ros2_ws/install/mocap4r2_control_msgs/lib:/home/strain-drone/Documents/drone_position_hold/ros2_ws/install/rqt_mocap4r2_control/lib:/home/strain-drone/Documents/drone_position_hold/ros2_ws/install/natnet_ros2/lib:/home/strain-drone/Documents/drone_position_hold/ros2_ws/install/mocap4r2_vicon_driver/lib:/home/strain-drone/Documents/drone_position_hold/ros2_ws/install/mocap4r2_robot_gt/lib:/home/strain-drone/Documents/drone_position_hold/ros2_ws/install/mocap4r2_robot_gt_msgs/lib:/home/strain-drone/Documents/drone_position_hold/ros2_ws/install/mocap4r2_msgs/lib:/home/strain-drone/Documents/drone_position_hold/ros2_ws/install/mocap4r2_marker_viz_srvs/lib:/opt/ros/jazzy/opt/rviz_ogre_vendor/lib:/opt/ros/jazzy/lib/aarch64-linux-gnu:/opt/ros/jazzy/opt/gz_math_vendor/lib:/opt/ros/jazzy/opt/gz_utils_vendor/lib:/opt/ros/jazzy/opt/gz_cmake_vendor/lib:/opt/ros/jazzy/lib:/home/strain-drone/Documents/drone_position_hold/ros2_ws/src/natnet_ros2/deps/NatNetSDK/lib PS1=(venv-ardupilot) \[\e]0;\u@\h: \w\a\]${debian_chroot:+($debian_chroot)}\[\033[01;32m\]\u@\h\[\033[00m\]:\[\033[01;34m\]\w\[\033[00m\]\$ PYTHONPATH=/home/strain-drone/Documents/drone_position_hold/ros2_ws/install/mocap4r2_control_msgs/lib/python3.12/site-packages:/home/strain-drone/Documents/drone_position_hold/ros2_ws/install/visualizer/lib/python3.12/site-packages:/home/strain-drone/Documents/drone_position_hold/ros2_ws/install/position_publisher/lib/python3.12/site-packages:/home/strain-drone/Documents/drone_position_hold/ros2_ws/install/natnet_ros2/lib/python3.12/site-packages:/home/strain-drone/Documents/drone_position_hold/ros2_ws/install/mocap4r2cli/lib/python3.12/site-packages:/home/strain-drone/Documents/drone_position_hold/ros2_ws/install/mocap4r2_robot_gt_msgs/lib/python3.12/site-packages:/home/strain-drone/Documents/drone_position_hold/ros2_ws/install/mocap4r2_msgs/lib/python3.12/site-packages:/home/strain-drone/Documents/drone_position_hold/ros2_ws/install/mocap4r2_marker_viz_srvs/lib/python3.12/site-packages:/home/strain-drone/Documents/drone_position_hold/ros2_ws/install/mavros_config/lib/python3.12/site-packages:/opt/ros/jazzy/lib/python3.12/site-packages VIRTUAL_ENV_PROMPT=(venv-ardupilot) /usr/bin/cmake --install /home/strain-drone/Documents/drone_position_hold/ros2_ws/build/rqt_mocap4r2_control
[7.046s] Level 1:colcon.colcon_core.environment:checking '/home/strain-drone/Documents/drone_position_hold/ros2_ws/install/rqt_mocap4r2_control' for CMake config files
[7.047s] Level 1:colcon.colcon_core.shell:create_environment_hook('rqt_mocap4r2_control', 'cmake_prefix_path')
[7.047s] INFO:colcon.colcon_core.shell:Creating environment hook '/home/strain-drone/Documents/drone_position_hold/ros2_ws/install/rqt_mocap4r2_control/share/rqt_mocap4r2_control/hook/cmake_prefix_path.ps1'
[7.048s] INFO:colcon.colcon_core.shell:Creating environment descriptor '/home/strain-drone/Documents/drone_position_hold/ros2_ws/install/rqt_mocap4r2_control/share/rqt_mocap4r2_control/hook/cmake_prefix_path.dsv'
[7.049s] INFO:colcon.colcon_core.shell:Creating environment hook '/home/strain-drone/Documents/drone_position_hold/ros2_ws/install/rqt_mocap4r2_control/share/rqt_mocap4r2_control/hook/cmake_prefix_path.sh'
[7.051s] Level 1:colcon.colcon_core.environment:checking '/home/strain-drone/Documents/drone_position_hold/ros2_ws/install/rqt_mocap4r2_control/lib'
[7.051s] Level 1:colcon.colcon_core.environment:checking '/home/strain-drone/Documents/drone_position_hold/ros2_ws/install/rqt_mocap4r2_control/bin'
[7.051s] Level 1:colcon.colcon_core.environment:checking '/home/strain-drone/Documents/drone_position_hold/ros2_ws/install/rqt_mocap4r2_control/lib/pkgconfig/rqt_mocap4r2_control.pc'
[7.052s] Level 1:colcon.colcon_core.environment:checking '/home/strain-drone/Documents/drone_position_hold/ros2_ws/install/rqt_mocap4r2_control/lib/python3.12/site-packages'
[7.052s] Level 1:colcon.colcon_core.environment:checking '/home/strain-drone/Documents/drone_position_hold/ros2_ws/install/rqt_mocap4r2_control/bin'
[7.052s] INFO:colcon.colcon_core.shell:Creating package script '/home/strain-drone/Documents/drone_position_hold/ros2_ws/install/rqt_mocap4r2_control/share/rqt_mocap4r2_control/package.ps1'
[7.053s] INFO:colcon.colcon_core.shell:Creating package descriptor '/home/strain-drone/Documents/drone_position_hold/ros2_ws/install/rqt_mocap4r2_control/share/rqt_mocap4r2_control/package.dsv'
[7.054s] INFO:colcon.colcon_core.shell:Creating package script '/home/strain-drone/Documents/drone_position_hold/ros2_ws/install/rqt_mocap4r2_control/share/rqt_mocap4r2_control/package.sh'
[7.056s] INFO:colcon.colcon_core.shell:Creating package script '/home/strain-drone/Documents/drone_position_hold/ros2_ws/install/rqt_mocap4r2_control/share/rqt_mocap4r2_control/package.bash'
[7.058s] INFO:colcon.colcon_core.shell:Creating package script '/home/strain-drone/Documents/drone_position_hold/ros2_ws/install/rqt_mocap4r2_control/share/rqt_mocap4r2_control/package.zsh'
[7.062s] Level 1:colcon.colcon_core.environment:create_file_with_runtime_dependencies(/home/strain-drone/Documents/drone_position_hold/ros2_ws/install/rqt_mocap4r2_control/share/colcon-core/packages/rqt_mocap4r2_control)
[7.063s] Level 1:colcon.colcon_core.environment:create_environment_scripts_only(rqt_mocap4r2_control)
[7.063s] Level 1:colcon.colcon_core.environment:checking '/home/strain-drone/Documents/drone_position_hold/ros2_ws/install/rqt_mocap4r2_control' for CMake module files
[7.064s] Level 1:colcon.colcon_core.environment:checking '/home/strain-drone/Documents/drone_position_hold/ros2_ws/install/rqt_mocap4r2_control' for CMake config files
[7.065s] Level 1:colcon.colcon_core.shell:create_environment_hook('rqt_mocap4r2_control', 'cmake_prefix_path')
[7.065s] INFO:colcon.colcon_core.shell:Creating environment hook '/home/strain-drone/Documents/drone_position_hold/ros2_ws/install/rqt_mocap4r2_control/share/rqt_mocap4r2_control/hook/cmake_prefix_path.ps1'
[7.065s] INFO:colcon.colcon_core.shell:Creating environment descriptor '/home/strain-drone/Documents/drone_position_hold/ros2_ws/install/rqt_mocap4r2_control/share/rqt_mocap4r2_control/hook/cmake_prefix_path.dsv'
[7.066s] INFO:colcon.colcon_core.shell:Creating environment hook '/home/strain-drone/Documents/drone_position_hold/ros2_ws/install/rqt_mocap4r2_control/share/rqt_mocap4r2_control/hook/cmake_prefix_path.sh'
[7.067s] Level 1:colcon.colcon_core.environment:checking '/home/strain-drone/Documents/drone_position_hold/ros2_ws/install/rqt_mocap4r2_control/lib'
[7.067s] Level 1:colcon.colcon_core.environment:checking '/home/strain-drone/Documents/drone_position_hold/ros2_ws/install/rqt_mocap4r2_control/bin'
[7.067s] Level 1:colcon.colcon_core.environment:checking '/home/strain-drone/Documents/drone_position_hold/ros2_ws/install/rqt_mocap4r2_control/lib/pkgconfig/rqt_mocap4r2_control.pc'
[7.068s] Level 1:colcon.colcon_core.environment:checking '/home/strain-drone/Documents/drone_position_hold/ros2_ws/install/rqt_mocap4r2_control/lib/python3.12/site-packages'
[7.068s] Level 1:colcon.colcon_core.environment:checking '/home/strain-drone/Documents/drone_position_hold/ros2_ws/install/rqt_mocap4r2_control/bin'
[7.068s] INFO:colcon.colcon_core.shell:Creating package script '/home/strain-drone/Documents/drone_position_hold/ros2_ws/install/rqt_mocap4r2_control/share/rqt_mocap4r2_control/package.ps1'
[7.069s] INFO:colcon.colcon_core.shell:Creating package descriptor '/home/strain-drone/Documents/drone_position_hold/ros2_ws/install/rqt_mocap4r2_control/share/rqt_mocap4r2_control/package.dsv'
[7.070s] INFO:colcon.colcon_core.shell:Creating package script '/home/strain-drone/Documents/drone_position_hold/ros2_ws/install/rqt_mocap4r2_control/share/rqt_mocap4r2_control/package.sh'
[7.070s] INFO:colcon.colcon_core.shell:Creating package script '/home/strain-drone/Documents/drone_position_hold/ros2_ws/install/rqt_mocap4r2_control/share/rqt_mocap4r2_control/package.bash'
[7.071s] INFO:colcon.colcon_core.shell:Creating package script '/home/strain-drone/Documents/drone_position_hold/ros2_ws/install/rqt_mocap4r2_control/share/rqt_mocap4r2_control/package.zsh'
[7.072s] Level 1:colcon.colcon_core.environment:create_file_with_runtime_dependencies(/home/strain-drone/Documents/drone_position_hold/ros2_ws/install/rqt_mocap4r2_control/share/colcon-core/packages/rqt_mocap4r2_control)
[7.532s] DEBUG:colcon.colcon_core.event_handler.log_command:Invoking command in '/home/strain-drone/Documents/drone_position_hold/ros2_ws/src/mocap4r2/mocap4r2cli': CMAKE_PREFIX_PATH=/home/strain-drone/Documents/drone_position_hold/ros2_ws/install/mocap4r2_control_msgs:/home/strain-drone/Documents/drone_position_hold/ros2_ws/install/rqt_mocap4r2_control:/home/strain-drone/Documents/drone_position_hold/ros2_ws/install/natnet_ros2:/home/strain-drone/Documents/drone_position_hold/ros2_ws/install/mocap4r2_vicon_driver:/home/strain-drone/Documents/drone_position_hold/ros2_ws/install/mocap4r2_robot_gt:/home/strain-drone/Documents/drone_position_hold/ros2_ws/install/mocap4r2_robot_gt_msgs:/home/strain-drone/Documents/drone_position_hold/ros2_ws/install/mocap4r2_marker_viz:/home/strain-drone/Documents/drone_position_hold/ros2_ws/install/mocap4r2_marker_publisher:/home/strain-drone/Documents/drone_position_hold/ros2_ws/install/mocap4r2_dummy_driver:/home/strain-drone/Documents/drone_position_hold/ros2_ws/install/mocap4r2_msgs:/home/strain-drone/Documents/drone_position_hold/ros2_ws/install/mocap4r2_marker_viz_srvs:/home/strain-drone/Documents/drone_position_hold/ros2_ws/install/mocap4r2_control:/opt/ros/jazzy/opt/gz_math_vendor:/opt/ros/jazzy/opt/gz_utils_vendor:/opt/ros/jazzy/opt/gz_cmake_vendor DEBUGINFOD_URLS=https://debuginfod.ubuntu.com LD_LIBRARY_PATH=/home/strain-drone/Documents/drone_position_hold/ros2_ws/install/mocap4r2_control_msgs/lib:/home/strain-drone/Documents/drone_position_hold/ros2_ws/install/rqt_mocap4r2_control/lib:/home/strain-drone/Documents/drone_position_hold/ros2_ws/install/natnet_ros2/lib:/home/strain-drone/Documents/drone_position_hold/ros2_ws/install/mocap4r2_vicon_driver/lib:/home/strain-drone/Documents/drone_position_hold/ros2_ws/install/mocap4r2_robot_gt/lib:/home/strain-drone/Documents/drone_position_hold/ros2_ws/install/mocap4r2_robot_gt_msgs/lib:/home/strain-drone/Documents/drone_position_hold/ros2_ws/install/mocap4r2_msgs/lib:/home/strain-drone/Documents/drone_position_hold/ros2_ws/install/mocap4r2_marker_viz_srvs/lib:/home/strain-drone/Documents/drone_position_hold/ros2_ws/install/mocap4r2_control/lib:/opt/ros/jazzy/opt/rviz_ogre_vendor/lib:/opt/ros/jazzy/lib/aarch64-linux-gnu:/opt/ros/jazzy/opt/gz_math_vendor/lib:/opt/ros/jazzy/opt/gz_utils_vendor/lib:/opt/ros/jazzy/opt/gz_cmake_vendor/lib:/opt/ros/jazzy/lib:/home/strain-drone/Documents/drone_position_hold/ros2_ws/src/natnet_ros2/deps/NatNetSDK/lib PS1=(venv-ardupilot) \[\e]0;\u@\h: \w\a\]${debian_chroot:+($debian_chroot)}\[\033[01;32m\]\u@\h\[\033[00m\]:\[\033[01;34m\]\w\[\033[00m\]\$ PYTHONPATH=/home/strain-drone/Documents/drone_position_hold/ros2_ws/build/mocap4r2cli/prefix_override:/usr/lib/python3/dist-packages/colcon_core/task/python/colcon_distutils_commands:/home/strain-drone/Documents/drone_position_hold/ros2_ws/install/mocap4r2cli/lib/python3.12/site-packages:/home/strain-drone/Documents/drone_position_hold/ros2_ws/install/mocap4r2_control_msgs/lib/python3.12/site-packages:/home/strain-drone/Documents/drone_position_hold/ros2_ws/install/visualizer/lib/python3.12/site-packages:/home/strain-drone/Documents/drone_position_hold/ros2_ws/install/position_publisher/lib/python3.12/site-packages:/home/strain-drone/Documents/drone_position_hold/ros2_ws/install/natnet_ros2/lib/python3.12/site-packages:/home/strain-drone/Documents/drone_position_hold/ros2_ws/install/mocap4r2cli/lib/python3.12/site-packages:/home/strain-drone/Documents/drone_position_hold/ros2_ws/install/mocap4r2_robot_gt_msgs/lib/python3.12/site-packages:/home/strain-drone/Documents/drone_position_hold/ros2_ws/install/mocap4r2_msgs/lib/python3.12/site-packages:/home/strain-drone/Documents/drone_position_hold/ros2_ws/install/mocap4r2_marker_viz_srvs/lib/python3.12/site-packages:/home/strain-drone/Documents/drone_position_hold/ros2_ws/install/mavros_config/lib/python3.12/site-packages:/opt/ros/jazzy/lib/python3.12/site-packages VIRTUAL_ENV_PROMPT=(venv-ardupilot) /usr/bin/python3 -W ignore:setup.py install is deprecated -W ignore:easy_install command is deprecated setup.py egg_info --egg-base ../../../build/mocap4r2cli build --build-base /home/strain-drone/Documents/drone_position_hold/ros2_ws/build/mocap4r2cli/build install --record /home/strain-drone/Documents/drone_position_hold/ros2_ws/build/mocap4r2cli/install.log --single-version-externally-managed install_data
[8.334s] Level 1:colcon.colcon_core.environment:checking '/home/strain-drone/Documents/drone_position_hold/ros2_ws/install/mocap4r2cli' for CMake module files
[8.335s] DEBUG:colcon.colcon_core.event_handler.log_command:Invoked command in '/home/strain-drone/Documents/drone_position_hold/ros2_ws/src/mocap4r2/mocap4r2cli' returned '0': CMAKE_PREFIX_PATH=/home/strain-drone/Documents/drone_position_hold/ros2_ws/install/mocap4r2_control_msgs:/home/strain-drone/Documents/drone_position_hold/ros2_ws/install/rqt_mocap4r2_control:/home/strain-drone/Documents/drone_position_hold/ros2_ws/install/natnet_ros2:/home/strain-drone/Documents/drone_position_hold/ros2_ws/install/mocap4r2_vicon_driver:/home/strain-drone/Documents/drone_position_hold/ros2_ws/install/mocap4r2_robot_gt:/home/strain-drone/Documents/drone_position_hold/ros2_ws/install/mocap4r2_robot_gt_msgs:/home/strain-drone/Documents/drone_position_hold/ros2_ws/install/mocap4r2_marker_viz:/home/strain-drone/Documents/drone_position_hold/ros2_ws/install/mocap4r2_marker_publisher:/home/strain-drone/Documents/drone_position_hold/ros2_ws/install/mocap4r2_dummy_driver:/home/strain-drone/Documents/drone_position_hold/ros2_ws/install/mocap4r2_msgs:/home/strain-drone/Documents/drone_position_hold/ros2_ws/install/mocap4r2_marker_viz_srvs:/home/strain-drone/Documents/drone_position_hold/ros2_ws/install/mocap4r2_control:/opt/ros/jazzy/opt/gz_math_vendor:/opt/ros/jazzy/opt/gz_utils_vendor:/opt/ros/jazzy/opt/gz_cmake_vendor DEBUGINFOD_URLS=https://debuginfod.ubuntu.com LD_LIBRARY_PATH=/home/strain-drone/Documents/drone_position_hold/ros2_ws/install/mocap4r2_control_msgs/lib:/home/strain-drone/Documents/drone_position_hold/ros2_ws/install/rqt_mocap4r2_control/lib:/home/strain-drone/Documents/drone_position_hold/ros2_ws/install/natnet_ros2/lib:/home/strain-drone/Documents/drone_position_hold/ros2_ws/install/mocap4r2_vicon_driver/lib:/home/strain-drone/Documents/drone_position_hold/ros2_ws/install/mocap4r2_robot_gt/lib:/home/strain-drone/Documents/drone_position_hold/ros2_ws/install/mocap4r2_robot_gt_msgs/lib:/home/strain-drone/Documents/drone_position_hold/ros2_ws/install/mocap4r2_msgs/lib:/home/strain-drone/Documents/drone_position_hold/ros2_ws/install/mocap4r2_marker_viz_srvs/lib:/home/strain-drone/Documents/drone_position_hold/ros2_ws/install/mocap4r2_control/lib:/opt/ros/jazzy/opt/rviz_ogre_vendor/lib:/opt/ros/jazzy/lib/aarch64-linux-gnu:/opt/ros/jazzy/opt/gz_math_vendor/lib:/opt/ros/jazzy/opt/gz_utils_vendor/lib:/opt/ros/jazzy/opt/gz_cmake_vendor/lib:/opt/ros/jazzy/lib:/home/strain-drone/Documents/drone_position_hold/ros2_ws/src/natnet_ros2/deps/NatNetSDK/lib PS1=(venv-ardupilot) \[\e]0;\u@\h: \w\a\]${debian_chroot:+($debian_chroot)}\[\033[01;32m\]\u@\h\[\033[00m\]:\[\033[01;34m\]\w\[\033[00m\]\$ PYTHONPATH=/home/strain-drone/Documents/drone_position_hold/ros2_ws/build/mocap4r2cli/prefix_override:/usr/lib/python3/dist-packages/colcon_core/task/python/colcon_distutils_commands:/home/strain-drone/Documents/drone_position_hold/ros2_ws/install/mocap4r2cli/lib/python3.12/site-packages:/home/strain-drone/Documents/drone_position_hold/ros2_ws/install/mocap4r2_control_msgs/lib/python3.12/site-packages:/home/strain-drone/Documents/drone_position_hold/ros2_ws/install/visualizer/lib/python3.12/site-packages:/home/strain-drone/Documents/drone_position_hold/ros2_ws/install/position_publisher/lib/python3.12/site-packages:/home/strain-drone/Documents/drone_position_hold/ros2_ws/install/natnet_ros2/lib/python3.12/site-packages:/home/strain-drone/Documents/drone_position_hold/ros2_ws/install/mocap4r2cli/lib/python3.12/site-packages:/home/strain-drone/Documents/drone_position_hold/ros2_ws/install/mocap4r2_robot_gt_msgs/lib/python3.12/site-packages:/home/strain-drone/Documents/drone_position_hold/ros2_ws/install/mocap4r2_msgs/lib/python3.12/site-packages:/home/strain-drone/Documents/drone_position_hold/ros2_ws/install/mocap4r2_marker_viz_srvs/lib/python3.12/site-packages:/home/strain-drone/Documents/drone_position_hold/ros2_ws/install/mavros_config/lib/python3.12/site-packages:/opt/ros/jazzy/lib/python3.12/site-packages VIRTUAL_ENV_PROMPT=(venv-ardupilot) /usr/bin/python3 -W ignore:setup.py install is deprecated -W ignore:easy_install command is deprecated setup.py egg_info --egg-base ../../../build/mocap4r2cli build --build-base /home/strain-drone/Documents/drone_position_hold/ros2_ws/build/mocap4r2cli/build install --record /home/strain-drone/Documents/drone_position_hold/ros2_ws/build/mocap4r2cli/install.log --single-version-externally-managed install_data
[8.335s] Level 1:colcon.colcon_core.environment:checking '/home/strain-drone/Documents/drone_position_hold/ros2_ws/install/mocap4r2cli' for CMake config files
[8.336s] Level 1:colcon.colcon_core.environment:checking '/home/strain-drone/Documents/drone_position_hold/ros2_ws/install/mocap4r2cli/lib'
[8.336s] Level 1:colcon.colcon_core.environment:checking '/home/strain-drone/Documents/drone_position_hold/ros2_ws/install/mocap4r2cli/bin'
[8.336s] Level 1:colcon.colcon_core.environment:checking '/home/strain-drone/Documents/drone_position_hold/ros2_ws/install/mocap4r2cli/lib/pkgconfig/mocap4r2cli.pc'
[8.336s] Level 1:colcon.colcon_core.environment:checking '/home/strain-drone/Documents/drone_position_hold/ros2_ws/install/mocap4r2cli/lib/python3.12/site-packages'
[8.336s] Level 1:colcon.colcon_core.shell:create_environment_hook('mocap4r2cli', 'pythonpath')
[8.337s] INFO:colcon.colcon_core.shell:Creating environment hook '/home/strain-drone/Documents/drone_position_hold/ros2_ws/install/mocap4r2cli/share/mocap4r2cli/hook/pythonpath.ps1'
[8.337s] INFO:colcon.colcon_core.shell:Creating environment descriptor '/home/strain-drone/Documents/drone_position_hold/ros2_ws/install/mocap4r2cli/share/mocap4r2cli/hook/pythonpath.dsv'
[8.339s] INFO:colcon.colcon_core.shell:Creating environment hook '/home/strain-drone/Documents/drone_position_hold/ros2_ws/install/mocap4r2cli/share/mocap4r2cli/hook/pythonpath.sh'
[8.341s] Level 1:colcon.colcon_core.environment:checking '/home/strain-drone/Documents/drone_position_hold/ros2_ws/install/mocap4r2cli/bin'
[8.341s] Level 1:colcon.colcon_core.environment:create_environment_scripts_only(mocap4r2cli)
[8.341s] INFO:colcon.colcon_core.shell:Creating package script '/home/strain-drone/Documents/drone_position_hold/ros2_ws/install/mocap4r2cli/share/mocap4r2cli/package.ps1'
[8.342s] INFO:colcon.colcon_core.shell:Creating package descriptor '/home/strain-drone/Documents/drone_position_hold/ros2_ws/install/mocap4r2cli/share/mocap4r2cli/package.dsv'
[8.344s] INFO:colcon.colcon_core.shell:Creating package script '/home/strain-drone/Documents/drone_position_hold/ros2_ws/install/mocap4r2cli/share/mocap4r2cli/package.sh'
[8.348s] INFO:colcon.colcon_core.shell:Creating package script '/home/strain-drone/Documents/drone_position_hold/ros2_ws/install/mocap4r2cli/share/mocap4r2cli/package.bash'
[8.349s] INFO:colcon.colcon_core.shell:Creating package script '/home/strain-drone/Documents/drone_position_hold/ros2_ws/install/mocap4r2cli/share/mocap4r2cli/package.zsh'
[8.349s] Level 1:colcon.colcon_core.environment:create_file_with_runtime_dependencies(/home/strain-drone/Documents/drone_position_hold/ros2_ws/install/mocap4r2cli/share/colcon-core/packages/mocap4r2cli)
[8.350s] DEBUG:colcon.colcon_parallel_executor.executor.parallel:closing loop
[8.351s] DEBUG:colcon.colcon_parallel_executor.executor.parallel:loop closed
[8.351s] DEBUG:colcon.colcon_parallel_executor.executor.parallel:run_until_complete finished with '0'
[8.351s] DEBUG:colcon.colcon_core.event_reactor:joining thread
[8.361s] INFO:colcon.colcon_core.plugin_system:Skipping extension 'colcon_notification.desktop_notification.terminal_notifier': Not used on non-Darwin systems
[8.361s] INFO:colcon.colcon_core.plugin_system:Skipping extension 'colcon_notification.desktop_notification.win32': Not used on non-Windows systems
[8.361s] INFO:colcon.colcon_notification.desktop_notification:Sending desktop notification using 'notify2'
[8.381s] DEBUG:colcon.colcon_core.event_reactor:joined thread
[8.382s] INFO:colcon.colcon_core.shell:Creating prefix script '/home/strain-drone/Documents/drone_position_hold/ros2_ws/install/local_setup.ps1'
[8.383s] INFO:colcon.colcon_core.shell:Creating prefix util module '/home/strain-drone/Documents/drone_position_hold/ros2_ws/install/_local_setup_util_ps1.py'
[8.385s] INFO:colcon.colcon_core.shell:Creating prefix chain script '/home/strain-drone/Documents/drone_position_hold/ros2_ws/install/setup.ps1'
[8.387s] INFO:colcon.colcon_core.shell:Creating prefix script '/home/strain-drone/Documents/drone_position_hold/ros2_ws/install/local_setup.sh'
[8.388s] INFO:colcon.colcon_core.shell:Creating prefix util module '/home/strain-drone/Documents/drone_position_hold/ros2_ws/install/_local_setup_util_sh.py'
[8.389s] INFO:colcon.colcon_core.shell:Creating prefix chain script '/home/strain-drone/Documents/drone_position_hold/ros2_ws/install/setup.sh'
[8.391s] INFO:colcon.colcon_core.shell:Creating prefix script '/home/strain-drone/Documents/drone_position_hold/ros2_ws/install/local_setup.bash'
[8.393s] INFO:colcon.colcon_core.shell:Creating prefix chain script '/home/strain-drone/Documents/drone_position_hold/ros2_ws/install/setup.bash'
[8.395s] INFO:colcon.colcon_core.shell:Creating prefix script '/home/strain-drone/Documents/drone_position_hold/ros2_ws/install/local_setup.zsh'
[8.396s] INFO:colcon.colcon_core.shell:Creating prefix chain script '/home/strain-drone/Documents/drone_position_hold/ros2_ws/install/setup.zsh'
