[0.154s] DEBUG:colcon:Command line arguments: ['/usr/bin/colcon', 'build']
[0.154s] DEBUG:colcon:Parsed command line arguments: Namespace(log_base=None, log_level=None, verb_name='build', build_base='build', install_base='install', merge_install=False, symlink_install=False, test_result_base=None, continue_on_error=False, executor='parallel', parallel_workers=4, event_handlers=None, ignore_user_meta=False, metas=['./colcon.meta'], base_paths=['.'], packages_ignore=None, packages_ignore_regex=None, paths=None, packages_up_to=None, packages_up_to_regex=None, packages_above=None, packages_above_and_dependencies=None, packages_above_depth=None, packages_select_by_dep=None, packages_skip_by_dep=None, packages_skip_up_to=None, packages_select_build_failed=False, packages_skip_build_finished=False, packages_select_test_failures=False, packages_skip_test_passed=False, packages_select=None, packages_skip=None, packages_select_regex=None, packages_skip_regex=None, packages_start=None, packages_end=None, allow_overriding=[], cmake_args=None, cmake_target=None, cmake_target_skip_unavailable=False, cmake_clean_cache=False, cmake_clean_first=False, cmake_force_configure=False, ament_cmake_args=None, catkin_cmake_args=None, catkin_skip_building_tests=False, mixin_files=None, mixin=None, verb_parser=<colcon_mixin.mixin.mixin_argument.MixinArgumentDecorator object at 0xffffaf7c57c0>, verb_extension=<colcon_core.verb.build.BuildVerb object at 0xffffaf96dd00>, main=<bound method BuildVerb.main of <colcon_core.verb.build.BuildVerb object at 0xffffaf96dd00>>, mixin_verb=('build',))
[0.211s] Level 1:colcon.colcon_core.package_discovery:discover_packages(colcon_meta) check parameters
[0.211s] Level 1:colcon.colcon_core.package_discovery:discover_packages(recursive) check parameters
[0.211s] Level 1:colcon.colcon_core.package_discovery:discover_packages(ignore) check parameters
[0.211s] Level 1:colcon.colcon_core.package_discovery:discover_packages(path) check parameters
[0.211s] Level 1:colcon.colcon_core.package_discovery:discover_packages(colcon_meta) discover
[0.212s] Level 1:colcon.colcon_core.package_discovery:discover_packages(recursive) discover
[0.212s] INFO:colcon.colcon_core.package_discovery:Crawling recursively for packages in '/home/strain-drone/Documents/drone_position_hold/ros2_ws'
[0.212s] Level 1:colcon.colcon_core.package_identification:_identify(.) by extensions ['ignore', 'ignore_ament_install']
[0.212s] Level 1:colcon.colcon_core.package_identification:_identify(.) by extension 'ignore'
[0.212s] Level 1:colcon.colcon_core.package_identification:_identify(.) by extension 'ignore_ament_install'
[0.212s] Level 1:colcon.colcon_core.package_identification:_identify(.) by extensions ['colcon_pkg']
[0.212s] Level 1:colcon.colcon_core.package_identification:_identify(.) by extension 'colcon_pkg'
[0.212s] Level 1:colcon.colcon_core.package_identification:_identify(.) by extensions ['colcon_meta']
[0.212s] Level 1:colcon.colcon_core.package_identification:_identify(.) by extension 'colcon_meta'
[0.212s] Level 1:colcon.colcon_core.package_identification:_identify(.) by extensions ['ros']
[0.212s] Level 1:colcon.colcon_core.package_identification:_identify(.) by extension 'ros'
[0.251s] Level 1:colcon.colcon_core.package_identification:_identify(.) by extensions ['cmake', 'python']
[0.251s] Level 1:colcon.colcon_core.package_identification:_identify(.) by extension 'cmake'
[0.251s] Level 1:colcon.colcon_core.package_identification:_identify(.) by extension 'python'
[0.251s] Level 1:colcon.colcon_core.package_identification:_identify(.) by extensions ['python_setup_py']
[0.251s] Level 1:colcon.colcon_core.package_identification:_identify(.) by extension 'python_setup_py'
[0.251s] Level 1:colcon.colcon_core.package_identification:_identify(build) by extensions ['ignore', 'ignore_ament_install']
[0.251s] Level 1:colcon.colcon_core.package_identification:_identify(build) by extension 'ignore'
[0.251s] Level 1:colcon.colcon_core.package_identification:_identify(build) ignored
[0.252s] Level 1:colcon.colcon_core.package_identification:_identify(install) by extensions ['ignore', 'ignore_ament_install']
[0.252s] Level 1:colcon.colcon_core.package_identification:_identify(install) by extension 'ignore'
[0.252s] Level 1:colcon.colcon_core.package_identification:_identify(install) ignored
[0.252s] Level 1:colcon.colcon_core.package_identification:_identify(log) by extensions ['ignore', 'ignore_ament_install']
[0.252s] Level 1:colcon.colcon_core.package_identification:_identify(log) by extension 'ignore'
[0.252s] Level 1:colcon.colcon_core.package_identification:_identify(log) ignored
[0.252s] Level 1:colcon.colcon_core.package_identification:_identify(src) by extensions ['ignore', 'ignore_ament_install']
[0.252s] Level 1:colcon.colcon_core.package_identification:_identify(src) by extension 'ignore'
[0.252s] Level 1:colcon.colcon_core.package_identification:_identify(src) by extension 'ignore_ament_install'
[0.252s] Level 1:colcon.colcon_core.package_identification:_identify(src) by extensions ['colcon_pkg']
[0.252s] Level 1:colcon.colcon_core.package_identification:_identify(src) by extension 'colcon_pkg'
[0.252s] Level 1:colcon.colcon_core.package_identification:_identify(src) by extensions ['colcon_meta']
[0.252s] Level 1:colcon.colcon_core.package_identification:_identify(src) by extension 'colcon_meta'
[0.252s] Level 1:colcon.colcon_core.package_identification:_identify(src) by extensions ['ros']
[0.253s] Level 1:colcon.colcon_core.package_identification:_identify(src) by extension 'ros'
[0.253s] Level 1:colcon.colcon_core.package_identification:_identify(src) by extensions ['cmake', 'python']
[0.253s] Level 1:colcon.colcon_core.package_identification:_identify(src) by extension 'cmake'
[0.253s] Level 1:colcon.colcon_core.package_identification:_identify(src) by extension 'python'
[0.253s] Level 1:colcon.colcon_core.package_identification:_identify(src) by extensions ['python_setup_py']
[0.253s] Level 1:colcon.colcon_core.package_identification:_identify(src) by extension 'python_setup_py'
[0.253s] Level 1:colcon.colcon_core.package_identification:_identify(src/build) by extensions ['ignore', 'ignore_ament_install']
[0.253s] Level 1:colcon.colcon_core.package_identification:_identify(src/build) by extension 'ignore'
[0.253s] Level 1:colcon.colcon_core.package_identification:_identify(src/build) ignored
[0.253s] Level 1:colcon.colcon_core.package_identification:_identify(src/install) by extensions ['ignore', 'ignore_ament_install']
[0.253s] Level 1:colcon.colcon_core.package_identification:_identify(src/install) by extension 'ignore'
[0.253s] Level 1:colcon.colcon_core.package_identification:_identify(src/install) ignored
[0.253s] Level 1:colcon.colcon_core.package_identification:_identify(src/log) by extensions ['ignore', 'ignore_ament_install']
[0.253s] Level 1:colcon.colcon_core.package_identification:_identify(src/log) by extension 'ignore'
[0.254s] Level 1:colcon.colcon_core.package_identification:_identify(src/log) ignored
[0.254s] Level 1:colcon.colcon_core.package_identification:_identify(src/mavros_config) by extensions ['ignore', 'ignore_ament_install']
[0.254s] Level 1:colcon.colcon_core.package_identification:_identify(src/mavros_config) by extension 'ignore'
[0.254s] Level 1:colcon.colcon_core.package_identification:_identify(src/mavros_config) by extension 'ignore_ament_install'
[0.254s] Level 1:colcon.colcon_core.package_identification:_identify(src/mavros_config) by extensions ['colcon_pkg']
[0.254s] Level 1:colcon.colcon_core.package_identification:_identify(src/mavros_config) by extension 'colcon_pkg'
[0.254s] Level 1:colcon.colcon_core.package_identification:_identify(src/mavros_config) by extensions ['colcon_meta']
[0.254s] Level 1:colcon.colcon_core.package_identification:_identify(src/mavros_config) by extension 'colcon_meta'
[0.254s] Level 1:colcon.colcon_core.package_identification:_identify(src/mavros_config) by extensions ['ros']
[0.254s] Level 1:colcon.colcon_core.package_identification:_identify(src/mavros_config) by extension 'ros'
[0.257s] DEBUG:colcon.colcon_core.package_identification:Package 'src/mavros_config' with type 'ros.ament_python' and name 'mavros_config'
[0.257s] Level 1:colcon.colcon_core.package_identification:_identify(src/mocap4r2) by extensions ['ignore', 'ignore_ament_install']
[0.257s] Level 1:colcon.colcon_core.package_identification:_identify(src/mocap4r2) by extension 'ignore'
[0.257s] Level 1:colcon.colcon_core.package_identification:_identify(src/mocap4r2) by extension 'ignore_ament_install'
[0.258s] Level 1:colcon.colcon_core.package_identification:_identify(src/mocap4r2) by extensions ['colcon_pkg']
[0.258s] Level 1:colcon.colcon_core.package_identification:_identify(src/mocap4r2) by extension 'colcon_pkg'
[0.258s] Level 1:colcon.colcon_core.package_identification:_identify(src/mocap4r2) by extensions ['colcon_meta']
[0.258s] Level 1:colcon.colcon_core.package_identification:_identify(src/mocap4r2) by extension 'colcon_meta'
[0.258s] Level 1:colcon.colcon_core.package_identification:_identify(src/mocap4r2) by extensions ['ros']
[0.258s] Level 1:colcon.colcon_core.package_identification:_identify(src/mocap4r2) by extension 'ros'
[0.258s] Level 1:colcon.colcon_core.package_identification:_identify(src/mocap4r2) by extensions ['cmake', 'python']
[0.258s] Level 1:colcon.colcon_core.package_identification:_identify(src/mocap4r2) by extension 'cmake'
[0.258s] Level 1:colcon.colcon_core.package_identification:_identify(src/mocap4r2) by extension 'python'
[0.258s] Level 1:colcon.colcon_core.package_identification:_identify(src/mocap4r2) by extensions ['python_setup_py']
[0.258s] Level 1:colcon.colcon_core.package_identification:_identify(src/mocap4r2) by extension 'python_setup_py'
[0.258s] Level 1:colcon.colcon_core.package_identification:_identify(src/mocap4r2/mocap4r2_control) by extensions ['ignore', 'ignore_ament_install']
[0.258s] Level 1:colcon.colcon_core.package_identification:_identify(src/mocap4r2/mocap4r2_control) by extension 'ignore'
[0.258s] Level 1:colcon.colcon_core.package_identification:_identify(src/mocap4r2/mocap4r2_control) by extension 'ignore_ament_install'
[0.258s] Level 1:colcon.colcon_core.package_identification:_identify(src/mocap4r2/mocap4r2_control) by extensions ['colcon_pkg']
[0.258s] Level 1:colcon.colcon_core.package_identification:_identify(src/mocap4r2/mocap4r2_control) by extension 'colcon_pkg'
[0.258s] Level 1:colcon.colcon_core.package_identification:_identify(src/mocap4r2/mocap4r2_control) by extensions ['colcon_meta']
[0.258s] Level 1:colcon.colcon_core.package_identification:_identify(src/mocap4r2/mocap4r2_control) by extension 'colcon_meta'
[0.258s] Level 1:colcon.colcon_core.package_identification:_identify(src/mocap4r2/mocap4r2_control) by extensions ['ros']
[0.258s] Level 1:colcon.colcon_core.package_identification:_identify(src/mocap4r2/mocap4r2_control) by extension 'ros'
[0.259s] Level 1:colcon.colcon_core.package_identification:_identify(src/mocap4r2/mocap4r2_control) by extensions ['cmake', 'python']
[0.259s] Level 1:colcon.colcon_core.package_identification:_identify(src/mocap4r2/mocap4r2_control) by extension 'cmake'
[0.259s] Level 1:colcon.colcon_core.package_identification:_identify(src/mocap4r2/mocap4r2_control) by extension 'python'
[0.259s] Level 1:colcon.colcon_core.package_identification:_identify(src/mocap4r2/mocap4r2_control) by extensions ['python_setup_py']
[0.259s] Level 1:colcon.colcon_core.package_identification:_identify(src/mocap4r2/mocap4r2_control) by extension 'python_setup_py'
[0.259s] Level 1:colcon.colcon_core.package_identification:_identify(src/mocap4r2/mocap4r2_control/mocap4r2_control) by extensions ['ignore', 'ignore_ament_install']
[0.259s] Level 1:colcon.colcon_core.package_identification:_identify(src/mocap4r2/mocap4r2_control/mocap4r2_control) by extension 'ignore'
[0.259s] Level 1:colcon.colcon_core.package_identification:_identify(src/mocap4r2/mocap4r2_control/mocap4r2_control) by extension 'ignore_ament_install'
[0.259s] Level 1:colcon.colcon_core.package_identification:_identify(src/mocap4r2/mocap4r2_control/mocap4r2_control) by extensions ['colcon_pkg']
[0.259s] Level 1:colcon.colcon_core.package_identification:_identify(src/mocap4r2/mocap4r2_control/mocap4r2_control) by extension 'colcon_pkg'
[0.259s] Level 1:colcon.colcon_core.package_identification:_identify(src/mocap4r2/mocap4r2_control/mocap4r2_control) by extensions ['colcon_meta']
[0.259s] Level 1:colcon.colcon_core.package_identification:_identify(src/mocap4r2/mocap4r2_control/mocap4r2_control) by extension 'colcon_meta'
[0.259s] Level 1:colcon.colcon_core.package_identification:_identify(src/mocap4r2/mocap4r2_control/mocap4r2_control) by extensions ['ros']
[0.259s] Level 1:colcon.colcon_core.package_identification:_identify(src/mocap4r2/mocap4r2_control/mocap4r2_control) by extension 'ros'
[0.260s] DEBUG:colcon.colcon_core.package_identification:Package 'src/mocap4r2/mocap4r2_control/mocap4r2_control' with type 'ros.ament_cmake' and name 'mocap4r2_control'
[0.260s] Level 1:colcon.colcon_core.package_identification:_identify(src/mocap4r2/mocap4r2_control/mocap4r2_control_msgs) by extensions ['ignore', 'ignore_ament_install']
[0.260s] Level 1:colcon.colcon_core.package_identification:_identify(src/mocap4r2/mocap4r2_control/mocap4r2_control_msgs) by extension 'ignore'
[0.260s] Level 1:colcon.colcon_core.package_identification:_identify(src/mocap4r2/mocap4r2_control/mocap4r2_control_msgs) by extension 'ignore_ament_install'
[0.260s] Level 1:colcon.colcon_core.package_identification:_identify(src/mocap4r2/mocap4r2_control/mocap4r2_control_msgs) by extensions ['colcon_pkg']
[0.260s] Level 1:colcon.colcon_core.package_identification:_identify(src/mocap4r2/mocap4r2_control/mocap4r2_control_msgs) by extension 'colcon_pkg'
[0.260s] Level 1:colcon.colcon_core.package_identification:_identify(src/mocap4r2/mocap4r2_control/mocap4r2_control_msgs) by extensions ['colcon_meta']
[0.260s] Level 1:colcon.colcon_core.package_identification:_identify(src/mocap4r2/mocap4r2_control/mocap4r2_control_msgs) by extension 'colcon_meta'
[0.261s] Level 1:colcon.colcon_core.package_identification:_identify(src/mocap4r2/mocap4r2_control/mocap4r2_control_msgs) by extensions ['ros']
[0.261s] Level 1:colcon.colcon_core.package_identification:_identify(src/mocap4r2/mocap4r2_control/mocap4r2_control_msgs) by extension 'ros'
[0.261s] DEBUG:colcon.colcon_core.package_identification:Package 'src/mocap4r2/mocap4r2_control/mocap4r2_control_msgs' with type 'ros.ament_cmake' and name 'mocap4r2_control_msgs'
[0.261s] Level 1:colcon.colcon_core.package_identification:_identify(src/mocap4r2/mocap4r2_control/rqt_mocap4r2_control) by extensions ['ignore', 'ignore_ament_install']
[0.262s] Level 1:colcon.colcon_core.package_identification:_identify(src/mocap4r2/mocap4r2_control/rqt_mocap4r2_control) by extension 'ignore'
[0.262s] Level 1:colcon.colcon_core.package_identification:_identify(src/mocap4r2/mocap4r2_control/rqt_mocap4r2_control) by extension 'ignore_ament_install'
[0.262s] Level 1:colcon.colcon_core.package_identification:_identify(src/mocap4r2/mocap4r2_control/rqt_mocap4r2_control) by extensions ['colcon_pkg']
[0.262s] Level 1:colcon.colcon_core.package_identification:_identify(src/mocap4r2/mocap4r2_control/rqt_mocap4r2_control) by extension 'colcon_pkg'
[0.262s] Level 1:colcon.colcon_core.package_identification:_identify(src/mocap4r2/mocap4r2_control/rqt_mocap4r2_control) by extensions ['colcon_meta']
[0.262s] Level 1:colcon.colcon_core.package_identification:_identify(src/mocap4r2/mocap4r2_control/rqt_mocap4r2_control) by extension 'colcon_meta'
[0.262s] Level 1:colcon.colcon_core.package_identification:_identify(src/mocap4r2/mocap4r2_control/rqt_mocap4r2_control) by extensions ['ros']
[0.262s] Level 1:colcon.colcon_core.package_identification:_identify(src/mocap4r2/mocap4r2_control/rqt_mocap4r2_control) by extension 'ros'
[0.263s] DEBUG:colcon.colcon_core.package_identification:Package 'src/mocap4r2/mocap4r2_control/rqt_mocap4r2_control' with type 'ros.ament_cmake' and name 'rqt_mocap4r2_control'
[0.263s] Level 1:colcon.colcon_core.package_identification:_identify(src/mocap4r2/mocap4r2_dummy_driver) by extensions ['ignore', 'ignore_ament_install']
[0.263s] Level 1:colcon.colcon_core.package_identification:_identify(src/mocap4r2/mocap4r2_dummy_driver) by extension 'ignore'
[0.263s] Level 1:colcon.colcon_core.package_identification:_identify(src/mocap4r2/mocap4r2_dummy_driver) by extension 'ignore_ament_install'
[0.263s] Level 1:colcon.colcon_core.package_identification:_identify(src/mocap4r2/mocap4r2_dummy_driver) by extensions ['colcon_pkg']
[0.263s] Level 1:colcon.colcon_core.package_identification:_identify(src/mocap4r2/mocap4r2_dummy_driver) by extension 'colcon_pkg'
[0.263s] Level 1:colcon.colcon_core.package_identification:_identify(src/mocap4r2/mocap4r2_dummy_driver) by extensions ['colcon_meta']
[0.263s] Level 1:colcon.colcon_core.package_identification:_identify(src/mocap4r2/mocap4r2_dummy_driver) by extension 'colcon_meta'
[0.263s] Level 1:colcon.colcon_core.package_identification:_identify(src/mocap4r2/mocap4r2_dummy_driver) by extensions ['ros']
[0.264s] Level 1:colcon.colcon_core.package_identification:_identify(src/mocap4r2/mocap4r2_dummy_driver) by extension 'ros'
[0.264s] DEBUG:colcon.colcon_core.package_identification:Package 'src/mocap4r2/mocap4r2_dummy_driver' with type 'ros.ament_cmake' and name 'mocap4r2_dummy_driver'
[0.264s] Level 1:colcon.colcon_core.package_identification:_identify(src/mocap4r2/mocap4r2_marker_viz) by extensions ['ignore', 'ignore_ament_install']
[0.264s] Level 1:colcon.colcon_core.package_identification:_identify(src/mocap4r2/mocap4r2_marker_viz) by extension 'ignore'
[0.264s] Level 1:colcon.colcon_core.package_identification:_identify(src/mocap4r2/mocap4r2_marker_viz) by extension 'ignore_ament_install'
[0.265s] Level 1:colcon.colcon_core.package_identification:_identify(src/mocap4r2/mocap4r2_marker_viz) by extensions ['colcon_pkg']
[0.265s] Level 1:colcon.colcon_core.package_identification:_identify(src/mocap4r2/mocap4r2_marker_viz) by extension 'colcon_pkg'
[0.265s] Level 1:colcon.colcon_core.package_identification:_identify(src/mocap4r2/mocap4r2_marker_viz) by extensions ['colcon_meta']
[0.265s] Level 1:colcon.colcon_core.package_identification:_identify(src/mocap4r2/mocap4r2_marker_viz) by extension 'colcon_meta'
[0.265s] Level 1:colcon.colcon_core.package_identification:_identify(src/mocap4r2/mocap4r2_marker_viz) by extensions ['ros']
[0.265s] Level 1:colcon.colcon_core.package_identification:_identify(src/mocap4r2/mocap4r2_marker_viz) by extension 'ros'
[0.265s] Level 1:colcon.colcon_core.package_identification:_identify(src/mocap4r2/mocap4r2_marker_viz) by extensions ['cmake', 'python']
[0.265s] Level 1:colcon.colcon_core.package_identification:_identify(src/mocap4r2/mocap4r2_marker_viz) by extension 'cmake'
[0.265s] Level 1:colcon.colcon_core.package_identification:_identify(src/mocap4r2/mocap4r2_marker_viz) by extension 'python'
[0.265s] Level 1:colcon.colcon_core.package_identification:_identify(src/mocap4r2/mocap4r2_marker_viz) by extensions ['python_setup_py']
[0.265s] Level 1:colcon.colcon_core.package_identification:_identify(src/mocap4r2/mocap4r2_marker_viz) by extension 'python_setup_py'
[0.265s] Level 1:colcon.colcon_core.package_identification:_identify(src/mocap4r2/mocap4r2_marker_viz/mocap4r2_marker_publisher) by extensions ['ignore', 'ignore_ament_install']
[0.265s] Level 1:colcon.colcon_core.package_identification:_identify(src/mocap4r2/mocap4r2_marker_viz/mocap4r2_marker_publisher) by extension 'ignore'
[0.265s] Level 1:colcon.colcon_core.package_identification:_identify(src/mocap4r2/mocap4r2_marker_viz/mocap4r2_marker_publisher) by extension 'ignore_ament_install'
[0.265s] Level 1:colcon.colcon_core.package_identification:_identify(src/mocap4r2/mocap4r2_marker_viz/mocap4r2_marker_publisher) by extensions ['colcon_pkg']
[0.265s] Level 1:colcon.colcon_core.package_identification:_identify(src/mocap4r2/mocap4r2_marker_viz/mocap4r2_marker_publisher) by extension 'colcon_pkg'
[0.265s] Level 1:colcon.colcon_core.package_identification:_identify(src/mocap4r2/mocap4r2_marker_viz/mocap4r2_marker_publisher) by extensions ['colcon_meta']
[0.265s] Level 1:colcon.colcon_core.package_identification:_identify(src/mocap4r2/mocap4r2_marker_viz/mocap4r2_marker_publisher) by extension 'colcon_meta'
[0.265s] Level 1:colcon.colcon_core.package_identification:_identify(src/mocap4r2/mocap4r2_marker_viz/mocap4r2_marker_publisher) by extensions ['ros']
[0.265s] Level 1:colcon.colcon_core.package_identification:_identify(src/mocap4r2/mocap4r2_marker_viz/mocap4r2_marker_publisher) by extension 'ros'
[0.266s] DEBUG:colcon.colcon_core.package_identification:Package 'src/mocap4r2/mocap4r2_marker_viz/mocap4r2_marker_publisher' with type 'ros.ament_cmake' and name 'mocap4r2_marker_publisher'
[0.266s] Level 1:colcon.colcon_core.package_identification:_identify(src/mocap4r2/mocap4r2_marker_viz/mocap4r2_marker_viz) by extensions ['ignore', 'ignore_ament_install']
[0.266s] Level 1:colcon.colcon_core.package_identification:_identify(src/mocap4r2/mocap4r2_marker_viz/mocap4r2_marker_viz) by extension 'ignore'
[0.266s] Level 1:colcon.colcon_core.package_identification:_identify(src/mocap4r2/mocap4r2_marker_viz/mocap4r2_marker_viz) by extension 'ignore_ament_install'
[0.266s] Level 1:colcon.colcon_core.package_identification:_identify(src/mocap4r2/mocap4r2_marker_viz/mocap4r2_marker_viz) by extensions ['colcon_pkg']
[0.266s] Level 1:colcon.colcon_core.package_identification:_identify(src/mocap4r2/mocap4r2_marker_viz/mocap4r2_marker_viz) by extension 'colcon_pkg'
[0.266s] Level 1:colcon.colcon_core.package_identification:_identify(src/mocap4r2/mocap4r2_marker_viz/mocap4r2_marker_viz) by extensions ['colcon_meta']
[0.266s] Level 1:colcon.colcon_core.package_identification:_identify(src/mocap4r2/mocap4r2_marker_viz/mocap4r2_marker_viz) by extension 'colcon_meta'
[0.266s] Level 1:colcon.colcon_core.package_identification:_identify(src/mocap4r2/mocap4r2_marker_viz/mocap4r2_marker_viz) by extensions ['ros']
[0.267s] Level 1:colcon.colcon_core.package_identification:_identify(src/mocap4r2/mocap4r2_marker_viz/mocap4r2_marker_viz) by extension 'ros'
[0.267s] DEBUG:colcon.colcon_core.package_identification:Package 'src/mocap4r2/mocap4r2_marker_viz/mocap4r2_marker_viz' with type 'ros.ament_cmake' and name 'mocap4r2_marker_viz'
[0.267s] Level 1:colcon.colcon_core.package_identification:_identify(src/mocap4r2/mocap4r2_marker_viz/mocap4r2_marker_viz_srvs) by extensions ['ignore', 'ignore_ament_install']
[0.267s] Level 1:colcon.colcon_core.package_identification:_identify(src/mocap4r2/mocap4r2_marker_viz/mocap4r2_marker_viz_srvs) by extension 'ignore'
[0.268s] Level 1:colcon.colcon_core.package_identification:_identify(src/mocap4r2/mocap4r2_marker_viz/mocap4r2_marker_viz_srvs) by extension 'ignore_ament_install'
[0.268s] Level 1:colcon.colcon_core.package_identification:_identify(src/mocap4r2/mocap4r2_marker_viz/mocap4r2_marker_viz_srvs) by extensions ['colcon_pkg']
[0.268s] Level 1:colcon.colcon_core.package_identification:_identify(src/mocap4r2/mocap4r2_marker_viz/mocap4r2_marker_viz_srvs) by extension 'colcon_pkg'
[0.268s] Level 1:colcon.colcon_core.package_identification:_identify(src/mocap4r2/mocap4r2_marker_viz/mocap4r2_marker_viz_srvs) by extensions ['colcon_meta']
[0.268s] Level 1:colcon.colcon_core.package_identification:_identify(src/mocap4r2/mocap4r2_marker_viz/mocap4r2_marker_viz_srvs) by extension 'colcon_meta'
[0.268s] Level 1:colcon.colcon_core.package_identification:_identify(src/mocap4r2/mocap4r2_marker_viz/mocap4r2_marker_viz_srvs) by extensions ['ros']
[0.268s] Level 1:colcon.colcon_core.package_identification:_identify(src/mocap4r2/mocap4r2_marker_viz/mocap4r2_marker_viz_srvs) by extension 'ros'
[0.268s] DEBUG:colcon.colcon_core.package_identification:Package 'src/mocap4r2/mocap4r2_marker_viz/mocap4r2_marker_viz_srvs' with type 'ros.ament_cmake' and name 'mocap4r2_marker_viz_srvs'
[0.268s] Level 1:colcon.colcon_core.package_identification:_identify(src/mocap4r2/mocap4r2_robot_gt) by extensions ['ignore', 'ignore_ament_install']
[0.269s] Level 1:colcon.colcon_core.package_identification:_identify(src/mocap4r2/mocap4r2_robot_gt) by extension 'ignore'
[0.269s] Level 1:colcon.colcon_core.package_identification:_identify(src/mocap4r2/mocap4r2_robot_gt) by extension 'ignore_ament_install'
[0.269s] Level 1:colcon.colcon_core.package_identification:_identify(src/mocap4r2/mocap4r2_robot_gt) by extensions ['colcon_pkg']
[0.269s] Level 1:colcon.colcon_core.package_identification:_identify(src/mocap4r2/mocap4r2_robot_gt) by extension 'colcon_pkg'
[0.269s] Level 1:colcon.colcon_core.package_identification:_identify(src/mocap4r2/mocap4r2_robot_gt) by extensions ['colcon_meta']
[0.269s] Level 1:colcon.colcon_core.package_identification:_identify(src/mocap4r2/mocap4r2_robot_gt) by extension 'colcon_meta'
[0.269s] Level 1:colcon.colcon_core.package_identification:_identify(src/mocap4r2/mocap4r2_robot_gt) by extensions ['ros']
[0.269s] Level 1:colcon.colcon_core.package_identification:_identify(src/mocap4r2/mocap4r2_robot_gt) by extension 'ros'
[0.269s] Level 1:colcon.colcon_core.package_identification:_identify(src/mocap4r2/mocap4r2_robot_gt) by extensions ['cmake', 'python']
[0.269s] Level 1:colcon.colcon_core.package_identification:_identify(src/mocap4r2/mocap4r2_robot_gt) by extension 'cmake'
[0.269s] Level 1:colcon.colcon_core.package_identification:_identify(src/mocap4r2/mocap4r2_robot_gt) by extension 'python'
[0.269s] Level 1:colcon.colcon_core.package_identification:_identify(src/mocap4r2/mocap4r2_robot_gt) by extensions ['python_setup_py']
[0.269s] Level 1:colcon.colcon_core.package_identification:_identify(src/mocap4r2/mocap4r2_robot_gt) by extension 'python_setup_py'
[0.269s] Level 1:colcon.colcon_core.package_identification:_identify(src/mocap4r2/mocap4r2_robot_gt/mocap4r2_robot_gt) by extensions ['ignore', 'ignore_ament_install']
[0.269s] Level 1:colcon.colcon_core.package_identification:_identify(src/mocap4r2/mocap4r2_robot_gt/mocap4r2_robot_gt) by extension 'ignore'
[0.269s] Level 1:colcon.colcon_core.package_identification:_identify(src/mocap4r2/mocap4r2_robot_gt/mocap4r2_robot_gt) by extension 'ignore_ament_install'
[0.269s] Level 1:colcon.colcon_core.package_identification:_identify(src/mocap4r2/mocap4r2_robot_gt/mocap4r2_robot_gt) by extensions ['colcon_pkg']
[0.269s] Level 1:colcon.colcon_core.package_identification:_identify(src/mocap4r2/mocap4r2_robot_gt/mocap4r2_robot_gt) by extension 'colcon_pkg'
[0.270s] Level 1:colcon.colcon_core.package_identification:_identify(src/mocap4r2/mocap4r2_robot_gt/mocap4r2_robot_gt) by extensions ['colcon_meta']
[0.270s] Level 1:colcon.colcon_core.package_identification:_identify(src/mocap4r2/mocap4r2_robot_gt/mocap4r2_robot_gt) by extension 'colcon_meta'
[0.270s] Level 1:colcon.colcon_core.package_identification:_identify(src/mocap4r2/mocap4r2_robot_gt/mocap4r2_robot_gt) by extensions ['ros']
[0.270s] Level 1:colcon.colcon_core.package_identification:_identify(src/mocap4r2/mocap4r2_robot_gt/mocap4r2_robot_gt) by extension 'ros'
[0.271s] DEBUG:colcon.colcon_core.package_identification:Package 'src/mocap4r2/mocap4r2_robot_gt/mocap4r2_robot_gt' with type 'ros.ament_cmake' and name 'mocap4r2_robot_gt'
[0.271s] Level 1:colcon.colcon_core.package_identification:_identify(src/mocap4r2/mocap4r2_robot_gt/mocap4r2_robot_gt_msgs) by extensions ['ignore', 'ignore_ament_install']
[0.271s] Level 1:colcon.colcon_core.package_identification:_identify(src/mocap4r2/mocap4r2_robot_gt/mocap4r2_robot_gt_msgs) by extension 'ignore'
[0.271s] Level 1:colcon.colcon_core.package_identification:_identify(src/mocap4r2/mocap4r2_robot_gt/mocap4r2_robot_gt_msgs) by extension 'ignore_ament_install'
[0.271s] Level 1:colcon.colcon_core.package_identification:_identify(src/mocap4r2/mocap4r2_robot_gt/mocap4r2_robot_gt_msgs) by extensions ['colcon_pkg']
[0.271s] Level 1:colcon.colcon_core.package_identification:_identify(src/mocap4r2/mocap4r2_robot_gt/mocap4r2_robot_gt_msgs) by extension 'colcon_pkg'
[0.271s] Level 1:colcon.colcon_core.package_identification:_identify(src/mocap4r2/mocap4r2_robot_gt/mocap4r2_robot_gt_msgs) by extensions ['colcon_meta']
[0.271s] Level 1:colcon.colcon_core.package_identification:_identify(src/mocap4r2/mocap4r2_robot_gt/mocap4r2_robot_gt_msgs) by extension 'colcon_meta'
[0.271s] Level 1:colcon.colcon_core.package_identification:_identify(src/mocap4r2/mocap4r2_robot_gt/mocap4r2_robot_gt_msgs) by extensions ['ros']
[0.271s] Level 1:colcon.colcon_core.package_identification:_identify(src/mocap4r2/mocap4r2_robot_gt/mocap4r2_robot_gt_msgs) by extension 'ros'
[0.272s] DEBUG:colcon.colcon_core.package_identification:Package 'src/mocap4r2/mocap4r2_robot_gt/mocap4r2_robot_gt_msgs' with type 'ros.ament_cmake' and name 'mocap4r2_robot_gt_msgs'
[0.272s] Level 1:colcon.colcon_core.package_identification:_identify(src/mocap4r2/mocap4r2cli) by extensions ['ignore', 'ignore_ament_install']
[0.272s] Level 1:colcon.colcon_core.package_identification:_identify(src/mocap4r2/mocap4r2cli) by extension 'ignore'
[0.272s] Level 1:colcon.colcon_core.package_identification:_identify(src/mocap4r2/mocap4r2cli) by extension 'ignore_ament_install'
[0.272s] Level 1:colcon.colcon_core.package_identification:_identify(src/mocap4r2/mocap4r2cli) by extensions ['colcon_pkg']
[0.272s] Level 1:colcon.colcon_core.package_identification:_identify(src/mocap4r2/mocap4r2cli) by extension 'colcon_pkg'
[0.272s] Level 1:colcon.colcon_core.package_identification:_identify(src/mocap4r2/mocap4r2cli) by extensions ['colcon_meta']
[0.272s] Level 1:colcon.colcon_core.package_identification:_identify(src/mocap4r2/mocap4r2cli) by extension 'colcon_meta'
[0.272s] Level 1:colcon.colcon_core.package_identification:_identify(src/mocap4r2/mocap4r2cli) by extensions ['ros']
[0.272s] Level 1:colcon.colcon_core.package_identification:_identify(src/mocap4r2/mocap4r2cli) by extension 'ros'
[0.273s] DEBUG:colcon.colcon_core.package_identification:Package 'src/mocap4r2/mocap4r2cli' with type 'ros.ament_python' and name 'mocap4r2cli'
[0.273s] Level 1:colcon.colcon_core.package_identification:_identify(src/mocap4r2_msgs) by extensions ['ignore', 'ignore_ament_install']
[0.273s] Level 1:colcon.colcon_core.package_identification:_identify(src/mocap4r2_msgs) by extension 'ignore'
[0.273s] Level 1:colcon.colcon_core.package_identification:_identify(src/mocap4r2_msgs) by extension 'ignore_ament_install'
[0.273s] Level 1:colcon.colcon_core.package_identification:_identify(src/mocap4r2_msgs) by extensions ['colcon_pkg']
[0.273s] Level 1:colcon.colcon_core.package_identification:_identify(src/mocap4r2_msgs) by extension 'colcon_pkg'
[0.273s] Level 1:colcon.colcon_core.package_identification:_identify(src/mocap4r2_msgs) by extensions ['colcon_meta']
[0.273s] Level 1:colcon.colcon_core.package_identification:_identify(src/mocap4r2_msgs) by extension 'colcon_meta'
[0.273s] Level 1:colcon.colcon_core.package_identification:_identify(src/mocap4r2_msgs) by extensions ['ros']
[0.273s] Level 1:colcon.colcon_core.package_identification:_identify(src/mocap4r2_msgs) by extension 'ros'
[0.274s] DEBUG:colcon.colcon_core.package_identification:Package 'src/mocap4r2_msgs' with type 'ros.ament_cmake' and name 'mocap4r2_msgs'
[0.274s] Level 1:colcon.colcon_core.package_identification:_identify(src/mocap4ros2_vicon) by extensions ['ignore', 'ignore_ament_install']
[0.274s] Level 1:colcon.colcon_core.package_identification:_identify(src/mocap4ros2_vicon) by extension 'ignore'
[0.274s] Level 1:colcon.colcon_core.package_identification:_identify(src/mocap4ros2_vicon) by extension 'ignore_ament_install'
[0.275s] Level 1:colcon.colcon_core.package_identification:_identify(src/mocap4ros2_vicon) by extensions ['colcon_pkg']
[0.275s] Level 1:colcon.colcon_core.package_identification:_identify(src/mocap4ros2_vicon) by extension 'colcon_pkg'
[0.275s] Level 1:colcon.colcon_core.package_identification:_identify(src/mocap4ros2_vicon) by extensions ['colcon_meta']
[0.275s] Level 1:colcon.colcon_core.package_identification:_identify(src/mocap4ros2_vicon) by extension 'colcon_meta'
[0.275s] Level 1:colcon.colcon_core.package_identification:_identify(src/mocap4ros2_vicon) by extensions ['ros']
[0.275s] Level 1:colcon.colcon_core.package_identification:_identify(src/mocap4ros2_vicon) by extension 'ros'
[0.275s] Level 1:colcon.colcon_core.package_identification:_identify(src/mocap4ros2_vicon) by extensions ['cmake', 'python']
[0.275s] Level 1:colcon.colcon_core.package_identification:_identify(src/mocap4ros2_vicon) by extension 'cmake'
[0.275s] Level 1:colcon.colcon_core.package_identification:_identify(src/mocap4ros2_vicon) by extension 'python'
[0.275s] Level 1:colcon.colcon_core.package_identification:_identify(src/mocap4ros2_vicon) by extensions ['python_setup_py']
[0.275s] Level 1:colcon.colcon_core.package_identification:_identify(src/mocap4ros2_vicon) by extension 'python_setup_py'
[0.275s] Level 1:colcon.colcon_core.package_identification:_identify(src/mocap4ros2_vicon/mocap4r2_vicon_driver) by extensions ['ignore', 'ignore_ament_install']
[0.275s] Level 1:colcon.colcon_core.package_identification:_identify(src/mocap4ros2_vicon/mocap4r2_vicon_driver) by extension 'ignore'
[0.275s] Level 1:colcon.colcon_core.package_identification:_identify(src/mocap4ros2_vicon/mocap4r2_vicon_driver) by extension 'ignore_ament_install'
[0.275s] Level 1:colcon.colcon_core.package_identification:_identify(src/mocap4ros2_vicon/mocap4r2_vicon_driver) by extensions ['colcon_pkg']
[0.275s] Level 1:colcon.colcon_core.package_identification:_identify(src/mocap4ros2_vicon/mocap4r2_vicon_driver) by extension 'colcon_pkg'
[0.275s] Level 1:colcon.colcon_core.package_identification:_identify(src/mocap4ros2_vicon/mocap4r2_vicon_driver) by extensions ['colcon_meta']
[0.275s] Level 1:colcon.colcon_core.package_identification:_identify(src/mocap4ros2_vicon/mocap4r2_vicon_driver) by extension 'colcon_meta'
[0.275s] Level 1:colcon.colcon_core.package_identification:_identify(src/mocap4ros2_vicon/mocap4r2_vicon_driver) by extensions ['ros']
[0.275s] Level 1:colcon.colcon_core.package_identification:_identify(src/mocap4ros2_vicon/mocap4r2_vicon_driver) by extension 'ros'
[0.276s] DEBUG:colcon.colcon_core.package_identification:Package 'src/mocap4ros2_vicon/mocap4r2_vicon_driver' with type 'ros.ament_cmake' and name 'mocap4r2_vicon_driver'
[0.276s] Level 1:colcon.colcon_core.package_identification:_identify(src/natnet_ros2) by extensions ['ignore', 'ignore_ament_install']
[0.277s] Level 1:colcon.colcon_core.package_identification:_identify(src/natnet_ros2) by extension 'ignore'
[0.277s] Level 1:colcon.colcon_core.package_identification:_identify(src/natnet_ros2) by extension 'ignore_ament_install'
[0.277s] Level 1:colcon.colcon_core.package_identification:_identify(src/natnet_ros2) by extensions ['colcon_pkg']
[0.277s] Level 1:colcon.colcon_core.package_identification:_identify(src/natnet_ros2) by extension 'colcon_pkg'
[0.277s] Level 1:colcon.colcon_core.package_identification:_identify(src/natnet_ros2) by extensions ['colcon_meta']
[0.277s] Level 1:colcon.colcon_core.package_identification:_identify(src/natnet_ros2) by extension 'colcon_meta'
[0.277s] Level 1:colcon.colcon_core.package_identification:_identify(src/natnet_ros2) by extensions ['ros']
[0.277s] Level 1:colcon.colcon_core.package_identification:_identify(src/natnet_ros2) by extension 'ros'
[0.278s] DEBUG:colcon.colcon_core.package_identification:Package 'src/natnet_ros2' with type 'ros.ament_cmake' and name 'natnet_ros2'
[0.278s] Level 1:colcon.colcon_core.package_identification:_identify(src/position_publisher) by extensions ['ignore', 'ignore_ament_install']
[0.278s] Level 1:colcon.colcon_core.package_identification:_identify(src/position_publisher) by extension 'ignore'
[0.278s] Level 1:colcon.colcon_core.package_identification:_identify(src/position_publisher) by extension 'ignore_ament_install'
[0.278s] Level 1:colcon.colcon_core.package_identification:_identify(src/position_publisher) by extensions ['colcon_pkg']
[0.278s] Level 1:colcon.colcon_core.package_identification:_identify(src/position_publisher) by extension 'colcon_pkg'
[0.278s] Level 1:colcon.colcon_core.package_identification:_identify(src/position_publisher) by extensions ['colcon_meta']
[0.278s] Level 1:colcon.colcon_core.package_identification:_identify(src/position_publisher) by extension 'colcon_meta'
[0.278s] Level 1:colcon.colcon_core.package_identification:_identify(src/position_publisher) by extensions ['ros']
[0.278s] Level 1:colcon.colcon_core.package_identification:_identify(src/position_publisher) by extension 'ros'
[0.279s] DEBUG:colcon.colcon_core.package_identification:Package 'src/position_publisher' with type 'ros.ament_python' and name 'position_publisher'
[0.279s] Level 1:colcon.colcon_core.package_identification:_identify(src/visualizer) by extensions ['ignore', 'ignore_ament_install']
[0.279s] Level 1:colcon.colcon_core.package_identification:_identify(src/visualizer) by extension 'ignore'
[0.279s] Level 1:colcon.colcon_core.package_identification:_identify(src/visualizer) by extension 'ignore_ament_install'
[0.279s] Level 1:colcon.colcon_core.package_identification:_identify(src/visualizer) by extensions ['colcon_pkg']
[0.279s] Level 1:colcon.colcon_core.package_identification:_identify(src/visualizer) by extension 'colcon_pkg'
[0.279s] Level 1:colcon.colcon_core.package_identification:_identify(src/visualizer) by extensions ['colcon_meta']
[0.279s] Level 1:colcon.colcon_core.package_identification:_identify(src/visualizer) by extension 'colcon_meta'
[0.279s] Level 1:colcon.colcon_core.package_identification:_identify(src/visualizer) by extensions ['ros']
[0.279s] Level 1:colcon.colcon_core.package_identification:_identify(src/visualizer) by extension 'ros'
[0.280s] DEBUG:colcon.colcon_core.package_identification:Package 'src/visualizer' with type 'ros.ament_python' and name 'visualizer'
[0.280s] Level 1:colcon.colcon_core.package_identification:_identify(test) by extensions ['ignore', 'ignore_ament_install']
[0.280s] Level 1:colcon.colcon_core.package_identification:_identify(test) by extension 'ignore'
[0.280s] Level 1:colcon.colcon_core.package_identification:_identify(test) by extension 'ignore_ament_install'
[0.280s] Level 1:colcon.colcon_core.package_identification:_identify(test) by extensions ['colcon_pkg']
[0.280s] Level 1:colcon.colcon_core.package_identification:_identify(test) by extension 'colcon_pkg'
[0.280s] Level 1:colcon.colcon_core.package_identification:_identify(test) by extensions ['colcon_meta']
[0.280s] Level 1:colcon.colcon_core.package_identification:_identify(test) by extension 'colcon_meta'
[0.280s] Level 1:colcon.colcon_core.package_identification:_identify(test) by extensions ['ros']
[0.280s] Level 1:colcon.colcon_core.package_identification:_identify(test) by extension 'ros'
[0.280s] Level 1:colcon.colcon_core.package_identification:_identify(test) by extensions ['cmake', 'python']
[0.280s] Level 1:colcon.colcon_core.package_identification:_identify(test) by extension 'cmake'
[0.280s] Level 1:colcon.colcon_core.package_identification:_identify(test) by extension 'python'
[0.280s] Level 1:colcon.colcon_core.package_identification:_identify(test) by extensions ['python_setup_py']
[0.280s] Level 1:colcon.colcon_core.package_identification:_identify(test) by extension 'python_setup_py'
[0.281s] Level 1:colcon.colcon_core.package_identification:_identify(test/logs) by extensions ['ignore', 'ignore_ament_install']
[0.281s] Level 1:colcon.colcon_core.package_identification:_identify(test/logs) by extension 'ignore'
[0.281s] Level 1:colcon.colcon_core.package_identification:_identify(test/logs) by extension 'ignore_ament_install'
[0.281s] Level 1:colcon.colcon_core.package_identification:_identify(test/logs) by extensions ['colcon_pkg']
[0.281s] Level 1:colcon.colcon_core.package_identification:_identify(test/logs) by extension 'colcon_pkg'
[0.281s] Level 1:colcon.colcon_core.package_identification:_identify(test/logs) by extensions ['colcon_meta']
[0.281s] Level 1:colcon.colcon_core.package_identification:_identify(test/logs) by extension 'colcon_meta'
[0.281s] Level 1:colcon.colcon_core.package_identification:_identify(test/logs) by extensions ['ros']
[0.281s] Level 1:colcon.colcon_core.package_identification:_identify(test/logs) by extension 'ros'
[0.281s] Level 1:colcon.colcon_core.package_identification:_identify(test/logs) by extensions ['cmake', 'python']
[0.281s] Level 1:colcon.colcon_core.package_identification:_identify(test/logs) by extension 'cmake'
[0.281s] Level 1:colcon.colcon_core.package_identification:_identify(test/logs) by extension 'python'
[0.281s] Level 1:colcon.colcon_core.package_identification:_identify(test/logs) by extensions ['python_setup_py']
[0.281s] Level 1:colcon.colcon_core.package_identification:_identify(test/logs) by extension 'python_setup_py'
[0.281s] Level 1:colcon.colcon_core.package_identification:_identify(test/logs/2025-08-04) by extensions ['ignore', 'ignore_ament_install']
[0.281s] Level 1:colcon.colcon_core.package_identification:_identify(test/logs/2025-08-04) by extension 'ignore'
[0.281s] Level 1:colcon.colcon_core.package_identification:_identify(test/logs/2025-08-04) by extension 'ignore_ament_install'
[0.281s] Level 1:colcon.colcon_core.package_identification:_identify(test/logs/2025-08-04) by extensions ['colcon_pkg']
[0.281s] Level 1:colcon.colcon_core.package_identification:_identify(test/logs/2025-08-04) by extension 'colcon_pkg'
[0.282s] Level 1:colcon.colcon_core.package_identification:_identify(test/logs/2025-08-04) by extensions ['colcon_meta']
[0.282s] Level 1:colcon.colcon_core.package_identification:_identify(test/logs/2025-08-04) by extension 'colcon_meta'
[0.282s] Level 1:colcon.colcon_core.package_identification:_identify(test/logs/2025-08-04) by extensions ['ros']
[0.282s] Level 1:colcon.colcon_core.package_identification:_identify(test/logs/2025-08-04) by extension 'ros'
[0.282s] Level 1:colcon.colcon_core.package_identification:_identify(test/logs/2025-08-04) by extensions ['cmake', 'python']
[0.282s] Level 1:colcon.colcon_core.package_identification:_identify(test/logs/2025-08-04) by extension 'cmake'
[0.282s] Level 1:colcon.colcon_core.package_identification:_identify(test/logs/2025-08-04) by extension 'python'
[0.282s] Level 1:colcon.colcon_core.package_identification:_identify(test/logs/2025-08-04) by extensions ['python_setup_py']
[0.282s] Level 1:colcon.colcon_core.package_identification:_identify(test/logs/2025-08-04) by extension 'python_setup_py'
[0.282s] Level 1:colcon.colcon_core.package_identification:_identify(test/logs/2025-08-04/flight1) by extensions ['ignore', 'ignore_ament_install']
[0.282s] Level 1:colcon.colcon_core.package_identification:_identify(test/logs/2025-08-04/flight1) by extension 'ignore'
[0.282s] Level 1:colcon.colcon_core.package_identification:_identify(test/logs/2025-08-04/flight1) by extension 'ignore_ament_install'
[0.282s] Level 1:colcon.colcon_core.package_identification:_identify(test/logs/2025-08-04/flight1) by extensions ['colcon_pkg']
[0.282s] Level 1:colcon.colcon_core.package_identification:_identify(test/logs/2025-08-04/flight1) by extension 'colcon_pkg'
[0.282s] Level 1:colcon.colcon_core.package_identification:_identify(test/logs/2025-08-04/flight1) by extensions ['colcon_meta']
[0.282s] Level 1:colcon.colcon_core.package_identification:_identify(test/logs/2025-08-04/flight1) by extension 'colcon_meta'
[0.282s] Level 1:colcon.colcon_core.package_identification:_identify(test/logs/2025-08-04/flight1) by extensions ['ros']
[0.282s] Level 1:colcon.colcon_core.package_identification:_identify(test/logs/2025-08-04/flight1) by extension 'ros'
[0.282s] Level 1:colcon.colcon_core.package_identification:_identify(test/logs/2025-08-04/flight1) by extensions ['cmake', 'python']
[0.282s] Level 1:colcon.colcon_core.package_identification:_identify(test/logs/2025-08-04/flight1) by extension 'cmake'
[0.282s] Level 1:colcon.colcon_core.package_identification:_identify(test/logs/2025-08-04/flight1) by extension 'python'
[0.283s] Level 1:colcon.colcon_core.package_identification:_identify(test/logs/2025-08-04/flight1) by extensions ['python_setup_py']
[0.283s] Level 1:colcon.colcon_core.package_identification:_identify(test/logs/2025-08-04/flight1) by extension 'python_setup_py'
[0.283s] Level 1:colcon.colcon_core.package_identification:_identify(test/logs/2026-02-11) by extensions ['ignore', 'ignore_ament_install']
[0.283s] Level 1:colcon.colcon_core.package_identification:_identify(test/logs/2026-02-11) by extension 'ignore'
[0.283s] Level 1:colcon.colcon_core.package_identification:_identify(test/logs/2026-02-11) by extension 'ignore_ament_install'
[0.283s] Level 1:colcon.colcon_core.package_identification:_identify(test/logs/2026-02-11) by extensions ['colcon_pkg']
[0.283s] Level 1:colcon.colcon_core.package_identification:_identify(test/logs/2026-02-11) by extension 'colcon_pkg'
[0.283s] Level 1:colcon.colcon_core.package_identification:_identify(test/logs/2026-02-11) by extensions ['colcon_meta']
[0.283s] Level 1:colcon.colcon_core.package_identification:_identify(test/logs/2026-02-11) by extension 'colcon_meta'
[0.283s] Level 1:colcon.colcon_core.package_identification:_identify(test/logs/2026-02-11) by extensions ['ros']
[0.283s] Level 1:colcon.colcon_core.package_identification:_identify(test/logs/2026-02-11) by extension 'ros'
[0.283s] Level 1:colcon.colcon_core.package_identification:_identify(test/logs/2026-02-11) by extensions ['cmake', 'python']
[0.283s] Level 1:colcon.colcon_core.package_identification:_identify(test/logs/2026-02-11) by extension 'cmake'
[0.283s] Level 1:colcon.colcon_core.package_identification:_identify(test/logs/2026-02-11) by extension 'python'
[0.283s] Level 1:colcon.colcon_core.package_identification:_identify(test/logs/2026-02-11) by extensions ['python_setup_py']
[0.283s] Level 1:colcon.colcon_core.package_identification:_identify(test/logs/2026-02-11) by extension 'python_setup_py'
[0.283s] Level 1:colcon.colcon_core.package_identification:_identify(test/logs/2026-02-11/flight1) by extensions ['ignore', 'ignore_ament_install']
[0.283s] Level 1:colcon.colcon_core.package_identification:_identify(test/logs/2026-02-11/flight1) by extension 'ignore'
[0.283s] Level 1:colcon.colcon_core.package_identification:_identify(test/logs/2026-02-11/flight1) by extension 'ignore_ament_install'
[0.284s] Level 1:colcon.colcon_core.package_identification:_identify(test/logs/2026-02-11/flight1) by extensions ['colcon_pkg']
[0.284s] Level 1:colcon.colcon_core.package_identification:_identify(test/logs/2026-02-11/flight1) by extension 'colcon_pkg'
[0.284s] Level 1:colcon.colcon_core.package_identification:_identify(test/logs/2026-02-11/flight1) by extensions ['colcon_meta']
[0.284s] Level 1:colcon.colcon_core.package_identification:_identify(test/logs/2026-02-11/flight1) by extension 'colcon_meta'
[0.284s] Level 1:colcon.colcon_core.package_identification:_identify(test/logs/2026-02-11/flight1) by extensions ['ros']
[0.284s] Level 1:colcon.colcon_core.package_identification:_identify(test/logs/2026-02-11/flight1) by extension 'ros'
[0.284s] Level 1:colcon.colcon_core.package_identification:_identify(test/logs/2026-02-11/flight1) by extensions ['cmake', 'python']
[0.284s] Level 1:colcon.colcon_core.package_identification:_identify(test/logs/2026-02-11/flight1) by extension 'cmake'
[0.284s] Level 1:colcon.colcon_core.package_identification:_identify(test/logs/2026-02-11/flight1) by extension 'python'
[0.284s] Level 1:colcon.colcon_core.package_identification:_identify(test/logs/2026-02-11/flight1) by extensions ['python_setup_py']
[0.284s] Level 1:colcon.colcon_core.package_identification:_identify(test/logs/2026-02-11/flight1) by extension 'python_setup_py'
[0.284s] Level 1:colcon.colcon_core.package_identification:_identify(test/logs/2026-02-11/flight2) by extensions ['ignore', 'ignore_ament_install']
[0.284s] Level 1:colcon.colcon_core.package_identification:_identify(test/logs/2026-02-11/flight2) by extension 'ignore'
[0.284s] Level 1:colcon.colcon_core.package_identification:_identify(test/logs/2026-02-11/flight2) by extension 'ignore_ament_install'
[0.284s] Level 1:colcon.colcon_core.package_identification:_identify(test/logs/2026-02-11/flight2) by extensions ['colcon_pkg']
[0.284s] Level 1:colcon.colcon_core.package_identification:_identify(test/logs/2026-02-11/flight2) by extension 'colcon_pkg'
[0.284s] Level 1:colcon.colcon_core.package_identification:_identify(test/logs/2026-02-11/flight2) by extensions ['colcon_meta']
[0.284s] Level 1:colcon.colcon_core.package_identification:_identify(test/logs/2026-02-11/flight2) by extension 'colcon_meta'
[0.284s] Level 1:colcon.colcon_core.package_identification:_identify(test/logs/2026-02-11/flight2) by extensions ['ros']
[0.284s] Level 1:colcon.colcon_core.package_identification:_identify(test/logs/2026-02-11/flight2) by extension 'ros'
[0.285s] Level 1:colcon.colcon_core.package_identification:_identify(test/logs/2026-02-11/flight2) by extensions ['cmake', 'python']
[0.285s] Level 1:colcon.colcon_core.package_identification:_identify(test/logs/2026-02-11/flight2) by extension 'cmake'
[0.285s] Level 1:colcon.colcon_core.package_identification:_identify(test/logs/2026-02-11/flight2) by extension 'python'
[0.285s] Level 1:colcon.colcon_core.package_identification:_identify(test/logs/2026-02-11/flight2) by extensions ['python_setup_py']
[0.285s] Level 1:colcon.colcon_core.package_identification:_identify(test/logs/2026-02-11/flight2) by extension 'python_setup_py'
[0.285s] Level 1:colcon.colcon_core.package_identification:_identify(test/logs/2026-02-16) by extensions ['ignore', 'ignore_ament_install']
[0.285s] Level 1:colcon.colcon_core.package_identification:_identify(test/logs/2026-02-16) by extension 'ignore'
[0.285s] Level 1:colcon.colcon_core.package_identification:_identify(test/logs/2026-02-16) by extension 'ignore_ament_install'
[0.285s] Level 1:colcon.colcon_core.package_identification:_identify(test/logs/2026-02-16) by extensions ['colcon_pkg']
[0.285s] Level 1:colcon.colcon_core.package_identification:_identify(test/logs/2026-02-16) by extension 'colcon_pkg'
[0.285s] Level 1:colcon.colcon_core.package_identification:_identify(test/logs/2026-02-16) by extensions ['colcon_meta']
[0.285s] Level 1:colcon.colcon_core.package_identification:_identify(test/logs/2026-02-16) by extension 'colcon_meta'
[0.285s] Level 1:colcon.colcon_core.package_identification:_identify(test/logs/2026-02-16) by extensions ['ros']
[0.285s] Level 1:colcon.colcon_core.package_identification:_identify(test/logs/2026-02-16) by extension 'ros'
[0.285s] Level 1:colcon.colcon_core.package_identification:_identify(test/logs/2026-02-16) by extensions ['cmake', 'python']
[0.285s] Level 1:colcon.colcon_core.package_identification:_identify(test/logs/2026-02-16) by extension 'cmake'
[0.285s] Level 1:colcon.colcon_core.package_identification:_identify(test/logs/2026-02-16) by extension 'python'
[0.285s] Level 1:colcon.colcon_core.package_identification:_identify(test/logs/2026-02-16) by extensions ['python_setup_py']
[0.285s] Level 1:colcon.colcon_core.package_identification:_identify(test/logs/2026-02-16) by extension 'python_setup_py'
[0.285s] Level 1:colcon.colcon_core.package_identification:_identify(test/logs/2026-02-16/flight1) by extensions ['ignore', 'ignore_ament_install']
[0.285s] Level 1:colcon.colcon_core.package_identification:_identify(test/logs/2026-02-16/flight1) by extension 'ignore'
[0.286s] Level 1:colcon.colcon_core.package_identification:_identify(test/logs/2026-02-16/flight1) by extension 'ignore_ament_install'
[0.286s] Level 1:colcon.colcon_core.package_identification:_identify(test/logs/2026-02-16/flight1) by extensions ['colcon_pkg']
[0.286s] Level 1:colcon.colcon_core.package_identification:_identify(test/logs/2026-02-16/flight1) by extension 'colcon_pkg'
[0.286s] Level 1:colcon.colcon_core.package_identification:_identify(test/logs/2026-02-16/flight1) by extensions ['colcon_meta']
[0.286s] Level 1:colcon.colcon_core.package_identification:_identify(test/logs/2026-02-16/flight1) by extension 'colcon_meta'
[0.286s] Level 1:colcon.colcon_core.package_identification:_identify(test/logs/2026-02-16/flight1) by extensions ['ros']
[0.286s] Level 1:colcon.colcon_core.package_identification:_identify(test/logs/2026-02-16/flight1) by extension 'ros'
[0.286s] Level 1:colcon.colcon_core.package_identification:_identify(test/logs/2026-02-16/flight1) by extensions ['cmake', 'python']
[0.286s] Level 1:colcon.colcon_core.package_identification:_identify(test/logs/2026-02-16/flight1) by extension 'cmake'
[0.286s] Level 1:colcon.colcon_core.package_identification:_identify(test/logs/2026-02-16/flight1) by extension 'python'
[0.286s] Level 1:colcon.colcon_core.package_identification:_identify(test/logs/2026-02-16/flight1) by extensions ['python_setup_py']
[0.286s] Level 1:colcon.colcon_core.package_identification:_identify(test/logs/2026-02-16/flight1) by extension 'python_setup_py'
[0.286s] Level 1:colcon.colcon_core.package_discovery:discover_packages(recursive) using defaults
[0.286s] Level 1:colcon.colcon_core.package_discovery:discover_packages(ignore) discover
[0.286s] Level 1:colcon.colcon_core.package_discovery:discover_packages(ignore) using defaults
[0.286s] Level 1:colcon.colcon_core.package_discovery:discover_packages(path) discover
[0.286s] Level 1:colcon.colcon_core.package_discovery:discover_packages(path) using defaults
[0.316s] Level 1:colcon.colcon_core.package_discovery:discover_packages(prefix_path) check parameters
[0.317s] Level 1:colcon.colcon_core.package_discovery:discover_packages(prefix_path) discover
[0.320s] DEBUG:colcon.colcon_installed_package_information.package_discovery:Found 16 installed packages in /home/strain-drone/Documents/drone_position_hold/ros2_ws/install
[0.322s] DEBUG:colcon.colcon_installed_package_information.package_discovery:Found 295 installed packages in /opt/ros/jazzy
[0.323s] Level 1:colcon.colcon_core.package_discovery:discover_packages(prefix_path) using defaults
[0.385s] Level 5:colcon.colcon_core.verb:set package 'mavros_config' build argument 'cmake_args' from command line to 'None'
[0.386s] Level 5:colcon.colcon_core.verb:set package 'mavros_config' build argument 'cmake_target' from command line to 'None'
[0.386s] Level 5:colcon.colcon_core.verb:set package 'mavros_config' build argument 'cmake_target_skip_unavailable' from command line to 'False'
[0.386s] Level 5:colcon.colcon_core.verb:set package 'mavros_config' build argument 'cmake_clean_cache' from command line to 'False'
[0.386s] Level 5:colcon.colcon_core.verb:set package 'mavros_config' build argument 'cmake_clean_first' from command line to 'False'
[0.386s] Level 5:colcon.colcon_core.verb:set package 'mavros_config' build argument 'cmake_force_configure' from command line to 'False'
[0.386s] Level 5:colcon.colcon_core.verb:set package 'mavros_config' build argument 'ament_cmake_args' from command line to 'None'
[0.386s] Level 5:colcon.colcon_core.verb:set package 'mavros_config' build argument 'catkin_cmake_args' from command line to 'None'
[0.386s] Level 5:colcon.colcon_core.verb:set package 'mavros_config' build argument 'catkin_skip_building_tests' from command line to 'False'
[0.386s] DEBUG:colcon.colcon_core.verb:Building package 'mavros_config' with the following arguments: {'ament_cmake_args': None, 'build_base': '/home/strain-drone/Documents/drone_position_hold/ros2_ws/build/mavros_config', 'catkin_cmake_args': None, 'catkin_skip_building_tests': False, 'cmake_args': None, 'cmake_clean_cache': False, 'cmake_clean_first': False, 'cmake_force_configure': False, 'cmake_target': None, 'cmake_target_skip_unavailable': False, 'install_base': '/home/strain-drone/Documents/drone_position_hold/ros2_ws/install/mavros_config', 'merge_install': False, 'path': '/home/strain-drone/Documents/drone_position_hold/ros2_ws/src/mavros_config', 'symlink_install': False, 'test_result_base': None}
[0.386s] Level 5:colcon.colcon_core.verb:set package 'mocap4r2_control_msgs' build argument 'cmake_args' from command line to 'None'
[0.386s] Level 5:colcon.colcon_core.verb:set package 'mocap4r2_control_msgs' build argument 'cmake_target' from command line to 'None'
[0.386s] Level 5:colcon.colcon_core.verb:set package 'mocap4r2_control_msgs' build argument 'cmake_target_skip_unavailable' from command line to 'False'
[0.386s] Level 5:colcon.colcon_core.verb:set package 'mocap4r2_control_msgs' build argument 'cmake_clean_cache' from command line to 'False'
[0.386s] Level 5:colcon.colcon_core.verb:set package 'mocap4r2_control_msgs' build argument 'cmake_clean_first' from command line to 'False'
[0.386s] Level 5:colcon.colcon_core.verb:set package 'mocap4r2_control_msgs' build argument 'cmake_force_configure' from command line to 'False'
[0.386s] Level 5:colcon.colcon_core.verb:set package 'mocap4r2_control_msgs' build argument 'ament_cmake_args' from command line to 'None'
[0.386s] Level 5:colcon.colcon_core.verb:set package 'mocap4r2_control_msgs' build argument 'catkin_cmake_args' from command line to 'None'
[0.386s] Level 5:colcon.colcon_core.verb:set package 'mocap4r2_control_msgs' build argument 'catkin_skip_building_tests' from command line to 'False'
[0.386s] DEBUG:colcon.colcon_core.verb:Building package 'mocap4r2_control_msgs' with the following arguments: {'ament_cmake_args': None, 'build_base': '/home/strain-drone/Documents/drone_position_hold/ros2_ws/build/mocap4r2_control_msgs', 'catkin_cmake_args': None, 'catkin_skip_building_tests': False, 'cmake_args': None, 'cmake_clean_cache': False, 'cmake_clean_first': False, 'cmake_force_configure': False, 'cmake_target': None, 'cmake_target_skip_unavailable': False, 'install_base': '/home/strain-drone/Documents/drone_position_hold/ros2_ws/install/mocap4r2_control_msgs', 'merge_install': False, 'path': '/home/strain-drone/Documents/drone_position_hold/ros2_ws/src/mocap4r2/mocap4r2_control/mocap4r2_control_msgs', 'symlink_install': False, 'test_result_base': None}
[0.387s] Level 5:colcon.colcon_core.verb:set package 'mocap4r2_marker_viz_srvs' build argument 'cmake_args' from command line to 'None'
[0.387s] Level 5:colcon.colcon_core.verb:set package 'mocap4r2_marker_viz_srvs' build argument 'cmake_target' from command line to 'None'
[0.387s] Level 5:colcon.colcon_core.verb:set package 'mocap4r2_marker_viz_srvs' build argument 'cmake_target_skip_unavailable' from command line to 'False'
[0.387s] Level 5:colcon.colcon_core.verb:set package 'mocap4r2_marker_viz_srvs' build argument 'cmake_clean_cache' from command line to 'False'
[0.387s] Level 5:colcon.colcon_core.verb:set package 'mocap4r2_marker_viz_srvs' build argument 'cmake_clean_first' from command line to 'False'
[0.387s] Level 5:colcon.colcon_core.verb:set package 'mocap4r2_marker_viz_srvs' build argument 'cmake_force_configure' from command line to 'False'
[0.387s] Level 5:colcon.colcon_core.verb:set package 'mocap4r2_marker_viz_srvs' build argument 'ament_cmake_args' from command line to 'None'
[0.387s] Level 5:colcon.colcon_core.verb:set package 'mocap4r2_marker_viz_srvs' build argument 'catkin_cmake_args' from command line to 'None'
[0.387s] Level 5:colcon.colcon_core.verb:set package 'mocap4r2_marker_viz_srvs' build argument 'catkin_skip_building_tests' from command line to 'False'
[0.387s] DEBUG:colcon.colcon_core.verb:Building package 'mocap4r2_marker_viz_srvs' with the following arguments: {'ament_cmake_args': None, 'build_base': '/home/strain-drone/Documents/drone_position_hold/ros2_ws/build/mocap4r2_marker_viz_srvs', 'catkin_cmake_args': None, 'catkin_skip_building_tests': False, 'cmake_args': None, 'cmake_clean_cache': False, 'cmake_clean_first': False, 'cmake_force_configure': False, 'cmake_target': None, 'cmake_target_skip_unavailable': False, 'install_base': '/home/strain-drone/Documents/drone_position_hold/ros2_ws/install/mocap4r2_marker_viz_srvs', 'merge_install': False, 'path': '/home/strain-drone/Documents/drone_position_hold/ros2_ws/src/mocap4r2/mocap4r2_marker_viz/mocap4r2_marker_viz_srvs', 'symlink_install': False, 'test_result_base': None}
[0.387s] Level 5:colcon.colcon_core.verb:set package 'mocap4r2_msgs' build argument 'cmake_args' from command line to 'None'
[0.387s] Level 5:colcon.colcon_core.verb:set package 'mocap4r2_msgs' build argument 'cmake_target' from command line to 'None'
[0.387s] Level 5:colcon.colcon_core.verb:set package 'mocap4r2_msgs' build argument 'cmake_target_skip_unavailable' from command line to 'False'
[0.387s] Level 5:colcon.colcon_core.verb:set package 'mocap4r2_msgs' build argument 'cmake_clean_cache' from command line to 'False'
[0.387s] Level 5:colcon.colcon_core.verb:set package 'mocap4r2_msgs' build argument 'cmake_clean_first' from command line to 'False'
[0.387s] Level 5:colcon.colcon_core.verb:set package 'mocap4r2_msgs' build argument 'cmake_force_configure' from command line to 'False'
[0.387s] Level 5:colcon.colcon_core.verb:set package 'mocap4r2_msgs' build argument 'ament_cmake_args' from command line to 'None'
[0.387s] Level 5:colcon.colcon_core.verb:set package 'mocap4r2_msgs' build argument 'catkin_cmake_args' from command line to 'None'
[0.387s] Level 5:colcon.colcon_core.verb:set package 'mocap4r2_msgs' build argument 'catkin_skip_building_tests' from command line to 'False'
[0.388s] DEBUG:colcon.colcon_core.verb:Building package 'mocap4r2_msgs' with the following arguments: {'ament_cmake_args': None, 'build_base': '/home/strain-drone/Documents/drone_position_hold/ros2_ws/build/mocap4r2_msgs', 'catkin_cmake_args': None, 'catkin_skip_building_tests': False, 'cmake_args': None, 'cmake_clean_cache': False, 'cmake_clean_first': False, 'cmake_force_configure': False, 'cmake_target': None, 'cmake_target_skip_unavailable': False, 'install_base': '/home/strain-drone/Documents/drone_position_hold/ros2_ws/install/mocap4r2_msgs', 'merge_install': False, 'path': '/home/strain-drone/Documents/drone_position_hold/ros2_ws/src/mocap4r2_msgs', 'symlink_install': False, 'test_result_base': None}
[0.388s] Level 5:colcon.colcon_core.verb:set package 'mocap4r2_robot_gt_msgs' build argument 'cmake_args' from command line to 'None'
[0.388s] Level 5:colcon.colcon_core.verb:set package 'mocap4r2_robot_gt_msgs' build argument 'cmake_target' from command line to 'None'
[0.388s] Level 5:colcon.colcon_core.verb:set package 'mocap4r2_robot_gt_msgs' build argument 'cmake_target_skip_unavailable' from command line to 'False'
[0.388s] Level 5:colcon.colcon_core.verb:set package 'mocap4r2_robot_gt_msgs' build argument 'cmake_clean_cache' from command line to 'False'
[0.388s] Level 5:colcon.colcon_core.verb:set package 'mocap4r2_robot_gt_msgs' build argument 'cmake_clean_first' from command line to 'False'
[0.388s] Level 5:colcon.colcon_core.verb:set package 'mocap4r2_robot_gt_msgs' build argument 'cmake_force_configure' from command line to 'False'
[0.388s] Level 5:colcon.colcon_core.verb:set package 'mocap4r2_robot_gt_msgs' build argument 'ament_cmake_args' from command line to 'None'
[0.388s] Level 5:colcon.colcon_core.verb:set package 'mocap4r2_robot_gt_msgs' build argument 'catkin_cmake_args' from command line to 'None'
[0.388s] Level 5:colcon.colcon_core.verb:set package 'mocap4r2_robot_gt_msgs' build argument 'catkin_skip_building_tests' from command line to 'False'
[0.388s] DEBUG:colcon.colcon_core.verb:Building package 'mocap4r2_robot_gt_msgs' with the following arguments: {'ament_cmake_args': None, 'build_base': '/home/strain-drone/Documents/drone_position_hold/ros2_ws/build/mocap4r2_robot_gt_msgs', 'catkin_cmake_args': None, 'catkin_skip_building_tests': False, 'cmake_args': None, 'cmake_clean_cache': False, 'cmake_clean_first': False, 'cmake_force_configure': False, 'cmake_target': None, 'cmake_target_skip_unavailable': False, 'install_base': '/home/strain-drone/Documents/drone_position_hold/ros2_ws/install/mocap4r2_robot_gt_msgs', 'merge_install': False, 'path': '/home/strain-drone/Documents/drone_position_hold/ros2_ws/src/mocap4r2/mocap4r2_robot_gt/mocap4r2_robot_gt_msgs', 'symlink_install': False, 'test_result_base': None}
[0.388s] Level 5:colcon.colcon_core.verb:set package 'natnet_ros2' build argument 'cmake_args' from command line to 'None'
[0.388s] Level 5:colcon.colcon_core.verb:set package 'natnet_ros2' build argument 'cmake_target' from command line to 'None'
[0.388s] Level 5:colcon.colcon_core.verb:set package 'natnet_ros2' build argument 'cmake_target_skip_unavailable' from command line to 'False'
[0.388s] Level 5:colcon.colcon_core.verb:set package 'natnet_ros2' build argument 'cmake_clean_cache' from command line to 'False'
[0.388s] Level 5:colcon.colcon_core.verb:set package 'natnet_ros2' build argument 'cmake_clean_first' from command line to 'False'
[0.388s] Level 5:colcon.colcon_core.verb:set package 'natnet_ros2' build argument 'cmake_force_configure' from command line to 'False'
[0.388s] Level 5:colcon.colcon_core.verb:set package 'natnet_ros2' build argument 'ament_cmake_args' from command line to 'None'
[0.388s] Level 5:colcon.colcon_core.verb:set package 'natnet_ros2' build argument 'catkin_cmake_args' from command line to 'None'
[0.389s] Level 5:colcon.colcon_core.verb:set package 'natnet_ros2' build argument 'catkin_skip_building_tests' from command line to 'False'
[0.389s] DEBUG:colcon.colcon_core.verb:Building package 'natnet_ros2' with the following arguments: {'ament_cmake_args': None, 'build_base': '/home/strain-drone/Documents/drone_position_hold/ros2_ws/build/natnet_ros2', 'catkin_cmake_args': None, 'catkin_skip_building_tests': False, 'cmake_args': None, 'cmake_clean_cache': False, 'cmake_clean_first': False, 'cmake_force_configure': False, 'cmake_target': None, 'cmake_target_skip_unavailable': False, 'install_base': '/home/strain-drone/Documents/drone_position_hold/ros2_ws/install/natnet_ros2', 'merge_install': False, 'path': '/home/strain-drone/Documents/drone_position_hold/ros2_ws/src/natnet_ros2', 'symlink_install': False, 'test_result_base': None}
[0.389s] Level 5:colcon.colcon_core.verb:set package 'position_publisher' build argument 'cmake_args' from command line to 'None'
[0.389s] Level 5:colcon.colcon_core.verb:set package 'position_publisher' build argument 'cmake_target' from command line to 'None'
[0.389s] Level 5:colcon.colcon_core.verb:set package 'position_publisher' build argument 'cmake_target_skip_unavailable' from command line to 'False'
[0.389s] Level 5:colcon.colcon_core.verb:set package 'position_publisher' build argument 'cmake_clean_cache' from command line to 'False'
[0.389s] Level 5:colcon.colcon_core.verb:set package 'position_publisher' build argument 'cmake_clean_first' from command line to 'False'
[0.389s] Level 5:colcon.colcon_core.verb:set package 'position_publisher' build argument 'cmake_force_configure' from command line to 'False'
[0.389s] Level 5:colcon.colcon_core.verb:set package 'position_publisher' build argument 'ament_cmake_args' from command line to 'None'
[0.389s] Level 5:colcon.colcon_core.verb:set package 'position_publisher' build argument 'catkin_cmake_args' from command line to 'None'
[0.389s] Level 5:colcon.colcon_core.verb:set package 'position_publisher' build argument 'catkin_skip_building_tests' from command line to 'False'
[0.389s] DEBUG:colcon.colcon_core.verb:Building package 'position_publisher' with the following arguments: {'ament_cmake_args': None, 'build_base': '/home/strain-drone/Documents/drone_position_hold/ros2_ws/build/position_publisher', 'catkin_cmake_args': None, 'catkin_skip_building_tests': False, 'cmake_args': None, 'cmake_clean_cache': False, 'cmake_clean_first': False, 'cmake_force_configure': False, 'cmake_target': None, 'cmake_target_skip_unavailable': False, 'install_base': '/home/strain-drone/Documents/drone_position_hold/ros2_ws/install/position_publisher', 'merge_install': False, 'path': '/home/strain-drone/Documents/drone_position_hold/ros2_ws/src/position_publisher', 'symlink_install': False, 'test_result_base': None}
[0.389s] Level 5:colcon.colcon_core.verb:set package 'visualizer' build argument 'cmake_args' from command line to 'None'
[0.389s] Level 5:colcon.colcon_core.verb:set package 'visualizer' build argument 'cmake_target' from command line to 'None'
[0.389s] Level 5:colcon.colcon_core.verb:set package 'visualizer' build argument 'cmake_target_skip_unavailable' from command line to 'False'
[0.389s] Level 5:colcon.colcon_core.verb:set package 'visualizer' build argument 'cmake_clean_cache' from command line to 'False'
[0.389s] Level 5:colcon.colcon_core.verb:set package 'visualizer' build argument 'cmake_clean_first' from command line to 'False'
[0.389s] Level 5:colcon.colcon_core.verb:set package 'visualizer' build argument 'cmake_force_configure' from command line to 'False'
[0.389s] Level 5:colcon.colcon_core.verb:set package 'visualizer' build argument 'ament_cmake_args' from command line to 'None'
[0.389s] Level 5:colcon.colcon_core.verb:set package 'visualizer' build argument 'catkin_cmake_args' from command line to 'None'
[0.389s] Level 5:colcon.colcon_core.verb:set package 'visualizer' build argument 'catkin_skip_building_tests' from command line to 'False'
[0.390s] DEBUG:colcon.colcon_core.verb:Building package 'visualizer' with the following arguments: {'ament_cmake_args': None, 'build_base': '/home/strain-drone/Documents/drone_position_hold/ros2_ws/build/visualizer', 'catkin_cmake_args': None, 'catkin_skip_building_tests': False, 'cmake_args': None, 'cmake_clean_cache': False, 'cmake_clean_first': False, 'cmake_force_configure': False, 'cmake_target': None, 'cmake_target_skip_unavailable': False, 'install_base': '/home/strain-drone/Documents/drone_position_hold/ros2_ws/install/visualizer', 'merge_install': False, 'path': '/home/strain-drone/Documents/drone_position_hold/ros2_ws/src/visualizer', 'symlink_install': False, 'test_result_base': None}
[0.390s] Level 5:colcon.colcon_core.verb:set package 'mocap4r2_control' build argument 'cmake_args' from command line to 'None'
[0.390s] Level 5:colcon.colcon_core.verb:set package 'mocap4r2_control' build argument 'cmake_target' from command line to 'None'
[0.390s] Level 5:colcon.colcon_core.verb:set package 'mocap4r2_control' build argument 'cmake_target_skip_unavailable' from command line to 'False'
[0.390s] Level 5:colcon.colcon_core.verb:set package 'mocap4r2_control' build argument 'cmake_clean_cache' from command line to 'False'
[0.390s] Level 5:colcon.colcon_core.verb:set package 'mocap4r2_control' build argument 'cmake_clean_first' from command line to 'False'
[0.390s] Level 5:colcon.colcon_core.verb:set package 'mocap4r2_control' build argument 'cmake_force_configure' from command line to 'False'
[0.390s] Level 5:colcon.colcon_core.verb:set package 'mocap4r2_control' build argument 'ament_cmake_args' from command line to 'None'
[0.390s] Level 5:colcon.colcon_core.verb:set package 'mocap4r2_control' build argument 'catkin_cmake_args' from command line to 'None'
[0.390s] Level 5:colcon.colcon_core.verb:set package 'mocap4r2_control' build argument 'catkin_skip_building_tests' from command line to 'False'
[0.390s] DEBUG:colcon.colcon_core.verb:Building package 'mocap4r2_control' with the following arguments: {'ament_cmake_args': None, 'build_base': '/home/strain-drone/Documents/drone_position_hold/ros2_ws/build/mocap4r2_control', 'catkin_cmake_args': None, 'catkin_skip_building_tests': False, 'cmake_args': None, 'cmake_clean_cache': False, 'cmake_clean_first': False, 'cmake_force_configure': False, 'cmake_target': None, 'cmake_target_skip_unavailable': False, 'install_base': '/home/strain-drone/Documents/drone_position_hold/ros2_ws/install/mocap4r2_control', 'merge_install': False, 'path': '/home/strain-drone/Documents/drone_position_hold/ros2_ws/src/mocap4r2/mocap4r2_control/mocap4r2_control', 'symlink_install': False, 'test_result_base': None}
[0.390s] Level 5:colcon.colcon_core.verb:set package 'mocap4r2_marker_publisher' build argument 'cmake_args' from command line to 'None'
[0.390s] Level 5:colcon.colcon_core.verb:set package 'mocap4r2_marker_publisher' build argument 'cmake_target' from command line to 'None'
[0.390s] Level 5:colcon.colcon_core.verb:set package 'mocap4r2_marker_publisher' build argument 'cmake_target_skip_unavailable' from command line to 'False'
[0.390s] Level 5:colcon.colcon_core.verb:set package 'mocap4r2_marker_publisher' build argument 'cmake_clean_cache' from command line to 'False'
[0.390s] Level 5:colcon.colcon_core.verb:set package 'mocap4r2_marker_publisher' build argument 'cmake_clean_first' from command line to 'False'
[0.390s] Level 5:colcon.colcon_core.verb:set package 'mocap4r2_marker_publisher' build argument 'cmake_force_configure' from command line to 'False'
[0.390s] Level 5:colcon.colcon_core.verb:set package 'mocap4r2_marker_publisher' build argument 'ament_cmake_args' from command line to 'None'
[0.390s] Level 5:colcon.colcon_core.verb:set package 'mocap4r2_marker_publisher' build argument 'catkin_cmake_args' from command line to 'None'
[0.390s] Level 5:colcon.colcon_core.verb:set package 'mocap4r2_marker_publisher' build argument 'catkin_skip_building_tests' from command line to 'False'
[0.391s] DEBUG:colcon.colcon_core.verb:Building package 'mocap4r2_marker_publisher' with the following arguments: {'ament_cmake_args': None, 'build_base': '/home/strain-drone/Documents/drone_position_hold/ros2_ws/build/mocap4r2_marker_publisher', 'catkin_cmake_args': None, 'catkin_skip_building_tests': False, 'cmake_args': None, 'cmake_clean_cache': False, 'cmake_clean_first': False, 'cmake_force_configure': False, 'cmake_target': None, 'cmake_target_skip_unavailable': False, 'install_base': '/home/strain-drone/Documents/drone_position_hold/ros2_ws/install/mocap4r2_marker_publisher', 'merge_install': False, 'path': '/home/strain-drone/Documents/drone_position_hold/ros2_ws/src/mocap4r2/mocap4r2_marker_viz/mocap4r2_marker_publisher', 'symlink_install': False, 'test_result_base': None}
[0.391s] Level 5:colcon.colcon_core.verb:set package 'mocap4r2_marker_viz' build argument 'cmake_args' from command line to 'None'
[0.391s] Level 5:colcon.colcon_core.verb:set package 'mocap4r2_marker_viz' build argument 'cmake_target' from command line to 'None'
[0.391s] Level 5:colcon.colcon_core.verb:set package 'mocap4r2_marker_viz' build argument 'cmake_target_skip_unavailable' from command line to 'False'
[0.391s] Level 5:colcon.colcon_core.verb:set package 'mocap4r2_marker_viz' build argument 'cmake_clean_cache' from command line to 'False'
[0.391s] Level 5:colcon.colcon_core.verb:set package 'mocap4r2_marker_viz' build argument 'cmake_clean_first' from command line to 'False'
[0.391s] Level 5:colcon.colcon_core.verb:set package 'mocap4r2_marker_viz' build argument 'cmake_force_configure' from command line to 'False'
[0.391s] Level 5:colcon.colcon_core.verb:set package 'mocap4r2_marker_viz' build argument 'ament_cmake_args' from command line to 'None'
[0.391s] Level 5:colcon.colcon_core.verb:set package 'mocap4r2_marker_viz' build argument 'catkin_cmake_args' from command line to 'None'
[0.391s] Level 5:colcon.colcon_core.verb:set package 'mocap4r2_marker_viz' build argument 'catkin_skip_building_tests' from command line to 'False'
[0.391s] DEBUG:colcon.colcon_core.verb:Building package 'mocap4r2_marker_viz' with the following arguments: {'ament_cmake_args': None, 'build_base': '/home/strain-drone/Documents/drone_position_hold/ros2_ws/build/mocap4r2_marker_viz', 'catkin_cmake_args': None, 'catkin_skip_building_tests': False, 'cmake_args': None, 'cmake_clean_cache': False, 'cmake_clean_first': False, 'cmake_force_configure': False, 'cmake_target': None, 'cmake_target_skip_unavailable': False, 'install_base': '/home/strain-drone/Documents/drone_position_hold/ros2_ws/install/mocap4r2_marker_viz', 'merge_install': False, 'path': '/home/strain-drone/Documents/drone_position_hold/ros2_ws/src/mocap4r2/mocap4r2_marker_viz/mocap4r2_marker_viz', 'symlink_install': False, 'test_result_base': None}
[0.391s] Level 5:colcon.colcon_core.verb:set package 'mocap4r2_robot_gt' build argument 'cmake_args' from command line to 'None'
[0.391s] Level 5:colcon.colcon_core.verb:set package 'mocap4r2_robot_gt' build argument 'cmake_target' from command line to 'None'
[0.391s] Level 5:colcon.colcon_core.verb:set package 'mocap4r2_robot_gt' build argument 'cmake_target_skip_unavailable' from command line to 'False'
[0.391s] Level 5:colcon.colcon_core.verb:set package 'mocap4r2_robot_gt' build argument 'cmake_clean_cache' from command line to 'False'
[0.391s] Level 5:colcon.colcon_core.verb:set package 'mocap4r2_robot_gt' build argument 'cmake_clean_first' from command line to 'False'
[0.391s] Level 5:colcon.colcon_core.verb:set package 'mocap4r2_robot_gt' build argument 'cmake_force_configure' from command line to 'False'
[0.391s] Level 5:colcon.colcon_core.verb:set package 'mocap4r2_robot_gt' build argument 'ament_cmake_args' from command line to 'None'
[0.391s] Level 5:colcon.colcon_core.verb:set package 'mocap4r2_robot_gt' build argument 'catkin_cmake_args' from command line to 'None'
[0.392s] Level 5:colcon.colcon_core.verb:set package 'mocap4r2_robot_gt' build argument 'catkin_skip_building_tests' from command line to 'False'
[0.392s] DEBUG:colcon.colcon_core.verb:Building package 'mocap4r2_robot_gt' with the following arguments: {'ament_cmake_args': None, 'build_base': '/home/strain-drone/Documents/drone_position_hold/ros2_ws/build/mocap4r2_robot_gt', 'catkin_cmake_args': None, 'catkin_skip_building_tests': False, 'cmake_args': None, 'cmake_clean_cache': False, 'cmake_clean_first': False, 'cmake_force_configure': False, 'cmake_target': None, 'cmake_target_skip_unavailable': False, 'install_base': '/home/strain-drone/Documents/drone_position_hold/ros2_ws/install/mocap4r2_robot_gt', 'merge_install': False, 'path': '/home/strain-drone/Documents/drone_position_hold/ros2_ws/src/mocap4r2/mocap4r2_robot_gt/mocap4r2_robot_gt', 'symlink_install': False, 'test_result_base': None}
[0.392s] Level 5:colcon.colcon_core.verb:set package 'mocap4r2cli' build argument 'cmake_args' from command line to 'None'
[0.392s] Level 5:colcon.colcon_core.verb:set package 'mocap4r2cli' build argument 'cmake_target' from command line to 'None'
[0.392s] Level 5:colcon.colcon_core.verb:set package 'mocap4r2cli' build argument 'cmake_target_skip_unavailable' from command line to 'False'
[0.392s] Level 5:colcon.colcon_core.verb:set package 'mocap4r2cli' build argument 'cmake_clean_cache' from command line to 'False'
[0.392s] Level 5:colcon.colcon_core.verb:set package 'mocap4r2cli' build argument 'cmake_clean_first' from command line to 'False'
[0.392s] Level 5:colcon.colcon_core.verb:set package 'mocap4r2cli' build argument 'cmake_force_configure' from command line to 'False'
[0.392s] Level 5:colcon.colcon_core.verb:set package 'mocap4r2cli' build argument 'ament_cmake_args' from command line to 'None'
[0.392s] Level 5:colcon.colcon_core.verb:set package 'mocap4r2cli' build argument 'catkin_cmake_args' from command line to 'None'
[0.392s] Level 5:colcon.colcon_core.verb:set package 'mocap4r2cli' build argument 'catkin_skip_building_tests' from command line to 'False'
[0.392s] DEBUG:colcon.colcon_core.verb:Building package 'mocap4r2cli' with the following arguments: {'ament_cmake_args': None, 'build_base': '/home/strain-drone/Documents/drone_position_hold/ros2_ws/build/mocap4r2cli', 'catkin_cmake_args': None, 'catkin_skip_building_tests': False, 'cmake_args': None, 'cmake_clean_cache': False, 'cmake_clean_first': False, 'cmake_force_configure': False, 'cmake_target': None, 'cmake_target_skip_unavailable': False, 'install_base': '/home/strain-drone/Documents/drone_position_hold/ros2_ws/install/mocap4r2cli', 'merge_install': False, 'path': '/home/strain-drone/Documents/drone_position_hold/ros2_ws/src/mocap4r2/mocap4r2cli', 'symlink_install': False, 'test_result_base': None}
[0.392s] Level 5:colcon.colcon_core.verb:set package 'mocap4r2_dummy_driver' build argument 'cmake_args' from command line to 'None'
[0.392s] Level 5:colcon.colcon_core.verb:set package 'mocap4r2_dummy_driver' build argument 'cmake_target' from command line to 'None'
[0.392s] Level 5:colcon.colcon_core.verb:set package 'mocap4r2_dummy_driver' build argument 'cmake_target_skip_unavailable' from command line to 'False'
[0.392s] Level 5:colcon.colcon_core.verb:set package 'mocap4r2_dummy_driver' build argument 'cmake_clean_cache' from command line to 'False'
[0.392s] Level 5:colcon.colcon_core.verb:set package 'mocap4r2_dummy_driver' build argument 'cmake_clean_first' from command line to 'False'
[0.392s] Level 5:colcon.colcon_core.verb:set package 'mocap4r2_dummy_driver' build argument 'cmake_force_configure' from command line to 'False'
[0.392s] Level 5:colcon.colcon_core.verb:set package 'mocap4r2_dummy_driver' build argument 'ament_cmake_args' from command line to 'None'
[0.392s] Level 5:colcon.colcon_core.verb:set package 'mocap4r2_dummy_driver' build argument 'catkin_cmake_args' from command line to 'None'
[0.393s] Level 5:colcon.colcon_core.verb:set package 'mocap4r2_dummy_driver' build argument 'catkin_skip_building_tests' from command line to 'False'
[0.393s] DEBUG:colcon.colcon_core.verb:Building package 'mocap4r2_dummy_driver' with the following arguments: {'ament_cmake_args': None, 'build_base': '/home/strain-drone/Documents/drone_position_hold/ros2_ws/build/mocap4r2_dummy_driver', 'catkin_cmake_args': None, 'catkin_skip_building_tests': False, 'cmake_args': None, 'cmake_clean_cache': False, 'cmake_clean_first': False, 'cmake_force_configure': False, 'cmake_target': None, 'cmake_target_skip_unavailable': False, 'install_base': '/home/strain-drone/Documents/drone_position_hold/ros2_ws/install/mocap4r2_dummy_driver', 'merge_install': False, 'path': '/home/strain-drone/Documents/drone_position_hold/ros2_ws/src/mocap4r2/mocap4r2_dummy_driver', 'symlink_install': False, 'test_result_base': None}
[0.393s] Level 5:colcon.colcon_core.verb:set package 'mocap4r2_vicon_driver' build argument 'cmake_args' from command line to 'None'
[0.393s] Level 5:colcon.colcon_core.verb:set package 'mocap4r2_vicon_driver' build argument 'cmake_target' from command line to 'None'
[0.393s] Level 5:colcon.colcon_core.verb:set package 'mocap4r2_vicon_driver' build argument 'cmake_target_skip_unavailable' from command line to 'False'
[0.393s] Level 5:colcon.colcon_core.verb:set package 'mocap4r2_vicon_driver' build argument 'cmake_clean_cache' from command line to 'False'
[0.393s] Level 5:colcon.colcon_core.verb:set package 'mocap4r2_vicon_driver' build argument 'cmake_clean_first' from command line to 'False'
[0.393s] Level 5:colcon.colcon_core.verb:set package 'mocap4r2_vicon_driver' build argument 'cmake_force_configure' from command line to 'False'
[0.393s] Level 5:colcon.colcon_core.verb:set package 'mocap4r2_vicon_driver' build argument 'ament_cmake_args' from command line to 'None'
[0.393s] Level 5:colcon.colcon_core.verb:set package 'mocap4r2_vicon_driver' build argument 'catkin_cmake_args' from command line to 'None'
[0.393s] Level 5:colcon.colcon_core.verb:set package 'mocap4r2_vicon_driver' build argument 'catkin_skip_building_tests' from command line to 'False'
[0.393s] DEBUG:colcon.colcon_core.verb:Building package 'mocap4r2_vicon_driver' with the following arguments: {'ament_cmake_args': None, 'build_base': '/home/strain-drone/Documents/drone_position_hold/ros2_ws/build/mocap4r2_vicon_driver', 'catkin_cmake_args': None, 'catkin_skip_building_tests': False, 'cmake_args': None, 'cmake_clean_cache': False, 'cmake_clean_first': False, 'cmake_force_configure': False, 'cmake_target': None, 'cmake_target_skip_unavailable': False, 'install_base': '/home/strain-drone/Documents/drone_position_hold/ros2_ws/install/mocap4r2_vicon_driver', 'merge_install': False, 'path': '/home/strain-drone/Documents/drone_position_hold/ros2_ws/src/mocap4ros2_vicon/mocap4r2_vicon_driver', 'symlink_install': False, 'test_result_base': None}
[0.393s] Level 5:colcon.colcon_core.verb:set package 'rqt_mocap4r2_control' build argument 'cmake_args' from command line to 'None'
[0.393s] Level 5:colcon.colcon_core.verb:set package 'rqt_mocap4r2_control' build argument 'cmake_target' from command line to 'None'
[0.393s] Level 5:colcon.colcon_core.verb:set package 'rqt_mocap4r2_control' build argument 'cmake_target_skip_unavailable' from command line to 'False'
[0.393s] Level 5:colcon.colcon_core.verb:set package 'rqt_mocap4r2_control' build argument 'cmake_clean_cache' from command line to 'False'
[0.393s] Level 5:colcon.colcon_core.verb:set package 'rqt_mocap4r2_control' build argument 'cmake_clean_first' from command line to 'False'
[0.393s] Level 5:colcon.colcon_core.verb:set package 'rqt_mocap4r2_control' build argument 'cmake_force_configure' from command line to 'False'
[0.393s] Level 5:colcon.colcon_core.verb:set package 'rqt_mocap4r2_control' build argument 'ament_cmake_args' from command line to 'None'
[0.393s] Level 5:colcon.colcon_core.verb:set package 'rqt_mocap4r2_control' build argument 'catkin_cmake_args' from command line to 'None'
[0.393s] Level 5:colcon.colcon_core.verb:set package 'rqt_mocap4r2_control' build argument 'catkin_skip_building_tests' from command line to 'False'
[0.394s] DEBUG:colcon.colcon_core.verb:Building package 'rqt_mocap4r2_control' with the following arguments: {'ament_cmake_args': None, 'build_base': '/home/strain-drone/Documents/drone_position_hold/ros2_ws/build/rqt_mocap4r2_control', 'catkin_cmake_args': None, 'catkin_skip_building_tests': False, 'cmake_args': None, 'cmake_clean_cache': False, 'cmake_clean_first': False, 'cmake_force_configure': False, 'cmake_target': None, 'cmake_target_skip_unavailable': False, 'install_base': '/home/strain-drone/Documents/drone_position_hold/ros2_ws/install/rqt_mocap4r2_control', 'merge_install': False, 'path': '/home/strain-drone/Documents/drone_position_hold/ros2_ws/src/mocap4r2/mocap4r2_control/rqt_mocap4r2_control', 'symlink_install': False, 'test_result_base': None}
[0.394s] INFO:colcon.colcon_core.executor:Executing jobs using 'parallel' executor
[0.395s] DEBUG:colcon.colcon_parallel_executor.executor.parallel:run_until_complete
[0.396s] INFO:colcon.colcon_ros.task.ament_cmake.build:Building ROS package in '/home/strain-drone/Documents/drone_position_hold/ros2_ws/src/mocap4r2/mocap4r2_control/mocap4r2_control_msgs' with build type 'ament_cmake'
[0.396s] INFO:colcon.colcon_cmake.task.cmake.build:Building CMake package in '/home/strain-drone/Documents/drone_position_hold/ros2_ws/src/mocap4r2/mocap4r2_control/mocap4r2_control_msgs'
[0.399s] INFO:colcon.colcon_core.plugin_system:Skipping extension 'colcon_core.shell.bat': Not used on non-Windows systems
[0.399s] INFO:colcon.colcon_core.shell:Skip shell extension 'powershell' for command environment: Not usable outside of PowerShell
[0.399s] DEBUG:colcon.colcon_core.shell:Skip shell extension 'dsv' for command environment
[0.405s] INFO:colcon.colcon_ros.task.ament_cmake.build:Building ROS package in '/home/strain-drone/Documents/drone_position_hold/ros2_ws/src/mocap4r2_msgs' with build type 'ament_cmake'
[0.405s] INFO:colcon.colcon_cmake.task.cmake.build:Building CMake package in '/home/strain-drone/Documents/drone_position_hold/ros2_ws/src/mocap4r2_msgs'
[0.406s] INFO:colcon.colcon_core.shell:Skip shell extension 'powershell' for command environment: Not usable outside of PowerShell
[0.406s] DEBUG:colcon.colcon_core.shell:Skip shell extension 'dsv' for command environment
[0.412s] INFO:colcon.colcon_ros.task.ament_cmake.build:Building ROS package in '/home/strain-drone/Documents/drone_position_hold/ros2_ws/src/mocap4r2/mocap4r2_marker_viz/mocap4r2_marker_viz_srvs' with build type 'ament_cmake'
[0.412s] INFO:colcon.colcon_cmake.task.cmake.build:Building CMake package in '/home/strain-drone/Documents/drone_position_hold/ros2_ws/src/mocap4r2/mocap4r2_marker_viz/mocap4r2_marker_viz_srvs'
[0.412s] INFO:colcon.colcon_core.shell:Skip shell extension 'powershell' for command environment: Not usable outside of PowerShell
[0.412s] DEBUG:colcon.colcon_core.shell:Skip shell extension 'dsv' for command environment
[0.418s] INFO:colcon.colcon_ros.task.ament_cmake.build:Building ROS package in '/home/strain-drone/Documents/drone_position_hold/ros2_ws/src/mocap4r2/mocap4r2_robot_gt/mocap4r2_robot_gt_msgs' with build type 'ament_cmake'
[0.419s] INFO:colcon.colcon_cmake.task.cmake.build:Building CMake package in '/home/strain-drone/Documents/drone_position_hold/ros2_ws/src/mocap4r2/mocap4r2_robot_gt/mocap4r2_robot_gt_msgs'
[0.419s] INFO:colcon.colcon_core.shell:Skip shell extension 'powershell' for command environment: Not usable outside of PowerShell
[0.419s] DEBUG:colcon.colcon_core.shell:Skip shell extension 'dsv' for command environment
[0.430s] DEBUG:colcon.colcon_core.event_handler.log_command:Invoking command in '/home/strain-drone/Documents/drone_position_hold/ros2_ws/build/mocap4r2_control_msgs': CMAKE_PREFIX_PATH=${CMAKE_PREFIX_PATH}:/home/strain-drone/Documents/drone_position_hold/ros2_ws/install/visualizer:/home/strain-drone/Documents/drone_position_hold/ros2_ws/install/position_publisher:/home/strain-drone/Documents/drone_position_hold/ros2_ws/install/mocap4r2cli:/home/strain-drone/Documents/drone_position_hold/ros2_ws/install/mavros_config:/opt/ros/jazzy DEBUGINFOD_URLS=https://debuginfod.ubuntu.com PS1=(venv-ardupilot) \[\e]0;\u@\h: \w\a\]${debian_chroot:+($debian_chroot)}\[\033[01;32m\]\u@\h\[\033[00m\]:\[\033[01;34m\]\w\[\033[00m\]\$ VIRTUAL_ENV_PROMPT=(venv-ardupilot) /usr/bin/cmake --build /home/strain-drone/Documents/drone_position_hold/ros2_ws/build/mocap4r2_control_msgs -- -j4 -l4
[0.437s] DEBUG:colcon.colcon_core.event_handler.log_command:Invoking command in '/home/strain-drone/Documents/drone_position_hold/ros2_ws/build/mocap4r2_msgs': CMAKE_PREFIX_PATH=${CMAKE_PREFIX_PATH}:/home/strain-drone/Documents/drone_position_hold/ros2_ws/install/visualizer:/home/strain-drone/Documents/drone_position_hold/ros2_ws/install/position_publisher:/home/strain-drone/Documents/drone_position_hold/ros2_ws/install/mocap4r2cli:/home/strain-drone/Documents/drone_position_hold/ros2_ws/install/mavros_config:/opt/ros/jazzy DEBUGINFOD_URLS=https://debuginfod.ubuntu.com PS1=(venv-ardupilot) \[\e]0;\u@\h: \w\a\]${debian_chroot:+($debian_chroot)}\[\033[01;32m\]\u@\h\[\033[00m\]:\[\033[01;34m\]\w\[\033[00m\]\$ VIRTUAL_ENV_PROMPT=(venv-ardupilot) /usr/bin/cmake --build /home/strain-drone/Documents/drone_position_hold/ros2_ws/build/mocap4r2_msgs -- -j4 -l4
[0.441s] DEBUG:colcon.colcon_core.event_handler.log_command:Invoking command in '/home/strain-drone/Documents/drone_position_hold/ros2_ws/build/mocap4r2_marker_viz_srvs': CMAKE_PREFIX_PATH=${CMAKE_PREFIX_PATH}:/home/strain-drone/Documents/drone_position_hold/ros2_ws/install/visualizer:/home/strain-drone/Documents/drone_position_hold/ros2_ws/install/position_publisher:/home/strain-drone/Documents/drone_position_hold/ros2_ws/install/mocap4r2cli:/home/strain-drone/Documents/drone_position_hold/ros2_ws/install/mavros_config:/opt/ros/jazzy DEBUGINFOD_URLS=https://debuginfod.ubuntu.com PS1=(venv-ardupilot) \[\e]0;\u@\h: \w\a\]${debian_chroot:+($debian_chroot)}\[\033[01;32m\]\u@\h\[\033[00m\]:\[\033[01;34m\]\w\[\033[00m\]\$ VIRTUAL_ENV_PROMPT=(venv-ardupilot) /usr/bin/cmake --build /home/strain-drone/Documents/drone_position_hold/ros2_ws/build/mocap4r2_marker_viz_srvs -- -j4 -l4
[0.458s] DEBUG:colcon.colcon_core.event_handler.log_command:Invoking command in '/home/strain-drone/Documents/drone_position_hold/ros2_ws/build/mocap4r2_robot_gt_msgs': CMAKE_PREFIX_PATH=${CMAKE_PREFIX_PATH}:/home/strain-drone/Documents/drone_position_hold/ros2_ws/install/visualizer:/home/strain-drone/Documents/drone_position_hold/ros2_ws/install/position_publisher:/home/strain-drone/Documents/drone_position_hold/ros2_ws/install/mocap4r2cli:/home/strain-drone/Documents/drone_position_hold/ros2_ws/install/mavros_config:/opt/ros/jazzy DEBUGINFOD_URLS=https://debuginfod.ubuntu.com PS1=(venv-ardupilot) \[\e]0;\u@\h: \w\a\]${debian_chroot:+($debian_chroot)}\[\033[01;32m\]\u@\h\[\033[00m\]:\[\033[01;34m\]\w\[\033[00m\]\$ VIRTUAL_ENV_PROMPT=(venv-ardupilot) /usr/bin/cmake --build /home/strain-drone/Documents/drone_position_hold/ros2_ws/build/mocap4r2_robot_gt_msgs -- -j4 -l4
[2.154s] DEBUG:colcon.colcon_core.event_handler.log_command:Invoked command in '/home/strain-drone/Documents/drone_position_hold/ros2_ws/build/mocap4r2_msgs' returned '0': CMAKE_PREFIX_PATH=${CMAKE_PREFIX_PATH}:/home/strain-drone/Documents/drone_position_hold/ros2_ws/install/visualizer:/home/strain-drone/Documents/drone_position_hold/ros2_ws/install/position_publisher:/home/strain-drone/Documents/drone_position_hold/ros2_ws/install/mocap4r2cli:/home/strain-drone/Documents/drone_position_hold/ros2_ws/install/mavros_config:/opt/ros/jazzy DEBUGINFOD_URLS=https://debuginfod.ubuntu.com PS1=(venv-ardupilot) \[\e]0;\u@\h: \w\a\]${debian_chroot:+($debian_chroot)}\[\033[01;32m\]\u@\h\[\033[00m\]:\[\033[01;34m\]\w\[\033[00m\]\$ VIRTUAL_ENV_PROMPT=(venv-ardupilot) /usr/bin/cmake --build /home/strain-drone/Documents/drone_position_hold/ros2_ws/build/mocap4r2_msgs -- -j4 -l4
[2.182s] DEBUG:colcon.colcon_core.event_handler.log_command:Invoking command in '/home/strain-drone/Documents/drone_position_hold/ros2_ws/build/mocap4r2_msgs': CMAKE_PREFIX_PATH=${CMAKE_PREFIX_PATH}:/home/strain-drone/Documents/drone_position_hold/ros2_ws/install/visualizer:/home/strain-drone/Documents/drone_position_hold/ros2_ws/install/position_publisher:/home/strain-drone/Documents/drone_position_hold/ros2_ws/install/mocap4r2cli:/home/strain-drone/Documents/drone_position_hold/ros2_ws/install/mavros_config:/opt/ros/jazzy DEBUGINFOD_URLS=https://debuginfod.ubuntu.com PS1=(venv-ardupilot) \[\e]0;\u@\h: \w\a\]${debian_chroot:+($debian_chroot)}\[\033[01;32m\]\u@\h\[\033[00m\]:\[\033[01;34m\]\w\[\033[00m\]\$ VIRTUAL_ENV_PROMPT=(venv-ardupilot) /usr/bin/cmake --install /home/strain-drone/Documents/drone_position_hold/ros2_ws/build/mocap4r2_msgs
[2.279s] DEBUG:colcon.colcon_core.event_handler.log_command:Invoked command in '/home/strain-drone/Documents/drone_position_hold/ros2_ws/build/mocap4r2_robot_gt_msgs' returned '0': CMAKE_PREFIX_PATH=${CMAKE_PREFIX_PATH}:/home/strain-drone/Documents/drone_position_hold/ros2_ws/install/visualizer:/home/strain-drone/Documents/drone_position_hold/ros2_ws/install/position_publisher:/home/strain-drone/Documents/drone_position_hold/ros2_ws/install/mocap4r2cli:/home/strain-drone/Documents/drone_position_hold/ros2_ws/install/mavros_config:/opt/ros/jazzy DEBUGINFOD_URLS=https://debuginfod.ubuntu.com PS1=(venv-ardupilot) \[\e]0;\u@\h: \w\a\]${debian_chroot:+($debian_chroot)}\[\033[01;32m\]\u@\h\[\033[00m\]:\[\033[01;34m\]\w\[\033[00m\]\$ VIRTUAL_ENV_PROMPT=(venv-ardupilot) /usr/bin/cmake --build /home/strain-drone/Documents/drone_position_hold/ros2_ws/build/mocap4r2_robot_gt_msgs -- -j4 -l4
[2.282s] DEBUG:colcon.colcon_core.event_handler.log_command:Invoking command in '/home/strain-drone/Documents/drone_position_hold/ros2_ws/build/mocap4r2_robot_gt_msgs': CMAKE_PREFIX_PATH=${CMAKE_PREFIX_PATH}:/home/strain-drone/Documents/drone_position_hold/ros2_ws/install/visualizer:/home/strain-drone/Documents/drone_position_hold/ros2_ws/install/position_publisher:/home/strain-drone/Documents/drone_position_hold/ros2_ws/install/mocap4r2cli:/home/strain-drone/Documents/drone_position_hold/ros2_ws/install/mavros_config:/opt/ros/jazzy DEBUGINFOD_URLS=https://debuginfod.ubuntu.com PS1=(venv-ardupilot) \[\e]0;\u@\h: \w\a\]${debian_chroot:+($debian_chroot)}\[\033[01;32m\]\u@\h\[\033[00m\]:\[\033[01;34m\]\w\[\033[00m\]\$ VIRTUAL_ENV_PROMPT=(venv-ardupilot) /usr/bin/cmake --install /home/strain-drone/Documents/drone_position_hold/ros2_ws/build/mocap4r2_robot_gt_msgs
[2.425s] Level 1:colcon.colcon_core.environment:create_environment_scripts_only(mocap4r2_msgs)
[2.426s] DEBUG:colcon.colcon_core.event_handler.log_command:Invoked command in '/home/strain-drone/Documents/drone_position_hold/ros2_ws/build/mocap4r2_msgs' returned '0': CMAKE_PREFIX_PATH=${CMAKE_PREFIX_PATH}:/home/strain-drone/Documents/drone_position_hold/ros2_ws/install/visualizer:/home/strain-drone/Documents/drone_position_hold/ros2_ws/install/position_publisher:/home/strain-drone/Documents/drone_position_hold/ros2_ws/install/mocap4r2cli:/home/strain-drone/Documents/drone_position_hold/ros2_ws/install/mavros_config:/opt/ros/jazzy DEBUGINFOD_URLS=https://debuginfod.ubuntu.com PS1=(venv-ardupilot) \[\e]0;\u@\h: \w\a\]${debian_chroot:+($debian_chroot)}\[\033[01;32m\]\u@\h\[\033[00m\]:\[\033[01;34m\]\w\[\033[00m\]\$ VIRTUAL_ENV_PROMPT=(venv-ardupilot) /usr/bin/cmake --install /home/strain-drone/Documents/drone_position_hold/ros2_ws/build/mocap4r2_msgs
[2.431s] Level 1:colcon.colcon_core.environment:checking '/home/strain-drone/Documents/drone_position_hold/ros2_ws/install/mocap4r2_msgs' for CMake module files
[2.433s] Level 1:colcon.colcon_core.environment:checking '/home/strain-drone/Documents/drone_position_hold/ros2_ws/install/mocap4r2_msgs' for CMake config files
[2.434s] Level 1:colcon.colcon_core.shell:create_environment_hook('mocap4r2_msgs', 'cmake_prefix_path')
[2.435s] INFO:colcon.colcon_core.shell:Creating environment hook '/home/strain-drone/Documents/drone_position_hold/ros2_ws/install/mocap4r2_msgs/share/mocap4r2_msgs/hook/cmake_prefix_path.ps1'
[2.436s] INFO:colcon.colcon_core.shell:Creating environment descriptor '/home/strain-drone/Documents/drone_position_hold/ros2_ws/install/mocap4r2_msgs/share/mocap4r2_msgs/hook/cmake_prefix_path.dsv'
[2.438s] INFO:colcon.colcon_core.shell:Creating environment hook '/home/strain-drone/Documents/drone_position_hold/ros2_ws/install/mocap4r2_msgs/share/mocap4r2_msgs/hook/cmake_prefix_path.sh'
[2.442s] Level 1:colcon.colcon_core.environment:checking '/home/strain-drone/Documents/drone_position_hold/ros2_ws/install/mocap4r2_msgs/lib'
[2.442s] Level 1:colcon.colcon_core.shell:create_environment_hook('mocap4r2_msgs', 'ld_library_path_lib')
[2.443s] INFO:colcon.colcon_core.shell:Creating environment hook '/home/strain-drone/Documents/drone_position_hold/ros2_ws/install/mocap4r2_msgs/share/mocap4r2_msgs/hook/ld_library_path_lib.ps1'
[2.444s] INFO:colcon.colcon_core.shell:Creating environment descriptor '/home/strain-drone/Documents/drone_position_hold/ros2_ws/install/mocap4r2_msgs/share/mocap4r2_msgs/hook/ld_library_path_lib.dsv'
[2.444s] INFO:colcon.colcon_core.shell:Creating environment hook '/home/strain-drone/Documents/drone_position_hold/ros2_ws/install/mocap4r2_msgs/share/mocap4r2_msgs/hook/ld_library_path_lib.sh'
[2.445s] Level 1:colcon.colcon_core.environment:checking '/home/strain-drone/Documents/drone_position_hold/ros2_ws/install/mocap4r2_msgs/bin'
[2.446s] Level 1:colcon.colcon_core.environment:checking '/home/strain-drone/Documents/drone_position_hold/ros2_ws/install/mocap4r2_msgs/lib/pkgconfig/mocap4r2_msgs.pc'
[2.446s] Level 1:colcon.colcon_core.environment:checking '/home/strain-drone/Documents/drone_position_hold/ros2_ws/install/mocap4r2_msgs/lib/python3.12/site-packages'
[2.446s] Level 1:colcon.colcon_core.shell:create_environment_hook('mocap4r2_msgs', 'pythonpath')
[2.446s] INFO:colcon.colcon_core.shell:Creating environment hook '/home/strain-drone/Documents/drone_position_hold/ros2_ws/install/mocap4r2_msgs/share/mocap4r2_msgs/hook/pythonpath.ps1'
[2.447s] INFO:colcon.colcon_core.shell:Creating environment descriptor '/home/strain-drone/Documents/drone_position_hold/ros2_ws/install/mocap4r2_msgs/share/mocap4r2_msgs/hook/pythonpath.dsv'
[2.448s] INFO:colcon.colcon_core.shell:Creating environment hook '/home/strain-drone/Documents/drone_position_hold/ros2_ws/install/mocap4r2_msgs/share/mocap4r2_msgs/hook/pythonpath.sh'
[2.449s] Level 1:colcon.colcon_core.environment:checking '/home/strain-drone/Documents/drone_position_hold/ros2_ws/install/mocap4r2_msgs/bin'
[2.450s] INFO:colcon.colcon_core.shell:Creating package script '/home/strain-drone/Documents/drone_position_hold/ros2_ws/install/mocap4r2_msgs/share/mocap4r2_msgs/package.ps1'
[2.452s] INFO:colcon.colcon_core.shell:Creating package descriptor '/home/strain-drone/Documents/drone_position_hold/ros2_ws/install/mocap4r2_msgs/share/mocap4r2_msgs/package.dsv'
[2.454s] INFO:colcon.colcon_core.shell:Creating package script '/home/strain-drone/Documents/drone_position_hold/ros2_ws/install/mocap4r2_msgs/share/mocap4r2_msgs/package.sh'
[2.455s] INFO:colcon.colcon_core.shell:Creating package script '/home/strain-drone/Documents/drone_position_hold/ros2_ws/install/mocap4r2_msgs/share/mocap4r2_msgs/package.bash'
[2.457s] INFO:colcon.colcon_core.shell:Creating package script '/home/strain-drone/Documents/drone_position_hold/ros2_ws/install/mocap4r2_msgs/share/mocap4r2_msgs/package.zsh'
[2.458s] Level 1:colcon.colcon_core.environment:create_file_with_runtime_dependencies(/home/strain-drone/Documents/drone_position_hold/ros2_ws/install/mocap4r2_msgs/share/colcon-core/packages/mocap4r2_msgs)
[2.460s] Level 1:colcon.colcon_core.environment:create_environment_scripts_only(mocap4r2_msgs)
[2.460s] Level 1:colcon.colcon_core.environment:checking '/home/strain-drone/Documents/drone_position_hold/ros2_ws/install/mocap4r2_msgs' for CMake module files
[2.462s] Level 1:colcon.colcon_core.environment:checking '/home/strain-drone/Documents/drone_position_hold/ros2_ws/install/mocap4r2_msgs' for CMake config files
[2.463s] Level 1:colcon.colcon_core.shell:create_environment_hook('mocap4r2_msgs', 'cmake_prefix_path')
[2.463s] INFO:colcon.colcon_core.shell:Creating environment hook '/home/strain-drone/Documents/drone_position_hold/ros2_ws/install/mocap4r2_msgs/share/mocap4r2_msgs/hook/cmake_prefix_path.ps1'
[2.465s] INFO:colcon.colcon_core.shell:Creating environment descriptor '/home/strain-drone/Documents/drone_position_hold/ros2_ws/install/mocap4r2_msgs/share/mocap4r2_msgs/hook/cmake_prefix_path.dsv'
[2.466s] INFO:colcon.colcon_core.shell:Creating environment hook '/home/strain-drone/Documents/drone_position_hold/ros2_ws/install/mocap4r2_msgs/share/mocap4r2_msgs/hook/cmake_prefix_path.sh'
[2.468s] Level 1:colcon.colcon_core.environment:checking '/home/strain-drone/Documents/drone_position_hold/ros2_ws/install/mocap4r2_msgs/lib'
[2.468s] Level 1:colcon.colcon_core.shell:create_environment_hook('mocap4r2_msgs', 'ld_library_path_lib')
[2.468s] INFO:colcon.colcon_core.shell:Creating environment hook '/home/strain-drone/Documents/drone_position_hold/ros2_ws/install/mocap4r2_msgs/share/mocap4r2_msgs/hook/ld_library_path_lib.ps1'
[2.469s] INFO:colcon.colcon_core.shell:Creating environment descriptor '/home/strain-drone/Documents/drone_position_hold/ros2_ws/install/mocap4r2_msgs/share/mocap4r2_msgs/hook/ld_library_path_lib.dsv'
[2.471s] INFO:colcon.colcon_core.shell:Creating environment hook '/home/strain-drone/Documents/drone_position_hold/ros2_ws/install/mocap4r2_msgs/share/mocap4r2_msgs/hook/ld_library_path_lib.sh'
[2.473s] Level 1:colcon.colcon_core.environment:checking '/home/strain-drone/Documents/drone_position_hold/ros2_ws/install/mocap4r2_msgs/bin'
[2.473s] Level 1:colcon.colcon_core.environment:checking '/home/strain-drone/Documents/drone_position_hold/ros2_ws/install/mocap4r2_msgs/lib/pkgconfig/mocap4r2_msgs.pc'
[2.474s] Level 1:colcon.colcon_core.environment:checking '/home/strain-drone/Documents/drone_position_hold/ros2_ws/install/mocap4r2_msgs/lib/python3.12/site-packages'
[2.475s] Level 1:colcon.colcon_core.shell:create_environment_hook('mocap4r2_msgs', 'pythonpath')
[2.475s] INFO:colcon.colcon_core.shell:Creating environment hook '/home/strain-drone/Documents/drone_position_hold/ros2_ws/install/mocap4r2_msgs/share/mocap4r2_msgs/hook/pythonpath.ps1'
[2.479s] INFO:colcon.colcon_core.shell:Creating environment descriptor '/home/strain-drone/Documents/drone_position_hold/ros2_ws/install/mocap4r2_msgs/share/mocap4r2_msgs/hook/pythonpath.dsv'
[2.480s] INFO:colcon.colcon_core.shell:Creating environment hook '/home/strain-drone/Documents/drone_position_hold/ros2_ws/install/mocap4r2_msgs/share/mocap4r2_msgs/hook/pythonpath.sh'
[2.481s] Level 1:colcon.colcon_core.environment:checking '/home/strain-drone/Documents/drone_position_hold/ros2_ws/install/mocap4r2_msgs/bin'
[2.481s] INFO:colcon.colcon_core.shell:Creating package script '/home/strain-drone/Documents/drone_position_hold/ros2_ws/install/mocap4r2_msgs/share/mocap4r2_msgs/package.ps1'
[2.482s] INFO:colcon.colcon_core.shell:Creating package descriptor '/home/strain-drone/Documents/drone_position_hold/ros2_ws/install/mocap4r2_msgs/share/mocap4r2_msgs/package.dsv'
[2.483s] INFO:colcon.colcon_core.shell:Creating package script '/home/strain-drone/Documents/drone_position_hold/ros2_ws/install/mocap4r2_msgs/share/mocap4r2_msgs/package.sh'
[2.484s] INFO:colcon.colcon_core.shell:Creating package script '/home/strain-drone/Documents/drone_position_hold/ros2_ws/install/mocap4r2_msgs/share/mocap4r2_msgs/package.bash'
[2.485s] INFO:colcon.colcon_core.shell:Creating package script '/home/strain-drone/Documents/drone_position_hold/ros2_ws/install/mocap4r2_msgs/share/mocap4r2_msgs/package.zsh'
[2.485s] Level 1:colcon.colcon_core.environment:create_file_with_runtime_dependencies(/home/strain-drone/Documents/drone_position_hold/ros2_ws/install/mocap4r2_msgs/share/colcon-core/packages/mocap4r2_msgs)
[2.487s] INFO:colcon.colcon_ros.task.ament_python.build:Building ROS package in '/home/strain-drone/Documents/drone_position_hold/ros2_ws/src/mavros_config' with build type 'ament_python'
[2.487s] Level 1:colcon.colcon_core.shell:create_environment_hook('mavros_config', 'ament_prefix_path')
[2.488s] INFO:colcon.colcon_core.shell:Creating environment hook '/home/strain-drone/Documents/drone_position_hold/ros2_ws/install/mavros_config/share/mavros_config/hook/ament_prefix_path.ps1'
[2.489s] INFO:colcon.colcon_core.shell:Creating environment descriptor '/home/strain-drone/Documents/drone_position_hold/ros2_ws/install/mavros_config/share/mavros_config/hook/ament_prefix_path.dsv'
[2.490s] INFO:colcon.colcon_core.shell:Creating environment hook '/home/strain-drone/Documents/drone_position_hold/ros2_ws/install/mavros_config/share/mavros_config/hook/ament_prefix_path.sh'
[2.492s] INFO:colcon.colcon_core.shell:Skip shell extension 'powershell' for command environment: Not usable outside of PowerShell
[2.492s] DEBUG:colcon.colcon_core.shell:Skip shell extension 'dsv' for command environment
[2.499s] Level 1:colcon.colcon_core.environment:create_environment_scripts_only(mocap4r2_robot_gt_msgs)
[2.499s] Level 1:colcon.colcon_core.environment:checking '/home/strain-drone/Documents/drone_position_hold/ros2_ws/install/mocap4r2_robot_gt_msgs' for CMake module files
[2.500s] DEBUG:colcon.colcon_core.event_handler.log_command:Invoked command in '/home/strain-drone/Documents/drone_position_hold/ros2_ws/build/mocap4r2_robot_gt_msgs' returned '0': CMAKE_PREFIX_PATH=${CMAKE_PREFIX_PATH}:/home/strain-drone/Documents/drone_position_hold/ros2_ws/install/visualizer:/home/strain-drone/Documents/drone_position_hold/ros2_ws/install/position_publisher:/home/strain-drone/Documents/drone_position_hold/ros2_ws/install/mocap4r2cli:/home/strain-drone/Documents/drone_position_hold/ros2_ws/install/mavros_config:/opt/ros/jazzy DEBUGINFOD_URLS=https://debuginfod.ubuntu.com PS1=(venv-ardupilot) \[\e]0;\u@\h: \w\a\]${debian_chroot:+($debian_chroot)}\[\033[01;32m\]\u@\h\[\033[00m\]:\[\033[01;34m\]\w\[\033[00m\]\$ VIRTUAL_ENV_PROMPT=(venv-ardupilot) /usr/bin/cmake --install /home/strain-drone/Documents/drone_position_hold/ros2_ws/build/mocap4r2_robot_gt_msgs
[2.500s] Level 1:colcon.colcon_core.environment:checking '/home/strain-drone/Documents/drone_position_hold/ros2_ws/install/mocap4r2_robot_gt_msgs' for CMake config files
[2.501s] Level 1:colcon.colcon_core.shell:create_environment_hook('mocap4r2_robot_gt_msgs', 'cmake_prefix_path')
[2.501s] INFO:colcon.colcon_core.shell:Creating environment hook '/home/strain-drone/Documents/drone_position_hold/ros2_ws/install/mocap4r2_robot_gt_msgs/share/mocap4r2_robot_gt_msgs/hook/cmake_prefix_path.ps1'
[2.502s] INFO:colcon.colcon_core.shell:Creating environment descriptor '/home/strain-drone/Documents/drone_position_hold/ros2_ws/install/mocap4r2_robot_gt_msgs/share/mocap4r2_robot_gt_msgs/hook/cmake_prefix_path.dsv'
[2.503s] INFO:colcon.colcon_core.shell:Creating environment hook '/home/strain-drone/Documents/drone_position_hold/ros2_ws/install/mocap4r2_robot_gt_msgs/share/mocap4r2_robot_gt_msgs/hook/cmake_prefix_path.sh'
[2.505s] Level 1:colcon.colcon_core.environment:checking '/home/strain-drone/Documents/drone_position_hold/ros2_ws/install/mocap4r2_robot_gt_msgs/lib'
[2.505s] Level 1:colcon.colcon_core.shell:create_environment_hook('mocap4r2_robot_gt_msgs', 'ld_library_path_lib')
[2.505s] INFO:colcon.colcon_core.shell:Creating environment hook '/home/strain-drone/Documents/drone_position_hold/ros2_ws/install/mocap4r2_robot_gt_msgs/share/mocap4r2_robot_gt_msgs/hook/ld_library_path_lib.ps1'
[2.506s] INFO:colcon.colcon_core.shell:Creating environment descriptor '/home/strain-drone/Documents/drone_position_hold/ros2_ws/install/mocap4r2_robot_gt_msgs/share/mocap4r2_robot_gt_msgs/hook/ld_library_path_lib.dsv'
[2.507s] INFO:colcon.colcon_core.shell:Creating environment hook '/home/strain-drone/Documents/drone_position_hold/ros2_ws/install/mocap4r2_robot_gt_msgs/share/mocap4r2_robot_gt_msgs/hook/ld_library_path_lib.sh'
[2.509s] Level 1:colcon.colcon_core.environment:checking '/home/strain-drone/Documents/drone_position_hold/ros2_ws/install/mocap4r2_robot_gt_msgs/bin'
[2.509s] Level 1:colcon.colcon_core.environment:checking '/home/strain-drone/Documents/drone_position_hold/ros2_ws/install/mocap4r2_robot_gt_msgs/lib/pkgconfig/mocap4r2_robot_gt_msgs.pc'
[2.509s] Level 1:colcon.colcon_core.environment:checking '/home/strain-drone/Documents/drone_position_hold/ros2_ws/install/mocap4r2_robot_gt_msgs/lib/python3.12/site-packages'
[2.510s] Level 1:colcon.colcon_core.shell:create_environment_hook('mocap4r2_robot_gt_msgs', 'pythonpath')
[2.510s] INFO:colcon.colcon_core.shell:Creating environment hook '/home/strain-drone/Documents/drone_position_hold/ros2_ws/install/mocap4r2_robot_gt_msgs/share/mocap4r2_robot_gt_msgs/hook/pythonpath.ps1'
[2.511s] INFO:colcon.colcon_core.shell:Creating environment descriptor '/home/strain-drone/Documents/drone_position_hold/ros2_ws/install/mocap4r2_robot_gt_msgs/share/mocap4r2_robot_gt_msgs/hook/pythonpath.dsv'
[2.512s] INFO:colcon.colcon_core.shell:Creating environment hook '/home/strain-drone/Documents/drone_position_hold/ros2_ws/install/mocap4r2_robot_gt_msgs/share/mocap4r2_robot_gt_msgs/hook/pythonpath.sh'
[2.514s] Level 1:colcon.colcon_core.environment:checking '/home/strain-drone/Documents/drone_position_hold/ros2_ws/install/mocap4r2_robot_gt_msgs/bin'
[2.514s] INFO:colcon.colcon_core.shell:Creating package script '/home/strain-drone/Documents/drone_position_hold/ros2_ws/install/mocap4r2_robot_gt_msgs/share/mocap4r2_robot_gt_msgs/package.ps1'
[2.515s] INFO:colcon.colcon_core.shell:Creating package descriptor '/home/strain-drone/Documents/drone_position_hold/ros2_ws/install/mocap4r2_robot_gt_msgs/share/mocap4r2_robot_gt_msgs/package.dsv'
[2.519s] INFO:colcon.colcon_core.shell:Creating package script '/home/strain-drone/Documents/drone_position_hold/ros2_ws/install/mocap4r2_robot_gt_msgs/share/mocap4r2_robot_gt_msgs/package.sh'
[2.520s] INFO:colcon.colcon_core.shell:Creating package script '/home/strain-drone/Documents/drone_position_hold/ros2_ws/install/mocap4r2_robot_gt_msgs/share/mocap4r2_robot_gt_msgs/package.bash'
[2.521s] INFO:colcon.colcon_core.shell:Creating package script '/home/strain-drone/Documents/drone_position_hold/ros2_ws/install/mocap4r2_robot_gt_msgs/share/mocap4r2_robot_gt_msgs/package.zsh'
[2.521s] Level 1:colcon.colcon_core.environment:create_file_with_runtime_dependencies(/home/strain-drone/Documents/drone_position_hold/ros2_ws/install/mocap4r2_robot_gt_msgs/share/colcon-core/packages/mocap4r2_robot_gt_msgs)
[2.523s] Level 1:colcon.colcon_core.environment:create_environment_scripts_only(mocap4r2_robot_gt_msgs)
[2.523s] Level 1:colcon.colcon_core.environment:checking '/home/strain-drone/Documents/drone_position_hold/ros2_ws/install/mocap4r2_robot_gt_msgs' for CMake module files
[2.524s] Level 1:colcon.colcon_core.environment:checking '/home/strain-drone/Documents/drone_position_hold/ros2_ws/install/mocap4r2_robot_gt_msgs' for CMake config files
[2.525s] Level 1:colcon.colcon_core.shell:create_environment_hook('mocap4r2_robot_gt_msgs', 'cmake_prefix_path')
[2.525s] INFO:colcon.colcon_core.shell:Creating environment hook '/home/strain-drone/Documents/drone_position_hold/ros2_ws/install/mocap4r2_robot_gt_msgs/share/mocap4r2_robot_gt_msgs/hook/cmake_prefix_path.ps1'
[2.525s] INFO:colcon.colcon_core.shell:Creating environment descriptor '/home/strain-drone/Documents/drone_position_hold/ros2_ws/install/mocap4r2_robot_gt_msgs/share/mocap4r2_robot_gt_msgs/hook/cmake_prefix_path.dsv'
[2.526s] INFO:colcon.colcon_core.shell:Creating environment hook '/home/strain-drone/Documents/drone_position_hold/ros2_ws/install/mocap4r2_robot_gt_msgs/share/mocap4r2_robot_gt_msgs/hook/cmake_prefix_path.sh'
[2.527s] Level 1:colcon.colcon_core.environment:checking '/home/strain-drone/Documents/drone_position_hold/ros2_ws/install/mocap4r2_robot_gt_msgs/lib'
[2.527s] Level 1:colcon.colcon_core.shell:create_environment_hook('mocap4r2_robot_gt_msgs', 'ld_library_path_lib')
[2.528s] INFO:colcon.colcon_core.shell:Creating environment hook '/home/strain-drone/Documents/drone_position_hold/ros2_ws/install/mocap4r2_robot_gt_msgs/share/mocap4r2_robot_gt_msgs/hook/ld_library_path_lib.ps1'
[2.528s] INFO:colcon.colcon_core.shell:Creating environment descriptor '/home/strain-drone/Documents/drone_position_hold/ros2_ws/install/mocap4r2_robot_gt_msgs/share/mocap4r2_robot_gt_msgs/hook/ld_library_path_lib.dsv'
[2.529s] INFO:colcon.colcon_core.shell:Creating environment hook '/home/strain-drone/Documents/drone_position_hold/ros2_ws/install/mocap4r2_robot_gt_msgs/share/mocap4r2_robot_gt_msgs/hook/ld_library_path_lib.sh'
[2.530s] Level 1:colcon.colcon_core.environment:checking '/home/strain-drone/Documents/drone_position_hold/ros2_ws/install/mocap4r2_robot_gt_msgs/bin'
[2.531s] Level 1:colcon.colcon_core.environment:checking '/home/strain-drone/Documents/drone_position_hold/ros2_ws/install/mocap4r2_robot_gt_msgs/lib/pkgconfig/mocap4r2_robot_gt_msgs.pc'
[2.531s] Level 1:colcon.colcon_core.environment:checking '/home/strain-drone/Documents/drone_position_hold/ros2_ws/install/mocap4r2_robot_gt_msgs/lib/python3.12/site-packages'
[2.531s] Level 1:colcon.colcon_core.shell:create_environment_hook('mocap4r2_robot_gt_msgs', 'pythonpath')
[2.531s] INFO:colcon.colcon_core.shell:Creating environment hook '/home/strain-drone/Documents/drone_position_hold/ros2_ws/install/mocap4r2_robot_gt_msgs/share/mocap4r2_robot_gt_msgs/hook/pythonpath.ps1'
[2.532s] INFO:colcon.colcon_core.shell:Creating environment descriptor '/home/strain-drone/Documents/drone_position_hold/ros2_ws/install/mocap4r2_robot_gt_msgs/share/mocap4r2_robot_gt_msgs/hook/pythonpath.dsv'
[2.533s] INFO:colcon.colcon_core.shell:Creating environment hook '/home/strain-drone/Documents/drone_position_hold/ros2_ws/install/mocap4r2_robot_gt_msgs/share/mocap4r2_robot_gt_msgs/hook/pythonpath.sh'
[2.535s] Level 1:colcon.colcon_core.environment:checking '/home/strain-drone/Documents/drone_position_hold/ros2_ws/install/mocap4r2_robot_gt_msgs/bin'
[2.535s] INFO:colcon.colcon_core.shell:Creating package script '/home/strain-drone/Documents/drone_position_hold/ros2_ws/install/mocap4r2_robot_gt_msgs/share/mocap4r2_robot_gt_msgs/package.ps1'
[2.536s] INFO:colcon.colcon_core.shell:Creating package descriptor '/home/strain-drone/Documents/drone_position_hold/ros2_ws/install/mocap4r2_robot_gt_msgs/share/mocap4r2_robot_gt_msgs/package.dsv'
[2.537s] INFO:colcon.colcon_core.shell:Creating package script '/home/strain-drone/Documents/drone_position_hold/ros2_ws/install/mocap4r2_robot_gt_msgs/share/mocap4r2_robot_gt_msgs/package.sh'
[2.538s] INFO:colcon.colcon_core.shell:Creating package script '/home/strain-drone/Documents/drone_position_hold/ros2_ws/install/mocap4r2_robot_gt_msgs/share/mocap4r2_robot_gt_msgs/package.bash'
[2.540s] INFO:colcon.colcon_core.shell:Creating package script '/home/strain-drone/Documents/drone_position_hold/ros2_ws/install/mocap4r2_robot_gt_msgs/share/mocap4r2_robot_gt_msgs/package.zsh'
[2.541s] Level 1:colcon.colcon_core.environment:create_file_with_runtime_dependencies(/home/strain-drone/Documents/drone_position_hold/ros2_ws/install/mocap4r2_robot_gt_msgs/share/colcon-core/packages/mocap4r2_robot_gt_msgs)
[2.545s] DEBUG:colcon.colcon_core.event_handler.log_command:Invoked command in '/home/strain-drone/Documents/drone_position_hold/ros2_ws/build/mocap4r2_marker_viz_srvs' returned '0': CMAKE_PREFIX_PATH=${CMAKE_PREFIX_PATH}:/home/strain-drone/Documents/drone_position_hold/ros2_ws/install/visualizer:/home/strain-drone/Documents/drone_position_hold/ros2_ws/install/position_publisher:/home/strain-drone/Documents/drone_position_hold/ros2_ws/install/mocap4r2cli:/home/strain-drone/Documents/drone_position_hold/ros2_ws/install/mavros_config:/opt/ros/jazzy DEBUGINFOD_URLS=https://debuginfod.ubuntu.com PS1=(venv-ardupilot) \[\e]0;\u@\h: \w\a\]${debian_chroot:+($debian_chroot)}\[\033[01;32m\]\u@\h\[\033[00m\]:\[\033[01;34m\]\w\[\033[00m\]\$ VIRTUAL_ENV_PROMPT=(venv-ardupilot) /usr/bin/cmake --build /home/strain-drone/Documents/drone_position_hold/ros2_ws/build/mocap4r2_marker_viz_srvs -- -j4 -l4
[2.546s] DEBUG:colcon.colcon_core.event_handler.log_command:Invoking command in '/home/strain-drone/Documents/drone_position_hold/ros2_ws/build/mocap4r2_marker_viz_srvs': CMAKE_PREFIX_PATH=${CMAKE_PREFIX_PATH}:/home/strain-drone/Documents/drone_position_hold/ros2_ws/install/visualizer:/home/strain-drone/Documents/drone_position_hold/ros2_ws/install/position_publisher:/home/strain-drone/Documents/drone_position_hold/ros2_ws/install/mocap4r2cli:/home/strain-drone/Documents/drone_position_hold/ros2_ws/install/mavros_config:/opt/ros/jazzy DEBUGINFOD_URLS=https://debuginfod.ubuntu.com PS1=(venv-ardupilot) \[\e]0;\u@\h: \w\a\]${debian_chroot:+($debian_chroot)}\[\033[01;32m\]\u@\h\[\033[00m\]:\[\033[01;34m\]\w\[\033[00m\]\$ VIRTUAL_ENV_PROMPT=(venv-ardupilot) /usr/bin/cmake --install /home/strain-drone/Documents/drone_position_hold/ros2_ws/build/mocap4r2_marker_viz_srvs
[2.547s] DEBUG:colcon.colcon_core.event_handler.log_command:Invoked command in '/home/strain-drone/Documents/drone_position_hold/ros2_ws/build/mocap4r2_control_msgs' returned '0': CMAKE_PREFIX_PATH=${CMAKE_PREFIX_PATH}:/home/strain-drone/Documents/drone_position_hold/ros2_ws/install/visualizer:/home/strain-drone/Documents/drone_position_hold/ros2_ws/install/position_publisher:/home/strain-drone/Documents/drone_position_hold/ros2_ws/install/mocap4r2cli:/home/strain-drone/Documents/drone_position_hold/ros2_ws/install/mavros_config:/opt/ros/jazzy DEBUGINFOD_URLS=https://debuginfod.ubuntu.com PS1=(venv-ardupilot) \[\e]0;\u@\h: \w\a\]${debian_chroot:+($debian_chroot)}\[\033[01;32m\]\u@\h\[\033[00m\]:\[\033[01;34m\]\w\[\033[00m\]\$ VIRTUAL_ENV_PROMPT=(venv-ardupilot) /usr/bin/cmake --build /home/strain-drone/Documents/drone_position_hold/ros2_ws/build/mocap4r2_control_msgs -- -j4 -l4
[2.549s] DEBUG:colcon.colcon_core.event_handler.log_command:Invoking command in '/home/strain-drone/Documents/drone_position_hold/ros2_ws/build/mocap4r2_control_msgs': CMAKE_PREFIX_PATH=${CMAKE_PREFIX_PATH}:/home/strain-drone/Documents/drone_position_hold/ros2_ws/install/visualizer:/home/strain-drone/Documents/drone_position_hold/ros2_ws/install/position_publisher:/home/strain-drone/Documents/drone_position_hold/ros2_ws/install/mocap4r2cli:/home/strain-drone/Documents/drone_position_hold/ros2_ws/install/mavros_config:/opt/ros/jazzy DEBUGINFOD_URLS=https://debuginfod.ubuntu.com PS1=(venv-ardupilot) \[\e]0;\u@\h: \w\a\]${debian_chroot:+($debian_chroot)}\[\033[01;32m\]\u@\h\[\033[00m\]:\[\033[01;34m\]\w\[\033[00m\]\$ VIRTUAL_ENV_PROMPT=(venv-ardupilot) /usr/bin/cmake --install /home/strain-drone/Documents/drone_position_hold/ros2_ws/build/mocap4r2_control_msgs
[2.550s] INFO:colcon.colcon_ros.task.ament_cmake.build:Building ROS package in '/home/strain-drone/Documents/drone_position_hold/ros2_ws/src/natnet_ros2' with build type 'ament_cmake'
[2.550s] INFO:colcon.colcon_cmake.task.cmake.build:Building CMake package in '/home/strain-drone/Documents/drone_position_hold/ros2_ws/src/natnet_ros2'
[2.551s] INFO:colcon.colcon_core.shell:Skip shell extension 'powershell' for command environment: Not usable outside of PowerShell
[2.551s] DEBUG:colcon.colcon_core.shell:Skip shell extension 'dsv' for command environment
[2.918s] INFO:colcon.colcon_core.task.python.build:Building Python package in '/home/strain-drone/Documents/drone_position_hold/ros2_ws/src/mavros_config'
[2.918s] INFO:colcon.colcon_core.shell:Skip shell extension 'powershell' for command environment: Not usable outside of PowerShell
[2.918s] DEBUG:colcon.colcon_core.shell:Skip shell extension 'dsv' for command environment
[2.925s] Level 1:colcon.colcon_core.environment:create_environment_scripts_only(mocap4r2_control_msgs)
[2.926s] Level 1:colcon.colcon_core.environment:checking '/home/strain-drone/Documents/drone_position_hold/ros2_ws/install/mocap4r2_control_msgs' for CMake module files
[2.926s] DEBUG:colcon.colcon_core.event_handler.log_command:Invoked command in '/home/strain-drone/Documents/drone_position_hold/ros2_ws/build/mocap4r2_control_msgs' returned '0': CMAKE_PREFIX_PATH=${CMAKE_PREFIX_PATH}:/home/strain-drone/Documents/drone_position_hold/ros2_ws/install/visualizer:/home/strain-drone/Documents/drone_position_hold/ros2_ws/install/position_publisher:/home/strain-drone/Documents/drone_position_hold/ros2_ws/install/mocap4r2cli:/home/strain-drone/Documents/drone_position_hold/ros2_ws/install/mavros_config:/opt/ros/jazzy DEBUGINFOD_URLS=https://debuginfod.ubuntu.com PS1=(venv-ardupilot) \[\e]0;\u@\h: \w\a\]${debian_chroot:+($debian_chroot)}\[\033[01;32m\]\u@\h\[\033[00m\]:\[\033[01;34m\]\w\[\033[00m\]\$ VIRTUAL_ENV_PROMPT=(venv-ardupilot) /usr/bin/cmake --install /home/strain-drone/Documents/drone_position_hold/ros2_ws/build/mocap4r2_control_msgs
[2.927s] Level 1:colcon.colcon_core.environment:checking '/home/strain-drone/Documents/drone_position_hold/ros2_ws/install/mocap4r2_control_msgs' for CMake config files
[2.928s] Level 1:colcon.colcon_core.shell:create_environment_hook('mocap4r2_control_msgs', 'cmake_prefix_path')
[2.928s] INFO:colcon.colcon_core.shell:Creating environment hook '/home/strain-drone/Documents/drone_position_hold/ros2_ws/install/mocap4r2_control_msgs/share/mocap4r2_control_msgs/hook/cmake_prefix_path.ps1'
[2.929s] INFO:colcon.colcon_core.shell:Creating environment descriptor '/home/strain-drone/Documents/drone_position_hold/ros2_ws/install/mocap4r2_control_msgs/share/mocap4r2_control_msgs/hook/cmake_prefix_path.dsv'
[2.930s] INFO:colcon.colcon_core.shell:Creating environment hook '/home/strain-drone/Documents/drone_position_hold/ros2_ws/install/mocap4r2_control_msgs/share/mocap4r2_control_msgs/hook/cmake_prefix_path.sh'
[2.931s] Level 1:colcon.colcon_core.environment:checking '/home/strain-drone/Documents/drone_position_hold/ros2_ws/install/mocap4r2_control_msgs/lib'
[2.932s] Level 1:colcon.colcon_core.shell:create_environment_hook('mocap4r2_control_msgs', 'ld_library_path_lib')
[2.932s] INFO:colcon.colcon_core.shell:Creating environment hook '/home/strain-drone/Documents/drone_position_hold/ros2_ws/install/mocap4r2_control_msgs/share/mocap4r2_control_msgs/hook/ld_library_path_lib.ps1'
[2.933s] INFO:colcon.colcon_core.shell:Creating environment descriptor '/home/strain-drone/Documents/drone_position_hold/ros2_ws/install/mocap4r2_control_msgs/share/mocap4r2_control_msgs/hook/ld_library_path_lib.dsv'
[2.934s] INFO:colcon.colcon_core.shell:Creating environment hook '/home/strain-drone/Documents/drone_position_hold/ros2_ws/install/mocap4r2_control_msgs/share/mocap4r2_control_msgs/hook/ld_library_path_lib.sh'
[2.935s] Level 1:colcon.colcon_core.environment:checking '/home/strain-drone/Documents/drone_position_hold/ros2_ws/install/mocap4r2_control_msgs/bin'
[2.935s] Level 1:colcon.colcon_core.environment:checking '/home/strain-drone/Documents/drone_position_hold/ros2_ws/install/mocap4r2_control_msgs/lib/pkgconfig/mocap4r2_control_msgs.pc'
[2.936s] Level 1:colcon.colcon_core.environment:checking '/home/strain-drone/Documents/drone_position_hold/ros2_ws/install/mocap4r2_control_msgs/lib/python3.12/site-packages'
[2.936s] Level 1:colcon.colcon_core.shell:create_environment_hook('mocap4r2_control_msgs', 'pythonpath')
[2.936s] INFO:colcon.colcon_core.shell:Creating environment hook '/home/strain-drone/Documents/drone_position_hold/ros2_ws/install/mocap4r2_control_msgs/share/mocap4r2_control_msgs/hook/pythonpath.ps1'
[2.937s] INFO:colcon.colcon_core.shell:Creating environment descriptor '/home/strain-drone/Documents/drone_position_hold/ros2_ws/install/mocap4r2_control_msgs/share/mocap4r2_control_msgs/hook/pythonpath.dsv'
[2.938s] INFO:colcon.colcon_core.shell:Creating environment hook '/home/strain-drone/Documents/drone_position_hold/ros2_ws/install/mocap4r2_control_msgs/share/mocap4r2_control_msgs/hook/pythonpath.sh'
[2.940s] Level 1:colcon.colcon_core.environment:checking '/home/strain-drone/Documents/drone_position_hold/ros2_ws/install/mocap4r2_control_msgs/bin'
[2.941s] INFO:colcon.colcon_core.shell:Creating package script '/home/strain-drone/Documents/drone_position_hold/ros2_ws/install/mocap4r2_control_msgs/share/mocap4r2_control_msgs/package.ps1'
[2.942s] INFO:colcon.colcon_core.shell:Creating package descriptor '/home/strain-drone/Documents/drone_position_hold/ros2_ws/install/mocap4r2_control_msgs/share/mocap4r2_control_msgs/package.dsv'
[2.943s] INFO:colcon.colcon_core.shell:Creating package script '/home/strain-drone/Documents/drone_position_hold/ros2_ws/install/mocap4r2_control_msgs/share/mocap4r2_control_msgs/package.sh'
[2.945s] INFO:colcon.colcon_core.shell:Creating package script '/home/strain-drone/Documents/drone_position_hold/ros2_ws/install/mocap4r2_control_msgs/share/mocap4r2_control_msgs/package.bash'
[2.949s] INFO:colcon.colcon_core.shell:Creating package script '/home/strain-drone/Documents/drone_position_hold/ros2_ws/install/mocap4r2_control_msgs/share/mocap4r2_control_msgs/package.zsh'
[2.949s] Level 1:colcon.colcon_core.environment:create_file_with_runtime_dependencies(/home/strain-drone/Documents/drone_position_hold/ros2_ws/install/mocap4r2_control_msgs/share/colcon-core/packages/mocap4r2_control_msgs)
[2.951s] Level 1:colcon.colcon_core.environment:create_environment_scripts_only(mocap4r2_control_msgs)
[2.951s] Level 1:colcon.colcon_core.environment:checking '/home/strain-drone/Documents/drone_position_hold/ros2_ws/install/mocap4r2_control_msgs' for CMake module files
[2.952s] Level 1:colcon.colcon_core.environment:checking '/home/strain-drone/Documents/drone_position_hold/ros2_ws/install/mocap4r2_control_msgs' for CMake config files
[2.952s] Level 1:colcon.colcon_core.shell:create_environment_hook('mocap4r2_control_msgs', 'cmake_prefix_path')
[2.953s] INFO:colcon.colcon_core.shell:Creating environment hook '/home/strain-drone/Documents/drone_position_hold/ros2_ws/install/mocap4r2_control_msgs/share/mocap4r2_control_msgs/hook/cmake_prefix_path.ps1'
[2.953s] INFO:colcon.colcon_core.shell:Creating environment descriptor '/home/strain-drone/Documents/drone_position_hold/ros2_ws/install/mocap4r2_control_msgs/share/mocap4r2_control_msgs/hook/cmake_prefix_path.dsv'
[2.954s] INFO:colcon.colcon_core.shell:Creating environment hook '/home/strain-drone/Documents/drone_position_hold/ros2_ws/install/mocap4r2_control_msgs/share/mocap4r2_control_msgs/hook/cmake_prefix_path.sh'
[2.955s] Level 1:colcon.colcon_core.environment:checking '/home/strain-drone/Documents/drone_position_hold/ros2_ws/install/mocap4r2_control_msgs/lib'
[2.955s] Level 1:colcon.colcon_core.shell:create_environment_hook('mocap4r2_control_msgs', 'ld_library_path_lib')
[2.955s] INFO:colcon.colcon_core.shell:Creating environment hook '/home/strain-drone/Documents/drone_position_hold/ros2_ws/install/mocap4r2_control_msgs/share/mocap4r2_control_msgs/hook/ld_library_path_lib.ps1'
[2.956s] INFO:colcon.colcon_core.shell:Creating environment descriptor '/home/strain-drone/Documents/drone_position_hold/ros2_ws/install/mocap4r2_control_msgs/share/mocap4r2_control_msgs/hook/ld_library_path_lib.dsv'
[2.957s] INFO:colcon.colcon_core.shell:Creating environment hook '/home/strain-drone/Documents/drone_position_hold/ros2_ws/install/mocap4r2_control_msgs/share/mocap4r2_control_msgs/hook/ld_library_path_lib.sh'
[2.958s] Level 1:colcon.colcon_core.environment:checking '/home/strain-drone/Documents/drone_position_hold/ros2_ws/install/mocap4r2_control_msgs/bin'
[2.958s] Level 1:colcon.colcon_core.environment:checking '/home/strain-drone/Documents/drone_position_hold/ros2_ws/install/mocap4r2_control_msgs/lib/pkgconfig/mocap4r2_control_msgs.pc'
[2.958s] Level 1:colcon.colcon_core.environment:checking '/home/strain-drone/Documents/drone_position_hold/ros2_ws/install/mocap4r2_control_msgs/lib/python3.12/site-packages'
[2.958s] Level 1:colcon.colcon_core.shell:create_environment_hook('mocap4r2_control_msgs', 'pythonpath')
[2.958s] INFO:colcon.colcon_core.shell:Creating environment hook '/home/strain-drone/Documents/drone_position_hold/ros2_ws/install/mocap4r2_control_msgs/share/mocap4r2_control_msgs/hook/pythonpath.ps1'
[2.959s] INFO:colcon.colcon_core.shell:Creating environment descriptor '/home/strain-drone/Documents/drone_position_hold/ros2_ws/install/mocap4r2_control_msgs/share/mocap4r2_control_msgs/hook/pythonpath.dsv'
[2.960s] INFO:colcon.colcon_core.shell:Creating environment hook '/home/strain-drone/Documents/drone_position_hold/ros2_ws/install/mocap4r2_control_msgs/share/mocap4r2_control_msgs/hook/pythonpath.sh'
[2.962s] Level 1:colcon.colcon_core.environment:checking '/home/strain-drone/Documents/drone_position_hold/ros2_ws/install/mocap4r2_control_msgs/bin'
[2.962s] INFO:colcon.colcon_core.shell:Creating package script '/home/strain-drone/Documents/drone_position_hold/ros2_ws/install/mocap4r2_control_msgs/share/mocap4r2_control_msgs/package.ps1'
[2.963s] INFO:colcon.colcon_core.shell:Creating package descriptor '/home/strain-drone/Documents/drone_position_hold/ros2_ws/install/mocap4r2_control_msgs/share/mocap4r2_control_msgs/package.dsv'
[2.964s] INFO:colcon.colcon_core.shell:Creating package script '/home/strain-drone/Documents/drone_position_hold/ros2_ws/install/mocap4r2_control_msgs/share/mocap4r2_control_msgs/package.sh'
[2.965s] INFO:colcon.colcon_core.shell:Creating package script '/home/strain-drone/Documents/drone_position_hold/ros2_ws/install/mocap4r2_control_msgs/share/mocap4r2_control_msgs/package.bash'
[2.967s] INFO:colcon.colcon_core.shell:Creating package script '/home/strain-drone/Documents/drone_position_hold/ros2_ws/install/mocap4r2_control_msgs/share/mocap4r2_control_msgs/package.zsh'
[2.968s] Level 1:colcon.colcon_core.environment:create_file_with_runtime_dependencies(/home/strain-drone/Documents/drone_position_hold/ros2_ws/install/mocap4r2_control_msgs/share/colcon-core/packages/mocap4r2_control_msgs)
[2.969s] Level 1:colcon.colcon_core.environment:create_environment_scripts_only(mocap4r2_marker_viz_srvs)
[2.970s] Level 1:colcon.colcon_core.environment:checking '/home/strain-drone/Documents/drone_position_hold/ros2_ws/install/mocap4r2_marker_viz_srvs' for CMake module files
[2.972s] Level 1:colcon.colcon_core.environment:checking '/home/strain-drone/Documents/drone_position_hold/ros2_ws/install/mocap4r2_marker_viz_srvs' for CMake config files
[2.972s] DEBUG:colcon.colcon_core.event_handler.log_command:Invoked command in '/home/strain-drone/Documents/drone_position_hold/ros2_ws/build/mocap4r2_marker_viz_srvs' returned '0': CMAKE_PREFIX_PATH=${CMAKE_PREFIX_PATH}:/home/strain-drone/Documents/drone_position_hold/ros2_ws/install/visualizer:/home/strain-drone/Documents/drone_position_hold/ros2_ws/install/position_publisher:/home/strain-drone/Documents/drone_position_hold/ros2_ws/install/mocap4r2cli:/home/strain-drone/Documents/drone_position_hold/ros2_ws/install/mavros_config:/opt/ros/jazzy DEBUGINFOD_URLS=https://debuginfod.ubuntu.com PS1=(venv-ardupilot) \[\e]0;\u@\h: \w\a\]${debian_chroot:+($debian_chroot)}\[\033[01;32m\]\u@\h\[\033[00m\]:\[\033[01;34m\]\w\[\033[00m\]\$ VIRTUAL_ENV_PROMPT=(venv-ardupilot) /usr/bin/cmake --install /home/strain-drone/Documents/drone_position_hold/ros2_ws/build/mocap4r2_marker_viz_srvs
[2.972s] Level 1:colcon.colcon_core.shell:create_environment_hook('mocap4r2_marker_viz_srvs', 'cmake_prefix_path')
[2.973s] INFO:colcon.colcon_core.shell:Creating environment hook '/home/strain-drone/Documents/drone_position_hold/ros2_ws/install/mocap4r2_marker_viz_srvs/share/mocap4r2_marker_viz_srvs/hook/cmake_prefix_path.ps1'
[2.973s] INFO:colcon.colcon_core.shell:Creating environment descriptor '/home/strain-drone/Documents/drone_position_hold/ros2_ws/install/mocap4r2_marker_viz_srvs/share/mocap4r2_marker_viz_srvs/hook/cmake_prefix_path.dsv'
[2.975s] INFO:colcon.colcon_core.shell:Creating environment hook '/home/strain-drone/Documents/drone_position_hold/ros2_ws/install/mocap4r2_marker_viz_srvs/share/mocap4r2_marker_viz_srvs/hook/cmake_prefix_path.sh'
[2.977s] Level 1:colcon.colcon_core.environment:checking '/home/strain-drone/Documents/drone_position_hold/ros2_ws/install/mocap4r2_marker_viz_srvs/lib'
[2.977s] Level 1:colcon.colcon_core.shell:create_environment_hook('mocap4r2_marker_viz_srvs', 'ld_library_path_lib')
[2.977s] INFO:colcon.colcon_core.shell:Creating environment hook '/home/strain-drone/Documents/drone_position_hold/ros2_ws/install/mocap4r2_marker_viz_srvs/share/mocap4r2_marker_viz_srvs/hook/ld_library_path_lib.ps1'
[2.978s] INFO:colcon.colcon_core.shell:Creating environment descriptor '/home/strain-drone/Documents/drone_position_hold/ros2_ws/install/mocap4r2_marker_viz_srvs/share/mocap4r2_marker_viz_srvs/hook/ld_library_path_lib.dsv'
[2.980s] INFO:colcon.colcon_core.shell:Creating environment hook '/home/strain-drone/Documents/drone_position_hold/ros2_ws/install/mocap4r2_marker_viz_srvs/share/mocap4r2_marker_viz_srvs/hook/ld_library_path_lib.sh'
[2.984s] Level 1:colcon.colcon_core.environment:checking '/home/strain-drone/Documents/drone_position_hold/ros2_ws/install/mocap4r2_marker_viz_srvs/bin'
[2.984s] Level 1:colcon.colcon_core.environment:checking '/home/strain-drone/Documents/drone_position_hold/ros2_ws/install/mocap4r2_marker_viz_srvs/lib/pkgconfig/mocap4r2_marker_viz_srvs.pc'
[2.984s] Level 1:colcon.colcon_core.environment:checking '/home/strain-drone/Documents/drone_position_hold/ros2_ws/install/mocap4r2_marker_viz_srvs/lib/python3.12/site-packages'
[2.984s] Level 1:colcon.colcon_core.shell:create_environment_hook('mocap4r2_marker_viz_srvs', 'pythonpath')
[2.985s] INFO:colcon.colcon_core.shell:Creating environment hook '/home/strain-drone/Documents/drone_position_hold/ros2_ws/install/mocap4r2_marker_viz_srvs/share/mocap4r2_marker_viz_srvs/hook/pythonpath.ps1'
[2.985s] INFO:colcon.colcon_core.shell:Creating environment descriptor '/home/strain-drone/Documents/drone_position_hold/ros2_ws/install/mocap4r2_marker_viz_srvs/share/mocap4r2_marker_viz_srvs/hook/pythonpath.dsv'
[2.986s] INFO:colcon.colcon_core.shell:Creating environment hook '/home/strain-drone/Documents/drone_position_hold/ros2_ws/install/mocap4r2_marker_viz_srvs/share/mocap4r2_marker_viz_srvs/hook/pythonpath.sh'
[2.987s] Level 1:colcon.colcon_core.environment:checking '/home/strain-drone/Documents/drone_position_hold/ros2_ws/install/mocap4r2_marker_viz_srvs/bin'
[2.988s] INFO:colcon.colcon_core.shell:Creating package script '/home/strain-drone/Documents/drone_position_hold/ros2_ws/install/mocap4r2_marker_viz_srvs/share/mocap4r2_marker_viz_srvs/package.ps1'
[2.988s] INFO:colcon.colcon_core.shell:Creating package descriptor '/home/strain-drone/Documents/drone_position_hold/ros2_ws/install/mocap4r2_marker_viz_srvs/share/mocap4r2_marker_viz_srvs/package.dsv'
[2.989s] INFO:colcon.colcon_core.shell:Creating package script '/home/strain-drone/Documents/drone_position_hold/ros2_ws/install/mocap4r2_marker_viz_srvs/share/mocap4r2_marker_viz_srvs/package.sh'
[2.990s] INFO:colcon.colcon_core.shell:Creating package script '/home/strain-drone/Documents/drone_position_hold/ros2_ws/install/mocap4r2_marker_viz_srvs/share/mocap4r2_marker_viz_srvs/package.bash'
[2.991s] INFO:colcon.colcon_core.shell:Creating package script '/home/strain-drone/Documents/drone_position_hold/ros2_ws/install/mocap4r2_marker_viz_srvs/share/mocap4r2_marker_viz_srvs/package.zsh'
[2.992s] Level 1:colcon.colcon_core.environment:create_file_with_runtime_dependencies(/home/strain-drone/Documents/drone_position_hold/ros2_ws/install/mocap4r2_marker_viz_srvs/share/colcon-core/packages/mocap4r2_marker_viz_srvs)
[2.993s] Level 1:colcon.colcon_core.environment:create_environment_scripts_only(mocap4r2_marker_viz_srvs)
[2.994s] Level 1:colcon.colcon_core.environment:checking '/home/strain-drone/Documents/drone_position_hold/ros2_ws/install/mocap4r2_marker_viz_srvs' for CMake module files
[2.995s] Level 1:colcon.colcon_core.environment:checking '/home/strain-drone/Documents/drone_position_hold/ros2_ws/install/mocap4r2_marker_viz_srvs' for CMake config files
[2.996s] Level 1:colcon.colcon_core.shell:create_environment_hook('mocap4r2_marker_viz_srvs', 'cmake_prefix_path')
[2.996s] INFO:colcon.colcon_core.shell:Creating environment hook '/home/strain-drone/Documents/drone_position_hold/ros2_ws/install/mocap4r2_marker_viz_srvs/share/mocap4r2_marker_viz_srvs/hook/cmake_prefix_path.ps1'
[2.997s] INFO:colcon.colcon_core.shell:Creating environment descriptor '/home/strain-drone/Documents/drone_position_hold/ros2_ws/install/mocap4r2_marker_viz_srvs/share/mocap4r2_marker_viz_srvs/hook/cmake_prefix_path.dsv'
[2.998s] INFO:colcon.colcon_core.shell:Creating environment hook '/home/strain-drone/Documents/drone_position_hold/ros2_ws/install/mocap4r2_marker_viz_srvs/share/mocap4r2_marker_viz_srvs/hook/cmake_prefix_path.sh'
[2.999s] Level 1:colcon.colcon_core.environment:checking '/home/strain-drone/Documents/drone_position_hold/ros2_ws/install/mocap4r2_marker_viz_srvs/lib'
[2.999s] Level 1:colcon.colcon_core.shell:create_environment_hook('mocap4r2_marker_viz_srvs', 'ld_library_path_lib')
[3.000s] INFO:colcon.colcon_core.shell:Creating environment hook '/home/strain-drone/Documents/drone_position_hold/ros2_ws/install/mocap4r2_marker_viz_srvs/share/mocap4r2_marker_viz_srvs/hook/ld_library_path_lib.ps1'
[3.000s] INFO:colcon.colcon_core.shell:Creating environment descriptor '/home/strain-drone/Documents/drone_position_hold/ros2_ws/install/mocap4r2_marker_viz_srvs/share/mocap4r2_marker_viz_srvs/hook/ld_library_path_lib.dsv'
[3.001s] INFO:colcon.colcon_core.shell:Creating environment hook '/home/strain-drone/Documents/drone_position_hold/ros2_ws/install/mocap4r2_marker_viz_srvs/share/mocap4r2_marker_viz_srvs/hook/ld_library_path_lib.sh'
[3.003s] Level 1:colcon.colcon_core.environment:checking '/home/strain-drone/Documents/drone_position_hold/ros2_ws/install/mocap4r2_marker_viz_srvs/bin'
[3.003s] Level 1:colcon.colcon_core.environment:checking '/home/strain-drone/Documents/drone_position_hold/ros2_ws/install/mocap4r2_marker_viz_srvs/lib/pkgconfig/mocap4r2_marker_viz_srvs.pc'
[3.003s] Level 1:colcon.colcon_core.environment:checking '/home/strain-drone/Documents/drone_position_hold/ros2_ws/install/mocap4r2_marker_viz_srvs/lib/python3.12/site-packages'
[3.003s] Level 1:colcon.colcon_core.shell:create_environment_hook('mocap4r2_marker_viz_srvs', 'pythonpath')
[3.004s] INFO:colcon.colcon_core.shell:Creating environment hook '/home/strain-drone/Documents/drone_position_hold/ros2_ws/install/mocap4r2_marker_viz_srvs/share/mocap4r2_marker_viz_srvs/hook/pythonpath.ps1'
[3.004s] INFO:colcon.colcon_core.shell:Creating environment descriptor '/home/strain-drone/Documents/drone_position_hold/ros2_ws/install/mocap4r2_marker_viz_srvs/share/mocap4r2_marker_viz_srvs/hook/pythonpath.dsv'
[3.006s] INFO:colcon.colcon_core.shell:Creating environment hook '/home/strain-drone/Documents/drone_position_hold/ros2_ws/install/mocap4r2_marker_viz_srvs/share/mocap4r2_marker_viz_srvs/hook/pythonpath.sh'
[3.007s] Level 1:colcon.colcon_core.environment:checking '/home/strain-drone/Documents/drone_position_hold/ros2_ws/install/mocap4r2_marker_viz_srvs/bin'
[3.008s] INFO:colcon.colcon_core.shell:Creating package script '/home/strain-drone/Documents/drone_position_hold/ros2_ws/install/mocap4r2_marker_viz_srvs/share/mocap4r2_marker_viz_srvs/package.ps1'
[3.009s] INFO:colcon.colcon_core.shell:Creating package descriptor '/home/strain-drone/Documents/drone_position_hold/ros2_ws/install/mocap4r2_marker_viz_srvs/share/mocap4r2_marker_viz_srvs/package.dsv'
[3.010s] INFO:colcon.colcon_core.shell:Creating package script '/home/strain-drone/Documents/drone_position_hold/ros2_ws/install/mocap4r2_marker_viz_srvs/share/mocap4r2_marker_viz_srvs/package.sh'
[3.012s] INFO:colcon.colcon_core.shell:Creating package script '/home/strain-drone/Documents/drone_position_hold/ros2_ws/install/mocap4r2_marker_viz_srvs/share/mocap4r2_marker_viz_srvs/package.bash'
[3.013s] INFO:colcon.colcon_core.shell:Creating package script '/home/strain-drone/Documents/drone_position_hold/ros2_ws/install/mocap4r2_marker_viz_srvs/share/mocap4r2_marker_viz_srvs/package.zsh'
[3.015s] Level 1:colcon.colcon_core.environment:create_file_with_runtime_dependencies(/home/strain-drone/Documents/drone_position_hold/ros2_ws/install/mocap4r2_marker_viz_srvs/share/colcon-core/packages/mocap4r2_marker_viz_srvs)
[3.024s] DEBUG:colcon.colcon_core.event_handler.log_command:Invoking command in '/home/strain-drone/Documents/drone_position_hold/ros2_ws/build/natnet_ros2': CMAKE_PREFIX_PATH=${CMAKE_PREFIX_PATH}:/home/strain-drone/Documents/drone_position_hold/ros2_ws/install/visualizer:/home/strain-drone/Documents/drone_position_hold/ros2_ws/install/position_publisher:/home/strain-drone/Documents/drone_position_hold/ros2_ws/install/mocap4r2cli:/home/strain-drone/Documents/drone_position_hold/ros2_ws/install/mavros_config:/opt/ros/jazzy DEBUGINFOD_URLS=https://debuginfod.ubuntu.com PS1=(venv-ardupilot) \[\e]0;\u@\h: \w\a\]${debian_chroot:+($debian_chroot)}\[\033[01;32m\]\u@\h\[\033[00m\]:\[\033[01;34m\]\w\[\033[00m\]\$ VIRTUAL_ENV_PROMPT=(venv-ardupilot) /usr/bin/cmake --build /home/strain-drone/Documents/drone_position_hold/ros2_ws/build/natnet_ros2 -- -j4 -l4
[3.025s] INFO:colcon.colcon_ros.task.ament_cmake.build:Building ROS package in '/home/strain-drone/Documents/drone_position_hold/ros2_ws/src/mocap4r2/mocap4r2_control/mocap4r2_control' with build type 'ament_cmake'
[3.025s] INFO:colcon.colcon_cmake.task.cmake.build:Building CMake package in '/home/strain-drone/Documents/drone_position_hold/ros2_ws/src/mocap4r2/mocap4r2_control/mocap4r2_control'
[3.025s] INFO:colcon.colcon_core.shell:Skip shell extension 'powershell' for command environment: Not usable outside of PowerShell
[3.025s] DEBUG:colcon.colcon_core.shell:Skip shell extension 'dsv' for command environment
[3.033s] INFO:colcon.colcon_ros.task.ament_python.build:Building ROS package in '/home/strain-drone/Documents/drone_position_hold/ros2_ws/src/position_publisher' with build type 'ament_python'
[3.033s] Level 1:colcon.colcon_core.shell:create_environment_hook('position_publisher', 'ament_prefix_path')
[3.034s] INFO:colcon.colcon_core.shell:Creating environment hook '/home/strain-drone/Documents/drone_position_hold/ros2_ws/install/position_publisher/share/position_publisher/hook/ament_prefix_path.ps1'
[3.035s] INFO:colcon.colcon_core.shell:Creating environment descriptor '/home/strain-drone/Documents/drone_position_hold/ros2_ws/install/position_publisher/share/position_publisher/hook/ament_prefix_path.dsv'
[3.036s] INFO:colcon.colcon_core.shell:Creating environment hook '/home/strain-drone/Documents/drone_position_hold/ros2_ws/install/position_publisher/share/position_publisher/hook/ament_prefix_path.sh'
[3.037s] INFO:colcon.colcon_core.shell:Skip shell extension 'powershell' for command environment: Not usable outside of PowerShell
[3.037s] DEBUG:colcon.colcon_core.shell:Skip shell extension 'dsv' for command environment
[3.054s] DEBUG:colcon.colcon_core.event_handler.log_command:Invoking command in '/home/strain-drone/Documents/drone_position_hold/ros2_ws/build/mocap4r2_control': CMAKE_PREFIX_PATH=/home/strain-drone/Documents/drone_position_hold/ros2_ws/install/mocap4r2_control_msgs:/home/strain-drone/Documents/drone_position_hold/ros2_ws/install/rqt_mocap4r2_control:/home/strain-drone/Documents/drone_position_hold/ros2_ws/install/natnet_ros2:/home/strain-drone/Documents/drone_position_hold/ros2_ws/install/mocap4r2_vicon_driver:/home/strain-drone/Documents/drone_position_hold/ros2_ws/install/mocap4r2_robot_gt:/home/strain-drone/Documents/drone_position_hold/ros2_ws/install/mocap4r2_robot_gt_msgs:/home/strain-drone/Documents/drone_position_hold/ros2_ws/install/mocap4r2_marker_viz:/home/strain-drone/Documents/drone_position_hold/ros2_ws/install/mocap4r2_marker_publisher:/home/strain-drone/Documents/drone_position_hold/ros2_ws/install/mocap4r2_dummy_driver:/home/strain-drone/Documents/drone_position_hold/ros2_ws/install/mocap4r2_msgs:/home/strain-drone/Documents/drone_position_hold/ros2_ws/install/mocap4r2_marker_viz_srvs:/home/strain-drone/Documents/drone_position_hold/ros2_ws/install/mocap4r2_control:/opt/ros/jazzy/opt/gz_math_vendor:/opt/ros/jazzy/opt/gz_utils_vendor:/opt/ros/jazzy/opt/gz_cmake_vendor:/home/strain-drone/Documents/drone_position_hold/ros2_ws/install/visualizer:/home/strain-drone/Documents/drone_position_hold/ros2_ws/install/position_publisher:/home/strain-drone/Documents/drone_position_hold/ros2_ws/install/mocap4r2cli:/home/strain-drone/Documents/drone_position_hold/ros2_ws/install/mavros_config:/opt/ros/jazzy DEBUGINFOD_URLS=https://debuginfod.ubuntu.com LD_LIBRARY_PATH=/home/strain-drone/Documents/drone_position_hold/ros2_ws/install/mocap4r2_control_msgs/lib:/home/strain-drone/Documents/drone_position_hold/ros2_ws/install/rqt_mocap4r2_control/lib:/home/strain-drone/Documents/drone_position_hold/ros2_ws/install/natnet_ros2/lib:/home/strain-drone/Documents/drone_position_hold/ros2_ws/install/mocap4r2_vicon_driver/lib:/home/strain-drone/Documents/drone_position_hold/ros2_ws/install/mocap4r2_robot_gt/lib:/home/strain-drone/Documents/drone_position_hold/ros2_ws/install/mocap4r2_robot_gt_msgs/lib:/home/strain-drone/Documents/drone_position_hold/ros2_ws/install/mocap4r2_msgs/lib:/home/strain-drone/Documents/drone_position_hold/ros2_ws/install/mocap4r2_marker_viz_srvs/lib:/home/strain-drone/Documents/drone_position_hold/ros2_ws/install/mocap4r2_control/lib:/opt/ros/jazzy/opt/rviz_ogre_vendor/lib:/opt/ros/jazzy/lib/aarch64-linux-gnu:/opt/ros/jazzy/opt/gz_math_vendor/lib:/opt/ros/jazzy/opt/gz_utils_vendor/lib:/opt/ros/jazzy/opt/gz_cmake_vendor/lib:/opt/ros/jazzy/lib:/home/strain-drone/Documents/drone_position_hold/ros2_ws/src/natnet_ros2/deps/NatNetSDK/lib PS1=(venv-ardupilot) \[\e]0;\u@\h: \w\a\]${debian_chroot:+($debian_chroot)}\[\033[01;32m\]\u@\h\[\033[00m\]:\[\033[01;34m\]\w\[\033[00m\]\$ PYTHONPATH=/home/strain-drone/Documents/drone_position_hold/ros2_ws/install/mocap4r2_control_msgs/lib/python3.12/site-packages:/home/strain-drone/Documents/drone_position_hold/ros2_ws/install/visualizer/lib/python3.12/site-packages:/home/strain-drone/Documents/drone_position_hold/ros2_ws/install/position_publisher/lib/python3.12/site-packages:/home/strain-drone/Documents/drone_position_hold/ros2_ws/install/natnet_ros2/lib/python3.12/site-packages:/home/strain-drone/Documents/drone_position_hold/ros2_ws/install/mocap4r2cli/lib/python3.12/site-packages:/home/strain-drone/Documents/drone_position_hold/ros2_ws/install/mocap4r2_robot_gt_msgs/lib/python3.12/site-packages:/home/strain-drone/Documents/drone_position_hold/ros2_ws/install/mocap4r2_msgs/lib/python3.12/site-packages:/home/strain-drone/Documents/drone_position_hold/ros2_ws/install/mocap4r2_marker_viz_srvs/lib/python3.12/site-packages:/home/strain-drone/Documents/drone_position_hold/ros2_ws/install/mavros_config/lib/python3.12/site-packages:/opt/ros/jazzy/lib/python3.12/site-packages VIRTUAL_ENV_PROMPT=(venv-ardupilot) /usr/bin/cmake --build /home/strain-drone/Documents/drone_position_hold/ros2_ws/build/mocap4r2_control -- -j4 -l4
[3.835s] INFO:colcon.colcon_core.task.python.build:Building Python package in '/home/strain-drone/Documents/drone_position_hold/ros2_ws/src/position_publisher'
[3.836s] INFO:colcon.colcon_core.shell:Skip shell extension 'powershell' for command environment: Not usable outside of PowerShell
[3.836s] DEBUG:colcon.colcon_core.shell:Skip shell extension 'dsv' for command environment
[3.860s] DEBUG:colcon.colcon_core.event_handler.log_command:Invoked command in '/home/strain-drone/Documents/drone_position_hold/ros2_ws/build/mocap4r2_control' returned '0': CMAKE_PREFIX_PATH=/home/strain-drone/Documents/drone_position_hold/ros2_ws/install/mocap4r2_control_msgs:/home/strain-drone/Documents/drone_position_hold/ros2_ws/install/rqt_mocap4r2_control:/home/strain-drone/Documents/drone_position_hold/ros2_ws/install/natnet_ros2:/home/strain-drone/Documents/drone_position_hold/ros2_ws/install/mocap4r2_vicon_driver:/home/strain-drone/Documents/drone_position_hold/ros2_ws/install/mocap4r2_robot_gt:/home/strain-drone/Documents/drone_position_hold/ros2_ws/install/mocap4r2_robot_gt_msgs:/home/strain-drone/Documents/drone_position_hold/ros2_ws/install/mocap4r2_marker_viz:/home/strain-drone/Documents/drone_position_hold/ros2_ws/install/mocap4r2_marker_publisher:/home/strain-drone/Documents/drone_position_hold/ros2_ws/install/mocap4r2_dummy_driver:/home/strain-drone/Documents/drone_position_hold/ros2_ws/install/mocap4r2_msgs:/home/strain-drone/Documents/drone_position_hold/ros2_ws/install/mocap4r2_marker_viz_srvs:/home/strain-drone/Documents/drone_position_hold/ros2_ws/install/mocap4r2_control:/opt/ros/jazzy/opt/gz_math_vendor:/opt/ros/jazzy/opt/gz_utils_vendor:/opt/ros/jazzy/opt/gz_cmake_vendor:/home/strain-drone/Documents/drone_position_hold/ros2_ws/install/visualizer:/home/strain-drone/Documents/drone_position_hold/ros2_ws/install/position_publisher:/home/strain-drone/Documents/drone_position_hold/ros2_ws/install/mocap4r2cli:/home/strain-drone/Documents/drone_position_hold/ros2_ws/install/mavros_config:/opt/ros/jazzy DEBUGINFOD_URLS=https://debuginfod.ubuntu.com LD_LIBRARY_PATH=/home/strain-drone/Documents/drone_position_hold/ros2_ws/install/mocap4r2_control_msgs/lib:/home/strain-drone/Documents/drone_position_hold/ros2_ws/install/rqt_mocap4r2_control/lib:/home/strain-drone/Documents/drone_position_hold/ros2_ws/install/natnet_ros2/lib:/home/strain-drone/Documents/drone_position_hold/ros2_ws/install/mocap4r2_vicon_driver/lib:/home/strain-drone/Documents/drone_position_hold/ros2_ws/install/mocap4r2_robot_gt/lib:/home/strain-drone/Documents/drone_position_hold/ros2_ws/install/mocap4r2_robot_gt_msgs/lib:/home/strain-drone/Documents/drone_position_hold/ros2_ws/install/mocap4r2_msgs/lib:/home/strain-drone/Documents/drone_position_hold/ros2_ws/install/mocap4r2_marker_viz_srvs/lib:/home/strain-drone/Documents/drone_position_hold/ros2_ws/install/mocap4r2_control/lib:/opt/ros/jazzy/opt/rviz_ogre_vendor/lib:/opt/ros/jazzy/lib/aarch64-linux-gnu:/opt/ros/jazzy/opt/gz_math_vendor/lib:/opt/ros/jazzy/opt/gz_utils_vendor/lib:/opt/ros/jazzy/opt/gz_cmake_vendor/lib:/opt/ros/jazzy/lib:/home/strain-drone/Documents/drone_position_hold/ros2_ws/src/natnet_ros2/deps/NatNetSDK/lib PS1=(venv-ardupilot) \[\e]0;\u@\h: \w\a\]${debian_chroot:+($debian_chroot)}\[\033[01;32m\]\u@\h\[\033[00m\]:\[\033[01;34m\]\w\[\033[00m\]\$ PYTHONPATH=/home/strain-drone/Documents/drone_position_hold/ros2_ws/install/mocap4r2_control_msgs/lib/python3.12/site-packages:/home/strain-drone/Documents/drone_position_hold/ros2_ws/install/visualizer/lib/python3.12/site-packages:/home/strain-drone/Documents/drone_position_hold/ros2_ws/install/position_publisher/lib/python3.12/site-packages:/home/strain-drone/Documents/drone_position_hold/ros2_ws/install/natnet_ros2/lib/python3.12/site-packages:/home/strain-drone/Documents/drone_position_hold/ros2_ws/install/mocap4r2cli/lib/python3.12/site-packages:/home/strain-drone/Documents/drone_position_hold/ros2_ws/install/mocap4r2_robot_gt_msgs/lib/python3.12/site-packages:/home/strain-drone/Documents/drone_position_hold/ros2_ws/install/mocap4r2_msgs/lib/python3.12/site-packages:/home/strain-drone/Documents/drone_position_hold/ros2_ws/install/mocap4r2_marker_viz_srvs/lib/python3.12/site-packages:/home/strain-drone/Documents/drone_position_hold/ros2_ws/install/mavros_config/lib/python3.12/site-packages:/opt/ros/jazzy/lib/python3.12/site-packages VIRTUAL_ENV_PROMPT=(venv-ardupilot) /usr/bin/cmake --build /home/strain-drone/Documents/drone_position_hold/ros2_ws/build/mocap4r2_control -- -j4 -l4
[3.861s] DEBUG:colcon.colcon_core.event_handler.log_command:Invoking command in '/home/strain-drone/Documents/drone_position_hold/ros2_ws/build/mocap4r2_control': CMAKE_PREFIX_PATH=/home/strain-drone/Documents/drone_position_hold/ros2_ws/install/mocap4r2_control_msgs:/home/strain-drone/Documents/drone_position_hold/ros2_ws/install/rqt_mocap4r2_control:/home/strain-drone/Documents/drone_position_hold/ros2_ws/install/natnet_ros2:/home/strain-drone/Documents/drone_position_hold/ros2_ws/install/mocap4r2_vicon_driver:/home/strain-drone/Documents/drone_position_hold/ros2_ws/install/mocap4r2_robot_gt:/home/strain-drone/Documents/drone_position_hold/ros2_ws/install/mocap4r2_robot_gt_msgs:/home/strain-drone/Documents/drone_position_hold/ros2_ws/install/mocap4r2_marker_viz:/home/strain-drone/Documents/drone_position_hold/ros2_ws/install/mocap4r2_marker_publisher:/home/strain-drone/Documents/drone_position_hold/ros2_ws/install/mocap4r2_dummy_driver:/home/strain-drone/Documents/drone_position_hold/ros2_ws/install/mocap4r2_msgs:/home/strain-drone/Documents/drone_position_hold/ros2_ws/install/mocap4r2_marker_viz_srvs:/home/strain-drone/Documents/drone_position_hold/ros2_ws/install/mocap4r2_control:/opt/ros/jazzy/opt/gz_math_vendor:/opt/ros/jazzy/opt/gz_utils_vendor:/opt/ros/jazzy/opt/gz_cmake_vendor:/home/strain-drone/Documents/drone_position_hold/ros2_ws/install/visualizer:/home/strain-drone/Documents/drone_position_hold/ros2_ws/install/position_publisher:/home/strain-drone/Documents/drone_position_hold/ros2_ws/install/mocap4r2cli:/home/strain-drone/Documents/drone_position_hold/ros2_ws/install/mavros_config:/opt/ros/jazzy DEBUGINFOD_URLS=https://debuginfod.ubuntu.com LD_LIBRARY_PATH=/home/strain-drone/Documents/drone_position_hold/ros2_ws/install/mocap4r2_control_msgs/lib:/home/strain-drone/Documents/drone_position_hold/ros2_ws/install/rqt_mocap4r2_control/lib:/home/strain-drone/Documents/drone_position_hold/ros2_ws/install/natnet_ros2/lib:/home/strain-drone/Documents/drone_position_hold/ros2_ws/install/mocap4r2_vicon_driver/lib:/home/strain-drone/Documents/drone_position_hold/ros2_ws/install/mocap4r2_robot_gt/lib:/home/strain-drone/Documents/drone_position_hold/ros2_ws/install/mocap4r2_robot_gt_msgs/lib:/home/strain-drone/Documents/drone_position_hold/ros2_ws/install/mocap4r2_msgs/lib:/home/strain-drone/Documents/drone_position_hold/ros2_ws/install/mocap4r2_marker_viz_srvs/lib:/home/strain-drone/Documents/drone_position_hold/ros2_ws/install/mocap4r2_control/lib:/opt/ros/jazzy/opt/rviz_ogre_vendor/lib:/opt/ros/jazzy/lib/aarch64-linux-gnu:/opt/ros/jazzy/opt/gz_math_vendor/lib:/opt/ros/jazzy/opt/gz_utils_vendor/lib:/opt/ros/jazzy/opt/gz_cmake_vendor/lib:/opt/ros/jazzy/lib:/home/strain-drone/Documents/drone_position_hold/ros2_ws/src/natnet_ros2/deps/NatNetSDK/lib PS1=(venv-ardupilot) \[\e]0;\u@\h: \w\a\]${debian_chroot:+($debian_chroot)}\[\033[01;32m\]\u@\h\[\033[00m\]:\[\033[01;34m\]\w\[\033[00m\]\$ PYTHONPATH=/home/strain-drone/Documents/drone_position_hold/ros2_ws/install/mocap4r2_control_msgs/lib/python3.12/site-packages:/home/strain-drone/Documents/drone_position_hold/ros2_ws/install/visualizer/lib/python3.12/site-packages:/home/strain-drone/Documents/drone_position_hold/ros2_ws/install/position_publisher/lib/python3.12/site-packages:/home/strain-drone/Documents/drone_position_hold/ros2_ws/install/natnet_ros2/lib/python3.12/site-packages:/home/strain-drone/Documents/drone_position_hold/ros2_ws/install/mocap4r2cli/lib/python3.12/site-packages:/home/strain-drone/Documents/drone_position_hold/ros2_ws/install/mocap4r2_robot_gt_msgs/lib/python3.12/site-packages:/home/strain-drone/Documents/drone_position_hold/ros2_ws/install/mocap4r2_msgs/lib/python3.12/site-packages:/home/strain-drone/Documents/drone_position_hold/ros2_ws/install/mocap4r2_marker_viz_srvs/lib/python3.12/site-packages:/home/strain-drone/Documents/drone_position_hold/ros2_ws/install/mavros_config/lib/python3.12/site-packages:/opt/ros/jazzy/lib/python3.12/site-packages VIRTUAL_ENV_PROMPT=(venv-ardupilot) /usr/bin/cmake --install /home/strain-drone/Documents/drone_position_hold/ros2_ws/build/mocap4r2_control
[3.924s] Level 1:colcon.colcon_core.environment:create_environment_scripts_only(mocap4r2_control)
[3.925s] Level 1:colcon.colcon_core.environment:checking '/home/strain-drone/Documents/drone_position_hold/ros2_ws/install/mocap4r2_control' for CMake module files
[3.926s] Level 1:colcon.colcon_core.environment:checking '/home/strain-drone/Documents/drone_position_hold/ros2_ws/install/mocap4r2_control' for CMake config files
[3.926s] Level 1:colcon.colcon_core.shell:create_environment_hook('mocap4r2_control', 'cmake_prefix_path')
[3.926s] INFO:colcon.colcon_core.shell:Creating environment hook '/home/strain-drone/Documents/drone_position_hold/ros2_ws/install/mocap4r2_control/share/mocap4r2_control/hook/cmake_prefix_path.ps1'
[3.931s] DEBUG:colcon.colcon_core.event_handler.log_command:Invoked command in '/home/strain-drone/Documents/drone_position_hold/ros2_ws/build/mocap4r2_control' returned '0': CMAKE_PREFIX_PATH=/home/strain-drone/Documents/drone_position_hold/ros2_ws/install/mocap4r2_control_msgs:/home/strain-drone/Documents/drone_position_hold/ros2_ws/install/rqt_mocap4r2_control:/home/strain-drone/Documents/drone_position_hold/ros2_ws/install/natnet_ros2:/home/strain-drone/Documents/drone_position_hold/ros2_ws/install/mocap4r2_vicon_driver:/home/strain-drone/Documents/drone_position_hold/ros2_ws/install/mocap4r2_robot_gt:/home/strain-drone/Documents/drone_position_hold/ros2_ws/install/mocap4r2_robot_gt_msgs:/home/strain-drone/Documents/drone_position_hold/ros2_ws/install/mocap4r2_marker_viz:/home/strain-drone/Documents/drone_position_hold/ros2_ws/install/mocap4r2_marker_publisher:/home/strain-drone/Documents/drone_position_hold/ros2_ws/install/mocap4r2_dummy_driver:/home/strain-drone/Documents/drone_position_hold/ros2_ws/install/mocap4r2_msgs:/home/strain-drone/Documents/drone_position_hold/ros2_ws/install/mocap4r2_marker_viz_srvs:/home/strain-drone/Documents/drone_position_hold/ros2_ws/install/mocap4r2_control:/opt/ros/jazzy/opt/gz_math_vendor:/opt/ros/jazzy/opt/gz_utils_vendor:/opt/ros/jazzy/opt/gz_cmake_vendor:/home/strain-drone/Documents/drone_position_hold/ros2_ws/install/visualizer:/home/strain-drone/Documents/drone_position_hold/ros2_ws/install/position_publisher:/home/strain-drone/Documents/drone_position_hold/ros2_ws/install/mocap4r2cli:/home/strain-drone/Documents/drone_position_hold/ros2_ws/install/mavros_config:/opt/ros/jazzy DEBUGINFOD_URLS=https://debuginfod.ubuntu.com LD_LIBRARY_PATH=/home/strain-drone/Documents/drone_position_hold/ros2_ws/install/mocap4r2_control_msgs/lib:/home/strain-drone/Documents/drone_position_hold/ros2_ws/install/rqt_mocap4r2_control/lib:/home/strain-drone/Documents/drone_position_hold/ros2_ws/install/natnet_ros2/lib:/home/strain-drone/Documents/drone_position_hold/ros2_ws/install/mocap4r2_vicon_driver/lib:/home/strain-drone/Documents/drone_position_hold/ros2_ws/install/mocap4r2_robot_gt/lib:/home/strain-drone/Documents/drone_position_hold/ros2_ws/install/mocap4r2_robot_gt_msgs/lib:/home/strain-drone/Documents/drone_position_hold/ros2_ws/install/mocap4r2_msgs/lib:/home/strain-drone/Documents/drone_position_hold/ros2_ws/install/mocap4r2_marker_viz_srvs/lib:/home/strain-drone/Documents/drone_position_hold/ros2_ws/install/mocap4r2_control/lib:/opt/ros/jazzy/opt/rviz_ogre_vendor/lib:/opt/ros/jazzy/lib/aarch64-linux-gnu:/opt/ros/jazzy/opt/gz_math_vendor/lib:/opt/ros/jazzy/opt/gz_utils_vendor/lib:/opt/ros/jazzy/opt/gz_cmake_vendor/lib:/opt/ros/jazzy/lib:/home/strain-drone/Documents/drone_position_hold/ros2_ws/src/natnet_ros2/deps/NatNetSDK/lib PS1=(venv-ardupilot) \[\e]0;\u@\h: \w\a\]${debian_chroot:+($debian_chroot)}\[\033[01;32m\]\u@\h\[\033[00m\]:\[\033[01;34m\]\w\[\033[00m\]\$ PYTHONPATH=/home/strain-drone/Documents/drone_position_hold/ros2_ws/install/mocap4r2_control_msgs/lib/python3.12/site-packages:/home/strain-drone/Documents/drone_position_hold/ros2_ws/install/visualizer/lib/python3.12/site-packages:/home/strain-drone/Documents/drone_position_hold/ros2_ws/install/position_publisher/lib/python3.12/site-packages:/home/strain-drone/Documents/drone_position_hold/ros2_ws/install/natnet_ros2/lib/python3.12/site-packages:/home/strain-drone/Documents/drone_position_hold/ros2_ws/install/mocap4r2cli/lib/python3.12/site-packages:/home/strain-drone/Documents/drone_position_hold/ros2_ws/install/mocap4r2_robot_gt_msgs/lib/python3.12/site-packages:/home/strain-drone/Documents/drone_position_hold/ros2_ws/install/mocap4r2_msgs/lib/python3.12/site-packages:/home/strain-drone/Documents/drone_position_hold/ros2_ws/install/mocap4r2_marker_viz_srvs/lib/python3.12/site-packages:/home/strain-drone/Documents/drone_position_hold/ros2_ws/install/mavros_config/lib/python3.12/site-packages:/opt/ros/jazzy/lib/python3.12/site-packages VIRTUAL_ENV_PROMPT=(venv-ardupilot) /usr/bin/cmake --install /home/strain-drone/Documents/drone_position_hold/ros2_ws/build/mocap4r2_control
[3.932s] INFO:colcon.colcon_core.shell:Creating environment descriptor '/home/strain-drone/Documents/drone_position_hold/ros2_ws/install/mocap4r2_control/share/mocap4r2_control/hook/cmake_prefix_path.dsv'
[3.935s] INFO:colcon.colcon_core.shell:Creating environment hook '/home/strain-drone/Documents/drone_position_hold/ros2_ws/install/mocap4r2_control/share/mocap4r2_control/hook/cmake_prefix_path.sh'
[3.936s] Level 1:colcon.colcon_core.environment:checking '/home/strain-drone/Documents/drone_position_hold/ros2_ws/install/mocap4r2_control/lib'
[3.937s] Level 1:colcon.colcon_core.shell:create_environment_hook('mocap4r2_control', 'ld_library_path_lib')
[3.937s] INFO:colcon.colcon_core.shell:Creating environment hook '/home/strain-drone/Documents/drone_position_hold/ros2_ws/install/mocap4r2_control/share/mocap4r2_control/hook/ld_library_path_lib.ps1'
[3.941s] INFO:colcon.colcon_core.shell:Creating environment descriptor '/home/strain-drone/Documents/drone_position_hold/ros2_ws/install/mocap4r2_control/share/mocap4r2_control/hook/ld_library_path_lib.dsv'
[3.944s] INFO:colcon.colcon_core.shell:Creating environment hook '/home/strain-drone/Documents/drone_position_hold/ros2_ws/install/mocap4r2_control/share/mocap4r2_control/hook/ld_library_path_lib.sh'
[3.946s] Level 1:colcon.colcon_core.environment:checking '/home/strain-drone/Documents/drone_position_hold/ros2_ws/install/mocap4r2_control/bin'
[3.947s] Level 1:colcon.colcon_core.environment:checking '/home/strain-drone/Documents/drone_position_hold/ros2_ws/install/mocap4r2_control/lib/pkgconfig/mocap4r2_control.pc'
[3.947s] Level 1:colcon.colcon_core.environment:checking '/home/strain-drone/Documents/drone_position_hold/ros2_ws/install/mocap4r2_control/lib/python3.12/site-packages'
[3.950s] Level 1:colcon.colcon_core.environment:checking '/home/strain-drone/Documents/drone_position_hold/ros2_ws/install/mocap4r2_control/bin'
[3.951s] INFO:colcon.colcon_core.shell:Creating package script '/home/strain-drone/Documents/drone_position_hold/ros2_ws/install/mocap4r2_control/share/mocap4r2_control/package.ps1'
[3.952s] INFO:colcon.colcon_core.shell:Creating package descriptor '/home/strain-drone/Documents/drone_position_hold/ros2_ws/install/mocap4r2_control/share/mocap4r2_control/package.dsv'
[3.956s] INFO:colcon.colcon_core.shell:Creating package script '/home/strain-drone/Documents/drone_position_hold/ros2_ws/install/mocap4r2_control/share/mocap4r2_control/package.sh'
[3.958s] INFO:colcon.colcon_core.shell:Creating package script '/home/strain-drone/Documents/drone_position_hold/ros2_ws/install/mocap4r2_control/share/mocap4r2_control/package.bash'
[3.959s] INFO:colcon.colcon_core.shell:Creating package script '/home/strain-drone/Documents/drone_position_hold/ros2_ws/install/mocap4r2_control/share/mocap4r2_control/package.zsh'
[3.962s] Level 1:colcon.colcon_core.environment:create_file_with_runtime_dependencies(/home/strain-drone/Documents/drone_position_hold/ros2_ws/install/mocap4r2_control/share/colcon-core/packages/mocap4r2_control)
[3.964s] Level 1:colcon.colcon_core.environment:create_environment_scripts_only(mocap4r2_control)
[3.965s] Level 1:colcon.colcon_core.environment:checking '/home/strain-drone/Documents/drone_position_hold/ros2_ws/install/mocap4r2_control' for CMake module files
[3.967s] Level 1:colcon.colcon_core.environment:checking '/home/strain-drone/Documents/drone_position_hold/ros2_ws/install/mocap4r2_control' for CMake config files
[3.970s] Level 1:colcon.colcon_core.shell:create_environment_hook('mocap4r2_control', 'cmake_prefix_path')
[3.970s] INFO:colcon.colcon_core.shell:Creating environment hook '/home/strain-drone/Documents/drone_position_hold/ros2_ws/install/mocap4r2_control/share/mocap4r2_control/hook/cmake_prefix_path.ps1'
[3.971s] INFO:colcon.colcon_core.shell:Creating environment descriptor '/home/strain-drone/Documents/drone_position_hold/ros2_ws/install/mocap4r2_control/share/mocap4r2_control/hook/cmake_prefix_path.dsv'
[3.978s] INFO:colcon.colcon_core.shell:Creating environment hook '/home/strain-drone/Documents/drone_position_hold/ros2_ws/install/mocap4r2_control/share/mocap4r2_control/hook/cmake_prefix_path.sh'
[3.980s] Level 1:colcon.colcon_core.environment:checking '/home/strain-drone/Documents/drone_position_hold/ros2_ws/install/mocap4r2_control/lib'
[3.981s] Level 1:colcon.colcon_core.shell:create_environment_hook('mocap4r2_control', 'ld_library_path_lib')
[3.981s] INFO:colcon.colcon_core.shell:Creating environment hook '/home/strain-drone/Documents/drone_position_hold/ros2_ws/install/mocap4r2_control/share/mocap4r2_control/hook/ld_library_path_lib.ps1'
[3.982s] INFO:colcon.colcon_core.shell:Creating environment descriptor '/home/strain-drone/Documents/drone_position_hold/ros2_ws/install/mocap4r2_control/share/mocap4r2_control/hook/ld_library_path_lib.dsv'
[3.983s] INFO:colcon.colcon_core.shell:Creating environment hook '/home/strain-drone/Documents/drone_position_hold/ros2_ws/install/mocap4r2_control/share/mocap4r2_control/hook/ld_library_path_lib.sh'
[3.986s] Level 1:colcon.colcon_core.environment:checking '/home/strain-drone/Documents/drone_position_hold/ros2_ws/install/mocap4r2_control/bin'
[3.986s] Level 1:colcon.colcon_core.environment:checking '/home/strain-drone/Documents/drone_position_hold/ros2_ws/install/mocap4r2_control/lib/pkgconfig/mocap4r2_control.pc'
[3.986s] Level 1:colcon.colcon_core.environment:checking '/home/strain-drone/Documents/drone_position_hold/ros2_ws/install/mocap4r2_control/lib/python3.12/site-packages'
[3.989s] Level 1:colcon.colcon_core.environment:checking '/home/strain-drone/Documents/drone_position_hold/ros2_ws/install/mocap4r2_control/bin'
[3.990s] INFO:colcon.colcon_core.shell:Creating package script '/home/strain-drone/Documents/drone_position_hold/ros2_ws/install/mocap4r2_control/share/mocap4r2_control/package.ps1'
[3.994s] INFO:colcon.colcon_core.shell:Creating package descriptor '/home/strain-drone/Documents/drone_position_hold/ros2_ws/install/mocap4r2_control/share/mocap4r2_control/package.dsv'
[3.995s] INFO:colcon.colcon_core.shell:Creating package script '/home/strain-drone/Documents/drone_position_hold/ros2_ws/install/mocap4r2_control/share/mocap4r2_control/package.sh'
[3.999s] INFO:colcon.colcon_core.shell:Creating package script '/home/strain-drone/Documents/drone_position_hold/ros2_ws/install/mocap4r2_control/share/mocap4r2_control/package.bash'
[4.000s] INFO:colcon.colcon_core.shell:Creating package script '/home/strain-drone/Documents/drone_position_hold/ros2_ws/install/mocap4r2_control/share/mocap4r2_control/package.zsh'
[4.004s] Level 1:colcon.colcon_core.environment:create_file_with_runtime_dependencies(/home/strain-drone/Documents/drone_position_hold/ros2_ws/install/mocap4r2_control/share/colcon-core/packages/mocap4r2_control)
[4.007s] INFO:colcon.colcon_ros.task.ament_python.build:Building ROS package in '/home/strain-drone/Documents/drone_position_hold/ros2_ws/src/visualizer' with build type 'ament_python'
[4.007s] Level 1:colcon.colcon_core.shell:create_environment_hook('visualizer', 'ament_prefix_path')
[4.007s] INFO:colcon.colcon_core.shell:Creating environment hook '/home/strain-drone/Documents/drone_position_hold/ros2_ws/install/visualizer/share/visualizer/hook/ament_prefix_path.ps1'
[4.011s] INFO:colcon.colcon_core.shell:Creating environment descriptor '/home/strain-drone/Documents/drone_position_hold/ros2_ws/install/visualizer/share/visualizer/hook/ament_prefix_path.dsv'
[4.016s] INFO:colcon.colcon_core.shell:Creating environment hook '/home/strain-drone/Documents/drone_position_hold/ros2_ws/install/visualizer/share/visualizer/hook/ament_prefix_path.sh'
[4.017s] INFO:colcon.colcon_core.shell:Skip shell extension 'powershell' for command environment: Not usable outside of PowerShell
[4.017s] DEBUG:colcon.colcon_core.shell:Skip shell extension 'dsv' for command environment
[4.634s] INFO:colcon.colcon_core.task.python.build:Building Python package in '/home/strain-drone/Documents/drone_position_hold/ros2_ws/src/visualizer'
[4.635s] INFO:colcon.colcon_core.shell:Skip shell extension 'powershell' for command environment: Not usable outside of PowerShell
[4.635s] DEBUG:colcon.colcon_core.shell:Skip shell extension 'dsv' for command environment
[4.646s] DEBUG:colcon.colcon_core.event_handler.log_command:Invoked command in '/home/strain-drone/Documents/drone_position_hold/ros2_ws/build/natnet_ros2' returned '0': CMAKE_PREFIX_PATH=${CMAKE_PREFIX_PATH}:/home/strain-drone/Documents/drone_position_hold/ros2_ws/install/visualizer:/home/strain-drone/Documents/drone_position_hold/ros2_ws/install/position_publisher:/home/strain-drone/Documents/drone_position_hold/ros2_ws/install/mocap4r2cli:/home/strain-drone/Documents/drone_position_hold/ros2_ws/install/mavros_config:/opt/ros/jazzy DEBUGINFOD_URLS=https://debuginfod.ubuntu.com PS1=(venv-ardupilot) \[\e]0;\u@\h: \w\a\]${debian_chroot:+($debian_chroot)}\[\033[01;32m\]\u@\h\[\033[00m\]:\[\033[01;34m\]\w\[\033[00m\]\$ VIRTUAL_ENV_PROMPT=(venv-ardupilot) /usr/bin/cmake --build /home/strain-drone/Documents/drone_position_hold/ros2_ws/build/natnet_ros2 -- -j4 -l4
[4.649s] DEBUG:colcon.colcon_core.event_handler.log_command:Invoking command in '/home/strain-drone/Documents/drone_position_hold/ros2_ws/build/natnet_ros2': CMAKE_PREFIX_PATH=${CMAKE_PREFIX_PATH}:/home/strain-drone/Documents/drone_position_hold/ros2_ws/install/visualizer:/home/strain-drone/Documents/drone_position_hold/ros2_ws/install/position_publisher:/home/strain-drone/Documents/drone_position_hold/ros2_ws/install/mocap4r2cli:/home/strain-drone/Documents/drone_position_hold/ros2_ws/install/mavros_config:/opt/ros/jazzy DEBUGINFOD_URLS=https://debuginfod.ubuntu.com PS1=(venv-ardupilot) \[\e]0;\u@\h: \w\a\]${debian_chroot:+($debian_chroot)}\[\033[01;32m\]\u@\h\[\033[00m\]:\[\033[01;34m\]\w\[\033[00m\]\$ VIRTUAL_ENV_PROMPT=(venv-ardupilot) /usr/bin/cmake --install /home/strain-drone/Documents/drone_position_hold/ros2_ws/build/natnet_ros2
[4.794s] DEBUG:colcon.colcon_core.event_handler.log_command:Invoking command in '/home/strain-drone/Documents/drone_position_hold/ros2_ws/src/mavros_config': DEBUGINFOD_URLS=https://debuginfod.ubuntu.com PS1=(venv-ardupilot) \[\e]0;\u@\h: \w\a\]${debian_chroot:+($debian_chroot)}\[\033[01;32m\]\u@\h\[\033[00m\]:\[\033[01;34m\]\w\[\033[00m\]\$ PYTHONPATH=/home/strain-drone/Documents/drone_position_hold/ros2_ws/build/mavros_config/prefix_override:/usr/lib/python3/dist-packages/colcon_core/task/python/colcon_distutils_commands:/home/strain-drone/Documents/drone_position_hold/ros2_ws/install/mavros_config/lib/python3.12/site-packages:${PYTHONPATH} VIRTUAL_ENV_PROMPT=(venv-ardupilot) /usr/bin/python3 -W ignore:setup.py install is deprecated -W ignore:easy_install command is deprecated setup.py egg_info --egg-base ../../build/mavros_config build --build-base /home/strain-drone/Documents/drone_position_hold/ros2_ws/build/mavros_config/build install --record /home/strain-drone/Documents/drone_position_hold/ros2_ws/build/mavros_config/install.log --single-version-externally-managed install_data
[4.929s] Level 1:colcon.colcon_core.environment:create_environment_scripts_only(natnet_ros2)
[4.930s] Level 1:colcon.colcon_core.environment:checking '/home/strain-drone/Documents/drone_position_hold/ros2_ws/install/natnet_ros2' for CMake module files
[4.931s] DEBUG:colcon.colcon_core.event_handler.log_command:Invoked command in '/home/strain-drone/Documents/drone_position_hold/ros2_ws/build/natnet_ros2' returned '0': CMAKE_PREFIX_PATH=${CMAKE_PREFIX_PATH}:/home/strain-drone/Documents/drone_position_hold/ros2_ws/install/visualizer:/home/strain-drone/Documents/drone_position_hold/ros2_ws/install/position_publisher:/home/strain-drone/Documents/drone_position_hold/ros2_ws/install/mocap4r2cli:/home/strain-drone/Documents/drone_position_hold/ros2_ws/install/mavros_config:/opt/ros/jazzy DEBUGINFOD_URLS=https://debuginfod.ubuntu.com PS1=(venv-ardupilot) \[\e]0;\u@\h: \w\a\]${debian_chroot:+($debian_chroot)}\[\033[01;32m\]\u@\h\[\033[00m\]:\[\033[01;34m\]\w\[\033[00m\]\$ VIRTUAL_ENV_PROMPT=(venv-ardupilot) /usr/bin/cmake --install /home/strain-drone/Documents/drone_position_hold/ros2_ws/build/natnet_ros2
[4.932s] Level 1:colcon.colcon_core.environment:checking '/home/strain-drone/Documents/drone_position_hold/ros2_ws/install/natnet_ros2' for CMake config files
[4.933s] Level 1:colcon.colcon_core.shell:create_environment_hook('natnet_ros2', 'cmake_prefix_path')
[4.933s] INFO:colcon.colcon_core.shell:Creating environment hook '/home/strain-drone/Documents/drone_position_hold/ros2_ws/install/natnet_ros2/share/natnet_ros2/hook/cmake_prefix_path.ps1'
[4.934s] INFO:colcon.colcon_core.shell:Creating environment descriptor '/home/strain-drone/Documents/drone_position_hold/ros2_ws/install/natnet_ros2/share/natnet_ros2/hook/cmake_prefix_path.dsv'
[4.936s] INFO:colcon.colcon_core.shell:Creating environment hook '/home/strain-drone/Documents/drone_position_hold/ros2_ws/install/natnet_ros2/share/natnet_ros2/hook/cmake_prefix_path.sh'
[4.938s] Level 1:colcon.colcon_core.environment:checking '/home/strain-drone/Documents/drone_position_hold/ros2_ws/install/natnet_ros2/lib'
[4.939s] Level 1:colcon.colcon_core.shell:create_environment_hook('natnet_ros2', 'ld_library_path_lib')
[4.939s] INFO:colcon.colcon_core.shell:Creating environment hook '/home/strain-drone/Documents/drone_position_hold/ros2_ws/install/natnet_ros2/share/natnet_ros2/hook/ld_library_path_lib.ps1'
[4.940s] INFO:colcon.colcon_core.shell:Creating environment descriptor '/home/strain-drone/Documents/drone_position_hold/ros2_ws/install/natnet_ros2/share/natnet_ros2/hook/ld_library_path_lib.dsv'
[4.942s] INFO:colcon.colcon_core.shell:Creating environment hook '/home/strain-drone/Documents/drone_position_hold/ros2_ws/install/natnet_ros2/share/natnet_ros2/hook/ld_library_path_lib.sh'
[4.943s] Level 1:colcon.colcon_core.environment:checking '/home/strain-drone/Documents/drone_position_hold/ros2_ws/install/natnet_ros2/bin'
[4.943s] Level 1:colcon.colcon_core.shell:create_environment_hook('natnet_ros2', 'path')
[4.944s] INFO:colcon.colcon_core.shell:Creating environment hook '/home/strain-drone/Documents/drone_position_hold/ros2_ws/install/natnet_ros2/share/natnet_ros2/hook/path.ps1'
[4.945s] INFO:colcon.colcon_core.shell:Creating environment descriptor '/home/strain-drone/Documents/drone_position_hold/ros2_ws/install/natnet_ros2/share/natnet_ros2/hook/path.dsv'
[4.949s] INFO:colcon.colcon_core.shell:Creating environment hook '/home/strain-drone/Documents/drone_position_hold/ros2_ws/install/natnet_ros2/share/natnet_ros2/hook/path.sh'
[4.950s] Level 1:colcon.colcon_core.environment:checking '/home/strain-drone/Documents/drone_position_hold/ros2_ws/install/natnet_ros2/lib/pkgconfig/natnet_ros2.pc'
[4.950s] Level 1:colcon.colcon_core.environment:checking '/home/strain-drone/Documents/drone_position_hold/ros2_ws/install/natnet_ros2/lib/python3.12/site-packages'
[4.950s] Level 1:colcon.colcon_core.shell:create_environment_hook('natnet_ros2', 'pythonpath')
[4.951s] INFO:colcon.colcon_core.shell:Creating environment hook '/home/strain-drone/Documents/drone_position_hold/ros2_ws/install/natnet_ros2/share/natnet_ros2/hook/pythonpath.ps1'
[4.952s] INFO:colcon.colcon_core.shell:Creating environment descriptor '/home/strain-drone/Documents/drone_position_hold/ros2_ws/install/natnet_ros2/share/natnet_ros2/hook/pythonpath.dsv'
[4.952s] INFO:colcon.colcon_core.shell:Creating environment hook '/home/strain-drone/Documents/drone_position_hold/ros2_ws/install/natnet_ros2/share/natnet_ros2/hook/pythonpath.sh'
[4.953s] Level 1:colcon.colcon_core.environment:checking '/home/strain-drone/Documents/drone_position_hold/ros2_ws/install/natnet_ros2/bin'
[4.954s] Level 1:colcon.colcon_core.shell:create_environment_hook('natnet_ros2', 'pythonscriptspath')
[4.954s] INFO:colcon.colcon_core.shell:Creating environment hook '/home/strain-drone/Documents/drone_position_hold/ros2_ws/install/natnet_ros2/share/natnet_ros2/hook/pythonscriptspath.ps1'
[4.955s] INFO:colcon.colcon_core.shell:Creating environment descriptor '/home/strain-drone/Documents/drone_position_hold/ros2_ws/install/natnet_ros2/share/natnet_ros2/hook/pythonscriptspath.dsv'
[4.956s] INFO:colcon.colcon_core.shell:Creating environment hook '/home/strain-drone/Documents/drone_position_hold/ros2_ws/install/natnet_ros2/share/natnet_ros2/hook/pythonscriptspath.sh'
[4.957s] INFO:colcon.colcon_core.shell:Creating package script '/home/strain-drone/Documents/drone_position_hold/ros2_ws/install/natnet_ros2/share/natnet_ros2/package.ps1'
[4.958s] INFO:colcon.colcon_core.shell:Creating package descriptor '/home/strain-drone/Documents/drone_position_hold/ros2_ws/install/natnet_ros2/share/natnet_ros2/package.dsv'
[4.959s] INFO:colcon.colcon_core.shell:Creating package script '/home/strain-drone/Documents/drone_position_hold/ros2_ws/install/natnet_ros2/share/natnet_ros2/package.sh'
[4.960s] INFO:colcon.colcon_core.shell:Creating package script '/home/strain-drone/Documents/drone_position_hold/ros2_ws/install/natnet_ros2/share/natnet_ros2/package.bash'
[4.962s] INFO:colcon.colcon_core.shell:Creating package script '/home/strain-drone/Documents/drone_position_hold/ros2_ws/install/natnet_ros2/share/natnet_ros2/package.zsh'
[4.963s] Level 1:colcon.colcon_core.environment:create_file_with_runtime_dependencies(/home/strain-drone/Documents/drone_position_hold/ros2_ws/install/natnet_ros2/share/colcon-core/packages/natnet_ros2)
[4.965s] Level 1:colcon.colcon_core.environment:create_environment_scripts_only(natnet_ros2)
[4.965s] Level 1:colcon.colcon_core.environment:checking '/home/strain-drone/Documents/drone_position_hold/ros2_ws/install/natnet_ros2' for CMake module files
[4.967s] Level 1:colcon.colcon_core.environment:checking '/home/strain-drone/Documents/drone_position_hold/ros2_ws/install/natnet_ros2' for CMake config files
[4.968s] Level 1:colcon.colcon_core.shell:create_environment_hook('natnet_ros2', 'cmake_prefix_path')
[4.968s] INFO:colcon.colcon_core.shell:Creating environment hook '/home/strain-drone/Documents/drone_position_hold/ros2_ws/install/natnet_ros2/share/natnet_ros2/hook/cmake_prefix_path.ps1'
[4.969s] INFO:colcon.colcon_core.shell:Creating environment descriptor '/home/strain-drone/Documents/drone_position_hold/ros2_ws/install/natnet_ros2/share/natnet_ros2/hook/cmake_prefix_path.dsv'
[4.970s] INFO:colcon.colcon_core.shell:Creating environment hook '/home/strain-drone/Documents/drone_position_hold/ros2_ws/install/natnet_ros2/share/natnet_ros2/hook/cmake_prefix_path.sh'
[4.972s] Level 1:colcon.colcon_core.environment:checking '/home/strain-drone/Documents/drone_position_hold/ros2_ws/install/natnet_ros2/lib'
[4.972s] Level 1:colcon.colcon_core.shell:create_environment_hook('natnet_ros2', 'ld_library_path_lib')
[4.972s] INFO:colcon.colcon_core.shell:Creating environment hook '/home/strain-drone/Documents/drone_position_hold/ros2_ws/install/natnet_ros2/share/natnet_ros2/hook/ld_library_path_lib.ps1'
[4.973s] INFO:colcon.colcon_core.shell:Creating environment descriptor '/home/strain-drone/Documents/drone_position_hold/ros2_ws/install/natnet_ros2/share/natnet_ros2/hook/ld_library_path_lib.dsv'
[4.975s] INFO:colcon.colcon_core.shell:Creating environment hook '/home/strain-drone/Documents/drone_position_hold/ros2_ws/install/natnet_ros2/share/natnet_ros2/hook/ld_library_path_lib.sh'
[4.976s] Level 1:colcon.colcon_core.environment:checking '/home/strain-drone/Documents/drone_position_hold/ros2_ws/install/natnet_ros2/bin'
[4.976s] Level 1:colcon.colcon_core.shell:create_environment_hook('natnet_ros2', 'path')
[4.977s] INFO:colcon.colcon_core.shell:Creating environment hook '/home/strain-drone/Documents/drone_position_hold/ros2_ws/install/natnet_ros2/share/natnet_ros2/hook/path.ps1'
[4.978s] INFO:colcon.colcon_core.shell:Creating environment descriptor '/home/strain-drone/Documents/drone_position_hold/ros2_ws/install/natnet_ros2/share/natnet_ros2/hook/path.dsv'
[4.979s] INFO:colcon.colcon_core.shell:Creating environment hook '/home/strain-drone/Documents/drone_position_hold/ros2_ws/install/natnet_ros2/share/natnet_ros2/hook/path.sh'
[4.981s] Level 1:colcon.colcon_core.environment:checking '/home/strain-drone/Documents/drone_position_hold/ros2_ws/install/natnet_ros2/lib/pkgconfig/natnet_ros2.pc'
[4.981s] Level 1:colcon.colcon_core.environment:checking '/home/strain-drone/Documents/drone_position_hold/ros2_ws/install/natnet_ros2/lib/python3.12/site-packages'
[4.982s] Level 1:colcon.colcon_core.shell:create_environment_hook('natnet_ros2', 'pythonpath')
[4.982s] INFO:colcon.colcon_core.shell:Creating environment hook '/home/strain-drone/Documents/drone_position_hold/ros2_ws/install/natnet_ros2/share/natnet_ros2/hook/pythonpath.ps1'
[4.983s] INFO:colcon.colcon_core.shell:Creating environment descriptor '/home/strain-drone/Documents/drone_position_hold/ros2_ws/install/natnet_ros2/share/natnet_ros2/hook/pythonpath.dsv'
[4.987s] INFO:colcon.colcon_core.shell:Creating environment hook '/home/strain-drone/Documents/drone_position_hold/ros2_ws/install/natnet_ros2/share/natnet_ros2/hook/pythonpath.sh'
[4.988s] Level 1:colcon.colcon_core.environment:checking '/home/strain-drone/Documents/drone_position_hold/ros2_ws/install/natnet_ros2/bin'
[4.988s] Level 1:colcon.colcon_core.shell:create_environment_hook('natnet_ros2', 'pythonscriptspath')
[4.988s] INFO:colcon.colcon_core.shell:Creating environment hook '/home/strain-drone/Documents/drone_position_hold/ros2_ws/install/natnet_ros2/share/natnet_ros2/hook/pythonscriptspath.ps1'
[4.989s] INFO:colcon.colcon_core.shell:Creating environment descriptor '/home/strain-drone/Documents/drone_position_hold/ros2_ws/install/natnet_ros2/share/natnet_ros2/hook/pythonscriptspath.dsv'
[4.990s] INFO:colcon.colcon_core.shell:Creating environment hook '/home/strain-drone/Documents/drone_position_hold/ros2_ws/install/natnet_ros2/share/natnet_ros2/hook/pythonscriptspath.sh'
[4.992s] INFO:colcon.colcon_core.shell:Creating package script '/home/strain-drone/Documents/drone_position_hold/ros2_ws/install/natnet_ros2/share/natnet_ros2/package.ps1'
[4.993s] INFO:colcon.colcon_core.shell:Creating package descriptor '/home/strain-drone/Documents/drone_position_hold/ros2_ws/install/natnet_ros2/share/natnet_ros2/package.dsv'
[4.995s] INFO:colcon.colcon_core.shell:Creating package script '/home/strain-drone/Documents/drone_position_hold/ros2_ws/install/natnet_ros2/share/natnet_ros2/package.sh'
[4.997s] INFO:colcon.colcon_core.shell:Creating package script '/home/strain-drone/Documents/drone_position_hold/ros2_ws/install/natnet_ros2/share/natnet_ros2/package.bash'
[4.999s] INFO:colcon.colcon_core.shell:Creating package script '/home/strain-drone/Documents/drone_position_hold/ros2_ws/install/natnet_ros2/share/natnet_ros2/package.zsh'
[5.000s] Level 1:colcon.colcon_core.environment:create_file_with_runtime_dependencies(/home/strain-drone/Documents/drone_position_hold/ros2_ws/install/natnet_ros2/share/colcon-core/packages/natnet_ros2)
[5.002s] INFO:colcon.colcon_ros.task.ament_cmake.build:Building ROS package in '/home/strain-drone/Documents/drone_position_hold/ros2_ws/src/mocap4r2/mocap4r2_marker_viz/mocap4r2_marker_publisher' with build type 'ament_cmake'
[5.004s] INFO:colcon.colcon_cmake.task.cmake.build:Building CMake package in '/home/strain-drone/Documents/drone_position_hold/ros2_ws/src/mocap4r2/mocap4r2_marker_viz/mocap4r2_marker_publisher'
[5.004s] INFO:colcon.colcon_core.shell:Skip shell extension 'powershell' for command environment: Not usable outside of PowerShell
[5.005s] DEBUG:colcon.colcon_core.shell:Skip shell extension 'dsv' for command environment
[5.031s] DEBUG:colcon.colcon_core.event_handler.log_command:Invoking command in '/home/strain-drone/Documents/drone_position_hold/ros2_ws/build/mocap4r2_marker_publisher': CMAKE_PREFIX_PATH=/home/strain-drone/Documents/drone_position_hold/ros2_ws/install/mocap4r2_msgs:/home/strain-drone/Documents/drone_position_hold/ros2_ws/install/rqt_mocap4r2_control:/home/strain-drone/Documents/drone_position_hold/ros2_ws/install/natnet_ros2:/home/strain-drone/Documents/drone_position_hold/ros2_ws/install/mocap4r2_vicon_driver:/home/strain-drone/Documents/drone_position_hold/ros2_ws/install/mocap4r2_robot_gt:/home/strain-drone/Documents/drone_position_hold/ros2_ws/install/mocap4r2_robot_gt_msgs:/home/strain-drone/Documents/drone_position_hold/ros2_ws/install/mocap4r2_marker_viz:/home/strain-drone/Documents/drone_position_hold/ros2_ws/install/mocap4r2_marker_publisher:/home/strain-drone/Documents/drone_position_hold/ros2_ws/install/mocap4r2_dummy_driver:/home/strain-drone/Documents/drone_position_hold/ros2_ws/install/mocap4r2_marker_viz_srvs:/home/strain-drone/Documents/drone_position_hold/ros2_ws/install/mocap4r2_control:/home/strain-drone/Documents/drone_position_hold/ros2_ws/install/mocap4r2_control_msgs:/opt/ros/jazzy/opt/gz_math_vendor:/opt/ros/jazzy/opt/gz_utils_vendor:/opt/ros/jazzy/opt/gz_cmake_vendor:/home/strain-drone/Documents/drone_position_hold/ros2_ws/install/visualizer:/home/strain-drone/Documents/drone_position_hold/ros2_ws/install/position_publisher:/home/strain-drone/Documents/drone_position_hold/ros2_ws/install/mocap4r2cli:/home/strain-drone/Documents/drone_position_hold/ros2_ws/install/mavros_config:/opt/ros/jazzy DEBUGINFOD_URLS=https://debuginfod.ubuntu.com LD_LIBRARY_PATH=/home/strain-drone/Documents/drone_position_hold/ros2_ws/install/mocap4r2_msgs/lib:/home/strain-drone/Documents/drone_position_hold/ros2_ws/install/rqt_mocap4r2_control/lib:/home/strain-drone/Documents/drone_position_hold/ros2_ws/install/natnet_ros2/lib:/home/strain-drone/Documents/drone_position_hold/ros2_ws/install/mocap4r2_vicon_driver/lib:/home/strain-drone/Documents/drone_position_hold/ros2_ws/install/mocap4r2_robot_gt/lib:/home/strain-drone/Documents/drone_position_hold/ros2_ws/install/mocap4r2_robot_gt_msgs/lib:/home/strain-drone/Documents/drone_position_hold/ros2_ws/install/mocap4r2_marker_viz_srvs/lib:/home/strain-drone/Documents/drone_position_hold/ros2_ws/install/mocap4r2_control/lib:/home/strain-drone/Documents/drone_position_hold/ros2_ws/install/mocap4r2_control_msgs/lib:/opt/ros/jazzy/opt/rviz_ogre_vendor/lib:/opt/ros/jazzy/lib/aarch64-linux-gnu:/opt/ros/jazzy/opt/gz_math_vendor/lib:/opt/ros/jazzy/opt/gz_utils_vendor/lib:/opt/ros/jazzy/opt/gz_cmake_vendor/lib:/opt/ros/jazzy/lib:/home/strain-drone/Documents/drone_position_hold/ros2_ws/src/natnet_ros2/deps/NatNetSDK/lib PS1=(venv-ardupilot) \[\e]0;\u@\h: \w\a\]${debian_chroot:+($debian_chroot)}\[\033[01;32m\]\u@\h\[\033[00m\]:\[\033[01;34m\]\w\[\033[00m\]\$ PYTHONPATH=/home/strain-drone/Documents/drone_position_hold/ros2_ws/install/mocap4r2_msgs/lib/python3.12/site-packages:/home/strain-drone/Documents/drone_position_hold/ros2_ws/install/visualizer/lib/python3.12/site-packages:/home/strain-drone/Documents/drone_position_hold/ros2_ws/install/position_publisher/lib/python3.12/site-packages:/home/strain-drone/Documents/drone_position_hold/ros2_ws/install/natnet_ros2/lib/python3.12/site-packages:/home/strain-drone/Documents/drone_position_hold/ros2_ws/install/mocap4r2cli/lib/python3.12/site-packages:/home/strain-drone/Documents/drone_position_hold/ros2_ws/install/mocap4r2_robot_gt_msgs/lib/python3.12/site-packages:/home/strain-drone/Documents/drone_position_hold/ros2_ws/install/mocap4r2_marker_viz_srvs/lib/python3.12/site-packages:/home/strain-drone/Documents/drone_position_hold/ros2_ws/install/mocap4r2_control_msgs/lib/python3.12/site-packages:/home/strain-drone/Documents/drone_position_hold/ros2_ws/install/mavros_config/lib/python3.12/site-packages:/opt/ros/jazzy/lib/python3.12/site-packages VIRTUAL_ENV_PROMPT=(venv-ardupilot) /usr/bin/cmake --build /home/strain-drone/Documents/drone_position_hold/ros2_ws/build/mocap4r2_marker_publisher -- -j4 -l4
[5.139s] DEBUG:colcon.colcon_core.event_handler.log_command:Invoking command in '/home/strain-drone/Documents/drone_position_hold/ros2_ws/src/position_publisher': DEBUGINFOD_URLS=https://debuginfod.ubuntu.com PS1=(venv-ardupilot) \[\e]0;\u@\h: \w\a\]${debian_chroot:+($debian_chroot)}\[\033[01;32m\]\u@\h\[\033[00m\]:\[\033[01;34m\]\w\[\033[00m\]\$ PYTHONPATH=/home/strain-drone/Documents/drone_position_hold/ros2_ws/build/position_publisher/prefix_override:/usr/lib/python3/dist-packages/colcon_core/task/python/colcon_distutils_commands:/home/strain-drone/Documents/drone_position_hold/ros2_ws/install/position_publisher/lib/python3.12/site-packages:${PYTHONPATH} VIRTUAL_ENV_PROMPT=(venv-ardupilot) /usr/bin/python3 -W ignore:setup.py install is deprecated -W ignore:easy_install command is deprecated setup.py egg_info --egg-base ../../build/position_publisher build --build-base /home/strain-drone/Documents/drone_position_hold/ros2_ws/build/position_publisher/build install --record /home/strain-drone/Documents/drone_position_hold/ros2_ws/build/position_publisher/install.log --single-version-externally-managed install_data
[5.219s] DEBUG:colcon.colcon_core.event_handler.log_command:Invoked command in '/home/strain-drone/Documents/drone_position_hold/ros2_ws/build/mocap4r2_marker_publisher' returned '0': CMAKE_PREFIX_PATH=/home/strain-drone/Documents/drone_position_hold/ros2_ws/install/mocap4r2_msgs:/home/strain-drone/Documents/drone_position_hold/ros2_ws/install/rqt_mocap4r2_control:/home/strain-drone/Documents/drone_position_hold/ros2_ws/install/natnet_ros2:/home/strain-drone/Documents/drone_position_hold/ros2_ws/install/mocap4r2_vicon_driver:/home/strain-drone/Documents/drone_position_hold/ros2_ws/install/mocap4r2_robot_gt:/home/strain-drone/Documents/drone_position_hold/ros2_ws/install/mocap4r2_robot_gt_msgs:/home/strain-drone/Documents/drone_position_hold/ros2_ws/install/mocap4r2_marker_viz:/home/strain-drone/Documents/drone_position_hold/ros2_ws/install/mocap4r2_marker_publisher:/home/strain-drone/Documents/drone_position_hold/ros2_ws/install/mocap4r2_dummy_driver:/home/strain-drone/Documents/drone_position_hold/ros2_ws/install/mocap4r2_marker_viz_srvs:/home/strain-drone/Documents/drone_position_hold/ros2_ws/install/mocap4r2_control:/home/strain-drone/Documents/drone_position_hold/ros2_ws/install/mocap4r2_control_msgs:/opt/ros/jazzy/opt/gz_math_vendor:/opt/ros/jazzy/opt/gz_utils_vendor:/opt/ros/jazzy/opt/gz_cmake_vendor:/home/strain-drone/Documents/drone_position_hold/ros2_ws/install/visualizer:/home/strain-drone/Documents/drone_position_hold/ros2_ws/install/position_publisher:/home/strain-drone/Documents/drone_position_hold/ros2_ws/install/mocap4r2cli:/home/strain-drone/Documents/drone_position_hold/ros2_ws/install/mavros_config:/opt/ros/jazzy DEBUGINFOD_URLS=https://debuginfod.ubuntu.com LD_LIBRARY_PATH=/home/strain-drone/Documents/drone_position_hold/ros2_ws/install/mocap4r2_msgs/lib:/home/strain-drone/Documents/drone_position_hold/ros2_ws/install/rqt_mocap4r2_control/lib:/home/strain-drone/Documents/drone_position_hold/ros2_ws/install/natnet_ros2/lib:/home/strain-drone/Documents/drone_position_hold/ros2_ws/install/mocap4r2_vicon_driver/lib:/home/strain-drone/Documents/drone_position_hold/ros2_ws/install/mocap4r2_robot_gt/lib:/home/strain-drone/Documents/drone_position_hold/ros2_ws/install/mocap4r2_robot_gt_msgs/lib:/home/strain-drone/Documents/drone_position_hold/ros2_ws/install/mocap4r2_marker_viz_srvs/lib:/home/strain-drone/Documents/drone_position_hold/ros2_ws/install/mocap4r2_control/lib:/home/strain-drone/Documents/drone_position_hold/ros2_ws/install/mocap4r2_control_msgs/lib:/opt/ros/jazzy/opt/rviz_ogre_vendor/lib:/opt/ros/jazzy/lib/aarch64-linux-gnu:/opt/ros/jazzy/opt/gz_math_vendor/lib:/opt/ros/jazzy/opt/gz_utils_vendor/lib:/opt/ros/jazzy/opt/gz_cmake_vendor/lib:/opt/ros/jazzy/lib:/home/strain-drone/Documents/drone_position_hold/ros2_ws/src/natnet_ros2/deps/NatNetSDK/lib PS1=(venv-ardupilot) \[\e]0;\u@\h: \w\a\]${debian_chroot:+($debian_chroot)}\[\033[01;32m\]\u@\h\[\033[00m\]:\[\033[01;34m\]\w\[\033[00m\]\$ PYTHONPATH=/home/strain-drone/Documents/drone_position_hold/ros2_ws/install/mocap4r2_msgs/lib/python3.12/site-packages:/home/strain-drone/Documents/drone_position_hold/ros2_ws/install/visualizer/lib/python3.12/site-packages:/home/strain-drone/Documents/drone_position_hold/ros2_ws/install/position_publisher/lib/python3.12/site-packages:/home/strain-drone/Documents/drone_position_hold/ros2_ws/install/natnet_ros2/lib/python3.12/site-packages:/home/strain-drone/Documents/drone_position_hold/ros2_ws/install/mocap4r2cli/lib/python3.12/site-packages:/home/strain-drone/Documents/drone_position_hold/ros2_ws/install/mocap4r2_robot_gt_msgs/lib/python3.12/site-packages:/home/strain-drone/Documents/drone_position_hold/ros2_ws/install/mocap4r2_marker_viz_srvs/lib/python3.12/site-packages:/home/strain-drone/Documents/drone_position_hold/ros2_ws/install/mocap4r2_control_msgs/lib/python3.12/site-packages:/home/strain-drone/Documents/drone_position_hold/ros2_ws/install/mavros_config/lib/python3.12/site-packages:/opt/ros/jazzy/lib/python3.12/site-packages VIRTUAL_ENV_PROMPT=(venv-ardupilot) /usr/bin/cmake --build /home/strain-drone/Documents/drone_position_hold/ros2_ws/build/mocap4r2_marker_publisher -- -j4 -l4
[5.219s] DEBUG:colcon.colcon_core.event_handler.log_command:Invoking command in '/home/strain-drone/Documents/drone_position_hold/ros2_ws/build/mocap4r2_marker_publisher': CMAKE_PREFIX_PATH=/home/strain-drone/Documents/drone_position_hold/ros2_ws/install/mocap4r2_msgs:/home/strain-drone/Documents/drone_position_hold/ros2_ws/install/rqt_mocap4r2_control:/home/strain-drone/Documents/drone_position_hold/ros2_ws/install/natnet_ros2:/home/strain-drone/Documents/drone_position_hold/ros2_ws/install/mocap4r2_vicon_driver:/home/strain-drone/Documents/drone_position_hold/ros2_ws/install/mocap4r2_robot_gt:/home/strain-drone/Documents/drone_position_hold/ros2_ws/install/mocap4r2_robot_gt_msgs:/home/strain-drone/Documents/drone_position_hold/ros2_ws/install/mocap4r2_marker_viz:/home/strain-drone/Documents/drone_position_hold/ros2_ws/install/mocap4r2_marker_publisher:/home/strain-drone/Documents/drone_position_hold/ros2_ws/install/mocap4r2_dummy_driver:/home/strain-drone/Documents/drone_position_hold/ros2_ws/install/mocap4r2_marker_viz_srvs:/home/strain-drone/Documents/drone_position_hold/ros2_ws/install/mocap4r2_control:/home/strain-drone/Documents/drone_position_hold/ros2_ws/install/mocap4r2_control_msgs:/opt/ros/jazzy/opt/gz_math_vendor:/opt/ros/jazzy/opt/gz_utils_vendor:/opt/ros/jazzy/opt/gz_cmake_vendor:/home/strain-drone/Documents/drone_position_hold/ros2_ws/install/visualizer:/home/strain-drone/Documents/drone_position_hold/ros2_ws/install/position_publisher:/home/strain-drone/Documents/drone_position_hold/ros2_ws/install/mocap4r2cli:/home/strain-drone/Documents/drone_position_hold/ros2_ws/install/mavros_config:/opt/ros/jazzy DEBUGINFOD_URLS=https://debuginfod.ubuntu.com LD_LIBRARY_PATH=/home/strain-drone/Documents/drone_position_hold/ros2_ws/install/mocap4r2_msgs/lib:/home/strain-drone/Documents/drone_position_hold/ros2_ws/install/rqt_mocap4r2_control/lib:/home/strain-drone/Documents/drone_position_hold/ros2_ws/install/natnet_ros2/lib:/home/strain-drone/Documents/drone_position_hold/ros2_ws/install/mocap4r2_vicon_driver/lib:/home/strain-drone/Documents/drone_position_hold/ros2_ws/install/mocap4r2_robot_gt/lib:/home/strain-drone/Documents/drone_position_hold/ros2_ws/install/mocap4r2_robot_gt_msgs/lib:/home/strain-drone/Documents/drone_position_hold/ros2_ws/install/mocap4r2_marker_viz_srvs/lib:/home/strain-drone/Documents/drone_position_hold/ros2_ws/install/mocap4r2_control/lib:/home/strain-drone/Documents/drone_position_hold/ros2_ws/install/mocap4r2_control_msgs/lib:/opt/ros/jazzy/opt/rviz_ogre_vendor/lib:/opt/ros/jazzy/lib/aarch64-linux-gnu:/opt/ros/jazzy/opt/gz_math_vendor/lib:/opt/ros/jazzy/opt/gz_utils_vendor/lib:/opt/ros/jazzy/opt/gz_cmake_vendor/lib:/opt/ros/jazzy/lib:/home/strain-drone/Documents/drone_position_hold/ros2_ws/src/natnet_ros2/deps/NatNetSDK/lib PS1=(venv-ardupilot) \[\e]0;\u@\h: \w\a\]${debian_chroot:+($debian_chroot)}\[\033[01;32m\]\u@\h\[\033[00m\]:\[\033[01;34m\]\w\[\033[00m\]\$ PYTHONPATH=/home/strain-drone/Documents/drone_position_hold/ros2_ws/install/mocap4r2_msgs/lib/python3.12/site-packages:/home/strain-drone/Documents/drone_position_hold/ros2_ws/install/visualizer/lib/python3.12/site-packages:/home/strain-drone/Documents/drone_position_hold/ros2_ws/install/position_publisher/lib/python3.12/site-packages:/home/strain-drone/Documents/drone_position_hold/ros2_ws/install/natnet_ros2/lib/python3.12/site-packages:/home/strain-drone/Documents/drone_position_hold/ros2_ws/install/mocap4r2cli/lib/python3.12/site-packages:/home/strain-drone/Documents/drone_position_hold/ros2_ws/install/mocap4r2_robot_gt_msgs/lib/python3.12/site-packages:/home/strain-drone/Documents/drone_position_hold/ros2_ws/install/mocap4r2_marker_viz_srvs/lib/python3.12/site-packages:/home/strain-drone/Documents/drone_position_hold/ros2_ws/install/mocap4r2_control_msgs/lib/python3.12/site-packages:/home/strain-drone/Documents/drone_position_hold/ros2_ws/install/mavros_config/lib/python3.12/site-packages:/opt/ros/jazzy/lib/python3.12/site-packages VIRTUAL_ENV_PROMPT=(venv-ardupilot) /usr/bin/cmake --install /home/strain-drone/Documents/drone_position_hold/ros2_ws/build/mocap4r2_marker_publisher
[5.248s] Level 1:colcon.colcon_core.environment:create_environment_scripts_only(mocap4r2_marker_publisher)
[5.248s] Level 1:colcon.colcon_core.environment:checking '/home/strain-drone/Documents/drone_position_hold/ros2_ws/install/mocap4r2_marker_publisher' for CMake module files
[5.249s] Level 1:colcon.colcon_core.environment:checking '/home/strain-drone/Documents/drone_position_hold/ros2_ws/install/mocap4r2_marker_publisher' for CMake config files
[5.249s] Level 1:colcon.colcon_core.shell:create_environment_hook('mocap4r2_marker_publisher', 'cmake_prefix_path')
[5.250s] INFO:colcon.colcon_core.shell:Creating environment hook '/home/strain-drone/Documents/drone_position_hold/ros2_ws/install/mocap4r2_marker_publisher/share/mocap4r2_marker_publisher/hook/cmake_prefix_path.ps1'
[5.250s] DEBUG:colcon.colcon_core.event_handler.log_command:Invoked command in '/home/strain-drone/Documents/drone_position_hold/ros2_ws/build/mocap4r2_marker_publisher' returned '0': CMAKE_PREFIX_PATH=/home/strain-drone/Documents/drone_position_hold/ros2_ws/install/mocap4r2_msgs:/home/strain-drone/Documents/drone_position_hold/ros2_ws/install/rqt_mocap4r2_control:/home/strain-drone/Documents/drone_position_hold/ros2_ws/install/natnet_ros2:/home/strain-drone/Documents/drone_position_hold/ros2_ws/install/mocap4r2_vicon_driver:/home/strain-drone/Documents/drone_position_hold/ros2_ws/install/mocap4r2_robot_gt:/home/strain-drone/Documents/drone_position_hold/ros2_ws/install/mocap4r2_robot_gt_msgs:/home/strain-drone/Documents/drone_position_hold/ros2_ws/install/mocap4r2_marker_viz:/home/strain-drone/Documents/drone_position_hold/ros2_ws/install/mocap4r2_marker_publisher:/home/strain-drone/Documents/drone_position_hold/ros2_ws/install/mocap4r2_dummy_driver:/home/strain-drone/Documents/drone_position_hold/ros2_ws/install/mocap4r2_marker_viz_srvs:/home/strain-drone/Documents/drone_position_hold/ros2_ws/install/mocap4r2_control:/home/strain-drone/Documents/drone_position_hold/ros2_ws/install/mocap4r2_control_msgs:/opt/ros/jazzy/opt/gz_math_vendor:/opt/ros/jazzy/opt/gz_utils_vendor:/opt/ros/jazzy/opt/gz_cmake_vendor:/home/strain-drone/Documents/drone_position_hold/ros2_ws/install/visualizer:/home/strain-drone/Documents/drone_position_hold/ros2_ws/install/position_publisher:/home/strain-drone/Documents/drone_position_hold/ros2_ws/install/mocap4r2cli:/home/strain-drone/Documents/drone_position_hold/ros2_ws/install/mavros_config:/opt/ros/jazzy DEBUGINFOD_URLS=https://debuginfod.ubuntu.com LD_LIBRARY_PATH=/home/strain-drone/Documents/drone_position_hold/ros2_ws/install/mocap4r2_msgs/lib:/home/strain-drone/Documents/drone_position_hold/ros2_ws/install/rqt_mocap4r2_control/lib:/home/strain-drone/Documents/drone_position_hold/ros2_ws/install/natnet_ros2/lib:/home/strain-drone/Documents/drone_position_hold/ros2_ws/install/mocap4r2_vicon_driver/lib:/home/strain-drone/Documents/drone_position_hold/ros2_ws/install/mocap4r2_robot_gt/lib:/home/strain-drone/Documents/drone_position_hold/ros2_ws/install/mocap4r2_robot_gt_msgs/lib:/home/strain-drone/Documents/drone_position_hold/ros2_ws/install/mocap4r2_marker_viz_srvs/lib:/home/strain-drone/Documents/drone_position_hold/ros2_ws/install/mocap4r2_control/lib:/home/strain-drone/Documents/drone_position_hold/ros2_ws/install/mocap4r2_control_msgs/lib:/opt/ros/jazzy/opt/rviz_ogre_vendor/lib:/opt/ros/jazzy/lib/aarch64-linux-gnu:/opt/ros/jazzy/opt/gz_math_vendor/lib:/opt/ros/jazzy/opt/gz_utils_vendor/lib:/opt/ros/jazzy/opt/gz_cmake_vendor/lib:/opt/ros/jazzy/lib:/home/strain-drone/Documents/drone_position_hold/ros2_ws/src/natnet_ros2/deps/NatNetSDK/lib PS1=(venv-ardupilot) \[\e]0;\u@\h: \w\a\]${debian_chroot:+($debian_chroot)}\[\033[01;32m\]\u@\h\[\033[00m\]:\[\033[01;34m\]\w\[\033[00m\]\$ PYTHONPATH=/home/strain-drone/Documents/drone_position_hold/ros2_ws/install/mocap4r2_msgs/lib/python3.12/site-packages:/home/strain-drone/Documents/drone_position_hold/ros2_ws/install/visualizer/lib/python3.12/site-packages:/home/strain-drone/Documents/drone_position_hold/ros2_ws/install/position_publisher/lib/python3.12/site-packages:/home/strain-drone/Documents/drone_position_hold/ros2_ws/install/natnet_ros2/lib/python3.12/site-packages:/home/strain-drone/Documents/drone_position_hold/ros2_ws/install/mocap4r2cli/lib/python3.12/site-packages:/home/strain-drone/Documents/drone_position_hold/ros2_ws/install/mocap4r2_robot_gt_msgs/lib/python3.12/site-packages:/home/strain-drone/Documents/drone_position_hold/ros2_ws/install/mocap4r2_marker_viz_srvs/lib/python3.12/site-packages:/home/strain-drone/Documents/drone_position_hold/ros2_ws/install/mocap4r2_control_msgs/lib/python3.12/site-packages:/home/strain-drone/Documents/drone_position_hold/ros2_ws/install/mavros_config/lib/python3.12/site-packages:/opt/ros/jazzy/lib/python3.12/site-packages VIRTUAL_ENV_PROMPT=(venv-ardupilot) /usr/bin/cmake --install /home/strain-drone/Documents/drone_position_hold/ros2_ws/build/mocap4r2_marker_publisher
[5.251s] INFO:colcon.colcon_core.shell:Creating environment descriptor '/home/strain-drone/Documents/drone_position_hold/ros2_ws/install/mocap4r2_marker_publisher/share/mocap4r2_marker_publisher/hook/cmake_prefix_path.dsv'
[5.252s] INFO:colcon.colcon_core.shell:Creating environment hook '/home/strain-drone/Documents/drone_position_hold/ros2_ws/install/mocap4r2_marker_publisher/share/mocap4r2_marker_publisher/hook/cmake_prefix_path.sh'
[5.253s] Level 1:colcon.colcon_core.environment:checking '/home/strain-drone/Documents/drone_position_hold/ros2_ws/install/mocap4r2_marker_publisher/lib'
[5.253s] Level 1:colcon.colcon_core.environment:checking '/home/strain-drone/Documents/drone_position_hold/ros2_ws/install/mocap4r2_marker_publisher/bin'
[5.253s] Level 1:colcon.colcon_core.environment:checking '/home/strain-drone/Documents/drone_position_hold/ros2_ws/install/mocap4r2_marker_publisher/lib/pkgconfig/mocap4r2_marker_publisher.pc'
[5.253s] Level 1:colcon.colcon_core.environment:checking '/home/strain-drone/Documents/drone_position_hold/ros2_ws/install/mocap4r2_marker_publisher/lib/python3.12/site-packages'
[5.254s] Level 1:colcon.colcon_core.environment:checking '/home/strain-drone/Documents/drone_position_hold/ros2_ws/install/mocap4r2_marker_publisher/bin'
[5.254s] INFO:colcon.colcon_core.shell:Creating package script '/home/strain-drone/Documents/drone_position_hold/ros2_ws/install/mocap4r2_marker_publisher/share/mocap4r2_marker_publisher/package.ps1'
[5.256s] INFO:colcon.colcon_core.shell:Creating package descriptor '/home/strain-drone/Documents/drone_position_hold/ros2_ws/install/mocap4r2_marker_publisher/share/mocap4r2_marker_publisher/package.dsv'
[5.256s] INFO:colcon.colcon_core.shell:Creating package script '/home/strain-drone/Documents/drone_position_hold/ros2_ws/install/mocap4r2_marker_publisher/share/mocap4r2_marker_publisher/package.sh'
[5.257s] INFO:colcon.colcon_core.shell:Creating package script '/home/strain-drone/Documents/drone_position_hold/ros2_ws/install/mocap4r2_marker_publisher/share/mocap4r2_marker_publisher/package.bash'
[5.257s] INFO:colcon.colcon_core.shell:Creating package script '/home/strain-drone/Documents/drone_position_hold/ros2_ws/install/mocap4r2_marker_publisher/share/mocap4r2_marker_publisher/package.zsh'
[5.258s] Level 1:colcon.colcon_core.environment:create_file_with_runtime_dependencies(/home/strain-drone/Documents/drone_position_hold/ros2_ws/install/mocap4r2_marker_publisher/share/colcon-core/packages/mocap4r2_marker_publisher)
[5.259s] Level 1:colcon.colcon_core.environment:create_environment_scripts_only(mocap4r2_marker_publisher)
[5.259s] Level 1:colcon.colcon_core.environment:checking '/home/strain-drone/Documents/drone_position_hold/ros2_ws/install/mocap4r2_marker_publisher' for CMake module files
[5.260s] Level 1:colcon.colcon_core.environment:checking '/home/strain-drone/Documents/drone_position_hold/ros2_ws/install/mocap4r2_marker_publisher' for CMake config files
[5.260s] Level 1:colcon.colcon_core.shell:create_environment_hook('mocap4r2_marker_publisher', 'cmake_prefix_path')
[5.261s] INFO:colcon.colcon_core.shell:Creating environment hook '/home/strain-drone/Documents/drone_position_hold/ros2_ws/install/mocap4r2_marker_publisher/share/mocap4r2_marker_publisher/hook/cmake_prefix_path.ps1'
[5.264s] INFO:colcon.colcon_core.shell:Creating environment descriptor '/home/strain-drone/Documents/drone_position_hold/ros2_ws/install/mocap4r2_marker_publisher/share/mocap4r2_marker_publisher/hook/cmake_prefix_path.dsv'
[5.265s] INFO:colcon.colcon_core.shell:Creating environment hook '/home/strain-drone/Documents/drone_position_hold/ros2_ws/install/mocap4r2_marker_publisher/share/mocap4r2_marker_publisher/hook/cmake_prefix_path.sh'
[5.266s] Level 1:colcon.colcon_core.environment:checking '/home/strain-drone/Documents/drone_position_hold/ros2_ws/install/mocap4r2_marker_publisher/lib'
[5.267s] Level 1:colcon.colcon_core.environment:checking '/home/strain-drone/Documents/drone_position_hold/ros2_ws/install/mocap4r2_marker_publisher/bin'
[5.267s] Level 1:colcon.colcon_core.environment:checking '/home/strain-drone/Documents/drone_position_hold/ros2_ws/install/mocap4r2_marker_publisher/lib/pkgconfig/mocap4r2_marker_publisher.pc'
[5.267s] Level 1:colcon.colcon_core.environment:checking '/home/strain-drone/Documents/drone_position_hold/ros2_ws/install/mocap4r2_marker_publisher/lib/python3.12/site-packages'
[5.267s] Level 1:colcon.colcon_core.environment:checking '/home/strain-drone/Documents/drone_position_hold/ros2_ws/install/mocap4r2_marker_publisher/bin'
[5.268s] INFO:colcon.colcon_core.shell:Creating package script '/home/strain-drone/Documents/drone_position_hold/ros2_ws/install/mocap4r2_marker_publisher/share/mocap4r2_marker_publisher/package.ps1'
[5.270s] INFO:colcon.colcon_core.shell:Creating package descriptor '/home/strain-drone/Documents/drone_position_hold/ros2_ws/install/mocap4r2_marker_publisher/share/mocap4r2_marker_publisher/package.dsv'
[5.271s] INFO:colcon.colcon_core.shell:Creating package script '/home/strain-drone/Documents/drone_position_hold/ros2_ws/install/mocap4r2_marker_publisher/share/mocap4r2_marker_publisher/package.sh'
[5.272s] INFO:colcon.colcon_core.shell:Creating package script '/home/strain-drone/Documents/drone_position_hold/ros2_ws/install/mocap4r2_marker_publisher/share/mocap4r2_marker_publisher/package.bash'
[5.272s] INFO:colcon.colcon_core.shell:Creating package script '/home/strain-drone/Documents/drone_position_hold/ros2_ws/install/mocap4r2_marker_publisher/share/mocap4r2_marker_publisher/package.zsh'
[5.273s] Level 1:colcon.colcon_core.environment:create_file_with_runtime_dependencies(/home/strain-drone/Documents/drone_position_hold/ros2_ws/install/mocap4r2_marker_publisher/share/colcon-core/packages/mocap4r2_marker_publisher)
[5.274s] INFO:colcon.colcon_ros.task.ament_cmake.build:Building ROS package in '/home/strain-drone/Documents/drone_position_hold/ros2_ws/src/mocap4r2/mocap4r2_marker_viz/mocap4r2_marker_viz' with build type 'ament_cmake'
[5.275s] INFO:colcon.colcon_cmake.task.cmake.build:Building CMake package in '/home/strain-drone/Documents/drone_position_hold/ros2_ws/src/mocap4r2/mocap4r2_marker_viz/mocap4r2_marker_viz'
[5.275s] INFO:colcon.colcon_core.shell:Skip shell extension 'powershell' for command environment: Not usable outside of PowerShell
[5.276s] DEBUG:colcon.colcon_core.shell:Skip shell extension 'dsv' for command environment
[5.301s] DEBUG:colcon.colcon_core.event_handler.log_command:Invoking command in '/home/strain-drone/Documents/drone_position_hold/ros2_ws/build/mocap4r2_marker_viz': CMAKE_PREFIX_PATH=/home/strain-drone/Documents/drone_position_hold/ros2_ws/install/mocap4r2_msgs:/home/strain-drone/Documents/drone_position_hold/ros2_ws/install/mocap4r2_marker_viz_srvs:/home/strain-drone/Documents/drone_position_hold/ros2_ws/install/rqt_mocap4r2_control:/home/strain-drone/Documents/drone_position_hold/ros2_ws/install/natnet_ros2:/home/strain-drone/Documents/drone_position_hold/ros2_ws/install/mocap4r2_vicon_driver:/home/strain-drone/Documents/drone_position_hold/ros2_ws/install/mocap4r2_robot_gt:/home/strain-drone/Documents/drone_position_hold/ros2_ws/install/mocap4r2_robot_gt_msgs:/home/strain-drone/Documents/drone_position_hold/ros2_ws/install/mocap4r2_marker_viz:/home/strain-drone/Documents/drone_position_hold/ros2_ws/install/mocap4r2_marker_publisher:/home/strain-drone/Documents/drone_position_hold/ros2_ws/install/mocap4r2_dummy_driver:/home/strain-drone/Documents/drone_position_hold/ros2_ws/install/mocap4r2_control:/home/strain-drone/Documents/drone_position_hold/ros2_ws/install/mocap4r2_control_msgs:/opt/ros/jazzy/opt/gz_math_vendor:/opt/ros/jazzy/opt/gz_utils_vendor:/opt/ros/jazzy/opt/gz_cmake_vendor:/home/strain-drone/Documents/drone_position_hold/ros2_ws/install/visualizer:/home/strain-drone/Documents/drone_position_hold/ros2_ws/install/position_publisher:/home/strain-drone/Documents/drone_position_hold/ros2_ws/install/mocap4r2cli:/home/strain-drone/Documents/drone_position_hold/ros2_ws/install/mavros_config:/opt/ros/jazzy DEBUGINFOD_URLS=https://debuginfod.ubuntu.com LD_LIBRARY_PATH=/home/strain-drone/Documents/drone_position_hold/ros2_ws/install/mocap4r2_msgs/lib:/home/strain-drone/Documents/drone_position_hold/ros2_ws/install/mocap4r2_marker_viz_srvs/lib:/home/strain-drone/Documents/drone_position_hold/ros2_ws/install/rqt_mocap4r2_control/lib:/home/strain-drone/Documents/drone_position_hold/ros2_ws/install/natnet_ros2/lib:/home/strain-drone/Documents/drone_position_hold/ros2_ws/install/mocap4r2_vicon_driver/lib:/home/strain-drone/Documents/drone_position_hold/ros2_ws/install/mocap4r2_robot_gt/lib:/home/strain-drone/Documents/drone_position_hold/ros2_ws/install/mocap4r2_robot_gt_msgs/lib:/home/strain-drone/Documents/drone_position_hold/ros2_ws/install/mocap4r2_control/lib:/home/strain-drone/Documents/drone_position_hold/ros2_ws/install/mocap4r2_control_msgs/lib:/opt/ros/jazzy/opt/rviz_ogre_vendor/lib:/opt/ros/jazzy/lib/aarch64-linux-gnu:/opt/ros/jazzy/opt/gz_math_vendor/lib:/opt/ros/jazzy/opt/gz_utils_vendor/lib:/opt/ros/jazzy/opt/gz_cmake_vendor/lib:/opt/ros/jazzy/lib:/home/strain-drone/Documents/drone_position_hold/ros2_ws/src/natnet_ros2/deps/NatNetSDK/lib PS1=(venv-ardupilot) \[\e]0;\u@\h: \w\a\]${debian_chroot:+($debian_chroot)}\[\033[01;32m\]\u@\h\[\033[00m\]:\[\033[01;34m\]\w\[\033[00m\]\$ PYTHONPATH=/home/strain-drone/Documents/drone_position_hold/ros2_ws/install/mocap4r2_msgs/lib/python3.12/site-packages:/home/strain-drone/Documents/drone_position_hold/ros2_ws/install/mocap4r2_marker_viz_srvs/lib/python3.12/site-packages:/home/strain-drone/Documents/drone_position_hold/ros2_ws/install/visualizer/lib/python3.12/site-packages:/home/strain-drone/Documents/drone_position_hold/ros2_ws/install/position_publisher/lib/python3.12/site-packages:/home/strain-drone/Documents/drone_position_hold/ros2_ws/install/natnet_ros2/lib/python3.12/site-packages:/home/strain-drone/Documents/drone_position_hold/ros2_ws/install/mocap4r2cli/lib/python3.12/site-packages:/home/strain-drone/Documents/drone_position_hold/ros2_ws/install/mocap4r2_robot_gt_msgs/lib/python3.12/site-packages:/home/strain-drone/Documents/drone_position_hold/ros2_ws/install/mocap4r2_control_msgs/lib/python3.12/site-packages:/home/strain-drone/Documents/drone_position_hold/ros2_ws/install/mavros_config/lib/python3.12/site-packages:/opt/ros/jazzy/lib/python3.12/site-packages VIRTUAL_ENV_PROMPT=(venv-ardupilot) /usr/bin/cmake --build /home/strain-drone/Documents/drone_position_hold/ros2_ws/build/mocap4r2_marker_viz -- -j4 -l4
[5.516s] DEBUG:colcon.colcon_core.event_handler.log_command:Invoked command in '/home/strain-drone/Documents/drone_position_hold/ros2_ws/build/mocap4r2_marker_viz' returned '0': CMAKE_PREFIX_PATH=/home/strain-drone/Documents/drone_position_hold/ros2_ws/install/mocap4r2_msgs:/home/strain-drone/Documents/drone_position_hold/ros2_ws/install/mocap4r2_marker_viz_srvs:/home/strain-drone/Documents/drone_position_hold/ros2_ws/install/rqt_mocap4r2_control:/home/strain-drone/Documents/drone_position_hold/ros2_ws/install/natnet_ros2:/home/strain-drone/Documents/drone_position_hold/ros2_ws/install/mocap4r2_vicon_driver:/home/strain-drone/Documents/drone_position_hold/ros2_ws/install/mocap4r2_robot_gt:/home/strain-drone/Documents/drone_position_hold/ros2_ws/install/mocap4r2_robot_gt_msgs:/home/strain-drone/Documents/drone_position_hold/ros2_ws/install/mocap4r2_marker_viz:/home/strain-drone/Documents/drone_position_hold/ros2_ws/install/mocap4r2_marker_publisher:/home/strain-drone/Documents/drone_position_hold/ros2_ws/install/mocap4r2_dummy_driver:/home/strain-drone/Documents/drone_position_hold/ros2_ws/install/mocap4r2_control:/home/strain-drone/Documents/drone_position_hold/ros2_ws/install/mocap4r2_control_msgs:/opt/ros/jazzy/opt/gz_math_vendor:/opt/ros/jazzy/opt/gz_utils_vendor:/opt/ros/jazzy/opt/gz_cmake_vendor:/home/strain-drone/Documents/drone_position_hold/ros2_ws/install/visualizer:/home/strain-drone/Documents/drone_position_hold/ros2_ws/install/position_publisher:/home/strain-drone/Documents/drone_position_hold/ros2_ws/install/mocap4r2cli:/home/strain-drone/Documents/drone_position_hold/ros2_ws/install/mavros_config:/opt/ros/jazzy DEBUGINFOD_URLS=https://debuginfod.ubuntu.com LD_LIBRARY_PATH=/home/strain-drone/Documents/drone_position_hold/ros2_ws/install/mocap4r2_msgs/lib:/home/strain-drone/Documents/drone_position_hold/ros2_ws/install/mocap4r2_marker_viz_srvs/lib:/home/strain-drone/Documents/drone_position_hold/ros2_ws/install/rqt_mocap4r2_control/lib:/home/strain-drone/Documents/drone_position_hold/ros2_ws/install/natnet_ros2/lib:/home/strain-drone/Documents/drone_position_hold/ros2_ws/install/mocap4r2_vicon_driver/lib:/home/strain-drone/Documents/drone_position_hold/ros2_ws/install/mocap4r2_robot_gt/lib:/home/strain-drone/Documents/drone_position_hold/ros2_ws/install/mocap4r2_robot_gt_msgs/lib:/home/strain-drone/Documents/drone_position_hold/ros2_ws/install/mocap4r2_control/lib:/home/strain-drone/Documents/drone_position_hold/ros2_ws/install/mocap4r2_control_msgs/lib:/opt/ros/jazzy/opt/rviz_ogre_vendor/lib:/opt/ros/jazzy/lib/aarch64-linux-gnu:/opt/ros/jazzy/opt/gz_math_vendor/lib:/opt/ros/jazzy/opt/gz_utils_vendor/lib:/opt/ros/jazzy/opt/gz_cmake_vendor/lib:/opt/ros/jazzy/lib:/home/strain-drone/Documents/drone_position_hold/ros2_ws/src/natnet_ros2/deps/NatNetSDK/lib PS1=(venv-ardupilot) \[\e]0;\u@\h: \w\a\]${debian_chroot:+($debian_chroot)}\[\033[01;32m\]\u@\h\[\033[00m\]:\[\033[01;34m\]\w\[\033[00m\]\$ PYTHONPATH=/home/strain-drone/Documents/drone_position_hold/ros2_ws/install/mocap4r2_msgs/lib/python3.12/site-packages:/home/strain-drone/Documents/drone_position_hold/ros2_ws/install/mocap4r2_marker_viz_srvs/lib/python3.12/site-packages:/home/strain-drone/Documents/drone_position_hold/ros2_ws/install/visualizer/lib/python3.12/site-packages:/home/strain-drone/Documents/drone_position_hold/ros2_ws/install/position_publisher/lib/python3.12/site-packages:/home/strain-drone/Documents/drone_position_hold/ros2_ws/install/natnet_ros2/lib/python3.12/site-packages:/home/strain-drone/Documents/drone_position_hold/ros2_ws/install/mocap4r2cli/lib/python3.12/site-packages:/home/strain-drone/Documents/drone_position_hold/ros2_ws/install/mocap4r2_robot_gt_msgs/lib/python3.12/site-packages:/home/strain-drone/Documents/drone_position_hold/ros2_ws/install/mocap4r2_control_msgs/lib/python3.12/site-packages:/home/strain-drone/Documents/drone_position_hold/ros2_ws/install/mavros_config/lib/python3.12/site-packages:/opt/ros/jazzy/lib/python3.12/site-packages VIRTUAL_ENV_PROMPT=(venv-ardupilot) /usr/bin/cmake --build /home/strain-drone/Documents/drone_position_hold/ros2_ws/build/mocap4r2_marker_viz -- -j4 -l4
[5.517s] DEBUG:colcon.colcon_core.event_handler.log_command:Invoking command in '/home/strain-drone/Documents/drone_position_hold/ros2_ws/build/mocap4r2_marker_viz': CMAKE_PREFIX_PATH=/home/strain-drone/Documents/drone_position_hold/ros2_ws/install/mocap4r2_msgs:/home/strain-drone/Documents/drone_position_hold/ros2_ws/install/mocap4r2_marker_viz_srvs:/home/strain-drone/Documents/drone_position_hold/ros2_ws/install/rqt_mocap4r2_control:/home/strain-drone/Documents/drone_position_hold/ros2_ws/install/natnet_ros2:/home/strain-drone/Documents/drone_position_hold/ros2_ws/install/mocap4r2_vicon_driver:/home/strain-drone/Documents/drone_position_hold/ros2_ws/install/mocap4r2_robot_gt:/home/strain-drone/Documents/drone_position_hold/ros2_ws/install/mocap4r2_robot_gt_msgs:/home/strain-drone/Documents/drone_position_hold/ros2_ws/install/mocap4r2_marker_viz:/home/strain-drone/Documents/drone_position_hold/ros2_ws/install/mocap4r2_marker_publisher:/home/strain-drone/Documents/drone_position_hold/ros2_ws/install/mocap4r2_dummy_driver:/home/strain-drone/Documents/drone_position_hold/ros2_ws/install/mocap4r2_control:/home/strain-drone/Documents/drone_position_hold/ros2_ws/install/mocap4r2_control_msgs:/opt/ros/jazzy/opt/gz_math_vendor:/opt/ros/jazzy/opt/gz_utils_vendor:/opt/ros/jazzy/opt/gz_cmake_vendor:/home/strain-drone/Documents/drone_position_hold/ros2_ws/install/visualizer:/home/strain-drone/Documents/drone_position_hold/ros2_ws/install/position_publisher:/home/strain-drone/Documents/drone_position_hold/ros2_ws/install/mocap4r2cli:/home/strain-drone/Documents/drone_position_hold/ros2_ws/install/mavros_config:/opt/ros/jazzy DEBUGINFOD_URLS=https://debuginfod.ubuntu.com LD_LIBRARY_PATH=/home/strain-drone/Documents/drone_position_hold/ros2_ws/install/mocap4r2_msgs/lib:/home/strain-drone/Documents/drone_position_hold/ros2_ws/install/mocap4r2_marker_viz_srvs/lib:/home/strain-drone/Documents/drone_position_hold/ros2_ws/install/rqt_mocap4r2_control/lib:/home/strain-drone/Documents/drone_position_hold/ros2_ws/install/natnet_ros2/lib:/home/strain-drone/Documents/drone_position_hold/ros2_ws/install/mocap4r2_vicon_driver/lib:/home/strain-drone/Documents/drone_position_hold/ros2_ws/install/mocap4r2_robot_gt/lib:/home/strain-drone/Documents/drone_position_hold/ros2_ws/install/mocap4r2_robot_gt_msgs/lib:/home/strain-drone/Documents/drone_position_hold/ros2_ws/install/mocap4r2_control/lib:/home/strain-drone/Documents/drone_position_hold/ros2_ws/install/mocap4r2_control_msgs/lib:/opt/ros/jazzy/opt/rviz_ogre_vendor/lib:/opt/ros/jazzy/lib/aarch64-linux-gnu:/opt/ros/jazzy/opt/gz_math_vendor/lib:/opt/ros/jazzy/opt/gz_utils_vendor/lib:/opt/ros/jazzy/opt/gz_cmake_vendor/lib:/opt/ros/jazzy/lib:/home/strain-drone/Documents/drone_position_hold/ros2_ws/src/natnet_ros2/deps/NatNetSDK/lib PS1=(venv-ardupilot) \[\e]0;\u@\h: \w\a\]${debian_chroot:+($debian_chroot)}\[\033[01;32m\]\u@\h\[\033[00m\]:\[\033[01;34m\]\w\[\033[00m\]\$ PYTHONPATH=/home/strain-drone/Documents/drone_position_hold/ros2_ws/install/mocap4r2_msgs/lib/python3.12/site-packages:/home/strain-drone/Documents/drone_position_hold/ros2_ws/install/mocap4r2_marker_viz_srvs/lib/python3.12/site-packages:/home/strain-drone/Documents/drone_position_hold/ros2_ws/install/visualizer/lib/python3.12/site-packages:/home/strain-drone/Documents/drone_position_hold/ros2_ws/install/position_publisher/lib/python3.12/site-packages:/home/strain-drone/Documents/drone_position_hold/ros2_ws/install/natnet_ros2/lib/python3.12/site-packages:/home/strain-drone/Documents/drone_position_hold/ros2_ws/install/mocap4r2cli/lib/python3.12/site-packages:/home/strain-drone/Documents/drone_position_hold/ros2_ws/install/mocap4r2_robot_gt_msgs/lib/python3.12/site-packages:/home/strain-drone/Documents/drone_position_hold/ros2_ws/install/mocap4r2_control_msgs/lib/python3.12/site-packages:/home/strain-drone/Documents/drone_position_hold/ros2_ws/install/mavros_config/lib/python3.12/site-packages:/opt/ros/jazzy/lib/python3.12/site-packages VIRTUAL_ENV_PROMPT=(venv-ardupilot) /usr/bin/cmake --install /home/strain-drone/Documents/drone_position_hold/ros2_ws/build/mocap4r2_marker_viz
[5.544s] Level 1:colcon.colcon_core.environment:create_environment_scripts_only(mocap4r2_marker_viz)
[5.545s] Level 1:colcon.colcon_core.environment:checking '/home/strain-drone/Documents/drone_position_hold/ros2_ws/install/mocap4r2_marker_viz' for CMake module files
[5.546s] DEBUG:colcon.colcon_core.event_handler.log_command:Invoked command in '/home/strain-drone/Documents/drone_position_hold/ros2_ws/build/mocap4r2_marker_viz' returned '0': CMAKE_PREFIX_PATH=/home/strain-drone/Documents/drone_position_hold/ros2_ws/install/mocap4r2_msgs:/home/strain-drone/Documents/drone_position_hold/ros2_ws/install/mocap4r2_marker_viz_srvs:/home/strain-drone/Documents/drone_position_hold/ros2_ws/install/rqt_mocap4r2_control:/home/strain-drone/Documents/drone_position_hold/ros2_ws/install/natnet_ros2:/home/strain-drone/Documents/drone_position_hold/ros2_ws/install/mocap4r2_vicon_driver:/home/strain-drone/Documents/drone_position_hold/ros2_ws/install/mocap4r2_robot_gt:/home/strain-drone/Documents/drone_position_hold/ros2_ws/install/mocap4r2_robot_gt_msgs:/home/strain-drone/Documents/drone_position_hold/ros2_ws/install/mocap4r2_marker_viz:/home/strain-drone/Documents/drone_position_hold/ros2_ws/install/mocap4r2_marker_publisher:/home/strain-drone/Documents/drone_position_hold/ros2_ws/install/mocap4r2_dummy_driver:/home/strain-drone/Documents/drone_position_hold/ros2_ws/install/mocap4r2_control:/home/strain-drone/Documents/drone_position_hold/ros2_ws/install/mocap4r2_control_msgs:/opt/ros/jazzy/opt/gz_math_vendor:/opt/ros/jazzy/opt/gz_utils_vendor:/opt/ros/jazzy/opt/gz_cmake_vendor:/home/strain-drone/Documents/drone_position_hold/ros2_ws/install/visualizer:/home/strain-drone/Documents/drone_position_hold/ros2_ws/install/position_publisher:/home/strain-drone/Documents/drone_position_hold/ros2_ws/install/mocap4r2cli:/home/strain-drone/Documents/drone_position_hold/ros2_ws/install/mavros_config:/opt/ros/jazzy DEBUGINFOD_URLS=https://debuginfod.ubuntu.com LD_LIBRARY_PATH=/home/strain-drone/Documents/drone_position_hold/ros2_ws/install/mocap4r2_msgs/lib:/home/strain-drone/Documents/drone_position_hold/ros2_ws/install/mocap4r2_marker_viz_srvs/lib:/home/strain-drone/Documents/drone_position_hold/ros2_ws/install/rqt_mocap4r2_control/lib:/home/strain-drone/Documents/drone_position_hold/ros2_ws/install/natnet_ros2/lib:/home/strain-drone/Documents/drone_position_hold/ros2_ws/install/mocap4r2_vicon_driver/lib:/home/strain-drone/Documents/drone_position_hold/ros2_ws/install/mocap4r2_robot_gt/lib:/home/strain-drone/Documents/drone_position_hold/ros2_ws/install/mocap4r2_robot_gt_msgs/lib:/home/strain-drone/Documents/drone_position_hold/ros2_ws/install/mocap4r2_control/lib:/home/strain-drone/Documents/drone_position_hold/ros2_ws/install/mocap4r2_control_msgs/lib:/opt/ros/jazzy/opt/rviz_ogre_vendor/lib:/opt/ros/jazzy/lib/aarch64-linux-gnu:/opt/ros/jazzy/opt/gz_math_vendor/lib:/opt/ros/jazzy/opt/gz_utils_vendor/lib:/opt/ros/jazzy/opt/gz_cmake_vendor/lib:/opt/ros/jazzy/lib:/home/strain-drone/Documents/drone_position_hold/ros2_ws/src/natnet_ros2/deps/NatNetSDK/lib PS1=(venv-ardupilot) \[\e]0;\u@\h: \w\a\]${debian_chroot:+($debian_chroot)}\[\033[01;32m\]\u@\h\[\033[00m\]:\[\033[01;34m\]\w\[\033[00m\]\$ PYTHONPATH=/home/strain-drone/Documents/drone_position_hold/ros2_ws/install/mocap4r2_msgs/lib/python3.12/site-packages:/home/strain-drone/Documents/drone_position_hold/ros2_ws/install/mocap4r2_marker_viz_srvs/lib/python3.12/site-packages:/home/strain-drone/Documents/drone_position_hold/ros2_ws/install/visualizer/lib/python3.12/site-packages:/home/strain-drone/Documents/drone_position_hold/ros2_ws/install/position_publisher/lib/python3.12/site-packages:/home/strain-drone/Documents/drone_position_hold/ros2_ws/install/natnet_ros2/lib/python3.12/site-packages:/home/strain-drone/Documents/drone_position_hold/ros2_ws/install/mocap4r2cli/lib/python3.12/site-packages:/home/strain-drone/Documents/drone_position_hold/ros2_ws/install/mocap4r2_robot_gt_msgs/lib/python3.12/site-packages:/home/strain-drone/Documents/drone_position_hold/ros2_ws/install/mocap4r2_control_msgs/lib/python3.12/site-packages:/home/strain-drone/Documents/drone_position_hold/ros2_ws/install/mavros_config/lib/python3.12/site-packages:/opt/ros/jazzy/lib/python3.12/site-packages VIRTUAL_ENV_PROMPT=(venv-ardupilot) /usr/bin/cmake --install /home/strain-drone/Documents/drone_position_hold/ros2_ws/build/mocap4r2_marker_viz
[5.546s] Level 1:colcon.colcon_core.environment:checking '/home/strain-drone/Documents/drone_position_hold/ros2_ws/install/mocap4r2_marker_viz' for CMake config files
[5.546s] Level 1:colcon.colcon_core.shell:create_environment_hook('mocap4r2_marker_viz', 'cmake_prefix_path')
[5.547s] INFO:colcon.colcon_core.shell:Creating environment hook '/home/strain-drone/Documents/drone_position_hold/ros2_ws/install/mocap4r2_marker_viz/share/mocap4r2_marker_viz/hook/cmake_prefix_path.ps1'
[5.547s] INFO:colcon.colcon_core.shell:Creating environment descriptor '/home/strain-drone/Documents/drone_position_hold/ros2_ws/install/mocap4r2_marker_viz/share/mocap4r2_marker_viz/hook/cmake_prefix_path.dsv'
[5.548s] INFO:colcon.colcon_core.shell:Creating environment hook '/home/strain-drone/Documents/drone_position_hold/ros2_ws/install/mocap4r2_marker_viz/share/mocap4r2_marker_viz/hook/cmake_prefix_path.sh'
[5.549s] Level 1:colcon.colcon_core.environment:checking '/home/strain-drone/Documents/drone_position_hold/ros2_ws/install/mocap4r2_marker_viz/lib'
[5.549s] Level 1:colcon.colcon_core.environment:checking '/home/strain-drone/Documents/drone_position_hold/ros2_ws/install/mocap4r2_marker_viz/bin'
[5.549s] Level 1:colcon.colcon_core.environment:checking '/home/strain-drone/Documents/drone_position_hold/ros2_ws/install/mocap4r2_marker_viz/lib/pkgconfig/mocap4r2_marker_viz.pc'
[5.549s] Level 1:colcon.colcon_core.environment:checking '/home/strain-drone/Documents/drone_position_hold/ros2_ws/install/mocap4r2_marker_viz/lib/python3.12/site-packages'
[5.550s] Level 1:colcon.colcon_core.environment:checking '/home/strain-drone/Documents/drone_position_hold/ros2_ws/install/mocap4r2_marker_viz/bin'
[5.550s] INFO:colcon.colcon_core.shell:Creating package script '/home/strain-drone/Documents/drone_position_hold/ros2_ws/install/mocap4r2_marker_viz/share/mocap4r2_marker_viz/package.ps1'
[5.551s] INFO:colcon.colcon_core.shell:Creating package descriptor '/home/strain-drone/Documents/drone_position_hold/ros2_ws/install/mocap4r2_marker_viz/share/mocap4r2_marker_viz/package.dsv'
[5.551s] INFO:colcon.colcon_core.shell:Creating package script '/home/strain-drone/Documents/drone_position_hold/ros2_ws/install/mocap4r2_marker_viz/share/mocap4r2_marker_viz/package.sh'
[5.552s] INFO:colcon.colcon_core.shell:Creating package script '/home/strain-drone/Documents/drone_position_hold/ros2_ws/install/mocap4r2_marker_viz/share/mocap4r2_marker_viz/package.bash'
[5.552s] INFO:colcon.colcon_core.shell:Creating package script '/home/strain-drone/Documents/drone_position_hold/ros2_ws/install/mocap4r2_marker_viz/share/mocap4r2_marker_viz/package.zsh'
[5.553s] Level 1:colcon.colcon_core.environment:create_file_with_runtime_dependencies(/home/strain-drone/Documents/drone_position_hold/ros2_ws/install/mocap4r2_marker_viz/share/colcon-core/packages/mocap4r2_marker_viz)
[5.554s] Level 1:colcon.colcon_core.environment:create_environment_scripts_only(mocap4r2_marker_viz)
[5.554s] Level 1:colcon.colcon_core.environment:checking '/home/strain-drone/Documents/drone_position_hold/ros2_ws/install/mocap4r2_marker_viz' for CMake module files
[5.555s] Level 1:colcon.colcon_core.environment:checking '/home/strain-drone/Documents/drone_position_hold/ros2_ws/install/mocap4r2_marker_viz' for CMake config files
[5.555s] Level 1:colcon.colcon_core.shell:create_environment_hook('mocap4r2_marker_viz', 'cmake_prefix_path')
[5.555s] INFO:colcon.colcon_core.shell:Creating environment hook '/home/strain-drone/Documents/drone_position_hold/ros2_ws/install/mocap4r2_marker_viz/share/mocap4r2_marker_viz/hook/cmake_prefix_path.ps1'
[5.559s] INFO:colcon.colcon_core.shell:Creating environment descriptor '/home/strain-drone/Documents/drone_position_hold/ros2_ws/install/mocap4r2_marker_viz/share/mocap4r2_marker_viz/hook/cmake_prefix_path.dsv'
[5.560s] INFO:colcon.colcon_core.shell:Creating environment hook '/home/strain-drone/Documents/drone_position_hold/ros2_ws/install/mocap4r2_marker_viz/share/mocap4r2_marker_viz/hook/cmake_prefix_path.sh'
[5.562s] Level 1:colcon.colcon_core.environment:checking '/home/strain-drone/Documents/drone_position_hold/ros2_ws/install/mocap4r2_marker_viz/lib'
[5.562s] Level 1:colcon.colcon_core.environment:checking '/home/strain-drone/Documents/drone_position_hold/ros2_ws/install/mocap4r2_marker_viz/bin'
[5.562s] Level 1:colcon.colcon_core.environment:checking '/home/strain-drone/Documents/drone_position_hold/ros2_ws/install/mocap4r2_marker_viz/lib/pkgconfig/mocap4r2_marker_viz.pc'
[5.562s] Level 1:colcon.colcon_core.environment:checking '/home/strain-drone/Documents/drone_position_hold/ros2_ws/install/mocap4r2_marker_viz/lib/python3.12/site-packages'
[5.562s] Level 1:colcon.colcon_core.environment:checking '/home/strain-drone/Documents/drone_position_hold/ros2_ws/install/mocap4r2_marker_viz/bin'
[5.563s] INFO:colcon.colcon_core.shell:Creating package script '/home/strain-drone/Documents/drone_position_hold/ros2_ws/install/mocap4r2_marker_viz/share/mocap4r2_marker_viz/package.ps1'
[5.564s] INFO:colcon.colcon_core.shell:Creating package descriptor '/home/strain-drone/Documents/drone_position_hold/ros2_ws/install/mocap4r2_marker_viz/share/mocap4r2_marker_viz/package.dsv'
[5.565s] INFO:colcon.colcon_core.shell:Creating package script '/home/strain-drone/Documents/drone_position_hold/ros2_ws/install/mocap4r2_marker_viz/share/mocap4r2_marker_viz/package.sh'
[5.565s] INFO:colcon.colcon_core.shell:Creating package script '/home/strain-drone/Documents/drone_position_hold/ros2_ws/install/mocap4r2_marker_viz/share/mocap4r2_marker_viz/package.bash'
[5.566s] INFO:colcon.colcon_core.shell:Creating package script '/home/strain-drone/Documents/drone_position_hold/ros2_ws/install/mocap4r2_marker_viz/share/mocap4r2_marker_viz/package.zsh'
[5.566s] Level 1:colcon.colcon_core.environment:create_file_with_runtime_dependencies(/home/strain-drone/Documents/drone_position_hold/ros2_ws/install/mocap4r2_marker_viz/share/colcon-core/packages/mocap4r2_marker_viz)
[5.567s] INFO:colcon.colcon_ros.task.ament_cmake.build:Building ROS package in '/home/strain-drone/Documents/drone_position_hold/ros2_ws/src/mocap4r2/mocap4r2_robot_gt/mocap4r2_robot_gt' with build type 'ament_cmake'
[5.567s] INFO:colcon.colcon_cmake.task.cmake.build:Building CMake package in '/home/strain-drone/Documents/drone_position_hold/ros2_ws/src/mocap4r2/mocap4r2_robot_gt/mocap4r2_robot_gt'
[5.568s] INFO:colcon.colcon_core.shell:Skip shell extension 'powershell' for command environment: Not usable outside of PowerShell
[5.568s] DEBUG:colcon.colcon_core.shell:Skip shell extension 'dsv' for command environment
[5.595s] DEBUG:colcon.colcon_core.event_handler.log_command:Invoking command in '/home/strain-drone/Documents/drone_position_hold/ros2_ws/build/mocap4r2_robot_gt': CMAKE_PREFIX_PATH=/home/strain-drone/Documents/drone_position_hold/ros2_ws/install/mocap4r2_robot_gt_msgs:/home/strain-drone/Documents/drone_position_hold/ros2_ws/install/mocap4r2_msgs:/home/strain-drone/Documents/drone_position_hold/ros2_ws/install/rqt_mocap4r2_control:/home/strain-drone/Documents/drone_position_hold/ros2_ws/install/natnet_ros2:/home/strain-drone/Documents/drone_position_hold/ros2_ws/install/mocap4r2_vicon_driver:/home/strain-drone/Documents/drone_position_hold/ros2_ws/install/mocap4r2_robot_gt:/home/strain-drone/Documents/drone_position_hold/ros2_ws/install/mocap4r2_marker_viz:/home/strain-drone/Documents/drone_position_hold/ros2_ws/install/mocap4r2_marker_publisher:/home/strain-drone/Documents/drone_position_hold/ros2_ws/install/mocap4r2_dummy_driver:/home/strain-drone/Documents/drone_position_hold/ros2_ws/install/mocap4r2_marker_viz_srvs:/home/strain-drone/Documents/drone_position_hold/ros2_ws/install/mocap4r2_control:/home/strain-drone/Documents/drone_position_hold/ros2_ws/install/mocap4r2_control_msgs:/opt/ros/jazzy/opt/gz_math_vendor:/opt/ros/jazzy/opt/gz_utils_vendor:/opt/ros/jazzy/opt/gz_cmake_vendor:/home/strain-drone/Documents/drone_position_hold/ros2_ws/install/visualizer:/home/strain-drone/Documents/drone_position_hold/ros2_ws/install/position_publisher:/home/strain-drone/Documents/drone_position_hold/ros2_ws/install/mocap4r2cli:/home/strain-drone/Documents/drone_position_hold/ros2_ws/install/mavros_config:/opt/ros/jazzy DEBUGINFOD_URLS=https://debuginfod.ubuntu.com LD_LIBRARY_PATH=/home/strain-drone/Documents/drone_position_hold/ros2_ws/install/mocap4r2_robot_gt_msgs/lib:/home/strain-drone/Documents/drone_position_hold/ros2_ws/install/mocap4r2_msgs/lib:/home/strain-drone/Documents/drone_position_hold/ros2_ws/install/rqt_mocap4r2_control/lib:/home/strain-drone/Documents/drone_position_hold/ros2_ws/install/natnet_ros2/lib:/home/strain-drone/Documents/drone_position_hold/ros2_ws/install/mocap4r2_vicon_driver/lib:/home/strain-drone/Documents/drone_position_hold/ros2_ws/install/mocap4r2_robot_gt/lib:/home/strain-drone/Documents/drone_position_hold/ros2_ws/install/mocap4r2_marker_viz_srvs/lib:/home/strain-drone/Documents/drone_position_hold/ros2_ws/install/mocap4r2_control/lib:/home/strain-drone/Documents/drone_position_hold/ros2_ws/install/mocap4r2_control_msgs/lib:/opt/ros/jazzy/opt/rviz_ogre_vendor/lib:/opt/ros/jazzy/lib/aarch64-linux-gnu:/opt/ros/jazzy/opt/gz_math_vendor/lib:/opt/ros/jazzy/opt/gz_utils_vendor/lib:/opt/ros/jazzy/opt/gz_cmake_vendor/lib:/opt/ros/jazzy/lib:/home/strain-drone/Documents/drone_position_hold/ros2_ws/src/natnet_ros2/deps/NatNetSDK/lib PS1=(venv-ardupilot) \[\e]0;\u@\h: \w\a\]${debian_chroot:+($debian_chroot)}\[\033[01;32m\]\u@\h\[\033[00m\]:\[\033[01;34m\]\w\[\033[00m\]\$ PYTHONPATH=/home/strain-drone/Documents/drone_position_hold/ros2_ws/install/mocap4r2_robot_gt_msgs/lib/python3.12/site-packages:/home/strain-drone/Documents/drone_position_hold/ros2_ws/install/mocap4r2_msgs/lib/python3.12/site-packages:/home/strain-drone/Documents/drone_position_hold/ros2_ws/install/visualizer/lib/python3.12/site-packages:/home/strain-drone/Documents/drone_position_hold/ros2_ws/install/position_publisher/lib/python3.12/site-packages:/home/strain-drone/Documents/drone_position_hold/ros2_ws/install/natnet_ros2/lib/python3.12/site-packages:/home/strain-drone/Documents/drone_position_hold/ros2_ws/install/mocap4r2cli/lib/python3.12/site-packages:/home/strain-drone/Documents/drone_position_hold/ros2_ws/install/mocap4r2_marker_viz_srvs/lib/python3.12/site-packages:/home/strain-drone/Documents/drone_position_hold/ros2_ws/install/mocap4r2_control_msgs/lib/python3.12/site-packages:/home/strain-drone/Documents/drone_position_hold/ros2_ws/install/mavros_config/lib/python3.12/site-packages:/opt/ros/jazzy/lib/python3.12/site-packages VIRTUAL_ENV_PROMPT=(venv-ardupilot) /usr/bin/cmake --build /home/strain-drone/Documents/drone_position_hold/ros2_ws/build/mocap4r2_robot_gt -- -j4 -l4
[5.926s] DEBUG:colcon.colcon_core.event_handler.log_command:Invoking command in '/home/strain-drone/Documents/drone_position_hold/ros2_ws/src/visualizer': DEBUGINFOD_URLS=https://debuginfod.ubuntu.com PS1=(venv-ardupilot) \[\e]0;\u@\h: \w\a\]${debian_chroot:+($debian_chroot)}\[\033[01;32m\]\u@\h\[\033[00m\]:\[\033[01;34m\]\w\[\033[00m\]\$ PYTHONPATH=/home/strain-drone/Documents/drone_position_hold/ros2_ws/build/visualizer/prefix_override:/usr/lib/python3/dist-packages/colcon_core/task/python/colcon_distutils_commands:/home/strain-drone/Documents/drone_position_hold/ros2_ws/install/visualizer/lib/python3.12/site-packages:${PYTHONPATH} VIRTUAL_ENV_PROMPT=(venv-ardupilot) /usr/bin/python3 -W ignore:setup.py install is deprecated -W ignore:easy_install command is deprecated setup.py egg_info --egg-base ../../build/visualizer build --build-base /home/strain-drone/Documents/drone_position_hold/ros2_ws/build/visualizer/build install --record /home/strain-drone/Documents/drone_position_hold/ros2_ws/build/visualizer/install.log --single-version-externally-managed install_data
[5.939s] Level 1:colcon.colcon_core.environment:checking '/home/strain-drone/Documents/drone_position_hold/ros2_ws/install/mavros_config' for CMake module files
[5.940s] Level 1:colcon.colcon_core.environment:checking '/home/strain-drone/Documents/drone_position_hold/ros2_ws/install/mavros_config' for CMake config files
[5.941s] Level 1:colcon.colcon_core.environment:checking '/home/strain-drone/Documents/drone_position_hold/ros2_ws/install/mavros_config/lib'
[5.941s] Level 1:colcon.colcon_core.environment:checking '/home/strain-drone/Documents/drone_position_hold/ros2_ws/install/mavros_config/bin'
[5.944s] DEBUG:colcon.colcon_core.event_handler.log_command:Invoked command in '/home/strain-drone/Documents/drone_position_hold/ros2_ws/src/mavros_config' returned '0': DEBUGINFOD_URLS=https://debuginfod.ubuntu.com PS1=(venv-ardupilot) \[\e]0;\u@\h: \w\a\]${debian_chroot:+($debian_chroot)}\[\033[01;32m\]\u@\h\[\033[00m\]:\[\033[01;34m\]\w\[\033[00m\]\$ PYTHONPATH=/home/strain-drone/Documents/drone_position_hold/ros2_ws/build/mavros_config/prefix_override:/usr/lib/python3/dist-packages/colcon_core/task/python/colcon_distutils_commands:/home/strain-drone/Documents/drone_position_hold/ros2_ws/install/mavros_config/lib/python3.12/site-packages:${PYTHONPATH} VIRTUAL_ENV_PROMPT=(venv-ardupilot) /usr/bin/python3 -W ignore:setup.py install is deprecated -W ignore:easy_install command is deprecated setup.py egg_info --egg-base ../../build/mavros_config build --build-base /home/strain-drone/Documents/drone_position_hold/ros2_ws/build/mavros_config/build install --record /home/strain-drone/Documents/drone_position_hold/ros2_ws/build/mavros_config/install.log --single-version-externally-managed install_data
[5.944s] Level 1:colcon.colcon_core.environment:checking '/home/strain-drone/Documents/drone_position_hold/ros2_ws/install/mavros_config/lib/pkgconfig/mavros_config.pc'
[5.945s] Level 1:colcon.colcon_core.environment:checking '/home/strain-drone/Documents/drone_position_hold/ros2_ws/install/mavros_config/lib/python3.12/site-packages'
[5.945s] Level 1:colcon.colcon_core.shell:create_environment_hook('mavros_config', 'pythonpath')
[5.945s] INFO:colcon.colcon_core.shell:Creating environment hook '/home/strain-drone/Documents/drone_position_hold/ros2_ws/install/mavros_config/share/mavros_config/hook/pythonpath.ps1'
[5.949s] INFO:colcon.colcon_core.shell:Creating environment descriptor '/home/strain-drone/Documents/drone_position_hold/ros2_ws/install/mavros_config/share/mavros_config/hook/pythonpath.dsv'
[5.950s] INFO:colcon.colcon_core.shell:Creating environment hook '/home/strain-drone/Documents/drone_position_hold/ros2_ws/install/mavros_config/share/mavros_config/hook/pythonpath.sh'
[5.951s] Level 1:colcon.colcon_core.environment:checking '/home/strain-drone/Documents/drone_position_hold/ros2_ws/install/mavros_config/bin'
[5.952s] Level 1:colcon.colcon_core.environment:create_environment_scripts_only(mavros_config)
[5.952s] INFO:colcon.colcon_core.shell:Creating package script '/home/strain-drone/Documents/drone_position_hold/ros2_ws/install/mavros_config/share/mavros_config/package.ps1'
[5.953s] INFO:colcon.colcon_core.shell:Creating package descriptor '/home/strain-drone/Documents/drone_position_hold/ros2_ws/install/mavros_config/share/mavros_config/package.dsv'
[5.954s] INFO:colcon.colcon_core.shell:Creating package script '/home/strain-drone/Documents/drone_position_hold/ros2_ws/install/mavros_config/share/mavros_config/package.sh'
[5.954s] INFO:colcon.colcon_core.shell:Creating package script '/home/strain-drone/Documents/drone_position_hold/ros2_ws/install/mavros_config/share/mavros_config/package.bash'
[5.955s] INFO:colcon.colcon_core.shell:Creating package script '/home/strain-drone/Documents/drone_position_hold/ros2_ws/install/mavros_config/share/mavros_config/package.zsh'
[5.956s] Level 1:colcon.colcon_core.environment:create_file_with_runtime_dependencies(/home/strain-drone/Documents/drone_position_hold/ros2_ws/install/mavros_config/share/colcon-core/packages/mavros_config)
[5.957s] INFO:colcon.colcon_ros.task.ament_python.build:Building ROS package in '/home/strain-drone/Documents/drone_position_hold/ros2_ws/src/mocap4r2/mocap4r2cli' with build type 'ament_python'
[5.957s] Level 1:colcon.colcon_core.shell:create_environment_hook('mocap4r2cli', 'ament_prefix_path')
[5.957s] INFO:colcon.colcon_core.shell:Creating environment hook '/home/strain-drone/Documents/drone_position_hold/ros2_ws/install/mocap4r2cli/share/mocap4r2cli/hook/ament_prefix_path.ps1'
[5.959s] INFO:colcon.colcon_core.shell:Creating environment descriptor '/home/strain-drone/Documents/drone_position_hold/ros2_ws/install/mocap4r2cli/share/mocap4r2cli/hook/ament_prefix_path.dsv'
[5.960s] INFO:colcon.colcon_core.shell:Creating environment hook '/home/strain-drone/Documents/drone_position_hold/ros2_ws/install/mocap4r2cli/share/mocap4r2cli/hook/ament_prefix_path.sh'
[5.961s] INFO:colcon.colcon_core.shell:Skip shell extension 'powershell' for command environment: Not usable outside of PowerShell
[5.961s] DEBUG:colcon.colcon_core.shell:Skip shell extension 'dsv' for command environment
[5.970s] DEBUG:colcon.colcon_core.event_handler.log_command:Invoked command in '/home/strain-drone/Documents/drone_position_hold/ros2_ws/build/mocap4r2_robot_gt' returned '0': CMAKE_PREFIX_PATH=/home/strain-drone/Documents/drone_position_hold/ros2_ws/install/mocap4r2_robot_gt_msgs:/home/strain-drone/Documents/drone_position_hold/ros2_ws/install/mocap4r2_msgs:/home/strain-drone/Documents/drone_position_hold/ros2_ws/install/rqt_mocap4r2_control:/home/strain-drone/Documents/drone_position_hold/ros2_ws/install/natnet_ros2:/home/strain-drone/Documents/drone_position_hold/ros2_ws/install/mocap4r2_vicon_driver:/home/strain-drone/Documents/drone_position_hold/ros2_ws/install/mocap4r2_robot_gt:/home/strain-drone/Documents/drone_position_hold/ros2_ws/install/mocap4r2_marker_viz:/home/strain-drone/Documents/drone_position_hold/ros2_ws/install/mocap4r2_marker_publisher:/home/strain-drone/Documents/drone_position_hold/ros2_ws/install/mocap4r2_dummy_driver:/home/strain-drone/Documents/drone_position_hold/ros2_ws/install/mocap4r2_marker_viz_srvs:/home/strain-drone/Documents/drone_position_hold/ros2_ws/install/mocap4r2_control:/home/strain-drone/Documents/drone_position_hold/ros2_ws/install/mocap4r2_control_msgs:/opt/ros/jazzy/opt/gz_math_vendor:/opt/ros/jazzy/opt/gz_utils_vendor:/opt/ros/jazzy/opt/gz_cmake_vendor:/home/strain-drone/Documents/drone_position_hold/ros2_ws/install/visualizer:/home/strain-drone/Documents/drone_position_hold/ros2_ws/install/position_publisher:/home/strain-drone/Documents/drone_position_hold/ros2_ws/install/mocap4r2cli:/home/strain-drone/Documents/drone_position_hold/ros2_ws/install/mavros_config:/opt/ros/jazzy DEBUGINFOD_URLS=https://debuginfod.ubuntu.com LD_LIBRARY_PATH=/home/strain-drone/Documents/drone_position_hold/ros2_ws/install/mocap4r2_robot_gt_msgs/lib:/home/strain-drone/Documents/drone_position_hold/ros2_ws/install/mocap4r2_msgs/lib:/home/strain-drone/Documents/drone_position_hold/ros2_ws/install/rqt_mocap4r2_control/lib:/home/strain-drone/Documents/drone_position_hold/ros2_ws/install/natnet_ros2/lib:/home/strain-drone/Documents/drone_position_hold/ros2_ws/install/mocap4r2_vicon_driver/lib:/home/strain-drone/Documents/drone_position_hold/ros2_ws/install/mocap4r2_robot_gt/lib:/home/strain-drone/Documents/drone_position_hold/ros2_ws/install/mocap4r2_marker_viz_srvs/lib:/home/strain-drone/Documents/drone_position_hold/ros2_ws/install/mocap4r2_control/lib:/home/strain-drone/Documents/drone_position_hold/ros2_ws/install/mocap4r2_control_msgs/lib:/opt/ros/jazzy/opt/rviz_ogre_vendor/lib:/opt/ros/jazzy/lib/aarch64-linux-gnu:/opt/ros/jazzy/opt/gz_math_vendor/lib:/opt/ros/jazzy/opt/gz_utils_vendor/lib:/opt/ros/jazzy/opt/gz_cmake_vendor/lib:/opt/ros/jazzy/lib:/home/strain-drone/Documents/drone_position_hold/ros2_ws/src/natnet_ros2/deps/NatNetSDK/lib PS1=(venv-ardupilot) \[\e]0;\u@\h: \w\a\]${debian_chroot:+($debian_chroot)}\[\033[01;32m\]\u@\h\[\033[00m\]:\[\033[01;34m\]\w\[\033[00m\]\$ PYTHONPATH=/home/strain-drone/Documents/drone_position_hold/ros2_ws/install/mocap4r2_robot_gt_msgs/lib/python3.12/site-packages:/home/strain-drone/Documents/drone_position_hold/ros2_ws/install/mocap4r2_msgs/lib/python3.12/site-packages:/home/strain-drone/Documents/drone_position_hold/ros2_ws/install/visualizer/lib/python3.12/site-packages:/home/strain-drone/Documents/drone_position_hold/ros2_ws/install/position_publisher/lib/python3.12/site-packages:/home/strain-drone/Documents/drone_position_hold/ros2_ws/install/natnet_ros2/lib/python3.12/site-packages:/home/strain-drone/Documents/drone_position_hold/ros2_ws/install/mocap4r2cli/lib/python3.12/site-packages:/home/strain-drone/Documents/drone_position_hold/ros2_ws/install/mocap4r2_marker_viz_srvs/lib/python3.12/site-packages:/home/strain-drone/Documents/drone_position_hold/ros2_ws/install/mocap4r2_control_msgs/lib/python3.12/site-packages:/home/strain-drone/Documents/drone_position_hold/ros2_ws/install/mavros_config/lib/python3.12/site-packages:/opt/ros/jazzy/lib/python3.12/site-packages VIRTUAL_ENV_PROMPT=(venv-ardupilot) /usr/bin/cmake --build /home/strain-drone/Documents/drone_position_hold/ros2_ws/build/mocap4r2_robot_gt -- -j4 -l4
[5.972s] DEBUG:colcon.colcon_core.event_handler.log_command:Invoking command in '/home/strain-drone/Documents/drone_position_hold/ros2_ws/build/mocap4r2_robot_gt': CMAKE_PREFIX_PATH=/home/strain-drone/Documents/drone_position_hold/ros2_ws/install/mocap4r2_robot_gt_msgs:/home/strain-drone/Documents/drone_position_hold/ros2_ws/install/mocap4r2_msgs:/home/strain-drone/Documents/drone_position_hold/ros2_ws/install/rqt_mocap4r2_control:/home/strain-drone/Documents/drone_position_hold/ros2_ws/install/natnet_ros2:/home/strain-drone/Documents/drone_position_hold/ros2_ws/install/mocap4r2_vicon_driver:/home/strain-drone/Documents/drone_position_hold/ros2_ws/install/mocap4r2_robot_gt:/home/strain-drone/Documents/drone_position_hold/ros2_ws/install/mocap4r2_marker_viz:/home/strain-drone/Documents/drone_position_hold/ros2_ws/install/mocap4r2_marker_publisher:/home/strain-drone/Documents/drone_position_hold/ros2_ws/install/mocap4r2_dummy_driver:/home/strain-drone/Documents/drone_position_hold/ros2_ws/install/mocap4r2_marker_viz_srvs:/home/strain-drone/Documents/drone_position_hold/ros2_ws/install/mocap4r2_control:/home/strain-drone/Documents/drone_position_hold/ros2_ws/install/mocap4r2_control_msgs:/opt/ros/jazzy/opt/gz_math_vendor:/opt/ros/jazzy/opt/gz_utils_vendor:/opt/ros/jazzy/opt/gz_cmake_vendor:/home/strain-drone/Documents/drone_position_hold/ros2_ws/install/visualizer:/home/strain-drone/Documents/drone_position_hold/ros2_ws/install/position_publisher:/home/strain-drone/Documents/drone_position_hold/ros2_ws/install/mocap4r2cli:/home/strain-drone/Documents/drone_position_hold/ros2_ws/install/mavros_config:/opt/ros/jazzy DEBUGINFOD_URLS=https://debuginfod.ubuntu.com LD_LIBRARY_PATH=/home/strain-drone/Documents/drone_position_hold/ros2_ws/install/mocap4r2_robot_gt_msgs/lib:/home/strain-drone/Documents/drone_position_hold/ros2_ws/install/mocap4r2_msgs/lib:/home/strain-drone/Documents/drone_position_hold/ros2_ws/install/rqt_mocap4r2_control/lib:/home/strain-drone/Documents/drone_position_hold/ros2_ws/install/natnet_ros2/lib:/home/strain-drone/Documents/drone_position_hold/ros2_ws/install/mocap4r2_vicon_driver/lib:/home/strain-drone/Documents/drone_position_hold/ros2_ws/install/mocap4r2_robot_gt/lib:/home/strain-drone/Documents/drone_position_hold/ros2_ws/install/mocap4r2_marker_viz_srvs/lib:/home/strain-drone/Documents/drone_position_hold/ros2_ws/install/mocap4r2_control/lib:/home/strain-drone/Documents/drone_position_hold/ros2_ws/install/mocap4r2_control_msgs/lib:/opt/ros/jazzy/opt/rviz_ogre_vendor/lib:/opt/ros/jazzy/lib/aarch64-linux-gnu:/opt/ros/jazzy/opt/gz_math_vendor/lib:/opt/ros/jazzy/opt/gz_utils_vendor/lib:/opt/ros/jazzy/opt/gz_cmake_vendor/lib:/opt/ros/jazzy/lib:/home/strain-drone/Documents/drone_position_hold/ros2_ws/src/natnet_ros2/deps/NatNetSDK/lib PS1=(venv-ardupilot) \[\e]0;\u@\h: \w\a\]${debian_chroot:+($debian_chroot)}\[\033[01;32m\]\u@\h\[\033[00m\]:\[\033[01;34m\]\w\[\033[00m\]\$ PYTHONPATH=/home/strain-drone/Documents/drone_position_hold/ros2_ws/install/mocap4r2_robot_gt_msgs/lib/python3.12/site-packages:/home/strain-drone/Documents/drone_position_hold/ros2_ws/install/mocap4r2_msgs/lib/python3.12/site-packages:/home/strain-drone/Documents/drone_position_hold/ros2_ws/install/visualizer/lib/python3.12/site-packages:/home/strain-drone/Documents/drone_position_hold/ros2_ws/install/position_publisher/lib/python3.12/site-packages:/home/strain-drone/Documents/drone_position_hold/ros2_ws/install/natnet_ros2/lib/python3.12/site-packages:/home/strain-drone/Documents/drone_position_hold/ros2_ws/install/mocap4r2cli/lib/python3.12/site-packages:/home/strain-drone/Documents/drone_position_hold/ros2_ws/install/mocap4r2_marker_viz_srvs/lib/python3.12/site-packages:/home/strain-drone/Documents/drone_position_hold/ros2_ws/install/mocap4r2_control_msgs/lib/python3.12/site-packages:/home/strain-drone/Documents/drone_position_hold/ros2_ws/install/mavros_config/lib/python3.12/site-packages:/opt/ros/jazzy/lib/python3.12/site-packages VIRTUAL_ENV_PROMPT=(venv-ardupilot) /usr/bin/cmake --install /home/strain-drone/Documents/drone_position_hold/ros2_ws/build/mocap4r2_robot_gt
[6.391s] INFO:colcon.colcon_core.task.python.build:Building Python package in '/home/strain-drone/Documents/drone_position_hold/ros2_ws/src/mocap4r2/mocap4r2cli'
[6.391s] INFO:colcon.colcon_core.shell:Skip shell extension 'powershell' for command environment: Not usable outside of PowerShell
[6.391s] DEBUG:colcon.colcon_core.shell:Skip shell extension 'dsv' for command environment
[6.397s] Level 1:colcon.colcon_core.environment:create_environment_scripts_only(mocap4r2_robot_gt)
[6.398s] DEBUG:colcon.colcon_core.event_handler.log_command:Invoked command in '/home/strain-drone/Documents/drone_position_hold/ros2_ws/build/mocap4r2_robot_gt' returned '0': CMAKE_PREFIX_PATH=/home/strain-drone/Documents/drone_position_hold/ros2_ws/install/mocap4r2_robot_gt_msgs:/home/strain-drone/Documents/drone_position_hold/ros2_ws/install/mocap4r2_msgs:/home/strain-drone/Documents/drone_position_hold/ros2_ws/install/rqt_mocap4r2_control:/home/strain-drone/Documents/drone_position_hold/ros2_ws/install/natnet_ros2:/home/strain-drone/Documents/drone_position_hold/ros2_ws/install/mocap4r2_vicon_driver:/home/strain-drone/Documents/drone_position_hold/ros2_ws/install/mocap4r2_robot_gt:/home/strain-drone/Documents/drone_position_hold/ros2_ws/install/mocap4r2_marker_viz:/home/strain-drone/Documents/drone_position_hold/ros2_ws/install/mocap4r2_marker_publisher:/home/strain-drone/Documents/drone_position_hold/ros2_ws/install/mocap4r2_dummy_driver:/home/strain-drone/Documents/drone_position_hold/ros2_ws/install/mocap4r2_marker_viz_srvs:/home/strain-drone/Documents/drone_position_hold/ros2_ws/install/mocap4r2_control:/home/strain-drone/Documents/drone_position_hold/ros2_ws/install/mocap4r2_control_msgs:/opt/ros/jazzy/opt/gz_math_vendor:/opt/ros/jazzy/opt/gz_utils_vendor:/opt/ros/jazzy/opt/gz_cmake_vendor:/home/strain-drone/Documents/drone_position_hold/ros2_ws/install/visualizer:/home/strain-drone/Documents/drone_position_hold/ros2_ws/install/position_publisher:/home/strain-drone/Documents/drone_position_hold/ros2_ws/install/mocap4r2cli:/home/strain-drone/Documents/drone_position_hold/ros2_ws/install/mavros_config:/opt/ros/jazzy DEBUGINFOD_URLS=https://debuginfod.ubuntu.com LD_LIBRARY_PATH=/home/strain-drone/Documents/drone_position_hold/ros2_ws/install/mocap4r2_robot_gt_msgs/lib:/home/strain-drone/Documents/drone_position_hold/ros2_ws/install/mocap4r2_msgs/lib:/home/strain-drone/Documents/drone_position_hold/ros2_ws/install/rqt_mocap4r2_control/lib:/home/strain-drone/Documents/drone_position_hold/ros2_ws/install/natnet_ros2/lib:/home/strain-drone/Documents/drone_position_hold/ros2_ws/install/mocap4r2_vicon_driver/lib:/home/strain-drone/Documents/drone_position_hold/ros2_ws/install/mocap4r2_robot_gt/lib:/home/strain-drone/Documents/drone_position_hold/ros2_ws/install/mocap4r2_marker_viz_srvs/lib:/home/strain-drone/Documents/drone_position_hold/ros2_ws/install/mocap4r2_control/lib:/home/strain-drone/Documents/drone_position_hold/ros2_ws/install/mocap4r2_control_msgs/lib:/opt/ros/jazzy/opt/rviz_ogre_vendor/lib:/opt/ros/jazzy/lib/aarch64-linux-gnu:/opt/ros/jazzy/opt/gz_math_vendor/lib:/opt/ros/jazzy/opt/gz_utils_vendor/lib:/opt/ros/jazzy/opt/gz_cmake_vendor/lib:/opt/ros/jazzy/lib:/home/strain-drone/Documents/drone_position_hold/ros2_ws/src/natnet_ros2/deps/NatNetSDK/lib PS1=(venv-ardupilot) \[\e]0;\u@\h: \w\a\]${debian_chroot:+($debian_chroot)}\[\033[01;32m\]\u@\h\[\033[00m\]:\[\033[01;34m\]\w\[\033[00m\]\$ PYTHONPATH=/home/strain-drone/Documents/drone_position_hold/ros2_ws/install/mocap4r2_robot_gt_msgs/lib/python3.12/site-packages:/home/strain-drone/Documents/drone_position_hold/ros2_ws/install/mocap4r2_msgs/lib/python3.12/site-packages:/home/strain-drone/Documents/drone_position_hold/ros2_ws/install/visualizer/lib/python3.12/site-packages:/home/strain-drone/Documents/drone_position_hold/ros2_ws/install/position_publisher/lib/python3.12/site-packages:/home/strain-drone/Documents/drone_position_hold/ros2_ws/install/natnet_ros2/lib/python3.12/site-packages:/home/strain-drone/Documents/drone_position_hold/ros2_ws/install/mocap4r2cli/lib/python3.12/site-packages:/home/strain-drone/Documents/drone_position_hold/ros2_ws/install/mocap4r2_marker_viz_srvs/lib/python3.12/site-packages:/home/strain-drone/Documents/drone_position_hold/ros2_ws/install/mocap4r2_control_msgs/lib/python3.12/site-packages:/home/strain-drone/Documents/drone_position_hold/ros2_ws/install/mavros_config/lib/python3.12/site-packages:/opt/ros/jazzy/lib/python3.12/site-packages VIRTUAL_ENV_PROMPT=(venv-ardupilot) /usr/bin/cmake --install /home/strain-drone/Documents/drone_position_hold/ros2_ws/build/mocap4r2_robot_gt
[6.398s] Level 1:colcon.colcon_core.environment:checking '/home/strain-drone/Documents/drone_position_hold/ros2_ws/install/mocap4r2_robot_gt' for CMake module files
[6.399s] Level 1:colcon.colcon_core.environment:checking '/home/strain-drone/Documents/drone_position_hold/ros2_ws/install/mocap4r2_robot_gt' for CMake config files
[6.399s] Level 1:colcon.colcon_core.shell:create_environment_hook('mocap4r2_robot_gt', 'cmake_prefix_path')
[6.400s] INFO:colcon.colcon_core.shell:Creating environment hook '/home/strain-drone/Documents/drone_position_hold/ros2_ws/install/mocap4r2_robot_gt/share/mocap4r2_robot_gt/hook/cmake_prefix_path.ps1'
[6.401s] INFO:colcon.colcon_core.shell:Creating environment descriptor '/home/strain-drone/Documents/drone_position_hold/ros2_ws/install/mocap4r2_robot_gt/share/mocap4r2_robot_gt/hook/cmake_prefix_path.dsv'
[6.401s] INFO:colcon.colcon_core.shell:Creating environment hook '/home/strain-drone/Documents/drone_position_hold/ros2_ws/install/mocap4r2_robot_gt/share/mocap4r2_robot_gt/hook/cmake_prefix_path.sh'
[6.402s] Level 1:colcon.colcon_core.environment:checking '/home/strain-drone/Documents/drone_position_hold/ros2_ws/install/mocap4r2_robot_gt/lib'
[6.402s] Level 1:colcon.colcon_core.shell:create_environment_hook('mocap4r2_robot_gt', 'ld_library_path_lib')
[6.403s] INFO:colcon.colcon_core.shell:Creating environment hook '/home/strain-drone/Documents/drone_position_hold/ros2_ws/install/mocap4r2_robot_gt/share/mocap4r2_robot_gt/hook/ld_library_path_lib.ps1'
[6.404s] INFO:colcon.colcon_core.shell:Creating environment descriptor '/home/strain-drone/Documents/drone_position_hold/ros2_ws/install/mocap4r2_robot_gt/share/mocap4r2_robot_gt/hook/ld_library_path_lib.dsv'
[6.404s] INFO:colcon.colcon_core.shell:Creating environment hook '/home/strain-drone/Documents/drone_position_hold/ros2_ws/install/mocap4r2_robot_gt/share/mocap4r2_robot_gt/hook/ld_library_path_lib.sh'
[6.405s] Level 1:colcon.colcon_core.environment:checking '/home/strain-drone/Documents/drone_position_hold/ros2_ws/install/mocap4r2_robot_gt/bin'
[6.406s] Level 1:colcon.colcon_core.environment:checking '/home/strain-drone/Documents/drone_position_hold/ros2_ws/install/mocap4r2_robot_gt/lib/pkgconfig/mocap4r2_robot_gt.pc'
[6.406s] Level 1:colcon.colcon_core.environment:checking '/home/strain-drone/Documents/drone_position_hold/ros2_ws/install/mocap4r2_robot_gt/lib/python3.12/site-packages'
[6.406s] Level 1:colcon.colcon_core.environment:checking '/home/strain-drone/Documents/drone_position_hold/ros2_ws/install/mocap4r2_robot_gt/bin'
[6.407s] INFO:colcon.colcon_core.shell:Creating package script '/home/strain-drone/Documents/drone_position_hold/ros2_ws/install/mocap4r2_robot_gt/share/mocap4r2_robot_gt/package.ps1'
[6.408s] INFO:colcon.colcon_core.shell:Creating package descriptor '/home/strain-drone/Documents/drone_position_hold/ros2_ws/install/mocap4r2_robot_gt/share/mocap4r2_robot_gt/package.dsv'
[6.408s] INFO:colcon.colcon_core.shell:Creating package script '/home/strain-drone/Documents/drone_position_hold/ros2_ws/install/mocap4r2_robot_gt/share/mocap4r2_robot_gt/package.sh'
[6.409s] INFO:colcon.colcon_core.shell:Creating package script '/home/strain-drone/Documents/drone_position_hold/ros2_ws/install/mocap4r2_robot_gt/share/mocap4r2_robot_gt/package.bash'
[6.409s] INFO:colcon.colcon_core.shell:Creating package script '/home/strain-drone/Documents/drone_position_hold/ros2_ws/install/mocap4r2_robot_gt/share/mocap4r2_robot_gt/package.zsh'
[6.410s] Level 1:colcon.colcon_core.environment:create_file_with_runtime_dependencies(/home/strain-drone/Documents/drone_position_hold/ros2_ws/install/mocap4r2_robot_gt/share/colcon-core/packages/mocap4r2_robot_gt)
[6.410s] Level 1:colcon.colcon_core.environment:create_environment_scripts_only(mocap4r2_robot_gt)
[6.410s] Level 1:colcon.colcon_core.environment:checking '/home/strain-drone/Documents/drone_position_hold/ros2_ws/install/mocap4r2_robot_gt' for CMake module files
[6.412s] Level 1:colcon.colcon_core.environment:checking '/home/strain-drone/Documents/drone_position_hold/ros2_ws/install/mocap4r2_robot_gt' for CMake config files
[6.412s] Level 1:colcon.colcon_core.shell:create_environment_hook('mocap4r2_robot_gt', 'cmake_prefix_path')
[6.412s] INFO:colcon.colcon_core.shell:Creating environment hook '/home/strain-drone/Documents/drone_position_hold/ros2_ws/install/mocap4r2_robot_gt/share/mocap4r2_robot_gt/hook/cmake_prefix_path.ps1'
[6.413s] INFO:colcon.colcon_core.shell:Creating environment descriptor '/home/strain-drone/Documents/drone_position_hold/ros2_ws/install/mocap4r2_robot_gt/share/mocap4r2_robot_gt/hook/cmake_prefix_path.dsv'
[6.413s] INFO:colcon.colcon_core.shell:Creating environment hook '/home/strain-drone/Documents/drone_position_hold/ros2_ws/install/mocap4r2_robot_gt/share/mocap4r2_robot_gt/hook/cmake_prefix_path.sh'
[6.414s] Level 1:colcon.colcon_core.environment:checking '/home/strain-drone/Documents/drone_position_hold/ros2_ws/install/mocap4r2_robot_gt/lib'
[6.414s] Level 1:colcon.colcon_core.shell:create_environment_hook('mocap4r2_robot_gt', 'ld_library_path_lib')
[6.414s] INFO:colcon.colcon_core.shell:Creating environment hook '/home/strain-drone/Documents/drone_position_hold/ros2_ws/install/mocap4r2_robot_gt/share/mocap4r2_robot_gt/hook/ld_library_path_lib.ps1'
[6.415s] INFO:colcon.colcon_core.shell:Creating environment descriptor '/home/strain-drone/Documents/drone_position_hold/ros2_ws/install/mocap4r2_robot_gt/share/mocap4r2_robot_gt/hook/ld_library_path_lib.dsv'
[6.415s] INFO:colcon.colcon_core.shell:Creating environment hook '/home/strain-drone/Documents/drone_position_hold/ros2_ws/install/mocap4r2_robot_gt/share/mocap4r2_robot_gt/hook/ld_library_path_lib.sh'
[6.416s] Level 1:colcon.colcon_core.environment:checking '/home/strain-drone/Documents/drone_position_hold/ros2_ws/install/mocap4r2_robot_gt/bin'
[6.416s] Level 1:colcon.colcon_core.environment:checking '/home/strain-drone/Documents/drone_position_hold/ros2_ws/install/mocap4r2_robot_gt/lib/pkgconfig/mocap4r2_robot_gt.pc'
[6.416s] Level 1:colcon.colcon_core.environment:checking '/home/strain-drone/Documents/drone_position_hold/ros2_ws/install/mocap4r2_robot_gt/lib/python3.12/site-packages'
[6.416s] Level 1:colcon.colcon_core.environment:checking '/home/strain-drone/Documents/drone_position_hold/ros2_ws/install/mocap4r2_robot_gt/bin'
[6.417s] INFO:colcon.colcon_core.shell:Creating package script '/home/strain-drone/Documents/drone_position_hold/ros2_ws/install/mocap4r2_robot_gt/share/mocap4r2_robot_gt/package.ps1'
[6.418s] INFO:colcon.colcon_core.shell:Creating package descriptor '/home/strain-drone/Documents/drone_position_hold/ros2_ws/install/mocap4r2_robot_gt/share/mocap4r2_robot_gt/package.dsv'
[6.418s] INFO:colcon.colcon_core.shell:Creating package script '/home/strain-drone/Documents/drone_position_hold/ros2_ws/install/mocap4r2_robot_gt/share/mocap4r2_robot_gt/package.sh'
[6.419s] INFO:colcon.colcon_core.shell:Creating package script '/home/strain-drone/Documents/drone_position_hold/ros2_ws/install/mocap4r2_robot_gt/share/mocap4r2_robot_gt/package.bash'
[6.419s] INFO:colcon.colcon_core.shell:Creating package script '/home/strain-drone/Documents/drone_position_hold/ros2_ws/install/mocap4r2_robot_gt/share/mocap4r2_robot_gt/package.zsh'
[6.420s] Level 1:colcon.colcon_core.environment:create_file_with_runtime_dependencies(/home/strain-drone/Documents/drone_position_hold/ros2_ws/install/mocap4r2_robot_gt/share/colcon-core/packages/mocap4r2_robot_gt)
[6.421s] INFO:colcon.colcon_ros.task.ament_cmake.build:Building ROS package in '/home/strain-drone/Documents/drone_position_hold/ros2_ws/src/mocap4r2/mocap4r2_dummy_driver' with build type 'ament_cmake'
[6.421s] INFO:colcon.colcon_cmake.task.cmake.build:Building CMake package in '/home/strain-drone/Documents/drone_position_hold/ros2_ws/src/mocap4r2/mocap4r2_dummy_driver'
[6.422s] INFO:colcon.colcon_core.shell:Skip shell extension 'powershell' for command environment: Not usable outside of PowerShell
[6.422s] DEBUG:colcon.colcon_core.shell:Skip shell extension 'dsv' for command environment
[6.429s] Level 1:colcon.colcon_core.environment:checking '/home/strain-drone/Documents/drone_position_hold/ros2_ws/install/position_publisher' for CMake module files
[6.429s] DEBUG:colcon.colcon_core.event_handler.log_command:Invoked command in '/home/strain-drone/Documents/drone_position_hold/ros2_ws/src/position_publisher' returned '0': DEBUGINFOD_URLS=https://debuginfod.ubuntu.com PS1=(venv-ardupilot) \[\e]0;\u@\h: \w\a\]${debian_chroot:+($debian_chroot)}\[\033[01;32m\]\u@\h\[\033[00m\]:\[\033[01;34m\]\w\[\033[00m\]\$ PYTHONPATH=/home/strain-drone/Documents/drone_position_hold/ros2_ws/build/position_publisher/prefix_override:/usr/lib/python3/dist-packages/colcon_core/task/python/colcon_distutils_commands:/home/strain-drone/Documents/drone_position_hold/ros2_ws/install/position_publisher/lib/python3.12/site-packages:${PYTHONPATH} VIRTUAL_ENV_PROMPT=(venv-ardupilot) /usr/bin/python3 -W ignore:setup.py install is deprecated -W ignore:easy_install command is deprecated setup.py egg_info --egg-base ../../build/position_publisher build --build-base /home/strain-drone/Documents/drone_position_hold/ros2_ws/build/position_publisher/build install --record /home/strain-drone/Documents/drone_position_hold/ros2_ws/build/position_publisher/install.log --single-version-externally-managed install_data
[6.430s] Level 1:colcon.colcon_core.environment:checking '/home/strain-drone/Documents/drone_position_hold/ros2_ws/install/position_publisher' for CMake config files
[6.431s] Level 1:colcon.colcon_core.environment:checking '/home/strain-drone/Documents/drone_position_hold/ros2_ws/install/position_publisher/lib'
[6.431s] Level 1:colcon.colcon_core.environment:checking '/home/strain-drone/Documents/drone_position_hold/ros2_ws/install/position_publisher/bin'
[6.431s] Level 1:colcon.colcon_core.environment:checking '/home/strain-drone/Documents/drone_position_hold/ros2_ws/install/position_publisher/lib/pkgconfig/position_publisher.pc'
[6.431s] Level 1:colcon.colcon_core.environment:checking '/home/strain-drone/Documents/drone_position_hold/ros2_ws/install/position_publisher/lib/python3.12/site-packages'
[6.431s] Level 1:colcon.colcon_core.shell:create_environment_hook('position_publisher', 'pythonpath')
[6.432s] INFO:colcon.colcon_core.shell:Creating environment hook '/home/strain-drone/Documents/drone_position_hold/ros2_ws/install/position_publisher/share/position_publisher/hook/pythonpath.ps1'
[6.432s] INFO:colcon.colcon_core.shell:Creating environment descriptor '/home/strain-drone/Documents/drone_position_hold/ros2_ws/install/position_publisher/share/position_publisher/hook/pythonpath.dsv'
[6.434s] INFO:colcon.colcon_core.shell:Creating environment hook '/home/strain-drone/Documents/drone_position_hold/ros2_ws/install/position_publisher/share/position_publisher/hook/pythonpath.sh'
[6.435s] Level 1:colcon.colcon_core.environment:checking '/home/strain-drone/Documents/drone_position_hold/ros2_ws/install/position_publisher/bin'
[6.435s] Level 1:colcon.colcon_core.environment:create_environment_scripts_only(position_publisher)
[6.436s] INFO:colcon.colcon_core.shell:Creating package script '/home/strain-drone/Documents/drone_position_hold/ros2_ws/install/position_publisher/share/position_publisher/package.ps1'
[6.436s] INFO:colcon.colcon_core.shell:Creating package descriptor '/home/strain-drone/Documents/drone_position_hold/ros2_ws/install/position_publisher/share/position_publisher/package.dsv'
[6.438s] INFO:colcon.colcon_core.shell:Creating package script '/home/strain-drone/Documents/drone_position_hold/ros2_ws/install/position_publisher/share/position_publisher/package.sh'
[6.439s] INFO:colcon.colcon_core.shell:Creating package script '/home/strain-drone/Documents/drone_position_hold/ros2_ws/install/position_publisher/share/position_publisher/package.bash'
[6.440s] INFO:colcon.colcon_core.shell:Creating package script '/home/strain-drone/Documents/drone_position_hold/ros2_ws/install/position_publisher/share/position_publisher/package.zsh'
[6.442s] Level 1:colcon.colcon_core.environment:create_file_with_runtime_dependencies(/home/strain-drone/Documents/drone_position_hold/ros2_ws/install/position_publisher/share/colcon-core/packages/position_publisher)
[6.444s] INFO:colcon.colcon_ros.task.ament_cmake.build:Building ROS package in '/home/strain-drone/Documents/drone_position_hold/ros2_ws/src/mocap4ros2_vicon/mocap4r2_vicon_driver' with build type 'ament_cmake'
[6.444s] INFO:colcon.colcon_cmake.task.cmake.build:Building CMake package in '/home/strain-drone/Documents/drone_position_hold/ros2_ws/src/mocap4ros2_vicon/mocap4r2_vicon_driver'
[6.445s] INFO:colcon.colcon_core.shell:Skip shell extension 'powershell' for command environment: Not usable outside of PowerShell
[6.445s] DEBUG:colcon.colcon_core.shell:Skip shell extension 'dsv' for command environment
[6.464s] DEBUG:colcon.colcon_core.event_handler.log_command:Invoking command in '/home/strain-drone/Documents/drone_position_hold/ros2_ws/build/mocap4r2_dummy_driver': CMAKE_PREFIX_PATH=/home/strain-drone/Documents/drone_position_hold/ros2_ws/install/mocap4r2_control:/home/strain-drone/Documents/drone_position_hold/ros2_ws/install/mocap4r2_msgs:/home/strain-drone/Documents/drone_position_hold/ros2_ws/install/mocap4r2_control_msgs:/home/strain-drone/Documents/drone_position_hold/ros2_ws/install/rqt_mocap4r2_control:/home/strain-drone/Documents/drone_position_hold/ros2_ws/install/natnet_ros2:/home/strain-drone/Documents/drone_position_hold/ros2_ws/install/mocap4r2_vicon_driver:/home/strain-drone/Documents/drone_position_hold/ros2_ws/install/mocap4r2_robot_gt:/home/strain-drone/Documents/drone_position_hold/ros2_ws/install/mocap4r2_robot_gt_msgs:/home/strain-drone/Documents/drone_position_hold/ros2_ws/install/mocap4r2_marker_viz:/home/strain-drone/Documents/drone_position_hold/ros2_ws/install/mocap4r2_marker_publisher:/home/strain-drone/Documents/drone_position_hold/ros2_ws/install/mocap4r2_dummy_driver:/home/strain-drone/Documents/drone_position_hold/ros2_ws/install/mocap4r2_marker_viz_srvs:/opt/ros/jazzy/opt/gz_math_vendor:/opt/ros/jazzy/opt/gz_utils_vendor:/opt/ros/jazzy/opt/gz_cmake_vendor:/home/strain-drone/Documents/drone_position_hold/ros2_ws/install/visualizer:/home/strain-drone/Documents/drone_position_hold/ros2_ws/install/position_publisher:/home/strain-drone/Documents/drone_position_hold/ros2_ws/install/mocap4r2cli:/home/strain-drone/Documents/drone_position_hold/ros2_ws/install/mavros_config:/opt/ros/jazzy DEBUGINFOD_URLS=https://debuginfod.ubuntu.com LD_LIBRARY_PATH=/home/strain-drone/Documents/drone_position_hold/ros2_ws/install/mocap4r2_control/lib:/home/strain-drone/Documents/drone_position_hold/ros2_ws/install/mocap4r2_msgs/lib:/home/strain-drone/Documents/drone_position_hold/ros2_ws/install/mocap4r2_control_msgs/lib:/home/strain-drone/Documents/drone_position_hold/ros2_ws/install/rqt_mocap4r2_control/lib:/home/strain-drone/Documents/drone_position_hold/ros2_ws/install/natnet_ros2/lib:/home/strain-drone/Documents/drone_position_hold/ros2_ws/install/mocap4r2_vicon_driver/lib:/home/strain-drone/Documents/drone_position_hold/ros2_ws/install/mocap4r2_robot_gt/lib:/home/strain-drone/Documents/drone_position_hold/ros2_ws/install/mocap4r2_robot_gt_msgs/lib:/home/strain-drone/Documents/drone_position_hold/ros2_ws/install/mocap4r2_marker_viz_srvs/lib:/opt/ros/jazzy/opt/rviz_ogre_vendor/lib:/opt/ros/jazzy/lib/aarch64-linux-gnu:/opt/ros/jazzy/opt/gz_math_vendor/lib:/opt/ros/jazzy/opt/gz_utils_vendor/lib:/opt/ros/jazzy/opt/gz_cmake_vendor/lib:/opt/ros/jazzy/lib:/home/strain-drone/Documents/drone_position_hold/ros2_ws/src/natnet_ros2/deps/NatNetSDK/lib PS1=(venv-ardupilot) \[\e]0;\u@\h: \w\a\]${debian_chroot:+($debian_chroot)}\[\033[01;32m\]\u@\h\[\033[00m\]:\[\033[01;34m\]\w\[\033[00m\]\$ PYTHONPATH=/home/strain-drone/Documents/drone_position_hold/ros2_ws/install/mocap4r2_msgs/lib/python3.12/site-packages:/home/strain-drone/Documents/drone_position_hold/ros2_ws/install/mocap4r2_control_msgs/lib/python3.12/site-packages:/home/strain-drone/Documents/drone_position_hold/ros2_ws/install/visualizer/lib/python3.12/site-packages:/home/strain-drone/Documents/drone_position_hold/ros2_ws/install/position_publisher/lib/python3.12/site-packages:/home/strain-drone/Documents/drone_position_hold/ros2_ws/install/natnet_ros2/lib/python3.12/site-packages:/home/strain-drone/Documents/drone_position_hold/ros2_ws/install/mocap4r2cli/lib/python3.12/site-packages:/home/strain-drone/Documents/drone_position_hold/ros2_ws/install/mocap4r2_robot_gt_msgs/lib/python3.12/site-packages:/home/strain-drone/Documents/drone_position_hold/ros2_ws/install/mocap4r2_marker_viz_srvs/lib/python3.12/site-packages:/home/strain-drone/Documents/drone_position_hold/ros2_ws/install/mavros_config/lib/python3.12/site-packages:/opt/ros/jazzy/lib/python3.12/site-packages VIRTUAL_ENV_PROMPT=(venv-ardupilot) /usr/bin/cmake --build /home/strain-drone/Documents/drone_position_hold/ros2_ws/build/mocap4r2_dummy_driver -- -j4 -l4
[6.475s] DEBUG:colcon.colcon_core.event_handler.log_command:Invoking command in '/home/strain-drone/Documents/drone_position_hold/ros2_ws/build/mocap4r2_vicon_driver': CMAKE_PREFIX_PATH=/home/strain-drone/Documents/drone_position_hold/ros2_ws/install/mocap4r2_control:/home/strain-drone/Documents/drone_position_hold/ros2_ws/install/mocap4r2_msgs:/home/strain-drone/Documents/drone_position_hold/ros2_ws/install/mocap4r2_control_msgs:/home/strain-drone/Documents/drone_position_hold/ros2_ws/install/rqt_mocap4r2_control:/home/strain-drone/Documents/drone_position_hold/ros2_ws/install/natnet_ros2:/home/strain-drone/Documents/drone_position_hold/ros2_ws/install/mocap4r2_vicon_driver:/home/strain-drone/Documents/drone_position_hold/ros2_ws/install/mocap4r2_robot_gt:/home/strain-drone/Documents/drone_position_hold/ros2_ws/install/mocap4r2_robot_gt_msgs:/home/strain-drone/Documents/drone_position_hold/ros2_ws/install/mocap4r2_marker_viz:/home/strain-drone/Documents/drone_position_hold/ros2_ws/install/mocap4r2_marker_publisher:/home/strain-drone/Documents/drone_position_hold/ros2_ws/install/mocap4r2_dummy_driver:/home/strain-drone/Documents/drone_position_hold/ros2_ws/install/mocap4r2_marker_viz_srvs:/opt/ros/jazzy/opt/gz_math_vendor:/opt/ros/jazzy/opt/gz_utils_vendor:/opt/ros/jazzy/opt/gz_cmake_vendor:/home/strain-drone/Documents/drone_position_hold/ros2_ws/install/visualizer:/home/strain-drone/Documents/drone_position_hold/ros2_ws/install/position_publisher:/home/strain-drone/Documents/drone_position_hold/ros2_ws/install/mocap4r2cli:/home/strain-drone/Documents/drone_position_hold/ros2_ws/install/mavros_config:/opt/ros/jazzy DEBUGINFOD_URLS=https://debuginfod.ubuntu.com LD_LIBRARY_PATH=/home/strain-drone/Documents/drone_position_hold/ros2_ws/install/mocap4r2_control/lib:/home/strain-drone/Documents/drone_position_hold/ros2_ws/install/mocap4r2_msgs/lib:/home/strain-drone/Documents/drone_position_hold/ros2_ws/install/mocap4r2_control_msgs/lib:/home/strain-drone/Documents/drone_position_hold/ros2_ws/install/rqt_mocap4r2_control/lib:/home/strain-drone/Documents/drone_position_hold/ros2_ws/install/natnet_ros2/lib:/home/strain-drone/Documents/drone_position_hold/ros2_ws/install/mocap4r2_vicon_driver/lib:/home/strain-drone/Documents/drone_position_hold/ros2_ws/install/mocap4r2_robot_gt/lib:/home/strain-drone/Documents/drone_position_hold/ros2_ws/install/mocap4r2_robot_gt_msgs/lib:/home/strain-drone/Documents/drone_position_hold/ros2_ws/install/mocap4r2_marker_viz_srvs/lib:/opt/ros/jazzy/opt/rviz_ogre_vendor/lib:/opt/ros/jazzy/lib/aarch64-linux-gnu:/opt/ros/jazzy/opt/gz_math_vendor/lib:/opt/ros/jazzy/opt/gz_utils_vendor/lib:/opt/ros/jazzy/opt/gz_cmake_vendor/lib:/opt/ros/jazzy/lib:/home/strain-drone/Documents/drone_position_hold/ros2_ws/src/natnet_ros2/deps/NatNetSDK/lib PS1=(venv-ardupilot) \[\e]0;\u@\h: \w\a\]${debian_chroot:+($debian_chroot)}\[\033[01;32m\]\u@\h\[\033[00m\]:\[\033[01;34m\]\w\[\033[00m\]\$ PYTHONPATH=/home/strain-drone/Documents/drone_position_hold/ros2_ws/install/mocap4r2_msgs/lib/python3.12/site-packages:/home/strain-drone/Documents/drone_position_hold/ros2_ws/install/mocap4r2_control_msgs/lib/python3.12/site-packages:/home/strain-drone/Documents/drone_position_hold/ros2_ws/install/visualizer/lib/python3.12/site-packages:/home/strain-drone/Documents/drone_position_hold/ros2_ws/install/position_publisher/lib/python3.12/site-packages:/home/strain-drone/Documents/drone_position_hold/ros2_ws/install/natnet_ros2/lib/python3.12/site-packages:/home/strain-drone/Documents/drone_position_hold/ros2_ws/install/mocap4r2cli/lib/python3.12/site-packages:/home/strain-drone/Documents/drone_position_hold/ros2_ws/install/mocap4r2_robot_gt_msgs/lib/python3.12/site-packages:/home/strain-drone/Documents/drone_position_hold/ros2_ws/install/mocap4r2_marker_viz_srvs/lib/python3.12/site-packages:/home/strain-drone/Documents/drone_position_hold/ros2_ws/install/mavros_config/lib/python3.12/site-packages:/opt/ros/jazzy/lib/python3.12/site-packages VIRTUAL_ENV_PROMPT=(venv-ardupilot) /usr/bin/cmake --build /home/strain-drone/Documents/drone_position_hold/ros2_ws/build/mocap4r2_vicon_driver -- -j4 -l4
[6.736s] DEBUG:colcon.colcon_core.event_handler.log_command:Invoked command in '/home/strain-drone/Documents/drone_position_hold/ros2_ws/build/mocap4r2_dummy_driver' returned '0': CMAKE_PREFIX_PATH=/home/strain-drone/Documents/drone_position_hold/ros2_ws/install/mocap4r2_control:/home/strain-drone/Documents/drone_position_hold/ros2_ws/install/mocap4r2_msgs:/home/strain-drone/Documents/drone_position_hold/ros2_ws/install/mocap4r2_control_msgs:/home/strain-drone/Documents/drone_position_hold/ros2_ws/install/rqt_mocap4r2_control:/home/strain-drone/Documents/drone_position_hold/ros2_ws/install/natnet_ros2:/home/strain-drone/Documents/drone_position_hold/ros2_ws/install/mocap4r2_vicon_driver:/home/strain-drone/Documents/drone_position_hold/ros2_ws/install/mocap4r2_robot_gt:/home/strain-drone/Documents/drone_position_hold/ros2_ws/install/mocap4r2_robot_gt_msgs:/home/strain-drone/Documents/drone_position_hold/ros2_ws/install/mocap4r2_marker_viz:/home/strain-drone/Documents/drone_position_hold/ros2_ws/install/mocap4r2_marker_publisher:/home/strain-drone/Documents/drone_position_hold/ros2_ws/install/mocap4r2_dummy_driver:/home/strain-drone/Documents/drone_position_hold/ros2_ws/install/mocap4r2_marker_viz_srvs:/opt/ros/jazzy/opt/gz_math_vendor:/opt/ros/jazzy/opt/gz_utils_vendor:/opt/ros/jazzy/opt/gz_cmake_vendor:/home/strain-drone/Documents/drone_position_hold/ros2_ws/install/visualizer:/home/strain-drone/Documents/drone_position_hold/ros2_ws/install/position_publisher:/home/strain-drone/Documents/drone_position_hold/ros2_ws/install/mocap4r2cli:/home/strain-drone/Documents/drone_position_hold/ros2_ws/install/mavros_config:/opt/ros/jazzy DEBUGINFOD_URLS=https://debuginfod.ubuntu.com LD_LIBRARY_PATH=/home/strain-drone/Documents/drone_position_hold/ros2_ws/install/mocap4r2_control/lib:/home/strain-drone/Documents/drone_position_hold/ros2_ws/install/mocap4r2_msgs/lib:/home/strain-drone/Documents/drone_position_hold/ros2_ws/install/mocap4r2_control_msgs/lib:/home/strain-drone/Documents/drone_position_hold/ros2_ws/install/rqt_mocap4r2_control/lib:/home/strain-drone/Documents/drone_position_hold/ros2_ws/install/natnet_ros2/lib:/home/strain-drone/Documents/drone_position_hold/ros2_ws/install/mocap4r2_vicon_driver/lib:/home/strain-drone/Documents/drone_position_hold/ros2_ws/install/mocap4r2_robot_gt/lib:/home/strain-drone/Documents/drone_position_hold/ros2_ws/install/mocap4r2_robot_gt_msgs/lib:/home/strain-drone/Documents/drone_position_hold/ros2_ws/install/mocap4r2_marker_viz_srvs/lib:/opt/ros/jazzy/opt/rviz_ogre_vendor/lib:/opt/ros/jazzy/lib/aarch64-linux-gnu:/opt/ros/jazzy/opt/gz_math_vendor/lib:/opt/ros/jazzy/opt/gz_utils_vendor/lib:/opt/ros/jazzy/opt/gz_cmake_vendor/lib:/opt/ros/jazzy/lib:/home/strain-drone/Documents/drone_position_hold/ros2_ws/src/natnet_ros2/deps/NatNetSDK/lib PS1=(venv-ardupilot) \[\e]0;\u@\h: \w\a\]${debian_chroot:+($debian_chroot)}\[\033[01;32m\]\u@\h\[\033[00m\]:\[\033[01;34m\]\w\[\033[00m\]\$ PYTHONPATH=/home/strain-drone/Documents/drone_position_hold/ros2_ws/install/mocap4r2_msgs/lib/python3.12/site-packages:/home/strain-drone/Documents/drone_position_hold/ros2_ws/install/mocap4r2_control_msgs/lib/python3.12/site-packages:/home/strain-drone/Documents/drone_position_hold/ros2_ws/install/visualizer/lib/python3.12/site-packages:/home/strain-drone/Documents/drone_position_hold/ros2_ws/install/position_publisher/lib/python3.12/site-packages:/home/strain-drone/Documents/drone_position_hold/ros2_ws/install/natnet_ros2/lib/python3.12/site-packages:/home/strain-drone/Documents/drone_position_hold/ros2_ws/install/mocap4r2cli/lib/python3.12/site-packages:/home/strain-drone/Documents/drone_position_hold/ros2_ws/install/mocap4r2_robot_gt_msgs/lib/python3.12/site-packages:/home/strain-drone/Documents/drone_position_hold/ros2_ws/install/mocap4r2_marker_viz_srvs/lib/python3.12/site-packages:/home/strain-drone/Documents/drone_position_hold/ros2_ws/install/mavros_config/lib/python3.12/site-packages:/opt/ros/jazzy/lib/python3.12/site-packages VIRTUAL_ENV_PROMPT=(venv-ardupilot) /usr/bin/cmake --build /home/strain-drone/Documents/drone_position_hold/ros2_ws/build/mocap4r2_dummy_driver -- -j4 -l4
[6.738s] DEBUG:colcon.colcon_core.event_handler.log_command:Invoking command in '/home/strain-drone/Documents/drone_position_hold/ros2_ws/build/mocap4r2_dummy_driver': CMAKE_PREFIX_PATH=/home/strain-drone/Documents/drone_position_hold/ros2_ws/install/mocap4r2_control:/home/strain-drone/Documents/drone_position_hold/ros2_ws/install/mocap4r2_msgs:/home/strain-drone/Documents/drone_position_hold/ros2_ws/install/mocap4r2_control_msgs:/home/strain-drone/Documents/drone_position_hold/ros2_ws/install/rqt_mocap4r2_control:/home/strain-drone/Documents/drone_position_hold/ros2_ws/install/natnet_ros2:/home/strain-drone/Documents/drone_position_hold/ros2_ws/install/mocap4r2_vicon_driver:/home/strain-drone/Documents/drone_position_hold/ros2_ws/install/mocap4r2_robot_gt:/home/strain-drone/Documents/drone_position_hold/ros2_ws/install/mocap4r2_robot_gt_msgs:/home/strain-drone/Documents/drone_position_hold/ros2_ws/install/mocap4r2_marker_viz:/home/strain-drone/Documents/drone_position_hold/ros2_ws/install/mocap4r2_marker_publisher:/home/strain-drone/Documents/drone_position_hold/ros2_ws/install/mocap4r2_dummy_driver:/home/strain-drone/Documents/drone_position_hold/ros2_ws/install/mocap4r2_marker_viz_srvs:/opt/ros/jazzy/opt/gz_math_vendor:/opt/ros/jazzy/opt/gz_utils_vendor:/opt/ros/jazzy/opt/gz_cmake_vendor:/home/strain-drone/Documents/drone_position_hold/ros2_ws/install/visualizer:/home/strain-drone/Documents/drone_position_hold/ros2_ws/install/position_publisher:/home/strain-drone/Documents/drone_position_hold/ros2_ws/install/mocap4r2cli:/home/strain-drone/Documents/drone_position_hold/ros2_ws/install/mavros_config:/opt/ros/jazzy DEBUGINFOD_URLS=https://debuginfod.ubuntu.com LD_LIBRARY_PATH=/home/strain-drone/Documents/drone_position_hold/ros2_ws/install/mocap4r2_control/lib:/home/strain-drone/Documents/drone_position_hold/ros2_ws/install/mocap4r2_msgs/lib:/home/strain-drone/Documents/drone_position_hold/ros2_ws/install/mocap4r2_control_msgs/lib:/home/strain-drone/Documents/drone_position_hold/ros2_ws/install/rqt_mocap4r2_control/lib:/home/strain-drone/Documents/drone_position_hold/ros2_ws/install/natnet_ros2/lib:/home/strain-drone/Documents/drone_position_hold/ros2_ws/install/mocap4r2_vicon_driver/lib:/home/strain-drone/Documents/drone_position_hold/ros2_ws/install/mocap4r2_robot_gt/lib:/home/strain-drone/Documents/drone_position_hold/ros2_ws/install/mocap4r2_robot_gt_msgs/lib:/home/strain-drone/Documents/drone_position_hold/ros2_ws/install/mocap4r2_marker_viz_srvs/lib:/opt/ros/jazzy/opt/rviz_ogre_vendor/lib:/opt/ros/jazzy/lib/aarch64-linux-gnu:/opt/ros/jazzy/opt/gz_math_vendor/lib:/opt/ros/jazzy/opt/gz_utils_vendor/lib:/opt/ros/jazzy/opt/gz_cmake_vendor/lib:/opt/ros/jazzy/lib:/home/strain-drone/Documents/drone_position_hold/ros2_ws/src/natnet_ros2/deps/NatNetSDK/lib PS1=(venv-ardupilot) \[\e]0;\u@\h: \w\a\]${debian_chroot:+($debian_chroot)}\[\033[01;32m\]\u@\h\[\033[00m\]:\[\033[01;34m\]\w\[\033[00m\]\$ PYTHONPATH=/home/strain-drone/Documents/drone_position_hold/ros2_ws/install/mocap4r2_msgs/lib/python3.12/site-packages:/home/strain-drone/Documents/drone_position_hold/ros2_ws/install/mocap4r2_control_msgs/lib/python3.12/site-packages:/home/strain-drone/Documents/drone_position_hold/ros2_ws/install/visualizer/lib/python3.12/site-packages:/home/strain-drone/Documents/drone_position_hold/ros2_ws/install/position_publisher/lib/python3.12/site-packages:/home/strain-drone/Documents/drone_position_hold/ros2_ws/install/natnet_ros2/lib/python3.12/site-packages:/home/strain-drone/Documents/drone_position_hold/ros2_ws/install/mocap4r2cli/lib/python3.12/site-packages:/home/strain-drone/Documents/drone_position_hold/ros2_ws/install/mocap4r2_robot_gt_msgs/lib/python3.12/site-packages:/home/strain-drone/Documents/drone_position_hold/ros2_ws/install/mocap4r2_marker_viz_srvs/lib/python3.12/site-packages:/home/strain-drone/Documents/drone_position_hold/ros2_ws/install/mavros_config/lib/python3.12/site-packages:/opt/ros/jazzy/lib/python3.12/site-packages VIRTUAL_ENV_PROMPT=(venv-ardupilot) /usr/bin/cmake --install /home/strain-drone/Documents/drone_position_hold/ros2_ws/build/mocap4r2_dummy_driver
[6.768s] Level 1:colcon.colcon_core.environment:create_environment_scripts_only(mocap4r2_dummy_driver)
[6.769s] Level 1:colcon.colcon_core.environment:checking '/home/strain-drone/Documents/drone_position_hold/ros2_ws/install/mocap4r2_dummy_driver' for CMake module files
[6.769s] DEBUG:colcon.colcon_core.event_handler.log_command:Invoked command in '/home/strain-drone/Documents/drone_position_hold/ros2_ws/build/mocap4r2_dummy_driver' returned '0': CMAKE_PREFIX_PATH=/home/strain-drone/Documents/drone_position_hold/ros2_ws/install/mocap4r2_control:/home/strain-drone/Documents/drone_position_hold/ros2_ws/install/mocap4r2_msgs:/home/strain-drone/Documents/drone_position_hold/ros2_ws/install/mocap4r2_control_msgs:/home/strain-drone/Documents/drone_position_hold/ros2_ws/install/rqt_mocap4r2_control:/home/strain-drone/Documents/drone_position_hold/ros2_ws/install/natnet_ros2:/home/strain-drone/Documents/drone_position_hold/ros2_ws/install/mocap4r2_vicon_driver:/home/strain-drone/Documents/drone_position_hold/ros2_ws/install/mocap4r2_robot_gt:/home/strain-drone/Documents/drone_position_hold/ros2_ws/install/mocap4r2_robot_gt_msgs:/home/strain-drone/Documents/drone_position_hold/ros2_ws/install/mocap4r2_marker_viz:/home/strain-drone/Documents/drone_position_hold/ros2_ws/install/mocap4r2_marker_publisher:/home/strain-drone/Documents/drone_position_hold/ros2_ws/install/mocap4r2_dummy_driver:/home/strain-drone/Documents/drone_position_hold/ros2_ws/install/mocap4r2_marker_viz_srvs:/opt/ros/jazzy/opt/gz_math_vendor:/opt/ros/jazzy/opt/gz_utils_vendor:/opt/ros/jazzy/opt/gz_cmake_vendor:/home/strain-drone/Documents/drone_position_hold/ros2_ws/install/visualizer:/home/strain-drone/Documents/drone_position_hold/ros2_ws/install/position_publisher:/home/strain-drone/Documents/drone_position_hold/ros2_ws/install/mocap4r2cli:/home/strain-drone/Documents/drone_position_hold/ros2_ws/install/mavros_config:/opt/ros/jazzy DEBUGINFOD_URLS=https://debuginfod.ubuntu.com LD_LIBRARY_PATH=/home/strain-drone/Documents/drone_position_hold/ros2_ws/install/mocap4r2_control/lib:/home/strain-drone/Documents/drone_position_hold/ros2_ws/install/mocap4r2_msgs/lib:/home/strain-drone/Documents/drone_position_hold/ros2_ws/install/mocap4r2_control_msgs/lib:/home/strain-drone/Documents/drone_position_hold/ros2_ws/install/rqt_mocap4r2_control/lib:/home/strain-drone/Documents/drone_position_hold/ros2_ws/install/natnet_ros2/lib:/home/strain-drone/Documents/drone_position_hold/ros2_ws/install/mocap4r2_vicon_driver/lib:/home/strain-drone/Documents/drone_position_hold/ros2_ws/install/mocap4r2_robot_gt/lib:/home/strain-drone/Documents/drone_position_hold/ros2_ws/install/mocap4r2_robot_gt_msgs/lib:/home/strain-drone/Documents/drone_position_hold/ros2_ws/install/mocap4r2_marker_viz_srvs/lib:/opt/ros/jazzy/opt/rviz_ogre_vendor/lib:/opt/ros/jazzy/lib/aarch64-linux-gnu:/opt/ros/jazzy/opt/gz_math_vendor/lib:/opt/ros/jazzy/opt/gz_utils_vendor/lib:/opt/ros/jazzy/opt/gz_cmake_vendor/lib:/opt/ros/jazzy/lib:/home/strain-drone/Documents/drone_position_hold/ros2_ws/src/natnet_ros2/deps/NatNetSDK/lib PS1=(venv-ardupilot) \[\e]0;\u@\h: \w\a\]${debian_chroot:+($debian_chroot)}\[\033[01;32m\]\u@\h\[\033[00m\]:\[\033[01;34m\]\w\[\033[00m\]\$ PYTHONPATH=/home/strain-drone/Documents/drone_position_hold/ros2_ws/install/mocap4r2_msgs/lib/python3.12/site-packages:/home/strain-drone/Documents/drone_position_hold/ros2_ws/install/mocap4r2_control_msgs/lib/python3.12/site-packages:/home/strain-drone/Documents/drone_position_hold/ros2_ws/install/visualizer/lib/python3.12/site-packages:/home/strain-drone/Documents/drone_position_hold/ros2_ws/install/position_publisher/lib/python3.12/site-packages:/home/strain-drone/Documents/drone_position_hold/ros2_ws/install/natnet_ros2/lib/python3.12/site-packages:/home/strain-drone/Documents/drone_position_hold/ros2_ws/install/mocap4r2cli/lib/python3.12/site-packages:/home/strain-drone/Documents/drone_position_hold/ros2_ws/install/mocap4r2_robot_gt_msgs/lib/python3.12/site-packages:/home/strain-drone/Documents/drone_position_hold/ros2_ws/install/mocap4r2_marker_viz_srvs/lib/python3.12/site-packages:/home/strain-drone/Documents/drone_position_hold/ros2_ws/install/mavros_config/lib/python3.12/site-packages:/opt/ros/jazzy/lib/python3.12/site-packages VIRTUAL_ENV_PROMPT=(venv-ardupilot) /usr/bin/cmake --install /home/strain-drone/Documents/drone_position_hold/ros2_ws/build/mocap4r2_dummy_driver
[6.770s] Level 1:colcon.colcon_core.environment:checking '/home/strain-drone/Documents/drone_position_hold/ros2_ws/install/mocap4r2_dummy_driver' for CMake config files
[6.771s] Level 1:colcon.colcon_core.shell:create_environment_hook('mocap4r2_dummy_driver', 'cmake_prefix_path')
[6.771s] INFO:colcon.colcon_core.shell:Creating environment hook '/home/strain-drone/Documents/drone_position_hold/ros2_ws/install/mocap4r2_dummy_driver/share/mocap4r2_dummy_driver/hook/cmake_prefix_path.ps1'
[6.772s] INFO:colcon.colcon_core.shell:Creating environment descriptor '/home/strain-drone/Documents/drone_position_hold/ros2_ws/install/mocap4r2_dummy_driver/share/mocap4r2_dummy_driver/hook/cmake_prefix_path.dsv'
[6.773s] INFO:colcon.colcon_core.shell:Creating environment hook '/home/strain-drone/Documents/drone_position_hold/ros2_ws/install/mocap4r2_dummy_driver/share/mocap4r2_dummy_driver/hook/cmake_prefix_path.sh'
[6.775s] Level 1:colcon.colcon_core.environment:checking '/home/strain-drone/Documents/drone_position_hold/ros2_ws/install/mocap4r2_dummy_driver/lib'
[6.775s] Level 1:colcon.colcon_core.environment:checking '/home/strain-drone/Documents/drone_position_hold/ros2_ws/install/mocap4r2_dummy_driver/bin'
[6.775s] Level 1:colcon.colcon_core.environment:checking '/home/strain-drone/Documents/drone_position_hold/ros2_ws/install/mocap4r2_dummy_driver/lib/pkgconfig/mocap4r2_dummy_driver.pc'
[6.775s] Level 1:colcon.colcon_core.environment:checking '/home/strain-drone/Documents/drone_position_hold/ros2_ws/install/mocap4r2_dummy_driver/lib/python3.12/site-packages'
[6.776s] Level 1:colcon.colcon_core.environment:checking '/home/strain-drone/Documents/drone_position_hold/ros2_ws/install/mocap4r2_dummy_driver/bin'
[6.776s] INFO:colcon.colcon_core.shell:Creating package script '/home/strain-drone/Documents/drone_position_hold/ros2_ws/install/mocap4r2_dummy_driver/share/mocap4r2_dummy_driver/package.ps1'
[6.777s] INFO:colcon.colcon_core.shell:Creating package descriptor '/home/strain-drone/Documents/drone_position_hold/ros2_ws/install/mocap4r2_dummy_driver/share/mocap4r2_dummy_driver/package.dsv'
[6.778s] INFO:colcon.colcon_core.shell:Creating package script '/home/strain-drone/Documents/drone_position_hold/ros2_ws/install/mocap4r2_dummy_driver/share/mocap4r2_dummy_driver/package.sh'
[6.780s] INFO:colcon.colcon_core.shell:Creating package script '/home/strain-drone/Documents/drone_position_hold/ros2_ws/install/mocap4r2_dummy_driver/share/mocap4r2_dummy_driver/package.bash'
[6.781s] INFO:colcon.colcon_core.shell:Creating package script '/home/strain-drone/Documents/drone_position_hold/ros2_ws/install/mocap4r2_dummy_driver/share/mocap4r2_dummy_driver/package.zsh'
[6.782s] Level 1:colcon.colcon_core.environment:create_file_with_runtime_dependencies(/home/strain-drone/Documents/drone_position_hold/ros2_ws/install/mocap4r2_dummy_driver/share/colcon-core/packages/mocap4r2_dummy_driver)
[6.784s] Level 1:colcon.colcon_core.environment:create_environment_scripts_only(mocap4r2_dummy_driver)
[6.785s] Level 1:colcon.colcon_core.environment:checking '/home/strain-drone/Documents/drone_position_hold/ros2_ws/install/mocap4r2_dummy_driver' for CMake module files
[6.786s] Level 1:colcon.colcon_core.environment:checking '/home/strain-drone/Documents/drone_position_hold/ros2_ws/install/mocap4r2_dummy_driver' for CMake config files
[6.786s] Level 1:colcon.colcon_core.shell:create_environment_hook('mocap4r2_dummy_driver', 'cmake_prefix_path')
[6.787s] INFO:colcon.colcon_core.shell:Creating environment hook '/home/strain-drone/Documents/drone_position_hold/ros2_ws/install/mocap4r2_dummy_driver/share/mocap4r2_dummy_driver/hook/cmake_prefix_path.ps1'
[6.787s] INFO:colcon.colcon_core.shell:Creating environment descriptor '/home/strain-drone/Documents/drone_position_hold/ros2_ws/install/mocap4r2_dummy_driver/share/mocap4r2_dummy_driver/hook/cmake_prefix_path.dsv'
[6.789s] INFO:colcon.colcon_core.shell:Creating environment hook '/home/strain-drone/Documents/drone_position_hold/ros2_ws/install/mocap4r2_dummy_driver/share/mocap4r2_dummy_driver/hook/cmake_prefix_path.sh'
[6.791s] Level 1:colcon.colcon_core.environment:checking '/home/strain-drone/Documents/drone_position_hold/ros2_ws/install/mocap4r2_dummy_driver/lib'
[6.791s] Level 1:colcon.colcon_core.environment:checking '/home/strain-drone/Documents/drone_position_hold/ros2_ws/install/mocap4r2_dummy_driver/bin'
[6.791s] Level 1:colcon.colcon_core.environment:checking '/home/strain-drone/Documents/drone_position_hold/ros2_ws/install/mocap4r2_dummy_driver/lib/pkgconfig/mocap4r2_dummy_driver.pc'
[6.791s] Level 1:colcon.colcon_core.environment:checking '/home/strain-drone/Documents/drone_position_hold/ros2_ws/install/mocap4r2_dummy_driver/lib/python3.12/site-packages'
[6.792s] Level 1:colcon.colcon_core.environment:checking '/home/strain-drone/Documents/drone_position_hold/ros2_ws/install/mocap4r2_dummy_driver/bin'
[6.792s] INFO:colcon.colcon_core.shell:Creating package script '/home/strain-drone/Documents/drone_position_hold/ros2_ws/install/mocap4r2_dummy_driver/share/mocap4r2_dummy_driver/package.ps1'
[6.793s] INFO:colcon.colcon_core.shell:Creating package descriptor '/home/strain-drone/Documents/drone_position_hold/ros2_ws/install/mocap4r2_dummy_driver/share/mocap4r2_dummy_driver/package.dsv'
[6.795s] INFO:colcon.colcon_core.shell:Creating package script '/home/strain-drone/Documents/drone_position_hold/ros2_ws/install/mocap4r2_dummy_driver/share/mocap4r2_dummy_driver/package.sh'
[6.796s] INFO:colcon.colcon_core.shell:Creating package script '/home/strain-drone/Documents/drone_position_hold/ros2_ws/install/mocap4r2_dummy_driver/share/mocap4r2_dummy_driver/package.bash'
[6.798s] INFO:colcon.colcon_core.shell:Creating package script '/home/strain-drone/Documents/drone_position_hold/ros2_ws/install/mocap4r2_dummy_driver/share/mocap4r2_dummy_driver/package.zsh'
[6.800s] Level 1:colcon.colcon_core.environment:create_file_with_runtime_dependencies(/home/strain-drone/Documents/drone_position_hold/ros2_ws/install/mocap4r2_dummy_driver/share/colcon-core/packages/mocap4r2_dummy_driver)
[6.804s] INFO:colcon.colcon_ros.task.ament_cmake.build:Building ROS package in '/home/strain-drone/Documents/drone_position_hold/ros2_ws/src/mocap4r2/mocap4r2_control/rqt_mocap4r2_control' with build type 'ament_cmake'
[6.804s] INFO:colcon.colcon_cmake.task.cmake.build:Building CMake package in '/home/strain-drone/Documents/drone_position_hold/ros2_ws/src/mocap4r2/mocap4r2_control/rqt_mocap4r2_control'
[6.805s] INFO:colcon.colcon_core.shell:Skip shell extension 'powershell' for command environment: Not usable outside of PowerShell
[6.805s] DEBUG:colcon.colcon_core.shell:Skip shell extension 'dsv' for command environment
[6.834s] DEBUG:colcon.colcon_core.event_handler.log_command:Invoking command in '/home/strain-drone/Documents/drone_position_hold/ros2_ws/build/rqt_mocap4r2_control': CMAKE_PREFIX_PATH=/home/strain-drone/Documents/drone_position_hold/ros2_ws/install/mocap4r2_control:/home/strain-drone/Documents/drone_position_hold/ros2_ws/install/mocap4r2_control_msgs:/home/strain-drone/Documents/drone_position_hold/ros2_ws/install/rqt_mocap4r2_control:/home/strain-drone/Documents/drone_position_hold/ros2_ws/install/natnet_ros2:/home/strain-drone/Documents/drone_position_hold/ros2_ws/install/mocap4r2_vicon_driver:/home/strain-drone/Documents/drone_position_hold/ros2_ws/install/mocap4r2_robot_gt:/home/strain-drone/Documents/drone_position_hold/ros2_ws/install/mocap4r2_robot_gt_msgs:/home/strain-drone/Documents/drone_position_hold/ros2_ws/install/mocap4r2_marker_viz:/home/strain-drone/Documents/drone_position_hold/ros2_ws/install/mocap4r2_marker_publisher:/home/strain-drone/Documents/drone_position_hold/ros2_ws/install/mocap4r2_dummy_driver:/home/strain-drone/Documents/drone_position_hold/ros2_ws/install/mocap4r2_msgs:/home/strain-drone/Documents/drone_position_hold/ros2_ws/install/mocap4r2_marker_viz_srvs:/opt/ros/jazzy/opt/gz_math_vendor:/opt/ros/jazzy/opt/gz_utils_vendor:/opt/ros/jazzy/opt/gz_cmake_vendor:/home/strain-drone/Documents/drone_position_hold/ros2_ws/install/visualizer:/home/strain-drone/Documents/drone_position_hold/ros2_ws/install/position_publisher:/home/strain-drone/Documents/drone_position_hold/ros2_ws/install/mocap4r2cli:/home/strain-drone/Documents/drone_position_hold/ros2_ws/install/mavros_config:/opt/ros/jazzy DEBUGINFOD_URLS=https://debuginfod.ubuntu.com LD_LIBRARY_PATH=/home/strain-drone/Documents/drone_position_hold/ros2_ws/install/mocap4r2_control/lib:/home/strain-drone/Documents/drone_position_hold/ros2_ws/install/mocap4r2_control_msgs/lib:/home/strain-drone/Documents/drone_position_hold/ros2_ws/install/rqt_mocap4r2_control/lib:/home/strain-drone/Documents/drone_position_hold/ros2_ws/install/natnet_ros2/lib:/home/strain-drone/Documents/drone_position_hold/ros2_ws/install/mocap4r2_vicon_driver/lib:/home/strain-drone/Documents/drone_position_hold/ros2_ws/install/mocap4r2_robot_gt/lib:/home/strain-drone/Documents/drone_position_hold/ros2_ws/install/mocap4r2_robot_gt_msgs/lib:/home/strain-drone/Documents/drone_position_hold/ros2_ws/install/mocap4r2_msgs/lib:/home/strain-drone/Documents/drone_position_hold/ros2_ws/install/mocap4r2_marker_viz_srvs/lib:/opt/ros/jazzy/opt/rviz_ogre_vendor/lib:/opt/ros/jazzy/lib/aarch64-linux-gnu:/opt/ros/jazzy/opt/gz_math_vendor/lib:/opt/ros/jazzy/opt/gz_utils_vendor/lib:/opt/ros/jazzy/opt/gz_cmake_vendor/lib:/opt/ros/jazzy/lib:/home/strain-drone/Documents/drone_position_hold/ros2_ws/src/natnet_ros2/deps/NatNetSDK/lib PS1=(venv-ardupilot) \[\e]0;\u@\h: \w\a\]${debian_chroot:+($debian_chroot)}\[\033[01;32m\]\u@\h\[\033[00m\]:\[\033[01;34m\]\w\[\033[00m\]\$ PYTHONPATH=/home/strain-drone/Documents/drone_position_hold/ros2_ws/install/mocap4r2_control_msgs/lib/python3.12/site-packages:/home/strain-drone/Documents/drone_position_hold/ros2_ws/install/visualizer/lib/python3.12/site-packages:/home/strain-drone/Documents/drone_position_hold/ros2_ws/install/position_publisher/lib/python3.12/site-packages:/home/strain-drone/Documents/drone_position_hold/ros2_ws/install/natnet_ros2/lib/python3.12/site-packages:/home/strain-drone/Documents/drone_position_hold/ros2_ws/install/mocap4r2cli/lib/python3.12/site-packages:/home/strain-drone/Documents/drone_position_hold/ros2_ws/install/mocap4r2_robot_gt_msgs/lib/python3.12/site-packages:/home/strain-drone/Documents/drone_position_hold/ros2_ws/install/mocap4r2_msgs/lib/python3.12/site-packages:/home/strain-drone/Documents/drone_position_hold/ros2_ws/install/mocap4r2_marker_viz_srvs/lib/python3.12/site-packages:/home/strain-drone/Documents/drone_position_hold/ros2_ws/install/mavros_config/lib/python3.12/site-packages:/opt/ros/jazzy/lib/python3.12/site-packages VIRTUAL_ENV_PROMPT=(venv-ardupilot) /usr/bin/cmake --build /home/strain-drone/Documents/drone_position_hold/ros2_ws/build/rqt_mocap4r2_control -- -j4 -l4
[6.945s] Level 1:colcon.colcon_core.environment:checking '/home/strain-drone/Documents/drone_position_hold/ros2_ws/install/visualizer' for CMake module files
[6.946s] Level 1:colcon.colcon_core.environment:checking '/home/strain-drone/Documents/drone_position_hold/ros2_ws/install/visualizer' for CMake config files
[6.947s] Level 1:colcon.colcon_core.environment:checking '/home/strain-drone/Documents/drone_position_hold/ros2_ws/install/visualizer/lib'
[6.947s] Level 1:colcon.colcon_core.environment:checking '/home/strain-drone/Documents/drone_position_hold/ros2_ws/install/visualizer/bin'
[6.947s] Level 1:colcon.colcon_core.environment:checking '/home/strain-drone/Documents/drone_position_hold/ros2_ws/install/visualizer/lib/pkgconfig/visualizer.pc'
[6.948s] Level 1:colcon.colcon_core.environment:checking '/home/strain-drone/Documents/drone_position_hold/ros2_ws/install/visualizer/lib/python3.12/site-packages'
[6.948s] DEBUG:colcon.colcon_core.event_handler.log_command:Invoked command in '/home/strain-drone/Documents/drone_position_hold/ros2_ws/src/visualizer' returned '0': DEBUGINFOD_URLS=https://debuginfod.ubuntu.com PS1=(venv-ardupilot) \[\e]0;\u@\h: \w\a\]${debian_chroot:+($debian_chroot)}\[\033[01;32m\]\u@\h\[\033[00m\]:\[\033[01;34m\]\w\[\033[00m\]\$ PYTHONPATH=/home/strain-drone/Documents/drone_position_hold/ros2_ws/build/visualizer/prefix_override:/usr/lib/python3/dist-packages/colcon_core/task/python/colcon_distutils_commands:/home/strain-drone/Documents/drone_position_hold/ros2_ws/install/visualizer/lib/python3.12/site-packages:${PYTHONPATH} VIRTUAL_ENV_PROMPT=(venv-ardupilot) /usr/bin/python3 -W ignore:setup.py install is deprecated -W ignore:easy_install command is deprecated setup.py egg_info --egg-base ../../build/visualizer build --build-base /home/strain-drone/Documents/drone_position_hold/ros2_ws/build/visualizer/build install --record /home/strain-drone/Documents/drone_position_hold/ros2_ws/build/visualizer/install.log --single-version-externally-managed install_data
[6.949s] Level 1:colcon.colcon_core.shell:create_environment_hook('visualizer', 'pythonpath')
[6.949s] INFO:colcon.colcon_core.shell:Creating environment hook '/home/strain-drone/Documents/drone_position_hold/ros2_ws/install/visualizer/share/visualizer/hook/pythonpath.ps1'
[6.950s] INFO:colcon.colcon_core.shell:Creating environment descriptor '/home/strain-drone/Documents/drone_position_hold/ros2_ws/install/visualizer/share/visualizer/hook/pythonpath.dsv'
[6.953s] INFO:colcon.colcon_core.shell:Creating environment hook '/home/strain-drone/Documents/drone_position_hold/ros2_ws/install/visualizer/share/visualizer/hook/pythonpath.sh'
[6.955s] Level 1:colcon.colcon_core.environment:checking '/home/strain-drone/Documents/drone_position_hold/ros2_ws/install/visualizer/bin'
[6.955s] Level 1:colcon.colcon_core.environment:create_environment_scripts_only(visualizer)
[6.956s] INFO:colcon.colcon_core.shell:Creating package script '/home/strain-drone/Documents/drone_position_hold/ros2_ws/install/visualizer/share/visualizer/package.ps1'
[6.963s] INFO:colcon.colcon_core.shell:Creating package descriptor '/home/strain-drone/Documents/drone_position_hold/ros2_ws/install/visualizer/share/visualizer/package.dsv'
[6.965s] INFO:colcon.colcon_core.shell:Creating package script '/home/strain-drone/Documents/drone_position_hold/ros2_ws/install/visualizer/share/visualizer/package.sh'
[6.967s] INFO:colcon.colcon_core.shell:Creating package script '/home/strain-drone/Documents/drone_position_hold/ros2_ws/install/visualizer/share/visualizer/package.bash'
[6.969s] INFO:colcon.colcon_core.shell:Creating package script '/home/strain-drone/Documents/drone_position_hold/ros2_ws/install/visualizer/share/visualizer/package.zsh'
[6.976s] Level 1:colcon.colcon_core.environment:create_file_with_runtime_dependencies(/home/strain-drone/Documents/drone_position_hold/ros2_ws/install/visualizer/share/colcon-core/packages/visualizer)
[7.031s] DEBUG:colcon.colcon_core.event_handler.log_command:Invoked command in '/home/strain-drone/Documents/drone_position_hold/ros2_ws/build/mocap4r2_vicon_driver' returned '0': CMAKE_PREFIX_PATH=/home/strain-drone/Documents/drone_position_hold/ros2_ws/install/mocap4r2_control:/home/strain-drone/Documents/drone_position_hold/ros2_ws/install/mocap4r2_msgs:/home/strain-drone/Documents/drone_position_hold/ros2_ws/install/mocap4r2_control_msgs:/home/strain-drone/Documents/drone_position_hold/ros2_ws/install/rqt_mocap4r2_control:/home/strain-drone/Documents/drone_position_hold/ros2_ws/install/natnet_ros2:/home/strain-drone/Documents/drone_position_hold/ros2_ws/install/mocap4r2_vicon_driver:/home/strain-drone/Documents/drone_position_hold/ros2_ws/install/mocap4r2_robot_gt:/home/strain-drone/Documents/drone_position_hold/ros2_ws/install/mocap4r2_robot_gt_msgs:/home/strain-drone/Documents/drone_position_hold/ros2_ws/install/mocap4r2_marker_viz:/home/strain-drone/Documents/drone_position_hold/ros2_ws/install/mocap4r2_marker_publisher:/home/strain-drone/Documents/drone_position_hold/ros2_ws/install/mocap4r2_dummy_driver:/home/strain-drone/Documents/drone_position_hold/ros2_ws/install/mocap4r2_marker_viz_srvs:/opt/ros/jazzy/opt/gz_math_vendor:/opt/ros/jazzy/opt/gz_utils_vendor:/opt/ros/jazzy/opt/gz_cmake_vendor:/home/strain-drone/Documents/drone_position_hold/ros2_ws/install/visualizer:/home/strain-drone/Documents/drone_position_hold/ros2_ws/install/position_publisher:/home/strain-drone/Documents/drone_position_hold/ros2_ws/install/mocap4r2cli:/home/strain-drone/Documents/drone_position_hold/ros2_ws/install/mavros_config:/opt/ros/jazzy DEBUGINFOD_URLS=https://debuginfod.ubuntu.com LD_LIBRARY_PATH=/home/strain-drone/Documents/drone_position_hold/ros2_ws/install/mocap4r2_control/lib:/home/strain-drone/Documents/drone_position_hold/ros2_ws/install/mocap4r2_msgs/lib:/home/strain-drone/Documents/drone_position_hold/ros2_ws/install/mocap4r2_control_msgs/lib:/home/strain-drone/Documents/drone_position_hold/ros2_ws/install/rqt_mocap4r2_control/lib:/home/strain-drone/Documents/drone_position_hold/ros2_ws/install/natnet_ros2/lib:/home/strain-drone/Documents/drone_position_hold/ros2_ws/install/mocap4r2_vicon_driver/lib:/home/strain-drone/Documents/drone_position_hold/ros2_ws/install/mocap4r2_robot_gt/lib:/home/strain-drone/Documents/drone_position_hold/ros2_ws/install/mocap4r2_robot_gt_msgs/lib:/home/strain-drone/Documents/drone_position_hold/ros2_ws/install/mocap4r2_marker_viz_srvs/lib:/opt/ros/jazzy/opt/rviz_ogre_vendor/lib:/opt/ros/jazzy/lib/aarch64-linux-gnu:/opt/ros/jazzy/opt/gz_math_vendor/lib:/opt/ros/jazzy/opt/gz_utils_vendor/lib:/opt/ros/jazzy/opt/gz_cmake_vendor/lib:/opt/ros/jazzy/lib:/home/strain-drone/Documents/drone_position_hold/ros2_ws/src/natnet_ros2/deps/NatNetSDK/lib PS1=(venv-ardupilot) \[\e]0;\u@\h: \w\a\]${debian_chroot:+($debian_chroot)}\[\033[01;32m\]\u@\h\[\033[00m\]:\[\033[01;34m\]\w\[\033[00m\]\$ PYTHONPATH=/home/strain-drone/Documents/drone_position_hold/ros2_ws/install/mocap4r2_msgs/lib/python3.12/site-packages:/home/strain-drone/Documents/drone_position_hold/ros2_ws/install/mocap4r2_control_msgs/lib/python3.12/site-packages:/home/strain-drone/Documents/drone_position_hold/ros2_ws/install/visualizer/lib/python3.12/site-packages:/home/strain-drone/Documents/drone_position_hold/ros2_ws/install/position_publisher/lib/python3.12/site-packages:/home/strain-drone/Documents/drone_position_hold/ros2_ws/install/natnet_ros2/lib/python3.12/site-packages:/home/strain-drone/Documents/drone_position_hold/ros2_ws/install/mocap4r2cli/lib/python3.12/site-packages:/home/strain-drone/Documents/drone_position_hold/ros2_ws/install/mocap4r2_robot_gt_msgs/lib/python3.12/site-packages:/home/strain-drone/Documents/drone_position_hold/ros2_ws/install/mocap4r2_marker_viz_srvs/lib/python3.12/site-packages:/home/strain-drone/Documents/drone_position_hold/ros2_ws/install/mavros_config/lib/python3.12/site-packages:/opt/ros/jazzy/lib/python3.12/site-packages VIRTUAL_ENV_PROMPT=(venv-ardupilot) /usr/bin/cmake --build /home/strain-drone/Documents/drone_position_hold/ros2_ws/build/mocap4r2_vicon_driver -- -j4 -l4
[7.034s] DEBUG:colcon.colcon_core.event_handler.log_command:Invoking command in '/home/strain-drone/Documents/drone_position_hold/ros2_ws/build/mocap4r2_vicon_driver': CMAKE_PREFIX_PATH=/home/strain-drone/Documents/drone_position_hold/ros2_ws/install/mocap4r2_control:/home/strain-drone/Documents/drone_position_hold/ros2_ws/install/mocap4r2_msgs:/home/strain-drone/Documents/drone_position_hold/ros2_ws/install/mocap4r2_control_msgs:/home/strain-drone/Documents/drone_position_hold/ros2_ws/install/rqt_mocap4r2_control:/home/strain-drone/Documents/drone_position_hold/ros2_ws/install/natnet_ros2:/home/strain-drone/Documents/drone_position_hold/ros2_ws/install/mocap4r2_vicon_driver:/home/strain-drone/Documents/drone_position_hold/ros2_ws/install/mocap4r2_robot_gt:/home/strain-drone/Documents/drone_position_hold/ros2_ws/install/mocap4r2_robot_gt_msgs:/home/strain-drone/Documents/drone_position_hold/ros2_ws/install/mocap4r2_marker_viz:/home/strain-drone/Documents/drone_position_hold/ros2_ws/install/mocap4r2_marker_publisher:/home/strain-drone/Documents/drone_position_hold/ros2_ws/install/mocap4r2_dummy_driver:/home/strain-drone/Documents/drone_position_hold/ros2_ws/install/mocap4r2_marker_viz_srvs:/opt/ros/jazzy/opt/gz_math_vendor:/opt/ros/jazzy/opt/gz_utils_vendor:/opt/ros/jazzy/opt/gz_cmake_vendor:/home/strain-drone/Documents/drone_position_hold/ros2_ws/install/visualizer:/home/strain-drone/Documents/drone_position_hold/ros2_ws/install/position_publisher:/home/strain-drone/Documents/drone_position_hold/ros2_ws/install/mocap4r2cli:/home/strain-drone/Documents/drone_position_hold/ros2_ws/install/mavros_config:/opt/ros/jazzy DEBUGINFOD_URLS=https://debuginfod.ubuntu.com LD_LIBRARY_PATH=/home/strain-drone/Documents/drone_position_hold/ros2_ws/install/mocap4r2_control/lib:/home/strain-drone/Documents/drone_position_hold/ros2_ws/install/mocap4r2_msgs/lib:/home/strain-drone/Documents/drone_position_hold/ros2_ws/install/mocap4r2_control_msgs/lib:/home/strain-drone/Documents/drone_position_hold/ros2_ws/install/rqt_mocap4r2_control/lib:/home/strain-drone/Documents/drone_position_hold/ros2_ws/install/natnet_ros2/lib:/home/strain-drone/Documents/drone_position_hold/ros2_ws/install/mocap4r2_vicon_driver/lib:/home/strain-drone/Documents/drone_position_hold/ros2_ws/install/mocap4r2_robot_gt/lib:/home/strain-drone/Documents/drone_position_hold/ros2_ws/install/mocap4r2_robot_gt_msgs/lib:/home/strain-drone/Documents/drone_position_hold/ros2_ws/install/mocap4r2_marker_viz_srvs/lib:/opt/ros/jazzy/opt/rviz_ogre_vendor/lib:/opt/ros/jazzy/lib/aarch64-linux-gnu:/opt/ros/jazzy/opt/gz_math_vendor/lib:/opt/ros/jazzy/opt/gz_utils_vendor/lib:/opt/ros/jazzy/opt/gz_cmake_vendor/lib:/opt/ros/jazzy/lib:/home/strain-drone/Documents/drone_position_hold/ros2_ws/src/natnet_ros2/deps/NatNetSDK/lib PS1=(venv-ardupilot) \[\e]0;\u@\h: \w\a\]${debian_chroot:+($debian_chroot)}\[\033[01;32m\]\u@\h\[\033[00m\]:\[\033[01;34m\]\w\[\033[00m\]\$ PYTHONPATH=/home/strain-drone/Documents/drone_position_hold/ros2_ws/install/mocap4r2_msgs/lib/python3.12/site-packages:/home/strain-drone/Documents/drone_position_hold/ros2_ws/install/mocap4r2_control_msgs/lib/python3.12/site-packages:/home/strain-drone/Documents/drone_position_hold/ros2_ws/install/visualizer/lib/python3.12/site-packages:/home/strain-drone/Documents/drone_position_hold/ros2_ws/install/position_publisher/lib/python3.12/site-packages:/home/strain-drone/Documents/drone_position_hold/ros2_ws/install/natnet_ros2/lib/python3.12/site-packages:/home/strain-drone/Documents/drone_position_hold/ros2_ws/install/mocap4r2cli/lib/python3.12/site-packages:/home/strain-drone/Documents/drone_position_hold/ros2_ws/install/mocap4r2_robot_gt_msgs/lib/python3.12/site-packages:/home/strain-drone/Documents/drone_position_hold/ros2_ws/install/mocap4r2_marker_viz_srvs/lib/python3.12/site-packages:/home/strain-drone/Documents/drone_position_hold/ros2_ws/install/mavros_config/lib/python3.12/site-packages:/opt/ros/jazzy/lib/python3.12/site-packages VIRTUAL_ENV_PROMPT=(venv-ardupilot) /usr/bin/cmake --install /home/strain-drone/Documents/drone_position_hold/ros2_ws/build/mocap4r2_vicon_driver
[7.042s] DEBUG:colcon.colcon_core.event_handler.log_command:Invoked command in '/home/strain-drone/Documents/drone_position_hold/ros2_ws/build/rqt_mocap4r2_control' returned '0': CMAKE_PREFIX_PATH=/home/strain-drone/Documents/drone_position_hold/ros2_ws/install/mocap4r2_control:/home/strain-drone/Documents/drone_position_hold/ros2_ws/install/mocap4r2_control_msgs:/home/strain-drone/Documents/drone_position_hold/ros2_ws/install/rqt_mocap4r2_control:/home/strain-drone/Documents/drone_position_hold/ros2_ws/install/natnet_ros2:/home/strain-drone/Documents/drone_position_hold/ros2_ws/install/mocap4r2_vicon_driver:/home/strain-drone/Documents/drone_position_hold/ros2_ws/install/mocap4r2_robot_gt:/home/strain-drone/Documents/drone_position_hold/ros2_ws/install/mocap4r2_robot_gt_msgs:/home/strain-drone/Documents/drone_position_hold/ros2_ws/install/mocap4r2_marker_viz:/home/strain-drone/Documents/drone_position_hold/ros2_ws/install/mocap4r2_marker_publisher:/home/strain-drone/Documents/drone_position_hold/ros2_ws/install/mocap4r2_dummy_driver:/home/strain-drone/Documents/drone_position_hold/ros2_ws/install/mocap4r2_msgs:/home/strain-drone/Documents/drone_position_hold/ros2_ws/install/mocap4r2_marker_viz_srvs:/opt/ros/jazzy/opt/gz_math_vendor:/opt/ros/jazzy/opt/gz_utils_vendor:/opt/ros/jazzy/opt/gz_cmake_vendor:/home/strain-drone/Documents/drone_position_hold/ros2_ws/install/visualizer:/home/strain-drone/Documents/drone_position_hold/ros2_ws/install/position_publisher:/home/strain-drone/Documents/drone_position_hold/ros2_ws/install/mocap4r2cli:/home/strain-drone/Documents/drone_position_hold/ros2_ws/install/mavros_config:/opt/ros/jazzy DEBUGINFOD_URLS=https://debuginfod.ubuntu.com LD_LIBRARY_PATH=/home/strain-drone/Documents/drone_position_hold/ros2_ws/install/mocap4r2_control/lib:/home/strain-drone/Documents/drone_position_hold/ros2_ws/install/mocap4r2_control_msgs/lib:/home/strain-drone/Documents/drone_position_hold/ros2_ws/install/rqt_mocap4r2_control/lib:/home/strain-drone/Documents/drone_position_hold/ros2_ws/install/natnet_ros2/lib:/home/strain-drone/Documents/drone_position_hold/ros2_ws/install/mocap4r2_vicon_driver/lib:/home/strain-drone/Documents/drone_position_hold/ros2_ws/install/mocap4r2_robot_gt/lib:/home/strain-drone/Documents/drone_position_hold/ros2_ws/install/mocap4r2_robot_gt_msgs/lib:/home/strain-drone/Documents/drone_position_hold/ros2_ws/install/mocap4r2_msgs/lib:/home/strain-drone/Documents/drone_position_hold/ros2_ws/install/mocap4r2_marker_viz_srvs/lib:/opt/ros/jazzy/opt/rviz_ogre_vendor/lib:/opt/ros/jazzy/lib/aarch64-linux-gnu:/opt/ros/jazzy/opt/gz_math_vendor/lib:/opt/ros/jazzy/opt/gz_utils_vendor/lib:/opt/ros/jazzy/opt/gz_cmake_vendor/lib:/opt/ros/jazzy/lib:/home/strain-drone/Documents/drone_position_hold/ros2_ws/src/natnet_ros2/deps/NatNetSDK/lib PS1=(venv-ardupilot) \[\e]0;\u@\h: \w\a\]${debian_chroot:+($debian_chroot)}\[\033[01;32m\]\u@\h\[\033[00m\]:\[\033[01;34m\]\w\[\033[00m\]\$ PYTHONPATH=/home/strain-drone/Documents/drone_position_hold/ros2_ws/install/mocap4r2_control_msgs/lib/python3.12/site-packages:/home/strain-drone/Documents/drone_position_hold/ros2_ws/install/visualizer/lib/python3.12/site-packages:/home/strain-drone/Documents/drone_position_hold/ros2_ws/install/position_publisher/lib/python3.12/site-packages:/home/strain-drone/Documents/drone_position_hold/ros2_ws/install/natnet_ros2/lib/python3.12/site-packages:/home/strain-drone/Documents/drone_position_hold/ros2_ws/install/mocap4r2cli/lib/python3.12/site-packages:/home/strain-drone/Documents/drone_position_hold/ros2_ws/install/mocap4r2_robot_gt_msgs/lib/python3.12/site-packages:/home/strain-drone/Documents/drone_position_hold/ros2_ws/install/mocap4r2_msgs/lib/python3.12/site-packages:/home/strain-drone/Documents/drone_position_hold/ros2_ws/install/mocap4r2_marker_viz_srvs/lib/python3.12/site-packages:/home/strain-drone/Documents/drone_position_hold/ros2_ws/install/mavros_config/lib/python3.12/site-packages:/opt/ros/jazzy/lib/python3.12/site-packages VIRTUAL_ENV_PROMPT=(venv-ardupilot) /usr/bin/cmake --build /home/strain-drone/Documents/drone_position_hold/ros2_ws/build/rqt_mocap4r2_control -- -j4 -l4
[7.045s] DEBUG:colcon.colcon_core.event_handler.log_command:Invoking command in '/home/strain-drone/Documents/drone_position_hold/ros2_ws/build/rqt_mocap4r2_control': CMAKE_PREFIX_PATH=/home/strain-drone/Documents/drone_position_hold/ros2_ws/install/mocap4r2_control:/home/strain-drone/Documents/drone_position_hold/ros2_ws/install/mocap4r2_control_msgs:/home/strain-drone/Documents/drone_position_hold/ros2_ws/install/rqt_mocap4r2_control:/home/strain-drone/Documents/drone_position_hold/ros2_ws/install/natnet_ros2:/home/strain-drone/Documents/drone_position_hold/ros2_ws/install/mocap4r2_vicon_driver:/home/strain-drone/Documents/drone_position_hold/ros2_ws/install/mocap4r2_robot_gt:/home/strain-drone/Documents/drone_position_hold/ros2_ws/install/mocap4r2_robot_gt_msgs:/home/strain-drone/Documents/drone_position_hold/ros2_ws/install/mocap4r2_marker_viz:/home/strain-drone/Documents/drone_position_hold/ros2_ws/install/mocap4r2_marker_publisher:/home/strain-drone/Documents/drone_position_hold/ros2_ws/install/mocap4r2_dummy_driver:/home/strain-drone/Documents/drone_position_hold/ros2_ws/install/mocap4r2_msgs:/home/strain-drone/Documents/drone_position_hold/ros2_ws/install/mocap4r2_marker_viz_srvs:/opt/ros/jazzy/opt/gz_math_vendor:/opt/ros/jazzy/opt/gz_utils_vendor:/opt/ros/jazzy/opt/gz_cmake_vendor:/home/strain-drone/Documents/drone_position_hold/ros2_ws/install/visualizer:/home/strain-drone/Documents/drone_position_hold/ros2_ws/install/position_publisher:/home/strain-drone/Documents/drone_position_hold/ros2_ws/install/mocap4r2cli:/home/strain-drone/Documents/drone_position_hold/ros2_ws/install/mavros_config:/opt/ros/jazzy DEBUGINFOD_URLS=https://debuginfod.ubuntu.com LD_LIBRARY_PATH=/home/strain-drone/Documents/drone_position_hold/ros2_ws/install/mocap4r2_control/lib:/home/strain-drone/Documents/drone_position_hold/ros2_ws/install/mocap4r2_control_msgs/lib:/home/strain-drone/Documents/drone_position_hold/ros2_ws/install/rqt_mocap4r2_control/lib:/home/strain-drone/Documents/drone_position_hold/ros2_ws/install/natnet_ros2/lib:/home/strain-drone/Documents/drone_position_hold/ros2_ws/install/mocap4r2_vicon_driver/lib:/home/strain-drone/Documents/drone_position_hold/ros2_ws/install/mocap4r2_robot_gt/lib:/home/strain-drone/Documents/drone_position_hold/ros2_ws/install/mocap4r2_robot_gt_msgs/lib:/home/strain-drone/Documents/drone_position_hold/ros2_ws/install/mocap4r2_msgs/lib:/home/strain-drone/Documents/drone_position_hold/ros2_ws/install/mocap4r2_marker_viz_srvs/lib:/opt/ros/jazzy/opt/rviz_ogre_vendor/lib:/opt/ros/jazzy/lib/aarch64-linux-gnu:/opt/ros/jazzy/opt/gz_math_vendor/lib:/opt/ros/jazzy/opt/gz_utils_vendor/lib:/opt/ros/jazzy/opt/gz_cmake_vendor/lib:/opt/ros/jazzy/lib:/home/strain-drone/Documents/drone_position_hold/ros2_ws/src/natnet_ros2/deps/NatNetSDK/lib PS1=(venv-ardupilot) \[\e]0;\u@\h: \w\a\]${debian_chroot:+($debian_chroot)}\[\033[01;32m\]\u@\h\[\033[00m\]:\[\033[01;34m\]\w\[\033[00m\]\$ PYTHONPATH=/home/strain-drone/Documents/drone_position_hold/ros2_ws/install/mocap4r2_control_msgs/lib/python3.12/site-packages:/home/strain-drone/Documents/drone_position_hold/ros2_ws/install/visualizer/lib/python3.12/site-packages:/home/strain-drone/Documents/drone_position_hold/ros2_ws/install/position_publisher/lib/python3.12/site-packages:/home/strain-drone/Documents/drone_position_hold/ros2_ws/install/natnet_ros2/lib/python3.12/site-packages:/home/strain-drone/Documents/drone_position_hold/ros2_ws/install/mocap4r2cli/lib/python3.12/site-packages:/home/strain-drone/Documents/drone_position_hold/ros2_ws/install/mocap4r2_robot_gt_msgs/lib/python3.12/site-packages:/home/strain-drone/Documents/drone_position_hold/ros2_ws/install/mocap4r2_msgs/lib/python3.12/site-packages:/home/strain-drone/Documents/drone_position_hold/ros2_ws/install/mocap4r2_marker_viz_srvs/lib/python3.12/site-packages:/home/strain-drone/Documents/drone_position_hold/ros2_ws/install/mavros_config/lib/python3.12/site-packages:/opt/ros/jazzy/lib/python3.12/site-packages VIRTUAL_ENV_PROMPT=(venv-ardupilot) /usr/bin/cmake --install /home/strain-drone/Documents/drone_position_hold/ros2_ws/build/rqt_mocap4r2_control
[7.057s] Level 1:colcon.colcon_core.environment:create_environment_scripts_only(mocap4r2_vicon_driver)
[7.058s] Level 1:colcon.colcon_core.environment:checking '/home/strain-drone/Documents/drone_position_hold/ros2_ws/install/mocap4r2_vicon_driver' for CMake module files
[7.059s] DEBUG:colcon.colcon_core.event_handler.log_command:Invoked command in '/home/strain-drone/Documents/drone_position_hold/ros2_ws/build/mocap4r2_vicon_driver' returned '0': CMAKE_PREFIX_PATH=/home/strain-drone/Documents/drone_position_hold/ros2_ws/install/mocap4r2_control:/home/strain-drone/Documents/drone_position_hold/ros2_ws/install/mocap4r2_msgs:/home/strain-drone/Documents/drone_position_hold/ros2_ws/install/mocap4r2_control_msgs:/home/strain-drone/Documents/drone_position_hold/ros2_ws/install/rqt_mocap4r2_control:/home/strain-drone/Documents/drone_position_hold/ros2_ws/install/natnet_ros2:/home/strain-drone/Documents/drone_position_hold/ros2_ws/install/mocap4r2_vicon_driver:/home/strain-drone/Documents/drone_position_hold/ros2_ws/install/mocap4r2_robot_gt:/home/strain-drone/Documents/drone_position_hold/ros2_ws/install/mocap4r2_robot_gt_msgs:/home/strain-drone/Documents/drone_position_hold/ros2_ws/install/mocap4r2_marker_viz:/home/strain-drone/Documents/drone_position_hold/ros2_ws/install/mocap4r2_marker_publisher:/home/strain-drone/Documents/drone_position_hold/ros2_ws/install/mocap4r2_dummy_driver:/home/strain-drone/Documents/drone_position_hold/ros2_ws/install/mocap4r2_marker_viz_srvs:/opt/ros/jazzy/opt/gz_math_vendor:/opt/ros/jazzy/opt/gz_utils_vendor:/opt/ros/jazzy/opt/gz_cmake_vendor:/home/strain-drone/Documents/drone_position_hold/ros2_ws/install/visualizer:/home/strain-drone/Documents/drone_position_hold/ros2_ws/install/position_publisher:/home/strain-drone/Documents/drone_position_hold/ros2_ws/install/mocap4r2cli:/home/strain-drone/Documents/drone_position_hold/ros2_ws/install/mavros_config:/opt/ros/jazzy DEBUGINFOD_URLS=https://debuginfod.ubuntu.com LD_LIBRARY_PATH=/home/strain-drone/Documents/drone_position_hold/ros2_ws/install/mocap4r2_control/lib:/home/strain-drone/Documents/drone_position_hold/ros2_ws/install/mocap4r2_msgs/lib:/home/strain-drone/Documents/drone_position_hold/ros2_ws/install/mocap4r2_control_msgs/lib:/home/strain-drone/Documents/drone_position_hold/ros2_ws/install/rqt_mocap4r2_control/lib:/home/strain-drone/Documents/drone_position_hold/ros2_ws/install/natnet_ros2/lib:/home/strain-drone/Documents/drone_position_hold/ros2_ws/install/mocap4r2_vicon_driver/lib:/home/strain-drone/Documents/drone_position_hold/ros2_ws/install/mocap4r2_robot_gt/lib:/home/strain-drone/Documents/drone_position_hold/ros2_ws/install/mocap4r2_robot_gt_msgs/lib:/home/strain-drone/Documents/drone_position_hold/ros2_ws/install/mocap4r2_marker_viz_srvs/lib:/opt/ros/jazzy/opt/rviz_ogre_vendor/lib:/opt/ros/jazzy/lib/aarch64-linux-gnu:/opt/ros/jazzy/opt/gz_math_vendor/lib:/opt/ros/jazzy/opt/gz_utils_vendor/lib:/opt/ros/jazzy/opt/gz_cmake_vendor/lib:/opt/ros/jazzy/lib:/home/strain-drone/Documents/drone_position_hold/ros2_ws/src/natnet_ros2/deps/NatNetSDK/lib PS1=(venv-ardupilot) \[\e]0;\u@\h: \w\a\]${debian_chroot:+($debian_chroot)}\[\033[01;32m\]\u@\h\[\033[00m\]:\[\033[01;34m\]\w\[\033[00m\]\$ PYTHONPATH=/home/strain-drone/Documents/drone_position_hold/ros2_ws/install/mocap4r2_msgs/lib/python3.12/site-packages:/home/strain-drone/Documents/drone_position_hold/ros2_ws/install/mocap4r2_control_msgs/lib/python3.12/site-packages:/home/strain-drone/Documents/drone_position_hold/ros2_ws/install/visualizer/lib/python3.12/site-packages:/home/strain-drone/Documents/drone_position_hold/ros2_ws/install/position_publisher/lib/python3.12/site-packages:/home/strain-drone/Documents/drone_position_hold/ros2_ws/install/natnet_ros2/lib/python3.12/site-packages:/home/strain-drone/Documents/drone_position_hold/ros2_ws/install/mocap4r2cli/lib/python3.12/site-packages:/home/strain-drone/Documents/drone_position_hold/ros2_ws/install/mocap4r2_robot_gt_msgs/lib/python3.12/site-packages:/home/strain-drone/Documents/drone_position_hold/ros2_ws/install/mocap4r2_marker_viz_srvs/lib/python3.12/site-packages:/home/strain-drone/Documents/drone_position_hold/ros2_ws/install/mavros_config/lib/python3.12/site-packages:/opt/ros/jazzy/lib/python3.12/site-packages VIRTUAL_ENV_PROMPT=(venv-ardupilot) /usr/bin/cmake --install /home/strain-drone/Documents/drone_position_hold/ros2_ws/build/mocap4r2_vicon_driver
[7.059s] Level 1:colcon.colcon_core.environment:checking '/home/strain-drone/Documents/drone_position_hold/ros2_ws/install/mocap4r2_vicon_driver' for CMake config files
[7.060s] Level 1:colcon.colcon_core.shell:create_environment_hook('mocap4r2_vicon_driver', 'cmake_prefix_path')
[7.060s] INFO:colcon.colcon_core.shell:Creating environment hook '/home/strain-drone/Documents/drone_position_hold/ros2_ws/install/mocap4r2_vicon_driver/share/mocap4r2_vicon_driver/hook/cmake_prefix_path.ps1'
[7.061s] INFO:colcon.colcon_core.shell:Creating environment descriptor '/home/strain-drone/Documents/drone_position_hold/ros2_ws/install/mocap4r2_vicon_driver/share/mocap4r2_vicon_driver/hook/cmake_prefix_path.dsv'
[7.063s] INFO:colcon.colcon_core.shell:Creating environment hook '/home/strain-drone/Documents/drone_position_hold/ros2_ws/install/mocap4r2_vicon_driver/share/mocap4r2_vicon_driver/hook/cmake_prefix_path.sh'
[7.065s] Level 1:colcon.colcon_core.environment:checking '/home/strain-drone/Documents/drone_position_hold/ros2_ws/install/mocap4r2_vicon_driver/lib'
[7.065s] Level 1:colcon.colcon_core.shell:create_environment_hook('mocap4r2_vicon_driver', 'ld_library_path_lib')
[7.065s] INFO:colcon.colcon_core.shell:Creating environment hook '/home/strain-drone/Documents/drone_position_hold/ros2_ws/install/mocap4r2_vicon_driver/share/mocap4r2_vicon_driver/hook/ld_library_path_lib.ps1'
[7.069s] INFO:colcon.colcon_core.shell:Creating environment descriptor '/home/strain-drone/Documents/drone_position_hold/ros2_ws/install/mocap4r2_vicon_driver/share/mocap4r2_vicon_driver/hook/ld_library_path_lib.dsv'
[7.070s] INFO:colcon.colcon_core.shell:Creating environment hook '/home/strain-drone/Documents/drone_position_hold/ros2_ws/install/mocap4r2_vicon_driver/share/mocap4r2_vicon_driver/hook/ld_library_path_lib.sh'
[7.072s] Level 1:colcon.colcon_core.environment:checking '/home/strain-drone/Documents/drone_position_hold/ros2_ws/install/mocap4r2_vicon_driver/bin'
[7.072s] Level 1:colcon.colcon_core.environment:checking '/home/strain-drone/Documents/drone_position_hold/ros2_ws/install/mocap4r2_vicon_driver/lib/pkgconfig/mocap4r2_vicon_driver.pc'
[7.072s] Level 1:colcon.colcon_core.environment:checking '/home/strain-drone/Documents/drone_position_hold/ros2_ws/install/mocap4r2_vicon_driver/lib/python3.12/site-packages'
[7.073s] Level 1:colcon.colcon_core.environment:checking '/home/strain-drone/Documents/drone_position_hold/ros2_ws/install/mocap4r2_vicon_driver/bin'
[7.073s] INFO:colcon.colcon_core.shell:Creating package script '/home/strain-drone/Documents/drone_position_hold/ros2_ws/install/mocap4r2_vicon_driver/share/mocap4r2_vicon_driver/package.ps1'
[7.074s] INFO:colcon.colcon_core.shell:Creating package descriptor '/home/strain-drone/Documents/drone_position_hold/ros2_ws/install/mocap4r2_vicon_driver/share/mocap4r2_vicon_driver/package.dsv'
[7.075s] INFO:colcon.colcon_core.shell:Creating package script '/home/strain-drone/Documents/drone_position_hold/ros2_ws/install/mocap4r2_vicon_driver/share/mocap4r2_vicon_driver/package.sh'
[7.079s] INFO:colcon.colcon_core.shell:Creating package script '/home/strain-drone/Documents/drone_position_hold/ros2_ws/install/mocap4r2_vicon_driver/share/mocap4r2_vicon_driver/package.bash'
[7.080s] INFO:colcon.colcon_core.shell:Creating package script '/home/strain-drone/Documents/drone_position_hold/ros2_ws/install/mocap4r2_vicon_driver/share/mocap4r2_vicon_driver/package.zsh'
[7.081s] Level 1:colcon.colcon_core.environment:create_file_with_runtime_dependencies(/home/strain-drone/Documents/drone_position_hold/ros2_ws/install/mocap4r2_vicon_driver/share/colcon-core/packages/mocap4r2_vicon_driver)
[7.082s] Level 1:colcon.colcon_core.environment:create_environment_scripts_only(mocap4r2_vicon_driver)
[7.082s] Level 1:colcon.colcon_core.environment:checking '/home/strain-drone/Documents/drone_position_hold/ros2_ws/install/mocap4r2_vicon_driver' for CMake module files
[7.083s] Level 1:colcon.colcon_core.environment:checking '/home/strain-drone/Documents/drone_position_hold/ros2_ws/install/mocap4r2_vicon_driver' for CMake config files
[7.083s] Level 1:colcon.colcon_core.shell:create_environment_hook('mocap4r2_vicon_driver', 'cmake_prefix_path')
[7.083s] INFO:colcon.colcon_core.shell:Creating environment hook '/home/strain-drone/Documents/drone_position_hold/ros2_ws/install/mocap4r2_vicon_driver/share/mocap4r2_vicon_driver/hook/cmake_prefix_path.ps1'
[7.084s] INFO:colcon.colcon_core.shell:Creating environment descriptor '/home/strain-drone/Documents/drone_position_hold/ros2_ws/install/mocap4r2_vicon_driver/share/mocap4r2_vicon_driver/hook/cmake_prefix_path.dsv'
[7.085s] INFO:colcon.colcon_core.shell:Creating environment hook '/home/strain-drone/Documents/drone_position_hold/ros2_ws/install/mocap4r2_vicon_driver/share/mocap4r2_vicon_driver/hook/cmake_prefix_path.sh'
[7.086s] Level 1:colcon.colcon_core.environment:checking '/home/strain-drone/Documents/drone_position_hold/ros2_ws/install/mocap4r2_vicon_driver/lib'
[7.086s] Level 1:colcon.colcon_core.shell:create_environment_hook('mocap4r2_vicon_driver', 'ld_library_path_lib')
[7.086s] INFO:colcon.colcon_core.shell:Creating environment hook '/home/strain-drone/Documents/drone_position_hold/ros2_ws/install/mocap4r2_vicon_driver/share/mocap4r2_vicon_driver/hook/ld_library_path_lib.ps1'
[7.087s] INFO:colcon.colcon_core.shell:Creating environment descriptor '/home/strain-drone/Documents/drone_position_hold/ros2_ws/install/mocap4r2_vicon_driver/share/mocap4r2_vicon_driver/hook/ld_library_path_lib.dsv'
[7.087s] INFO:colcon.colcon_core.shell:Creating environment hook '/home/strain-drone/Documents/drone_position_hold/ros2_ws/install/mocap4r2_vicon_driver/share/mocap4r2_vicon_driver/hook/ld_library_path_lib.sh'
[7.089s] Level 1:colcon.colcon_core.environment:checking '/home/strain-drone/Documents/drone_position_hold/ros2_ws/install/mocap4r2_vicon_driver/bin'
[7.089s] Level 1:colcon.colcon_core.environment:checking '/home/strain-drone/Documents/drone_position_hold/ros2_ws/install/mocap4r2_vicon_driver/lib/pkgconfig/mocap4r2_vicon_driver.pc'
[7.089s] Level 1:colcon.colcon_core.environment:checking '/home/strain-drone/Documents/drone_position_hold/ros2_ws/install/mocap4r2_vicon_driver/lib/python3.12/site-packages'
[7.089s] Level 1:colcon.colcon_core.environment:checking '/home/strain-drone/Documents/drone_position_hold/ros2_ws/install/mocap4r2_vicon_driver/bin'
[7.090s] INFO:colcon.colcon_core.shell:Creating package script '/home/strain-drone/Documents/drone_position_hold/ros2_ws/install/mocap4r2_vicon_driver/share/mocap4r2_vicon_driver/package.ps1'
[7.090s] INFO:colcon.colcon_core.shell:Creating package descriptor '/home/strain-drone/Documents/drone_position_hold/ros2_ws/install/mocap4r2_vicon_driver/share/mocap4r2_vicon_driver/package.dsv'
[7.091s] INFO:colcon.colcon_core.shell:Creating package script '/home/strain-drone/Documents/drone_position_hold/ros2_ws/install/mocap4r2_vicon_driver/share/mocap4r2_vicon_driver/package.sh'
[7.093s] INFO:colcon.colcon_core.shell:Creating package script '/home/strain-drone/Documents/drone_position_hold/ros2_ws/install/mocap4r2_vicon_driver/share/mocap4r2_vicon_driver/package.bash'
[7.094s] INFO:colcon.colcon_core.shell:Creating package script '/home/strain-drone/Documents/drone_position_hold/ros2_ws/install/mocap4r2_vicon_driver/share/mocap4r2_vicon_driver/package.zsh'
[7.095s] Level 1:colcon.colcon_core.environment:create_file_with_runtime_dependencies(/home/strain-drone/Documents/drone_position_hold/ros2_ws/install/mocap4r2_vicon_driver/share/colcon-core/packages/mocap4r2_vicon_driver)
[7.097s] Level 1:colcon.colcon_core.environment:create_environment_scripts_only(rqt_mocap4r2_control)
[7.098s] Level 1:colcon.colcon_core.environment:checking '/home/strain-drone/Documents/drone_position_hold/ros2_ws/install/rqt_mocap4r2_control' for CMake module files
[7.099s] DEBUG:colcon.colcon_core.event_handler.log_command:Invoked command in '/home/strain-drone/Documents/drone_position_hold/ros2_ws/build/rqt_mocap4r2_control' returned '0': CMAKE_PREFIX_PATH=/home/strain-drone/Documents/drone_position_hold/ros2_ws/install/mocap4r2_control:/home/strain-drone/Documents/drone_position_hold/ros2_ws/install/mocap4r2_control_msgs:/home/strain-drone/Documents/drone_position_hold/ros2_ws/install/rqt_mocap4r2_control:/home/strain-drone/Documents/drone_position_hold/ros2_ws/install/natnet_ros2:/home/strain-drone/Documents/drone_position_hold/ros2_ws/install/mocap4r2_vicon_driver:/home/strain-drone/Documents/drone_position_hold/ros2_ws/install/mocap4r2_robot_gt:/home/strain-drone/Documents/drone_position_hold/ros2_ws/install/mocap4r2_robot_gt_msgs:/home/strain-drone/Documents/drone_position_hold/ros2_ws/install/mocap4r2_marker_viz:/home/strain-drone/Documents/drone_position_hold/ros2_ws/install/mocap4r2_marker_publisher:/home/strain-drone/Documents/drone_position_hold/ros2_ws/install/mocap4r2_dummy_driver:/home/strain-drone/Documents/drone_position_hold/ros2_ws/install/mocap4r2_msgs:/home/strain-drone/Documents/drone_position_hold/ros2_ws/install/mocap4r2_marker_viz_srvs:/opt/ros/jazzy/opt/gz_math_vendor:/opt/ros/jazzy/opt/gz_utils_vendor:/opt/ros/jazzy/opt/gz_cmake_vendor:/home/strain-drone/Documents/drone_position_hold/ros2_ws/install/visualizer:/home/strain-drone/Documents/drone_position_hold/ros2_ws/install/position_publisher:/home/strain-drone/Documents/drone_position_hold/ros2_ws/install/mocap4r2cli:/home/strain-drone/Documents/drone_position_hold/ros2_ws/install/mavros_config:/opt/ros/jazzy DEBUGINFOD_URLS=https://debuginfod.ubuntu.com LD_LIBRARY_PATH=/home/strain-drone/Documents/drone_position_hold/ros2_ws/install/mocap4r2_control/lib:/home/strain-drone/Documents/drone_position_hold/ros2_ws/install/mocap4r2_control_msgs/lib:/home/strain-drone/Documents/drone_position_hold/ros2_ws/install/rqt_mocap4r2_control/lib:/home/strain-drone/Documents/drone_position_hold/ros2_ws/install/natnet_ros2/lib:/home/strain-drone/Documents/drone_position_hold/ros2_ws/install/mocap4r2_vicon_driver/lib:/home/strain-drone/Documents/drone_position_hold/ros2_ws/install/mocap4r2_robot_gt/lib:/home/strain-drone/Documents/drone_position_hold/ros2_ws/install/mocap4r2_robot_gt_msgs/lib:/home/strain-drone/Documents/drone_position_hold/ros2_ws/install/mocap4r2_msgs/lib:/home/strain-drone/Documents/drone_position_hold/ros2_ws/install/mocap4r2_marker_viz_srvs/lib:/opt/ros/jazzy/opt/rviz_ogre_vendor/lib:/opt/ros/jazzy/lib/aarch64-linux-gnu:/opt/ros/jazzy/opt/gz_math_vendor/lib:/opt/ros/jazzy/opt/gz_utils_vendor/lib:/opt/ros/jazzy/opt/gz_cmake_vendor/lib:/opt/ros/jazzy/lib:/home/strain-drone/Documents/drone_position_hold/ros2_ws/src/natnet_ros2/deps/NatNetSDK/lib PS1=(venv-ardupilot) \[\e]0;\u@\h: \w\a\]${debian_chroot:+($debian_chroot)}\[\033[01;32m\]\u@\h\[\033[00m\]:\[\033[01;34m\]\w\[\033[00m\]\$ PYTHONPATH=/home/strain-drone/Documents/drone_position_hold/ros2_ws/install/mocap4r2_control_msgs/lib/python3.12/site-packages:/home/strain-drone/Documents/drone_position_hold/ros2_ws/install/visualizer/lib/python3.12/site-packages:/home/strain-drone/Documents/drone_position_hold/ros2_ws/install/position_publisher/lib/python3.12/site-packages:/home/strain-drone/Documents/drone_position_hold/ros2_ws/install/natnet_ros2/lib/python3.12/site-packages:/home/strain-drone/Documents/drone_position_hold/ros2_ws/install/mocap4r2cli/lib/python3.12/site-packages:/home/strain-drone/Documents/drone_position_hold/ros2_ws/install/mocap4r2_robot_gt_msgs/lib/python3.12/site-packages:/home/strain-drone/Documents/drone_position_hold/ros2_ws/install/mocap4r2_msgs/lib/python3.12/site-packages:/home/strain-drone/Documents/drone_position_hold/ros2_ws/install/mocap4r2_marker_viz_srvs/lib/python3.12/site-packages:/home/strain-drone/Documents/drone_position_hold/ros2_ws/install/mavros_config/lib/python3.12/site-packages:/opt/ros/jazzy/lib/python3.12/site-packages VIRTUAL_ENV_PROMPT=(venv-ardupilot) /usr/bin/cmake --install /home/strain-drone/Documents/drone_position_hold/ros2_ws/build/rqt_mocap4r2_control
[7.099s] Level 1:colcon.colcon_core.environment:checking '/home/strain-drone/Documents/drone_position_hold/ros2_ws/install/rqt_mocap4r2_control' for CMake config files
[7.099s] Level 1:colcon.colcon_core.shell:create_environment_hook('rqt_mocap4r2_control', 'cmake_prefix_path')
[7.100s] INFO:colcon.colcon_core.shell:Creating environment hook '/home/strain-drone/Documents/drone_position_hold/ros2_ws/install/rqt_mocap4r2_control/share/rqt_mocap4r2_control/hook/cmake_prefix_path.ps1'
[7.100s] INFO:colcon.colcon_core.shell:Creating environment descriptor '/home/strain-drone/Documents/drone_position_hold/ros2_ws/install/rqt_mocap4r2_control/share/rqt_mocap4r2_control/hook/cmake_prefix_path.dsv'
[7.102s] INFO:colcon.colcon_core.shell:Creating environment hook '/home/strain-drone/Documents/drone_position_hold/ros2_ws/install/rqt_mocap4r2_control/share/rqt_mocap4r2_control/hook/cmake_prefix_path.sh'
[7.104s] Level 1:colcon.colcon_core.environment:checking '/home/strain-drone/Documents/drone_position_hold/ros2_ws/install/rqt_mocap4r2_control/lib'
[7.104s] Level 1:colcon.colcon_core.environment:checking '/home/strain-drone/Documents/drone_position_hold/ros2_ws/install/rqt_mocap4r2_control/bin'
[7.104s] Level 1:colcon.colcon_core.environment:checking '/home/strain-drone/Documents/drone_position_hold/ros2_ws/install/rqt_mocap4r2_control/lib/pkgconfig/rqt_mocap4r2_control.pc'
[7.104s] Level 1:colcon.colcon_core.environment:checking '/home/strain-drone/Documents/drone_position_hold/ros2_ws/install/rqt_mocap4r2_control/lib/python3.12/site-packages'
[7.104s] Level 1:colcon.colcon_core.environment:checking '/home/strain-drone/Documents/drone_position_hold/ros2_ws/install/rqt_mocap4r2_control/bin'
[7.105s] INFO:colcon.colcon_core.shell:Creating package script '/home/strain-drone/Documents/drone_position_hold/ros2_ws/install/rqt_mocap4r2_control/share/rqt_mocap4r2_control/package.ps1'
[7.105s] INFO:colcon.colcon_core.shell:Creating package descriptor '/home/strain-drone/Documents/drone_position_hold/ros2_ws/install/rqt_mocap4r2_control/share/rqt_mocap4r2_control/package.dsv'
[7.107s] INFO:colcon.colcon_core.shell:Creating package script '/home/strain-drone/Documents/drone_position_hold/ros2_ws/install/rqt_mocap4r2_control/share/rqt_mocap4r2_control/package.sh'
[7.108s] INFO:colcon.colcon_core.shell:Creating package script '/home/strain-drone/Documents/drone_position_hold/ros2_ws/install/rqt_mocap4r2_control/share/rqt_mocap4r2_control/package.bash'
[7.110s] INFO:colcon.colcon_core.shell:Creating package script '/home/strain-drone/Documents/drone_position_hold/ros2_ws/install/rqt_mocap4r2_control/share/rqt_mocap4r2_control/package.zsh'
[7.114s] Level 1:colcon.colcon_core.environment:create_file_with_runtime_dependencies(/home/strain-drone/Documents/drone_position_hold/ros2_ws/install/rqt_mocap4r2_control/share/colcon-core/packages/rqt_mocap4r2_control)
[7.115s] Level 1:colcon.colcon_core.environment:create_environment_scripts_only(rqt_mocap4r2_control)
[7.115s] Level 1:colcon.colcon_core.environment:checking '/home/strain-drone/Documents/drone_position_hold/ros2_ws/install/rqt_mocap4r2_control' for CMake module files
[7.116s] Level 1:colcon.colcon_core.environment:checking '/home/strain-drone/Documents/drone_position_hold/ros2_ws/install/rqt_mocap4r2_control' for CMake config files
[7.116s] Level 1:colcon.colcon_core.shell:create_environment_hook('rqt_mocap4r2_control', 'cmake_prefix_path')
[7.117s] INFO:colcon.colcon_core.shell:Creating environment hook '/home/strain-drone/Documents/drone_position_hold/ros2_ws/install/rqt_mocap4r2_control/share/rqt_mocap4r2_control/hook/cmake_prefix_path.ps1'
[7.117s] INFO:colcon.colcon_core.shell:Creating environment descriptor '/home/strain-drone/Documents/drone_position_hold/ros2_ws/install/rqt_mocap4r2_control/share/rqt_mocap4r2_control/hook/cmake_prefix_path.dsv'
[7.118s] INFO:colcon.colcon_core.shell:Creating environment hook '/home/strain-drone/Documents/drone_position_hold/ros2_ws/install/rqt_mocap4r2_control/share/rqt_mocap4r2_control/hook/cmake_prefix_path.sh'
[7.119s] Level 1:colcon.colcon_core.environment:checking '/home/strain-drone/Documents/drone_position_hold/ros2_ws/install/rqt_mocap4r2_control/lib'
[7.119s] Level 1:colcon.colcon_core.environment:checking '/home/strain-drone/Documents/drone_position_hold/ros2_ws/install/rqt_mocap4r2_control/bin'
[7.119s] Level 1:colcon.colcon_core.environment:checking '/home/strain-drone/Documents/drone_position_hold/ros2_ws/install/rqt_mocap4r2_control/lib/pkgconfig/rqt_mocap4r2_control.pc'
[7.119s] Level 1:colcon.colcon_core.environment:checking '/home/strain-drone/Documents/drone_position_hold/ros2_ws/install/rqt_mocap4r2_control/lib/python3.12/site-packages'
[7.120s] Level 1:colcon.colcon_core.environment:checking '/home/strain-drone/Documents/drone_position_hold/ros2_ws/install/rqt_mocap4r2_control/bin'
[7.120s] INFO:colcon.colcon_core.shell:Creating package script '/home/strain-drone/Documents/drone_position_hold/ros2_ws/install/rqt_mocap4r2_control/share/rqt_mocap4r2_control/package.ps1'
[7.121s] INFO:colcon.colcon_core.shell:Creating package descriptor '/home/strain-drone/Documents/drone_position_hold/ros2_ws/install/rqt_mocap4r2_control/share/rqt_mocap4r2_control/package.dsv'
[7.121s] INFO:colcon.colcon_core.shell:Creating package script '/home/strain-drone/Documents/drone_position_hold/ros2_ws/install/rqt_mocap4r2_control/share/rqt_mocap4r2_control/package.sh'
[7.122s] INFO:colcon.colcon_core.shell:Creating package script '/home/strain-drone/Documents/drone_position_hold/ros2_ws/install/rqt_mocap4r2_control/share/rqt_mocap4r2_control/package.bash'
[7.123s] INFO:colcon.colcon_core.shell:Creating package script '/home/strain-drone/Documents/drone_position_hold/ros2_ws/install/rqt_mocap4r2_control/share/rqt_mocap4r2_control/package.zsh'
[7.124s] Level 1:colcon.colcon_core.environment:create_file_with_runtime_dependencies(/home/strain-drone/Documents/drone_position_hold/ros2_ws/install/rqt_mocap4r2_control/share/colcon-core/packages/rqt_mocap4r2_control)
[7.542s] DEBUG:colcon.colcon_core.event_handler.log_command:Invoking command in '/home/strain-drone/Documents/drone_position_hold/ros2_ws/src/mocap4r2/mocap4r2cli': CMAKE_PREFIX_PATH=/home/strain-drone/Documents/drone_position_hold/ros2_ws/install/mocap4r2_control_msgs:/home/strain-drone/Documents/drone_position_hold/ros2_ws/install/rqt_mocap4r2_control:/home/strain-drone/Documents/drone_position_hold/ros2_ws/install/natnet_ros2:/home/strain-drone/Documents/drone_position_hold/ros2_ws/install/mocap4r2_vicon_driver:/home/strain-drone/Documents/drone_position_hold/ros2_ws/install/mocap4r2_robot_gt:/home/strain-drone/Documents/drone_position_hold/ros2_ws/install/mocap4r2_robot_gt_msgs:/home/strain-drone/Documents/drone_position_hold/ros2_ws/install/mocap4r2_marker_viz:/home/strain-drone/Documents/drone_position_hold/ros2_ws/install/mocap4r2_marker_publisher:/home/strain-drone/Documents/drone_position_hold/ros2_ws/install/mocap4r2_dummy_driver:/home/strain-drone/Documents/drone_position_hold/ros2_ws/install/mocap4r2_msgs:/home/strain-drone/Documents/drone_position_hold/ros2_ws/install/mocap4r2_marker_viz_srvs:/home/strain-drone/Documents/drone_position_hold/ros2_ws/install/mocap4r2_control:/opt/ros/jazzy/opt/gz_math_vendor:/opt/ros/jazzy/opt/gz_utils_vendor:/opt/ros/jazzy/opt/gz_cmake_vendor DEBUGINFOD_URLS=https://debuginfod.ubuntu.com LD_LIBRARY_PATH=/home/strain-drone/Documents/drone_position_hold/ros2_ws/install/mocap4r2_control_msgs/lib:/home/strain-drone/Documents/drone_position_hold/ros2_ws/install/rqt_mocap4r2_control/lib:/home/strain-drone/Documents/drone_position_hold/ros2_ws/install/natnet_ros2/lib:/home/strain-drone/Documents/drone_position_hold/ros2_ws/install/mocap4r2_vicon_driver/lib:/home/strain-drone/Documents/drone_position_hold/ros2_ws/install/mocap4r2_robot_gt/lib:/home/strain-drone/Documents/drone_position_hold/ros2_ws/install/mocap4r2_robot_gt_msgs/lib:/home/strain-drone/Documents/drone_position_hold/ros2_ws/install/mocap4r2_msgs/lib:/home/strain-drone/Documents/drone_position_hold/ros2_ws/install/mocap4r2_marker_viz_srvs/lib:/home/strain-drone/Documents/drone_position_hold/ros2_ws/install/mocap4r2_control/lib:/opt/ros/jazzy/opt/rviz_ogre_vendor/lib:/opt/ros/jazzy/lib/aarch64-linux-gnu:/opt/ros/jazzy/opt/gz_math_vendor/lib:/opt/ros/jazzy/opt/gz_utils_vendor/lib:/opt/ros/jazzy/opt/gz_cmake_vendor/lib:/opt/ros/jazzy/lib:/home/strain-drone/Documents/drone_position_hold/ros2_ws/src/natnet_ros2/deps/NatNetSDK/lib PS1=(venv-ardupilot) \[\e]0;\u@\h: \w\a\]${debian_chroot:+($debian_chroot)}\[\033[01;32m\]\u@\h\[\033[00m\]:\[\033[01;34m\]\w\[\033[00m\]\$ PYTHONPATH=/home/strain-drone/Documents/drone_position_hold/ros2_ws/build/mocap4r2cli/prefix_override:/usr/lib/python3/dist-packages/colcon_core/task/python/colcon_distutils_commands:/home/strain-drone/Documents/drone_position_hold/ros2_ws/install/mocap4r2cli/lib/python3.12/site-packages:/home/strain-drone/Documents/drone_position_hold/ros2_ws/install/mocap4r2_control_msgs/lib/python3.12/site-packages:/home/strain-drone/Documents/drone_position_hold/ros2_ws/install/visualizer/lib/python3.12/site-packages:/home/strain-drone/Documents/drone_position_hold/ros2_ws/install/position_publisher/lib/python3.12/site-packages:/home/strain-drone/Documents/drone_position_hold/ros2_ws/install/natnet_ros2/lib/python3.12/site-packages:/home/strain-drone/Documents/drone_position_hold/ros2_ws/install/mocap4r2cli/lib/python3.12/site-packages:/home/strain-drone/Documents/drone_position_hold/ros2_ws/install/mocap4r2_robot_gt_msgs/lib/python3.12/site-packages:/home/strain-drone/Documents/drone_position_hold/ros2_ws/install/mocap4r2_msgs/lib/python3.12/site-packages:/home/strain-drone/Documents/drone_position_hold/ros2_ws/install/mocap4r2_marker_viz_srvs/lib/python3.12/site-packages:/home/strain-drone/Documents/drone_position_hold/ros2_ws/install/mavros_config/lib/python3.12/site-packages:/opt/ros/jazzy/lib/python3.12/site-packages VIRTUAL_ENV_PROMPT=(venv-ardupilot) /usr/bin/python3 -W ignore:setup.py install is deprecated -W ignore:easy_install command is deprecated setup.py egg_info --egg-base ../../../build/mocap4r2cli build --build-base /home/strain-drone/Documents/drone_position_hold/ros2_ws/build/mocap4r2cli/build install --record /home/strain-drone/Documents/drone_position_hold/ros2_ws/build/mocap4r2cli/install.log --single-version-externally-managed install_data
[8.329s] Level 1:colcon.colcon_core.environment:checking '/home/strain-drone/Documents/drone_position_hold/ros2_ws/install/mocap4r2cli' for CMake module files
[8.329s] DEBUG:colcon.colcon_core.event_handler.log_command:Invoked command in '/home/strain-drone/Documents/drone_position_hold/ros2_ws/src/mocap4r2/mocap4r2cli' returned '0': CMAKE_PREFIX_PATH=/home/strain-drone/Documents/drone_position_hold/ros2_ws/install/mocap4r2_control_msgs:/home/strain-drone/Documents/drone_position_hold/ros2_ws/install/rqt_mocap4r2_control:/home/strain-drone/Documents/drone_position_hold/ros2_ws/install/natnet_ros2:/home/strain-drone/Documents/drone_position_hold/ros2_ws/install/mocap4r2_vicon_driver:/home/strain-drone/Documents/drone_position_hold/ros2_ws/install/mocap4r2_robot_gt:/home/strain-drone/Documents/drone_position_hold/ros2_ws/install/mocap4r2_robot_gt_msgs:/home/strain-drone/Documents/drone_position_hold/ros2_ws/install/mocap4r2_marker_viz:/home/strain-drone/Documents/drone_position_hold/ros2_ws/install/mocap4r2_marker_publisher:/home/strain-drone/Documents/drone_position_hold/ros2_ws/install/mocap4r2_dummy_driver:/home/strain-drone/Documents/drone_position_hold/ros2_ws/install/mocap4r2_msgs:/home/strain-drone/Documents/drone_position_hold/ros2_ws/install/mocap4r2_marker_viz_srvs:/home/strain-drone/Documents/drone_position_hold/ros2_ws/install/mocap4r2_control:/opt/ros/jazzy/opt/gz_math_vendor:/opt/ros/jazzy/opt/gz_utils_vendor:/opt/ros/jazzy/opt/gz_cmake_vendor DEBUGINFOD_URLS=https://debuginfod.ubuntu.com LD_LIBRARY_PATH=/home/strain-drone/Documents/drone_position_hold/ros2_ws/install/mocap4r2_control_msgs/lib:/home/strain-drone/Documents/drone_position_hold/ros2_ws/install/rqt_mocap4r2_control/lib:/home/strain-drone/Documents/drone_position_hold/ros2_ws/install/natnet_ros2/lib:/home/strain-drone/Documents/drone_position_hold/ros2_ws/install/mocap4r2_vicon_driver/lib:/home/strain-drone/Documents/drone_position_hold/ros2_ws/install/mocap4r2_robot_gt/lib:/home/strain-drone/Documents/drone_position_hold/ros2_ws/install/mocap4r2_robot_gt_msgs/lib:/home/strain-drone/Documents/drone_position_hold/ros2_ws/install/mocap4r2_msgs/lib:/home/strain-drone/Documents/drone_position_hold/ros2_ws/install/mocap4r2_marker_viz_srvs/lib:/home/strain-drone/Documents/drone_position_hold/ros2_ws/install/mocap4r2_control/lib:/opt/ros/jazzy/opt/rviz_ogre_vendor/lib:/opt/ros/jazzy/lib/aarch64-linux-gnu:/opt/ros/jazzy/opt/gz_math_vendor/lib:/opt/ros/jazzy/opt/gz_utils_vendor/lib:/opt/ros/jazzy/opt/gz_cmake_vendor/lib:/opt/ros/jazzy/lib:/home/strain-drone/Documents/drone_position_hold/ros2_ws/src/natnet_ros2/deps/NatNetSDK/lib PS1=(venv-ardupilot) \[\e]0;\u@\h: \w\a\]${debian_chroot:+($debian_chroot)}\[\033[01;32m\]\u@\h\[\033[00m\]:\[\033[01;34m\]\w\[\033[00m\]\$ PYTHONPATH=/home/strain-drone/Documents/drone_position_hold/ros2_ws/build/mocap4r2cli/prefix_override:/usr/lib/python3/dist-packages/colcon_core/task/python/colcon_distutils_commands:/home/strain-drone/Documents/drone_position_hold/ros2_ws/install/mocap4r2cli/lib/python3.12/site-packages:/home/strain-drone/Documents/drone_position_hold/ros2_ws/install/mocap4r2_control_msgs/lib/python3.12/site-packages:/home/strain-drone/Documents/drone_position_hold/ros2_ws/install/visualizer/lib/python3.12/site-packages:/home/strain-drone/Documents/drone_position_hold/ros2_ws/install/position_publisher/lib/python3.12/site-packages:/home/strain-drone/Documents/drone_position_hold/ros2_ws/install/natnet_ros2/lib/python3.12/site-packages:/home/strain-drone/Documents/drone_position_hold/ros2_ws/install/mocap4r2cli/lib/python3.12/site-packages:/home/strain-drone/Documents/drone_position_hold/ros2_ws/install/mocap4r2_robot_gt_msgs/lib/python3.12/site-packages:/home/strain-drone/Documents/drone_position_hold/ros2_ws/install/mocap4r2_msgs/lib/python3.12/site-packages:/home/strain-drone/Documents/drone_position_hold/ros2_ws/install/mocap4r2_marker_viz_srvs/lib/python3.12/site-packages:/home/strain-drone/Documents/drone_position_hold/ros2_ws/install/mavros_config/lib/python3.12/site-packages:/opt/ros/jazzy/lib/python3.12/site-packages VIRTUAL_ENV_PROMPT=(venv-ardupilot) /usr/bin/python3 -W ignore:setup.py install is deprecated -W ignore:easy_install command is deprecated setup.py egg_info --egg-base ../../../build/mocap4r2cli build --build-base /home/strain-drone/Documents/drone_position_hold/ros2_ws/build/mocap4r2cli/build install --record /home/strain-drone/Documents/drone_position_hold/ros2_ws/build/mocap4r2cli/install.log --single-version-externally-managed install_data
[8.330s] Level 1:colcon.colcon_core.environment:checking '/home/strain-drone/Documents/drone_position_hold/ros2_ws/install/mocap4r2cli' for CMake config files
[8.331s] Level 1:colcon.colcon_core.environment:checking '/home/strain-drone/Documents/drone_position_hold/ros2_ws/install/mocap4r2cli/lib'
[8.331s] Level 1:colcon.colcon_core.environment:checking '/home/strain-drone/Documents/drone_position_hold/ros2_ws/install/mocap4r2cli/bin'
[8.331s] Level 1:colcon.colcon_core.environment:checking '/home/strain-drone/Documents/drone_position_hold/ros2_ws/install/mocap4r2cli/lib/pkgconfig/mocap4r2cli.pc'
[8.331s] Level 1:colcon.colcon_core.environment:checking '/home/strain-drone/Documents/drone_position_hold/ros2_ws/install/mocap4r2cli/lib/python3.12/site-packages'
[8.331s] Level 1:colcon.colcon_core.shell:create_environment_hook('mocap4r2cli', 'pythonpath')
[8.332s] INFO:colcon.colcon_core.shell:Creating environment hook '/home/strain-drone/Documents/drone_position_hold/ros2_ws/install/mocap4r2cli/share/mocap4r2cli/hook/pythonpath.ps1'
[8.332s] INFO:colcon.colcon_core.shell:Creating environment descriptor '/home/strain-drone/Documents/drone_position_hold/ros2_ws/install/mocap4r2cli/share/mocap4r2cli/hook/pythonpath.dsv'
[8.334s] INFO:colcon.colcon_core.shell:Creating environment hook '/home/strain-drone/Documents/drone_position_hold/ros2_ws/install/mocap4r2cli/share/mocap4r2cli/hook/pythonpath.sh'
[8.336s] Level 1:colcon.colcon_core.environment:checking '/home/strain-drone/Documents/drone_position_hold/ros2_ws/install/mocap4r2cli/bin'
[8.336s] Level 1:colcon.colcon_core.environment:create_environment_scripts_only(mocap4r2cli)
[8.336s] INFO:colcon.colcon_core.shell:Creating package script '/home/strain-drone/Documents/drone_position_hold/ros2_ws/install/mocap4r2cli/share/mocap4r2cli/package.ps1'
[8.337s] INFO:colcon.colcon_core.shell:Creating package descriptor '/home/strain-drone/Documents/drone_position_hold/ros2_ws/install/mocap4r2cli/share/mocap4r2cli/package.dsv'
[8.338s] INFO:colcon.colcon_core.shell:Creating package script '/home/strain-drone/Documents/drone_position_hold/ros2_ws/install/mocap4r2cli/share/mocap4r2cli/package.sh'
[8.342s] INFO:colcon.colcon_core.shell:Creating package script '/home/strain-drone/Documents/drone_position_hold/ros2_ws/install/mocap4r2cli/share/mocap4r2cli/package.bash'
[8.343s] INFO:colcon.colcon_core.shell:Creating package script '/home/strain-drone/Documents/drone_position_hold/ros2_ws/install/mocap4r2cli/share/mocap4r2cli/package.zsh'
[8.344s] Level 1:colcon.colcon_core.environment:create_file_with_runtime_dependencies(/home/strain-drone/Documents/drone_position_hold/ros2_ws/install/mocap4r2cli/share/colcon-core/packages/mocap4r2cli)
[8.345s] DEBUG:colcon.colcon_parallel_executor.executor.parallel:closing loop
[8.345s] DEBUG:colcon.colcon_parallel_executor.executor.parallel:loop closed
[8.345s] DEBUG:colcon.colcon_parallel_executor.executor.parallel:run_until_complete finished with '0'
[8.345s] DEBUG:colcon.colcon_core.event_reactor:joining thread
[8.355s] INFO:colcon.colcon_core.plugin_system:Skipping extension 'colcon_notification.desktop_notification.terminal_notifier': Not used on non-Darwin systems
[8.355s] INFO:colcon.colcon_core.plugin_system:Skipping extension 'colcon_notification.desktop_notification.win32': Not used on non-Windows systems
[8.355s] INFO:colcon.colcon_notification.desktop_notification:Sending desktop notification using 'notify2'
[8.502s] DEBUG:colcon.colcon_core.event_reactor:joined thread
[8.503s] INFO:colcon.colcon_core.shell:Creating prefix script '/home/strain-drone/Documents/drone_position_hold/ros2_ws/install/local_setup.ps1'
[8.504s] INFO:colcon.colcon_core.shell:Creating prefix util module '/home/strain-drone/Documents/drone_position_hold/ros2_ws/install/_local_setup_util_ps1.py'
[8.506s] INFO:colcon.colcon_core.shell:Creating prefix chain script '/home/strain-drone/Documents/drone_position_hold/ros2_ws/install/setup.ps1'
[8.508s] INFO:colcon.colcon_core.shell:Creating prefix script '/home/strain-drone/Documents/drone_position_hold/ros2_ws/install/local_setup.sh'
[8.509s] INFO:colcon.colcon_core.shell:Creating prefix util module '/home/strain-drone/Documents/drone_position_hold/ros2_ws/install/_local_setup_util_sh.py'
[8.510s] INFO:colcon.colcon_core.shell:Creating prefix chain script '/home/strain-drone/Documents/drone_position_hold/ros2_ws/install/setup.sh'
[8.512s] INFO:colcon.colcon_core.shell:Creating prefix script '/home/strain-drone/Documents/drone_position_hold/ros2_ws/install/local_setup.bash'
[8.514s] INFO:colcon.colcon_core.shell:Creating prefix chain script '/home/strain-drone/Documents/drone_position_hold/ros2_ws/install/setup.bash'
[8.516s] INFO:colcon.colcon_core.shell:Creating prefix script '/home/strain-drone/Documents/drone_position_hold/ros2_ws/install/local_setup.zsh'
[8.517s] INFO:colcon.colcon_core.shell:Creating prefix chain script '/home/strain-drone/Documents/drone_position_hold/ros2_ws/install/setup.zsh'
